aa_motif,AA,AC,AG,AT,CA,CC,CG,CT,GA,GC,GG,GT,TA,TC,TG,TT
AA,1.842952596920285,1.3368207151262708,1.6513667657442168,1.3575648004417495,2.5529171571836415,0.6018196521073707,0.45158309961105,1.0926586129582752,2.026050291653407,1.8521318995474894,1.344445493066776,1.6678633775793583,1.5730102312330316,1.5297220581415851,1.8721606602154754,3.395731551284148
AC,0.0,0.3868643144431728,0.708303336014054,1.354025100551105,0.9036024181047274,0.5312275020105406,1.1090354888959124,0.27465307216702745,0.6306804786429454,0.6777018135785455,0.6018196521073707,0.5589896617418914,0.9591581091193483,0.648636716351771,0.7404898911500453,0.6516193076042964
AD,2.3509070164107744,1.6025273620930682,0.6412373393653842,1.8270396897336403,0.5070518255391275,0.8873406946934732,0.26401323027336704,1.5936825060316215,1.4335624767294521,0.2006065507024569,0.8873406946934732,0.44157749333690227,1.1090354888959124,2.1249100080421623,0.7480158688579737,0.9729550745276566
AE,0.3009098260536853,0.5373143022419374,0.827902349286925,0.6090132299112135,0.9617346885316803,0.591208629541729,0.3520176403644894,2.742188396435224,0.5675571268077997,2.280458866980109,0.8679989965761336,1.9430787752918444,0.5802964716647593,0.6707875940902697,2.653190810879283,2.6972763880243367
AF,0.24052113071331957,1.4809797823000905,0.4182762425281663,1.1295030226309093,0.9671607861079322,0.9131472152896706,0.7126123218020795,1.4719249777896741,1.2823129180422406,1.4753180863979252,0.24801340127511465,0.10238625538446028,1.065582853203198,1.3601749448923126,1.1009111771628113,1.5936825060316215
AG,1.4533731205289175,0.9617346885316803,1.4960317377159473,1.416606672028108,1.4787139851945499,1.6503504299046314,0.33539379704513483,0.8012636810465341,1.842952596920285,0.7480158688579737,0.6522480109211932,1.0689247459563405,0.9133567313170269,0.5887699911158697,1.7837509699673704,0.5675199160175287
AH,0.9591581091193483,2.212103917971477,0.3153402393214727,0.0,2.6484262747484673,1.8521318995474894,3.695916094760866,3.435829540573952,2.244047606573921,3.4398459902645824,1.4321242589078966,1.7353713060614113,1.1295030226309093,2.9155479968499836,3.235339486319252,4.136464341373298
AI,0.41182989477743526,2.5066474420887053,0.22893248029900976,1.5246746883313111,1.1054100279471115,2.517702741949827,0.6021107994813999,0.9027294781610561,1.0027894097833427,2.0809063587309384,2.603312847988357,0.42756739308124764,2.0477251076892053,1.2036393042147413,1.3310213199979837,1.9430787752918444
AK,1.2824746787307684,1.6025273620930682,1.433407575382444,0.9460207179644181,1.766309973347609,0.9460207179644181,0.5364793041447,1.8527920366854067,1.179757673424774,1.2435862814405005,1.6833288888528806,1.4960317377159473,1.5222612188617115,1.2395308380245946,1.5133864427134096,2.210820055894223
AL,1.1621305054651259,1.9925207080457692,2.155188430891384,2.077876466416837,2.456131350774152,1.6934718984625565,1.5302169442268656,2.6942592400435323,1.453364965404428,2.3649547711026373,2.4180362030751636,1.002413223670411,2.2018223543256226,2.5623577217969555,1.999188321395609,3.20945234713043
AM,0.0,1.6785266909588594,1.4387371636790223,0.5493061443340549,0.9591581091193483,0.40235947810852507,0.5941261547656673,1.3732653608351373,0.3243183581758855,1.0750556815368328,0.29706307738283366,1.6215917908794277,1.4853153869141684,0.648636716351771,1.023371152441798,1.6215917908794277
AN,0.6777018135785455,1.8822430913767483,1.1107348367250678,1.218026459822427,2.9999448131269415,1.4431267842799174,0.8800441009112234,1.530196813003852,1.1350398320350574,2.238117666122698,1.0829601610271116,0.928393016676077,2.1277537294374507,1.3601749448923126,2.449336618415449,3.360708360447092
AP,1.1729147536877336,0.6013028267832989,1.1054100279471115,1.1605929433295186,0.21374577978846138,1.2178089750893693,1.3247324800107068,1.218026459822427,1.683647914993237,0.8853791700175675,1.7102695723249906,2.0117973905426254,0.648636716351771,0.9591581091193483,1.7592400249976667,1.87024054922693
AQ,0.9672337744537227,2.8922855101023526,1.2026056535665979,1.354025100551105,3.0280269804991176,1.9430787752918444,1.1401797148833273,1.6043947641584313,1.140866607463037,1.87024054922693,1.0238625538446027,1.1107348367250678,0.4518012090523637,1.065582853203198,0.9133567313170269,1.9344675489074454
AR,3.660933644157926,3.240906251570924,2.964986432818701,2.4141568686511503,1.8575196420290676,4.087931009759047,3.1974029238897415,2.7847624476014743,4.072430318449457,0.9060257685103575,3.1380197977899122,2.6715554568216473,1.945926082541583,3.0338137593116232,2.0818701163841187,2.71056303317919
AS,2.612006021136812,1.3419219812342584,1.3879134109227458,1.7169936022425731,1.6003493659460941,3.4947740843833146,0.3300700859809263,2.6715554568216473,2.1082156924727036,1.7374435949383846,3.768497777924338,1.6539818190561781,1.0926586129582752,1.3415751881805393,1.901436076442546,1.701495290432802
AT,0.0,1.0061813911354045,0.6555951677749651,1.4335624767294521,1.030196161345544,1.625823731239755,1.4506835837978906,0.48104226142663914,1.0729586082894,0.49419587373292223,0.6939567054613729,1.1350398320350574,1.530196813003852,0.8290575209603337,0.8508091992197988,1.2161938431595707
AV,1.0707577264213317,2.012362782270809,1.1641809881908647,1.1295030226309093,1.6048524056196551,3.2527103247578704,1.254828727584499,2.3005060878186407,0.7480158688579737,0.9883917474658445,0.601422782863287,1.578268128349331,1.530196813003852,0.7737286288863456,1.5073204168635475,1.3593977882165404
AW,2.049711555589573,1.974639709733454,0.7737286288863456,1.3862943611198906,0.9671607861079322,0.44157749333690227,0.0,2.823364637065122,0.891189232148501,1.7102695723249906,0.0,0.6543197731480977,1.3732653608351373,1.3732653608351373,0.0,3.747366209491414
AY,0.2558427881104495,2.42288189412707,0.49073982986107334,0.9671607861079322,0.708303336014054,3.087818492743591,0.5700898574416636,0.354151668007027,0.7611306094308558,1.6357994328702448,2.9554749509908587,0.511685576220899,2.131165706406396,2.402910225941144,0.6543197731480977,0.5802964716647593
CA,2.42288189412707,1.5840793816402023,0.5887699911158697,0.6931471805599453,0.2850449287208318,0.6412373393653842,0.0,0.7675283643313486,1.4962204585192298,0.134119826036175,0.2763525069867779,0.7480158688579737,0.5493061443340549,0.9036024181047274,0.8873406946934732,0.3044522437723423
CC,0.0,1.1295030226309093,1.023371152441798,1.3862943611198906,0.0,0.0,1.354025100551105,0.0,2.049711555589573,0.27465307216702745,2.1249100080421623,0.7737286288863456,0.0,0.0,1.6744873407478829,0.716703787691222
CD,0.8047189562170501,1.2070784343255752,0.0,0.0,0.0,0.5493061443340549,1.0986122886681098,0.8047189562170501,0.9729550745276566,0.5493061443340549,0.812017639881618,0.6306804786429454,0.0,0.5493061443340549,0.7883505983036818,0.6543197731480977
CE,0.891189232148501,1.355403627157091,1.1054100279471115,0.27465307216702745,0.406008819940809,0.0,0.29706307738283366,0.7675283643313486,0.9241962407465937,0.3243183581758855,0.2006065507024569,0.8024262028098276,1.2792139405522478,0.716703787691222,0.43706344518331003,1.065582853203198
CF,0.7193685818395111,0.9729550745276566,0.22590060452618185,0.40235947810852507,0.40235947810852507,0.716703787691222,1.3862943611198906,0.6931471805599453,0.5941261547656673,0.46209812037329684,0.7675283643313486,0.7675283643313486,0.8239592165010823,0.648636716351771,0.46209812037329684,0.891189232148501
CG,0.0,0.0,0.8501093405576955,0.29706307738283366,1.1882523095313346,0.5941261547656673,0.716703787691222,0.0,0.6800874724461563,0.8239592165010823,0.4558133680833376,0.21853172259165501,0.0,0.40235947810852507,0.34339872044851466,0.0
CH,0.9241962407465937,0.9241962407465937,0.891189232148501,0.0,0.40235947810852507,0.0,1.2070784343255752,0.0,0.7675283643313486,0.6931471805599453,2.351203577673075,0.0,0.0,0.0,0.0,0.0
CI,0.0,0.5493061443340549,0.5941261547656673,1.0750556815368328,1.297273432703542,0.648636716351771,0.9729550745276566,0.0,1.4853153869141684,1.0986122886681098,0.891189232148501,0.0,0.0,0.40235947810852507,0.648636716351771,0.5493061443340549
CK,1.740889414994278,1.4787139851945499,1.0201312086692347,1.2070784343255752,0.9591581091193483,0.1770758340035135,0.5493061443340549,1.2824746787307684,1.1090354888959124,1.6479184330021646,0.8501093405576955,1.1605929433295186,0.7675283643313486,0.40235947810852507,1.068728898942307,0.46209812037329684
CL,0.891189232148501,1.1605929433295186,0.708303336014054,1.4853153869141684,1.416606672028108,1.1295030226309093,0.0,0.9036024181047274,0.1770758340035135,0.708303336014054,0.07219734406847411,0.4325752829284454,1.1295030226309093,0.511685576220899,0.18232534723333504,0.4936599274333635
CM,0.0,1.0986122886681098,0.0,0.0,0.0,0.0,0.6931471805599453,0.0,0.0,0.0,0.0,0.0,0.6931471805599453,0.0,0.0,0.0
CN,0.716703787691222,1.1605929433295186,0.0,0.5493061443340549,0.648636716351771,1.0750556815368328,1.1989476363991853,0.46209812037329684,0.0,0.46209812037329684,1.1605929433295186,1.0986122886681098,0.7675283643313486,0.0,0.8047189562170501,0.7193685818395111
CP,0.0,0.716703787691222,0.5941261547656673,0.0,0.0,0.0,0.23978952727983707,0.0,0.5941261547656673,0.0,0.0,0.0,0.40235947810852507,0.0,0.0,0.0
CQ,2.2330485096744495,2.207381675250309,0.891189232148501,0.0,0.27465307216702745,0.29706307738283366,0.0,0.2558427881104495,1.0986122886681098,0.0,0.5941261547656673,0.9241962407465937,0.0,0.0,0.5493061443340549,0.0
CR,1.4210308697928313,1.4210308697928313,2.3456533666635555,0.0,0.6412373393653842,0.0,0.46209812037329684,1.218026459822427,2.1265392627313178,0.9036024181047274,0.8873406946934732,1.4719249777896741,1.2792139405522478,0.8047189562170501,1.1605929433295186,1.770758340035135
CS,0.9241962407465937,0.9591581091193483,0.6705991301808751,0.40235947810852507,0.6800874724461563,0.8239592165010823,0.5941261547656673,0.46209812037329684,0.8853791700175675,0.891189232148501,0.42749155957692275,0.0,0.0,1.3862943611198906,0.716703787691222,0.0
CT,0.812017639881618,0.6412373393653842,0.0,0.3243183581758855,0.891189232148501,0.3294639158219482,0.5100656043346173,0.358351893845611,0.7737286288863456,0.0,0.4182762425281663,0.6777018135785455,0.29706307738283366,0.0,0.6412373393653842,0.47957905455967414
CV,0.0,0.0,0.0,0.0,0.0,0.0,0.511685576220899,0.5493061443340549,0.0,0.0,0.0,1.4387371636790223,0.9036024181047274,0.0,0.891189232148501,1.5350567286626973
CW,0.0,0.0,0.0,0.0,0.0,0.0,0.0,0.0,0.0,0.0,0.0,0.0,0.0,0.0,0.0,0.0
CY,1.6479184330021646,1.740889414994278,1.355403627157091,1.0986122886681098,0.708303336014054,0.8047189562170501,1.2395308380245946,0.0,2.355079964463479,0.0,1.6479184330021646,1.1989476363991853,0.0,0.0,1.2824746787307684,1.433407575382444
DA,0.5545177444479562,2.348996309387612,0.5723312007475243,1.3601749448923126,0.47957905455967414,1.5073204168635475,0.7193685818395111,0.8549831191538455,1.3032386152085929,1.0555440149986,1.7797517417581439,1.523310357079001,1.8267134626340538,0.6090132299112135,0.9297044043721006,2.0918349098372264
DC,1.0750556815368328,0.40235947810852507,0.0,0.40235947810852507,0.0,0.0,0.0,0.0,0.0,0.0,0.0,0.0,0.5493061443340549,0.0,0.40235947810852507,0.0
DD,0.6306804786429454,1.5638863382503114,1.065582853203198,1.2938747370452313,0.7193685818395111,2.77245107152974,0.9814796597221467,0.16357994328702444,1.2297772558321611,1.9789395845202251,3.240420276439896,0.7215633921399587,1.7908995167731467,0.7675283643313486,1.7278097460167723,1.3247324800107068
DE,2.344884655308477,0.708303336014054,1.030347484452772,0.23978952727983707,0.648636716351771,0.5675199160175287,0.7393569925972749,0.9671607861079322,0.8551347861624953,1.1882523095313346,0.5675199160175287,0.1934321572215864,1.1450596030091713,0.5312275020105406,0.0,0.23978952727983707
DF,1.4746970917809672,2.097396162891768,1.1140716200112923,1.4431267842799174,0.8418239574966185,3.260380497815501,0.8525359754082631,0.5723312007475243,0.4325752829284454,1.6765812880406339,0.28941064269577205,0.5864133416658889,2.0980546915917953,1.3178556632877927,0.9214762984601425,0.5723312007475243
DG,1.2613609572858908,1.2026056535665979,1.856786033352154,1.700218681115391,2.4072786084294826,0.33412376825738166,0.8918754849836852,2.1371881967370676,1.4720319735891594,2.0763613580565377,1.1447952508129382,1.5840793816402023,1.4719249777896741,1.3700350969755404,2.428384612930781,3.7146210357074323
DH,1.433407575382444,1.2070784343255752,0.8047189562170501,0.0,0.9729550745276566,0.9729550745276566,0.7193685818395111,0.0,1.023371152441798,0.0,0.358351893845611,0.29706307738283366,0.0,0.9729550745276566,0.0,0.0
DI,1.7910476741397916,2.070444511705782,2.9334275681064113,0.7126123218020795,2.1520863402174384,2.4417428539165966,0.49419587373292223,2.601187679732959,1.179726399284334,1.1452765135246505,3.510483148645936,1.3862943611198904,1.4880611219435633,2.462936034996733,1.702559748052586,2.181512444500744
DK,1.2026056535665979,2.6815371507177446,2.0419420781275175,1.8527920366854067,2.637035480753217,1.3186074725126546,1.1728266833317778,1.1446624014950486,2.135303938354977,1.3075917146550362,0.7280896991489051,2.007082020283334,2.359515346849548,1.3943925202326009,0.9338204453678933,2.96898379718913
DL,0.5527050139735558,0.8873406946934732,0.836988609067404,1.945926082541583,1.0238625538446027,1.495764217997422,0.9680485110023459,0.7036960099990667,1.1951402852827109,1.4707559619567143,2.0423684397699895,1.3044960218423864,1.3700350969755404,0.7215633921399587,1.353481003515473,1.536952463735239
DM,0.29706307738283366,0.3243183581758855,0.648636716351771,0.716703787691222,0.40235947810852507,0.716703787691222,0.46209812037329684,0.3243183581758855,0.716703787691222,0.716703787691222,1.068728898942307,0.0,0.0,0.9729550745276566,0.5493061443340549,0.358351893845611
DN,2.2590060452618186,1.624035279763236,1.4753180863979252,0.9591581091193483,1.4335624767294521,1.9135024711265767,1.0150220498520226,1.4962204585192298,1.3601749448923126,1.709966238307691,2.195950273272873,2.02820730215651,2.030044099704045,1.770758340035135,2.207381675250309,1.709966238307691
DP,0.6412373393653842,1.1054100279471115,1.6043947641584313,1.9237120180961527,0.8501093405576955,0.836988609067404,0.6412373393653842,0.5312275020105406,1.6048524056196551,0.6543197731480977,0.5021931654404423,0.7737286288863456,1.0150220498520226,1.1989476363991853,0.511685576220899,1.4787139851945499
DQ,1.068728898942307,0.891189232148501,0.6412373393653842,0.0,0.9241962407465937,0.0,0.40235947810852507,0.9241962407465937,0.891189232148501,0.0,1.068728898942307,1.416606672028108,0.0,0.5493061443340549,1.0624550040210812,0.7675283643313486
DR,2.0477251076892053,2.1853172259165503,1.5211554766173827,1.023371152441798,0.8639048730083861,2.284950741776536,1.3817625349338893,1.9789395845202251,1.7435577384702752,1.4335624767294521,1.5900794996216407,1.2273548491640598,1.6769689852256742,1.1090354888959124,1.5133864427134096,0.8209786783322445
DS,0.6806473593758392,2.182651648120075,0.7412938105993834,0.5802964716647593,1.701495290432802,0.5265136051733041,0.6806473593758392,1.9294567188156342,1.297273432703542,2.217643237132057,1.1417023032909284,0.8651505658568908,0.7126123218020795,1.3111903355499301,1.5013208912992615,1.4808837521634388
DT,1.4719249777896741,0.42756739308124764,0.9460207179644181,1.1605929433295186,1.2178089750893693,1.2178089750893693,0.8047189562170501,0.7737286288863456,2.0303287869002142,0.8418239574966185,1.030347484452772,1.1401797148833273,0.6412373393653842,1.8072048362094548,0.7883505983036818,1.6581150419206674
DV,0.36078169606997934,0.7193685818395111,0.6411564590211203,1.1401797148833273,0.29706307738283366,0.4849947008557242,0.48104226142663914,0.42756739308124764,1.1911328789077185,0.8918754849836852,1.8300866584936142,0.626866685948927,0.5312275020105406,0.4936599274333635,1.1350398320350574,0.9027294781610561
DW,0.6931471805599453,0.0,0.29706307738283366,0.0,0.5493061443340549,0.358351893845611,0.40235947810852507,0.0,0.2558427881104495,0.648636716351771,1.354025100551105,0.5493061443340549,0.0,0.0,0.6931471805599453,0.0
DY,3.1267746992731547,2.1371881967370676,1.4335624767294521,0.0,1.6479184330021646,0.6800874724461563,0.5545177444479562,0.0,2.4356179501787385,0.7193685818395111,3.4505549776606506,2.904145533007038,0.0,1.3732653608351373,2.7180773055310725,2.4682996371668176
EA,0.9388387822532253,2.290553027049301,0.32779758388748254,0.812017639881618,2.1628764146422275,3.2492243983223665,2.077876466416837,3.196015253513847,1.4461427550511763,0.09640951700341174,0.042813910921021214,0.26064772304171857,0.42749155957692275,0.26823965207235,0.2949394183561935,2.290553027049301
EC,0.9241962407465937,0.47957905455967414,0.6089044875446846,0.0,0.29706307738283366,0.5493061443340549,0.42749155957692275,0.0,0.8178997164351224,0.0,1.4880611219435633,0.8239592165010823,0.0,0.3243183581758855,0.7193685818395111,0.0
ED,1.0624550040210812,0.5070518255391275,0.6013028267832989,1.068728898942307,1.2178089750893693,0.7427144133408616,0.5312275020105406,0.9729550745276566,1.065582853203198,1.624035279763236,0.2510965827202212,0.34339872044851466,0.13032386152085929,1.068728898942307,0.7883505983036818,0.8178997164351224
EE,1.0555440149986,0.9640951700341174,1.2762137988296982,1.4719249777896741,0.4182762425281663,0.11791959159463479,0.6748666190238822,1.1090354888959124,1.5840793816402023,0.10030327535122845,0.5292748357092064,1.0685940983685338,1.9344675489074454,1.2613609572858908,1.5840793816402023,1.5638863382503114
EF,1.416606672028108,2.4272669662954716,1.2613609572858908,0.716703787691222,3.3462099402253305,1.607102002832984,2.3886133897091244,2.7527679046578055,2.778344655758188,3.137071818961247,2.3199782008429097,2.5946646881089523,1.1090354888959124,0.49073982986107334,2.927933697697164,2.5970191275026977
EG,1.5297220581415851,1.3228662189232576,1.2296264847046454,1.4719249777896741,1.6094379124341003,0.3520176403644894,0.6516193076042964,0.7126123218020795,1.6833288888528806,0.6143175323067617,0.3504421260945219,0.7404418760817194,0.8012636810465341,0.8178997164351224,0.9984364484067071,0.7030236972251241
EH,0.0,0.5493061443340549,0.0,0.0,0.5493061443340549,0.6931471805599453,0.0,0.0,0.0,0.0,0.0,0.0,0.6931471805599453,0.0,0.0,0.0
EI,0.33539379704513483,1.0456906063204159,1.2296264847046454,1.8527920366854067,0.6338147819239095,0.34007199072397076,0.6921204526855127,2.165920322054223,1.2036393042147413,1.9233677418377773,1.0314083245799648,2.86658858014731,2.4761533688963264,0.7036960099990667,3.256383430475206,2.7302215977284754
EK,1.6165374785176179,1.056224275138964,1.729685558065228,1.7887669175740524,0.9116267361666752,0.3514770962837774,1.0209710390637587,1.0560529210934682,2.0269897385992848,1.4161650806831196,3.0670072991102564,2.5194275663823182,1.7044580746821845,0.854875278694827,2.177682874357623,1.9061295743764095
EL,1.577714298403251,2.865372203102136,0.7624518297505638,1.6711074300169386,3.0443808059939763,1.8059482624021284,0.5952935304227279,2.660379252906223,1.465337921040561,3.1626084633665457,1.6921364584444085,1.1731663239072638,1.9294567188156342,1.2178429332919942,2.8309184158524823,3.420663401919918
EM,1.2938747370452313,1.8072048362094548,2.215505645854608,0.7193685818395111,1.700218681115391,0.2595451697570672,1.791759469228055,1.416606672028108,1.641957356664489,1.7993793761572692,0.8508091992197988,1.1090354888959124,1.709966238307691,2.210284285450008,1.5936825060316215,0.9036024181047274
EN,0.6908812674669447,0.39097158456257786,0.5469760417000051,0.29706307738283366,0.27465307216702745,2.600930512499952,0.12341498185834088,2.6831503763610787,0.42756739308124764,0.8290575209603337,0.5582024467864354,1.1728266833317778,0.6800874724461563,0.1934321572215864,0.39097158456257786,0.9814796597221467
EP,1.023371152441798,0.6018196521073707,1.354025100551105,2.137457797884614,1.030347484452772,0.28158771687372874,0.5700898574416636,2.2795469532892176,0.9036024181047274,1.998143030812603,0.3056397016642278,1.6744873407478829,1.4722194895832201,1.1605929433295186,2.8741393509268014,2.9638565052294257
EQ,1.9343215722158644,0.354151668007027,2.1265392627313178,1.5350567286626973,0.9133567313170269,0.3802888691543457,0.5700898574416636,0.24682996371668176,1.5633873496365773,0.8107958954397139,1.6048524056196551,1.7962912954140562,2.0794415416798357,0.6090132299112135,1.0540346640716278,1.1710114009411343
ER,1.9005648499224306,1.6769689852256742,2.261202207397483,1.7746813893869464,1.5677471079645748,1.4753180863979252,1.4753180863979252,2.195950273272873,2.315278921579923,1.5651710528772957,4.09522018595175,3.802872152885092,1.9241690457065566,1.6744873407478829,3.8548633870397406,3.0786197406154776
ES,1.2780708128768383,1.6563940621843198,0.8848182550685804,1.0150220498520226,2.182651648120075,3.9031280660417402,2.491484235438389,3.293673058926497,2.0547869801721994,2.366904794617611,2.746883864970869,1.4080705614579576,0.9976572505229112,2.1891489176872274,2.268834589323448,2.665793124888252
ET,3.1122652739684296,2.21293658646624,1.3817625349338893,0.9672337744537227,0.8508091992197988,3.847261955902493,2.465394139973423,0.7687323269840566,2.747508601951052,1.4295971807823071,0.9655445531661269,0.7420987380060131,0.7021229274585992,0.8943834587870262,1.6421289430337092,1.9088073862887223
EV,1.7303011317137815,1.6974190233855553,1.7576760790415482,1.8232534723333504,1.4824932164093505,2.953045186934041,1.0676666985164611,1.3368207151262708,2.3003699851071002,1.371728027953795,3.1479787578220835,1.11314810700902,1.3925895250141154,2.1847239262335107,0.837930948405285,2.0523415883915646
EW,2.351203577673075,1.9005648499224306,0.6090132299112135,0.5493061443340549,1.126248809229063,1.4413500429972224,2.09247152266851,0.5070518255391275,2.417914360088719,2.0303287869002142,0.9617346885316803,1.2938747370452313,0.358351893845611,0.6777018135785455,2.364666316739703,0.5700898574416636
EY,0.6090132299112135,2.8409123936915153,0.8290575209603337,1.297273432703542,2.9692014061493484,1.6015000477746915,2.3359065278136053,1.7169936022425731,0.5527050139735558,1.3086395462961955,0.1928190340068235,0.7393569925972749,1.3732653608351373,0.27465307216702745,0.5887699911158697,1.4880611219435633
FA,0.5070518255391275,2.3509070164107744,0.812017639881618,2.3019858420456756,1.8527920366854067,1.577714298403251,0.708303336014054,0.3271598865740489,0.34004373622307815,1.1901530767807735,1.0277184660433278,0.9591581091193483,2.9444389791664403,1.700218681115391,1.355403627157091,1.1090354888959124
FC,1.4853153869141684,2.046742304883596,1.065582853203198,0.9241962407465937,1.4210308697928313,0.42749155957692275,0.46209812037329684,1.6215917908794277,1.4210308697928313,0.7193685818395111,1.0425908921668743,0.7611306094308558,0.9036024181047274,0.648636716351771,1.5350567286626973,0.0
FD,3.3426467413701926,2.5970191275026977,2.1210093740750584,1.4719249777896741,1.2613609572858908,2.0809063587309384,0.5887699911158697,1.2613609572858908,2.8600262975366495,0.8012636810465341,0.9672337744537227,1.5222612188617115,1.8267134626340538,1.5350567286626973,1.2019244742541026,1.7102695723249906
FE,1.3415751881805393,0.0,2.1270229980494975,0.6800874724461563,1.2019244742541026,1.068728898942307,0.7611306094308558,1.1090354888959124,1.8822430913767483,1.2341498185834088,1.0409350581920593,2.5350388829068753,1.6357994328702448,1.766309973347609,1.3735948817940586,2.6357113265755854
FF,1.6215917908794277,0.8549831191538455,2.2803594297666545,0.0,2.137457797884614,1.1882523095313346,0.8239592165010823,0.8239592165010823,1.9478341740386487,0.648636716351771,1.9343215722158644,2.210284285450008,0.0,2.3978952727983707,2.1581057455185335,1.782378464297002
FG,1.619117475568642,2.1853172259165503,0.5802964716647593,0.7675283643313486,0.6705991301808751,0.5545177444479562,0.8549831191538455,0.5545177444479562,0.18483924814931874,0.0,0.8178997164351224,1.4809797823000905,1.2938747370452313,0.7193685818395111,0.9460207179644181,1.1450596030091713
FH,1.3862943611198906,1.433407575382444,1.1882523095313346,0.358351893845611,0.891189232148501,1.023371152441798,0.40235947810852507,1.6094379124341003,1.2792139405522478,0.8047189562170501,1.416606672028108,0.716703787691222,0.5493061443340549,0.8047189562170501,1.3732653608351373,1.4853153869141684
FI,0.716703787691222,1.0750556815368328,1.2824746787307684,0.8239592165010823,1.1882523095313346,1.0150220498520226,0.7193685818395111,0.9729550745276566,0.0,1.4210308697928313,1.4210308697928313,0.708303336014054,1.1295030226309093,0.358351893845611,0.3243183581758855,0.5493061443340549
FK,0.7404898911500453,2.1210093740750584,1.7051556809708837,1.1295030226309093,2.0424646366873693,0.41000626830877923,1.9701524415537708,3.0863880628960385,1.1729147536877336,3.471039328447928,0.16883527923972644,3.3116093971477,1.8054589563221122,0.9122670306460151,2.595451697570672,3.881130577259794
FL,0.27465307216702745,0.9672337744537227,0.3271598865740489,1.5936825060316215,0.0,0.5268469495462249,1.2613609572858908,0.9133567313170269,0.6090132299112135,0.9460207179644181,3.395731551284148,2.044429611063216,2.487172562881001,0.21374577978846138,1.2827021792437432,2.2803594297666545
FM,0.0,0.0,1.068728898942307,0.0,0.0,0.6931471805599453,0.8047189562170501,0.0,1.2792139405522478,0.5493061443340549,1.6094379124341003,0.9729550745276566,0.0,0.0,1.0986122886681098,0.0
FN,0.7737286288863456,1.766309973347609,2.42288189412707,1.297273432703542,1.4722194895832201,0.648636716351771,1.1090354888959124,0.9591581091193483,3.0493493766626223,0.0,1.4809797823000905,0.7819431691251557,1.3732653608351373,1.1989476363991853,0.6705991301808751,0.8873406946934732
FP,2.7761238949166773,2.5946646881089523,1.8483924814931874,0.9729550745276566,1.7482537807332401,0.9672337744537227,0.4518012090523637,1.0150220498520226,0.2030044099704045,0.3868643144431728,0.0,0.7819431691251557,0.6777018135785455,0.406008819940809,0.47957905455967414,0.891189232148501
FQ,1.5211554766173827,2.281733214926074,1.1036908376251544,2.5022724622424466,1.9629593194442934,3.838006904179129,1.0425908921668743,1.8483924814931874,1.2395308380245946,2.1459172165788,3.19664923613487,1.2395308380245946,1.9343215722158644,2.6494649600214135,1.4787139851945499,1.700218681115391
FR,1.9701524415537708,2.953976555119212,2.6219474362573503,1.6942101997711707,1.945926082541583,2.027077384190666,1.536952463735239,1.3943925202326009,2.1090710916753723,2.1121058421869363,2.167366095500401,2.443178292876167,2.21741889107847,1.7696365101371607,2.457679383417216,1.908794189207751
FS,1.2997502233465077,1.842952596920285,1.2026056535665979,1.4722194895832201,0.7883505983036818,1.3862943611198904,0.8873406946934732,0.9814796597221467,1.2591286416445535,1.4204561968457576,1.6038611578726578,2.244476584670299,2.518257283289107,1.5222612188617115,2.255967938014229,2.6923397483606233
FT,0.2850449287208318,1.7887669175740524,1.701495290432802,1.6744873407478829,1.3228662189232576,2.9565763982808617,0.915729921196039,1.425224643604159,1.4080705614579576,1.2780708128768383,0.8751647153503215,1.7016183984395976,2.2803594297666545,1.354025100551105,1.495952688096049,1.3415751881805393
FV,0.5100656043346173,2.56763981020708,0.6867974408970293,0.716703787691222,2.9352901474718243,1.5088773817893968,1.9684663522303476,2.4489258354198435,2.123185841671136,3.0215393142093268,1.5691409757260284,2.1632789715478653,0.42749155957692275,1.1775399822317394,2.5623577217969555,2.165054103630212
FW,2.2803594297666545,2.0402624173384694,0.40235947810852507,0.648636716351771,0.0,3.85325198289191,0.47301035898220906,0.0,2.5022724622424466,1.218026459822427,0.20477251076892056,0.0,0.0,1.023371152441798,0.0,0.0
FY,2.9708576533634465,0.9214762984601425,1.6025273620930682,0.42749155957692275,0.8209786783322445,1.0061813911354045,1.0238625538446027,0.2763525069867779,2.6375085175813764,0.7747536703100838,0.854875278694827,0.5228453031602079,0.2558427881104495,0.6090132299112135,1.1621305054651259,0.8012636810465341
GA,2.4038489485082053,2.35130809677517,0.8873406946934732,0.5100656043346173,3.0170473458031686,2.070444511705782,2.8843719620638204,3.3538614936496995,2.5820868046600056,3.6350414919281495,1.2529203854994935,1.2161938431595707,0.0,2.509657455168998,2.9968262065051445,3.7380493450082333
GC,0.0,1.068728898942307,1.1450596030091713,0.0,0.7193685818395111,0.0,1.0750556815368328,0.9729550745276566,0.7675283643313486,0.46209812037329684,0.24682996371668176,0.9411215456883741,1.0150220498520226,0.648636716351771,0.27465307216702745,1.740889414994278
GD,0.42749155957692275,1.030347484452772,0.3153402393214727,1.0201312086692347,1.2938747370452313,0.2686571511209687,1.1901530767807735,0.2558427881104495,0.8831549866738045,1.6635532333438687,1.0821775029600396,0.4391292753529254,0.5312275020105406,1.1882523095313346,0.4274150537417283,0.4641965083380385
GE,0.812017639881618,0.5802964716647593,1.1036908376251544,1.4210308697928313,0.9241962407465937,1.355403627157091,1.068728898942307,1.1901530767807735,1.530196813003852,0.9671607861079322,0.6705991301808751,0.9620845228532783,0.7737286288863456,1.2395308380245946,1.1179793234837827,1.3247324800107068
GF,3.360708360447092,2.5959600973225414,1.3178556632877927,1.2435862814405005,1.1728266833317778,1.2296264847046454,2.261202207397483,1.0729586082894,3.140192135427787,1.9294567188156342,1.4825876211987667,0.8848182550685804,1.3247324800107068,0.7126123218020795,1.9684663522303476,1.0685940983685338
GG,0.24682996371668176,0.7077286138903786,0.6274143637922495,1.9548579228128893,1.2997502233465077,0.8943834587870262,1.1107348367250678,0.5364793041447,0.9206874699741444,0.2006065507024569,0.8525359754082631,0.8816881772009776,0.8873406946934732,1.530196813003852,0.8581822235504084,0.9784300491572749
GH,0.5493061443340549,1.0750556815368328,1.2395308380245946,0.891189232148501,1.624035279763236,0.9241962407465937,0.29706307738283366,0.46209812037329684,0.7675283643313486,0.0,1.0750556815368328,0.9729550745276566,0.5941261547656673,1.782378464297002,0.9241962407465937,0.716703787691222
GI,1.369720822934506,1.7539996574984071,1.2178429332919942,1.6731049701126652,1.8475164539748183,4.474634608734374,0.3653725608892556,2.525621686048743,1.2696703193780503,2.7243619393419665,3.616938264759751,1.2595545388585392,1.702671380423399,0.7123584229028805,2.6204086338343995,2.747065969052408
GK,1.0939520834000103,0.6929173344458129,2.6405606878474104,1.542552272054588,1.9684663522303476,3.5626563754729172,0.879347377213549,2.7366195979670005,1.2453254425286058,1.922571505169192,4.4199981003738396,2.7260695856357238,1.3111903355499301,1.4463756386736581,2.881957209668141,3.1781821132356294
GL,0.4820475850170587,1.082527051815106,2.1972245773362196,1.267629563847819,1.3357777284108237,0.46194488963054203,0.6498751116732538,0.4915656972603224,2.015287262173663,0.9715393876459222,0.5146364154572651,1.11314810700902,0.8418239574966185,0.854875278694827,1.1060519589857385,0.6290921012358921
GM,0.2030044099704045,0.7737286288863456,1.4880611219435633,2.030044099704045,1.5813042316832728,0.39918602096205574,0.0,0.716703787691222,1.065582853203198,0.5493061443340549,1.2471617145062472,2.3835885784157727,1.740889414994278,0.9460207179644181,2.3433687144210666,2.457828486301612
GN,1.1605929433295186,0.7126123218020795,0.23456533666635554,1.0750556815368328,0.7404898911500453,0.29438499555793485,1.0986122886681098,0.5493061443340549,0.812017639881618,0.39097158456257786,0.10030327535122845,0.09116267361666752,0.0,0.0,0.4729332633479405,2.4577664262476278
GP,0.9617346885316803,0.7825855264386479,0.5212954460834371,1.1054100279471115,0.36967849629863747,2.340033743823035,0.7611306094308558,0.4936599274333635,1.103336028863513,0.9976572505229112,0.07500303574155617,0.3783466106783524,0.7393569925972749,0.8831549866738045,0.7427144133408616,0.7404898911500453
GQ,0.8059714533629062,0.8831549866738045,1.6326172236132288,1.5350567286626973,1.0030327535122845,3.31140469229785,0.6851456440288852,3.131045022704113,1.7403181236109768,0.7557327233151236,1.270608930856335,1.0978231883823135,0.2030044099704045,1.3732653608351373,1.018451414031333,2.8313409161628633
GR,2.6035534473097637,2.4725158851046243,2.4641234825514258,2.060392322691088,2.127055484413416,1.5297220581415851,2.597345583021046,1.812051537020715,2.238117666122698,2.597345583021046,1.0685376343543207,1.6605389135749045,2.006065507024569,1.9005648499224306,1.5439092463717956,1.8063323984442
GS,2.1313399385206577,2.6973239771548347,1.1397734766446088,1.641957356664489,2.029738222153324,2.482928774159723,1.810580291611259,0.7404898911500453,1.6543697087986602,1.3783530222475135,1.767698860903308,1.4020874326008577,2.0477251076892053,1.6437860751280926,1.3501582684304554,1.3310213199979837
GT,1.7639467316845463,0.5373143022419374,2.1793734613978843,0.8290575209603337,0.4578649605980195,1.8475164539748183,2.2598692444819912,2.0036665926162356,1.4204561968457576,0.1856786033352154,3.358210908399211,0.8204640625500077,0.5941261547656673,2.3702295140333556,1.0381806790282688,2.029738222153324
GV,0.9672337744537227,1.433407575382444,1.6079730953829978,1.9014443457717283,1.6079730953829978,0.5715533449807478,1.1754535082053872,0.6089044875446846,1.126248809229063,1.2997502233465077,0.8402784331667349,1.3228662189232576,1.1090354888959124,1.5638863382503114,1.3310213199979837,1.2613609572858908
GW,0.0,2.6823965207235005,1.8512247278751133,2.218070977791825,1.3732653608351373,3.0661998169088673,0.8551347861624953,0.0,1.4431267842799174,2.137457797884614,2.7302215977284754,2.507466743795708,2.9017013233611677,1.416606672028108,1.463966848848582,2.654454765205741
GY,2.235441717387512,1.9898463014708487,0.9411215456883741,1.5350567286626973,1.9496253350197617,3.7902480935641543,2.1121058421869363,0.3932525578082579,2.1879041668000205,2.288114662369181,3.9771932210127696,1.4187997900438216,0.6543197731480977,0.6867974408970293,1.7866993183615778,0.8741268903666201
HA,0.5545177444479562,0.9729550745276566,0.7675283643313486,0.3243183581758855,0.7675283643313486,0.6306804786429454,0.3243183581758855,0.4518012090523637,1.218026459822427,0.3868643144431728,0.23978952727983707,1.0150220498520226,0.6777018135785455,0.5941261547656673,1.0150220498520226,0.0
HC,0.0,1.0986122886681098,0.9591581091193483,0.0,1.3862943611198906,0.358351893845611,0.0,0.3243183581758855,0.511685576220899,0.511685576220899,0.0,0.49073982986107334,1.3732653608351373,0.0,0.0,0.0
HD,0.40235947810852507,1.0750556815368328,0.9729550745276566,0.5493061443340549,1.297273432703542,0.0,0.511685576220899,0.46209812037329684,1.2070784343255752,1.782378464297002,1.4962204585192298,1.297273432703542,0.5493061443340549,0.0,1.0750556815368328,0.0
HE,0.8047189562170501,0.46209812037329684,0.358351893845611,0.8047189562170501,0.29706307738283366,0.9729550745276566,0.0,0.358351893845611,0.0,0.46209812037329684,0.40235947810852507,0.358351893845611,0.8047189562170501,0.648636716351771,0.5493061443340549,0.0
HF,0.5493061443340549,0.0,0.27465307216702745,0.0,0.0,0.0,0.0,0.0,0.29706307738283366,0.0,0.0,0.0,0.0,0.0,0.0,0.0
HG,1.6215917908794277,1.4962204585192298,1.1989476363991853,1.0986122886681098,0.891189232148501,0.29683949520240527,1.4853153869141684,0.2558427881104495,1.0150220498520226,0.0,0.7747536703100838,1.4962204585192298,1.7908995167731467,0.3243183581758855,0.6543197731480977,0.6800874724461563
HH,0.0,0.6931471805599453,0.0,0.6931471805599453,0.5493061443340549,0.46209812037329684,0.6931471805599453,0.0,0.0,0.6931471805599453,0.0,0.0,0.0,0.0,0.6931471805599453,0.0
HI,0.3243183581758855,0.0,0.511685576220899,0.891189232148501,0.891189232148501,0.22590060452618185,0.23978952727983707,0.8047189562170501,0.5312275020105406,0.0,0.29706307738283366,0.6412373393653842,0.358351893845611,0.5941261547656673,0.9591581091193483,1.0750556815368328
HK,0.6931471805599453,0.6777018135785455,0.40235947810852507,0.0,0.6412373393653842,0.511685576220899,0.0,1.9459101490553132,1.0986122886681098,0.0,0.6412373393653842,0.36967849629863747,0.0,1.3862943611198906,2.509657455168998,3.729661119022684
HL,0.7737286288863456,0.9976572505229112,1.7169936022425731,0.511685576220899,2.5877494740904625,0.18232534723333504,1.4431267842799174,0.27465307216702745,0.8873406946934732,1.4962204585192298,0.8236597895548705,0.7359624888948371,0.7737286288863456,0.9814796597221467,0.8178997164351224,0.7126123218020795
HM,0.0,0.0,0.6931471805599453,0.0,0.5493061443340549,0.0,0.0,0.0,0.0,0.5493061443340549,0.0,0.0,0.0,0.0,0.0,0.0
HN,1.6479184330021646,0.7675283643313486,1.7993793761572692,0.5493061443340549,1.433407575382444,2.3019858420456756,1.1989476363991853,1.5350567286626973,1.1090354888959124,2.1249100080421623,0.5493061443340549,0.0,0.891189232148501,0.5493061443340549,1.0750556815368328,1.0986122886681098
HP,1.6581150419206674,1.6942101997711707,1.6731049701126652,1.8483924814931874,1.1295030226309093,3.2348304744287852,1.4753180863979252,0.8873406946934732,1.7278097460167723,0.708303336014054,3.4367841484479627,1.9360970220046918,1.7278097460167723,0.9814796597221467,1.3242131373742336,1.831459842392078
HQ,0.0,0.29706307738283366,0.0,0.0,0.40235947810852507,0.0945866526695881,0.358351893845611,0.0,0.7193685818395111,0.7193685818395111,2.6347756521175523,0.0,0.0,0.0,0.0,0.0
HR,0.29706307738283366,0.8047189562170501,0.511685576220899,0.8047189562170501,0.648636716351771,0.2892285510102352,0.40235947810852507,0.8047189562170501,0.2558427881104495,0.7675283643313486,0.24682996371668176,0.891189232148501,1.0750556815368328,0.358351893845611,1.3732653608351373,1.3732653608351373
HS,1.6785266909588594,0.2558427881104495,0.7737286288863456,1.1882523095313346,0.3243183581758855,0.0,1.354025100551105,1.023371152441798,1.4073920199981333,1.218026459822427,4.121262902926578,3.464586672229065,0.0,0.9729550745276566,3.3017485646497744,3.435054161701485
HT,0.0,2.6923397483606233,0.0,0.0,3.098922885268748,1.6706188412869083,2.7316465323956876,3.2421400381029697,0.0,3.641342250457394,0.0,0.5493061443340549,0.0,0.0,3.5733986367231556,3.0185441734062133
HV,1.8920414359288362,1.8483924814931874,1.4753180863979252,0.9729550745276566,0.5493061443340549,0.5312275020105406,0.9241962407465937,1.1989476363991853,2.0117973905426254,0.6412373393653842,1.8166099672265075,1.2395308380245946,1.354025100551105,0.716703787691222,1.766309973347609,1.2938747370452313
HW,2.9506361727958503,2.1265392627313178,0.5493061443340549,0.46209812037329684,1.6744873407478829,0.27465307216702745,0.40235947810852507,0.648636716351771,1.1989476363991853,0.0,0.40235947810852507,0.891189232148501,0.9241962407465937,0.46209812037329684,1.1295030226309093,0.9729550745276566
HY,0.716703787691222,0.716703787691222,1.0750556815368328,0.6931471805599453,0.46209812037329684,0.0,1.1882523095313346,0.0,1.0986122886681098,0.5493061443340549,2.0402624173384694,1.9459101490553132,0.9241962407465937,0.5493061443340549,1.0986122886681098,1.0750556815368328
IA,0.8365524850563326,1.1350398320350574,0.8190900430756822,1.530196813003852,1.5651710528772957,1.0545355458376862,0.4182762425281663,2.315278921579923,0.4729332633479405,2.1784625674741136,0.5861852591149305,0.7635176756831005,1.8267134626340538,0.5723312007475243,2.2327120443686566,0.589878836712387
IC,0.3243183581758855,0.0,0.46209812037329684,0.0,0.40235947810852507,0.08236597895548704,0.0,0.40235947810852507,0.891189232148501,0.0,0.0,0.46209812037329684,0.0,0.648636716351771,0.40235947810852507,0.0
ID,1.5936825060316215,1.6043947641584313,1.7696365101371607,0.5493061443340549,0.8831549866738045,2.364666316739703,1.2341498185834088,0.5312275020105406,1.7482537807332401,0.8639048730083861,1.7592400249976667,1.673977218134808,2.0402624173384694,0.3868643144431728,1.7962912954140562,1.542552272054588
IE,1.7435577384702752,2.3420228018822686,2.3835885784157727,1.7435577384702752,2.8004432844865597,0.5610795462165175,0.7040352807289788,0.9411215456883741,2.0036665926162356,1.1641809881908647,3.15715252432593,3.2767355669572944,1.641957356664489,0.6170749092917044,3.0701134573253945,2.6254995285018103
IF,0.4578649605980195,2.270079664070115,1.8232534723333504,1.0729586082894,2.3069753330782543,2.537977674515932,0.854875278694827,0.8551347861624953,1.1754535082053872,2.1853172259165503,2.1366693276165796,1.7746813893869464,1.8920414359288362,1.974639709733454,1.700218681115391,1.4387371636790223
IG,0.8047189562170501,0.9388387822532253,1.4880611219435633,1.797146400722174,1.2435862814405005,0.619802936248067,1.2823129180422406,0.8209786783322445,1.702671380423399,0.8782092461165225,2.2429324808922333,3.182838649697305,0.8012636810465341,0.7605777383086914,2.6356700302057234,3.4786279520417267
IH,3.026772885426819,2.4141568686511503,1.3086395462961955,0.716703787691222,1.7592400249976667,0.2030044099704045,0.9729550745276566,0.6543197731480977,2.044429611063216,0.5802964716647593,1.9294567188156342,2.229761237555815,1.1989476363991853,0.3243183581758855,2.1090710916753723,2.5066474420887053
II,0.26823965207235,3.440203052228972,0.3582095348279583,1.1090354888959124,3.2748418010322027,1.4421859810319102,0.4915656972603224,2.315278921579923,0.7077286138903786,3.190745775835044,0.9647283594078171,0.3713572066704308,0.5545177444479562,0.24682996371668176,2.9922167728337525,2.7716693377832518
IK,1.7837509699673704,1.567188530386337,1.781933441713193,3.1267746992731547,1.6119429067258124,2.5831247926303065,1.546652133895273,2.1225526487034263,1.3705634325890692,1.7003986274590281,2.7046512479140437,0.9976572505229112,2.9493941835619344,1.797146400722174,1.2491220698304715,1.9547057861573016
IL,0.5469760417000051,2.165054103630212,2.4628957924923824,1.4719249777896741,2.7316465323956876,0.9263455478230773,1.816816188299471,1.1502596669524574,1.6306200273029832,1.3200661513668352,3.075124465403803,1.9057622316733407,1.6079730953829978,1.4533731205289175,1.7435577384702752,1.6079730953829978
IM,0.0,0.0,1.297273432703542,1.6215917908794277,0.3243183581758855,0.40235947810852507,0.0,1.0750556815368328,0.358351893845611,1.023371152441798,1.2792139405522478,1.023371152441798,1.0986122886681098,0.0,1.6785266909588594,1.6094379124341003
IN,0.14719249777896742,1.530196813003852,0.6516193076042964,1.1989476363991853,1.416606672028108,3.9819994548439626,0.3153402393214727,0.406008819940809,1.1090354888959124,0.9976572505229112,1.8822430913767483,0.7393569925972749,0.6543197731480977,0.5802964716647593,1.5474572577726913,1.1090354888959124
IP,0.5373143022419374,0.1701618398439598,0.32057822951056014,1.2178089750893693,0.10926586129582751,3.445059770368789,0.5504555885814056,1.729685558065228,0.5765618526884093,0.7863651265448652,2.435001372501152,0.1425224643604159,1.5474572577726913,1.7348917636534322,0.5070518255391275,1.623790577722659
IQ,2.801982245689363,2.808188460552489,2.4323876863191414,1.5813042316832728,2.806757026277151,2.8631849694484215,1.2191134296275443,3.3949741090261427,2.1090710916753723,1.9775021196025977,3.1954363348488584,1.4439468813694822,1.1775399822317394,1.9184078032808787,1.7575592430628102,3.1443716652224847
IR,1.5638863382503114,2.03876872195286,2.5745466706512254,1.9548579228128893,2.359515346849548,3.049807319002255,2.2795469532892176,1.3817625349338893,2.529858830967244,2.0419420781275175,1.3312485978756095,2.384880391615042,1.867949649589225,1.7482537807332401,1.6765812880406339,2.507466743795708
IS,3.57050620319602,3.0617807887271704,1.2997502233465077,0.9672337744537227,2.3902805705654218,0.42706667940658444,2.8561040293721174,0.7036960099990667,2.449336618415449,0.2775826821845492,0.9825309771472105,1.6832386386495524,1.6731049701126652,1.3735948817940586,1.3651107988642377,2.0424646366873693
IT,0.9388387822532253,1.0425908921668743,0.6589278316438963,0.0,0.39097158456257786,3.205426702276227,0.6274143637922495,1.2297772558321611,0.7865051156165158,0.5887699911158697,0.9052901458056295,1.1350398320350574,1.1901530767807735,0.6705991301808751,0.915729921196039,0.6707875940902697
IV,0.8848182550685804,0.6089542681487593,1.0978231883823135,1.179757673424774,0.6160308706378564,2.8922132118565,0.5481165152231082,0.3873768351550419,1.0539051399848576,0.6023473407064867,2.934951360460044,1.214867711656554,1.596744083848223,0.30715876615338084,1.185539182599213,0.9035210110597299
IW,1.5222612188617115,0.21374577978846138,0.6412373393653842,1.9237120180961527,1.0986122886681098,3.954110106969375,0.14719249777896742,1.4787139851945499,0.5545177444479562,0.6412373393653842,0.47301035898220906,0.5493061443340549,1.6635532333438687,1.3700350969755404,0.511685576220899,0.7883505983036818
IY,2.333777358668276,1.8289707039383931,0.6695908872539232,1.6635532333438687,1.4463756386736581,2.610177912539162,0.9556119589524922,2.397339879288756,1.1088216185660285,2.85776672490374,2.8588603832529462,0.8651505658568908,1.4880611219435633,0.3582095348279583,2.82941244898707,2.8561040293721174
KA,1.267629563847819,0.7077286138903786,3.1636066375130585,2.0913812126408318,0.4578649605980195,1.046006599263304,2.093461423618525,2.498244139660943,2.268834589323448,1.202845565726574,2.984107905707733,2.216606213243144,1.9234693770633606,3.0083682293500282,2.0223863686877595,2.7091853717416203
KC,1.2070784343255752,2.033105440735637,1.218026459822427,1.2070784343255752,0.5941261547656673,0.8239592165010823,1.9478341740386487,0.648636716351771,2.1459172165788,1.3862943611198906,2.215505645854608,1.2938747370452313,0.46209812037329684,0.648636716351771,1.87024054922693,1.1882523095313346
KD,1.9493282898488011,2.212103917971477,1.088085191787625,1.641957356664489,1.4533731205289175,0.7552724626883307,1.0043863308808847,1.4841974760120262,1.7044580746821845,1.1641809881908647,3.2205599922892696,0.7605777383086914,1.7910476741397916,1.2794854488979748,1.1851147570166778,0.3932525578082579
KE,2.643717534883358,1.5685197419112384,1.1851147570166778,1.267629563847819,0.8676856530307057,2.1729114465425425,2.1550338184308346,0.7536602084317737,2.413317640408415,0.782697613105432,0.9908489741493577,1.6865725539781626,1.4960317377159473,1.1107348367250678,1.090512447578445,0.9018234755614315
KF,0.812017639881618,1.0201312086692347,0.6705991301808751,2.046742304883596,0.708303336014054,0.40539794771985693,0.5342970491842669,2.123185841671136,0.6800874724461563,2.9501782549873425,0.0731882125588209,2.6714852459213345,2.436052919644854,0.15222612188617116,2.6620426399959674,1.6635532333438687
KG,0.771276136027294,1.580540848638675,0.8639048730083861,1.1901530767807735,1.0729586082894,3.0567630400135437,1.4707559619567143,1.8054589563221122,1.494093740435244,1.2042215989627998,2.603312847988357,0.8548301074834566,2.0851817843337486,2.1210093740750584,1.3879134109227458,1.1911328789077185
KH,1.5350567286626973,1.0986122886681098,1.6785266909588594,1.355403627157091,0.9241962407465937,1.037883654501345,1.740889414994278,2.1249100080421623,1.9478341740386487,1.8920414359288362,3.7338658761247747,3.3264648556980854,1.5350567286626973,0.716703787691222,3.424644966953666,3.1805567144561353
KI,2.3571761654161474,2.0585456618290605,2.155188430891384,2.17617038357525,1.9459101490553132,2.401315821435797,1.2703484464839905,2.548298557206646,2.344926339236131,1.4549841025671726,1.8433949911040555,2.5109124971539822,2.4628957924923824,1.253733371897854,2.625470941726102,2.7630849246322624
KK,2.4005240489191415,3.07240088776894,1.7718153694403185,2.5525548612666906,1.4720319735891594,0.974824280785041,1.930254435919339,1.9486536580760299,2.5027680073365617,1.922571505169192,2.4757527834547717,2.521469579630333,3.291357338617612,2.3886133897091244,2.2892216408770065,2.344448903129893
KL,1.758694754427098,1.9998397354584951,2.453094882661653,1.9453388523047452,1.5673494357330138,3.0977870810685855,1.2080154305109565,3.0278769158275183,1.0275338621045091,2.413619533586749,4.143797856295369,1.5544796980373556,1.701495290432802,1.9041379463487513,1.8832405981056337,3.0288237693338678
KM,0.47957905455967414,1.8270396897336403,0.0,2.137457797884614,2.1249100080421623,2.1249100080421623,1.6357994328702448,1.5350567286626973,1.1901530767807735,1.355403627157091,0.7359624888948371,1.5199387884272784,0.7193685818395111,1.770758340035135,1.6635532333438687,1.4962204585192298
KN,2.3069753330782543,0.6274143637922495,2.7761238949166773,1.6479184330021646,1.1775399822317394,0.6972783032790755,1.1775399822317394,0.6089044875446846,2.599104386465068,1.2286350646135233,0.5582024467864354,1.84989323887799,1.9953145010458224,1.8072048362094548,1.1911328789077185,0.851279874026293
KP,0.8873406946934732,2.044429611063216,2.350782795579506,1.9953145010458224,1.2070784343255752,2.0771665668160852,1.1851147570166778,0.48104226142663914,3.1764900482713436,1.2019244742541026,1.4617695766792989,1.0689247459563405,1.2070784343255752,1.2827021792437432,1.117720858693756,1.5572710185424037
KQ,2.466524318503987,2.741792419177984,2.405691131453148,2.215505645854608,2.4432565621859212,3.951348655439036,2.564341361820982,3.419684244719358,2.3038520686779207,1.0846551384341174,0.9995139960573659,2.0937229779857494,3.258096538021482,1.914416145950018,1.6833288888528806,2.8006113904056646
KR,2.8377856340389984,2.3702295140333556,2.836073979217888,2.6714852459213345,1.6479184330021646,2.140695546051061,1.3593977882165404,0.8365524850563326,2.991905376192098,1.5685359094806235,1.1833240218128893,1.5045491302684268,2.7851790500282307,1.7910476741397916,1.6215917908794277,1.4328381393118332
KS,0.7825855264386479,2.608992043684773,0.9883917474658445,1.2178089750893693,2.8600262975366495,1.5330999084544337,0.945866526695881,1.5651710528772957,1.3242131373742336,2.5163684049435684,0.4348309191906268,2.1581057455185335,1.1401797148833273,0.6089044875446846,2.4303152073299223,2.540696892967981
KT,1.2581842024717842,2.388741551838498,1.922571505169192,1.2824746787307684,2.9013671675957813,3.1237205124698377,1.4004640552778915,2.548298557206646,1.8860905033278164,2.717965887329369,1.954247129494504,1.488474696245771,1.3700350969755404,1.3200661513668352,2.204220443002444,2.8481029223132555
KV,2.976949392491542,2.007082020283334,1.6443495456693247,2.359515346849548,1.8672767561901085,3.6544747618918523,1.7577796618689758,1.8322022032327359,2.1942382257450745,0.72700829838563,2.8241837263212823,1.908794189207751,2.643717534883358,1.6389879194374126,1.0142833635906379,1.9837480901017526
KW,1.7343713162681,2.4141568686511503,2.154970258541292,1.7908995167731467,1.7908995167731467,1.120371244222313,1.1450596030091713,0.7126123218020795,1.4719249777896741,1.9241690457065566,3.180414516575011,2.0402624173384694,2.345829507375467,1.5350567286626973,1.87024054922693,0.9671607861079322
KY,1.6731049701126652,2.3590953796345953,2.2281432400225847,0.9671607861079322,2.154970258541292,3.1758657500974685,2.635726164740658,2.3005060878186407,2.349154628755298,0.6056053960998236,3.151294345503292,1.117720858693756,1.1054100279471115,0.6412373393653842,0.8663681288216893,2.029738222153324
LA,0.6170749092917044,0.8943834587870262,1.673977218134808,2.012362782270809,1.1179793234837827,0.7355482434670739,0.6972783032790755,1.2533237210443526,1.832442421639441,1.0239904792010273,1.187357980809621,1.756418492233045,1.974639709733454,1.4880611219435633,1.565395226210864,1.3242131373742336
LC,0.0,0.0,0.18483924814931874,0.5493061443340549,0.27465307216702745,0.716703787691222,0.6777018135785455,0.0,0.7737286288863456,0.9591581091193483,0.5123174879117462,0.35184800499953334,0.27465307216702745,0.0,0.4578649605980195,0.406008819940809
LD,1.1246957356139582,1.6119429067258124,1.1103307287381967,1.0823450882099381,1.2901093516649556,0.7147985903911536,1.5638863382503114,1.3943925202326009,1.0536938990924498,1.1502596669524574,2.226941950670176,2.1891489176872274,2.2359586469675654,1.9548579228128893,1.4854288266817233,2.2283706983303775
LE,0.7825855264386479,0.41182989477743526,0.8107958954397139,0.6516193076042964,0.80507033814703,2.0396784790873936,0.42626798770413155,1.9028935265293434,1.2042215989627998,0.709018494804472,0.34348260348404974,1.142441611748847,0.7404898911500453,0.34339872044851466,0.2720197066212502,1.9733082384752811
LF,2.0402624173384694,1.9548579228128893,2.81997520442285,0.9241962407465937,2.467346677737417,1.2613609572858908,0.9814796597221467,1.3247324800107068,2.3069753330782543,1.619117475568642,2.4406707160089,2.37180201943654,1.2938747370452313,1.9344675489074454,2.601368805185672,2.9172055557333607
LG,0.7825855264386479,2.077876466416837,0.4790232251544668,0.39097158456257786,2.8642485178157933,4.179038342389272,0.6972783032790755,1.8521318995474894,0.7920396908201012,3.5817990335462935,3.265121579739944,0.3243183581758855,0.8831549866738045,0.4254045996098994,2.0479809584020545,3.3690379772941195
LH,1.354025100551105,0.8178997164351224,1.3032386152085929,0.6412373393653842,1.1901530767807735,0.27348802085000257,0.7359624888948371,0.5802964716647593,1.433407575382444,1.7102695723249906,2.494219438748416,0.8501093405576955,0.6306804786429454,0.3868643144431728,1.6043947641584313,0.8239592165010823
LI,0.1770758340035135,0.5463293064791376,0.3713572066704308,0.7675283643313486,0.5723312007475243,0.25279829608596993,0.28878937627389645,1.7591064591995471,0.4012131014049138,1.7050719508165262,0.23821591957354993,0.7916405485933872,1.2827021792437432,0.39097158456257786,1.4033785131385754,0.9021437170997848
LK,1.8676408907357867,1.9852436505583921,1.798421454598778,1.5357938307669041,1.6033871189345108,3.045761337320295,1.1212155000972737,1.8070420221194599,1.7440379584853134,1.688003210253523,2.532410525176732,1.5186670061056347,1.998143030812603,1.5329546907302523,1.5795408155199124,1.2701684337529042
LL,2.4222749423407133,1.8347343688121003,3.2766844008147644,2.032123948249725,1.796172826695688,2.106922686486262,2.174314474421096,2.2053090920749043,2.5280992882211164,1.0434896716267017,2.5078352881590993,2.0811937507916096,1.8471718443692866,2.6863007214095154,2.0283285103070914,2.571791497682686
LM,0.5941261547656673,2.2078874666845114,2.681966754156362,0.648636716351771,2.535259127695638,1.7435577384702752,1.9629593194442934,0.47957905455967414,2.3069753330782543,1.3247324800107068,0.10030327535122845,1.5730102312330316,1.355403627157091,2.1249100080421623,0.7404898911500453,1.0425908921668743
LN,1.683647914993237,2.1891489176872274,2.6729901460590533,1.976783494931689,2.1492572089677497,4.017616443961336,0.801897043817716,2.6736414302525415,1.6797388865028209,1.7866993183615778,4.150214956630565,1.3842409053710254,2.1879041668000205,1.6079730953829978,1.4701445803324793,3.4586696653262528
LP,0.6056053960998236,2.349154628755298,0.6498751116732538,1.4787139851945499,0.5212954460834371,1.7431917468985767,1.6003493659460941,1.5013208912992615,0.7865051156165158,2.4084431979255996,2.970239782638035,1.1851147570166778,1.6731049701126652,1.1795476898172976,1.3173878260587761,0.9609000286648149
LQ,1.0238625538446027,2.5745466706512254,1.4328381393118332,1.4210308697928313,2.830914455561514,0.6013028267832989,0.9031661992221,2.235441717387512,1.2036393042147413,1.7403181236109768,1.3732653608351373,2.50597865008482,1.6028911475528007,0.8639048730083861,2.142303721917612,3.24008372414341
LR,2.4504662266016894,1.8362603330722391,3.4082049604793974,2.1090710916753723,1.8944223406764356,2.3699982928101164,3.068051272178675,2.466524318503987,2.5327501044687817,1.2381557117436652,3.059982792692644,1.6508742823248872,2.1500640962883697,2.3980097541010985,1.1026545460374522,2.6305440579205266
LS,0.41452876048016685,0.5373143022419374,2.3435681053887314,0.812017639881618,0.40235947810852507,2.8833300639062363,0.8873406946934732,2.17617038357525,0.6274143637922495,0.9027294781610561,3.7469182027148986,1.0560529210934682,0.812017639881618,2.5561416257536766,1.4854288266817233,2.2828680382241764
LT,1.1360208120750976,0.9139308063926613,2.0148396414307714,2.0424646366873693,1.9892820274949254,1.02429460046961,1.0259052734158074,2.1972245773362196,1.4301531470494635,1.6232822560105769,2.007402321480803,0.9851583169969529,2.7081884344831684,2.026050291653407,1.9097893433030368,2.3736303598667288
LV,0.8748819062773509,2.2483156414444903,1.760356945420963,2.594546865407084,2.3488667367362144,2.5214315416490503,0.6612493633672508,3.2651864591804984,0.9716406864672714,2.481608816222996,2.872250113027353,1.4984868822357427,2.836073979217888,1.9925207080457692,2.3329868054639937,3.5845418770697353
LW,0.0,0.0,0.0,0.0,0.0,2.571990052413365,0.0,0.9831313945206448,0.26064772304171857,0.41452876048016685,3.3492146807186125,0.0,0.0,0.0,0.0,0.8955238370698958
LY,2.5066474420887053,0.6170749092917044,1.463966848848582,1.2395308380245946,1.3817625349338893,0.836988609067404,0.7359624888948371,0.5364793041447,1.4880611219435633,1.4719249777896741,2.8055939234727587,1.4880611219435633,1.4722194895832201,0.5312275020105406,1.1054100279471115,1.6357994328702448
MA,0.0,0.358351893845611,0.6412373393653842,0.9241962407465937,1.0750556815368328,1.2395308380245946,0.9036024181047274,1.0986122886681098,1.0624550040210812,1.068728898942307,1.4190310769466272,0.9122670306460151,0.47957905455967414,1.1989476363991853,0.9388387822532253,1.1450596030091713
MC,0.0,0.0,0.0,0.0,0.0,0.0,0.0,0.0,0.0,0.0,0.0,0.0,0.0,0.0,0.0,0.0
MD,0.13032386152085929,2.1249100080421623,1.2435862814405005,0.5941261547656673,1.3247324800107068,2.916075351729069,0.4915656972603224,0.354151668007027,0.6338147819239095,1.5767011966073636,2.1991245300198154,0.9976572505229112,1.766309973347609,1.641957356664489,1.0729586082894,1.1054100279471115
ME,0.8047189562170501,2.0402624173384694,0.9729550745276566,0.7675283643313486,1.8483924814931874,0.5570358100056462,1.297273432703542,0.716703787691222,1.7908995167731467,1.4853153869141684,0.6381387153166727,0.8047189562170501,1.4853153869141684,1.3732653608351373,1.3732653608351373,0.0
MF,1.2824746787307684,2.453699149305367,2.2833918282925674,1.782378464297002,2.1249100080421623,1.4962204585192298,2.321185886659037,1.0986122886681098,2.1265392627313178,1.8920414359288362,1.87024054922693,2.4052113071331958,1.4853153869141684,1.6479184330021646,1.7993793761572692,0.47957905455967414
MG,0.6090132299112135,0.9729550745276566,0.6306804786429454,1.4853153869141684,0.46209812037329684,4.469980636839332,1.0201312086692347,0.1934321572215864,0.9814796597221467,2.5146180438806236,4.102189942284683,0.6170749092917044,0.716703787691222,1.2824746787307684,0.6516193076042964,0.3153402393214727
MH,0.0,0.6931471805599453,0.0,0.0,0.0,0.40235947810852507,0.46209812037329684,0.6931471805599453,0.0,0.6931471805599453,0.0,1.0986122886681098,0.0,0.8047189562170501,1.0986122886681098,0.0
MI,0.358351893845611,0.0,1.1605929433295186,2.351203577673075,0.9241962407465937,0.7675283643313486,0.0,1.0986122886681098,1.065582853203198,0.511685576220899,1.5350567286626973,2.453699149305367,2.302585092994046,1.1882523095313346,2.6064772304171857,2.033105440735637
MK,1.8920414359288362,1.9135024711265767,1.6942101997711707,1.530196813003852,2.0402624173384694,2.1063687823757977,2.2803594297666545,1.7962912954140562,1.8512247278751133,0.6306804786429454,0.5194691166042092,0.9116267361666752,1.766309973347609,1.7993793761572692,0.4864775372638283,1.2780708128768383
ML,0.0,1.624035279763236,0.0,1.0986122886681098,0.0,0.40235947810852507,0.7193685818395111,1.6479184330021646,1.416606672028108,1.4210308697928313,1.0239904792010273,2.567800206075551,0.358351893845611,0.648636716351771,1.5883415695064305,3.193488167696446
MM,0.0,0.0,0.0,0.0,0.0,0.0,0.0,0.0,0.0,0.0,0.0,0.0,0.0,0.0,0.0,0.0
MN,0.0,0.49073982986107334,0.406008819940809,0.0,0.0,0.0,0.8239592165010823,0.0,0.3243183581758855,0.358351893845611,1.4962204585192298,0.42749155957692275,1.0750556815368328,0.0,0.0,0.3243183581758855
MP,0.648636716351771,1.1882523095313346,1.5350567286626973,2.302585092994046,0.40235947810852507,1.8270396897336403,1.218026459822427,1.6215917908794277,1.4722194895832201,1.5813042316832728,1.1090354888959124,2.5146180438806236,1.6785266909588594,0.891189232148501,2.351203577673075,1.6215917908794277
MQ,0.3243183581758855,0.27465307216702745,0.0,0.358351893845611,1.2792139405522478,0.27465307216702745,0.0,0.0,0.40235947810852507,1.6215917908794277,0.0,0.0,0.0,0.0,1.5350567286626973,1.782378464297002
MR,2.643717534883358,3.1136509635040346,3.547117320013252,1.4962204585192298,3.459371116130456,3.644603134969662,3.1216657325781414,3.48642235039077,3.145460506179461,2.215505645854608,2.141242716059517,2.3548838738425864,1.5767011966073636,2.9172055557333607,1.7278097460167723,3.2056129030629625
MS,0.0,1.1989476363991853,1.218026459822427,0.9729550745276566,1.530196813003852,2.033105440735637,1.4210308697928313,1.1989476363991853,0.716703787691222,1.6357994328702448,1.1140716200112923,2.7064311512993546,1.3732653608351373,0.891189232148501,1.6711074300169386,2.6142265158010396
MT,1.5222612188617115,1.87024054922693,0.0,0.648636716351771,0.0,1.7044580746821845,0.0,0.46209812037329684,0.7737286288863456,1.1605929433295186,1.3547492988331498,0.8549831191538455,0.2558427881104495,0.648636716351771,0.7675283643313486,0.7193685818395111
MV,0.0,0.0,1.355403627157091,0.5941261547656673,1.4387371636790223,0.0,1.3732653608351373,0.46209812037329684,0.34004373622307815,1.3732653608351373,0.21374577978846138,0.6777018135785455,0.29706307738283366,0.40235947810852507,0.9671607861079322,0.511685576220899
MY,0.8239592165010823,0.716703787691222,1.2070784343255752,0.0,0.8047189562170501,1.2070784343255752,0.0,0.5493061443340549,0.9241962407465937,0.5493061443340549,0.0,0.0,0.46209812037329684,0.0,0.0,1.3862943611198906
NC,1.1882523095313346,1.5350567286626973,0.0,0.0,1.1882523095313346,0.8047189562170501,1.433407575382444,0.0,0.648636716351771,0.358351893845611,0.9241962407465937,0.0,0.0,0.0,0.0,0.0
ND,0.42749155957692275,2.1080693281432556,2.3283619763817294,1.5350567286626973,2.4072786084294826,2.212589554375907,0.21371881967370676,2.1748585628405928,0.37024494557502263,0.4182762425281663,3.0734698302003096,0.626866685948927,0.358351893845611,0.21374577978846138,0.39918602096205574,1.2273548491640598
NE,1.3943925202326009,0.9411215456883741,1.0238625538446027,2.02820730215651,1.6043947641584313,3.9136961974928925,0.8209786783322445,0.9460207179644181,1.1107348367250678,1.7303011317137815,3.1442451502965936,0.8209786783322445,2.124160714619187,0.9133567313170269,1.030196161345544,2.3761190724603036
NF,0.5545177444479562,1.8166099672265075,2.060392322691088,1.2792139405522478,1.9241690457065566,1.6942101997711707,1.1179793234837827,1.354025100551105,1.4335624767294521,1.3411982603617503,0.6871659081147903,1.6409281251000154,2.5878440720649096,1.068728898942307,1.0456906063204159,1.425224643604159
NG,0.0,1.6581150419206674,1.1295030226309093,0.0,1.9014443457717283,1.023371152441798,0.5802964716647593,1.3732653608351373,0.0,1.2824746787307684,0.7611306094308558,0.8549831191538455,0.3243183581758855,0.8239592165010823,0.9591581091193483,0.22590060452618185
NH,0.0,2.4790616760491893,0.7675283643313486,1.9183162182386966,1.4787139851945499,1.1605929433295186,1.3601749448923126,2.046742304883596,1.624035279763236,2.0794415416798357,0.0,1.8072048362094548,1.922571505169192,0.8047189562170501,1.3732653608351373,1.709966238307691
NI,0.358351893845611,0.39097158456257786,1.4190310769466272,1.068728898942307,0.17002186811153908,0.9671607861079322,1.2938747370452313,1.0624550040210812,0.812017639881618,1.014103651078255,4.441370565821016,3.798242599712248,1.068728898942307,0.40235947810852507,3.406265579487976,2.681966754156362
NK,2.3509070164107744,1.914416145950018,2.893902556178549,2.284950741776536,0.6707875940902697,2.815069071787805,0.6108141405464803,0.4095450215378411,2.8156964186704903,1.030196161345544,2.5977198788649014,0.945866526695881,2.8147840399962667,1.4533731205289175,1.2615678546102225,1.1641809881908647
NL,1.0027894097833427,1.179757673424774,1.1397734766446088,1.6581150419206674,1.7600882018224469,1.5561326369842148,1.3593977882165404,0.9388387822532253,1.202845565726574,1.7910476741397916,1.1495552324469298,1.367873697887743,0.9833927516624476,0.7036960099990667,1.4020874326008577,1.002371304772145
NM,2.302585092994046,2.4790616760491893,2.4761533688963264,2.1249100080421623,2.033231729642506,2.6064772304171857,2.1277537294374507,2.436052919644854,2.4761533688963264,2.218070977791825,2.6831503763610787,3.0423109532347654,2.1249100080421623,1.922571505169192,2.9017013233611677,2.1581057455185335
NN,0.6306804786429454,1.2296264847046454,2.300519333904915,2.42288189412707,2.5713524440127005,4.171097621890171,1.6479184330021646,0.9671607861079322,1.6079730953829978,2.6142265158010396,2.9755600321910927,1.5685359094806235,1.2435862814405005,1.5936825060316215,1.8054589563221122,1.6094379124341003
NP,0.358351893845611,0.3802888691543457,1.2178089750893693,1.2824746787307684,0.7611306094308558,2.3601055705923213,0.26823965207235,0.8853791700175675,1.2341498185834088,1.0061813911354045,0.5603964491378726,0.9460207179644181,0.708303336014054,0.5312275020105406,1.425224643604159,1.354025100551105
NQ,0.5100656043346173,3.61727958210638,0.8209786783322445,0.0,3.5926741886585014,0.19662627890412895,0.21371881967370676,2.5075818837807113,0.5212954460834371,3.7042637990949787,0.589878836712387,1.3032386152085929,0.0,0.0,3.6312719133530917,3.0447713407437966
NR,1.030196161345544,1.816816188299471,1.8054589563221122,1.2938747370452313,3.2363455472125247,2.8234964106008733,0.782697613105432,3.3948380467711106,1.6381800861513645,3.734553512380217,1.4573090814688832,0.9617346885316803,1.1401797148833273,1.3200661513668352,3.1216657325781414,2.8561040293721174
NS,0.5312275020105406,1.9057622316733407,0.40235947810852507,0.8239592165010823,1.7696365101371607,1.2178089750893693,0.5212954460834371,2.344884655308477,0.6707875940902697,2.904145533007038,0.9617346885316803,1.065582853203198,0.648636716351771,0.9241962407465937,2.5066474420887053,3.0338137593116232
NT,1.6769689852256742,2.6774497014365024,0.7021229274585992,1.6581150419206674,3.4007972549180563,2.4904390242279253,1.9414042052352638,1.804933601711853,1.832442421639441,3.55364279796777,0.7695198844840598,1.7837509699673704,2.5654043584874864,1.2591286416445535,3.358210908399211,3.6526441001277656
NV,0.22590060452618185,0.4518012090523637,0.3271598865740489,0.2030044099704045,0.716703787691222,0.1856786033352154,0.5493061443340549,0.0,1.0201312086692347,0.9729550745276566,0.20477251076892056,0.18483924814931874,0.0,0.9241962407465937,0.812017639881618,0.6090132299112135
NW,2.1581057455185335,0.7611306094308558,3.310008086590539,0.5941261547656673,0.7737286288863456,4.170472698944896,0.6338147819239095,3.609867203423706,1.068728898942307,2.7761238949166773,4.6863557800442575,1.1754535082053872,1.068728898942307,0.0,1.7343713162681,4.149399107321195
NY,1.1090354888959124,1.9344675489074454,1.7993793761572692,0.40235947810852507,1.8267134626340538,0.8239592165010823,0.9591581091193483,0.5493061443340549,0.5312275020105406,0.2558427881104495,0.9976572505229112,2.1249100080421623,1.3732653608351373,1.624035279763236,0.8239592165010823,1.2792139405522478
PA,0.6908812674669447,1.8512247278751133,0.7819431691251557,1.3411982603617503,0.6800874724461563,3.9454867693914446,0.8943834587870262,2.1628764146422275,1.5405122013354562,1.7962912954140562,3.800672070163553,0.8853791700175675,2.060694968905544,2.0851817843337486,1.5297220581415851,3.5039105161591384
PC,0.6931471805599453,1.1295030226309093,0.0,0.0,0.5493061443340549,0.9241962407465937,0.716703787691222,0.0,0.0,0.0,0.716703787691222,1.433407575382444,1.922571505169192,0.0,0.0,1.433407575382444
PD,0.9460207179644181,2.3886133897091244,0.2850449287208318,0.40235947810852507,2.9501782549873425,1.00119760962072,0.5100656043346173,0.0,1.1729147536877336,1.3032386152085929,0.7546565039466019,0.7648610290707926,0.47301035898220906,0.14719249777896742,0.5527050139735558,0.22893248029900976
PE,1.179757673424774,1.1350398320350574,0.6678888642054118,1.4753180863979252,1.253733371897854,1.764491969127296,0.38175883784155024,0.7920396908201012,0.9680485110023459,1.4707559619567143,2.8909785793240856,0.39097158456257786,1.0926586129582752,0.9139308063926613,1.3735948817940586,0.5936789904048105
PF,0.3153402393214727,0.26823965207235,0.511685576220899,0.0,0.3868643144431728,0.13224987267345018,0.0,1.881596248379375,0.7193685818395111,2.5196083297542313,1.5742952659685614,0.5373143022419374,0.29438499555793485,0.22590060452618185,2.3420228018822686,2.8560799050392647
PG,0.8163086118066144,0.9883917474658445,1.7044580746821845,1.9135024711265767,1.1401797148833273,2.7886828748717893,0.6773746494165749,2.2214696734501356,1.5902783572280677,0.9680485110023459,1.631003290415612,0.731983424424291,1.2019244742541026,0.6881919761644514,0.7404898911500453,1.3415751881805393
PH,0.27465307216702745,0.27465307216702745,0.6412373393653842,0.9729550745276566,0.5941261547656673,4.228902818742597,0.49073982986107334,0.354151668007027,0.5802964716647593,1.740889414994278,4.2883071052165755,1.6635532333438687,0.9591581091193483,0.708303336014054,1.1989476363991853,0.5312275020105406
PI,0.30715876615338084,1.9606496773890483,1.0027894097833427,1.2435862814405005,0.9214762984601425,0.8640162747257941,1.9567440327635797,1.0212323183436847,2.526907042396594,0.6327213275026117,3.261569648863758,1.4960317377159473,1.3032386152085929,0.5463293064791376,1.2591286416445535,0.8962969953778506
PK,2.5196083297542313,1.7169936022425731,1.3075917146550362,1.8512247278751133,1.3735948817940586,2.8183154688281626,2.4785424415005344,2.2018223543256226,2.642517374007695,2.00474260954429,1.2021891121941741,2.9275285023528363,1.8920414359288362,0.6748666190238822,2.3571761654161474,1.5133864427134096
PL,0.6806473593758392,1.84989323887799,1.2246683092077244,2.284950741776536,2.471877649503247,2.4812421120087693,1.0393760016687195,2.049269951646985,1.3862943611198904,2.9324602345972517,0.871742626731093,2.3198059986269253,2.6327235234386124,1.2036393042147413,2.672608377752104,3.1949748588948013
PM,0.0,0.0,0.40235947810852507,1.433407575382444,1.5350567286626973,0.7883505983036818,1.2070784343255752,0.0,0.0,2.436052919644854,0.3243183581758855,0.0,0.0,0.8239592165010823,1.6479184330021646,1.9459101490553132
PN,0.9036024181047274,1.9478341740386487,0.2558427881104495,0.8239592165010823,1.700218681115391,1.4787139851945499,0.5545177444479562,2.0402624173384694,1.1295030226309093,1.5936825060316215,0.6090132299112135,0.6777018135785455,0.0,0.9241962407465937,1.6635532333438687,1.624035279763236
PP,0.5312275020105406,2.2609806252953213,0.7036960099990667,0.2558427881104495,2.0036665926162356,1.2687156655010596,1.0814445339727092,2.182651648120075,1.3817625349338893,2.988187480870488,1.479209712752637,1.3032386152085929,1.3411982603617503,0.39097158456257786,2.765993003203175,3.1924409057443794
PQ,0.5312275020105406,2.7400701939510808,1.0201312086692347,2.5503280216730864,1.6215917908794277,2.4925998801793026,1.2827021792437432,1.9789395845202251,1.1728266833317778,2.1110880299972,3.4432289060802037,2.182651648120075,2.355079964463479,1.770758340035135,2.739441645869012,2.535259127695638
PR,2.207381675250309,2.210284285450008,1.9344675489074454,1.8920414359288362,1.4787139851945499,1.6744873407478829,1.8776775645064505,1.709966238307691,2.2800370426149756,1.5474572577726913,3.0083682293500282,2.3477565793159436,2.453699149305367,1.6581150419206674,2.0117973905426254,1.7993793761572692
PS,2.206672057727026,1.4825876211987667,1.7051556809708837,1.4387371636790223,1.641957356664489,2.4378601940116766,0.22359586469675655,1.030196161345544,1.6389617890579997,0.11179793234837827,2.337748098797214,3.0294426596191073,1.4722194895832201,0.8831549866738045,2.9755661323020512,2.7116378460852935
PT,1.5350567286626973,0.9729550745276566,1.2613609572858908,1.4853153869141684,1.6215917908794277,0.9729550745276566,1.3732653608351373,0.3243183581758855,1.1605929433295186,1.709966238307691,1.1605929433295186,0.9036024181047274,0.7193685818395111,0.5493061443340549,1.1989476363991853,0.4518012090523637
PV,1.1350398320350574,1.6048524056196551,0.9031661992221,2.137836965406238,1.030347484452772,0.7409619891245082,0.5700898574416636,0.9411215456883741,1.2320617412757129,1.6711074300169386,0.15057863630264473,0.6370746393016615,1.6043947641584313,1.267629563847819,0.8083245014262069,0.8355537150084693
PW,0.0,0.0,1.0150220498520226,0.0,0.0,0.46209812037329684,0.0,0.0,0.0,0.23978952727983707,0.2510965827202212,1.877130945780327,0.9241962407465937,0.0,0.2763525069867779,2.289324802990097
PY,2.457828486301612,2.595451697570672,0.9411215456883741,2.060694968905544,1.9241690457065566,2.8848840320486047,2.2493914712279164,0.354151668007027,1.9701524415537708,2.681966754156362,0.35617921145144027,0.9617346885316803,1.3817625349338893,1.068728898942307,1.7592400249976667,1.619117475568642
QA,0.9023871752056917,3.9351111589269334,1.5267047520150205,2.072643802400834,4.094255521563367,1.8832405981056337,2.040289258969154,2.8347004557537088,2.093483462175518,2.77343457890752,1.719248344754852,1.9041379463487513,1.9234693770633606,1.1641809881908647,2.6306186945995176,2.9614481839078937
QC,0.0,0.0,0.0,0.0,0.0,0.0,0.0,0.0,0.0,0.0,0.0,0.0,0.0,0.0,0.0,0.0
QD,1.3601749448923126,1.6028911475528007,1.1754535082053872,1.4853153869141684,0.5364793041447,3.1415030828181187,0.7480158688579737,0.2850449287208318,0.3153402393214727,1.103336028863513,0.5345980292118107,0.5723312007475243,1.1295030226309093,0.9122670306460151,0.10926586129582751,0.0
QE,0.8239592165010823,0.8501093405576955,1.4787139851945499,0.891189232148501,1.5936825060316215,0.4864775372638283,1.030347484452772,2.9921499430981595,0.812017639881618,2.826042882116693,1.9713201293808422,2.235441717387512,0.5493061443340549,1.709966238307691,2.0318890288062152,2.2359586469675654
QF,1.1882523095313346,1.4962204585192298,1.7993793761572692,1.6215917908794277,1.4787139851945499,0.0,0.358351893845611,0.5941261547656673,1.4853153869141684,1.0986122886681098,2.0303287869002142,1.7592400249976667,1.6094379124341003,0.9241962407465937,2.137836965406238,2.207381675250309
QG,1.6865725539781626,2.4857691554172012,0.8800441009112234,1.9548579228128893,1.4150350991356175,3.446094921984209,0.9181301665361196,2.4067029672133837,1.3751063412946218,1.3345833731455765,1.2825551207060828,0.8236597895548705,2.2800370426149756,1.4042458549171983,1.4156704580814317,2.362016420636436
QH,0.0,0.29706307738283366,0.358351893845611,0.891189232148501,0.358351893845611,0.2510965827202212,1.297273432703542,0.46209812037329684,0.8047189562170501,0.42749155957692275,0.31454605061794605,0.46209812037329684,0.6777018135785455,0.3243183581758855,0.0,0.0
QI,1.1248379155601986,2.2048194350345898,1.8413749399482888,2.1459172165788,3.222811340020327,3.525182583644034,0.19336868040121963,3.2262110314989205,0.4325752829284454,2.581738878370058,3.3930869866157947,1.8362556964254564,2.0477251076892053,1.2822451612251848,1.5633873496365773,2.862626728024187
QK,3.1005119261961127,2.5577549576515954,2.548298557206646,0.7359624888948371,2.50597865008482,3.49650700799608,2.124577935781856,3.5511890631625778,2.4503342922616804,2.234353251989735,3.65053815372278,1.9399788034228969,0.7611306094308558,2.077876466416837,2.488596903472311,3.3286553898787936
QL,0.48104226142663914,2.293468701485981,1.5133864427134096,0.9814796597221467,0.48104226142663914,4.1555184019338265,0.8307216930314267,2.1081139108384748,0.7819431691251557,0.5388830009508047,3.502706075355842,0.5895979579731739,0.7359624888948371,2.2206614574763934,0.30406884421855557,1.9517707473488592
QM,1.5633873496365773,1.2823129180422406,0.5802964716647593,0.0,0.1934321572215864,0.0,0.29438499555793485,0.29706307738283366,0.5100656043346173,0.0,0.771276136027294,1.2069109216789,1.068728898942307,0.358351893845611,0.731983424424291,0.9460207179644181
QN,1.7993793761572692,2.060694968905544,1.2178089750893693,2.707926822847902,2.2078874666845114,1.1060519589857385,1.641957356664489,1.9183162182386966,1.3700350969755404,1.624035279763236,0.6881919761644514,1.993805361664022,2.2800370426149756,2.402910225941144,1.4387371636790223,1.8920414359288362
QP,1.1754535082053872,2.7348802085000257,1.3111903355499301,1.624035279763236,3.374333095119411,1.7633763544019552,1.2341498185834088,0.37024494557502263,1.7887669175740524,2.17617038357525,3.8351053394817125,2.893902556178549,0.9671607861079322,0.7126123218020795,1.987746224331406,2.0386388457653166
QQ,1.9478341740386487,2.1249100080421623,0.7675283643313486,0.0,0.511685576220899,0.0,0.16357994328702444,0.5941261547656673,0.29706307738283366,0.0,0.0,1.8072048362094548,0.0,0.40235947810852507,1.5474572577726913,0.0
QR,1.770758340035135,1.1401797148833273,1.8270396897336403,1.2070784343255752,1.740889414994278,1.530196813003852,1.8920414359288362,1.6357994328702448,2.2330485096744495,1.7962912954140562,2.345829507375467,2.3548838738425864,0.6090132299112135,1.354025100551105,2.794948308709457,0.8239592165010823
QS,2.5191090777170784,3.2872675668207334,1.673977218134808,1.2395308380245946,2.507466743795708,3.7513075679559074,1.4880611219435633,1.3943925202326009,0.5342970491842669,2.654454765205741,3.0807790305169287,1.9241690457065566,1.1090354888959124,0.9460207179644181,2.1501113630736657,0.6543197731480977
QT,1.4962204585192298,1.297273432703542,1.3601749448923126,1.1295030226309093,0.7675283643313486,0.23978952727983707,1.355403627157091,0.3243183581758855,1.6581150419206674,1.3086395462961955,1.2070784343255752,1.023371152441798,0.29706307738283366,1.023371152441798,1.2792139405522478,0.648636716351771
QV,0.17002186811153908,0.6089044875446846,1.1605929433295186,0.8047189562170501,0.47301035898220906,0.5545177444479562,0.6412373393653842,0.9814796597221467,0.812017639881618,0.6555951677749651,0.5096597114413292,2.4187911526491463,1.0150220498520226,0.716703787691222,0.6656242989378047,2.678363549015693
QW,0.8831549866738045,1.6357994328702448,1.4809797823000905,2.2590060452618186,0.0,4.173474089978082,0.9640951700341174,2.359515346849548,1.9033312448851598,0.6411564590211203,0.7544386908946984,0.3271598865740489,2.137836965406238,0.9814796597221467,0.6705991301808751,2.3062474107536373
QY,0.0,3.3764955882988055,0.33539379704513483,1.4210308697928313,2.7761238949166773,3.574817107601474,0.9833927516624476,2.2579154980552496,0.6381387153166727,3.8082758926975027,3.1123601735529838,1.2613609572858908,1.8512247278751133,1.1502596669524574,3.673710055459387,3.2098325381307524
RA,1.1569142040409408,0.5723312007475243,1.4461427550511763,2.345829507375467,1.0238625538446027,1.3700350969755404,1.0926586129582752,2.154970258541292,2.0913812126408318,1.2823129180422406,1.6079730953829978,1.7910476741397916,2.289324802990097,1.9548579228128893,2.4572701292270467,2.6401323027336705
RC,0.0,0.812017639881618,1.218026459822427,0.5493061443340549,0.4518012090523637,0.0,0.0,0.716703787691222,0.8239592165010823,0.0,0.0,1.218026459822427,0.812017639881618,0.716703787691222,0.5493061443340549,1.355403627157091
RD,1.4753180863979252,1.7746813893869464,1.9005648499224306,1.1036908376251544,0.9388387822532253,1.6028911475528007,1.8512247278751133,1.3247324800107068,1.3674401042500128,1.3032386152085929,2.422018637869794,1.7068270974138304,1.9789395845202251,1.354025100551105,2.0241014320958137,1.3674401042500128
RE,2.4829537817641634,2.123185841671136,2.745765330622249,2.1371881967370676,2.7116378460852935,1.6598052729066601,0.9385654728901635,2.181512444500744,2.5350388829068753,3.3949629059900697,2.4192455692322237,1.5405122013354562,2.595004917598055,1.3185177403766084,3.3730443621035024,2.6096052646649794
RF,0.9411215456883741,0.5723312007475243,1.7592400249976667,1.709966238307691,0.8873406946934732,1.831459842392078,0.8290575209603337,1.5936825060316215,1.0150220498520226,1.253733371897854,1.5730102312330316,1.641957356664489,1.5936825060316215,1.416606672028108,1.5246746883313111,1.5767011966073636
RG,3.5450779474257,3.5074915927993575,3.613264901442189,1.641957356664489,3.5831123277577475,3.7822384158803883,3.9493059381645743,3.5963685173657822,3.1739969441628038,2.6972763880243367,2.5929871767410164,2.512636675552349,1.9453388523047452,3.576683440030145,1.698300171008975,3.3580870684709003
RH,1.0986122886681098,1.9459101490553132,1.218026459822427,1.0986122886681098,1.6785266909588594,0.46209812037329684,0.46209812037329684,0.891189232148501,0.7675283643313486,0.46209812037329684,0.648636716351771,0.891189232148501,1.7908995167731467,1.791759469228055,0.7675283643313486,1.3732653608351373
RI,1.9234693770633606,1.842952596920285,1.6165374785176179,2.3138284080818816,1.9659128163621629,1.4533731205289175,1.6479184330021646,1.2036393042147413,1.6720837917313247,1.8039084803498968,3.17722293135754,3.226134883963766,2.006065507024569,1.856786033352154,3.478298905422339,3.564756928594004
RK,2.029738222153324,2.706317629537765,2.1090710916753723,2.7635250698677787,2.5995004466930154,1.7376969578937065,2.0614977243443713,2.131165706406396,2.3886133897091244,2.1512657869302565,1.9636748184539436,1.8867134655141566,3.099014681240335,2.345829507375467,2.093461423618525,2.526907042396594
RL,1.4463756386736581,1.7327362576433787,2.1793734613978843,0.9672337744537227,1.9946035841280654,2.0445493290166494,1.1289577490276248,1.9234693770633606,2.07576730900269,1.596744083848223,1.8413749399482888,2.204220443002444,1.9360970220046918,1.9360970220046918,2.07576730900269,1.7353713060614113
RM,2.961959564600181,2.7081884344831684,3.0905884840366316,0.648636716351771,3.2416408795932887,4.062476801839241,3.564756928594004,2.8852040655950413,2.718795576433081,1.1450596030091713,3.305095170455824,2.66202208408042,0.2030044099704045,3.1303421057545915,1.2026056535665979,2.3702295140333556
RN,1.5350567286626973,1.974639709733454,2.8510810441098697,1.3601749448923126,2.6064772304171857,2.281733214926074,2.284950741776536,2.0980546915917953,2.7081884344831684,2.252497618458126,4.50818559954736,4.463340048286639,1.1090354888959124,1.831459842392078,4.396013763121683,3.1304224703007115
RP,1.700218681115391,2.154970258541292,1.3228662189232576,0.406008819940809,1.974639709733454,1.218026459822427,1.7102695723249906,1.4190310769466272,1.3943925202326009,1.8575196420290676,1.6765812880406339,2.523135709220445,0.7359624888948371,0.8853791700175675,2.044429611063216,2.509657455168998
RQ,3.036644791024522,2.594471603571191,2.4489258354198435,2.244047606573921,2.3198059986269253,2.483322576021851,2.046434533081743,2.77245107152974,2.5710017480608767,1.8289707039383931,2.423814132577091,2.216606213243144,2.1270229980494975,2.8323301613662393,2.155188430891384,2.3354292650692847
RR,3.8305500289782453,3.8708656836647566,2.7449095483446673,2.6405606878474104,3.1927670370804857,2.1239514964895445,3.573238793603249,3.3319884423677375,3.617552992568885,4.063333327907451,2.882224721105211,2.4925998801793026,3.044607333229986,2.6366694928034633,3.4343857524388146,2.5615874395587315
RS,3.222811340020327,2.9599531663175678,2.2828680382241764,2.518257283289107,1.9946035841280654,3.304211376958083,2.5393406387561006,2.261202207397483,2.9777189351640914,2.80312841292731,1.580540848638675,2.137849491912681,2.5917146190251588,1.9453388523047452,2.5308853100104467,1.9234693770633606
RT,3.0477073230139986,2.7761238949166773,1.894417515976202,1.7343713162681,1.4190310769466272,2.139776046014669,1.6033871189345108,0.32779758388748254,2.6035534473097637,1.8575196420290676,2.4577885771887087,3.3507674804377348,1.7353713060614113,1.2019244742541026,2.9755661323020512,2.7781978493212343
RV,1.1054100279471115,1.9005648499224306,2.789113213116302,2.2803594297666545,1.8822430913767483,0.6908812674669447,1.797146400722174,1.3247324800107068,3.093304267790546,1.1728266833317778,1.1207928982757451,0.9784300491572749,1.0624550040210812,1.9241690457065566,1.1570131094826426,0.4936599274333635
RW,1.1989476363991853,1.9234693770633606,2.3477565793159436,2.033105440735637,0.9591581091193483,0.9831313945206448,2.049711555589573,1.354025100551105,2.3509070164107744,1.6479184330021646,0.5465898279949389,0.8651505658568908,0.9460207179644181,0.6777018135785455,0.8355537150084693,1.2780708128768383
RY,2.344884655308477,2.355079964463479,2.66202208408042,1.2824746787307684,2.218070977791825,2.676109360377779,1.6581150419206674,1.5677471079645748,1.4787139851945499,2.0851817843337486,3.8355557389052226,4.44937935439536,2.5917146190251588,1.6785266909588594,4.548462875933109,3.69978647775598
SA,3.1479940371132558,2.5745466706512254,1.4586027778666804,0.8831549866738045,1.783808990044652,1.4204561968457576,2.461392187650023,1.4809797823000905,0.9460207179644181,1.8471718443692866,1.2297772558321611,2.1501113630736657,1.8072048362094548,1.1775399822317394,2.1415154528426634,1.4722194895832201
SC,0.648636716351771,0.511685576220899,1.218026459822427,0.46209812037329684,0.7193685818395111,0.9591581091193483,0.17002186811153908,0.0,1.0150220498520226,0.3271598865740489,0.3243183581758855,0.4518012090523637,0.0,0.29706307738283366,0.2558427881104495,0.5941261547656673
SD,0.5887699911158697,1.641957356664489,0.21371881967370676,0.3243183581758855,1.1446624014950486,0.6245610349152357,0.5545177444479562,1.9629593194442934,0.4691306733327111,1.2178089750893693,1.0963581600185788,2.550728268836335,0.7393569925972749,1.3700350969755404,1.810580291611259,2.4208836293463136
SE,0.9976572505229112,3.4161800204215464,1.3032386152085929,1.1295030226309093,3.608536697179722,2.6867229667246675,3.300700859809263,3.498742911397819,2.395116125772334,3.747366209491414,1.7266637407130017,2.5524275976593964,1.9478341740386487,2.9501782549873425,3.3394443210270595,3.3839771700689996
SF,3.1681587632804047,2.9683949520240525,2.3420228018822686,1.297273432703542,1.5649536001542537,1.0201312086692347,0.2030044099704045,2.1249100080421623,2.1628764146422275,1.9789395845202251,0.9214762984601425,1.7278097460167723,2.1265392627313178,0.7883505983036818,2.02820730215651,1.9789395845202251
SG,2.6972763880243367,2.1130599809525545,1.1289577490276248,1.5222612188617115,1.2422496090794068,1.1531237053768186,2.556153720359548,1.0456906063204159,2.5279829608596995,1.9212670502533715,0.7210929905159551,1.4413500429972224,1.014103651078255,1.3575648004417495,1.3080284688639852,0.7835942651931685
SH,1.5350567286626973,1.1989476363991853,0.9591581091193483,0.0,1.6215917908794277,0.0,0.23978952727983707,0.46209812037329684,0.36967849629863747,0.891189232148501,1.218026459822427,0.812017639881618,0.648636716351771,0.0,0.5312275020105406,0.8239592165010823
SI,3.3667148770054482,2.9448986713947054,0.6748666190238822,0.891189232148501,2.280458866980109,3.991292298136274,1.5267047520150205,0.4691306733327111,2.1550338184308346,0.5589896617418914,0.28009281105557826,0.5070518255391275,0.8549831191538455,0.1934321572215864,1.0814445339727092,0.5864133416658889
SK,1.2019244742541026,0.376319249675875,3.5376698593552316,1.425224643604159,1.1246957356139582,1.9023099803772576,0.3582095348279583,2.122458164205806,2.212103917971477,0.6327213275026117,3.1733331011090122,1.014103651078255,0.5887699911158697,2.4084431979255996,0.8059714533629062,1.8944223406764356
SL,1.2773952670785782,1.202845565726574,1.1551575050955858,1.530196813003852,1.1851147570166778,1.596744083848223,1.881596248379375,1.7887669175740524,1.103336028863513,2.1556045131951005,0.9542089093413956,1.4230812116619245,2.0591494738871763,1.2591286416445535,1.6811893474136177,1.877130945780327
SM,0.9672337744537227,1.1605929433295186,0.708303336014054,0.9036024181047274,1.3862943611198906,2.348092839316296,1.782378464297002,1.2824746787307684,1.416606672028108,2.321185886659037,0.8160591198637506,1.7169936022425731,0.5100656043346173,0.7193685818395111,0.6170749092917044,2.2803594297666545
SN,0.8239592165010823,1.8822430913767483,1.0061813911354045,1.2938747370452313,1.6479184330021646,1.9344675489074454,0.5545177444479562,0.8549831191538455,0.771276136027294,1.2435862814405005,1.4461427550511763,1.5045491302684268,1.068728898942307,0.4518012090523637,1.7592400249976667,1.6581150419206674
SP,2.0937229779857494,2.5710017480608767,1.0238625538446027,1.9344675489074454,1.6479184330021646,3.127448801056622,2.4084431979255996,0.6867974408970293,2.0445493290166494,2.6386596887993212,2.032272070613961,2.1140138992061557,2.0913812126408318,1.5222612188617115,1.61213685822484,2.3104906018664844
SQ,0.8355537150084693,2.800928110555783,1.4880611219435633,1.3411982603617503,2.6863007214095154,4.003508633647201,1.174046419658148,3.7511182450078286,1.1350398320350574,3.822579755890413,3.969564481785712,1.9659128163621629,1.2435862814405005,0.6274143637922495,3.324909319864716,4.116386884970536
SR,2.1550338184308346,1.9144064986893725,2.046434533081743,2.359515346849548,2.3902805705654218,2.707161525617075,1.415457227780757,2.8377856340389984,1.4720319735891594,2.551559812594918,3.811454713176799,3.621132413750902,2.762062409922433,2.2238814317981506,3.8660181622073497,3.1056667675586724
SS,3.044607333229986,2.624645718832052,2.2083111109989297,0.9133567313170269,2.3749216457801614,2.6911554291857596,2.7483033048491037,1.103336028863513,2.00474260954429,2.637035480753217,1.707594591231266,2.0871936349478184,1.9241690457065566,1.0685940983685338,2.0386388457653166,2.0477251076892053
ST,3.16108169727735,3.0631412184823863,1.7405663415358248,1.709966238307691,2.3138284080818816,0.5624189577800993,2.1371881967370676,0.9814796597221467,1.9459101490553132,0.7819431691251557,0.8906893372375508,1.5840793816402023,1.4210308697928313,1.2792139405522478,1.4080705614579576,1.4210308697928313
SV,1.709750557389654,2.1512657869302565,1.4161650806831196,1.1450596030091713,1.2354896843323058,0.8019305789363289,1.3178556632877927,1.9014443457717283,1.489742861509858,1.5649536001542537,2.5216272415312724,3.138281951452057,0.8549831191538455,0.9133567313170269,3.376705584794529,3.093898886419514
SW,1.1450596030091713,0.6090132299112135,0.7036960099990667,0.36967849629863747,0.0,0.0850809199219799,0.39097158456257786,0.0,1.0238625538446027,0.0,3.415189182462532,0.5887699911158697,0.2030044099704045,0.21374577978846138,0.6777018135785455,0.40235947810852507
SY,3.2886990913386493,3.5223297834328826,1.6389617890579997,1.740889414994278,2.7707977672498387,1.914416145950018,2.9999448131269415,1.1450596030091713,2.1628764146422275,1.8317808230648231,0.7021229274585992,1.7696365101371607,1.354025100551105,0.812017639881618,1.856786033352154,1.3086395462961955
TA,0.7293013889333402,1.1569142040409408,1.0846551384341174,1.7887669175740524,1.3575648004417495,1.1316126822570367,1.2320617412757129,0.6867974408970293,1.908794189207751,0.5342970491842669,0.6566523687916036,1.5493325759702523,0.9831313945206448,1.4880611219435633,1.2104418146731568,1.6169545036177855
TC,1.3601749448923126,1.4190310769466272,1.6635532333438687,1.297273432703542,1.1090354888959124,1.218026459822427,0.7737286288863456,1.1882523095313346,1.8483924814931874,0.5100656043346173,0.5545177444479562,0.9591581091193483,1.0750556815368328,1.1295030226309093,0.5545177444479562,0.29706307738283366
TD,1.1450596030091713,2.0760513646207226,1.0425908921668743,0.812017639881618,1.993805361664022,0.7126123218020795,0.5070518255391275,2.3477565793159436,1.1775399822317394,1.5651710528772957,1.6711074300169386,1.6381800861513645,1.9344675489074454,2.0117973905426254,1.816816188299471,2.678363549015693
TE,0.8236597895548705,2.1526498103065124,0.7077286138903786,1.1450596030091713,2.4844992181588137,2.9510495720998495,1.262212289933749,3.2579810095598525,0.8717278097700241,1.5617263329674698,1.806209577866374,0.44374953262520317,1.842952596920285,1.9684663522303476,1.3031521895080955,2.698016687892679
TF,2.1265392627313178,1.5223905230188228,1.2178089750893693,0.5493061443340549,0.5802964716647593,0.47957905455967414,0.891189232148501,0.5312275020105406,0.9814796597221467,0.10926586129582751,1.4809797823000905,1.619117475568642,0.9591581091193483,0.716703787691222,0.4936599274333635,1.2341498185834088
TG,1.1107348367250678,0.5280264605467341,0.6748666190238822,1.3228662189232576,0.7480158688579737,3.8855432866434634,0.5589896617418914,2.3283619763817294,1.2296264847046454,0.5527050139735558,0.4310067636861669,0.8024262028098276,0.5212954460834371,0.4471917293935131,0.6927549963721966,0.7404898911500453
TH,1.5813042316832728,1.530196813003852,0.9671607861079322,0.648636716351771,0.7393569925972749,0.9241962407465937,1.355403627157091,1.4853153869141684,1.218026459822427,1.0986122886681098,1.9789395845202251,1.267629563847819,1.1989476363991853,0.3243183581758855,1.4719249777896741,0.7193685818395111
TI,1.6025273620930682,2.3199782008429097,1.3572324712709893,1.3086395462961955,1.6711074300169386,2.580672462046791,1.1009111771628113,1.4190310769466272,1.891733053391762,1.4228806354145866,1.1436777446258457,0.5463293064791376,1.1989476363991853,1.065582853203198,1.6079730953829978,0.6090132299112135
TK,2.03876872195286,1.7068270974138304,2.5900935650378925,1.831459842392078,2.3590953796345953,2.0982684158456983,2.1500640962883697,2.4725158851046243,2.217643237132057,2.397339879288756,2.4495947708774164,1.867949649589225,1.6513667657442168,2.595004917598055,2.596458208520107,2.85010172115775
TL,1.4461427550511763,0.8290575209603337,1.8413749399482888,1.2435862814405005,0.987319854866727,1.9005648499224306,0.42756739308124764,1.0150220498520226,1.65580469857385,1.1569142040409408,1.6437860751280926,0.6555951677749651,1.0425908921668743,0.6543197731480977,0.5864133416658889,0.7404898911500453
TM,0.0,0.648636716351771,0.0,0.6931471805599453,0.40235947810852507,0.6931471805599453,0.40235947810852507,1.0986122886681098,0.9241962407465937,0.5493061443340549,1.1295030226309093,1.1090354888959124,0.5493061443340549,0.9241962407465937,1.2938747370452313,1.5813042316832728
TN,0.5212954460834371,3.1010246554822523,1.7068270974138304,0.8551347861624953,3.2966711409186336,1.376824875404515,1.5544796980373556,2.2246250055565353,1.5405122013354562,3.436887369631404,1.015326513705077,0.9385654728901635,1.4753180863979252,0.5342970491842669,3.020131984758291,3.1276427763824732
TP,0.8190900430756822,2.217088490734862,0.3713572066704308,1.4073920199981333,2.4749533299647455,2.4215914926634823,1.930254435919339,1.985145956776061,0.6018196521073707,3.2427887688524573,1.4168947258100915,1.3228662189232576,1.7169936022425731,1.1446624014950486,2.8250154000274716,2.4774233016425056
TQ,0.22590060452618185,1.6028911475528007,0.11728266833317777,0.9036024181047274,0.2030044099704045,2.7400902989453577,0.8943834587870262,0.42756739308124764,0.24052113071331957,1.1729147536877336,0.3653725608892556,0.48104226142663914,2.218070977791825,1.3575648004417495,0.6707875940902697,0.7883505983036818
TR,2.5917146190251588,2.2945830872123776,2.7079638646763735,2.02820730215651,2.3138284080818816,1.6744873407478829,2.461392187650023,2.4141568686511503,2.5393406387561006,2.0303287869002142,4.26011644965627,4.126135972467076,2.02820730215651,2.5254718724898555,4.271631631308529,3.35172379362114
TS,1.8920414359288362,2.1371881967370676,2.1628890679454185,1.7993793761572692,1.542552272054588,0.8873406946934732,0.7359624888948371,0.9591581091193483,2.8780183516958386,0.7215633921399587,1.7482537807332401,1.894417515976202,1.7993793761572692,1.354025100551105,1.4461427550511763,2.2803594297666545
TT,1.0201312086692347,2.0419420781275175,1.1446624014950486,0.9671607861079322,2.5561416257536766,3.147340739316521,0.20913812126408315,2.1879041668000205,1.2823129180422406,2.5959600973225414,0.898086413347844,1.2026056535665979,0.6543197731480977,0.2850449287208318,2.422018637869794,2.8582844319620415
TV,0.6143175323067617,0.10926586129582751,1.830466822078963,0.36078169606997934,0.23456533666635554,1.3000074044667354,0.13817625349338894,2.1270229980494975,1.211009318934897,0.7657282792978191,3.8283860602559243,0.3009098260536853,0.33539379704513483,2.0591494738871763,0.6013028267832989,2.0937229779857494
TW,0.0,2.8741393509268014,0.0,0.0,0.0,1.7286612496473288,1.8877582312611538,0.0,2.246785643899243,0.0,0.07110276867063747,0.40539794771985693,0.0,0.0,0.25782490720162615,0.1750333019001207
TY,1.9033312448851598,1.9028935265293434,0.5119312769223013,0.40235947810852507,1.3497332380477645,3.578236523422073,1.1911328789077185,3.137071818961247,0.10926586129582751,0.22359586469675655,0.31370718189612473,0.7021229274585992,1.8072048362094548,0.4518012090523637,0.24052113071331957,0.47301035898220906
VA,2.1270229980494975,2.17931952442506,1.1440573311845905,1.7962912954140562,1.4746970917809672,0.8848182550685804,0.945866526695881,1.0729586082894,1.7068270974138304,1.2794854488979748,0.7921682063542231,1.1570131094826426,0.812017639881618,1.6479184330021646,1.1965768119156124,0.8290575209603337
VC,0.9591581091193483,0.9814796597221467,0.9672337744537227,0.0,0.0,0.0,1.0986122886681098,1.2938747370452313,1.1775399822317394,0.22590060452618185,0.31934881676964455,0.8848182550685804,0.8549831191538455,0.0,1.3310213199979837,0.8418239574966185
VD,1.2613609572858908,1.8362556964254564,1.3086395462961955,1.766309973347609,0.354151668007027,1.9396647992106024,0.716703787691222,1.8166099672265075,1.641957356664489,0.8676856530307057,0.6231499700448256,0.30715876615338084,2.7966574578003813,1.433407575382444,0.9833927516624476,3.4684917402475626
VE,1.463966848848582,1.3391817745078465,1.5045491302684268,1.3575648004417495,1.3039425795659698,0.39918602096205574,0.7648610290707926,1.3086395462961955,1.842952596920285,0.836988609067404,0.41865183508982656,0.8107958954397139,0.6306804786429454,0.708303336014054,0.9783720163817898,0.5364793041447
VF,1.9005648499224306,2.1210093740750584,0.7215633921399587,1.5199387884272784,1.0624550040210812,1.5276771210469997,0.8290575209603337,0.6338147819239095,0.9382613466654222,1.1901530767807735,1.2930202910585007,1.3111903355499301,2.4038489485082053,1.2070784343255752,1.6581150419206674,1.6048524056196551
VG,0.3044522437723423,0.7293013889333402,2.7064311512993546,1.3817625349338893,1.0212323183436847,2.88725717712245,0.5765618526884093,2.5561416257536766,1.6079730953829978,1.0222746645083247,3.939605407364967,1.1351142536155994,1.1054100279471115,0.8853791700175675,0.8508091992197988,2.854340289794015
VH,0.0,0.0,0.7883505983036818,0.27465307216702745,1.218026459822427,0.0,1.6479184330021646,0.22590060452618185,0.0,1.0624550040210812,0.11446624014950488,0.47957905455967414,0.27465307216702745,0.40235947810852507,0.3271598865740489,0.12026056535665978
VI,1.2773952670785782,0.801897043817716,1.0846551384341174,0.7359624888948371,1.2979800486612707,2.88291843473072,0.49419587373292223,2.077876466416837,0.7077286138903786,0.7863651265448652,0.9861033515107412,1.0691960584236213,0.5723312007475243,2.192466060892433,1.2997502233465077,1.8483924814931871
VK,1.7542231414232194,2.5191090777170784,1.9852436505583921,2.564625836084481,2.021968833855699,2.8814232385218728,2.3027538892109827,2.5088106605683964,2.538316284262693,1.5329546907302523,0.6270848513235096,1.4388058524606588,2.3138284080818816,1.0689247459563405,1.414910317633467,2.4403929224982095
VL,0.945866526695881,1.5169068796558116,0.9925729783880305,1.179757673424774,1.4042458549171983,1.4762038043918648,0.5955664394538592,1.0814445339727092,0.8751665095006035,1.908794189207751,3.9808426409244793,2.521469579630333,1.6033871189345108,1.2533237210443526,2.497310906971655,2.274216354704166
VM,0.0,0.0,1.1054100279471115,1.7993793761572692,1.5350567286626973,1.4722194895832201,0.0,0.7611306094308558,1.3411982603617503,1.1295030226309093,1.5919144865275696,2.665793124888252,1.1090354888959124,1.1295030226309093,2.0095490848909057,2.637035480753217
VN,0.9814796597221467,2.6157834113653298,2.806639653362006,1.065582853203198,2.7707577665539302,2.748441180655493,2.1313399385206577,3.219066619245737,3.044607333229986,3.0174016479316323,3.336584302787234,1.6479184330021646,1.1295030226309093,2.3702295140333556,2.713224775272863,2.960336552835806
VP,0.3044522437723423,1.0404531793654692,1.0729586082894,1.5199387884272784,1.0729586082894,0.42310964347526825,1.2297772558321611,2.4102379250852937,1.5651710528772957,0.5119312769223013,0.7544362013311265,1.0030327535122845,0.5545177444479562,1.7102695723249906,0.8800441009112234,3.4056980948711404
VQ,1.6443495456693247,1.5566568031607573,1.2069109216789,1.3228662189232576,0.854875278694827,4.4421587548871,1.5337724575978473,0.7920396908201012,2.3680279258455443,1.1316543019966898,3.621455702741333,1.2179085362975186,1.4586027778666804,1.253733371897854,0.7633523760075103,1.0023165285543958
VR,1.8039084803498968,2.1370752687086414,2.09247152266851,1.4787139851945499,2.0055788195666855,3.459867982178621,1.0027894097833427,2.6713017305335423,1.2901093516649556,1.0043863308808847,4.312547093948217,3.0053105335037893,2.281733214926074,3.1145420370848074,2.3891123474315084,3.3234665069057368
VS,1.9662627890412896,2.137849491912681,1.4586027778666804,2.218070977791825,2.467346677737417,1.546652133895273,1.4746970917809672,2.1879041668000205,1.2997502233465077,2.077876466416837,0.891904495022326,0.8581822235504084,1.7102695723249906,1.2178089750893693,1.7783139031376556,1.4854288266817233
VT,0.8365524850563326,1.1397734766446088,1.3017767236548818,1.993805361664022,1.1351142536155994,0.6361392728942638,1.1795476898172976,1.8594088087442011,1.855246845015033,1.1647475948491048,1.1814015068036325,1.056224275138964,0.8365524850563326,1.3247324800107068,1.1830591704021756,2.6380421316406477
VV,1.2613609572858908,1.0939520834000103,1.6713233706850963,2.0760513646207226,1.065582853203198,1.4506835837978906,0.7611306094308558,1.0212323183436847,2.4017363779612597,0.7920396908201012,0.7388687377477147,1.2581842024717842,1.3415751881805393,1.1450596030091713,1.2701684337529042,1.542552272054588
VW,0.5941261547656673,0.8047189562170501,1.1882523095313346,1.3732653608351373,0.0,0.648636716351771,1.2792139405522478,0.8047189562170501,0.29706307738283366,1.023371152441798,1.1882523095313346,1.740889414994278,2.321185886659037,1.023371152441798,1.023371152441798,2.033105440735637
VY,0.2030044099704045,0.8741268903666201,1.4210308697928313,1.4853153869141684,1.1179793234837827,0.5504555885814056,1.7169936022425731,0.29438499555793485,0.8501093405576955,0.6705991301808751,0.3646506944666701,0.7393569925972749,0.891189232148501,1.0986122886681098,0.5119312769223013,0.28375995800876436
WA,0.0,0.0,0.0,0.0,0.0,4.429389911873508,0.2030044099704045,3.7412366108471917,0.3271598865740489,3.0493493766626223,4.600203099168082,0.40235947810852507,0.0,0.5493061443340549,0.0,3.871201010907891
WC,0.0,0.0,0.0,0.0,0.6931471805599453,0.6931471805599453,0.0,0.0,0.0,0.6931471805599453,0.0,0.0,0.0,0.0,0.0,0.0
WD,0.0,0.0,0.0,0.0,0.0,0.0,0.0,0.0,0.0,0.0,0.0,0.47957905455967414,0.9241962407465937,0.0,0.0,0.0
WE,2.745765330622249,2.9324602345972517,0.5312275020105406,1.7908995167731467,0.48104226142663914,3.5642456302574033,2.583879186885166,1.546949443209757,3.7089289275805206,2.205216870498719,2.3561273121135895,2.1492572089677497,1.4853153869141684,0.8853791700175675,1.898163982507835,1.8042874341995696
WF,1.4853153869141684,0.0,0.716703787691222,2.4849066497880004,0.358351893845611,0.0,1.1882523095313346,1.5350567286626973,1.297273432703542,0.8047189562170501,0.8047189562170501,1.1882523095313346,1.5350567286626973,1.709966238307691,1.0750556815368328,1.7908995167731467
WG,1.9789395845202251,1.4042458549171983,0.6543197731480977,0.0,0.6412373393653842,0.9035210110597299,0.12341498185834088,0.6800874724461563,0.7404898911500453,0.4095450215378411,0.972025117243023,2.244476584670299,0.36967849629863747,0.22590060452618185,1.3547492988331498,1.80863979105319
WH,0.40235947810852507,0.6931471805599453,1.433407575382444,0.9241962407465937,0.0,0.46209812037329684,0.5493061443340549,0.0,1.7908995167731467,0.0,1.6094379124341003,0.5493061443340549,0.9241962407465937,0.5493061443340549,0.9241962407465937,0.0
WI,1.1901530767807735,1.0425908921668743,1.4073920199981333,0.5493061443340549,1.0729586082894,0.5774311120381774,0.34004373622307815,0.22893248029900976,0.354151668007027,0.7480158688579737,0.9260659497737447,1.254828727584499,2.1277537294374507,0.7737286288863456,0.43706344518331003,0.9831313945206448
WK,0.511685576220899,2.3019858420456756,0.5941261547656673,1.782378464297002,0.0,3.1927670370804857,0.708303336014054,0.0,0.8549831191538455,2.030044099704045,2.6113891835640017,0.0,2.5877494740904625,1.624035279763236,0.6412373393653842,0.6777018135785455
WL,0.0,1.7908995167731467,2.780859035879416,0.0,1.709966238307691,1.4387371636790223,0.5493061443340549,0.0,2.3978952727983707,1.0750556815368328,0.40235947810852507,1.9183162182386966,1.6215917908794277,1.6215917908794277,1.433407575382444,1.7908995167731467
WM,0.0,1.0986122886681098,0.0,0.0,0.0,4.588247923589622,0.5802964716647593,0.0,0.5941261547656673,1.9459101490553132,4.25863833302413,0.0,0.46209812037329684,0.7193685818395111,0.0,0.23978952727983707
WN,1.2070784343255752,0.7675283643313486,2.70805020110221,0.6931471805599453,0.358351893845611,0.5941261547656673,1.0750556815368328,0.716703787691222,2.5482766946873254,0.46209812037329684,2.487172562881001,1.4853153869141684,0.9241962407465937,0.0,1.0986122886681098,1.2070784343255752
WP,1.2824746787307684,1.8483924814931874,0.1934321572215864,2.436052919644854,0.0,3.8346910157189797,1.3575648004417495,0.0,1.1036908376251544,1.0201312086692347,0.0,1.1882523095313346,2.8862535685598347,1.355403627157091,0.7675283643313486,1.1775399822317394
WQ,0.0,2.8147840399962667,0.0,0.0,2.7471897635881173,1.4614902435570225,2.1121058421869363,2.261202207397483,0.2558427881104495,2.6823965207235005,0.15967440838482228,1.9033312448851598,0.0,0.0,0.34339872044851466,2.706317629537765
WR,1.766309973347609,2.4761533688963264,1.4753180863979252,2.4849066497880004,1.4962204585192298,2.11705325229863,1.3086395462961955,1.065582853203198,1.5651710528772957,2.402910225941144,2.6219474362573503,1.2613609572858908,2.3650517949110452,2.030044099704045,2.5503280216730864,0.9591581091193483
WS,1.6094379124341003,0.0,1.3732653608351373,0.0,0.5493061443340549,0.46209812037329684,0.0,0.0,1.1882523095313346,0.716703787691222,0.0,0.0,0.0,0.0,0.0,0.0
WT,0.22893248029900976,0.10685940983685338,0.39097158456257786,0.5941261547656673,0.0,2.146808977462992,0.07747536703100838,1.6114056700101635,0.21853172259165501,0.2857766724903739,3.322009828124834,0.22893248029900976,0.6306804786429454,0.34004373622307815,0.0,0.0693956705461373
WV,2.4595545116643223,2.417914360088719,1.0425908921668743,0.358351893845611,1.0425908921668743,0.37024494557502263,0.21371881967370676,2.8510810441098697,0.9460207179644181,1.4461427550511763,0.541263525907553,1.0222746645083247,0.8549831191538455,0.8549831191538455,0.8650016391993517,3.5590104719691205
WW,0.0,3.0847559988320254,0.0,0.0,0.0,1.4523083783160757,0.0,0.17002186811153908,0.0,0.0,0.0,0.0,0.0,0.0,0.0,0.24052113071331957
WY,1.6744873407478829,2.049711555589573,0.5493061443340549,1.3862943611198906,0.23978952727983707,0.25352591276956377,0.39097158456257786,0.9122670306460151,0.5312275020105406,0.0,0.5858920263471828,1.0238625538446027,1.0986122886681098,0.29706307738283366,0.5268469495462249,1.1531237053768186
YA,2.049269951646985,3.3186404207792526,1.5730102312330316,0.9241962407465937,2.93511604914537,3.7378888032969364,1.952309535230736,3.0675449151956946,1.8471718443692866,2.6942592400435323,1.1335990849726854,1.0746286044838749,1.218026459822427,2.681966754156362,3.14961676062356,3.057557751692735
YC,1.0750556815368328,0.6412373393653842,0.29706307738283366,0.0,0.0,0.0,0.0,0.358351893845611,0.0,0.0,0.7737286288863456,1.1605929433295186,0.0,0.0,0.9241962407465937,1.2070784343255752
YD,1.6479184330021646,1.8527920366854067,1.6769689852256742,1.068728898942307,1.5936825060316215,0.7219734406847411,1.2178089750893693,0.5589896617418914,1.7776740307447068,1.4722194895832201,1.050199811400724,1.6094379124341003,1.1090354888959124,0.6777018135785455,2.1110880299972,2.2078874666845114
YE,0.2030044099704045,0.42749155957692275,1.3032386152085929,0.9036024181047274,1.3862943611198906,4.2988989554353205,0.45667836565851344,0.9591581091193483,1.1179793234837827,1.355403627157091,4.981031947309562,3.8652807925669803,0.22590060452618185,0.0,3.807986791277414,2.9921499430981595
YF,1.2824746787307684,3.258096538021482,0.812017639881618,1.4387371636790223,1.709966238307691,3.0974605583616657,1.7435577384702752,0.406008819940809,1.5222612188617115,2.4849066497880004,3.0716331054195862,1.8270396897336403,2.617279092592391,2.2590060452618186,1.709966238307691,2.1265392627313178
YG,1.355403627157091,1.425224643604159,1.7962912954140562,0.47957905455967414,1.624035279763236,1.4210308697928313,2.060392322691088,0.8047189562170501,0.7393569925972749,1.4787139851945499,0.9122670306460151,1.8039084803498968,1.2395308380245946,1.297273432703542,1.4210308697928313,1.2792139405522478
YH,0.648636716351771,0.716703787691222,0.358351893845611,0.6931471805599453,0.40235947810852507,0.0,0.358351893845611,0.0,0.0,0.648636716351771,1.0750556815368328,0.0,0.6931471805599453,0.0,0.9241962407465937,0.0
YI,2.8922855101023526,3.099014681240335,1.4204561968457576,2.355079964463479,2.2238814317981506,2.0087726617617694,2.2800370426149756,0.9620845228532783,2.3209825416901926,1.254828727584499,3.356007123562996,2.665793124888252,1.9241690457065566,0.708303336014054,2.717965887329369,2.9206695339018105
YK,1.4787139851945499,0.7883505983036818,1.8527920366854067,1.5350567286626973,0.9133567313170269,0.7393569925972749,0.7611306094308558,0.891189232148501,2.697501371663089,0.42749155957692275,1.7303011317137815,1.5297220581415851,0.3243183581758855,1.0150220498520226,1.8245340612920302,1.218026459822427
YL,0.47301035898220906,0.9640951700341174,1.1754535082053872,1.0986122886681098,1.5133864427134096,0.4578649605980195,0.0,0.44157749333690227,0.731983424424291,0.0,0.41182989477743526,0.8848182550685804,0.5312275020105406,1.2901093516649556,0.3403236796879196,0.6516193076042964
YM,0.0,2.436052919644854,0.0,1.2070784343255752,0.8047189562170501,4.231995925550406,0.5364793041447,0.1934321572215864,0.47957905455967414,2.033105440735637,4.080578517938308,0.29706307738283366,2.351203577673075,1.3601749448923126,0.9729550745276566,0.7193685818395111
YN,0.6881919761644514,2.603056959092117,0.8209786783322445,1.8072048362094548,1.700218681115391,2.8309184158524823,1.3700350969755404,1.2792139405522478,0.7605777383086914,1.831459842392078,0.7597587565787691,1.6744873407478829,2.715129600883499,1.4190310769466272,2.344884655308477,1.5474572577726913
YP,1.3817625349338893,0.8239592165010823,1.641957356664489,1.0986122886681098,0.891189232148501,0.6707875940902697,0.3153402393214727,0.716703787691222,0.7605777383086914,0.5545177444479562,2.8620850602991688,1.3700350969755404,1.354025100551105,0.7737286288863456,0.47301035898220906,0.5100656043346173
YQ,1.1641809881908647,1.4825876211987667,0.2785179050028231,0.42749155957692275,0.915729921196039,3.234830404082933,0.35617921145144027,2.8305002850149585,0.2195646376764627,2.078752003337439,1.4927513953395686,0.4400220504556117,0.3271598865740489,0.12676295638478188,1.6003493659460941,1.249190031349092
YR,2.3509070164107744,3.156536256698662,1.4753180863979252,0.9729550745276566,3.2416408795932887,2.2800370426149756,2.988695027105764,1.2824746787307684,2.124160714619187,3.1145420370848074,1.9014443457717283,1.9344675489074454,0.5493061443340549,0.8549831191538455,2.261202207397483,1.5813042316832728
YS,4.477871611207779,3.714218356375716,1.855246845015033,0.511685576220899,3.3127881243686397,1.6389879194374126,3.600786073378712,1.389172327879094,2.7080422585458597,3.1676790143945306,1.867949649589225,1.8232534723333504,1.354025100551105,0.5100656043346173,1.985145956776061,0.9672337744537227
YT,1.641957356664489,2.1748585628405928,1.6025273620930682,1.5350567286626973,2.0851817843337486,0.7174728120133126,1.1036908376251544,0.7193685818395111,0.8418239574966185,0.8012636810465341,0.9609000286648149,1.6025273620930682,1.766309973347609,0.9460207179644181,1.463966848848582,0.8178997164351224
YV,1.354025100551105,0.7819431691251557,1.4431267842799174,1.700218681115391,0.6013028267832989,0.46675547173365517,0.6089044875446846,0.987319854866727,1.3415751881805393,0.7164190696559166,3.0553542420939994,1.5357938307669041,1.0624550040210812,0.9814796597221467,1.4523083783160757,2.064575928493354
YW,2.6714852459213345,3.1136509635040346,0.6908812674669447,1.297273432703542,2.3702295140333556,1.4004640552778915,1.8872763037076763,2.1754930114005266,2.2359586469675654,1.891733053391762,0.7865051156165158,0.9133567313170269,0.9241962407465937,0.0,1.0425908921668743,2.3359065278136053
YY,2.3069753330782543,2.0918349098372264,0.8639048730083861,0.812017639881618,1.4204561968457576,0.2395116125772334,1.7051556809708837,0.0,1.1728266833317778,0.13032386152085929,0.9729550745276566,0.9027294781610561,0.716703787691222,0.2030044099704045,0.8418239574966185,1.2827021792437432
