nt_motif,aa_motif,n_examples,positive_rate,mean_contact_score,mean_min_distance,specificity_score
G,RN,301,0.9003322259136213,0.3124280299003322,8.451116943521594,5.141281467470398
G,YE,339,0.8731563421828908,0.22188469616519174,9.571941592920354,5.08958083425552
G,RY,330,0.8424242424242424,0.3154255606060606,9.076641515151517,4.887845176832799
G,TR,362,0.8121546961325967,0.2988723314917127,9.46956408839779,4.787166942745486
G,ER,335,0.7850746268656716,0.27916496119402984,10.327049552238806,4.566866373344247
T,RY,187,0.8716577540106952,0.451111743315508,7.615,4.56438524032771
G,NI,205,0.8536585365853658,0.2065546731707317,10.70066195121951,4.54818697335696
G,NW,237,0.8143459915611815,0.30700032067510546,9.401797890295358,4.456321687842172
C,RG,450,0.7266666666666667,0.19871844666666666,11.834748888888889,4.440999600038613
G,WA,156,0.8782051282051282,0.34544371153846154,8.377548076923077,4.440420995722552
T,RN,158,0.8544303797468354,0.38659836075949366,8.335809493670887,4.331025742403362
C,WA,180,0.8277777777777777,0.18024676666666667,10.86913111111111,4.3032003203256
A,RR,331,0.7401812688821753,0.2756731419939577,10.626968882175227,4.296852167324893
A,AR,203,0.8029556650246306,0.1937060738916256,11.023644827586207,4.270214576337967
G,RR,347,0.723342939481268,0.2815024841498559,11.117838040345822,4.233149344159634
A,YS,236,0.7669491525423728,0.29648175847457625,10.479475847457628,4.193724091294317
C,MR,217,0.7788018433179723,0.24908176958525347,10.267981566820277,4.1934546802366635
C,SQ,330,0.7212121212121212,0.16401275151515152,12.336577878787878,4.184558101029518
T,TR,213,0.7793427230046949,0.3639601220657277,9.408623004694837,4.181934359125011
C,RM,210,0.780952380952381,0.24479451428571428,10.39872,4.1795463518575
G,HS,160,0.81875,0.19473219375,10.778299375,4.160399823831029
C,WM,113,0.8672566371681416,0.1725288407079646,10.28845221238938,4.10749953931558
A,MR,128,0.84375,0.221265921875,10.5861875,4.1004667161801605
A,RG,286,0.7237762237762237,0.20364244055944056,12.128771328671329,4.096198666651194
C,MG,132,0.8333333333333334,0.17593307575757575,10.924236363636364,4.075290940184795
C,NW,200,0.76,0.27481856,10.4114825,4.030511730124897
T,ER,197,0.751269035532995,0.36424881725888325,9.996982741116751,3.9729112717908186
T,AH,152,0.7894736842105263,0.11008908552631579,12.874925,3.971398358994028
C,YM,126,0.8174603174603174,0.30221549999999997,9.96275238095238,3.9599307135336104
T,SQ,218,0.7339449541284404,0.2147992614678899,11.517394954128441,3.955282003535047
A,SY,145,0.7931034482758621,0.3074950896551724,9.956846206896552,3.9525155965273013
C,ES,313,0.6869009584664537,0.15946568370607028,12.616136421725239,3.9492635526206854
C,YA,323,0.6811145510835913,0.2276042383900929,12.19067213622291,3.9373485246882733
C,GI,485,0.6350515463917525,0.16949131958762886,13.478094639175257,3.928561352910004
T,VR,227,0.7224669603524229,0.1971638370044053,12.017670044052863,3.9225228332534283
G,KH,158,0.7721518987341772,0.15335689240506328,11.819455696202532,3.9139640042460018
G,GK,587,0.6132879045996593,0.16931932708688247,13.802805110732539,3.91076950808093
T,RI,196,0.7397959183673469,0.16660647959183675,12.13819030612245,3.908492554423512
G,WM,118,0.8135593220338984,0.3964532372881356,8.423602542372882,3.888100468972092
C,KQ,435,0.6367816091954023,0.15771231494252871,13.461862528735633,3.870130807833753
G,SR,287,0.6829268292682927,0.16158111498257838,12.818104181184669,3.8673876449708904
C,NN,169,0.7514792899408284,0.1614687573964497,11.853367455621301,3.859446162753747
T,SR,249,0.6987951807228916,0.18985976305220884,12.225431726907631,3.8583702799519313
C,QY,319,0.6677115987460815,0.22321879310344828,12.526276175548588,3.8515748341820486
C,YE,109,0.8165137614678899,0.15545301834862388,11.044481651376147,3.838006904179129
C,PH,141,0.7730496453900709,0.15098447517730496,11.965652482269503,3.8311003494931732
C,RR,323,0.6625386996904025,0.2400032910216718,12.080034984520124,3.8299662921967754
C,AR,278,0.6762589928057554,0.21106288129496403,12.035834892086331,3.80815760785042
G,NM,77,0.8701298701298701,0.2135782727272727,10.020225974025974,3.790902485561073
G,SQ,276,0.6739130434782609,0.14457668115942027,13.025396014492754,3.790098754169728
T,NT,192,0.71875,0.16784141666666666,12.360616666666667,3.7825585732753866
G,YM,108,0.8055555555555556,0.41870037037037033,8.542325,3.779141349573477
G,QK,579,0.5924006908462867,0.2244615699481865,13.230574093264249,3.7694622444117085
T,HS,110,0.8,0.26605905454545453,9.917134545454546,3.7676241610498673
A,RM,96,0.8229166666666666,0.17170866666666665,11.251534375,3.7646059093934086
C,QS,166,0.7349397590361446,0.1874608734939759,12.045853614457831,3.761417139246049
T,RR,250,0.68,0.22539794000000002,12.0237164,3.757307998609613
G,VN,416,0.6225961538461539,0.15802892788461537,13.759370673076923,3.756176277514158
C,SE,256,0.67578125,0.13191479296875,12.874646875,3.749961572995598
G,AR,253,0.6758893280632411,0.1571586363636364,12.877260869565218,3.7426251369967183
C,LG,307,0.6514657980456026,0.1895458697068404,13.096777524429967,3.7329640279958136
T,MR,121,0.7768595041322314,0.20739598347107438,11.0127,3.732049406652282
T,FK,197,0.7055837563451777,0.12151712690355329,13.342484771573606,3.7313153160738093
T,KH,126,0.7698412698412699,0.23576186507936508,10.886262698412699,3.729255137987963
A,FD,106,0.7924528301886793,0.18813943396226415,11.471817924528303,3.7029964348566047
C,FQ,141,0.7446808510638298,0.21252866666666667,11.347427659574468,3.690509510979662
G,PH,143,0.7412587412587412,0.1497249230769231,12.060453846153846,3.683917550734658
T,RG,303,0.6402640264026402,0.24693093399339933,12.46823300330033,3.6604071751577787
G,VG,322,0.6335403726708074,0.20473398136645962,12.580974844720496,3.660376006016838
G,GY,224,0.6741071428571429,0.2576601875,11.873088839285714,3.651031967557444
G,PA,230,0.6695652173913044,0.13832589130434783,13.041222173913043,3.6440535974798096
T,GK,282,0.6453900709219859,0.14394063829787235,13.64160035460993,3.643515373656274
G,RM,152,0.7236842105263158,0.16083523026315788,12.360919736842105,3.6404484957445256
G,MG,159,0.7169811320754716,0.3274302075471698,10.678412578616353,3.6388038675261396
G,QY,259,0.6486486486486487,0.256703972972973,12.453133976833977,3.6069286255235857
C,QK,585,0.5658119658119658,0.19027460683760683,13.86099658119658,3.6061005988888737
T,KK,251,0.649402390438247,0.13800904780876494,13.68872390438247,3.590824467188693
T,PQ,101,0.7722772277227723,0.24286036633663366,10.698882178217822,3.5717611825363678
C,PA,191,0.675392670157068,0.20081691099476437,12.687167539267014,3.5508738376522713
C,LN,338,0.6094674556213018,0.2235018402366864,12.833147337278106,3.5507574618945936
A,SF,112,0.75,0.19986590178571428,11.732072321428571,3.5455408640342556
G,RG,405,0.5901234567901235,0.14119417037037038,14.390791111111112,3.5444898892464547
C,SP,210,0.6619047619047619,0.2347238857142857,12.297939999999999,3.5424203835865393
T,YA,210,0.6619047619047619,0.21775507142857145,12.245401428571428,3.5424203835865393
G,TV,388,0.5927835051546392,0.12067953608247421,14.22559793814433,3.535111466577945
G,KL,778,0.5308483290488432,0.1755265848329049,14.977665552699229,3.534394038489227
G,IE,330,0.6090909090909091,0.12132468787878788,14.169080606060605,3.534017555911484
T,GA,211,0.6587677725118484,0.09364492890995262,13.946457819905214,3.5287464084332214
C,WE,387,0.5917312661498708,0.17024627131782946,13.688449095607234,3.52731323714142
G,YI,169,0.6863905325443787,0.1610133727810651,12.582734319526628,3.5251634242475167
T,NW,113,0.7433628318584071,0.14142394690265486,12.291382300884955,3.520713890841926
T,YE,113,0.7433628318584071,0.46643366371681416,8.753191150442477,3.520713890841926
A,IS,231,0.6406926406926406,0.16215009956709958,13.436052813852815,3.489684549812181
G,LN,338,0.5976331360946746,0.16333132544378698,13.216370710059174,3.4818107150616893
C,VQ,365,0.589041095890411,0.16234323561643835,13.652683287671234,3.4768936073460104
C,QL,436,0.5711009174311926,0.1704273371559633,13.854781651376147,3.4722554256394536
G,QP,278,0.6151079136690647,0.17923322661870503,12.761796043165468,3.4638029305447966
C,YR,104,0.7403846153846154,0.24298969230769232,11.151245192307691,3.4457206438666277
C,YF,111,0.7297297297297297,0.2296819009009009,11.152785585585585,3.4432289060802037
T,RK,163,0.6748466257668712,0.1720430061349693,12.869952760736195,3.441627650678907
G,QR,84,0.7738095238095238,0.3034809880952381,10.169784523809524,3.4377658532365545
C,QW,249,0.6224899598393574,0.1097462610441767,14.379265060240963,3.437053985014651
C,NT,313,0.597444089456869,0.15883791054313098,14.04945910543131,3.4349408573956657
T,KI,289,0.6055363321799307,0.16135631833910036,13.659312802768167,3.4333188979985843
C,FW,124,0.7096774193548387,0.15864008064516127,12.009504032258064,3.426545232924214
G,VL,444,0.5608108108108109,0.10216580630630631,14.962801126126125,3.4198659825662023
T,QK,325,0.5907692307692308,0.18651411692307693,13.385283692307693,3.418720914530486
A,NM,54,0.8518518518518519,0.26498946296296294,9.183188888888889,3.413654194827661
T,LV,388,0.5721649484536082,0.12733282474226804,14.27243530927835,3.4121510677404507
G,MR,154,0.6753246753246753,0.19941649350649351,12.091113636363637,3.4059494296078032
G,VR,274,0.6058394160583942,0.09902309854014597,14.441141240875911,3.4028613219439814
A,RQ,217,0.631336405529954,0.19739428110599078,13.167645161290322,3.399427758535047
A,IH,72,0.7916666666666666,0.22998465277777777,11.257513888888887,3.396613724242476
A,RS,204,0.6372549019607843,0.15805238725490198,13.100576960784313,3.392114202392123
A,RK,153,0.673202614379085,0.18849886928104576,12.652906535947713,3.3908896604483916
C,AH,142,0.6830985915492958,0.2620972394366197,11.564341549295776,3.390112177008528
A,KK,248,0.6129032258064516,0.1905836129032258,13.187170967741936,3.3816646784783693
C,QI,320,0.584375,0.10414589999999999,14.7370546875,3.372685906329103
A,YR,93,0.7419354838709677,0.3599797096774194,9.962946236559139,3.3708316126519384
T,SE,156,0.6666666666666666,0.1334886794871795,12.50222564102564,3.370830536898872
T,HK,63,0.8095238095238095,0.10160652380952381,13.140987301587302,3.3667148770054482
T,YI,149,0.6711409395973155,0.3130017315436242,11.282780536912751,3.362842479259232
A,QA,232,0.6163793103448276,0.11899203017241379,14.278875431034482,3.359907322671962
C,HT,120,0.7,0.249789375,11.322176666666667,3.357053381917719
T,LF,142,0.676056338028169,0.17730007746478874,12.381791549295775,3.3551625669362752
T,AR,174,0.6494252873563219,0.2186698448275862,12.31704885057471,3.354142615249179
C,GK,435,0.5517241379310345,0.18915414022988505,14.063553103448276,3.3531819273649845
T,SV,180,0.6444444444444445,0.14753722777777778,13.716365000000001,3.3501425312601993
G,EF,141,0.6737588652482269,0.16060109219858154,13.10511914893617,3.3390324146958847
C,KY,237,0.6075949367088608,0.23685732067510548,12.793336286919832,3.3249239536231747
A,KQ,176,0.6420454545454546,0.12771497159090908,13.554358522727274,3.323323407845697
T,NI,118,0.6949152542372882,0.34811569491525424,10.35710254237288,3.3210858172469955
T,QY,139,0.6690647482014388,0.25537810071942446,11.834502877697842,3.306278743184642
C,TY,199,0.6231155778894473,0.15082251256281407,13.527729648241205,3.301464087698274
A,GR,178,0.6348314606741573,0.20540902808988765,12.849470786516855,3.293115708202277
G,SE,194,0.6237113402061856,0.08279692268041237,14.355994845360826,3.2888296215784196
G,NN,150,0.6533333333333333,0.11497530666666668,14.222828666666668,3.277956160052417
G,HP,229,0.6026200873362445,0.09481842358078603,14.432744541484716,3.2770958280847204
T,IE,185,0.6270270270270271,0.2771312918918919,11.654539999999999,3.2766844008147644
C,GA,215,0.6093023255813953,0.20332568837209303,13.37184976744186,3.2751696344494214
C,GY,201,0.6169154228855721,0.11723689552238807,14.166866666666666,3.2747522113320864
A,KR,137,0.6642335766423357,0.15300872262773724,13.6260299270073,3.2728473383160996
T,NM,51,0.8235294117647058,0.2019992156862745,10.559507843137254,3.253965415302352
A,SI,175,0.6285714285714286,0.16951530857142857,13.384272000000001,3.250018511166838
T,PL,250,0.588,0.149238316,13.949399600000001,3.2489663282094887
C,SR,183,0.6229508196721312,0.14684128961748635,13.936507103825136,3.248648504740024
T,MS,61,0.7868852459016393,0.2022940491803279,11.20247213114754,3.247581155445318
G,PI,242,0.5909090909090909,0.12462999173553718,14.546101239669422,3.2458999437921423
C,GW,116,0.6810344827586207,0.23902312931034483,12.412027586206897,3.2432046624915754
C,WK,105,0.6952380952380952,0.29883055238095235,11.10998476190476,3.2422005130493416
A,QK,222,0.5990990990990991,0.10892014864864864,14.602546396396397,3.239431736955837
A,TR,120,0.675,0.2042654916666667,12.548684166666668,3.2371586182778005
A,PR,63,0.7777777777777778,0.2566817142857143,10.72476507936508,3.234686842613078
T,KT,192,0.6145833333333334,0.10238194270833334,13.952019270833333,3.2343616785977947
G,KW,143,0.6503496503496503,0.11714795804195806,13.81859020979021,3.232116341682294
C,NE,175,0.6228571428571429,0.11810614285714285,13.988449714285714,3.220472888338049
T,EL,306,0.5620915032679739,0.11960269934640524,14.750162418300652,3.2190124594280976
T,EF,88,0.7159090909090909,0.14259353409090908,12.374893181818182,3.2134555828764184
A,YW,99,0.696969696969697,0.1032250404040404,13.83881717171717,3.2096640690220037
T,DG,156,0.6346153846153846,0.11580065384615384,14.160732051282052,3.208771376471041
T,KA,190,0.6105263157894737,0.1543830947368421,13.587420526315789,3.2066511455442583
C,RS,180,0.6166666666666667,0.1681827,13.541388333333334,3.2057398359472598
T,KL,400,0.5325,0.1206975225,15.01364575,3.191784460040748
G,RS,177,0.615819209039548,0.1608292768361582,13.360018644067797,3.1910418473550126
T,AW,87,0.7126436781609196,0.14666181609195403,12.448877011494254,3.190745775835044
G,GI,414,0.5289855072463768,0.12806964251207728,15.036335265700483,3.1888719708466735
T,TN,256,0.57421875,0.17090615625,13.626202734375,3.1863835331234274
T,RM,89,0.7078651685393258,0.23904298876404495,11.389476404494383,3.185258530683221
G,PQ,184,0.6086956521739131,0.12796176630434783,13.31137554347826,3.177607893525937
A,IQ,178,0.6123595505617978,0.09825607303370787,14.659763483146067,3.176545240655294
C,NR,257,0.5719844357976653,0.11696423346303501,15.081617120622568,3.176206455188629
T,NQ,123,0.6585365853658537,0.32742639024390247,10.45219837398374,3.1743317627155125
T,TK,213,0.5915492957746479,0.20192558215962442,13.1750779342723,3.1742393328298273
C,QG,376,0.5345744680851063,0.11689678723404255,15.36635824468085,3.1712268156304524
T,AN,127,0.6535433070866141,0.1370374409448819,13.45726220472441,3.1710119047663636
T,AL,310,0.5516129032258065,0.09879290322580646,15.001215806451613,3.166143832202094
G,YF,114,0.6666666666666666,0.21978233333333333,11.657329824561403,3.1632880855755
C,VN,373,0.5335120643431636,0.1290869946380697,15.05593619302949,3.1606619401755816
A,RE,153,0.6274509803921569,0.19602711111111112,13.411179084967321,3.160440848573258
G,PR,101,0.6831683168316832,0.2496499603960396,12.021792079207922,3.15963489224371
G,DI,276,0.5615942028985508,0.10309867753623189,14.75924420289855,3.1584156284747738
A,ST,128,0.6484375,0.1722869140625,13.09106171875,3.1512846059532715
T,PS,134,0.6417910447761194,0.10228876119402985,14.961105223880597,3.148161424967947
T,IG,226,0.5796460176991151,0.20066462831858406,13.319507079646018,3.1445506738498397
A,RY,76,0.7236842105263158,0.22408099999999997,11.591797368421052,3.143543397394114
T,VN,240,0.5708333333333333,0.10931526666666666,14.620423749999999,3.1309049162009153
G,FV,171,0.6081871345029239,0.12032171929824562,14.72521754385965,3.1306399157228015
T,EP,110,0.6636363636363637,0.11525660909090908,14.102957272727272,3.125415497234549
G,WE,239,0.5690376569037657,0.12124358577405858,14.902214644351465,3.118689931274104
C,IN,118,0.652542372881356,0.08744059322033898,14.620340677966102,3.1185805844880323
C,KL,728,0.4725274725274725,0.09747281868131868,15.613603983516484,3.1147469283117837
G,AH,168,0.6071428571428571,0.06046967857142857,15.49277142857143,3.1145813626318657
G,KC,44,0.8181818181818182,0.23098827272727274,10.57276590909091,3.1145420370848074
G,RI,198,0.5858585858585859,0.11884578787878788,14.125870707070707,3.1011280791315206
C,ET,412,0.5145631067961165,0.0867174004854369,16.166126699029125,3.099443907057619
C,SI,252,0.5595238095238095,0.08083158730158731,15.425696825396825,3.096063166311827
G,QS,157,0.6114649681528662,0.11860901273885349,14.051785987261146,3.095599510640693
A,YI,139,0.6258992805755396,0.13223788489208632,13.79434892086331,3.09297043717273
C,EA,248,0.5604838709677419,0.08812345161290322,15.216860483870967,3.092443357292719
T,LR,259,0.555984555984556,0.24358402316602318,13.191397297297296,3.0916531075916445
G,GA,270,0.5518518518518518,0.0628342037037037,16.336278518518515,3.0915396455965753
G,IQ,333,0.5315315315315315,0.19607843243243242,13.735842642642643,3.0888046719425706
G,YR,106,0.660377358490566,0.2573556886792453,12.15313679245283,3.0858303623805035
T,LN,181,0.5911602209944752,0.11399469613259669,14.997483977900554,3.0764017431890447
G,FQ,134,0.6268656716417911,0.1513163432835821,13.15350671641791,3.0749483685733443
T,EI,177,0.5932203389830508,0.19758053672316386,13.265520338983052,3.073939394241067
A,KW,62,0.7419354838709677,0.18795779032258064,12.428585483870968,3.0739386679679113
T,RE,233,0.5622317596566524,0.26323056652360516,13.327121459227468,3.0671547901796523
C,NM,64,0.734375,0.199256421875,11.530159375,3.0655656513296083
T,KQ,182,0.5879120879120879,0.15058795054945054,13.911971428571428,3.0627198810661103
T,GM,109,0.6513761467889908,0.1553952844036697,13.44861743119266,3.0617807887271704
C,VK,390,0.5128205128205128,0.14516401538461537,14.716805384615386,3.060875671787367
T,PA,111,0.6486486486486487,0.11498307207207208,14.32865045045045,3.060647916515737
G,RE,296,0.5371621621621622,0.16371994932432435,14.50453918918919,3.05845746645145
T,RS,123,0.6341463414634146,0.14080772357723578,13.88360162601626,3.0567639196519747
G,RT,276,0.5434782608695652,0.12259866304347827,15.095077536231884,3.056531253362684
C,RQ,263,0.5475285171102662,0.15813938403041825,14.586372623574144,3.052991143928021
T,NS,94,0.6702127659574468,0.17403338297872342,12.820850000000002,3.0520664273492986
C,IQ,359,0.5181058495821727,0.1445962590529248,14.626934261838441,3.0496249299435343
T,FR,160,0.6,0.22585420625000002,12.89038625,3.048842618990678
C,AV,181,0.585635359116022,0.0742030773480663,15.325840331491714,3.0476503250283993
C,SS,224,0.5625,0.09872694642857142,15.279319642857143,3.0465564762399864
C,PQ,102,0.6568627450980392,0.18147689215686277,13.400370588235294,3.0443808059939763
T,RQ,242,0.5537190082644629,0.17138630991735537,14.626499173553718,3.041612534742287
A,SP,138,0.6159420289855072,0.2527382028985507,12.302405072463769,3.039349886348614
C,IW,130,0.6230769230769231,0.10125970000000001,14.143361538461537,3.037622947533025
G,LS,227,0.5594713656387665,0.09322303964757708,15.08153039647577,3.037563413556009
T,LQ,212,0.5660377358490566,0.10471366981132076,14.723996226415094,3.0346936787034484
G,WN,49,0.7755102040816326,0.3051702857142857,10.393671428571428,3.0338137593116232
C,YS,197,0.5736040609137056,0.16415469035532995,13.860165482233503,3.0333714440024493
C,RN,95,0.6631578947368421,0.19463647368421053,12.360130526315789,3.0268835374997227
C,VR,200,0.57,0.18889987000000003,14.209861,3.022883797593673
G,DD,137,0.6131386861313869,0.2286791678832117,12.99053795620438,3.021089850753323
G,YS,198,0.5707070707070707,0.12960399494949496,14.630631313131312,3.0209264908781193
C,KT,303,0.528052805280528,0.16379313861386138,14.48631485148515,3.0188925155940445
T,DY,69,0.7101449275362319,0.4075840144927536,9.601231884057972,3.0170473458031686
G,VQ,400,0.5025,0.14263325,14.56291625,3.0119656172215508
T,QN,73,0.6986301369863014,0.22027138356164383,11.584380821917808,3.0069495856631874
T,TT,159,0.5911949685534591,0.14474729559748428,13.761151572327043,3.0004172241005014
A,KI,235,0.548936170212766,0.1438194936170213,14.918372765957447,2.9992949057374627
A,NK,124,0.6209677419354839,0.18070382258064516,13.055363709677419,2.998227078808687
G,DY,118,0.6271186440677966,0.12048252542372882,13.599474576271186,2.9970774448326543
T,PP,110,0.6363636363636364,0.15652592727272727,13.478457272727272,2.9969737644714853
A,GF,170,0.5823529411764706,0.14675611176470588,14.05477705882353,2.9942628946691965
C,HP,183,0.5737704918032787,0.10645563934426229,14.736313661202185,2.9921762543658112
T,IQ,265,0.5358490566037736,0.09955264905660377,15.550320754716981,2.9919112296113255
T,LL,406,0.4975369458128079,0.1340663719211823,15.390399753694581,2.989606560244838
A,RN,68,0.7058823529411765,0.29103098529411764,10.508038235294118,2.988781062068654
G,SK,283,0.5265017667844523,0.10400474911660779,15.661651590106008,2.9741949169117303
A,HW,35,0.8285714285714286,0.2957162857142857,10.190562857142856,2.9692014061493484
T,RT,174,0.5747126436781609,0.16794604022988507,14.40397988505747,2.9682678011054677
A,SS,181,0.569060773480663,0.16702798895027623,14.008392265193368,2.9613960705464635
T,WA,69,0.6956521739130435,0.11725373913043478,12.984798550724637,2.9554749509908587
A,RV,94,0.648936170212766,0.2171648404255319,12.579506382978725,2.9551754296556703
A,DY,73,0.684931506849315,0.10406954794520547,13.3491,2.94798978986587
T,VD,135,0.6,0.15841976296296295,14.448142962962963,2.947592931441631
G,MF,60,0.7166666666666667,0.12648568333333332,12.936076666666667,2.9461262693242065
A,LL,298,0.5167785234899329,0.09208582214765101,15.678137583892617,2.9458668130945163
C,TG,191,0.5602094240837696,0.10373805759162304,14.981848691099477,2.9452984544867675
A,SG,229,0.5414847161572053,0.1540810480349345,14.26099213973799,2.9446368310326476
C,YQ,363,0.4986225895316804,0.09477923140495867,15.259954820936638,2.940454132347796
G,FL,146,0.589041095890411,0.1580419315068493,13.913365068493151,2.9395698798833654
T,RA,119,0.6134453781512605,0.17570021848739495,13.258273109243698,2.9368646825469695
C,WP,142,0.5915492957746479,0.09412648591549296,14.97632042253521,2.9357672460692408
A,SE,111,0.6216216216216216,0.1994059009009009,12.360258558558558,2.9331209199942476
G,ES,249,0.5301204819277109,0.076132140562249,15.69163092369478,2.9270395227221546
G,LR,385,0.4883116883116883,0.10515863636363636,15.607409610389611,2.908305001193216
G,LG,258,0.5232558139534884,0.09061775968992247,15.399900775193798,2.9076425904241767
G,SV,303,0.5082508250825083,0.11139168976897691,15.31551584158416,2.905684046259268
T,NR,159,0.5723270440251572,0.22703342138364782,13.638695597484277,2.9046592275866554
C,LR,308,0.5064935064935064,0.13557376948051947,14.923025324675324,2.903900127259897
T,IK,170,0.5647058823529412,0.12508211764705882,14.744585882352942,2.9035276554367964
G,AS,364,0.49175824175824173,0.09625638736263736,15.985597252747255,2.9013231491518297
A,DK,138,0.5869565217391305,0.14732504347826086,13.892199999999999,2.8963216564027974
C,AY,117,0.6068376068376068,0.18975005982905982,13.458526495726495,2.895030840487711
C,TN,281,0.5124555160142349,0.15220633807829181,14.539755160142349,2.8912263993419516
A,EF,56,0.7142857142857143,0.11220544642857143,13.2427125,2.8878937627389645
T,IR,126,0.5952380952380952,0.16824640476190475,13.755088095238095,2.88344469432059
T,MI,47,0.7446808510638298,0.16020506382978725,12.029708510638297,2.8828092634420464
T,IH,85,0.6470588235294118,0.13653883529411764,14.263510588235295,2.882224721105211
G,KY,294,0.5068027210884354,0.07869871088435373,16.333925510204082,2.8821745853558953
C,KV,350,0.49142857142857144,0.13445548000000002,15.458775142857142,2.8801578012460824
T,PR,60,0.7,0.26988415,11.47003,2.8776117049213177
A,LR,234,0.5256410256410257,0.10216744871794872,15.573608547008547,2.869782129229622
C,QA,315,0.4984126984126984,0.1091625873015873,15.554457142857144,2.868735008041731
C,IR,175,0.5542857142857143,0.1018154,14.955656,2.865925414392575
C,TE,564,0.4521276595744681,0.09496374645390071,16.289154609929078,2.865054186954508
T,FV,125,0.592,0.11321174399999999,14.721547200000002,2.863078888915275
T,WV,123,0.5934959349593496,0.12979386178861788,13.538660162601627,2.860817514546079
A,KV,189,0.544973544973545,0.13308551322751325,14.808888359788359,2.859489309166826
T,TD,96,0.625,0.14634315625,13.419433333333332,2.8591943615646143
C,SY,132,0.5833333333333334,0.12708410606060605,14.476445454545454,2.8527036581293563
G,TK,342,0.48830409356725146,0.1140171111111111,15.223468421052631,2.8505876744933096
G,EK,367,0.4822888283378747,0.07955400272479564,16.696757765667577,2.849402397972482
C,DF,316,0.4936708860759494,0.11371628481012658,15.453747784810126,2.843002141534354
C,KM,48,0.7291666666666666,0.22393514583333332,11.551124999999999,2.8377856340389984
A,SA,99,0.6161616161616161,0.0994439696969697,14.099547474747474,2.837529104497713
T,FS,120,0.5916666666666667,0.12731318333333333,14.0893675,2.8375094061447386
G,RQ,290,0.5,0.12895351034482758,15.335021034482759,2.8366616335857464
G,WR,114,0.5964912280701754,0.1608345701754386,13.143244736842105,2.8303103923570263
C,FV,196,0.5357142857142857,0.16045805102040817,14.431235714285714,2.8302877118239222
C,EF,162,0.5555555555555556,0.15914798765432098,14.057250617283952,2.8298612226704236
A,RT,125,0.584,0.147019152,14.222751200000001,2.824388633659663
G,KD,239,0.5146443514644351,0.09784505857740586,15.870738912133891,2.820579864314079
T,ML,100,0.61,0.07383916,14.974674,2.815223515273168
T,MP,29,0.8275862068965517,0.19429610344827586,10.762258620689655,2.8147840399962667
T,QE,96,0.6145833333333334,0.20804718749999998,11.969314583333334,2.8115411222052042
T,WR,60,0.6833333333333333,0.22463708333333335,12.379913333333333,2.8090971405184293
A,FR,137,0.5693430656934306,0.22032819708029197,13.725508029197082,2.8052977185566568
C,LV,525,0.44761904761904764,0.11008540952380952,15.759993523809525,2.804468161892118
A,LF,86,0.627906976744186,0.14716786046511626,13.889970930232558,2.8041748652017153
A,QN,66,0.6666666666666666,0.1784969090909091,13.030715151515151,2.80312841292731
G,KA,314,0.4872611464968153,0.10485171974522292,16.128964968152864,2.8030051393003883
C,PY,155,0.5548387096774193,0.1387826129032258,14.995632258064516,2.801855591119098
T,TE,305,0.4885245901639344,0.10013849508196722,16.017363606557378,2.7961120661996874
C,TT,183,0.5355191256830601,0.18465467759562842,14.192420765027324,2.792697837408091
T,AA,200,0.525,0.125142185,14.8990385,2.7842350767310147
T,QI,198,0.5252525252525253,0.12955107575757574,14.569511616161616,2.7803217261179154
C,LK,418,0.45933014354066987,0.10230162918660288,15.928521052631579,2.7733761163278716
A,WR,71,0.647887323943662,0.22435942253521127,12.603367605633803,2.7707977672498387
C,GR,155,0.5483870967741935,0.13869594193548387,15.16790516129032,2.769275874943294
A,QI,142,0.5563380281690141,0.1085109014084507,15.452955633802818,2.7610191957079766
A,ER,109,0.5871559633027523,0.16675639449541285,13.524326605504587,2.75991507716252
T,GW,90,0.6111111111111112,0.11550766666666666,14.95453111111111,2.7566363650936307
A,TS,88,0.6136363636363636,0.10702154545454547,14.579965909090909,2.7543904996083586
C,WQ,118,0.576271186440678,0.10977383898305085,14.593249152542374,2.7540711655218986
T,KS,208,0.5144230769230769,0.0983036875,15.30290048076923,2.7482200238472823
A,SR,175,0.5314285714285715,0.15401042285714286,14.789861714285715,2.7477429230774177
C,VG,237,0.5021097046413502,0.14573379324894514,14.973666666666666,2.7476802116747066
C,RY,101,0.594059405940594,0.1321029207920792,14.260357425742574,2.747508601951052
T,DK,159,0.5408805031446541,0.14020104402515723,15.213909433962263,2.7450625667302457
G,FF,41,0.7317073170731707,0.18279326829268294,11.901348780487805,2.7348802085000257
C,TP,383,0.4595300261096606,0.08532639686684074,16.618609138381203,2.7344989275598954
A,EL,246,0.4959349593495935,0.10445307723577237,15.854207317073172,2.73229828076672
A,GA,102,0.5882352941176471,0.18248683333333332,14.50895,2.7263111695468445
T,EK,247,0.4939271255060729,0.15815517004048582,14.931512955465587,2.723232012275821
C,TR,100,0.59,0.17378195000000002,13.60374,2.722921104936343
A,FN,45,0.7111111111111111,0.1289563111111111,13.226788888888889,2.722589437503357
A,LN,122,0.5655737704918032,0.1474217950819672,14.140724590163934,2.7216452501696455
A,QS,111,0.5765765765765766,0.16231756756756757,14.283962162162162,2.720575925791766
G,NR,175,0.5257142857142857,0.18078536,14.450549142857144,2.718197300248628
A,IE,138,0.5507246376811594,0.11374573188405797,15.430042028985508,2.7175363689705256
T,QA,233,0.4978540772532189,0.10066103433476395,15.395182403433475,2.7159538600064095
C,GS,256,0.48828125,0.145752265625,15.5281171875,2.7095098070777444
T,FQ,57,0.6666666666666666,0.2226948245614035,12.64758245614035,2.706962007030946
C,GQ,249,0.4899598393574297,0.1020065983935743,15.715429317269077,2.7052941043341123
G,KK,521,0.43186180422264875,0.09756341266794626,16.180109021113243,2.702447614728587
T,WF,29,0.7931034482758621,0.21002824137931034,10.739251724137931,2.697501371663089
T,RL,126,0.5555555555555556,0.14484968253968253,14.290966666666668,2.691215048032551
C,IF,149,0.5369127516778524,0.0931101543624161,15.51385167785235,2.6902739834073857
T,VP,133,0.5488721804511278,0.07795003759398496,16.037857142857142,2.6882880104993725
G,WK,93,0.5913978494623656,0.12398764516129032,13.776197849462367,2.686894763708067
A,VK,268,0.47761194029850745,0.08308427985074628,16.167425746268655,2.672100957421774
T,ES,160,0.525,0.0948194125,15.572977499999999,2.6677372916168434
G,KV,342,0.45614035087719296,0.0702435380116959,16.616202631578947,2.662824414496744
A,FP,77,0.6103896103896104,0.17980432467532467,13.324977922077922,2.6592898033040364
G,NK,207,0.4975845410628019,0.10563186473429952,15.16918888888889,2.6558764357934095
C,AS,309,0.4627831715210356,0.09623744012944985,15.82643656957929,2.654789121487134
C,KG,243,0.48148148148148145,0.17575011522633746,15.354791358024691,2.646784701067097
C,II,169,0.514792899408284,0.11972884615384616,15.247765088757397,2.6438725681856377
C,LP,241,0.48132780082987553,0.07612626141078839,15.969498755186722,2.6419783246231354
G,LH,143,0.5314685314685315,0.08837306293706293,15.607386713286713,2.641299375998434
G,RL,143,0.5314685314685315,0.19515887412587413,14.404222377622379,2.641299375998434
G,LL,531,0.4199623352165725,0.08597832580037665,16.58726629001883,2.635953857105813
T,WP,57,0.6491228070175439,0.32380600000000004,11.525282456140351,2.635726164740658
T,KW,53,0.660377358490566,0.1675266603773585,13.673266037735848,2.6342347477311248
C,MD,165,0.5151515151515151,0.1588445696969697,15.114304242424243,2.6334482546079165
G,IY,321,0.45482866043613707,0.06977712772585669,16.615477570093457,2.6264315440793884
T,VK,225,0.48444444444444446,0.11117696444444444,15.540592444444444,2.62594806631413
T,FE,96,0.5729166666666666,0.10126727083333333,14.9215,2.620928164767563
T,QW,85,0.5882352941176471,0.20037507058823528,14.18725411764706,2.620204291913828
T,FL,68,0.6176470588235294,0.1967716176470588,12.985992647058824,2.6151834293100724
A,TK,152,0.5197368421052632,0.12851043421052633,15.414086842105265,2.614503919671068
C,TK,286,0.46153846153846156,0.09793685314685315,15.647536363636362,2.612068714965979
A,TN,157,0.5159235668789809,0.11634150955414012,15.42521974522293,2.611912087103085
C,VS,138,0.5289855072463768,0.10912615217391304,15.57843768115942,2.610265196511163
A,KN,101,0.5643564356435643,0.10646717821782178,14.458271287128714,2.6101331718534992
G,IL,212,0.4858490566037736,0.055498533018867924,16.637699528301887,2.6047787408871264
A,MF,42,0.6904761904761905,0.18967659523809524,12.011359523809524,2.5970191275026977
T,TP,163,0.50920245398773,0.1559769509202454,15.117558282208588,2.5968645000577206
G,EW,104,0.5576923076923077,0.07556360576923077,15.613254807692307,2.5954778875878497
T,KF,73,0.6027397260273972,0.09525199999999999,14.487373972602738,2.5942310150819656
T,PK,125,0.536,0.12512372,15.361298399999999,2.5922471021259925
C,TI,176,0.5,0.09432755681818182,16.112778977272725,2.5880748662869144
G,LY,159,0.5094339622641509,0.11293549056603773,15.667022641509433,2.585465905873836
A,NQ,91,0.5714285714285714,0.12161881318681318,15.226437362637363,2.583879186885166
C,IP,369,0.4363143631436314,0.132268,16.14350948509485,2.580146297853012
C,IK,328,0.4451219512195122,0.09926163719512195,16.48565823170732,2.5799525354016595
G,ND,278,0.4568345323741007,0.16428666546762588,15.633275899280575,2.57253200104789
T,NY,22,0.8181818181818182,0.19363754545454545,11.558427272727274,2.5654043584874864
C,RE,274,0.4562043795620438,0.12544033576642336,15.408865328467153,2.562395573752998
C,HN,35,0.7142857142857143,0.24051597142857142,11.627828571428571,2.559656384611507
C,PL,367,0.4332425068119891,0.06605142234332424,17.145163760217983,2.5596326625854497
A,PY,120,0.5333333333333333,0.31710010833333335,12.7274375,2.5577549576515954
A,MK,70,0.6,0.1361902285714286,14.149917142857143,2.5576079262247893
A,QR,37,0.7027027027027027,0.22723656756756755,11.732891891891892,2.5561416257536766
T,QF,49,0.6530612244897959,0.21232951020408164,12.490920408163266,2.5547905341571564
C,TQ,137,0.5182481751824818,0.0761578394160584,16.341831386861312,2.5535402309938804
G,RD,137,0.5182481751824818,0.14298188321167885,15.271583941605838,2.5535402309938804
G,CY,43,0.6744186046511628,0.1840271395348837,11.96907906976744,2.552127892642548
T,SD,162,0.5,0.11408845679012346,14.678593827160496,2.546875100403381
C,MK,77,0.5844155844155844,0.1792057922077922,13.82787792207792,2.5461285350783327
G,QI,282,0.450354609929078,0.0956342269503546,15.9694109929078,2.542453035463444
T,TS,73,0.589041095890411,0.12254873972602741,14.231691780821919,2.5352712192846485
G,LV,577,0.3986135181975737,0.08944473136915078,17.166522530329292,2.535012114028851
C,EV,327,0.43730886850152906,0.16865461773700308,16.07332721712538,2.53333622629643
C,AI,222,0.46846846846846846,0.10599533783783784,15.676563063063064,2.5330894785218576
A,GS,209,0.47368421052631576,0.10775431578947367,16.042843540669857,2.5328404092872217
T,FA,58,0.6206896551724138,0.26365256896551725,13.452365517241379,2.5308853100104467
A,KD,141,0.5106382978723404,0.11064555319148936,16.12558439716312,2.530635093243197
A,FA,71,0.5915492957746479,0.20814059154929576,13.67601690140845,2.529858830967244
C,DN,56,0.625,0.2053696607142857,12.881607142857144,2.526907042396594
C,PK,228,0.4649122807017544,0.06640012719298245,16.89558333333333,2.526204089371708
C,NK,184,0.483695652173913,0.1692295543478261,15.123355434782608,2.5250634153911458
G,RK,271,0.45018450184501846,0.11489628413284134,15.878678228782288,2.523645210657239
G,GW,142,0.5070422535211268,0.10813047887323944,14.28266338028169,2.5163719252022063
C,YN,147,0.5034013605442177,0.06016723809523809,17.06160612244898,2.515603457541119
G,NE,147,0.5034013605442177,0.08355570068027211,15.710993197278912,2.515603457541119
A,NR,85,0.5647058823529412,0.1546934705882353,14.448469411764705,2.5153961202372748
T,YF,32,0.71875,0.21875271875,12.0672375,2.5131148098040326
G,YA,227,0.46255506607929514,0.08418760352422908,15.846222026431718,2.5113713261683537
A,KT,170,0.48823529411764705,0.13629815882352941,15.762128235294117,2.5103416187630634
G,AL,390,0.4205128205128205,0.11001639487179486,16.309093076923077,2.509918050865641
C,MF,40,0.675,0.18859410000000001,12.11748,2.506661145025408
T,NH,38,0.6842105263157895,0.21645965789473684,11.999913157894737,2.5066474420887053
C,QD,168,0.4880952380952381,0.0965221488095238,16.34489047619048,2.5038791346648335
T,VM,138,0.5072463768115942,0.059122123188405803,16.9016384057971,2.5029940240518003
C,PG,236,0.4576271186440678,0.06796990677966101,17.12766313559322,2.502332606960145
C,DD,102,0.5392156862745098,0.08596639215686275,15.988199019607842,2.4991185720846074
G,NQ,126,0.5158730158730159,0.2045497619047619,13.888860317460317,2.4989854017445117
G,IR,189,0.47619047619047616,0.08602395767195768,15.839691005291005,2.4985828915049932
C,LM,57,0.6140350877192983,0.12772728070175438,14.067842105263157,2.4932544801600818
G,GR,195,0.4717948717948718,0.1086116358974359,16.58123846153846,2.490187428970295
T,QG,154,0.4935064935064935,0.08785205194805194,16.532474675324675,2.4889630447133944
A,TH,23,0.782608695652174,0.20665452173913043,11.210973913043478,2.487172562881001
C,LL,329,0.42857142857142855,0.10385172644376899,15.834271428571428,2.485325423340225
A,VN,137,0.5036496350364964,0.16263609489051095,14.190467153284672,2.4816095202616584
T,LS,137,0.5036496350364964,0.1987830875912409,14.983717518248175,2.4816095202616584
C,YW,142,0.5,0.08074738028169014,15.949402112676054,2.4814223151299535
C,FR,196,0.46938775510204084,0.1588496887755102,14.883983163265306,2.479871137979056
C,PR,51,0.6274509803921569,0.21517017647058825,12.585035294117647,2.479211744992268
T,WL,16,0.875,0.1320039375,11.189075,2.4790616760491893
T,AE,178,0.47752808988764045,0.0752492584269663,16.50026797752809,2.4771224353733943
A,IR,150,0.49333333333333335,0.15628242,14.365130666666667,2.475191386162029
G,LF,168,0.48214285714285715,0.07970360119047619,15.676157738095238,2.473344023266482
G,WT,329,0.425531914893617,0.05641317933130699,17.03300273556231,2.467699001898096
A,ME,29,0.7241379310344828,0.12637110344827587,12.868206896551724,2.462936034996733
C,NH,41,0.6585365853658537,0.13931929268292684,13.21441219512195,2.461392187650023
T,YN,58,0.603448275862069,0.16229686206896551,14.317475862068965,2.4605829402879342
A,YA,136,0.5,0.2247216176470588,14.554345588235295,2.4599904629140625
G,QA,274,0.43795620437956206,0.10067583211678832,16.248595620437957,2.459899750802878
A,WN,31,0.7096774193548387,0.1617613870967742,11.894229032258064,2.4595545116643223
A,QG,185,0.4702702702702703,0.21163543243243244,13.952421081081082,2.4575133006110734
T,VL,220,0.45454545454545453,0.09980908181818182,15.796072727272728,2.4537103188717055
C,AL,326,0.4233128834355828,0.056429107361963195,17.09686226993865,2.450964734919696
A,FQ,65,0.5846153846153846,0.19345250769230768,13.373007692307691,2.449336618415449
A,LM,54,0.6111111111111112,0.24662416666666667,12.59227962962963,2.4489258354198435
A,QP,112,0.5178571428571429,0.12936726785714286,15.096427678571429,2.448111548976034
G,LP,248,0.4435483870967742,0.0883898629032258,16.3658064516129,2.447257333109346
G,GT,208,0.4567307692307692,0.085037375,16.31367596153846,2.440008432387774
C,DI,219,0.4520547945205479,0.08924548401826485,16.348416438356164,2.438215192186684
A,NT,130,0.5,0.13276188461538463,15.437633076923078,2.4375986616005756
A,WE,91,0.5384615384615384,0.05362296703296703,16.88897252747253,2.434809233795637
G,LW,148,0.4864864864864865,0.17963891891891892,15.387467567567569,2.4343522569464398
T,GQ,148,0.4864864864864865,0.10804037837837838,15.76555608108108,2.4343522569464398
C,RL,143,0.48951048951048953,0.13509382517482518,15.096934965034965,2.432775741051189
C,EY,118,0.5084745762711864,0.08942055932203391,15.944645762711865,2.4300627931075574
C,RP,59,0.5932203389830508,0.17512677966101695,13.798462711864406,2.428848469114805
A,HV,46,0.6304347826086957,0.1600961956521739,13.19084347826087,2.4272669662954716
C,FT,146,0.4863013698630137,0.07073893835616439,16.317491780821918,2.426854203159522
A,AQ,82,0.5487804878048781,0.09022680487804878,15.48809024390244,2.424973504278621
T,GR,154,0.4805194805194805,0.1494691818181818,15.70083831168831,2.4234640172209367
G,FR,322,0.4192546583850932,0.10195813354037268,16.547573602484473,2.422307651040555
C,RK,210,0.4523809523809524,0.10922403333333333,15.977060952380953,2.421078679429649
T,SF,66,0.5757575757575758,0.09049850000000001,15.114075757575758,2.4208836293463136
C,KI,375,0.408,0.142112224,16.393541866666666,2.419272370503077
A,YN,73,0.5616438356164384,0.1198225479452055,14.828313698630135,2.4173516276900133
C,IT,129,0.49612403100775193,0.08197858914728683,15.871171317829457,2.414900812629126
T,VW,40,0.65,0.24031319999999998,11.871705,2.4138218433578
G,QL,394,0.4035532994923858,0.07107077411167513,17.04485152284264,2.4127990777139043
T,LT,292,0.4246575342465753,0.07736394863013699,17.127970547945207,2.4121280942401246
G,DN,85,0.5411764705882353,0.18193965882352942,13.933635294117646,2.4105879485607216
C,KS,179,0.46368715083798884,0.09399300558659218,16.057945810055866,2.4079073666138964
C,YI,122,0.5,0.10341149180327869,15.466673770491802,2.4060921776862085
A,FY,90,0.5333333333333333,0.12466100000000001,14.848061111111111,2.4057917368089865
T,KV,223,0.4439461883408072,0.12829253811659191,15.985688340807176,2.402479637370623
T,WQ,76,0.5526315789473685,0.07217940789473684,15.153302631578947,2.4005240489191415
A,RI,105,0.5142857142857142,0.13056551428571428,15.040628571428572,2.3983401055433484
C,WR,105,0.5142857142857142,0.11171960952380952,15.274334285714286,2.3983401055433484
A,II,120,0.5,0.17033539166666667,15.3448,2.3978952727983707
A,YK,49,0.6122448979591837,0.1670487142857143,13.834918367346937,2.395116125772334
G,KT,286,0.4230769230769231,0.10505081468531469,16.548591958041957,2.3943963220521476
A,IK,175,0.46285714285714286,0.17665966285714285,15.151288,2.3931954491319445
A,NF,67,0.5671641791044776,0.16436673134328358,13.847662686567164,2.3931536238312248
A,LQ,123,0.4959349593495935,0.13381776422764227,15.584318699186992,2.390546142291929
T,PF,113,0.504424778761062,0.08073472566371682,15.502199999999998,2.3890558544998783
G,EV,293,0.4197952218430034,0.06676462457337884,16.929769283276453,2.385939629292347
T,SK,144,0.4791666666666667,0.2054917013888889,14.630006944444444,2.3846849182431917
A,EY,63,0.5714285714285714,0.0887289365079365,15.411722222222222,2.3765046190626693
A,CR,43,0.627906976744186,0.2015704418604651,13.082281395348836,2.3761190724603036
A,VF,104,0.5096153846153846,0.17673222115384618,14.5957125,2.371729793830276
G,NT,272,0.4227941176470588,0.08441354779411764,16.49669301470588,2.371651678111288
C,EL,501,0.3812375249500998,0.07075233532934132,17.450315568862273,2.3707637182856693
G,QF,61,0.5737704918032787,0.14310603278688525,14.491562295081968,2.3680279258455443
A,FV,87,0.5287356321839081,0.11318613793103448,15.441745977011495,2.36732751110342
G,IF,148,0.47297297297297297,0.0860306418918919,16.338516891891892,2.3667313609201495
T,DI,159,0.46540880503144655,0.08762547798742139,16.194120125786164,2.3620305806748627
G,SP,294,0.41496598639455784,0.10891914965986395,16.605388095238094,2.3599013383450957
T,FD,50,0.6,0.1711514,13.41505,2.3590953796345953
G,PK,303,0.41254125412541254,0.0942863795379538,16.865220792079207,2.358509777807847
T,NN,85,0.5294117647058824,0.15563318823529412,14.712537647058822,2.358183862722445
A,GY,120,0.49166666666666664,0.20805165833333333,13.688269166666666,2.3579303515850643
A,PL,133,0.48120300751879697,0.07708796992481202,16.549456390977443,2.3568552420816413
G,SA,115,0.4956521739130435,0.09579091304347825,15.33793043478261,2.3561273121135895
T,HP,90,0.5222222222222223,0.19953781111111113,13.973193333333333,2.355671075625466
C,SA,123,0.4878048780487805,0.07336734146341464,16.04807804878049,2.35135686127075
C,QE,88,0.5227272727272727,0.10890865909090909,15.812931818181818,2.3463326478145277
G,WL,25,0.72,0.18895548,11.783484000000001,2.345829507375467
T,FF,29,0.6896551724137931,0.22833406896551728,12.283306896551723,2.3456533666635555
C,NQ,103,0.5048543689320388,0.2153081650485437,13.261643689320389,2.344741036459722
T,GI,228,0.4298245614035088,0.09369359210526315,15.851379824561404,2.3355471769662963
G,SS,257,0.42023346303501946,0.08683649805447471,16.886089105058367,2.3335394364651156
C,IY,304,0.40789473684210525,0.07377602302631579,17.132565789473684,2.3332850667740757
A,SQ,138,0.47101449275362317,0.07110160144927535,16.88610579710145,2.3242087366195285
G,RA,112,0.49107142857142855,0.12747766964285714,15.060428571428572,2.321485089546239
T,IY,171,0.4502923976608187,0.08788821637426901,16.871287719298248,2.317877629910151
T,RP,87,0.5172413793103449,0.1125257816091954,14.883027586206897,2.315863869557693
C,VI,343,0.3965014577259475,0.07969445189504373,16.923307580174924,2.3158229312034466
G,PS,242,0.4214876033057851,0.08064570661157025,17.055752066115705,2.3152573025650245
C,MS,36,0.6388888888888888,0.1433813611111111,13.222336111111112,2.3069753330782543
G,TN,246,0.4186991869918699,0.15075094715447154,15.197204065040651,2.3067764173686247
A,HP,61,0.5573770491803278,0.15478068852459018,14.326186885245903,2.3003699851071002
C,LS,148,0.4594594594594595,0.18608116891891893,14.543557432432433,2.2991104648938596
T,GT,148,0.4594594594594595,0.2511838648648649,14.811142567567568,2.2991104648938596
T,SL,148,0.4594594594594595,0.10956677027027027,16.012443243243244,2.2991104648938596
A,RL,151,0.45695364238410596,0.14322033112582783,15.41105298013245,2.295680502903265
A,KP,111,0.4864864864864865,0.11029745045045045,15.270143243243242,2.2954859373868026
A,KC,32,0.65625,0.22994215625,12.5647125,2.2945830872123776
G,HQ,66,0.5454545454545454,0.09669901515151515,15.132186363636363,2.293468701485981
A,PQ,59,0.559322033898305,0.2069756101694915,13.943094915254237,2.2900571280225304
C,NS,86,0.5116279069767442,0.08816344186046511,16.112193023255813,2.284883223497694
G,YV,177,0.4406779661016949,0.08730639548022599,16.33646779661017,2.2834978357219358
G,IK,258,0.4108527131782946,0.07896220930232559,17.725084108527135,2.283037885814539
A,RH,26,0.6923076923076923,0.16997965384615382,12.666292307692308,2.281733214926074
G,HY,26,0.6923076923076923,0.22906223076923077,11.965403846153846,2.281733214926074
A,EM,50,0.58,0.11272328,15.15725,2.280458866980109
A,WL,24,0.7083333333333334,0.30027079166666665,11.016979166666667,2.2800370426149756
T,VF,99,0.494949494949495,0.19753771717171717,14.764361616161617,2.279326657711278
T,SA,84,0.5119047619047619,0.10829014285714286,15.507798809523809,2.274214333679567
T,LG,181,0.43646408839779005,0.0809725138121547,16.542767403314915,2.271362034690977
G,IV,408,0.37745098039215685,0.08507578186274509,17.126523039215687,2.269882681447528
C,AN,110,0.4818181818181818,0.10856968181818182,15.954742727272727,2.2691372788141244
G,AY,118,0.4745762711864407,0.16861766101694917,15.028160169491526,2.268058606900387
A,DR,87,0.5057471264367817,0.14380019540229885,15.08606436781609,2.264400228011967
T,IS,143,0.45454545454545453,0.12492952447552448,15.641386013986013,2.2590060452618186
T,PC,11,0.9090909090909091,0.19440554545454544,10.1026,2.2590060452618186
G,PE,226,0.415929203539823,0.08037004867256636,17.395613274336284,2.256395140014389
T,II,127,0.4645669291338583,0.09147303149606299,15.457993700787402,2.25409279977368
A,TP,119,0.47058823529411764,0.09619129411764706,16.64611512605042,2.2529372907209626
G,NY,35,0.6285714285714286,0.1833454,13.01842,2.252497618458126
G,LD,224,0.41517857142857145,0.10371789732142857,16.89184285714286,2.248648827700942
C,PN,51,0.5686274509803921,0.10927754901960784,14.478015686274508,2.246785643899243
T,DN,51,0.5686274509803921,0.15003111764705881,13.94460588235294,2.246785643899243
C,PP,195,0.4256410256410256,0.08247391794871795,16.89410717948718,2.2465821370058094
A,RW,63,0.5396825396825397,0.15019493650793653,14.028373015873017,2.244476584670299
C,QP,125,0.464,0.08665416000000001,15.284495199999999,2.244034804825486
G,SY,109,0.47706422018348627,0.09508845871559633,16.188891743119264,2.2424310001945473
T,SY,78,0.5128205128205128,0.20680192307692308,14.621657692307691,2.240742488444626
G,IP,307,0.39087947882736157,0.1314301009771987,16.97009348534202,2.2397784167974883
T,KR,139,0.45323741007194246,0.1136623237410072,16.51004964028777,2.23973721312508
A,PK,142,0.4507042253521127,0.09166897183098592,16.381592253521127,2.2367750446241836
A,YY,99,0.48484848484848486,0.13641822222222222,15.424628282828282,2.2328097871457415
G,HV,71,0.5211267605633803,0.11467664788732394,15.426169014084508,2.2286851606140003
A,VS,118,0.4661016949152542,0.09974805084745762,16.413631355932203,2.227557560348594
C,AQ,102,0.4803921568627451,0.09467830392156863,16.062132352941177,2.226487455129923
G,RV,157,0.4394904458598726,0.11358358598726116,16.26287643312102,2.2249621482729984
G,KG,233,0.40772532188841204,0.0799925965665236,16.90382145922747,2.22427255776387
T,LA,113,0.4690265486725664,0.0856781592920354,15.73470884955752,2.2214028120788343
C,EN,149,0.4429530201342282,0.04434306040268457,18.202187248322147,2.219476036311093
A,RD,79,0.5063291139240507,0.14648067088607594,15.407340506329115,2.218747663126016
A,GW,64,0.53125,0.228106375,13.3481453125,2.217643237132057
A,QY,108,0.4722222222222222,0.2273158425925926,15.05887962962963,2.2153587221637623
A,ES,100,0.48,0.16492989000000002,14.804737,2.2152578480838048
A,KS,130,0.45384615384615384,0.12875476153846155,15.257977692307692,2.212589554375907
A,LV,262,0.3969465648854962,0.13227272519083969,16.706581297709924,2.21184740208583
A,DI,164,0.4329268292682927,0.08734123170731707,16.577907317073173,2.2105007844325684
T,CR,36,0.6111111111111112,0.2675891388888889,12.588444444444445,2.206672057727026
A,KE,114,0.4649122807017544,0.09275634210526315,16.4209,2.2059772175723884
A,ET,153,0.43790849673202614,0.06600496078431373,16.767019607843135,2.2057243422334194
G,SW,125,0.456,0.05819164,17.239691200000003,2.2053445495698742
T,SP,156,0.4358974358974359,0.06803788461538463,16.977170512820514,2.2040045818184932
A,DN,50,0.56,0.21366702,13.604785999999999,2.2018223543256226
G,HT,85,0.49411764705882355,0.05561081176470588,17.22665411764706,2.2009716052076156
G,AI,200,0.415,0.0742452,16.6838775,2.200871536844516
C,FK,209,0.41148325358851673,0.11924507177033493,16.082121052631578,2.2002452040272837
T,KM,43,0.5813953488372093,0.13673462790697674,14.261297674418605,2.200110252278059
T,VT,174,0.42528735632183906,0.07601547126436782,16.633574137931035,2.1965181728180463
G,TH,55,0.5454545454545454,0.12308887272727273,15.150412727272727,2.195646376764627
T,VI,160,0.43125,0.0676120375,17.463027500000003,2.19135563239955
T,HT,48,0.5625,0.11419985416666667,14.243218749999999,2.1891489176872274
T,YR,48,0.5625,0.14583839583333333,14.181177083333333,2.1891489176872274
A,CK,32,0.625,0.1595225625,13.775459375,2.1853172259165503
A,NE,78,0.5,0.1617547051282051,14.806352564102566,2.1847239262335107
A,VA,121,0.45454545454545453,0.09373414049586777,15.798836363636363,2.1836459294242077
T,NF,73,0.5068493150684932,0.12799460273972602,15.013635616438357,2.181512444500744
A,VR,113,0.46017699115044247,0.09758497345132743,16.226347787610617,2.1794895514735733
A,AS,188,0.4148936170212766,0.08228586170212766,16.63000053191489,2.174767378588575
G,DR,139,0.43884892086330934,0.1410994820143885,16.464282014388488,2.1686344444544425
T,AK,71,0.5070422535211268,0.10555245070422535,15.636405633802816,2.1684504265433517
T,EE,71,0.5070422535211268,0.10777081690140845,14.837753521126759,2.1684504265433517
C,RT,171,0.42105263157894735,0.0842168596491228,17.18037076023392,2.167366095500401
A,AH,61,0.5245901639344263,0.34628377049180326,12.170773770491802,2.165054103630212
A,PT,28,0.6428571428571429,0.13692796428571427,13.237310714285714,2.1646901764198763
A,QF,28,0.6428571428571429,0.13397,13.498007142857144,2.1646901764198763
C,QN,79,0.4936708860759494,0.15249810126582278,15.41960253164557,2.1632789715478653
C,KE,340,0.37058823529411766,0.08635672352941176,18.056519411764704,2.1612270356991856
T,VG,120,0.45,0.09472979166666667,16.576206666666668,2.1581057455185335
A,CY,26,0.6538461538461539,0.13661073076923078,13.332419230769231,2.154970258541292
T,RF,64,0.515625,0.144129875,14.513203125,2.152418436039938
T,SS,129,0.4418604651162791,0.1216351007751938,16.35892480620155,2.1507710362478156
C,SM,77,0.4935064935064935,0.08872094805194805,15.793112987012988,2.1500640962883697
G,LK,511,0.34442270058708413,0.06763009393346381,17.861368884540116,2.1486206144950164
A,YD,85,0.4823529411764706,0.1296183411764706,15.264622352941176,2.148567519369339
A,YF,72,0.5,0.14108956944444442,15.1598625,2.1452297205741955
G,LT,516,0.3430232558139535,0.09279972286821705,17.74201531007752,2.143224009279054
A,NN,80,0.4875,0.0855105,15.51298625,2.142293962902814
A,EV,162,0.41975308641975306,0.09623498148148148,16.528546913580247,2.1381173682398753
C,DR,83,0.4819277108433735,0.14126479518072288,15.784130120481926,2.1353333970329222
A,LK,249,0.3855421686746988,0.09879404417670684,17.420847389558233,2.1287560165252035
T,LD,108,0.4537037037037037,0.11118558333333334,15.9375,2.128481909529889
T,AM,14,0.7857142857142857,0.1597205,11.180571428571428,2.1277537294374507
C,RI,128,0.4375,0.1135790234375,15.69601484375,2.1261679269082316
T,VS,117,0.4444444444444444,0.10668724786324786,16.61576581196581,2.1203042775402956
A,TT,92,0.4673913043478261,0.09778226086956521,16.050054347826087,2.118497589191196
T,YW,68,0.5,0.11384586764705883,15.552020588235294,2.11705325229863
T,QR,63,0.5079365079365079,0.20528598412698412,14.576839682539683,2.112448550277928
A,WQ,43,0.5581395348837209,0.07965027906976743,15.495558139534882,2.1121058421869363
A,LY,87,0.47126436781609193,0.12320352873563219,15.744790804597702,2.110009303374787
T,NE,101,0.45544554455445546,0.1444938514851485,15.739980198019802,2.1064232614958067
A,KM,36,0.5833333333333334,0.1657351111111111,13.650477777777777,2.1063687823757977
G,TD,90,0.4666666666666667,0.13903366666666667,14.951690000000001,2.1050677697078632
C,YG,41,0.5609756097560976,0.1670762926829268,14.74890731707317,2.096741493183353
C,ND,148,0.4189189189189189,0.05097608108108108,16.79431891891892,2.0962477768149896
C,KR,182,0.4010989010989011,0.09898904395604397,16.230186813186815,2.089519171194636
G,MD,176,0.4034090909090909,0.17075967045454546,16.4378,2.088105858026942
G,PF,223,0.38565022421524664,0.05977291928251121,18.323678923766817,2.0870025132714503
A,PS,91,0.46153846153846156,0.1184532967032967,15.741858241758242,2.0869793432534034
G,QE,161,0.40993788819875776,0.07635486335403727,16.68285900621118,2.0855984976729025
T,AS,152,0.4144736842105263,0.10038527631578947,16.665284210526316,2.0849841384718646
G,KI,456,0.3399122807017544,0.06342514692982455,17.91414846491228,2.081855099975004
T,EV,186,0.3978494623655914,0.06704728494623656,17.637316129032257,2.0811937507916096
T,SN,54,0.5185185185185185,0.09242151851851853,16.307153703703705,2.077876466416837
A,KA,126,0.42857142857142855,0.11245765079365079,15.65873253968254,2.0760801799108246
G,CC,49,0.5306122448979592,0.07975902040816327,15.351310204081633,2.07576730900269
A,TL,103,0.44660194174757284,0.10867220388349515,16.307732038834953,2.0741939937912925
G,YD,103,0.44660194174757284,0.12238328155339806,15.56384854368932,2.0741939937912925
C,PS,138,0.42028985507246375,0.04964207971014493,18.038781884057972,2.0739093342143486
A,IL,141,0.41843971631205673,0.10899214893617022,17.0751780141844,2.0737148680742865
A,KY,106,0.44339622641509435,0.09715725471698114,16.763640566037736,2.0719146718840524
G,EL,549,0.32786885245901637,0.05161186885245902,17.860227504553734,2.0688256649923003
A,PD,81,0.4691358024691358,0.07264575308641975,16.416206172839505,2.0673497703215014
A,WK,37,0.5675675675675675,0.21045756756756756,12.472254054054053,2.064575928493354
A,EK,148,0.41216216216216217,0.1195790608108108,16.863504054054054,2.0624373288018445
G,MP,42,0.5476190476190477,0.15384566666666666,14.529778571428572,2.0597048252607606
C,SG,198,0.3888888888888889,0.12381758585858586,16.82468888888889,2.0585074318373024
G,IG,253,0.3715415019762846,0.09336062055335968,16.819377865612648,2.057349490512816
T,IF,68,0.4852941176470588,0.1357425,15.316104411764707,2.0547869801721994
T,WE,137,0.41605839416058393,0.07152432846715329,17.26281386861314,2.0500252558683263
T,CV,19,0.6842105263157895,0.08206894736842105,14.636115789473685,2.049711555589573
A,AK,71,0.4788732394366197,0.12264457746478874,16.228030985915492,2.0479809584020545
C,LF,82,0.4634146341463415,0.12112948780487805,16.002539024390245,2.0477554036130576
A,HN,28,0.6071428571428571,0.14626078571428572,13.216021428571427,2.044429611063216
C,IL,159,0.4025157232704403,0.07194918238993711,16.5863213836478,2.0428372589620434
G,AP,74,0.47297297297297297,0.11250467567567567,16.343394594594596,2.042055188834741
T,IL,108,0.4351851851851852,0.1035266851851852,16.26910833333333,2.041605096896016
T,KN,88,0.45454545454545453,0.09873047727272727,16.865111363636363,2.040289258969154
A,HT,58,0.5,0.37674525862068964,12.794441379310344,2.03876872195286
C,QR,58,0.5,0.21012470689655172,13.87408448275862,2.03876872195286
T,YV,94,0.44680851063829785,0.0884431170212766,15.727594680851064,2.034710951566199
A,FS,97,0.44329896907216493,0.11241031958762886,16.54374432989691,2.032511356524068
T,ID,80,0.4625,0.092382225,15.960343750000002,2.032432734036003
A,VD,100,0.44,0.14982431999999998,14.73326,2.030653027410154
A,FF,33,0.5757575757575758,0.12816142424242424,14.770718181818182,2.0303287869002142
A,TI,109,0.43119266055045874,0.12385790825688074,15.928822935779817,2.0268126347912254
A,RP,72,0.4722222222222222,0.1359481111111111,15.44258888888889,2.026050291653407
C,ID,72,0.4722222222222222,0.08744305555555555,16.315913888888886,2.026050291653407
G,ET,312,0.3525641025641026,0.09901298076923078,17.275390384615385,2.025904971023772
T,YG,38,0.5526315789473685,0.15591323684210526,14.784792105263158,2.024599857071647
C,SF,56,0.5,0.12797469642857143,15.044985714285714,2.021525633917275
T,RD,95,0.4421052631578947,0.13037597894736844,16.416224210526316,2.0179223583331485
C,IV,338,0.34615384615384615,0.06943011538461538,17.56632899408284,2.0166923448624634
G,AA,213,0.3755868544600939,0.07665385915492957,17.596504225352113,2.0153900525903667
G,SG,243,0.3662551440329218,0.07684836625514403,17.991863374485597,2.013366140127963
A,WV,62,0.4838709677419355,0.10828520967741936,16.157906451612902,2.00474260954429
C,RV,73,0.4657534246575342,0.12034205479452054,15.695200000000002,2.0046330571087916
G,RP,105,0.42857142857142855,0.13460590476190476,16.440413333333336,1.998616754619457
A,AN,65,0.47692307692307695,0.09876064615384615,16.40218153846154,1.998143030812603
A,QW,82,0.45121951219512196,0.11352315853658537,14.801265853658537,1.9938671035179774
C,ER,82,0.45121951219512196,0.11982482926829267,16.050936585365854,1.9938671035179774
T,QP,130,0.4076923076923077,0.08157972307692307,16.267983846153847,1.9875804471512386
G,FN,60,0.48333333333333334,0.13493753333333333,15.434681666666668,1.986922367683767
T,FT,106,0.42452830188679247,0.13611731132075472,16.294685849056602,1.9837480901017526
A,ID,63,0.47619047619047616,0.07805850793650794,15.95866507936508,1.9804205158855577
T,YD,63,0.47619047619047616,0.11793339682539682,15.73721746031746,1.9804205158855577
C,RD,66,0.4696969696969697,0.1122524090909091,15.259030303030302,1.9749313818351506
A,NH,27,0.5925925925925926,0.13599966666666666,14.570922222222222,1.974639709733454
C,TD,89,0.43820224719101125,0.15222197752808989,16.077460674157305,1.9718267094705657
A,KH,32,0.5625,0.238446125,13.0129875,1.966785503324895
T,FH,18,0.6666666666666666,0.2301798888888889,12.334766666666667,1.9629593194442934
A,TE,177,0.3785310734463277,0.05152445762711864,17.612174576271187,1.9614660896585858
A,YT,78,0.44871794871794873,0.11482807692307692,16.299465384615385,1.9606496773890483
T,QL,251,0.3545816733067729,0.06270307171314742,18.329394422310756,1.960634218280943
T,DS,161,0.38509316770186336,0.11035116149068323,16.68617701863354,1.9591985887230297
C,SL,158,0.3860759493670886,0.09006351898734177,17.30338734177215,1.9569820021230009
A,FT,87,0.4367816091954023,0.11939226436781608,16.369572413793104,1.9556183787376078
T,KY,108,0.4166666666666667,0.0881662037037037,16.567378703703703,1.9547282842621432
C,KH,70,0.45714285714285713,0.10171077142857143,16.37696142857143,1.9486536580760299
C,MP,35,0.5428571428571428,0.13831837142857142,14.479802857142857,1.9453388523047452
G,SF,88,0.4318181818181818,0.08789203409090908,16.33656818181818,1.9382747960206967
G,MI,43,0.5116279069767442,0.1514306976744186,14.622095348837208,1.9360970220046918
A,IY,164,0.3780487804878049,0.07472806097560976,17.94385731707317,1.9302964596453414
A,FC,38,0.5263157894736842,0.080997,15.635447368421055,1.9281903400682348
T,IP,148,0.38513513513513514,0.04339642567567568,18.457964864864866,1.9271955367492648
T,NK,145,0.38620689655172413,0.10537412413793103,17.86616275862069,1.9247032470045988
A,CQ,28,0.5714285714285714,0.1886223214285714,13.521471428571429,1.9241690457065566
T,QS,80,0.4375,0.090323975,16.676624999999998,1.922571505169192
A,TY,98,0.41836734693877553,0.127574306122449,16.089070408163266,1.9224481005665122
A,AA,139,0.38848920863309355,0.08401573381294963,17.291857553956834,1.9197747541072117
G,II,182,0.36813186813186816,0.05274469230769231,17.696361538461538,1.9177778694526113
T,MF,49,0.4897959183673469,0.1385969387755102,16.140310204081633,1.9160929006178673
A,AW,41,0.5121951219512195,0.08504412195121952,15.553629268292683,1.914416145950018
G,DL,305,0.3344262295081967,0.10384688852459016,18.259724918032784,1.9141169849152224
T,IM,21,0.6190476190476191,0.22449528571428573,13.365385714285713,1.9135024711265767
A,AL,203,0.35960591133004927,0.06222120197044335,17.68214039408867,1.9124273869489052
T,TV,153,0.3790849673202614,0.05443619607843137,18.32177450980392,1.9094330126796766
A,SV,118,0.3983050847457627,0.09947684745762711,17.068688983050848,1.9035491879342532
C,ME,44,0.5,0.1078603409090909,16.092270454545453,1.9033312448851598
G,GF,157,0.37579617834394907,0.08800343312101912,17.29428025477707,1.9025038659145928
G,HD,26,0.5769230769230769,0.11366069230769231,13.45791153846154,1.9014443457717283
G,HN,26,0.5769230769230769,0.12177957692307693,14.436496153846154,1.9014443457717283
T,AP,58,0.46551724137931033,0.12377379310344827,15.16306551724138,1.898163982507835
G,GS,323,0.3281733746130031,0.06774404643962847,18.06566068111455,1.8970861073498047
A,SK,100,0.41,0.11317986,16.320444,1.8921994119049164
G,DG,175,0.3657142857142857,0.0721482857142857,18.334944,1.890919861042524
A,PP,97,0.41237113402061853,0.07615394845360825,17.15341649484536,1.89070823862704
G,AN,145,0.3793103448275862,0.0811437724137931,17.30211724137931,1.8903335461652309
G,KR,213,0.352112676056338,0.08796900938967137,17.06344460093897,1.8894281743034687
A,EG,94,0.4148936170212766,0.09421336170212767,16.485498936170213,1.8893744550257563
G,TS,94,0.4148936170212766,0.0825553829787234,16.581944680851063,1.8893744550257563
C,IS,196,0.35714285714285715,0.08989511224489796,17.36682244897959,1.8868584745492816
C,RW,73,0.4383561643835616,0.1442684383561644,16.020697260273973,1.8867134655141566
G,PP,129,0.3875968992248062,0.04226682945736434,18.258437984496123,1.8866412598665048
A,FE,76,0.4342105263157895,0.09405524999999999,16.16291710526316,1.8861260384364682
A,AG,82,0.4268292682926829,0.13970239024390244,16.291465853658536,1.8860905033278164
A,VE,110,0.4,0.10786062727272727,16.402200909090908,1.8838120805249337
C,GP,146,0.3767123287671233,0.06292588356164384,18.21155890410959,1.8799574813207567
T,VV,133,0.38345864661654133,0.08591806015037594,16.551957894736844,1.878119021033808
C,KK,384,0.3151041666666667,0.059780859374999995,18.275343229166666,1.8758917798146406
G,YP,89,0.4157303370786517,0.06264467415730338,17.389483146067416,1.8707073910361776
A,DL,86,0.4186046511627907,0.1145458023255814,17.108444186046512,1.869449910134477
A,FK,86,0.4186046511627907,0.12184179069767441,16.950446511627906,1.869449910134477
T,YS,83,0.42168674698795183,0.13153046987951805,15.939812048192772,1.8684167224038069
T,LK,256,0.3359375,0.07913529296875,17.656566796875,1.864142747269488
A,DT,51,0.47058823529411764,0.08355639215686275,17.17340588235294,1.8594088087442011
C,VF,96,0.40625,0.08480821875,16.884405208333334,1.8584763350169993
G,LM,93,0.40860215053763443,0.07541391397849462,17.607902150537637,1.8564000185619371
C,SK,225,0.3422222222222222,0.12717193777777777,17.099593333333335,1.8550275330842934
A,WF,27,0.5555555555555556,0.17931429629629628,13.12672962962963,1.8512247278751133
C,FF,27,0.5555555555555556,0.2593827777777778,13.558777777777777,1.8512247278751133
G,ID,84,0.4166666666666667,0.08579136904761905,16.8327,1.8511046902042987
G,CR,66,0.4393939393939394,0.14332018181818182,16.39633484848485,1.8475164539748183
A,NY,35,0.5142857142857142,0.1237282,15.368222857142856,1.842952596920285
C,FN,35,0.5142857142857142,0.24362199999999998,13.605842857142857,1.842952596920285
T,TA,133,0.37593984962406013,0.11035687969924812,17.049554135338347,1.8412931578762823
G,RF,94,0.40425531914893614,0.09218898936170213,17.024401063829785,1.840928956178942
A,VV,107,0.3925233644859813,0.07460667289719626,16.987632710280373,1.837845902235675
C,RA,88,0.4090909090909091,0.10436895454545456,16.70186022727273,1.8362603330722391
A,EQ,49,0.46938775510204084,0.15121267346938774,15.110971428571428,1.8362556964254564
T,IW,49,0.46938775510204084,0.1298704693877551,15.988573469387756,1.8362556964254564
C,NF,79,0.4177215189873418,0.07542783544303798,16.66122911392405,1.830466822078963
C,RF,76,0.42105263157894735,0.16228926315789471,16.01750263157895,1.8289707039383931
A,KG,98,0.3979591836734694,0.11116278571428571,16.67262142857143,1.8286701444413163
C,RH,13,0.6923076923076923,0.12930053846153847,14.742053846153848,1.8270396897336403
T,AI,121,0.38016528925619836,0.096105,17.27822561983471,1.8263220500638828
C,NP,138,0.3695652173913043,0.04835802173913044,18.483771014492753,1.8236099318091685
T,MK,89,0.4044943820224719,0.12555437078651685,16.123193258426966,1.8201477318189836
T,KP,115,0.3826086956521739,0.11642597391304348,16.34763217391304,1.8187649426841743
A,GI,220,0.33636363636363636,0.10299658636363636,17.298569999999998,1.815745635965062
C,GF,132,0.3712121212121212,0.07795693181818182,17.417946212121212,1.815356873355045
T,RW,83,0.40963855421686746,0.1309446265060241,15.06212409638554,1.8150333874779838
T,DP,47,0.46808510638297873,0.11039782978723406,15.599961702127661,1.812051537020715
G,KP,228,0.3333333333333333,0.08090332894736842,17.921107894736842,1.8112406678514132
A,PV,109,0.3853211009174312,0.10784107339449542,17.051149541284403,1.8111942693879037
C,DK,192,0.34375,0.056275151041666666,17.744984374999998,1.8090497524360545
G,YK,93,0.3978494623655914,0.07849796774193549,17.50994301075269,1.8075473864945175
T,YT,53,0.4528301886792453,0.11134990566037736,16.140545283018866,1.8063323984442
C,GT,157,0.35668789808917195,0.09123463694267517,17.265115923566878,1.8057663812070708
A,TD,68,0.4264705882352941,0.18038989705882352,16.340779411764707,1.8057218916664783
T,SM,56,0.44642857142857145,0.12525923214285714,15.842133928571428,1.804933601711853
A,AD,65,0.4307692307692308,0.058293538461538466,17.342864615384617,1.8047743504113833
A,DE,65,0.4307692307692308,0.07722406153846154,16.764967692307692,1.8047743504113833
A,LD,133,0.3684210526315789,0.0888522030075188,17.61667142857143,1.8044672947187566
G,YG,62,0.43548387096774194,0.1098403870967742,16.262140322580645,1.804268348589861
A,HG,28,0.5357142857142857,0.11204807142857143,14.159457142857141,1.8039084803498968
G,FH,28,0.5357142857142857,0.09465060714285714,15.902707142857142,1.8039084803498968
C,LQ,123,0.37398373983739835,0.10192433333333333,16.603357723577236,1.8027069269742415
A,VT,113,0.3805309734513274,0.1133152831858407,16.871970796460175,1.802270206026224
G,KE,286,0.3181818181818182,0.10996431468531469,17.810998251748252,1.8007443413780613
A,GE,39,0.48717948717948717,0.15090046153846154,14.633069230769232,1.797146400722174
A,RA,94,0.39361702127659576,0.09541251063829788,16.504351063829787,1.7924834573321278
G,TP,311,0.31189710610932475,0.04998346302250804,19.07605659163987,1.7912260746544044
C,KP,124,0.3709677419354839,0.05298515322580646,17.94288548387097,1.791148644483112
G,AK,114,0.37719298245614036,0.09092005263157894,17.690484210526318,1.7897551010492962
A,FW,31,0.5161290322580645,0.049987290322580646,17.41631935483871,1.7887669175740524
C,PM,31,0.5161290322580645,0.14528925806451615,14.510477419354839,1.7887669175740524
G,LQ,213,0.3333333333333333,0.06907083568075117,17.41074178403756,1.7886586716739503
A,IW,45,0.4666666666666667,0.12956046666666665,16.10388,1.7866993183615778
A,TC,48,0.4583333333333333,0.1600235,16.322566666666667,1.7837509699673704
G,VS,156,0.3525641025641026,0.07543215384615386,17.586408974358974,1.7826507647061343
A,AY,54,0.4444444444444444,0.11543787037037037,15.491111111111111,1.7810369712144316
G,VW,26,0.5384615384615384,0.14025811538461538,14.100696153846155,1.7746813893869464
C,FD,76,0.40789473684210525,0.0753673552631579,16.865669736842104,1.7718153694403185
G,CN,16,0.625,0.094557375,15.626025,1.770758340035135
T,EM,37,0.4864864864864865,0.11053456756756756,15.504745945945947,1.7696365101371607
A,GL,161,0.34782608695652173,0.08110773291925466,18.181824844720495,1.7695987252982204
T,DL,126,0.36507936507936506,0.06527786507936509,17.939953174603176,1.7685127458499619
C,KC,21,0.5714285714285714,0.197371,13.315638095238095,1.766309973347609
G,PT,40,0.475,0.1196741,16.398305,1.7639467316845463
A,DF,123,0.36585365853658536,0.12177457723577235,17.298447154471543,1.7635176459530624
A,ND,67,0.417910447761194,0.04916734328358209,17.486408955223883,1.7633763544019552
C,AK,67,0.417910447761194,0.1369073880597015,16.42454776119403,1.7633763544019552
A,DG,96,0.3854166666666667,0.09826173958333334,17.26014375,1.7631698562981788
G,QT,43,0.46511627906976744,0.11008379069767443,15.941220930232557,1.7600882018224469
G,NS,93,0.3870967741935484,0.046785494623655915,17.95736129032258,1.758694754427098
T,PY,80,0.4,0.0855917125,17.45928875,1.7577796618689758
A,FG,46,0.45652173913043476,0.0906898043478261,16.411682608695653,1.7576760790415482
T,DR,90,0.3888888888888889,0.1153819,16.104601111111112,1.7542231414232194
T,GS,138,0.35507246376811596,0.08273718840579711,17.230264492753623,1.7520958168362601
T,ET,234,0.32051282051282054,0.059574615384615386,18.627942307692308,1.7498671519692819
A,MP,32,0.5,0.1026211875,14.976975,1.7482537807332401
C,TH,32,0.5,0.07500290625,16.90695625,1.7482537807332401
A,LA,111,0.36936936936936937,0.06674405405405405,16.831217117117117,1.74286895246035
G,WH,14,0.6428571428571429,0.1298527142857143,13.396228571428571,1.740889414994278
A,SL,129,0.35658914728682173,0.0727205968992248,17.673291472868218,1.7357099590771845
T,DA,98,0.37755102040816324,0.06833210204081633,17.238648979591837,1.7348921883161206
A,TF,56,0.42857142857142855,0.08877367857142858,16.38204107142857,1.7327362576433787
T,HV,41,0.4634146341463415,0.11252931707317074,15.95490975609756,1.732090798716683
A,NS,53,0.4339622641509434,0.05968162264150943,17.995684905660376,1.731068548509025
A,YP,53,0.4339622641509434,0.10896318867924529,16.93351320754717,1.731068548509025
G,PY,133,0.3533834586466165,0.08387057894736841,18.040348120300752,1.7308155684037054
C,ST,126,0.35714285714285715,0.13045138888888888,16.468744444444443,1.730066816592354
T,YK,50,0.44,0.10018074,17.729304,1.7300032783987034
T,DD,47,0.44680851063829785,0.071563,17.165751063829788,1.729685558065228
T,FG,47,0.44680851063829785,0.15356055319148937,15.81634255319149,1.729685558065228
A,IF,95,0.37894736842105264,0.10037582105263158,17.776505263157894,1.7296477357141273
T,WG,85,0.38823529411764707,0.0802048,17.927110588235294,1.7293348326631264
C,KA,211,0.3222748815165877,0.06977730805687204,17.80788578199052,1.7262932070033026
G,TF,63,0.4126984126984127,0.09653985714285715,16.72184126984127,1.7163644471008168
C,NL,131,0.3511450381679389,0.08012674045801527,17.602090076335877,1.7145716674730767
C,FS,100,0.37,0.06666755,17.881813,1.707594591231266
A,QT,39,0.46153846153846156,0.1114228717948718,15.506935897435897,1.702559748052586
A,NW,45,0.4444444444444444,0.11470151111111111,15.357862222222222,1.7016183984395976
G,EQ,118,0.3559322033898305,0.09726244067796609,18.05308813559322,1.7010439551752903
G,FD,87,0.3793103448275862,0.10808582758620691,16.39967701149425,1.698300171008975
G,KQ,295,0.2983050847457627,0.06584309491525424,17.72938,1.697463159255991
T,LE,140,0.34285714285714286,0.04489592142857143,17.89137,1.6967176767010863
A,GV,101,0.36633663366336633,0.09374349504950495,17.06252277227723,1.6942969712031486
G,KN,155,0.33548387096774196,0.08471961935483871,17.79786516129032,1.6941452411417803
T,QV,133,0.3458646616541353,0.053017015037593984,16.905266917293236,1.6939897052461796
C,DS,193,0.32124352331606215,0.07759231088082902,18.698725906735753,1.6922653153467686
C,LE,232,0.3103448275862069,0.04837646120689655,18.743525431034485,1.6917015890376312
T,AV,98,0.3673469387755102,0.0752580306122449,17.11137142857143,1.688003210253523
A,HL,58,0.41379310344827586,0.062254413793103446,17.306308620689656,1.6872568733402977
A,LH,58,0.41379310344827586,0.0843683275862069,16.26971551724138,1.6872568733402977
T,GE,58,0.41379310344827586,0.10852603448275862,16.990874137931034,1.6872568733402977
A,VL,134,0.34328358208955223,0.05790284328358209,18.283635074626865,1.6839002970758787
A,GK,149,0.33557046979865773,0.09013343624161073,17.15719932885906,1.681421239629616
T,ST,68,0.39705882352941174,0.09803470588235294,17.009975,1.6811893474136177
G,EI,274,0.29927007299270075,0.06544879197080292,18.018837591240878,1.6809314963819668
C,KW,75,0.38666666666666666,0.11674108,15.885276000000001,1.6745502249107147
C,HV,20,0.55,0.07791505,15.21453,1.6744873407478829
G,FK,188,0.3191489361702128,0.08474132978723405,18.185568617021275,1.6728979835296733
T,AD,43,0.4418604651162791,0.0992780930232558,16.164411627906976,1.6720837917313247
G,VF,117,0.3504273504273504,0.07878701709401709,17.384060683760683,1.6717783726760023
A,WY,37,0.4594594594594595,0.12440556756756756,16.1295972972973,1.6713233706850963
A,PA,89,0.3707865168539326,0.07821458426966292,16.849334831460673,1.6684687541674017
G,MS,89,0.3707865168539326,0.08285594382022472,16.802739325842698,1.6684687541674017
T,VA,89,0.3707865168539326,0.07038096629213483,17.702508988764045,1.6684687541674017
C,FA,103,0.3592233009708738,0.07113806796116505,17.379428155339806,1.6683734297886483
G,TT,197,0.3147208121827411,0.12800863959390862,16.476528426395937,1.6643276949393968
A,KL,261,0.2988505747126437,0.08088706513409961,17.93831034482759,1.6641029551469946
A,LG,118,0.3474576271186441,0.07034217796610169,17.151238983050845,1.6605429086234977
C,AA,144,0.3333333333333333,0.051042965277777776,18.019123611111112,1.6589112474735246
A,GH,23,0.5217391304347826,0.10555321739130434,15.811286956521739,1.6581150419206674
T,KC,23,0.5217391304347826,0.1810143913043478,14.27091739130435,1.6581150419206674
A,MD,66,0.3939393939393939,0.08999918181818181,16.743283333333334,1.6563940621843198
A,AI,115,0.34782608695652173,0.09177938260869566,17.441934782608694,1.653422675167431
C,VD,184,0.31521739130434784,0.07480645108695652,18.12121141304348,1.6455469448616458
G,DA,188,0.31382978723404253,0.05131792021276596,18.33038085106383,1.6450163504708453
A,TA,127,0.33858267716535434,0.07965145669291337,17.70228818897638,1.6428133964452247
C,MA,29,0.4827586206896552,0.10399268965517242,15.859399999999999,1.641957356664489
C,AF,98,0.35714285714285715,0.08952508163265306,16.916577551020406,1.641114232190925
G,KF,91,0.3626373626373626,0.06981530769230769,18.061216483516482,1.639769483984817
G,LA,181,0.3149171270718232,0.058489033149171275,18.577481215469614,1.6388308351567806
A,NL,109,0.3486238532110092,0.050301467889908254,17.993022018348622,1.6386995770652462
C,EW,120,0.3416666666666667,0.03798345833333334,18.407284166666667,1.6385617697455532
C,DT,57,0.40350877192982454,0.10052443859649124,16.810440350877194,1.6384243726766252
A,YM,35,0.45714285714285713,0.08578222857142856,16.695294285714283,1.6381800861513645
C,FP,67,0.3880597014925373,0.11234568656716418,16.55016865671642,1.6374209005161013
A,FH,18,0.5555555555555556,0.11616050000000001,14.579916666666666,1.6357994328702448
T,HR,18,0.5555555555555556,0.12654233333333334,14.224438888888889,1.6357994328702448
T,PM,18,0.5555555555555556,0.12411544444444446,15.334472222222225,1.6357994328702448
A,DS,132,0.3333333333333333,0.08405710606060605,18.426689393939395,1.630116376073918
G,GM,163,0.31901840490797545,0.07030680981595093,17.544762576687116,1.6269512530482106
A,CA,71,0.38028169014084506,0.05065170422535212,17.33934366197183,1.626337819907514
G,QN,78,0.3717948717948718,0.08283846153846154,17.759900000000002,1.6245383041223542
C,DH,13,0.6153846153846154,0.11822169230769232,14.484576923076922,1.624035279763236
T,HY,13,0.6153846153846154,0.22379107692307693,12.570276923076923,1.624035279763236
A,IG,103,0.34951456310679613,0.09145846601941748,17.782042718446604,1.6232822560105769
T,KG,114,0.34210526315789475,0.09391177192982457,18.220428947368422,1.6232662544400593
C,IA,152,0.3223684210526316,0.05625517105263158,17.78287697368421,1.6216543299225614
A,EA,96,0.3541666666666667,0.039354291666666666,18.317916666666665,1.620210138219948
A,RF,68,0.38235294117647056,0.11001083823529412,17.23963088235294,1.6189230752871875
G,TL,122,0.3360655737704918,0.08253009836065574,17.98941639344262,1.6172094964776156
T,PW,65,0.38461538461538464,0.05594396923076923,17.719836923076922,1.6114056700101635
G,CH,24,0.5,0.09787458333333333,15.804008333333334,1.6094379124341003
C,LW,79,0.3670886075949367,0.056751341772151895,17.287040506329113,1.6085920557663616
T,DT,52,0.40384615384615385,0.05876901923076923,16.853796153846154,1.6033871189345108
G,SL,231,0.2943722943722944,0.07280492640692642,19.19608051948052,1.603368576940732
T,RH,33,0.45454545454545453,0.15610554545454544,15.745696969696969,1.6028911475528007
A,CE,30,0.4666666666666667,0.17920536666666667,15.703266666666668,1.6025273620930682
A,YV,69,0.37681159420289856,0.12406588405797102,15.854286956521738,1.6008822651200485
A,VQ,143,0.32167832167832167,0.0696444895104895,17.1116,1.59868120126221
G,QG,344,0.27325581395348836,0.05460088953488373,18.34880203488372,1.596782486049267
A,LT,191,0.3036649214659686,0.06264805759162304,17.459012565445025,1.5965169192545094
G,DV,216,0.2962962962962963,0.09116590277777778,18.432944444444445,1.5940436603082844
G,FM,16,0.5625,0.1458021875,14.81795,1.5936825060316215
C,TW,246,0.2886178861788618,0.03451632113821138,18.7739581300813,1.5901080158560423
G,EM,91,0.3516483516483517,0.06081053846153846,18.47977032967033,1.5900794996216407
G,FS,176,0.3068181818181818,0.05753089204545454,18.246916477272727,1.5881368497669703
T,PN,43,0.4186046511627907,0.12435886046511628,15.906627906976745,1.5840793816402023
C,VL,214,0.29439252336448596,0.047817056074766356,18.331460280373832,1.5810756811777698
T,NL,157,0.31210191082802546,0.08215227388535032,17.74657643312102,1.580045583556187
G,FC,40,0.425,0.056444225,17.413967500000002,1.578268128349331
T,EA,103,0.33980582524271846,0.03752944660194175,18.444933009708738,1.5781910822325054
T,DQ,19,0.5263157894736842,0.18062463157894734,13.432210526315789,1.5767011966073636
A,WI,60,0.38333333333333336,0.09717611666666667,17.419153333333334,1.575834981266436
A,WP,60,0.38333333333333336,0.08868863333333334,16.812035,1.575834981266436
T,PV,138,0.3188405797101449,0.08077109420289856,17.684354347826087,1.5733105294039884
A,DP,50,0.4,0.0783522,16.926066000000002,1.5727302530897305
C,NY,34,0.4411764705882353,0.12395261764705881,16.99086764705882,1.5685359094806235
A,SH,22,0.5,0.14063986363636363,15.416490909090909,1.5677471079645748
C,CK,22,0.5,0.17166877272727274,15.783322727272726,1.5677471079645748
G,IM,22,0.5,0.09454668181818181,15.193113636363636,1.5677471079645748
T,QT,22,0.5,0.11074781818181818,15.032277272727272,1.5677471079645748
T,LM,64,0.375,0.057689328125,16.8363703125,1.565395226210864
A,EW,47,0.40425531914893614,0.13015357446808512,16.242268085106385,1.5649536001542537
T,TM,25,0.48,0.09106464,16.169468,1.5638863382503114
A,PN,28,0.4642857142857143,0.2101370357142857,14.823742857142857,1.5633873496365773
C,PE,222,0.2882882882882883,0.048678815315315316,18.25419864864865,1.5588242944749893
T,RV,101,0.33663366336633666,0.09535938613861386,17.956353465346535,1.556921541105596
G,PG,202,0.29207920792079206,0.04805595544554455,18.653816336633664,1.5518769938785417
T,WN,14,0.5714285714285714,0.12319021428571428,14.95197857142857,1.5474572577726913
G,RW,141,0.3120567375886525,0.09341600709219858,19.01274113475177,1.5464992236486204
C,TL,69,0.36231884057971014,0.07959584057971014,17.81280724637681,1.5393098703077388
A,DD,62,0.3709677419354839,0.0983832258064516,18.68216451612903,1.5369693339839556
T,TH,35,0.42857142857142855,0.12188965714285714,16.933537142857144,1.5357938307669041
A,GT,99,0.3333333333333333,0.07613188888888889,18.369577777777778,1.5350567286626973
G,DS,205,0.28780487804878047,0.049674756097560974,19.422658536585367,1.533388751017489
C,DA,88,0.3409090909090909,0.04434452272727273,18.86442840909091,1.5302169442268656
G,AQ,88,0.3409090909090909,0.06335839772727273,17.3979125,1.5302169442268656
A,VW,17,0.5294117647058824,0.17122858823529413,15.432752941176473,1.530196813003852
C,AM,17,0.5294117647058824,0.10022664705882353,14.726429411764705,1.530196813003852
C,CN,17,0.5294117647058824,0.0789295294117647,16.5691,1.530196813003852
G,IN,66,0.36363636363636365,0.1314000606060606,17.375575757575756,1.5289791343239876
T,AQ,77,0.35064935064935066,0.056709142857142854,17.07560779220779,1.5276771210469997
G,ME,52,0.38461538461538464,0.07204478846153847,17.964957692307692,1.527035351366201
C,HW,29,0.4482758620689655,0.0585193448275862,17.03695517241379,1.5246746883313111
A,AM,20,0.5,0.10599544999999999,15.004845,1.5222612188617115
C,WL,20,0.5,0.1402153,14.88434,1.5222612188617115
G,WF,20,0.5,0.10038965,16.05189,1.5222612188617115
A,MI,26,0.46153846153846156,0.16241115384615384,14.104546153846155,1.5211554766173827
T,AF,63,0.36507936507936506,0.05351206349206349,16.905360317460318,1.518322395512261
T,LY,63,0.36507936507936506,0.09050936507936508,18.022650793650794,1.518322395512261
G,IS,247,0.27530364372469635,0.04161947368421053,19.552326720647777,1.5178670232357037
A,YG,49,0.3877551020408163,0.1718126530612245,16.139657142857143,1.5169068796558116
G,KM,49,0.3877551020408163,0.1644112448979592,17.157973469387755,1.5169068796558116
C,VV,97,0.32989690721649484,0.0658381030927835,19.19808969072165,1.5125665909016321
G,FE,117,0.3162393162393162,0.06694263247863248,17.924439316239315,1.5086780436344411
C,IH,46,0.391304347826087,0.072645,17.07148695652174,1.5065794963213273
T,GV,71,0.352112676056338,0.06566529577464789,18.326111267605633,1.5058683517662166
C,KF,110,0.3181818181818182,0.07293659090909091,17.956167272727274,1.4984868822357427
C,GE,43,0.3953488372093023,0.10476897674418605,16.839753488372093,1.4960749715490798
T,IN,43,0.3953488372093023,0.13992655813953486,16.38779534883721,1.4960749715490798
G,VK,358,0.2541899441340782,0.05970702234636872,19.250806703910616,1.495481389252607
C,WT,289,0.2629757785467128,0.040878401384083045,18.677987543252595,1.4910413499879567
A,YL,72,0.3472222222222222,0.07783131944444445,17.328629166666666,1.489742861509858
T,DF,123,0.3089430894308943,0.1313298292682927,17.814454471544718,1.4891926788048082
G,NL,258,0.26744186046511625,0.05883101937984496,19.02420348837209,1.48612843510569
G,TE,483,0.2401656314699793,0.03777258178053831,19.522350103519667,1.484724325422628
C,FI,27,0.4444444444444444,0.0907538148148148,16.527,1.4809797823000905
C,PI,223,0.273542600896861,0.05811446188340807,18.193868161434978,1.4803157361576567
G,TI,179,0.2849162011173184,0.05976967597765363,18.547515642458098,1.4795575385217916
T,CY,15,0.5333333333333333,0.07999253333333334,14.693746666666668,1.4787139851945499
A,SN,69,0.34782608695652173,0.06362295652173913,17.17968695652174,1.4777374754954293
G,DK,228,0.2719298245614035,0.07544287280701754,17.811775,1.4775910711419424
G,EP,167,0.2874251497005988,0.05213898203592814,18.541697005988024,1.4727561138404575
C,CS,21,0.47619047619047616,0.051489,16.071066666666667,1.4719249777896741
G,ST,129,0.3023255813953488,0.057637767441860464,18.584678294573642,1.4715801826958737
G,GQ,294,0.2585034013605442,0.07651294217687074,18.446525850340134,1.4701024730674366
A,GQ,117,0.3076923076923077,0.08448780341880342,16.598600854700855,1.4679029613740509
T,GF,89,0.3258426966292135,0.10089619101123595,17.971510112359553,1.4662301172986258
A,AP,66,0.3484848484848485,0.08974218181818182,17.858645454545453,1.4652716703938216
C,AW,55,0.36363636363636365,0.044129545454545456,17.82508181818182,1.4637642511764182
C,FE,48,0.375,0.0804514375,17.18394375,1.4594326117914849
G,FT,200,0.275,0.07223278999999999,19.2104235,1.458408849716246
G,YN,139,0.2949640287769784,0.052436417266187044,19.399756115107913,1.457606757748068
C,YT,102,0.3137254901960784,0.040863745098039216,18.340959803921567,1.4540326237583172
A,EE,90,0.32222222222222224,0.05826638888888889,18.785264444444444,1.4534991743220962
C,KD,210,0.2714285714285714,0.05299847619047619,19.323329523809523,1.4526472076577894
C,SD,91,0.31868131868131866,0.10783267032967032,18.61088791208791,1.4410095465321118
G,PL,302,0.25165562913907286,0.0444187582781457,19.353665894039736,1.43789302390302
C,SN,64,0.34375,0.05679575,18.3777859375,1.4349456240266252
A,QQ,35,0.4,0.1380460857142857,15.413951428571428,1.433407575382444
G,TC,35,0.4,0.07948817142857142,16.655782857142857,1.433407575382444
T,GC,35,0.4,0.09707314285714286,17.3205,1.433407575382444
C,VM,42,0.38095238095238093,0.05812064285714286,18.501407142857143,1.4328381393118332
G,CK,42,0.38095238095238093,0.09473611904761906,16.973030952380952,1.4328381393118332
A,IA,100,0.31,0.05577403,18.126612,1.4306873602207906
G,SN,100,0.31,0.05210225,18.632306,1.4306873602207906
C,DL,169,0.2781065088757396,0.054803591715976326,18.779321893491122,1.4282989736175284
T,EQ,84,0.32142857142857145,0.08295255952380953,17.364354761904764,1.4279950467290305
T,IV,210,0.26666666666666666,0.07075779523809524,18.952883333333332,1.4271621689269511
G,PM,22,0.45454545454545453,0.13557304545454543,14.648695454545454,1.425224643604159
T,EY,57,0.3508771929824561,0.04435919298245614,17.511129824561404,1.424716845805761
T,VC,57,0.3508771929824561,0.06442359649122807,17.57753157894737,1.424716845805761
A,PG,126,0.29365079365079366,0.06862286507936508,17.94984365079365,1.422499382531491
T,MQ,13,0.5384615384615384,0.12234307692307692,15.983238461538463,1.4210308697928313
C,VW,16,0.5,0.1628954375,14.3400625,1.416606672028108
A,DA,69,0.3333333333333333,0.05950005797101449,18.145095652173914,1.4161650806831196
T,AG,89,0.3146067415730337,0.10819569662921348,18.446152808988764,1.4156704580814317
G,VT,245,0.2571428571428571,0.05898263673469388,19.197434285714287,1.4156566806683217
T,SG,162,0.2777777777777778,0.06477936419753086,19.05761358024691,1.4149306113352118
A,PE,127,0.29133858267716534,0.06751483464566929,18.596122047244094,1.4135836201970537
G,IH,115,0.2956521739130435,0.06141233043478261,17.776872173913045,1.4054092738923165
G,VM,137,0.2846715328467153,0.03911874452554745,18.149962773722628,1.4026488592783284
T,ND,74,0.32432432432432434,0.046983891891891894,17.94707162162162,1.4002664152009656
C,TC,47,0.3617021276595745,0.06497402127659574,17.39953191489362,1.4002216422432798
C,TA,129,0.2868217054263566,0.05936679069767442,18.620093023255816,1.3961145323012136
A,VM,51,0.35294117647058826,0.06441978431372548,17.63740588235294,1.394556606558151
C,CY,26,0.4230769230769231,0.16048865384615382,15.064092307692308,1.3943925202326009
G,MA,55,0.34545454545454546,0.05448014545454546,17.941050909090908,1.3905760386175972
A,QE,33,0.3939393939393939,0.06758678787878787,18.12110909090909,1.389172327879094
G,YQ,335,0.23880597014925373,0.03969759402985074,19.393233731343283,1.3891608740210637
T,GG,117,0.2905982905982906,0.06892886324786325,17.64567606837607,1.3863527968532703
C,PD,148,0.27702702702702703,0.04911183783783783,19.58994662162162,1.3862283685389447
G,AG,126,0.2857142857142857,0.07923584920634921,19.15096904761905,1.384053453273883
C,GV,135,0.2814814814814815,0.05459068148148148,18.18400814814815,1.3828213752442222
A,VG,96,0.3020833333333333,0.06866467708333333,18.562539583333333,1.381943941422897
C,ML,23,0.43478260869565216,0.07534195652173914,16.340117391304346,1.3817625349338893
A,HS,37,0.3783783783783784,0.10981456756756755,15.999524324324323,1.3763839523289028
C,SV,154,0.2727272727272727,0.04682758441558441,19.18602272727273,1.3754795773416126
C,DG,136,0.27941176470588236,0.048752919117647064,18.56637867647059,1.3747005528049174
T,GY,80,0.3125,0.075241025,18.037129999999998,1.3732653608351373
G,GV,155,0.2709677419354839,0.055162032258064514,18.482011612903225,1.3683480793837457
A,VC,41,0.36585365853658536,0.11591168292682925,16.950621951219514,1.3674401042500128
A,NG,45,0.35555555555555557,0.09112564444444446,17.434946666666665,1.3612947187516784
T,TF,45,0.35555555555555557,0.09173122222222223,17.177793333333334,1.3612947187516784
T,WK,45,0.35555555555555557,0.05855075555555555,19.27878,1.3612947187516784
C,CR,17,0.47058823529411764,0.1523331176470588,16.21590588235294,1.3601749448923126
C,FH,17,0.47058823529411764,0.13293935294117645,16.267805882352942,1.3601749448923126
G,CF,17,0.47058823529411764,0.07927729411764706,16.476894117647056,1.3601749448923126
C,LA,129,0.27906976744186046,0.07915848837209302,18.73363953488372,1.3583817071038833
C,WV,94,0.2978723404255319,0.05265275531914894,18.694856382978724,1.3564739677107993
C,TS,73,0.3150684931506849,0.07200784931506848,18.58151780821918,1.3560753033383002
C,WW,73,0.3150684931506849,0.03098790410958904,18.400857534246576,1.3560753033383002
C,CF,11,0.5454545454545454,0.19280672727272724,13.807372727272728,1.355403627157091
A,DH,14,0.5,0.1979705714285714,14.406864285714287,1.354025100551105
A,HY,14,0.5,0.2790361428571429,13.88067142857143,1.354025100551105
T,HN,14,0.5,0.05291785714285714,16.072442857142857,1.354025100551105
T,NP,57,0.3333333333333333,0.09058471929824562,17.320247368421054,1.353481003515473
C,LT,357,0.22969187675070027,0.031406198879551823,19.76860868347339,1.350710657940777
A,CL,42,0.35714285714285715,0.10314795238095237,17.234771428571428,1.3432857556048436
C,AE,192,0.2552083333333333,0.05323249479166667,18.972511979166665,1.343082391960101
G,PN,31,0.3870967741935484,0.0818026129032258,16.432541935483872,1.3415751881805393
G,AM,24,0.4166666666666667,0.07764041666666667,16.922208333333334,1.3411982603617503
T,PI,136,0.27205882352941174,0.07600202205882353,19.376244117647058,1.3385242224679457
A,WG,66,0.3181818181818182,0.039394030303030306,18.83699696969697,1.337856742533489
G,GE,66,0.3181818181818182,0.07688675757575758,17.97339696969697,1.337856742533489
A,LP,109,0.28440366972477066,0.06392260550458716,19.27252018348624,1.3368338655005956
G,FY,109,0.28440366972477066,0.046293559633027524,18.530307339449543,1.3368338655005956
T,AT,109,0.28440366972477066,0.07434002752293578,17.93117981651376,1.3368338655005956
T,YY,50,0.34,0.12880872,17.743896,1.3368207151262708
T,TI,62,0.3225806451612903,0.07611490322580645,18.351874193548387,1.3364950730295266
T,FN,54,0.3333333333333333,0.08861024074074074,18.220007407407408,1.3357777284108237
C,EI,174,0.25862068965517243,0.05245607471264368,18.760167816091954,1.3357205104974608
T,PG,105,0.2857142857142857,0.062128361904761904,17.827300952380952,1.3324111697463048
G,TA,210,0.24761904761904763,0.05966994285714285,19.440569047619046,1.3252220140035975
T,PH,39,0.358974358974359,0.10234869230769231,17.648664102564105,1.3242131373742336
C,LD,138,0.26811594202898553,0.055271942028985506,19.0941884057971,1.3230111269988087
A,FI,28,0.39285714285714285,0.09399578571428571,15.992185714285714,1.3228662189232576
T,CK,28,0.39285714285714285,0.1328015,16.389475,1.3228662189232576
C,AT,162,0.25925925925925924,0.05673146296296297,19.153621604938273,1.3206019039128643
C,EM,63,0.31746031746031744,0.09028461904761904,18.224450793650792,1.3202803439237052
A,MT,43,0.3488372093023256,0.03893227906976744,19.398393023255814,1.3200661513668352
T,KE,177,0.2542372881355932,0.05917176836158192,20.044965536723165,1.317402597531886
A,GN,32,0.375,0.07628046875,17.364678125,1.3111903355499301
C,NC,18,0.4444444444444444,0.17086133333333334,16.48957777777778,1.3086395462961955
G,RH,18,0.4444444444444444,0.14512255555555556,16.163449999999997,1.3086395462961955
G,HL,94,0.2872340425531915,0.045979957446808516,18.766757446808512,1.3080284688639852
G,IA,179,0.25139664804469275,0.03031294972067039,19.497677653631285,1.3054919457545222
A,MS,25,0.4,0.07924288,16.806672,1.3032386152085929
C,PT,25,0.4,0.09150003999999999,17.764216,1.3032386152085929
T,VE,77,0.2987012987012987,0.0936561038961039,17.651225974025973,1.3013545845955923
C,VT,165,0.2545454545454545,0.05480664848484848,19.787302424242423,1.3012332552180292
T,CE,52,0.3269230769230769,0.12113388461538463,17.595959615384615,1.2979800486612707
T,VQ,171,0.25146198830409355,0.05072678362573099,18.96718187134503,1.2943991959238506
A,WS,15,0.4666666666666667,0.1753661333333333,15.528653333333333,1.2938747370452313
G,GL,196,0.24489795918367346,0.04186839285714286,19.58031326530612,1.2938458111195072
G,QW,177,0.24858757062146894,0.08318906214689264,18.111162711864406,1.2881269842533998
T,HI,22,0.4090909090909091,0.051463999999999996,18.29205,1.2827021792437432
A,CH,12,0.5,0.26618625,14.43315,1.2824746787307684
A,CI,12,0.5,0.09174916666666666,16.173533333333335,1.2824746787307684
A,WH,12,0.5,0.14687975,15.742550000000001,1.2824746787307684
T,YC,12,0.5,0.13632516666666666,15.090908333333333,1.2824746787307684
C,MT,53,0.32075471698113206,0.03474866037735849,17.867762264150944,1.2794854488979748
C,MY,9,0.5555555555555556,0.18560977777777776,14.76452222222222,1.2792139405522478
A,FL,37,0.35135135135135137,0.06351837837837837,17.76714594594595,1.2780708128768383
G,YT,125,0.264,0.054142152000000006,19.7866976,1.2767784234351902
T,AC,45,0.3333333333333333,0.060344600000000005,18.50902,1.2762137988296982
A,AV,102,0.27450980392156865,0.06988948039215685,17.163313725490195,1.2722785457885275
T,HW,19,0.42105263157894735,0.12503752631578946,15.27283157894737,1.2613609572858908
T,QQ,19,0.42105263157894735,0.03945731578947369,17.73226315789474,1.2613609572858908
G,AE,304,0.22039473684210525,0.035510467105263156,18.670875,1.260726608660186
C,GG,94,0.2765957446808511,0.06468173404255319,19.54452659574468,1.2595829700171708
G,WI,94,0.2765957446808511,0.05565663829787234,20.142721276595744,1.2595829700171708
A,QM,50,0.32,0.03322916,18.022128,1.2581842024717842
A,SM,50,0.32,0.07424718000000001,18.667638,1.2581842024717842
G,NF,113,0.26548672566371684,0.05414946902654868,19.025949557522125,1.257397818157831
T,KD,128,0.2578125,0.054126734375,18.41573125,1.2529203854994935
A,AT,81,0.2839506172839506,0.0490882962962963,18.795035802469133,1.2512906504577508
A,PI,109,0.26605504587155965,0.05847051376146789,19.40777614678899,1.250586519339267
C,VA,114,0.2631578947368421,0.037780877192982454,19.022071929824563,1.2486663495692762
A,SD,68,0.29411764705882354,0.11462092647058823,17.90727205882353,1.2453254425286058
C,AP,55,0.3090909090909091,0.06413034545454545,17.714381818181817,1.2441996134999553
T,FP,23,0.391304347826087,0.10946673913043478,16.992795652173914,1.2435862814405005
C,LY,91,0.27472527472527475,0.04868624175824176,18.24430989010989,1.2422496090794068
A,CC,16,0.4375,0.10109925,15.985362499999999,1.2395308380245946
A,DQ,16,0.4375,0.04860175,16.9913375,1.2395308380245946
A,MY,16,0.4375,0.114066875,16.510825,1.2395308380245946
A,GM,64,0.296875,0.08025471875,17.578884375,1.2392712207502672
C,DY,47,0.3191489361702128,0.06406702127659573,18.041559574468085,1.2354896843323058
T,RC,27,0.37037037037037035,0.11279837037037037,16.90961851851852,1.2341498185834088
G,VP,146,0.2465753424657534,0.048740410958904114,18.871973287671235,1.2305176241372224
G,IT,136,0.25,0.04838016911764706,18.808672058823532,1.2299952314570313
C,YK,39,0.3333333333333333,0.09831266666666667,17.314141025641025,1.2296264847046454
T,HG,39,0.3333333333333333,0.0673838205128205,19.004784615384615,1.2296264847046454
C,TV,225,0.22666666666666666,0.025981066666666667,18.99998711111111,1.2286545998350515
G,DQ,35,0.34285714285714286,0.07536791428571428,17.371671428571428,1.2286350646135233
A,VY,56,0.30357142857142855,0.11893682142857143,17.559569642857145,1.2273548491640598
A,AF,74,0.28378378378378377,0.07639508108108108,18.60643918918919,1.2252331133008447
T,MA,52,0.3076923076923077,0.03332605769230769,18.670457692307693,1.2216282810929606
A,TG,93,0.26881720430107525,0.0678101505376344,19.015063440860217,1.2213158016854848
A,HD,13,0.46153846153846156,0.06028146153846154,16.69874615384615,1.218026459822427
T,GH,13,0.46153846153846156,0.06285415384615385,16.089853846153847,1.218026459822427
C,EP,206,0.22815533980582525,0.04619397572815534,19.710227669902913,1.2166882683663707
G,SD,190,0.23157894736842105,0.045468100000000004,18.992736842105263,1.216315951758167
A,VI,138,0.2463768115942029,0.06670886231884059,19.15370072463768,1.2157399545394458
A,RC,24,0.375,0.10795637500000001,17.668808333333335,1.2070784343255752
T,PT,24,0.375,0.123978875,16.0224875,1.2070784343255752
C,MH,4,0.75,0.0933665,12.841025,1.2070784343255752
G,VV,160,0.2375,0.0629684875,19.39600625,1.2068335366838099
G,DT,71,0.28169014084507044,0.05715457746478873,18.05172112676056,1.2046946814129733
A,EP,53,0.3018867924528302,0.06754816981132075,19.998626415094343,1.2042215989627998
A,AC,36,0.3333333333333333,0.0802343611111111,17.518238888888888,1.2036393042147413
A,QD,62,0.2903225806451613,0.06601146774193549,18.708554838709677,1.202845565726574
A,IV,177,0.23163841807909605,0.06096545762711865,19.444216949152544,1.2003001444179406
C,TM,10,0.5,0.0669014,17.20846,1.1989476363991853
A,DV,67,0.2835820895522388,0.06133422388059701,18.729576119402985,1.1965768119156124
A,EI,96,0.2604166666666667,0.06374453125,19.113891666666667,1.191330983985256
G,EC,45,0.3111111111111111,0.04489197777777777,18.759822222222223,1.1911328789077185
G,TM,17,0.4117647058823529,0.05607847058823529,15.680176470588234,1.1901530767807735
G,FI,41,0.3170731707317073,0.09517619512195122,18.466021951219513,1.1851147570166778
G,DW,21,0.38095238095238093,0.07001409523809524,16.85957619047619,1.1775399822317394
G,VE,144,0.2361111111111111,0.05180179861111111,19.718839583333335,1.17506213362708
C,QT,25,0.36,0.09728148,16.674436,1.1729147536877336
T,CD,25,0.36,0.11675256,17.653132,1.1729147536877336
G,GD,155,0.23225806451612904,0.039254561290322586,20.616858064516126,1.1728697823289247
C,NI,46,0.30434782608695654,0.06828873913043478,17.60257391304348,1.1717840526943657
T,LP,167,0.2275449101796407,0.03277603592814371,20.19988203592814,1.165931923457029
A,ED,60,0.2833333333333333,0.06719511666666667,19.295305,1.1647475948491048
A,TQ,60,0.2833333333333333,0.039745600000000006,19.134855,1.1647475948491048
A,GG,104,0.25,0.06645697115384616,19.846519230769232,1.1634900875393808
C,YY,130,0.23846153846153847,0.08356642307692308,18.72049,1.1625470539941207
C,CI,14,0.42857142857142855,0.07202857142857143,17.02442142857143,1.1605929433295186
C,WF,14,0.42857142857142855,0.08512892857142858,15.319500000000001,1.1605929433295186
T,CF,14,0.42857142857142855,0.10752185714285714,15.184385714285714,1.1605929433295186
C,VE,110,0.24545454545454545,0.07825144545454546,19.26938090909091,1.155975594867573
T,WI,75,0.26666666666666666,0.09438194666666666,19.296154666666666,1.1548622240763549
C,FG,34,0.3235294117647059,0.0750640882352941,17.782761764705885,1.1502596669524574
T,AY,34,0.3235294117647059,0.05201532352941177,19.14464705882353,1.1502596669524574
G,AV,159,0.22641509433962265,0.04527234591194969,18.931456603773583,1.1490959581661495
T,EG,127,0.23622047244094488,0.08605592913385826,18.746612598425198,1.1461488812408545
T,CN,18,0.3888888888888889,0.09319872222222221,17.416527777777777,1.1450596030091713
A,VP,81,0.25925925925925924,0.06455323456790123,18.34342962962963,1.1424827678092508
A,GC,26,0.34615384615384615,0.11675765384615386,16.951026923076924,1.140866607463037
G,CD,26,0.34615384615384615,0.08415011538461538,17.654892307692307,1.140866607463037
A,EC,22,0.36363636363636365,0.12056554545454547,16.509168181818183,1.1401797148833273
G,MN,22,0.36363636363636365,0.06634736363636363,18.394927272727273,1.1401797148833273
C,ED,62,0.27419354838709675,0.04950917741935484,19.442729032258065,1.1360208120750976
T,QM,62,0.27419354838709675,0.0779595,19.027245161290324,1.1360208120750976
C,NG,39,0.3076923076923077,0.08506646153846154,18.043938461538463,1.1350398320350574
G,MT,67,0.26865671641791045,0.034046686567164176,18.920879104477613,1.1335990849726854
C,AD,72,0.2638888888888889,0.05967176388888889,19.592041666666667,1.132204574747492
G,FA,87,0.25287356321839083,0.05404568965517242,19.14017471264368,1.1322001140059834
T,IA,108,0.24074074074074073,0.05583030555555556,19.611483333333332,1.1293985642403492
C,CL,35,0.3142857142857143,0.08960648571428571,17.48222,1.126248809229063
C,AG,115,0.23478260869565218,0.04783160869565217,18.88357130434783,1.116060305738016
G,VA,194,0.211340206185567,0.03582805154639175,19.748775773195874,1.114396813923266
A,GD,54,0.2777777777777778,0.08127853703703704,19.268096296296296,1.11314810700902
C,GH,27,0.3333333333333333,0.09179622222222222,17.860744444444443,1.1107348367250678
C,HS,27,0.3333333333333333,0.03863966666666667,19.880381481481482,1.1107348367250678
A,NC,15,0.4,0.11005373333333333,15.455866666666667,1.1090354888959124
G,RC,19,0.3684210526315789,0.07960542105263158,16.769184210526316,1.1036908376251544
C,IG,106,0.2358490566037736,0.06009542452830189,19.10112641509434,1.1020822722787513
A,YQ,101,0.2376237623762376,0.07462278217821783,19.068324752475245,1.0990034407804208
C,HY,8,0.5,0.17378387499999998,16.2531875,1.0986122886681098
C,PF,140,0.22142857142857142,0.044836264285714286,19.59895857142857,1.0957968328694516
G,YW,81,0.24691358024691357,0.0701652962962963,18.433372839506173,1.0880788264850008
C,PV,194,0.20618556701030927,0.036211489690721646,19.4760587628866,1.0872164038275767
C,HL,66,0.25757575757575757,0.06726762121212122,18.31746818181818,1.0830268868128246
T,MD,66,0.25757575757575757,0.041908939393939394,19.98866818181818,1.0830268868128246
G,QM,61,0.26229508196721313,0.03939352459016393,19.738918032786888,1.082527051815106
T,MY,5,0.6,0.1326096,15.8122,1.0750556815368328
T,WH,5,0.6,0.16327600000000003,14.27486,1.0750556815368328
T,HL,42,0.2857142857142857,0.08645654761904761,18.491490476190478,1.0746286044838749
A,SW,57,0.2631578947368421,0.059777298245614036,19.059240350877193,1.0685376343543207
A,HC,20,0.35,0.09050290000000001,17.056755000000003,1.065582853203198
G,CI,20,0.35,0.06439885,16.650295,1.065582853203198
T,TL,73,0.2465753424657534,0.07067857534246576,18.646852054794522,1.0612763243517132
T,LH,38,0.2894736842105263,0.08194097368421054,18.11242894736842,1.0605046870375292
G,YY,95,0.23157894736842105,0.057432473684210526,20.12761684210526,1.0570069496030778
A,KF,53,0.2641509433962264,0.08530752830188679,18.391022641509434,1.0536938990924498
T,WY,90,0.23333333333333334,0.06561831111111112,18.350733333333334,1.0525338848539316
G,EG,221,0.19457013574660634,0.03818142081447964,20.370664253393667,1.051199671586009
G,DP,85,0.23529411764705882,0.04358751764705882,20.07697294117647,1.0480817167655312
T,EW,34,0.29411764705882354,0.08523732352941177,18.7989,1.0456906063204159
C,GD,54,0.25925925925925924,0.0587777962962963,20.261998148148148,1.0389382332084185
G,GG,144,0.20833333333333334,0.052630638888888887,20.5961,1.036819529670953
T,GN,70,0.24285714285714285,0.029280985714285716,19.172352857142855,1.035222255852891
A,GP,81,0.2345679012345679,0.0432206049382716,19.28005925925926,1.0336748851607507
G,NC,21,0.3333333333333333,0.10935714285714286,17.557523809523808,1.030347484452772
T,NG,21,0.3333333333333333,0.06207742857142857,18.52,1.030347484452772
A,ML,30,0.3,0.0358307,18.863523333333333,1.030196161345544
T,FC,30,0.3,0.11855293333333333,17.89979,1.030196161345544
G,MK,110,0.21818181818181817,0.037013090909090905,20.495559999999998,1.0275338621045091
T,YQ,152,0.20394736842105263,0.021645138157894737,19.876696052631576,1.0259445760734571
T,HD,9,0.4444444444444444,0.05882088888888889,16.432466666666667,1.023371152441798
T,TY,40,0.275,0.08623735,17.99284,1.0212323183436847
A,CF,17,0.35294117647058826,0.10638611764705883,15.858888235294117,1.0201312086692347
C,PC,17,0.35294117647058826,0.04514835294117647,17.607194117647058,1.0201312086692347
C,LI,178,0.19662921348314608,0.03435006179775281,19.247014606741573,1.0199915910361035
C,CG,13,0.38461538461538464,0.06915546153846154,17.39886153846154,1.0150220498520226
G,DM,26,0.3076923076923077,0.04753680769230769,19.021238461538463,1.014103651078255
T,GL,130,0.2076923076923077,0.05154916153846154,20.50928,1.0125409825110083
T,YP,56,0.25,0.07603596428571428,18.926858928571427,1.0107628169586376
G,HG,78,0.23076923076923078,0.07307185897435897,17.916773076923075,1.008334119800082
C,KN,107,0.21495327102803738,0.05315284112149533,18.61416168224299,1.0064394226528697
G,SH,46,0.2608695652173913,0.09619234782608696,18.62530652173913,1.0043863308808847
A,HA,36,0.2777777777777778,0.05542283333333334,18.444152777777777,1.0030327535122845
C,QV,41,0.2682926829268293,0.05385412195121952,18.283065853658535,1.0027894097833427
G,SM,114,0.21052631578947367,0.03524672807017544,19.09302456140351,0.998933079655421
G,NH,22,0.3181818181818182,0.05174618181818181,18.497777272727273,0.9976572505229112
T,FI,22,0.3181818181818182,0.07823286363636363,17.73764090909091,0.9976572505229112
T,DV,92,0.21739130434782608,0.07914808695652174,18.77913695652174,0.9853477159028817
G,EE,206,0.18446601941747573,0.051739485436893204,20.37915776699029,0.9837054084664273
C,FC,18,0.3333333333333333,0.050908222222222216,17.581305555555556,0.9814796597221467
T,LI,124,0.20161290322580644,0.043050169354838706,19.54184758064516,0.9734503502625608
G,MH,6,0.5,0.12172916666666667,14.826500000000001,0.9729550745276566
T,PE,106,0.20754716981132076,0.04590854716981132,20.046059433962267,0.9698323996053012
C,VY,94,0.2127659574468085,0.07189106382978723,18.641218085106384,0.9689099769362852
A,NP,54,0.24074074074074073,0.049422037037037035,17.645238888888887,0.9647283594078171
G,KS,212,0.1792452830188679,0.05127499528301886,20.150404245283017,0.9609863315894253
A,HK,10,0.4,0.14866929999999998,16.83969,0.9591581091193483
C,WN,10,0.4,0.0796724,17.777549999999998,0.9591581091193483
G,WS,10,0.4,0.07692099999999999,17.69536,0.9591581091193483
T,CI,10,0.4,0.084867,16.29751,0.9591581091193483
T,HE,10,0.4,0.0481988,18.35899,0.9591581091193483
G,VI,206,0.1796116504854369,0.03461651456310679,19.638761165048543,0.9578184240331002
T,YL,84,0.21428571428571427,0.05661336904761905,19.498613095238095,0.9519966978193535
C,VP,122,0.19672131147540983,0.030715983606557376,19.586997540983607,0.9466592174503116
G,NG,50,0.24,0.06224426,18.87047,0.9436381518538381
G,FG,56,0.23214285714285715,0.057843,18.5421875,0.9385654728901635
T,ED,56,0.23214285714285715,0.03900446428571429,19.437875,0.9385654728901635
T,TC,29,0.27586206896551724,0.05828324137931034,18.836172413793104,0.9382613466654222
C,DP,74,0.21621621621621623,0.040904932432432435,20.438194594594595,0.9335109434673103
G,YH,15,0.3333333333333333,0.08116893333333333,18.012993333333334,0.9241962407465937
A,TM,3,0.6666666666666666,0.10190233333333332,15.6725,0.9241962407465937
C,WC,3,0.6666666666666666,0.09655399999999999,15.312800000000001,0.9241962407465937
T,IT,75,0.21333333333333335,0.04798152,19.270248000000002,0.9238897792610841
A,CS,35,0.2571428571428571,0.12627582857142858,17.954357142857145,0.9214762984601425
A,IT,88,0.20454545454545456,0.05355677272727273,19.30833409090909,0.9181301665361196
G,WG,196,0.17346938775510204,0.029768755102040818,18.80381581632653,0.916474116209651
C,GL,161,0.18012422360248448,0.0304629751552795,19.903870186335404,0.9163993398865784
A,MV,30,0.26666666666666666,0.07031793333333333,19.127623333333336,0.915729921196039
C,AC,30,0.26666666666666666,0.057020133333333334,19.65263,0.915729921196039
T,MT,30,0.26666666666666666,0.05047706666666667,19.390646666666665,0.915729921196039
C,MV,20,0.3,0.09603679999999999,17.80895,0.9133567313170269
T,MV,20,0.3,0.03232135,19.938585,0.9133567313170269
C,GC,25,0.28,0.051059520000000004,19.186708,0.9122670306460151
C,VC,25,0.28,0.0544766,17.17846,0.9122670306460151
G,SI,170,0.17647058823529413,0.030536641176470588,19.393644705882355,0.9073523923239989
C,YP,47,0.23404255319148937,0.04226625531914893,19.613955319148936,0.9060257685103575
C,RC,11,0.36363636363636365,0.06920954545454545,17.156227272727275,0.9036024181047274
A,MG,36,0.25,0.029798361111111116,19.174536111111113,0.9027294781610561
C,EG,103,0.1941747572815534,0.07235293203883494,20.39249708737864,0.9018234755614315
A,NI,31,0.25806451612903225,0.0671296129032258,19.215051612903228,0.8943834587870262
T,SH,31,0.25806451612903225,0.0864875806451613,17.54302258064516,0.8943834587870262
G,NP,118,0.1864406779661017,0.029809313559322034,19.879061016949155,0.8910230241394378
G,PD,153,0.17647058823529413,0.026669660130718954,20.317450326797385,0.8888739886612288
C,FY,105,0.19047619047619047,0.028864790476190477,19.62878476190476,0.8882741131642031
G,HW,26,0.2692307692307692,0.08207346153846154,17.828511538461537,0.8873406946934732
A,HR,16,0.3125,0.093905,16.96328125,0.8853791700175675
T,HA,21,0.2857142857142857,0.10080857142857143,18.17858095238095,0.8831549866738045
G,GC,43,0.23255813953488372,0.06915374418604651,20.901662790697674,0.8800441009112234
T,CL,61,0.21311475409836064,0.0411326393442623,20.484704918032786,0.8795532295997736
G,VD,148,0.17567567567567569,0.038471844594594594,20.182562162162164,0.8790716483417699
T,CA,49,0.22448979591836735,0.055771714285714286,19.72670612244898,0.8782092461165225
T,SI,74,0.20270270270270271,0.049523527027027024,20.31882162162162,0.8751665095006035
T,FY,81,0.19753086419753085,0.05166376543209876,18.924887654320987,0.8704630611880007
C,EK,225,0.16,0.04156276444444445,21.102310666666668,0.8672855998835658
G,WP,75,0.2,0.026949960000000002,18.847113333333333,0.8661466680572663
T,MG,50,0.22,0.035751780000000004,20.400606,0.8650016391993517
A,NV,27,0.25925925925925924,0.04081859259259259,21.097703703703704,0.8639048730083861
G,AC,82,0.1951219512195122,0.02927818292682927,20.479598780487805,0.8622128015212875
A,AE,110,0.18181818181818182,0.04438632727272727,21.251188181818183,0.8562782184204244
T,TG,110,0.18181818181818182,0.03787675454545455,19.660937272727274,0.8562782184204244
A,CD,12,0.3333333333333333,0.09281983333333334,18.158841666666667,0.8549831191538455
G,CQ,12,0.3333333333333333,0.03857108333333333,19.74716666666667,0.8549831191538455
G,AT,132,0.17424242424242425,0.027843083333333334,20.23893484848485,0.8521062874931844
A,YE,39,0.23076923076923078,0.08290638461538462,18.587105128205128,0.851279874026293
G,GH,17,0.29411764705882354,0.06040647058823529,19.21804117647059,0.8501093405576955
A,LS,64,0.203125,0.03654346875,20.075284375,0.8479224141975512
A,LE,142,0.16901408450704225,0.028585823943661968,20.74345352112676,0.8387906417340688
A,TV,115,0.17391304347826086,0.027312982608695652,20.41161565217391,0.8267113375837155
G,LI,231,0.15151515151515152,0.021421437229437228,21.57694632034632,0.8252632381312591
A,IN,80,0.1875,0.0384894,20.16822625,0.8239592165010823
G,QV,153,0.16339869281045752,0.03188460784313725,19.665128758169935,0.8230314709826192
A,CG,29,0.2413793103448276,0.06496910344827586,19.99033448275862,0.8209786783322445
A,SC,29,0.2413793103448276,0.04555603448275863,18.283620689655173,0.8209786783322445
C,HK,29,0.2413793103448276,0.11961120689655172,17.75404827586207,0.8209786783322445
C,HA,41,0.21951219512195122,0.06692414634146342,18.48969268292683,0.8204640625500077
G,TQ,109,0.1743119266055046,0.04560448623853211,19.75078990825688,0.8193497885326231
G,HR,35,0.22857142857142856,0.07798037142857142,17.86092857142857,0.8190900430756822
T,DE,35,0.22857142857142856,0.04427,18.32827142857143,0.8190900430756822
G,TW,201,0.15422885572139303,0.016603084577114426,21.45842985074627,0.8186880528330216
C,SH,18,0.2777777777777778,0.08078244444444443,18.770400000000002,0.8178997164351224
C,IE,162,0.16049382716049382,0.035362549382716046,20.064375308641978,0.8175154643270112
A,CT,24,0.25,0.032087333333333336,19.13985,0.8047189562170501
C,MI,24,0.25,0.08326591666666666,19.440966666666668,0.8047189562170501
T,FM,4,0.5,0.1676815,12.8491,0.8047189562170501
T,MH,4,0.5,0.16407424999999998,14.63055,0.8047189562170501
G,CS,30,0.23333333333333334,0.0429084,19.776756666666664,0.8012636810465341
G,WV,135,0.16296296296296298,0.0356050074074074,20.49787703703704,0.8005807961940234
C,YV,128,0.1640625,0.040458015625,19.33206640625,0.7973129725905868
C,FL,98,0.17346938775510204,0.03707791836734694,18.704004081632654,0.7971126270641635
C,YL,98,0.17346938775510204,0.07456593877551021,19.84140612244898,0.7971126270641635
G,VC,91,0.17582417582417584,0.029341285714285712,20.628853846153845,0.7950397498108204
C,YD,84,0.17857142857142858,0.036970440476190476,18.824083333333334,0.793330581516128
G,CE,70,0.18571428571428572,0.0521296,20.730027142857143,0.7916405485933872
C,HD,19,0.2631578947368421,0.06604252631578947,18.634178947368422,0.7883505983036818
A,QV,37,0.21621621621621623,0.07847421621621622,20.630283783783785,0.7865051156165158
A,QL,79,0.17721518987341772,0.028472367088607595,18.68253670886076,0.7765616820941056
A,FM,14,0.2857142857142857,0.07264428571428572,17.785314285714286,0.7737286288863456
C,DM,14,0.2857142857142857,0.045118285714285715,18.21992142857143,0.7737286288863456
C,HE,14,0.2857142857142857,0.03169892857142857,18.357428571428574,0.7737286288863456
T,GP,87,0.1724137931034483,0.044172149425287355,19.83771724137931,0.7719546231858978
G,HA,45,0.2,0.05774502222222223,20.480075555555555,0.7657282792978191
T,EN,66,0.18181818181818182,0.0553524393939394,19.246692424242426,0.7644895671619938
A,HI,20,0.25,0.08377815,18.678125,0.7611306094308558
G,HK,20,0.25,0.0665929,19.11004,0.7611306094308558
G,WY,104,0.16346153846153846,0.03918692307692308,20.441551923076926,0.760743518775749
A,VH,26,0.23076923076923078,0.07317157692307694,19.687653846153847,0.7605777383086914
G,YC,39,0.20512820512820512,0.05253,20.318158974358973,0.7566932213567048
T,VY,67,0.1791044776119403,0.04466488059701493,19.113300000000002,0.7557327233151236
C,WI,121,0.15702479338842976,0.04804028099173554,20.075551239669423,0.7543504119829081
G,FP,46,0.1956521739130435,0.018811130434782608,20.45461304347826,0.7532897481606636
C,GN,53,0.18867924528301888,0.08248871698113208,19.975522641509436,0.75263849935175
G,QD,114,0.15789473684210525,0.04437906140350877,19.432376315789472,0.7491998097415657
G,DH,15,0.26666666666666666,0.04229346666666667,20.329093333333333,0.7393569925972749
T,DM,15,0.26666666666666666,0.044340066666666664,20.841046666666667,0.7393569925972749
T,TQ,69,0.17391304347826086,0.02543868115942029,20.362314492753626,0.7388687377477147
T,CC,21,0.23809523809523808,0.054616,17.68705238095238,0.7359624888948371
T,CT,21,0.23809523809523808,0.025194666666666667,18.128219047619048,0.7359624888948371
T,GD,77,0.16883116883116883,0.05119350649350649,19.71661948051948,0.7355482434670739
C,EQ,85,0.16470588235294117,0.04063957647058823,20.62826,0.7336572017358718
G,AD,78,0.16666666666666666,0.039553384615384615,19.96447435897436,0.7282413087445035
G,VY,94,0.1595744680851064,0.034625021276595745,21.101858510638298,0.726682482702214
G,DF,207,0.13526570048309178,0.04033359420289855,20.415684057971013,0.7219858272059753
C,MQ,28,0.21428571428571427,0.02839717857142857,20.129660714285713,0.7215633921399587
A,IM,10,0.3,0.1502509,17.252789999999997,0.7193685818395111
C,CD,10,0.3,0.055202799999999996,18.67696,0.7193685818395111
G,ML,137,0.145985401459854,0.016274445255474453,20.28258467153285,0.7193071073222197
A,EN,64,0.171875,0.0266235625,19.670303125,0.7174728120133126
C,DE,64,0.171875,0.039705203125,18.238634375,0.7174728120133126
C,GM,72,0.16666666666666666,0.038839930555555555,20.66755416666667,0.7150765735247318
G,CG,65,0.16923076923076924,0.02672466153846154,21.359324615384615,0.709018494804472
A,HQ,16,0.25,0.0419125625,19.3781875,0.708303336014054
C,DQ,16,0.25,0.060284375,19.6417,0.708303336014054
G,MV,29,0.20689655172413793,0.025766965517241378,19.704193103448276,0.7036960099990667
G,TG,150,0.14,0.03306999333333333,20.173578,0.7024191771540894
C,CM,1,1.0,0.09225,11.533,0.6931471805599453
C,HR,30,0.2,0.0542613,21.203643333333332,0.6867974408970293
C,SC,30,0.2,0.0453516,20.028826666666667,0.6867974408970293
C,CC,17,0.23529411764705882,0.02755664705882353,19.10604117647059,0.6800874724461563
T,SC,17,0.23529411764705882,0.03814788235294118,18.043723529411764,0.6800874724461563
A,DC,11,0.2727272727272727,0.05116372727272727,19.179809090909092,0.6777018135785455
C,HG,62,0.16129032258064516,0.04342285483870968,19.42908387096774,0.6682475365147633
G,QH,47,0.1702127659574468,0.0442418085106383,19.31003829787234,0.6589278316438963
C,CH,6,0.3333333333333333,0.054289166666666666,18.763116666666665,0.648636716351771
C,HH,6,0.3333333333333333,0.0347385,18.253116666666667,0.648636716351771
G,HE,12,0.25,0.029330666666666668,19.04531666666667,0.6412373393653842
T,ME,12,0.25,0.08558933333333334,17.666549999999997,0.6412373393653842
C,CE,33,0.18181818181818182,0.060724939393939394,21.025157575757575,0.6411564590211203
G,SC,33,0.18181818181818182,0.035926848484848485,20.071657575757573,0.6411564590211203
C,LH,101,0.13861386138613863,0.025236564356435644,19.88119504950495,0.6410853404552455
C,TF,49,0.16326530612244897,0.045749510204081634,20.20711632653061,0.6386976335392891
C,DV,121,0.1322314049586777,0.03472595041322314,19.998023140495867,0.6352424521961332
A,MA,26,0.19230769230769232,0.04339369230769231,20.67832692307692,0.6338147819239095
A,PW,26,0.19230769230769232,0.03497426923076923,19.606765384615382,0.6338147819239095
A,LI,67,0.14925373134328357,0.027181208955223878,20.369186567164178,0.6297772694292696
G,DE,59,0.15254237288135594,0.02890818644067797,20.929327118644068,0.6245610349152357
G,ED,87,0.13793103448275862,0.03635812643678161,20.66035287356322,0.6175636985487182
C,CT,43,0.16279069767441862,0.02188613953488372,20.28925581395349,0.6160308706378564
T,LW,69,0.14492753623188406,0.01512889855072464,22.46055072463768,0.6157239481230956
A,IC,13,0.23076923076923078,0.029538230769230768,21.06363846153846,0.6090132299112135
C,MN,13,0.23076923076923078,0.05580061538461538,19.809084615384617,0.6090132299112135
A,QH,20,0.2,0.02723315,19.543805,0.6089044875446846
C,QF,28,0.17857142857142858,0.033632107142857144,20.490975,0.6013028267832989
T,YM,28,0.17857142857142858,0.032432214285714286,19.227710714285713,0.6013028267832989
G,LE,242,0.10743801652892562,0.019438037190082646,21.86317685950413,0.5901636261440258
C,WG,103,0.1262135922330097,0.018399446601941746,20.699250485436895,0.5861852591149305
G,EA,145,0.11724137931034483,0.01713236551724138,19.735922068965518,0.5842849142692532
G,LC,84,0.13095238095238096,0.019670464285714284,21.761378571428573,0.5817757597784938
A,CP,14,0.21428571428571427,0.019673071428571425,21.4104,0.5802964716647593
C,IM,14,0.21428571428571427,0.10853664285714285,18.49345,0.5802964716647593
G,AF,159,0.11320754716981132,0.025171654088050315,21.55144779874214,0.5745479790830748
G,IW,48,0.14583333333333334,0.031493645833333334,18.932791666666667,0.5675571268077997
G,EY,67,0.13432835820895522,0.0261605223880597,20.04970746268657,0.5667995424863427
G,VH,58,0.13793103448275862,0.022400775862068966,20.33631551724138,0.5624189577800993
T,QD,68,0.1323529411764706,0.04500604411764706,20.749294117647057,0.5603964491378726
T,SW,50,0.14,0.05746682,21.691994,0.5504555885814056
C,HM,2,0.5,0.042326,18.0708,0.5493061443340549
G,HH,2,0.5,0.063848,14.5003,0.5493061443340549
T,YH,2,0.5,0.0481655,14.7728,0.5493061443340549
G,PV,303,0.09570957095709572,0.02336394389438944,21.56264884488449,0.5471742684514206
T,LC,41,0.14634146341463414,0.02531851219512195,19.9837243902439,0.5469760417000051
A,IP,113,0.11504424778761062,0.01907038053097345,20.409362831858406,0.5448723878683933
G,EN,127,0.11023622047244094,0.019173968503937006,21.75276535433071,0.5348694779123987
T,VH,33,0.15151515151515152,0.018446757575757578,21.83180303030303,0.5342970491842669
A,CN,16,0.1875,0.016854,21.32653125,0.5312275020105406
T,HC,25,0.16,0.01722452,20.889528,0.5212954460834371
T,PD,75,0.12,0.028866080000000002,19.997514666666667,0.5196880008343597
G,NV,65,0.12307692307692308,0.017003323076923076,21.759630769230768,0.5156498144032523
C,HI,17,0.17647058823529413,0.020170529411764705,21.775617647058823,0.5100656043346173
A,MN,26,0.15384615384615385,0.05120296153846154,20.815803846153848,0.5070518255391275
G,HI,26,0.15384615384615385,0.02154934615384615,21.633165384615385,0.5070518255391275
G,CT,47,0.1276595744680851,0.017426234042553192,21.1497085106383,0.49419587373292223
C,EC,18,0.16666666666666666,0.035404000000000005,20.161661111111112,0.49073982986107334
A,PF,48,0.125,0.0170999375,20.81359375,0.4864775372638283
C,QH,48,0.125,0.025847916666666665,22.136443749999998,0.4864775372638283
C,EE,120,0.1,0.014872783333333332,22.085220833333334,0.47957905455967414
A,DW,10,0.2,0.0465792,21.916249999999998,0.47957905455967414
A,HF,10,0.2,0.0235864,19.67024,0.47957905455967414
A,YH,10,0.2,0.0330484,19.6025,0.47957905455967414
C,CA,49,0.12244897959183673,0.013970755102040816,21.036334693877553,0.4790232251544668
G,GP,165,0.09090909090909091,0.02323330303030303,21.684737575757573,0.46472616257786764
A,WC,3,0.3333333333333333,0.028333333333333335,20.492633333333334,0.46209812037329684
G,TY,100,0.1,0.023879150000000002,20.972298000000002,0.461512051684126
A,DM,20,0.15,0.053309300000000004,20.930095,0.45667836565851344
A,YC,20,0.15,0.0126829,19.498005,0.45667836565851344
G,MQ,20,0.15,0.012906400000000002,20.351055,0.45667836565851344
A,EH,11,0.18181818181818182,0.027437545454545454,19.91092727272727,0.4518012090523637
C,FM,11,0.18181818181818182,0.028638181818181816,19.746545454545455,0.4518012090523637
G,PC,11,0.18181818181818182,0.03373027272727273,21.218663636363637,0.4518012090523637
G,QQ,11,0.18181818181818182,0.02371,19.563827272727274,0.4518012090523637
T,QH,11,0.18181818181818182,0.026204181818181817,19.86067272727273,0.4518012090523637
C,HQ,44,0.11363636363636363,0.025022840909090908,20.798495454545453,0.4325752829284454
G,CA,69,0.10144927536231885,0.015685014492753623,21.111339130434782,0.4310067636861669
C,YH,12,0.16666666666666666,0.059262333333333334,19.22308333333333,0.42749155957692275
A,PH,45,0.1111111111111111,0.025715044444444442,20.43492888888889,0.4254045996098994
A,WM,23,0.13043478260869565,0.017841652173913043,20.202817391304347,0.41452876048016685
A,HE,13,0.15384615384615385,0.014971846153846153,19.321361538461538,0.406008819940809
A,MQ,13,0.15384615384615385,0.022072846153846155,20.231753846153843,0.406008819940809
T,IC,13,0.15384615384615385,0.03636023076923077,20.22730769230769,0.406008819940809
T,MN,13,0.15384615384615385,0.034241307692307696,20.653176923076924,0.406008819940809
G,FW,61,0.09836065573770492,0.02954727868852459,19.403926229508198,0.4059476444306647
A,CM,4,0.25,0.06853675,18.625375,0.40235947810852507
C,WH,4,0.25,0.05665075,20.1194,0.40235947810852507
C,VH,62,0.0967741935483871,0.0305693064516129,19.720359677419353,0.400948521908858
G,CV,25,0.12,0.015045679999999999,20.510295999999997,0.39097158456257786
T,NV,25,0.12,0.0162528,21.631024000000004,0.39097158456257786
G,GN,108,0.08333333333333333,0.023392,21.100123148148146,0.3909456568524286
A,PC,14,0.14285714285714285,0.013854714285714286,19.601892857142854,0.3868643144431728
C,DW,14,0.14285714285714285,0.013894571428571428,21.27977142857143,0.3868643144431728
G,YL,115,0.0782608695652174,0.01399631304347826,21.77408782608696,0.37202010191267204
A,HH,5,0.2,0.035357,18.510640000000002,0.358351893845611
G,HM,5,0.2,0.0219186,21.4571,0.358351893845611
T,DC,5,0.2,0.025052400000000002,21.471179999999997,0.358351893845611
T,HH,5,0.2,0.0429572,19.760520000000003,0.358351893845611
A,WT,88,0.07954545454545454,0.030913852272727273,20.542202272727273,0.357050620319602
A,LC,29,0.10344827586206896,0.02134144827586207,22.160937931034482,0.35184800499953334
T,WD,17,0.11764705882352941,0.010418470588235293,22.901435294117647,0.34004373622307815
C,CQ,18,0.1111111111111111,0.012084333333333332,21.34958888888889,0.3271598865740489
C,EH,6,0.16666666666666666,0.019413833333333335,21.94621666666667,0.3243183581758855
A,PM,19,0.10526315789473684,0.041282,20.107652631578947,0.3153402393214727
C,LC,20,0.1,0.0104887,21.48699,0.3044522437723423
T,CG,36,0.08333333333333333,0.015727416666666667,18.893741666666667,0.3009098260536853
C,WS,7,0.14285714285714285,0.011731285714285713,21.1646,0.29706307738283366
C,QM,23,0.08695652173913043,0.022265347826086957,21.07126086956522,0.2763525069867779
G,CL,61,0.06557377049180328,0.010933737704918033,23.014411475409837,0.2706317629537765
G,AW,43,0.06976744186046512,0.011443372093023256,21.467951162790698,0.26401323027336704
T,TW,130,0.05384615384615385,0.010068907692307692,22.10905384615385,0.2625106250954466
G,PW,85,0.058823529411764705,0.01322070588235294,21.398394117647058,0.2620204291913828
C,NV,44,0.06818181818181818,0.006264477272727273,23.025949999999998,0.2595451697570672
C,HC,9,0.1111111111111111,0.013839111111111111,19.029788888888888,0.2558427881104495
G,MY,9,0.1111111111111111,0.06404266666666666,20.44033333333333,0.2558427881104495
T,DW,10,0.1,0.0112999,22.062829999999998,0.23978952727983707
C,WY,50,0.06,0.01057782,21.162476,0.23590953796345954
T,FW,29,0.06896551724137931,0.009636586206896553,21.526593103448278,0.23456533666635554
G,WQ,99,0.050505050505050504,0.005460444444444444,21.825061616161616,0.2325843528276814
T,WT,101,0.04950495049504951,0.01347130693069307,22.946548514851486,0.22895905016258766
G,IC,31,0.06451612903225806,0.014941903225806453,22.173877419354838,0.22359586469675655
C,CP,13,0.07692307692307693,0.011593846153846152,24.15163076923077,0.2030044099704045
T,DH,14,0.07142857142857142,0.05128378571428571,21.20202857142857,0.1934321572215864
A,LW,39,0.05128205128205128,0.006068948717948717,23.186079487179487,0.1891733053391762
C,IC,41,0.04878048780487805,0.00500009756097561,21.973965853658537,0.18232534723333504
T,CS,16,0.0625,0.01014075,22.89870625,0.1770758340035135
G,HC,43,0.046511627906976744,0.0056392790697674415,22.70843488372093,0.1760088201822447
C,SW,75,0.04,0.018775306666666665,21.452569333333333,0.17322933361145323
T,WM,18,0.05555555555555555,0.005665944444444444,23.402994444444445,0.16357994328702444
T,WW,52,0.038461538461538464,0.007154634615384615,21.915174999999998,0.15270353513662008
C,PW,20,0.05,0.00724355,23.444215,0.15222612188617116
C,QQ,20,0.05,0.0042160999999999995,23.828815,0.15222612188617116
A,TW,56,0.0,0.0,21.848253571428568,0.0
G,WW,56,0.0,0.0,23.685767857142856,0.0
A,WA,25,0.0,0.0,19.996468,0.0
A,WW,22,0.0,0.0,23.01035909090909,0.0
C,YC,17,0.0,0.0,22.636282352941176,0.0
G,WD,17,0.0,0.0,23.61714117647059,0.0
G,CP,16,0.0,0.0,23.68124375,0.0
T,EC,14,0.0,0.0,22.406585714285715,0.0
G,EH,13,0.0,0.0,22.293715384615385,0.0
T,CP,13,0.0,0.0,22.725007692307692,0.0
C,CV,8,0.0,0.0,23.8589375,0.0
T,CQ,8,0.0,0.0,22.909125,0.0
A,CV,7,0.0,0.0,20.5356,0.0
G,DC,7,0.0,0.0,23.427842857142856,0.0
G,HF,7,0.0,0.0,22.66682857142857,0.0
T,NC,7,0.0,0.0,22.625985714285715,0.0
C,DC,6,0.0,0.0,22.557466666666667,0.0
C,WD,6,0.0,0.0,23.58798333333333,0.0
T,HF,6,0.0,0.0,24.08475,0.0
T,WS,6,0.0,0.0,22.981716666666667,0.0
A,WD,5,0.0,0.0,24.84052,0.0
C,HF,5,0.0,0.0,22.96248,0.0
T,EH,5,0.0,0.0,25.2014,0.0
C,MM,4,0.0,0.0,23.85615,0.0
G,CM,4,0.0,0.0,22.053625,0.0
G,MM,4,0.0,0.0,24.74035,0.0
T,CH,4,0.0,0.0,20.58815,0.0
T,MM,4,0.0,0.0,26.0307,0.0
A,MM,3,0.0,0.0,24.502733333333335,0.0
A,QC,3,0.0,0.0,23.962466666666668,0.0
T,HQ,3,0.0,0.0,22.614933333333337,0.0
C,QC,2,0.0,0.0,21.8854,0.0
G,QC,2,0.0,0.0,25.5369,0.0
A,CW,1,0.0,0.0,27.8995,0.0
A,HM,1,0.0,0.0,16.7378,0.0
A,MH,1,0.0,0.0,16.7378,0.0
C,CW,1,0.0,0.0,25.9478,0.0
C,MC,1,0.0,0.0,23.3147,0.0
T,CW,1,0.0,0.0,25.6063,0.0
T,WC,1,0.0,0.0,26.8243,0.0
