aa_motif,AA,AC,AG,AT,CA,CC,CG,CT,GA,GC,GG,GT,TA,TC,TG,TT
AAA,0.0,0.5,0.7142857142857143,0.2857142857142857,0.5,0.0,0.3333333333333333,0.3333333333333333,0.38461538461538464,0.0,0.6,0.7142857142857143,0.6666666666666666,1.0,0.1,0.8333333333333334
AAD,0.0,1.0,1.0,0.0,0.0,1.0,0.0,0.0,0.0,0.0,0.0,0.25,0.0,0.0,0.0,0.0
AAE,0.0,0.3333333333333333,0.5,0.0,0.5,1.0,0.6666666666666666,0.0,0.25,1.0,0.5,0.0,0.0,0.0,0.0,0.0
AAF,0.0,0.0,0.0,0.0,0.0,0.0,0.0,0.0,0.0,0.0,0.0,0.0,0.0,0.0,0.0,0.0
AAH,0.6666666666666666,0.6666666666666666,0.5,0.0,0.6666666666666666,0.2857142857142857,0.0,0.0,0.0,0.0,0.0,0.21428571428571427,0.5555555555555556,0.0,0.0,0.16666666666666666
AAI,0.5,0.3333333333333333,0.3333333333333333,0.25,0.0,0.0,0.5,0.5,0.3333333333333333,0.0,0.5714285714285714,0.2857142857142857,0.0,0.5,0.36363636363636365,0.4
AAK,0.0,0.14285714285714285,0.42857142857142855,1.0,0.0,0.0,0.25,0.0,0.5333333333333333,0.0,0.6,0.4166666666666667,1.0,0.0,0.4444444444444444,0.8571428571428571
AAL,0.0,0.0,0.0,0.0,0.0,0.0,0.0,0.0,0.0,0.0,0.0,0.0,0.0,0.0,0.0,0.0
AAM,0.0,1.0,0.8,0.0,0.6666666666666666,0.0,0.0,0.6666666666666666,0.0,0.0,0.0,1.0,1.0,1.0,0.0,1.0
AAN,0.0,0.0,0.0,0.0,0.96,0.0,0.0,0.3333333333333333,0.0,0.7272727272727273,0.0,0.1,0.0,0.0,0.7647058823529411,0.8596491228070176
AAP,0.0,0.0,0.6666666666666666,0.0,0.0,0.0,0.0,0.0,0.0,0.0,1.0,1.0,1.0,0.0,0.0,0.0
AAQ,0.0,0.0,0.0,0.0,0.0,0.0,1.0,1.0,0.0,0.0,0.0,0.0,0.0,1.0,0.0,0.0
AAR,0.5,0.0,1.0,0.6666666666666666,0.0,0.0,0.0,1.0,0.0,0.3333333333333333,0.0,0.0,1.0,0.5,0.0,1.0
AAS,0.8333333333333334,0.35294117647058826,0.375,0.0,0.26666666666666666,0.1111111111111111,0.0,0.5,0.9444444444444444,0.07142857142857142,0.4,0.6153846153846154,1.0,0.6666666666666666,0.25,0.5
AAV,0.0,0.0,0.5,0.5,1.0,0.0,1.0,0.0,0.6,0.0,0.3333333333333333,0.5,0.0,0.5,0.5,0.0
AAW,1.0,0.5,0.3333333333333333,1.0,0.7142857142857143,0.0,0.0,0.0,1.0,0.0,0.0,0.5,1.0,1.0,0.0,1.0
AAY,0.0,0.0,0.0,0.0,0.0,0.0,0.0,1.0,0.0,0.0,0.0,0.0,0.0,1.0,0.0,0.0
ACD,0.0,1.0,0.0,1.0,1.0,0.0,1.0,0.0,0.0,0.0,0.0,0.0,1.0,0.0,0.0,0.0
ACE,0.0,0.0,0.0,0.0,0.0,0.0,0.0,0.0,0.0,0.0,0.0,0.0,0.0,0.0,0.0,0.0
ACF,0.3333333333333333,0.0,0.5,0.3333333333333333,0.0,0.0,0.0,0.0,0.0,0.3333333333333333,0.0,0.0,0.5,0.0,0.0,0.5
ACG,0.0,0.0,0.3,0.5,0.6666666666666666,0.4,0.6,0.0,0.4444444444444444,0.6,0.7142857142857143,0.3333333333333333,0.0,0.5,0.8,0.0
ACH,0.0,0.0,0.0,0.0,0.0,0.0,0.0,0.0,0.0,0.0,0.0,0.0,0.0,0.0,0.0,0.0
ACI,0.0,0.0,0.0,0.0,0.0,0.0,0.0,0.0,0.0,0.0,0.0,0.0,0.0,0.0,0.0,0.0
ACK,0.0,1.0,0.0,1.0,0.0,0.0,0.0,0.0,0.0,0.0,0.0,0.0,1.0,1.0,0.0,1.0
ACL,0.0,0.0,0.3333333333333333,1.0,1.0,0.3333333333333333,0.0,0.0,0.0,0.3333333333333333,0.0,0.0,0.0,0.3333333333333333,0.0,1.0
ACN,0.0,0.0,0.0,0.0,0.0,0.0,0.0,0.0,0.0,0.0,0.0,0.0,0.0,0.0,0.0,0.0
ACQ,0.0,0.0,0.0,0.0,0.0,0.0,0.0,0.0,0.0,0.0,0.0,0.0,0.0,0.0,0.0,0.0
ACR,0.0,0.0,0.0,0.0,0.0,0.0,0.0,0.0,0.0,0.0,0.0,0.0,0.0,0.0,0.0,0.0
ACV,0.0,0.0,0.0,0.0,0.0,1.0,1.0,1.0,0.0,0.0,0.3333333333333333,1.0,0.0,0.0,0.5,0.6
ACY,0.0,0.0,0.0,0.0,0.0,0.0,0.0,0.0,0.0,0.0,0.0,0.0,0.0,0.0,0.0,0.0
ADC,0.0,0.0,0.0,0.0,0.0,0.0,0.0,0.0,0.0,0.0,0.0,0.0,0.0,0.0,0.0,0.0
ADD,0.0,0.0,0.0,0.0,0.0,0.0,0.0,0.0,0.0,0.0,0.0,0.0,0.0,0.0,0.0,0.0
ADE,0.0,0.0,0.0,1.0,0.0,1.0,1.0,0.5,0.5,0.0,0.5,0.0,1.0,0.6666666666666666,0.0,1.0
ADF,0.0,0.0,0.0,0.0,0.0,0.0,0.0,1.0,1.0,0.0,0.0,0.0,0.0,1.0,1.0,0.0
ADI,0.0,0.0,0.0,0.0,0.0,0.0,0.0,0.0,1.0,0.0,0.8,0.5,0.0,0.0,0.5,0.0
ADK,1.0,0.6666666666666666,1.0,1.0,0.0,0.5,1.0,1.0,0.75,1.0,0.0,1.0,1.0,1.0,1.0,0.0
ADL,0.0,0.0,0.0,0.0,0.0,1.0,0.0,0.0,0.0,0.0,0.0,0.0,0.0,1.0,0.0,0.0
ADM,0.0,0.0,0.0,0.4,0.25,0.0,0.0,0.5,1.0,0.5,0.3333333333333333,0.0,0.0,0.6,0.5,1.0
ADN,0.0,0.0,0.0,0.0,0.0,0.0,0.0,0.0,0.0,0.0,0.0,0.0,0.0,0.0,0.0,0.0
ADP,0.0,0.0,0.5,0.5,0.3333333333333333,0.3333333333333333,0.0,1.0,0.75,0.0,0.0,0.3333333333333333,0.0,1.0,0.6666666666666666,0.0
ADS,0.7333333333333333,0.7058823529411765,0.14285714285714285,0.0,0.0,0.0,0.0,0.0,0.1,0.0,1.0,0.0,0.0,0.0,0.0,0.0
ADT,1.0,0.0,0.16666666666666666,0.0,0.0,0.25,0.09090909090909091,0.3333333333333333,0.9166666666666666,0.125,1.0,0.0,0.0,0.5,0.0,0.0
ADV,1.0,0.0,0.2,0.0,0.0,0.0,0.0,0.0,0.16666666666666666,0.0,0.0,0.0,0.0,0.0,0.0,0.0
ADW,0.0,0.0,0.0,0.0,0.0,0.0,0.0,0.0,0.0,0.0,0.0,0.0,0.0,0.0,0.0,0.0
ADY,0.8,0.6,0.0,0.0,1.0,1.0,1.0,0.0,0.5,1.0,0.0,1.0,0.0,1.0,0.0,1.0
AEA,0.0,0.0,0.0,0.0,0.0,0.0,0.0,0.0,0.0,0.0,0.0,0.0,0.0,0.0,0.0,0.0
AEC,0.0,0.0,0.6666666666666666,0.0,0.0,0.0,0.0,0.0,0.4,0.0,0.0,0.0,0.0,0.0,0.0,0.0
AED,0.0,0.0,0.0,0.0,0.0,0.0,0.0,0.0,0.0,0.0,0.0,0.0,0.0,0.0,0.0,0.0
AEE,0.0,0.0,0.0,0.0,0.0,0.0,0.0,0.0,0.0,0.0,0.0,0.0,0.0,0.0,0.0,0.0
AEF,0.0,0.0,0.0,0.0,0.0,0.0,0.0,0.0,0.0,0.0,0.0,0.0,0.0,0.0,0.0,0.0
AEG,0.0,0.0,0.0,0.0,0.0,0.0,0.0,0.0,0.0,0.0,0.0,0.0,0.0,0.0,0.0,0.0
AEH,0.0,0.0,0.0,0.0,0.5,1.0,0.0,0.0,0.0,1.0,0.0,0.0,0.0,0.0,0.0,0.0
AEI,0.0,0.0,0.07692307692307693,0.0,0.0,0.0,0.0,0.7272727272727273,0.0,0.8571428571428571,0.3218390804597701,0.675,0.5,0.0,0.8225806451612904,0.7962962962962963
AEK,0.0,0.0,0.0,0.0,0.0,0.0,0.0,0.0,0.0,0.0,0.0,0.0,0.0,0.0,0.0,0.0
AEL,0.0,0.14285714285714285,0.058823529411764705,1.0,0.07692307692307693,0.23333333333333334,0.1,0.9545454545454546,0.07692307692307693,0.5,0.015873015873015872,0.0,1.0,0.2,1.0,0.8333333333333334
AEM,0.5,0.0,0.6666666666666666,0.0,0.0,0.0,0.0,0.0,0.5,0.0,0.4166666666666667,0.0,0.0,0.0,0.0,0.0
AEN,0.0,0.0,0.0,0.0,0.0,0.5833333333333334,0.0,0.9565217391304348,0.0,0.0,0.0,0.0,0.0,0.0,0.0,0.0
AEP,0.0,0.0,0.0,0.0,0.0,0.0,0.0,1.0,0.0,0.0,0.0,0.0,0.0,1.0,1.0,0.0
AER,0.0,0.0,0.0,0.0,0.0,0.0,0.0,0.0,0.0,0.0,0.0,0.0,0.0,0.0,0.0,0.0
AES,0.0,0.0,0.0,0.0,0.0,0.5,1.0,0.0,0.0,0.3333333333333333,0.0,0.0,0.0,0.0,0.0,0.0
AET,0.0,0.0,0.5,1.0,0.15384615384615385,0.0,0.5,0.0,0.25,0.05263157894736842,0.3333333333333333,0.5,0.0,1.0,0.125,0.0
AEV,0.0,0.0,0.0,0.0,0.0,0.0,0.0,0.0,0.0,0.0,0.0,0.0,0.0,0.0,0.0,0.0
AEW,1.0,0.625,0.6666666666666666,1.0,0.625,0.5,0.0,1.0,0.0,0.0,0.14285714285714285,0.0,1.0,0.6,0.0,0.0
AFC,0.0,0.0,0.0,0.0,0.0,0.0,0.0,0.0,0.0,0.0,0.0,0.0,0.0,0.0,0.0,0.0
AFE,0.3333333333333333,0.0,0.0,0.0,0.0,0.0,0.0,0.6666666666666666,1.0,0.0,0.0,0.0,0.5,0.6666666666666666,1.0,0.0
AFH,0.0,0.0,0.0,0.0,0.0,0.0,0.0,0.0,0.0,0.0,0.0,0.0,0.0,0.0,0.0,0.0
AFI,0.0,0.0,0.0,0.0,0.0,0.0,0.0,0.0,0.0,0.0,0.0,0.0,0.0,0.0,0.0,0.0
AFK,0.0,0.0,0.0,0.0,0.0,0.0,0.0,0.0,0.0,0.0,0.0,0.0,0.0,0.0,0.0,0.0
AFL,0.0,0.0,0.0,0.0,0.0,1.0,1.0,1.0,0.0,0.5,0.0,0.0,0.0,0.0,0.0,0.0
AFM,0.0,0.0,0.0,0.0,0.0,0.0,0.0,0.0,0.0,0.0,0.0,0.0,0.0,0.0,0.0,0.0
AFN,0.0,0.5,0.5714285714285714,1.0,0.0,0.0,0.4,0.0,0.7692307692307693,0.0,0.6,0.0,0.0,0.0,0.25,0.0
AFP,0.0,0.0,0.0,0.0,0.0,0.0,0.0,0.0,0.0,0.0,0.0,0.0,0.0,0.0,0.0,0.0
AFQ,0.0,0.0,0.0,1.0,0.0,0.0,0.0,1.0,0.5,0.0,0.0,0.0,0.0,1.0,1.0,1.0
AFR,0.0,0.0,0.0,0.0,0.0,0.0,0.0,0.0,0.0,0.0,0.0,0.0,0.0,0.0,0.0,0.0
AFS,0.0,0.0,0.0,0.0,0.0,0.0,0.0,0.0,0.0,0.0,0.14285714285714285,0.631578947368421,0.0,0.0,0.5,0.9
AFT,0.0,0.5,0.0,1.0,0.0,0.6794871794871795,0.0,0.0,0.0,0.5,0.0,0.0,0.625,0.2,0.375,0.16666666666666666
AFV,0.0,0.38461538461538464,0.0,0.0,0.7142857142857143,0.3888888888888889,0.1,0.45454545454545453,0.0,0.5833333333333334,0.0,0.0,0.0,1.0,0.45454545454545453,1.0
AFY,0.0,1.0,0.0,0.0,1.0,1.0,0.0,0.0,0.0,0.0,0.0,0.0,0.0,0.0,0.0,0.0
AGA,0.0,0.0,0.0,0.0,0.0,0.0,0.0,0.0,0.0,0.0,0.0,0.0,0.0,0.0,0.0,0.0
AGC,0.0,0.0,0.0,0.0,0.0,0.0,0.0,0.0,0.0,0.0,0.0,0.0,0.0,0.0,0.0,0.0
AGD,0.0,0.0,0.0,0.0,0.0,0.0,0.0,0.0,0.0,0.0,0.0,0.0,0.0,0.0,0.0,0.0
AGE,1.0,0.0,1.0,0.0,0.0,0.0,0.0,0.0,1.0,0.0,0.0,0.0,0.0,0.0,0.0,0.0
AGF,0.5,0.6666666666666666,0.75,1.0,0.3333333333333333,0.5,0.75,0.7142857142857143,0.8461538461538461,0.5555555555555556,0.5714285714285714,0.8,0.8333333333333334,0.6,0.7142857142857143,0.8
AGG,0.0,0.0,0.0,0.0,0.0,0.0,0.0,0.0,0.0,0.0,0.0,0.0,0.0,0.0,0.0,0.0
AGI,0.0,0.0,0.0,0.0,0.0,0.6,0.0,1.0,0.0,0.0,0.6666666666666666,0.0,0.0,0.0,0.0,0.0
AGK,0.0,0.0,0.0,0.0,0.0,0.0,0.0,0.0,0.0,0.0,0.0,0.0,0.0,0.0,0.0,0.0
AGL,0.07692307692307693,0.2,0.1111111111111111,0.5,0.5,0.48484848484848486,0.0,0.0,0.18181818181818182,0.0,0.0,0.0,0.0,0.0,0.07142857142857142,0.14285714285714285
AGN,0.0,0.0,0.0,0.0,0.0,0.0,0.0,0.0,0.0,0.0,0.0,0.0,0.0,0.0,0.0,0.0
AGP,0.0,0.0,0.0,0.0,0.0,0.0,0.0,0.0,0.0,0.0,0.0,0.0,0.0,0.0,0.0,0.0
AGQ,0.0,0.0,1.0,0.0,0.0,0.0,1.0,1.0,1.0,1.0,1.0,1.0,1.0,0.0,1.0,1.0
AGR,0.0,0.0,0.0,0.0,0.0,0.0,0.0,0.0,0.0,0.0,0.0,0.0,0.0,0.0,0.0,0.0
AGS,0.6666666666666666,0.5,0.0,0.0,0.625,0.6666666666666666,0.5,0.0,0.0,0.4,0.5714285714285714,0.5,0.0,0.0,0.2857142857142857,0.0
AGT,0.0,0.0,0.0,0.0,0.0,0.0,0.0,0.0,0.0,0.0,0.0,0.0,0.0,0.0,0.0,0.0
AGV,0.0,1.0,1.0,0.0,1.0,0.0,1.0,1.0,0.0,1.0,1.0,1.0,0.0,1.0,1.0,0.0
AGY,0.4,0.25,0.5,0.0,0.0,0.0,0.0,0.0,0.75,0.0,0.13636363636363635,0.21621621621621623,0.2,0.0,0.38095238095238093,0.0
AHA,0.0,0.0,0.0,0.0,0.0,0.0,0.0,0.0,0.0,0.0,0.0,0.0,0.0,0.0,0.0,0.0
AHC,0.4,0.5,0.2222222222222222,0.0,0.6666666666666666,0.3333333333333333,0.0,0.0,0.0,0.0,0.0,0.24,0.625,0.0,0.0,0.21428571428571427
AHG,0.0,0.0,0.0,0.0,0.0,0.0,0.0,0.0,0.0,0.0,0.0,0.0,0.0,0.0,0.0,0.0
AHI,0.0,0.0,0.0,0.0,0.0,0.0,0.0,1.0,0.0,0.0,0.0,0.0,0.0,1.0,0.0,1.0
AHK,0.0,0.0,0.0,0.0,0.0,0.0,0.0,1.0,0.0,0.0,0.0,0.0,0.0,0.0,0.7857142857142857,1.0
AHL,0.0,0.0,0.0,0.0,0.0,0.0,0.0,0.0,0.0,0.0,0.0,0.0,0.0,0.0,0.0,0.0
AHP,0.0,0.0,0.0,0.0,0.0,0.0,0.0,0.0,0.0,0.0,0.0,0.0,0.0,0.0,0.0,0.0
AHQ,0.0,0.0,0.0,0.0,0.0,0.0,0.0,0.0,0.0,0.0,0.0,0.0,0.0,0.0,0.0,0.0
AHR,0.0,0.0,0.0,0.0,0.0,0.0,0.0,0.0,0.0,0.0,0.0,0.0,0.0,0.0,0.0,0.0
AHS,1.0,0.0,0.0,0.0,0.0,0.0,0.0,0.0,1.0,1.0,1.0,0.0,0.0,0.0,1.0,1.0
AHT,0.0,0.8571428571428571,0.0,0.0,0.8888888888888888,0.46153846153846156,0.94,0.96,0.8,0.9787234042553191,0.36666666666666664,1.0,0.0,1.0,1.0,0.9787234042553191
AHY,0.0,0.0,0.0,0.0,0.0,0.0,0.0,0.0,0.0,0.0,0.0,0.0,0.0,0.0,0.0,0.0
AIA,0.0,0.0,0.5,0.0,0.0,0.0,0.0,0.0,0.5,0.0,0.0,0.0,0.0,0.0,0.0,0.0
AIC,0.0,0.0,0.0,0.0,0.0,0.0,0.0,0.0,0.0,0.0,0.0,0.0,0.0,0.0,0.0,0.0
AIE,0.0,0.0,0.0,0.0,0.0,0.0,0.0,0.0,0.0,0.0,0.0,0.0,0.0,0.0,0.0,0.0
AIF,0.0,0.8,0.0,0.14285714285714285,0.0,0.6391752577319587,0.14285714285714285,0.0,0.10526315789473684,0.6428571428571429,0.5652173913043478,0.0,0.42857142857142855,0.5555555555555556,1.0,0.0
AIG,0.3333333333333333,0.0,0.0,0.4,0.0,0.0,0.0,0.0,0.0,0.0,0.0,0.0,0.4,0.0,0.0,0.0
AIH,0.0,1.0,0.0,0.0,1.0,0.0,0.0,0.0,0.0,1.0,0.0,0.0,0.0,0.0,0.0,0.8
AII,0.0,0.0,0.0,0.5,0.0,0.0,0.0,0.0,0.5,0.0,0.5,0.0,0.0,0.0,0.3333333333333333,0.0
AIK,0.25,0.6666666666666666,0.0,1.0,0.0,0.38095238095238093,0.75,0.0,0.2,1.0,0.7333333333333333,0.0,1.0,0.5555555555555556,1.0,0.0
AIL,0.0,0.0,0.0,0.0,0.0,0.0,0.0,0.0,1.0,0.0,0.0,0.0,0.0,0.0,1.0,0.0
AIN,0.0,0.5,0.0,0.0,0.0,1.0,0.0,0.5,1.0,0.0,0.0,0.0,0.5,1.0,0.0,0.0
AIP,0.0,0.0,0.0,0.0,0.0,0.0,0.0,0.0,0.0,0.0,0.0,0.0,0.0,0.0,0.0,0.0
AIQ,0.0,0.0,0.0,0.0,0.0,0.0,0.0,0.0,0.0,0.0,0.0,0.0,0.0,0.0,0.0,0.0
AIS,0.0,0.0,0.0,0.0,0.0,0.0,0.0,0.0,0.0,0.0,0.0,0.0,0.0,0.0,0.0,0.0
AIT,0.0,0.0,1.0,0.0,0.5,0.0,0.0,1.0,0.0,0.0,0.3333333333333333,0.3333333333333333,0.0,0.5,0.0,0.16666666666666666
AIV,0.0,0.0,0.0,0.6666666666666666,0.0,0.0,0.5,0.0,0.6666666666666666,0.0,1.0,0.4,0.0,0.0,0.375,0.6
AIW,0.0,0.0,0.0,0.0,0.0,0.0,0.0,0.0,0.0,0.0,0.0,0.0,0.0,0.0,0.0,0.0
AIY,0.0,0.5,0.0,0.0,1.0,0.0,0.0,0.4666666666666667,0.16666666666666666,0.3333333333333333,0.08333333333333333,0.1,0.0,0.0,0.125,0.9545454545454546
AKA,0.0,0.0,0.0,0.75,0.0,1.0,1.0,0.5,0.6666666666666666,0.0,0.5,0.0,1.0,0.75,0.0,1.0
AKD,0.0,0.0,0.0,0.5,0.0,0.0,0.0,0.0,0.5,0.0,0.0,0.0,0.0,0.0,1.0,0.0
AKE,0.5,0.0,1.0,0.0,0.0,0.0,0.0,0.0,1.0,0.0,0.0,0.5,0.0,0.0,0.3333333333333333,0.0
AKF,0.0,0.0,0.3333333333333333,0.0,0.0,0.0,0.0,0.0,0.0,0.0,0.0,0.0,1.0,0.0,0.0,0.6666666666666666
AKG,0.5,1.0,1.0,0.0,0.0,0.5,1.0,1.0,1.0,1.0,0.6666666666666666,1.0,0.0,1.0,0.5,0.0
AKI,1.0,0.0,0.3333333333333333,0.0,0.5,0.5,0.0,0.0,0.3333333333333333,0.6666666666666666,0.7,0.0,0.0,0.0,0.0,0.0
AKK,0.0,0.0,0.0,0.0,0.0,0.0,0.0,0.0,0.0,0.0,0.0,0.0,0.0,0.0,0.0,0.0
AKL,0.0,0.0,0.0,1.0,0.0,0.0,0.0,0.0,0.0,0.0,0.0,0.0,0.0,0.0,1.0,1.0
AKM,0.0,1.0,0.0,0.0,1.0,0.5,0.0,1.0,0.0,0.0,0.0,0.0,0.0,0.5,0.0,0.0
AKN,0.0,0.0,1.0,0.0,0.0,0.0,1.0,0.0,1.0,0.0,0.16666666666666666,0.16666666666666666,0.0,0.0,0.0,0.0
AKP,0.0,1.0,0.0,0.0,0.0,0.0,1.0,0.0,0.6666666666666666,0.0,1.0,1.0,0.0,1.0,0.0,0.0
AKR,1.0,1.0,1.0,1.0,1.0,0.0,0.0,1.0,0.0,0.6666666666666666,0.0,0.0,1.0,0.0,0.0,0.0
AKS,1.0,0.2,0.36363636363636365,0.0,0.42857142857142855,0.3333333333333333,0.0,0.3333333333333333,0.15384615384615385,0.25,0.25,0.6666666666666666,0.25,0.0,1.0,0.0
AKT,0.0,0.75,0.0,0.0,0.7142857142857143,0.0,0.0,0.8571428571428571,0.0,0.8333333333333334,0.0,0.0,0.0,1.0,0.8571428571428571,1.0
AKV,0.0,0.0,0.0,0.0,0.0,0.0,0.0,0.0,0.0,0.0,0.0,0.5,0.6666666666666666,0.0,0.0,1.0
AKY,0.0,0.125,0.5,1.0,0.0,0.0,0.3333333333333333,0.0,0.45454545454545453,0.0,0.7333333333333333,0.7272727272727273,1.0,0.0,0.5555555555555556,1.0
ALA,0.0,0.5,0.4166666666666667,0.75,0.5,0.0,0.5,1.0,0.6,0.5,0.07692307692307693,0.0,0.5,0.0,0.5,0.0
ALD,0.0,0.0,0.3333333333333333,0.75,0.0,0.25,0.0,0.25,0.3333333333333333,0.0,0.75,0.5,0.3333333333333333,0.6666666666666666,0.5,1.0
ALE,0.2,0.25,0.5,0.5714285714285714,0.16666666666666666,0.7142857142857143,0.2727272727272727,0.2857142857142857,0.6923076923076923,0.2,0.18181818181818182,0.6666666666666666,0.6666666666666666,0.6666666666666666,0.1111111111111111,0.4
ALF,1.0,0.0,0.5,0.0,0.0,0.5,1.0,1.0,0.5,1.0,0.0,0.0,0.5,0.3333333333333333,0.0,0.0
ALG,0.0,1.0,0.0,0.0,0.96,0.6,0.0,0.7272727272727273,0.0,1.0,0.0,0.0,0.0,0.0,1.0,0.7868852459016393
ALH,0.0,1.0,0.5,0.0,0.0,1.0,0.0,1.0,0.0,1.0,0.25,1.0,0.0,0.5,1.0,0.0
ALI,0.0,0.0,0.0,0.0,0.0,0.0,0.0,0.0,0.0,0.0,0.0,0.0,0.0,0.0,0.0,0.0
ALK,0.0,0.0,0.0,0.0,0.0,0.5,1.0,1.0,1.0,0.0,0.4,1.0,0.0,1.0,0.5,1.0
ALL,0.0,0.42857142857142855,0.4,0.3076923076923077,0.2222222222222222,0.0,0.0,0.25,0.4375,0.0,0.0,0.16666666666666666,0.4375,0.2857142857142857,0.4444444444444444,0.46153846153846156
ALM,0.6666666666666666,0.5,0.0,1.0,0.6666666666666666,0.0,0.0,0.0,0.3333333333333333,0.0,0.0,0.17647058823529413,0.0,0.0,0.13636363636363635,0.1875
ALN,0.0,1.0,0.0,0.2,0.6666666666666666,0.0,0.0,0.0,1.0,0.0,0.0,0.0,1.0,0.0,0.0,0.0
ALP,0.0,0.0,0.0,0.0,0.0,0.0,0.0,0.0,0.0,0.0,0.0,0.0,0.0,0.0,0.0,0.0
ALQ,0.0,0.0,0.0,0.0,0.0,0.0,0.1111111111111111,0.18181818181818182,1.0,0.07692307692307693,0.3333333333333333,0.0,0.0,0.0,0.15,0.09523809523809523
ALR,0.4666666666666667,0.42857142857142855,0.25,0.5454545454545454,0.5,0.0,0.5,0.2,0.0,0.6,0.13333333333333333,0.6153846153846154,0.6111111111111112,0.2222222222222222,0.3333333333333333,0.8333333333333334
ALS,0.0,0.0,0.0,0.0,0.0,0.0,0.0,0.0,0.0,0.0,0.0,0.0,0.0,0.0,1.0,1.0
ALT,0.8333333333333334,0.0,0.8518518518518519,0.2857142857142857,0.0,0.36363636363636365,0.7666666666666667,0.8518518518518519,0.2222222222222222,0.0,0.8846153846153846,0.18181818181818182,0.8,0.8888888888888888,0.08,0.84375
ALV,0.0,0.42857142857142855,0.3333333333333333,1.0,0.6666666666666666,0.046511627906976744,0.125,0.3333333333333333,0.375,0.15384615384615385,0.017241379310344827,1.0,0.75,0.7142857142857143,0.8,0.5
ALY,0.0,0.0,0.0,0.0,0.0,0.0,0.0,0.0,0.0,0.0,0.0,0.0,0.0,0.0,0.0,0.0
AMA,0.0,0.0,0.0,1.0,0.0,0.0,0.0,1.0,1.0,0.0,0.0,0.0,0.0,1.0,1.0,0.0
AME,0.0,0.0,0.0,0.0,0.0,0.0,0.0,0.0,0.0,0.0,0.0,0.0,0.0,0.0,0.0,0.0
AMG,0.0,0.0,0.5,0.0,1.0,0.0,0.0,0.0,0.0,1.0,0.0,0.0,0.0,0.0,0.0,0.0
AMK,0.0,0.75,0.5714285714285714,1.0,1.0,1.0,1.0,0.4,0.0,0.0,0.0,0.8,1.0,1.0,0.0,1.0
AMN,0.0,0.0,0.0,0.0,0.0,0.0,0.0,0.0,0.0,0.0,0.0,0.0,0.0,0.0,0.0,0.0
AMQ,0.0,0.0,0.0,0.0,0.0,0.0,0.0,0.0,0.0,0.0,0.0,0.0,0.0,0.0,0.0,0.0
AMS,0.0,1.0,1.0,0.0,1.0,0.0,1.0,1.0,0.0,1.0,1.0,1.0,0.0,1.0,1.0,1.0
AMY,0.0,0.0,0.0,0.0,0.0,0.0,0.0,0.0,0.0,0.0,0.0,0.0,0.0,0.0,0.0,0.0
ANA,0.0,0.0,0.0,0.0,0.0,0.0,0.0,0.0,0.0,0.0,0.0,1.0,0.0,0.0,1.0,1.0
AND,0.0,0.0,0.0,0.0,0.0,0.0,0.0,0.0,0.0,0.0,0.0,0.0,0.0,0.0,0.0,0.0
ANF,0.0,0.5,0.0,1.0,0.0,0.0,0.3333333333333333,0.0,0.0,0.0,0.0,1.0,1.0,0.0,0.0,1.0
ANG,0.0,0.8,1.0,0.0,0.8333333333333334,0.75,0.0,1.0,0.0,0.0,0.14285714285714285,0.0,0.0,0.0,0.0,0.0
ANI,0.0,0.5,0.0,1.0,0.5,1.0,1.0,0.0,0.0,0.0,1.0,0.0,1.0,0.0,0.0,0.0
ANK,0.0,0.375,0.0,0.0,0.16666666666666666,0.0,0.0,0.0,0.26666666666666666,0.0,0.2857142857142857,0.0,0.0,0.0,0.18181818181818182,0.0
ANL,0.25,0.3333333333333333,0.5,0.0,0.5,0.8333333333333334,0.25,1.0,0.2857142857142857,0.4,0.5,0.35714285714285715,0.5,0.3333333333333333,0.375,0.0
ANM,0.0,0.0,0.0,0.0,0.0,0.0,0.0,0.0,0.0,0.0,0.0,0.0,0.0,0.0,0.0,0.0
ANN,0.6666666666666666,0.5,1.0,0.6666666666666666,0.0,0.0,1.0,0.5,0.75,0.0,0.5,1.0,0.0,0.5714285714285714,0.6,0.5
ANR,0.0,1.0,0.0,0.5,1.0,0.15384615384615385,0.06666666666666667,0.88,0.1,0.9791666666666666,0.1111111111111111,1.0,1.0,0.0,0.925,0.8032786885245902
ANS,0.0,0.0,0.0,0.0,0.0,0.5,0.25,0.3333333333333333,0.0,0.0,0.0,0.0,0.0,1.0,0.0,1.0
ANV,0.0,0.0,0.0,0.0,0.0,0.0,0.0,0.0,0.0,0.0,0.0,0.0,0.0,0.0,0.0,0.0
APA,0.0,0.0,0.25,0.5,0.0,0.125,0.0,0.2,0.8,0.0,0.5,0.3333333333333333,0.0,1.0,0.0,0.6666666666666666
APD,1.0,0.0,1.0,1.0,0.0,1.0,1.0,1.0,1.0,1.0,1.0,1.0,0.0,0.0,1.0,1.0
APE,0.0,0.5,0.0,0.0,0.0,0.16666666666666666,0.0,0.0,1.0,0.0,0.0,0.0,0.0,0.0,0.0,0.0
APG,0.16666666666666666,0.42857142857142855,0.75,0.0,0.2,0.5,0.5,0.0,0.6666666666666666,1.0,0.75,0.6,1.0,0.5,0.6666666666666666,0.4
APH,0.0,0.0,0.0,0.0,0.0,0.0,0.0,0.0,0.0,0.0,0.0,0.0,0.0,0.0,0.0,0.0
API,0.0,0.0,0.0,0.0,0.0,0.0,0.0,0.0,0.0,0.0,0.0,0.0,0.0,0.0,0.0,0.0
APK,0.0,0.0,0.0,0.0,0.0,0.0,0.0,0.0,0.0,0.0,0.5,1.0,0.0,0.0,0.0,1.0
APL,0.0,0.0,0.0,0.0,0.0,0.0,0.0,0.0,0.0,0.0,0.0,0.0,0.0,0.0,0.0,0.0
APN,1.0,0.0,0.0,0.0,0.0,0.0,1.0,0.5,1.0,1.0,1.0,0.0,0.0,0.0,0.5,1.0
APP,0.5,1.0,0.0,0.0,0.0,0.6666666666666666,1.0,0.0,1.0,0.0,0.0,1.0,0.0,0.5,0.0,1.0
APR,1.0,0.0,0.5,1.0,0.0,1.0,0.6666666666666666,1.0,0.8333333333333334,0.4,0.75,1.0,0.0,1.0,1.0,1.0
APS,1.0,0.5,0.6666666666666666,0.0,0.5714285714285714,0.0,0.0,0.0,0.3333333333333333,0.0,0.2,0.5,1.0,0.0,0.0,0.0
APT,0.0,0.0,0.0,0.0,0.0,1.0,1.0,1.0,0.0,0.0,0.0,1.0,0.0,1.0,1.0,0.0
APV,0.0,0.0,0.0,0.0,0.0,0.0,0.0,0.0,0.0,0.0,0.0,0.0,0.0,0.0,0.0,0.0
APY,0.0,0.0,0.0,0.0,0.0,0.0,0.0,0.0,0.0,0.0,0.0,0.0,0.0,0.0,0.0,0.0
AQA,0.2,0.0,0.0,0.3333333333333333,0.0,0.0,0.0,0.0,0.0,0.0,0.0,0.0,0.0,0.0,0.0,0.0
AQD,0.0,0.0,0.0,0.0,0.0,0.0,0.0,0.0,0.0,0.0,0.0,0.0,0.0,0.0,0.0,0.0
AQE,0.0,1.0,0.2857142857142857,0.0,0.625,0.5,1.0,0.0,0.25,1.0,1.0,0.5,0.0,1.0,0.0,0.0
AQF,0.0,0.0,0.0,0.0,0.0,0.0,1.0,0.0,0.0,0.0,1.0,1.0,0.0,0.0,1.0,0.0
AQI,0.0,0.0,0.0,0.0,0.0,0.0,0.0,0.0,0.0,0.0,0.0,0.0,0.0,0.0,0.0,0.0
AQK,0.5,0.0,0.8571428571428571,0.8,0.5,1.0,0.5,0.5,0.6666666666666666,0.8333333333333334,0.6666666666666666,1.0,0.6666666666666666,1.0,0.6666666666666666,1.0
AQL,0.0,0.0,0.0,0.0,0.0,0.0,0.0,0.0,0.0,0.0,0.0,0.0,0.0,0.0,0.0,0.0
AQN,0.5,0.8,0.5,0.6666666666666666,0.5714285714285714,0.6666666666666666,0.5,0.5,0.0,0.0,0.4444444444444444,0.3333333333333333,0.0,0.6,0.0,0.0
AQP,0.0,1.0,0.0,0.0,1.0,0.5333333333333333,0.0,0.47619047619047616,0.0,0.9,0.0,0.0,0.0,0.0,0.0,0.4166666666666667
AQS,0.0,0.0,0.0,0.0,0.0,0.0,1.0,1.0,0.0,0.0,0.0,0.0,0.0,1.0,0.0,0.0
AQV,0.0,0.0,0.0,0.0,0.0,0.0,0.0,0.0,0.0,0.0,0.0,0.0,0.0,0.0,0.0,0.0
ARA,0.0,0.0,0.0,1.0,0.0,0.0,0.0,0.0,0.0,0.0,0.6666666666666666,0.625,0.75,0.0,1.0,0.9
ARD,0.0,1.0,1.0,1.0,0.0,0.0,0.0,0.0,1.0,0.0,0.0,1.0,1.0,1.0,1.0,0.0
ARE,0.25,0.0,0.3333333333333333,0.3333333333333333,0.0,0.0,0.0,1.0,0.0,0.16666666666666666,0.0,0.0,0.45454545454545453,0.4,0.0,0.3333333333333333
ARG,0.0,0.0,0.5,1.0,0.0,0.0,0.0,0.0,1.0,1.0,0.5,0.8,0.0,0.0,0.75,1.0
ARH,0.8,1.0,0.5,1.0,0.75,0.5,0.0,0.6666666666666666,1.0,0.25,1.0,0.5,0.6,1.0,1.0,1.0
ARI,0.0,0.0,0.0,0.0,0.0,0.0,0.0,0.0,0.0,0.0,0.0,0.0,0.0,0.0,0.0,0.0
ARK,1.0,0.5,0.0,0.0,0.0,0.0,1.0,0.0,1.0,0.0,1.0,0.0,0.0,0.0,1.0,1.0
ARL,0.0,0.0,0.0,1.0,0.0,0.0,0.3333333333333333,0.0,1.0,0.5,0.0,0.0,0.0,0.0,1.0,1.0
ARM,1.0,0.75,1.0,0.0,0.96,0.8333333333333334,0.9056603773584906,0.8275862068965517,0.8888888888888888,0.058823529411764705,0.7971014492753623,1.0,0.0,0.96,0.0,0.6
ARQ,0.9166666666666666,0.96,0.2727272727272727,0.5,0.6470588235294118,0.5,0.7692307692307693,0.125,0.7777777777777778,0.5789473684210527,0.16666666666666666,0.0,0.5,0.2,0.5,1.0
ARR,1.0,1.0,1.0,1.0,1.0,1.0,0.6,0.9,1.0,1.0,0.8888888888888888,1.0,1.0,0.7142857142857143,1.0,0.5
ARS,0.0,0.0,0.0,0.0,0.0,0.0,1.0,0.0,0.0,0.0,0.0,1.0,0.0,0.0,1.0,0.0
ART,1.0,0.5,1.0,0.0,0.0,0.3333333333333333,0.5,0.0,0.5,0.0,0.0,1.0,0.0,0.0,0.5,0.0
ARV,0.3333333333333333,0.7777777777777778,0.7692307692307693,1.0,0.5,0.0,0.6153846153846154,0.0,0.84,0.4,0.7142857142857143,0.25,0.0,0.0,0.5625,0.0
ARY,1.0,0.5,0.0,0.0,0.0,0.25,1.0,0.0,0.5,0.0,0.0,0.5,0.0,0.5,0.0,1.0
ASA,0.0,0.0,0.0,0.0,0.0,0.0,0.0,0.0,0.0,0.0,0.0,0.0,0.0,0.0,0.0,0.0
ASC,0.0,0.0,0.0,0.0,0.0,0.0,0.0,0.0,0.0,0.0,0.0,0.0,0.0,0.0,0.0,0.0
ASD,0.0,0.0,0.0,0.0,0.0,0.0,0.0,0.0,0.0,0.0,0.0,0.0,0.0,0.0,0.0,0.0
ASF,0.0,0.0,0.0,0.0,0.0,1.0,0.0,0.6666666666666666,0.0,0.0,0.0,0.0,0.0,1.0,0.0,1.0
ASG,0.8461538461538461,0.26666666666666666,0.5,0.0,0.125,0.16666666666666666,0.2727272727272727,0.0,0.8571428571428571,0.16666666666666666,0.42857142857142855,0.4444444444444444,0.5,0.25,0.18181818181818182,0.6
ASI,0.8461538461538461,0.92,0.5,0.0,0.631578947368421,0.15384615384615385,0.0,0.0,1.0,0.08333333333333333,0.16666666666666666,0.0,0.0,0.0,0.0,0.0
ASK,0.0,0.0,0.4,1.0,1.0,1.0,0.0,0.3333333333333333,0.5,0.4,0.5,0.5,1.0,0.6,0.6666666666666666,1.0
ASL,0.5555555555555556,0.4,0.3,1.0,0.6666666666666666,0.2727272727272727,0.4,0.3333333333333333,0.8571428571428571,0.5,0.1111111111111111,0.14285714285714285,0.18181818181818182,0.6666666666666666,0.08823529411764706,0.07142857142857142
ASN,0.0,0.0,0.0,0.0,0.0,0.0,0.0,0.5,0.25,0.5,0.2857142857142857,0.4,0.0,0.0,0.4,1.0
ASP,0.0,1.0,0.8888888888888888,1.0,0.5,0.6153846153846154,0.25,0.6666666666666666,0.6153846153846154,0.6666666666666666,0.6923076923076923,0.8,1.0,0.3333333333333333,0.8888888888888888,1.0
ASQ,0.3157894736842105,0.17647058823529413,0.23076923076923078,0.0,0.05,0.7697841726618705,0.07142857142857142,0.9272727272727272,0.04,0.7,0.8947368421052632,0.4444444444444444,0.0,0.1111111111111111,0.35,0.9215686274509803
ASR,1.0,0.0,0.5,0.0,0.0,0.0,0.0,0.0,1.0,0.0,0.0,0.0,0.0,0.0,0.0,0.0
ASS,0.3333333333333333,0.0,1.0,0.0,0.2857142857142857,0.0,0.7142857142857143,0.0,0.0,0.6875,0.5,0.5,1.0,0.0,0.6111111111111112,0.4
AST,0.0,0.6666666666666666,1.0,1.0,0.6666666666666666,0.6666666666666666,0.3333333333333333,0.6666666666666666,1.0,0.4,0.6,1.0,0.0,0.3333333333333333,0.75,0.0
ASV,0.0,0.4,0.0,1.0,0.75,0.5,0.0,0.0,0.0,0.0,0.16666666666666666,1.0,0.5,0.0,0.0,0.0
ASW,0.3333333333333333,0.0,0.5,1.0,0.0,1.0,0.3333333333333333,0.0,0.6666666666666666,0.0,0.6666666666666666,1.0,0.0,0.0,1.0,1.0
ASY,0.5,0.0,0.5,0.0,0.0,0.25,0.0,0.0,1.0,0.0,0.0,0.5,0.0,0.5,0.5,0.0
ATC,0.0,1.0,0.0,0.5,1.0,1.0,0.0,1.0,1.0,1.0,0.0,0.0,0.6666666666666666,1.0,1.0,0.0
ATD,0.0,0.0,1.0,1.0,0.0,0.5,0.5,0.0,0.0,0.5,0.3333333333333333,1.0,1.0,0.0,0.5,0.5
ATE,0.0,0.0,0.0,0.0,0.0,0.9230769230769231,0.0,0.3333333333333333,0.0,0.0,0.6666666666666666,0.0,0.0,0.0,0.0,0.0
ATF,0.0,1.0,0.0,1.0,0.0,0.0,0.0,1.0,0.0,0.0,0.0,0.0,1.0,0.0,0.0,1.0
ATG,0.0,0.3333333333333333,0.3333333333333333,0.5,0.5,0.0,1.0,1.0,0.5,0.6666666666666666,0.25,1.0,0.0,0.0,1.0,0.3333333333333333
ATI,0.0,0.0,0.0,0.0,0.0,0.0,0.0,0.0,0.0,0.0,0.0,0.0,0.0,0.0,0.0,0.0
ATK,0.0,0.0,0.0,0.0,0.0,0.0,0.0,0.0,0.0,0.0,0.0,0.0,0.0,0.0,0.0,0.0
ATL,0.0,0.0,0.6666666666666666,0.5,0.0,0.2,0.0,0.0,0.2857142857142857,0.25,0.5,0.3333333333333333,0.6666666666666666,1.0,0.0,0.0
ATM,0.0,0.0,0.0,0.0,0.0,0.0,0.0,0.0,0.0,0.0,0.6,0.6,0.0,0.0,0.5714285714285714,1.0
ATN,0.0,0.5555555555555556,0.25,0.0,0.4166666666666667,0.0,0.0,0.0,0.25,0.25,0.0,0.0,0.0,0.0,0.0,0.0
ATQ,1.0,0.3333333333333333,0.0,0.0,0.0,0.0,0.0,0.0,0.0,0.0,0.0,1.0,0.0,1.0,0.0,0.0
ATR,0.5,0.6666666666666666,0.3333333333333333,0.7142857142857143,0.6666666666666666,0.5,0.2857142857142857,0.0,0.6,0.0,0.4,0.75,0.5,0.8,0.8,0.75
ATS,0.0,0.0,0.5,0.0,1.0,0.0,0.0,0.0,0.0,0.0,0.5,1.0,0.0,0.3333333333333333,0.6666666666666666,1.0
ATV,0.0,0.0,0.0,1.0,0.0,0.0,0.0,0.0,0.0,0.0,0.0,0.0,0.6666666666666666,0.0,0.0,0.6666666666666666
ATW,0.0,0.0,0.0,0.0,0.0,0.19230769230769232,0.5357142857142857,0.0,0.0,0.0,0.0,0.06666666666666667,0.0,0.0,0.05263157894736842,0.0
ATY,0.0,0.0,0.0,0.0,0.0,0.0,0.0,0.0,0.0,0.0,0.0,0.0,0.0,0.0,0.0,0.0
AVA,0.6875,0.8,0.6428571428571429,0.16666666666666666,0.8571428571428571,0.5,0.6363636363636364,0.6666666666666666,0.4444444444444444,0.6666666666666666,0.3333333333333333,0.75,0.0,0.0,0.55,0.0
AVD,0.0,0.0,0.0,0.0,0.0,0.0,0.0,1.0,0.0,0.0,0.0,0.0,0.0,0.5,0.0,1.0
AVE,0.0,0.0,0.0,0.0,0.0,0.0,0.0,0.0,0.0,0.0,0.0,0.0,0.0,0.0,0.0,0.0
AVG,0.0,0.0,0.0,0.0,0.0,0.0,0.0,0.0,0.0,0.0,0.0,0.0,0.0,0.0,0.0,0.0
AVH,0.0,0.0,0.0,0.0,0.0,0.0,1.0,0.3333333333333333,0.0,0.0,0.0,0.5,0.0,1.0,1.0,0.0
AVI,0.0,0.0,0.0,0.0,0.0,0.2,0.0,0.3333333333333333,0.0,0.0,0.0,0.0,0.0,0.5,0.3333333333333333,0.0
AVK,0.0,0.25,0.6666666666666666,1.0,0.6666666666666666,0.0,1.0,0.3333333333333333,0.5,0.0,1.0,1.0,1.0,0.5,1.0,0.0
AVL,0.0,1.0,0.6666666666666666,0.5,1.0,1.0,1.0,0.0,0.0,0.6666666666666666,0.0,0.0,1.0,0.0,0.0,0.0
AVP,0.0,0.0,0.0,0.0,0.0,0.0,0.0,0.0,0.0,0.0,0.0,0.0,0.0,0.0,0.0,0.0
AVQ,0.0,0.5,0.0,0.6666666666666666,0.0,0.76,0.575,0.6764705882352942,0.6666666666666666,0.0,0.057971014492753624,0.2631578947368421,1.0,0.0,0.14285714285714285,0.4
AVR,0.0,0.0,0.0,0.0,0.0,0.0,0.0,0.0,0.0,0.0,0.0,0.0,0.0,0.0,0.0,0.0
AVS,0.0,0.0,0.0,0.0,0.0,0.0,0.0,0.0,0.0,0.0,0.0,0.0,0.0,0.0,0.0,0.0
AVT,0.4,1.0,0.0,0.25,0.3333333333333333,0.5,1.0,0.0,1.0,0.0,0.0,1.0,0.0,0.0,1.0,0.5
AVV,1.0,0.5,0.0,0.0,0.0,0.0,0.0,0.3333333333333333,0.0,0.0,0.0,0.0,0.5,0.0,0.0,0.0
AVY,0.0,0.0,0.0,0.0,0.0,0.0,0.0,0.0,0.0,0.0,0.3333333333333333,0.4,0.0,0.0,0.5,0.6666666666666666
AWG,1.0,0.0,1.0,0.0,0.0,0.0,0.0,0.6666666666666666,0.0,0.0,0.0,0.0,1.0,1.0,0.0,1.0
AWI,0.0,0.0,0.5,0.0,0.0,0.0,0.0,0.25,0.0,0.0,0.0,1.0,1.0,0.0,0.0,1.0
AWN,0.0,0.0,0.0,0.0,0.0,0.0,0.0,0.0,0.0,0.0,0.0,0.0,0.0,0.0,0.0,0.0
AWR,1.0,0.5714285714285714,0.42857142857142855,0.8,0.6,0.5,0.16666666666666666,0.0,0.5,0.5,0.2857142857142857,0.3333333333333333,0.3333333333333333,1.0,0.5,0.75
AWV,0.0,0.0,0.0,0.0,0.0,0.0,0.0,0.96,0.0,1.0,0.0,0.0,0.0,0.0,0.0,0.9411764705882353
AWW,0.0,1.0,0.0,0.0,0.0,0.5,0.0,0.0,0.0,0.0,0.0,0.0,0.0,0.0,0.0,0.0
AWY,1.0,0.8,0.0,0.0,0.0,0.0,0.0,0.0,1.0,0.0,0.0,0.0,0.0,0.0,0.0,0.0
AYA,0.0,0.0,0.0,0.0,0.0,0.0,0.0,0.0,0.0,0.0,0.0,0.0,0.0,0.0,0.0,0.0
AYD,0.0,0.0,0.0,0.0,0.0,0.0,0.0,0.0,0.0,0.0,0.0,0.0,0.0,0.0,0.0,0.0
AYF,0.0,1.0,0.0,0.6666666666666666,0.0,0.7468354430379747,0.2727272727272727,0.0,0.18181818181818182,1.0,0.703125,0.0,0.8666666666666667,1.0,1.0,0.2857142857142857
AYI,0.0,1.0,0.0,0.0,0.0,0.0,0.0,0.0,1.0,0.0,0.0,0.0,0.0,0.0,0.0,0.0
AYK,1.0,0.8,0.8333333333333334,1.0,0.7142857142857143,0.6666666666666666,0.2,0.5,0.8333333333333334,0.0,0.5,1.0,0.0,1.0,0.0,0.0
AYL,0.0,0.0,0.3333333333333333,0.0,0.0,0.0,0.0,0.0,0.0,0.0,0.0,0.16666666666666666,0.0,0.0,0.0,0.3333333333333333
AYN,0.0,0.0,0.0,0.0,0.0,0.0,0.0,1.0,0.0,0.0,0.0,0.0,0.0,1.0,0.0,0.0
AYS,0.0,0.0,0.0,0.0,0.0,0.0,0.0,0.0,0.0,0.0,0.0,0.0,0.0,0.0,0.0,0.0
AYT,0.0,0.0,0.0,0.0,0.0,0.0,0.0,0.0,0.0,0.0,0.0,0.0,0.0,0.0,0.0,0.0
AYV,0.0,0.0,0.0,0.25,0.0,0.5,0.0,1.0,0.0,0.5,0.0,0.0,1.0,0.5,0.5,0.0
CAA,1.0,0.0,0.3333333333333333,0.0,0.0,0.0,0.0,0.0,0.75,0.0,0.1111111111111111,0.2,0.0,0.0,0.14285714285714285,0.75
CAD,0.0,0.0,0.0,0.0,0.3333333333333333,0.6666666666666666,0.0,1.0,0.0,0.0,0.0,0.5,0.0,1.0,0.5,0.0
CAG,0.5,0.7142857142857143,0.4,1.0,0.0,0.2,0.0,0.5,0.7142857142857143,0.0,0.2,0.21428571428571427,0.3333333333333333,1.0,0.625,0.0
CAK,0.0,0.3333333333333333,1.0,0.0,0.0,0.0,0.0,0.0,0.0,0.0,1.0,0.75,0.3333333333333333,0.0,1.0,0.5
CAL,0.0,0.0,0.0,0.0,0.0,0.0,0.0,0.0,0.0,0.0,0.0,0.0,0.0,0.0,0.0,0.0
CAM,0.0,0.5,0.0,0.0,0.5,0.5,0.0,0.0,0.0,0.0,0.0,0.0,0.0,0.5,0.0,0.0
CAR,1.0,0.8125,0.09090909090909091,0.0,0.0,0.3333333333333333,0.0,0.0,0.8125,0.09090909090909091,0.1111111111111111,0.0,0.3333333333333333,0.0,0.0,0.0
CAS,0.0,0.0,0.0,0.0,0.0,0.0,0.0,0.0,0.0,0.0,0.0,0.0,0.0,0.0,0.0,0.0
CAV,0.0,0.0,0.0,0.0,0.0,0.0,0.0,0.0,0.0,0.0,0.0,0.0,0.0,0.0,0.0,0.0
CCH,0.0,0.0,0.0,0.0,0.0,0.0,0.0,0.0,0.0,0.0,0.0,0.0,0.0,0.0,0.0,0.0
CCT,0.0,0.2857142857142857,0.0,1.0,0.0,0.0,0.2222222222222222,0.0,0.6666666666666666,0.0,0.6666666666666666,0.25,0.0,0.0,0.5555555555555556,0.0
CCY,0.6666666666666666,0.6,1.0,1.0,0.0,0.0,0.6666666666666666,0.0,1.0,0.3333333333333333,0.75,0.5,0.0,0.0,0.5454545454545454,1.0
CDA,0.0,0.0,0.0,0.0,0.0,0.0,0.0,0.0,0.0,0.0,0.0,0.0,0.0,0.0,0.0,0.0
CDF,0.0,0.0,0.0,0.0,0.0,0.0,0.0,0.0,0.0,0.0,0.0,0.0,0.0,0.0,0.0,0.0
CDK,1.0,1.0,0.0,1.0,1.0,0.0,0.0,1.0,0.5,1.0,1.0,1.0,1.0,0.0,0.6666666666666666,1.0
CDL,0.0,0.0,0.0,0.0,0.0,0.0,0.0,0.0,0.0,0.0,0.0,0.0,0.0,0.0,0.0,0.0
CDN,0.0,0.0,0.0,0.0,0.0,0.0,0.0,0.0,0.0,0.0,0.0,0.0,0.0,0.0,0.0,0.0
CDR,0.5,0.6666666666666666,0.0,0.0,0.0,1.0,1.0,0.3333333333333333,0.5,0.0,0.5,0.14285714285714285,0.0,1.0,0.0,0.0
CDS,0.0,0.5,0.0,0.0,0.0,0.5,0.5,1.0,1.0,0.0,0.6666666666666666,0.6666666666666666,0.0,0.0,0.6,0.4
CEC,0.0,0.0,0.0,0.0,0.0,0.0,0.0,0.0,0.0,0.0,0.0,0.0,0.0,0.0,0.0,0.0
CED,0.0,0.0,0.0,0.0,0.0,0.0,0.0,0.0,0.0,0.0,0.0,0.0,0.0,0.0,0.0,0.0
CEE,0.0,0.5,0.5,1.0,0.0,0.0,0.5,0.0,0.4,0.0,0.0,0.0,0.0,0.0,0.16666666666666666,0.0
CEG,0.75,0.2,0.25,0.0,0.0,0.0,1.0,0.25,0.25,0.5,0.045454545454545456,0.09090909090909091,0.25,0.0,0.08823529411764706,0.06666666666666667
CEK,0.0,0.0,0.0,0.0,0.0,0.0,0.0,0.0,0.0,0.0,0.0,0.0,0.0,0.0,0.0,0.0
CEL,0.0,0.5,0.6,0.0,0.2222222222222222,0.0,0.0,0.5,0.6666666666666666,0.0,0.0,0.75,0.6666666666666666,0.6666666666666666,0.0,1.0
CEN,0.0,0.0,0.0,0.0,0.0,0.0,0.0,0.0,0.0,0.0,0.0,0.0,0.0,0.0,0.0,0.0
CEP,0.0,0.0,0.0,0.0,0.0,0.0,0.0,0.0,0.0,0.0,0.0,0.0,0.0,0.0,0.0,0.0
CEQ,0.0,0.0,0.0,0.0,0.0,0.0,0.0,0.0,0.0,0.0,0.0,0.0,0.0,0.0,0.0,0.0
CFC,0.0,0.0,0.0,0.0,0.0,0.0,0.0,0.0,0.0,0.0,0.0,0.0,0.0,0.0,0.0,0.0
CFE,0.2857142857142857,0.0,0.5,0.3333333333333333,0.0,0.0,0.0,0.0,0.0,0.3333333333333333,0.0,0.0,0.5,0.0,0.0,0.3333333333333333
CFF,1.0,0.6666666666666666,0.0,0.0,1.0,1.0,1.0,1.0,1.0,0.0,1.0,1.0,0.0,1.0,1.0,0.0
CFQ,0.0,0.5,0.0,0.0,0.0,0.0,1.0,0.0,0.0,0.0,0.0,0.2857142857142857,0.0,0.0,0.0,0.5
CFT,0.0,0.0,0.0,0.0,0.0,0.0,0.0,0.0,0.0,0.0,0.0,0.0,0.0,0.0,0.0,0.0
CFV,0.0,0.0,0.0,0.0,0.0,0.0,0.0,0.0,0.0,0.0,0.0,0.0,0.0,0.0,0.0,0.0
CGA,0.0,0.0,0.0,0.0,0.0,0.0,0.0,0.0,0.0,0.0,0.0,0.0,0.0,0.0,0.0,0.0
CGD,0.0,0.0,0.0,0.0,0.0,0.0,0.0,0.0,0.0,0.0,0.0,0.0,0.0,0.0,0.0,0.0
CGG,0.0,0.0,0.6666666666666666,0.0,0.6666666666666666,0.0,0.0,0.0,0.0,0.0,0.0,0.0,0.0,0.0,0.0,0.0
CGI,1.0,0.0,0.6666666666666666,1.0,0.5,0.6666666666666666,1.0,0.0,1.0,1.0,0.8,0.5,0.0,0.0,0.75,0.0
CGK,0.0,0.0,0.0,0.0,0.0,0.0,0.0,0.0,0.0,0.0,0.0,0.0,0.0,0.0,0.0,0.0
CGL,0.0,0.0,0.5,0.0,1.0,0.0,1.0,0.0,0.5,0.5,0.25,0.5,0.0,1.0,0.0,0.0
CGM,0.0,0.0,0.0,0.0,0.0,0.0,0.0,0.0,0.0,0.0,0.0,0.0,0.0,0.0,0.0,0.0
CGR,0.0,0.0,0.0,0.0,0.0,0.0,0.0,0.0,0.0,0.0,0.0,0.0,0.0,0.0,0.0,0.0
CGS,0.0,0.0,0.0,0.0,0.0,0.0,0.0,0.0,0.0,0.0,0.0,0.0,0.0,0.0,0.0,0.0
CGT,0.0,0.0,0.0,0.0,0.0,0.0,0.0,0.0,0.0,0.0,0.0,0.0,0.0,0.0,0.0,0.0
CGV,0.0,0.0,0.0,0.0,0.0,0.0,0.0,0.0,0.0,0.0,0.0,0.0,0.0,0.0,0.0,0.0
CHD,0.0,0.0,0.0,0.0,0.0,0.0,0.0,0.0,0.0,0.0,0.0,0.0,0.0,0.0,0.0,0.0
CHL,0.0,0.5,0.0,0.0,0.0,0.0,1.0,0.0,0.0,0.0,1.0,0.0,0.0,0.0,0.0,0.0
CHQ,0.0,0.25,0.3333333333333333,0.0,0.5,0.0,1.0,0.0,0.2,1.0,1.0,0.0,0.0,0.0,0.0,0.0
CHY,1.0,0.0,0.3333333333333333,0.0,0.0,0.0,1.0,0.0,0.6666666666666666,0.0,0.6923076923076923,0.0,0.0,0.0,0.0,0.0
CIA,0.0,0.0,0.0,1.0,0.0,0.0,0.0,0.0,0.0,0.0,0.0,0.0,0.0,0.0,1.0,0.0
CIP,0.0,1.0,0.0,0.0,0.0,0.0,1.0,0.0,1.0,0.0,0.0,0.0,0.0,0.0,0.0,0.0
CIR,0.0,1.0,0.5,0.6666666666666666,1.0,1.0,0.6,1.0,0.8333333333333334,0.75,0.6,0.0,0.0,0.5,0.3333333333333333,0.5
CIS,0.0,0.0,0.0,0.0,1.0,0.0,0.0,0.0,0.0,0.0,0.0,0.0,0.0,0.0,0.0,0.0
CIY,0.0,0.0,1.0,0.0,1.0,0.3333333333333333,0.0,0.0,0.0,1.0,0.0,0.0,0.0,0.0,0.0,0.0
CKA,0.0,0.0,0.0,0.0,0.0,0.0,0.0,0.0,0.0,1.0,0.5,0.0,0.0,0.0,0.0,0.0
CKD,0.8571428571428571,0.8333333333333334,0.8,0.0,0.5,0.0,0.0,1.0,0.7142857142857143,0.5,0.16666666666666666,0.5555555555555556,0.0,0.0,0.8333333333333334,0.0
CKG,0.0,0.0,0.0,0.0,0.0,0.0,0.0,0.0,0.0,0.0,0.0,0.0,0.0,0.0,0.0,0.0
CKK,0.0,0.5,0.0,1.0,0.0,0.5,0.0,0.0,0.0,0.0,0.0,0.0,1.0,1.0,0.0,0.5
CKL,0.0,1.0,0.0,1.0,0.0,0.0,0.0,0.0,0.0,0.0,0.0,0.0,1.0,0.0,0.0,0.0
CKN,1.0,0.3333333333333333,0.0,0.0,0.0,0.0,1.0,0.0,0.2,0.5,1.0,0.5,1.0,0.0,0.0,0.0
CKR,1.0,1.0,1.0,0.6666666666666666,0.6666666666666666,0.5,0.3333333333333333,0.0,0.0,1.0,0.5,0.0,0.0,0.5,0.0,0.5
CKS,0.0,1.0,0.0,0.0,0.0,0.0,0.0,1.0,0.0,0.0,0.0,0.0,0.0,0.0,0.0,1.0
CKT,0.0,0.0,0.0,0.0,0.0,0.0,0.0,0.0,0.0,0.0,0.0,0.0,0.0,0.0,0.0,0.0
CKV,0.0,0.0,0.0,0.0,0.0,0.0,0.0,0.0,0.0,0.0,0.0,0.0,0.0,0.0,0.0,0.0
CLA,0.0,0.0,0.0,0.0,0.0,0.0,0.0,0.0,0.0,0.0,0.0,0.0,0.0,0.0,0.0,0.0
CLC,0.0,0.0,0.0,0.0,0.0,0.0,0.0,0.0,0.0,0.0,0.0,0.0,0.0,0.0,0.0,0.0
CLD,0.0,1.0,0.0,1.0,0.3333333333333333,0.0,0.0,0.0,0.0,0.0,0.0,0.0,1.0,0.0,0.0,0.0
CLG,0.0,0.0,0.0,0.0,0.0,0.0,0.0,0.0,0.0,0.0,0.0,0.0,0.0,0.0,0.0,0.0
CLK,0.0,0.0,0.0,0.0,0.0,0.0,0.0,0.0,0.0,0.0,0.0,0.0,0.0,0.0,0.0,0.0
CLL,0.0,0.0,0.3333333333333333,0.0,0.0,0.0,0.0,0.0,0.0,0.0,0.0,0.2857142857142857,0.42857142857142855,0.0,0.0,0.2
CLN,0.3333333333333333,0.0,0.5,0.0,1.0,0.0,0.0,0.0,0.0,0.0,0.0,0.0,0.0,0.0,0.0,0.0
CLP,1.0,0.4,0.0,0.0,0.6666666666666666,0.0,0.0,0.0,0.0,0.0,0.13636363636363635,0.13793103448275862,0.5,0.0,0.25,0.0
CLR,0.0,1.0,1.0,1.0,0.75,0.75,0.0,1.0,1.0,1.0,1.0,0.0,1.0,1.0,0.0,0.0
CLS,0.0,0.0,0.0,0.0,0.0,0.0,0.0,0.0,0.0,0.0,0.0,0.0,0.0,0.0,0.0,0.0
CLV,0.0,0.0,0.0,1.0,0.0,0.0,0.0,0.0,0.0,0.0,0.0,0.0,0.0,0.3333333333333333,0.0,0.5
CLY,0.0,1.0,0.4,1.0,1.0,1.0,0.0,1.0,0.0,0.6666666666666666,0.0,0.0,0.6666666666666666,0.0,0.0,1.0
CMG,0.0,0.0,0.0,0.0,0.0,0.0,0.0,0.0,0.0,0.0,0.0,0.0,0.0,0.0,0.0,0.0
CMI,0.0,0.0,0.0,0.0,0.0,0.0,0.0,0.0,0.0,0.0,0.0,0.0,0.0,0.0,0.0,0.0
CML,0.0,1.0,0.0,0.0,0.0,0.0,1.0,0.0,0.0,0.0,0.0,0.0,0.0,0.0,0.0,0.0
CMS,0.0,1.0,0.0,0.0,0.0,0.0,0.0,0.0,0.0,0.0,0.0,0.0,1.0,0.0,0.0,0.0
CND,0.0,0.5,0.0,0.0,0.0,0.0,0.0,1.0,0.0,0.0,0.0,0.0,0.25,0.0,0.0,0.0
CNG,1.0,0.5714285714285714,0.0,0.0,1.0,1.0,0.5,0.0,0.0,0.0,1.0,0.0,0.0,0.0,0.0,0.0
CNI,0.0,0.3333333333333333,0.0,1.0,0.0,1.0,1.0,0.0,0.0,1.0,0.0,0.5,0.5,0.0,0.0,0.0
CNK,1.0,0.0,0.0,0.0,0.0,0.0,0.5,0.0,0.0,0.0,0.0,0.3333333333333333,0.3333333333333333,0.0,0.0,0.25
CNL,0.0,0.0,0.0,0.0,0.5,0.0,0.0,0.0,0.0,0.0,0.5714285714285714,1.0,0.0,0.0,0.4,1.0
CNQ,0.0,0.0,0.0,0.0,0.0,0.0,0.0,0.0,0.0,0.0,0.0,0.0,0.0,0.0,0.0,0.0
CNS,0.0,0.0,0.0,0.0,0.0,0.0,0.0,0.0,0.0,0.0,0.0,0.0,0.0,0.0,0.0,0.0
CNY,0.0,0.0,0.0,0.0,0.0,0.0,0.0,0.0,0.0,0.0,0.0,0.0,0.0,0.0,0.0,0.0
CPA,0.0,0.0,0.0,0.0,0.0,0.0,0.0,0.0,0.0,0.0,0.0,0.0,0.0,0.0,0.0,0.0
CPF,0.0,0.3333333333333333,0.0,0.0,0.0,0.0,0.0,0.0,0.0,0.0,0.0,0.0,1.0,0.0,0.0,0.0
CPG,0.0,0.3333333333333333,0.6666666666666666,0.0,0.5,0.0,0.0,0.0,0.5,0.0,0.0,0.0,0.0,0.0,0.0,0.0
CPK,0.0,0.3333333333333333,0.0,0.0,0.0,0.0,0.25,0.0,0.0,0.0,0.3333333333333333,0.0,0.0,0.0,0.0,0.0
CPN,0.0,0.0,0.0,0.0,0.0,0.0,0.0,0.0,0.0,0.0,0.0,0.0,0.0,0.0,0.0,0.0
CPR,0.0,0.0,0.0,0.0,0.0,0.0,0.0,0.0,0.0,0.0,0.0,0.0,0.0,0.0,0.0,0.0
CPS,0.0,1.0,0.6666666666666666,0.0,0.0,0.0,1.0,0.0,1.0,0.0,0.0,0.0,0.0,0.0,0.0,0.0
CPW,0.0,0.0,0.0,0.0,0.0,0.0,0.0,0.0,0.0,0.0,0.0,0.0,0.0,0.0,0.0,0.0
CQD,0.0,0.0,0.6666666666666666,0.0,0.0,0.0,0.0,0.0,0.6666666666666666,0.0,0.0,0.0,0.0,0.0,0.0,0.0
CQE,0.0,0.0,0.0,0.0,0.0,0.0,0.0,0.0,0.0,0.0,0.0,0.0,0.0,0.0,0.0,0.0
CQG,0.0,0.5,0.0,0.0,1.0,0.2,0.0,0.25,1.0,0.0,1.0,0.0,0.0,0.0,0.0,0.0
CQI,0.0,0.0,0.0,0.0,0.0,0.0,0.0,0.0,0.0,0.0,1.0,1.0,0.0,0.0,1.0,0.0
CQK,0.0,0.0,0.0,0.0,0.0,0.0,0.0,0.0,0.0,0.0,0.0,0.0,0.0,0.0,0.0,0.0
CQQ,1.0,0.75,0.6,0.0,0.4,0.0,0.0,1.0,1.0,0.0,0.0,0.875,0.0,0.0,0.6666666666666666,0.0
CQV,0.0,0.0,0.0,0.0,0.0,0.0,0.0,0.0,0.0,0.0,0.0,0.0,0.0,0.0,0.0,0.0
CQW,0.0,0.0,0.0,0.0,0.0,0.0,0.0,0.0,0.0,0.0,0.0,0.0,0.0,0.0,0.0,0.0
CRA,0.0,0.0,0.0,0.0,0.0,0.0,0.0,0.0,0.0,0.0,0.0,0.0,0.0,0.0,0.0,0.0
CRC,0.0,0.0,0.0,0.0,0.0,0.0,0.0,0.0,0.0,0.0,0.0,0.0,0.0,0.0,0.0,0.0
CRD,0.0,0.5,0.3333333333333333,0.0,0.0,0.0,1.0,0.14285714285714285,0.25,0.0,0.25,0.16666666666666666,0.0,0.0,0.2,0.18181818181818182
CRG,0.0,1.0,0.0,0.0,0.0,0.0,0.0,1.0,0.3333333333333333,0.0,0.0,1.0,0.0,0.0,0.42857142857142855,0.4
CRK,0.5,1.0,1.0,0.0,0.5,0.0,0.0,0.0,0.5,1.0,0.6666666666666666,0.0,1.0,0.0,0.0,0.0
CRL,0.0,1.0,0.8888888888888888,0.0,0.6666666666666666,0.0,0.0,0.8,0.8,0.0,0.0,1.0,1.0,1.0,0.0,1.0
CRN,0.0,0.0,0.0,0.0,0.0,0.0,0.0,0.0,0.0,0.0,0.0,0.0,0.0,0.0,0.0,0.0
CRS,1.0,0.0,1.0,0.0,0.0,0.0,0.0,0.0,1.0,0.6666666666666666,0.0,0.0,0.0,0.0,0.0,0.0
CSA,0.0,0.0,0.0,0.0,0.0,0.0,0.0,0.0,0.0,0.0,0.0,0.0,0.0,0.0,0.0,0.0
CSC,0.0,0.0,0.0,0.0,0.0,0.0,0.0,0.0,0.0,0.0,0.0,0.0,0.0,0.0,0.0,0.0
CSF,0.0,0.0,0.0,1.0,0.0,0.0,0.0,0.0,1.0,0.0,0.0,0.0,0.0,0.0,1.0,1.0
CSG,0.0,0.0,0.0,0.0,0.0,0.0,0.0,0.0,0.0,0.0,0.0,0.0,0.0,0.0,0.0,0.0
CSH,0.0,0.0,0.5,0.0,1.0,0.0,0.0,0.0,0.0,1.0,0.5,0.0,0.0,0.0,0.0,0.0
CSL,1.0,0.0,0.5,0.0,0.0,0.0,0.0,0.0,0.5,0.0,0.0,0.0,0.0,0.0,0.0,0.0
CSN,0.0,0.0,0.0,0.0,0.0,0.0,0.0,0.0,0.0,0.0,0.0,0.0,0.0,0.0,0.0,0.0
CSR,0.8,0.0,0.8,0.0,0.0,0.0,1.0,0.0,0.6666666666666666,0.6666666666666666,0.0,0.0,0.0,0.0,0.0,0.0
CST,0.0,0.0,0.0,0.0,0.0,0.0,0.0,0.0,0.0,0.0,0.0,0.0,0.0,0.0,0.0,0.0
CSV,0.0,0.46153846153846156,0.125,0.0,0.4166666666666667,0.6666666666666666,0.2857142857142857,1.0,0.0,0.0,0.1,0.0,0.0,0.42857142857142855,0.0,0.0
CTE,0.0,0.0,0.0,0.0,0.0,0.0,0.0,0.0,0.16666666666666666,0.0,0.0,0.0,0.0,0.0,0.0,0.0
CTG,0.0,0.0,0.0,0.0,0.0,0.0,0.0,0.0,0.0,0.0,0.0,0.0,0.0,0.0,0.0,0.0
CTI,0.0,0.3333333333333333,0.0,1.0,0.0,0.0,0.2222222222222222,0.0,0.5714285714285714,0.0,0.0,0.0,0.0,0.0,0.3333333333333333,0.0
CTK,0.0,0.0,0.0,0.0,0.0,0.0,0.0,0.0,0.0,0.0,0.0,0.0,0.0,0.0,0.0,0.0
CTL,0.5,1.0,1.0,1.0,0.75,1.0,0.0,0.0,0.0,0.0,0.6,1.0,1.0,0.0,0.0,0.0
CTN,0.0,0.0,0.0,0.0,0.0,0.0,0.0,0.0,0.0,0.0,0.0,0.0,0.0,0.0,0.0,0.0
CTP,1.0,0.0,0.0,0.0,0.0,0.0,0.0,0.0,0.0,0.0,0.0,0.0,0.0,0.0,0.0,0.0
CTT,0.0,0.0,0.0,0.0,0.0,1.0,1.0,1.0,0.0,0.0,0.0,0.5,0.0,0.0,0.3333333333333333,0.5
CTV,0.0,0.5,0.0,0.0,0.0,0.0,0.5,0.0,0.0,0.0,1.0,0.0,0.0,0.0,0.0,0.0
CTY,0.0,0.0,0.0,0.0,0.0,0.0,0.0,1.0,0.0,0.0,0.0,0.0,0.0,1.0,0.0,0.0
CVA,0.0,0.0,0.0,0.0,0.0,0.0,0.0,0.0,0.0,0.0,0.0,0.0,0.0,0.0,0.0,0.0
CVC,0.0,0.0,0.0,0.0,0.0,0.0,1.0,1.0,0.0,0.0,0.0,0.6,0.0,0.0,1.0,0.75
CVE,0.0,0.0,0.0,0.0,0.0,0.0,0.0,0.0,0.0,0.0,0.0,0.6666666666666666,0.6666666666666666,0.0,0.0,1.0
CVI,0.0,0.0,0.0,0.0,0.0,0.0,0.0,0.0,0.0,0.0,0.0,0.0,0.0,0.0,0.0,0.0
CVL,0.0,0.0,0.0,0.0,0.0,0.0,0.0,1.0,0.0,0.0,0.0,1.0,0.0,0.0,0.5,0.6666666666666666
CVN,0.0,0.0,0.0,0.0,0.0,0.0,0.0,0.0,0.0,0.0,0.0,0.0,0.0,0.0,0.0,0.0
CVS,0.0,0.0,0.0,0.0,0.0,0.0,0.0,0.0,0.0,0.0,0.0,0.0,0.0,0.0,0.0,0.0
CVT,0.0,0.0,0.0,0.0,0.0,0.0,0.0,0.0,0.0,0.0,0.0,0.0,0.0,0.0,0.0,0.0
CWT,0.0,0.0,0.0,0.0,0.0,0.0,0.0,0.0,0.0,0.0,0.0,0.0,0.0,0.0,0.0,0.0
CYD,1.0,0.8333333333333334,0.8,1.0,0.0,0.0,0.8333333333333334,0.0,0.9230769230769231,0.0,0.9166666666666666,1.0,0.0,0.0,1.0,1.0
CYF,1.0,1.0,0.0,0.0,1.0,1.0,1.0,0.0,0.5714285714285714,0.0,1.0,0.0,0.0,0.0,0.0,0.0
CYG,0.0,0.0,0.0,0.0,0.0,0.0,0.0,0.0,0.0,0.0,0.0,0.0,0.0,0.0,0.0,0.0
CYL,0.0,0.0,0.0,0.0,0.0,0.0,0.0,0.0,0.0,0.0,0.0,0.0,0.0,0.0,0.0,0.0
CYN,0.0,0.0,0.0,0.0,0.0,0.0,0.0,0.0,0.0,0.0,0.0,0.3333333333333333,0.0,0.0,0.3333333333333333,0.0
CYT,0.0,0.0,0.0,0.0,0.0,0.0,0.0,0.0,0.0,0.0,0.0,0.0,0.0,0.0,0.0,0.0
DAC,0.0,0.0,0.0,0.0,0.0,0.0,0.0,0.0,0.0,0.0,0.0,0.0,0.0,0.0,0.0,0.0
DAD,0.0,0.0,1.0,1.0,0.0,0.0,0.0,1.0,0.6,0.0,0.0,0.0,0.0,0.5,0.5,0.0
DAE,0.0,0.0,0.0,0.0,0.0,0.0,0.0,0.0,0.0,0.0,0.5217391304347826,0.6363636363636364,0.0,0.0,0.6923076923076923,0.6666666666666666
DAF,0.0,0.5,0.0,0.0,0.0,0.0,0.0,0.0,0.5,0.0,0.0,0.0,0.0,0.0,0.0,0.0
DAG,0.0,0.0,0.0,0.0,0.0,0.0,0.0,0.0,0.0,0.0,0.0,0.0,0.0,0.0,0.0,0.0
DAI,0.0,0.0,0.0,0.0,0.0,0.0,0.0,0.0,0.0,0.0,0.0,0.0,0.0,0.0,0.0,0.0
DAK,0.0,0.0,1.0,0.0,0.0,0.0,0.0,0.0,1.0,0.0,1.0,0.0,0.0,0.0,0.0,0.0
DAL,0.5,0.0,0.42857142857142855,0.4,1.0,0.0,0.0,0.75,1.0,0.0,0.0,0.0,1.0,1.0,0.0,1.0
DAN,0.0,0.0,0.0,0.0,0.0,0.0,0.0,0.0,0.0,0.0,0.0,0.0,0.0,0.0,0.0,0.0
DAQ,0.0,0.0,0.0,0.0,0.0,0.0,0.0,0.0,0.0,0.0,0.0,1.0,0.0,1.0,0.0,1.0
DAR,0.0,0.0,0.0,1.0,0.0,1.0,0.0,1.0,1.0,0.0,0.0,0.0,1.0,1.0,0.0,1.0
DAS,0.0,0.0,0.0,0.0,0.0,0.0,0.0,0.0,0.0,0.0,0.0,0.0,0.0,0.0,0.0,0.0
DAT,0.0,1.0,0.5,0.5,0.5,0.0,0.0,1.0,0.5,0.0,0.0,0.0,1.0,0.0,0.0,1.0
DAV,0.0,0.0,0.0,0.0,0.0,0.0,0.0,0.0,0.0,0.0,0.0,0.0,0.0,0.0,0.0,0.0
DAY,0.0,1.0,0.0,0.5,0.0,0.7468354430379747,0.21428571428571427,0.0,0.2857142857142857,1.0,0.6923076923076923,0.0,1.0,1.0,1.0,0.18181818181818182
DCC,0.0,0.0,0.0,0.0,0.0,0.0,0.0,0.0,0.0,0.0,0.0,0.0,0.0,0.0,0.0,0.0
DCE,0.0,0.0,0.0,0.0,0.0,0.0,0.0,0.0,0.0,0.0,0.0,0.0,0.0,0.0,0.0,0.0
DCG,0.0,0.0,0.0,0.0,0.0,0.0,0.0,0.0,0.0,0.0,0.0,0.0,0.0,0.0,0.0,0.0
DCM,0.0,0.0,0.0,1.0,0.0,0.0,0.0,0.0,0.0,0.0,0.0,0.0,0.0,0.0,1.0,0.0
DCP,0.0,1.0,0.0,0.0,0.0,0.0,0.0,0.0,0.0,0.0,0.0,0.0,1.0,0.0,0.0,0.0
DCR,0.0,0.0,0.0,0.0,0.0,0.0,0.0,0.0,0.0,0.0,0.0,0.0,0.0,0.0,0.0,0.0
DCT,0.75,0.0,0.0,0.0,0.0,0.0,0.0,0.0,0.0,0.0,0.0,0.0,0.0,0.0,0.0,0.0
DDA,0.0,0.0,1.0,0.0,0.0,0.0,0.0,0.0,1.0,0.0,1.0,0.0,0.0,0.0,0.0,0.0
DDD,0.0,0.0,0.0,0.0,0.0,0.0,0.0,0.0,0.0,0.0,0.0,0.0,0.0,0.0,0.0,0.0
DDF,0.0,0.0,0.0,0.0,0.0,0.0,0.0,0.0,0.0,0.0,0.0,0.0,0.0,0.0,0.0,0.0
DDG,0.0,0.0,0.0,0.0,0.0,0.0,0.0,0.0,0.0,0.0,0.0,0.0,0.0,0.0,0.0,0.0
DDI,1.0,0.0,0.0,1.0,1.0,0.0,0.0,0.0,1.0,0.0,0.3333333333333333,0.0,0.0,0.0,0.5,0.6
DDK,0.0,0.0,0.0,0.0,0.0,0.0,0.5,0.0,0.0,0.0,0.0,1.0,0.0,1.0,1.0,0.0
DDL,0.13333333333333333,0.8,0.2727272727272727,0.6428571428571429,0.6666666666666666,0.6493506493506493,0.4166666666666667,0.16666666666666666,0.43478260869565216,0.8125,0.7204301075268817,0.625,0.625,0.5,0.8823529411764706,0.8888888888888888
DDN,0.0,0.0,0.0,0.0,0.0,0.0,0.0,0.0,0.0,0.0,0.0,0.0,0.0,0.0,0.0,0.0
DDP,0.0,0.0,0.0,0.0,0.0,0.0,0.0,0.0,0.0,0.0,0.0,0.0,0.0,0.0,0.0,0.0
DDQ,1.0,0.0,0.0,0.0,0.0,0.0,0.0,0.0,0.5,0.0,0.0,0.0,0.0,0.0,0.0,0.0
DDR,0.0,0.0,0.0,0.0,0.0,0.0,0.0,0.0,0.0,0.0,0.0,0.0,0.0,0.0,0.0,0.0
DDT,0.0,0.0,1.0,0.0,1.0,0.3333333333333333,0.0,0.0,0.0,1.0,0.0,0.0,0.0,0.0,0.0,0.0
DDV,0.0,0.0,0.0,0.0,0.0,0.0,0.0,0.0,0.0,0.0,0.0,0.0,0.0,0.0,0.0,0.0
DEA,0.0,0.0,0.0,0.0,0.0,0.0,0.0,0.0,0.0,0.0,0.0,0.0,0.0,0.0,0.0,0.0
DED,0.125,0.0,0.25,0.0,0.0,0.024390243902439025,0.5,0.0,0.0,0.3333333333333333,0.04,0.0,0.0,0.3333333333333333,0.0,0.0
DEE,0.0,0.0,0.0,0.0,0.0,0.0,0.0,0.0,0.0,0.0,0.0,0.0,0.0,0.0,0.0,0.0
DEG,0.3333333333333333,0.0,0.0,0.0,0.0,0.0,0.0,0.0,1.0,0.0,0.0,0.0,0.0,0.0,0.0,0.0
DEH,0.0,1.0,0.0,0.0,0.0,0.0,0.0,0.0,0.0,0.0,0.0,0.0,1.0,0.0,0.0,0.0
DEI,0.0,0.0,0.0,0.0,0.0,0.0,0.0,0.0,0.0,0.0,0.0,0.0,0.0,0.0,0.0,0.0
DEL,0.7272727272727273,0.25,0.46153846153846156,0.0,0.3333333333333333,0.4444444444444444,0.0,0.6666666666666666,0.5714285714285714,0.6666666666666666,0.07692307692307693,0.1,0.5454545454545454,0.0,0.8333333333333334,0.0
DEM,0.0,0.0,0.0,0.0,0.0,0.0,0.0,0.0,0.0,0.0,0.0,0.0,0.0,0.0,0.0,0.0
DEP,0.0,0.0,0.0,0.0,0.0,0.0,0.0,0.0,0.0,0.0,0.0,0.0,0.0,0.0,0.0,0.0
DER,0.0,0.0,0.0,0.0,0.0,0.0,0.0,0.0,0.0,0.0,0.0,0.0,0.0,0.0,0.0,0.0
DES,0.0,0.0,0.5,0.0,0.0,0.0,0.0,0.0,0.0,1.0,0.0,0.0,0.0,0.0,0.0,0.0
DET,0.0,0.0,0.0,0.0,0.0,0.0,0.0,0.0,0.0,0.0,0.0,0.0,0.0,0.0,0.0,0.0
DEV,0.0,1.0,0.0,1.0,0.6666666666666666,1.0,0.6,1.0,0.0,1.0,0.6666666666666666,0.0,1.0,0.6666666666666666,0.0,1.0
DFA,0.0,0.0,0.0,0.0,0.0,0.0,0.0,0.0,0.0,0.0,0.0,0.0,0.0,0.0,0.0,0.0
DFD,0.0,0.0,0.6666666666666666,0.0,1.0,0.9090909090909091,0.75,1.0,0.0,0.6666666666666666,0.0,1.0,0.0,0.6666666666666666,0.0,0.0
DFE,1.0,0.0,0.0,1.0,0.0,0.0,0.0,0.3333333333333333,0.0,0.0,0.0,0.0,0.0,0.5,0.0,0.0
DFF,1.0,0.0,0.0,0.0,0.0,0.5,1.0,0.0,0.5,0.0,0.0,0.5,0.0,0.0,1.0,1.0
DFG,0.0,0.0,0.0,0.0,0.0,0.0,0.0,0.0,0.0,0.0,0.0,0.0,0.0,0.0,0.0,0.0
DFH,1.0,0.0,0.5,0.0,1.0,0.0,1.0,0.0,0.5,1.0,0.5,0.0,0.0,0.0,0.0,0.0
DFK,0.0,0.0,0.0,0.0,0.0,0.0,0.0,0.0,0.0,0.0,0.0,0.0,0.0,0.0,0.0,0.0
DFL,0.0,0.0,0.0,0.0,0.0,0.0,0.0,0.0,0.0,0.0,0.0,0.0,0.0,0.0,0.0,0.0
DFQ,0.0,0.0,1.0,0.0,0.0,0.0,0.0,0.0,0.0,0.0,1.0,0.0,0.0,0.0,0.0,0.0
DFR,0.2222222222222222,0.6,0.5,0.6111111111111112,0.0,0.33793103448275863,0.20454545454545456,0.07692307692307693,0.19444444444444445,0.4230769230769231,0.30158730158730157,0.0,0.7727272727272727,0.391304347826087,0.19047619047619047,0.13043478260869565
DFS,0.5,0.5,1.0,0.0,1.0,1.0,0.0,1.0,0.0,0.0,0.6666666666666666,0.3333333333333333,0.0,1.0,1.0,0.3333333333333333
DFT,0.0,0.0,0.3333333333333333,0.0,0.21428571428571427,0.375,0.0,0.5,0.0,0.14285714285714285,0.0,0.2,0.0,0.0,0.2857142857142857,0.0
DFW,0.72,0.5714285714285714,0.7142857142857143,0.4,0.0,0.8181818181818182,0.2727272727272727,0.0,0.7619047619047619,0.3157894736842105,0.0,0.0,0.0,0.3333333333333333,0.0,0.0
DFY,0.0,0.0,0.0,0.0,0.0,0.0,0.0,0.0,0.0,0.0,0.0,0.0,0.0,0.0,0.0,0.0
DGA,0.1111111111111111,0.8333333333333334,0.75,0.4,0.8846153846153846,0.0,0.2,1.0,0.6875,0.6666666666666666,0.45454545454545453,0.18181818181818182,1.0,0.0,0.7692307692307693,1.0
DGC,0.0,0.0,0.0,0.0,0.0,0.0,0.0,0.0,0.0,0.0,0.0,0.25,0.0,0.0,0.0,0.5
DGD,0.0,0.0,0.0,0.0,0.0,0.0,1.0,1.0,0.0,0.0,0.0,0.5,0.0,1.0,0.5,0.0
DGF,1.0,1.0,0.0,0.0,1.0,1.0,0.0,0.0,0.0,0.0,0.0,0.0,0.0,0.0,0.0,0.0
DGG,0.0,0.0,1.0,1.0,1.0,0.0,0.0,0.0,0.5,0.0,1.0,0.5,0.0,1.0,0.0,0.5
DGI,1.0,0.25,0.6666666666666666,0.8,0.0,0.0,0.75,0.0,0.5,0.0,0.4,0.75,1.0,0.4,0.4,1.0
DGK,0.0,0.2,0.75,1.0,0.6666666666666666,0.5,0.5,0.2,0.5,0.5,0.2,0.2857142857142857,0.4,0.6,0.16666666666666666,0.75
DGL,0.0,0.0,1.0,0.0,0.5,0.0,0.0,0.0,1.0,0.0,1.0,0.0,0.0,0.0,0.0,0.0
DGN,0.0,0.0,0.0,0.0,0.0,0.0,0.0,0.0,0.0,0.0,0.0,0.0,0.0,0.0,0.0,0.0
DGP,0.25,0.25,0.0,0.5,0.0,0.05555555555555555,0.0,0.0,0.14285714285714285,0.0,0.0,0.0,0.2857142857142857,0.2,0.0,0.2
DGQ,0.0,0.0,0.0,0.0,0.0,0.0,0.0,0.0,0.0,0.0,0.0,0.0,0.0,0.0,0.0,0.0
DGR,1.0,0.0,1.0,0.0,0.0,0.0,0.0,0.0,1.0,0.0,0.0,0.5,0.3333333333333333,0.0,1.0,0.0
DGS,0.16666666666666666,0.6363636363636364,0.6666666666666666,0.0,0.625,0.35714285714285715,0.2857142857142857,0.5,0.4166666666666667,0.42857142857142855,0.7,0.5,0.0,0.6666666666666666,0.625,0.0
DGV,0.0,0.0,0.0,0.0,0.0,0.0,0.0,0.0,0.0,0.0,0.0,0.0,0.0,0.0,0.0,0.0
DGW,0.0,0.0,0.0,0.0,0.0,0.0,0.0,0.0,0.0,0.0,0.0,0.0,0.0,0.0,0.0,0.0
DHF,0.0,0.0,0.0,0.0,0.0,0.0,1.0,0.0,0.0,0.0,0.0,0.0,0.0,1.0,0.0,0.0
DHG,0.6666666666666666,0.5,0.0,0.0,1.0,0.6666666666666666,0.0,0.0,0.5,0.0,0.3333333333333333,0.0,0.0,0.0,0.0,0.0
DHI,1.0,0.3333333333333333,1.0,0.0,1.0,0.0,0.25,0.0,0.5,0.0,0.0,0.0,0.0,0.3333333333333333,0.0,0.0
DHL,0.5,0.0,0.5,0.0,0.0,0.5,0.25,0.0,0.0,0.0,0.0,0.16666666666666666,0.0,0.5,0.0,0.0
DIA,0.5714285714285714,0.8,0.4166666666666667,1.0,0.5,0.8571428571428571,0.6,0.14285714285714285,0.16666666666666666,0.6363636363636364,0.42105263157894735,0.2916666666666667,1.0,0.0,0.47058823529411764,0.25
DIC,0.0,0.0,0.0,0.0,0.0,0.0,0.0,0.0,0.0,0.0,0.0,0.0,0.0,0.0,0.0,0.0
DID,0.0,0.6666666666666666,0.8333333333333334,0.0,0.2857142857142857,0.8571428571428571,0.2,0.0,1.0,0.25,0.0,0.125,0.0,0.0,0.6666666666666666,1.0
DIE,1.0,0.0,1.0,0.0,0.5,0.5,0.0,0.5,0.3333333333333333,0.0,0.0,0.0,1.0,0.3333333333333333,0.0,0.0
DIF,0.0,0.0,0.0,0.0,0.0,0.0,0.0,0.0,0.0,0.0,0.0,0.0,0.0,0.0,0.0,0.0
DII,0.0,0.4,0.0,0.0,0.3333333333333333,0.6666666666666666,0.0,0.4,0.0,0.3333333333333333,0.0,0.0,0.0,0.4,0.0,0.0
DIK,0.0,0.0,0.6666666666666666,1.0,1.0,1.0,1.0,0.0,0.0,1.0,0.6363636363636364,0.5,1.0,0.0,0.4,0.42857142857142855
DIL,0.0,0.45454545454545453,0.14285714285714285,0.0,0.8333333333333334,0.5,0.09090909090909091,0.8333333333333334,0.1111111111111111,0.6,0.0,0.0,0.0,1.0,1.0,0.0
DIM,0.0,0.0,0.0,0.0,0.0,0.0,0.0,0.0,0.0,0.0,0.0,0.0,0.0,0.0,0.0,0.0
DIP,0.0,0.0,0.5,0.0,0.0,0.0,0.0,0.0,0.0,1.0,0.0,0.5,1.0,0.0,0.0,0.0
DIQ,0.9210526315789473,0.36363636363636365,0.9,0.25,0.17647058823529413,0.7684210526315789,0.0,0.8666666666666667,0.16666666666666666,0.0,0.96,0.4,0.0,0.8888888888888888,0.25806451612903225,0.75
DIR,0.0,0.6666666666666666,1.0,0.0,1.0,1.0,0.8333333333333334,0.0,1.0,0.0,0.0,1.0,0.0,1.0,0.0,0.0
DIS,0.0,0.0,0.0,0.0,0.0,0.0,0.0,0.0,0.0,0.0,0.0,0.0,0.0,0.0,0.0,0.0
DIT,1.0,1.0,0.6666666666666666,0.0,0.0,0.0,0.0,0.5,0.5,0.0,1.0,1.0,1.0,0.0,0.0,0.8333333333333334
DIV,0.5,0.2,1.0,1.0,0.3333333333333333,0.021739130434782608,0.3333333333333333,0.0,1.0,0.0,0.030303030303030304,1.0,0.2857142857142857,0.0,1.0,0.0
DKA,0.0,0.0,0.0,0.0,0.0,0.0,0.0,0.0,0.0,0.0,0.0,0.0,0.0,0.0,0.0,0.0
DKD,0.0,0.0,0.0,0.0,0.0,0.25,0.0,0.5,0.0,0.0,0.0,0.0,0.0,0.2,0.0,0.0
DKE,1.0,0.5,0.6666666666666666,0.6666666666666666,1.0,0.75,1.0,0.6666666666666666,1.0,1.0,1.0,1.0,0.8,0.0,1.0,0.0
DKF,0.0,0.0,0.0,0.0,0.0,0.0,0.0,0.0,0.0,0.0,0.0,0.0,0.0,0.0,0.0,0.0
DKH,0.0,0.0,0.0,0.0,0.0,0.0,0.0,0.0,0.0,0.0,0.25,0.0,0.0,0.0,0.0,0.0
DKI,1.0,0.875,1.0,1.0,0.8888888888888888,0.875,0.5,1.0,0.9333333333333333,1.0,0.0,0.7142857142857143,0.8888888888888888,1.0,1.0,1.0
DKK,0.0,0.3333333333333333,0.0,0.5,1.0,0.0,0.0,0.0,1.0,1.0,0.5,0.0,0.5,0.0,0.0,0.0
DKL,0.0,0.25,0.0,0.0,0.0,0.0,0.0,1.0,0.0,0.0,0.0,0.0,1.0,0.0,0.0,0.9523809523809523
DKM,0.0,0.0,0.0,0.0,0.0,0.0,1.0,0.0,0.0,0.0,0.0,1.0,0.0,1.0,1.0,0.0
DKN,0.0,0.0,0.4,0.0,0.0,0.0,0.0,0.0,0.0,0.0,0.0,0.2,0.6,0.0,0.0,0.09090909090909091
DKP,0.3333333333333333,0.4,0.0,1.0,1.0,0.16666666666666666,0.3333333333333333,0.0,0.5714285714285714,0.625,0.0,0.0,0.0,0.0,1.0,1.0
DKQ,1.0,0.0,0.7142857142857143,1.0,0.3333333333333333,0.3333333333333333,0.4,0.0,0.0,0.0,0.8,1.0,0.8571428571428571,0.75,1.0,0.8888888888888888
DKR,0.0,0.0,0.0,0.0,0.0,0.0,0.0,0.0,0.0,0.0,0.0,0.0,0.0,0.0,0.0,0.0
DKS,0.0,1.0,0.0,0.0,1.0,0.5681818181818182,0.0,1.0,0.0,0.8275862068965517,0.0,0.0,0.0,0.0,0.25,0.375
DKT,0.0,0.0,0.0,0.0,0.0,0.0,1.0,0.0,0.0,0.0,0.21052631578947367,0.5384615384615384,0.0,0.0,0.05263157894736842,0.8571428571428571
DKV,0.3333333333333333,0.75,0.5,1.0,1.0,1.0,0.0,0.5,0.6666666666666666,1.0,0.5,0.5,0.6666666666666666,0.0,0.75,0.6666666666666666
DKW,0.0,0.0,0.0,0.0,0.0,0.2727272727272727,0.0,0.0,0.0,0.6,0.84,0.0,0.0,0.0,0.0,0.0
DLA,0.0,0.0,0.0,1.0,0.5,0.0,0.0,0.0,0.0,0.0,0.25,0.6666666666666666,0.3333333333333333,0.25,0.0,0.0
DLD,0.0,0.0,0.0,0.0,0.0,0.0,0.0,0.0,0.0,0.0,0.0,0.0,0.0,0.0,0.0,0.0
DLE,0.0,0.0,1.0,0.0,0.0,0.0,0.0,0.0,0.6,0.0,0.03571428571428571,0.0,0.0,0.0,0.5,0.0
DLF,0.0,0.0,0.0,0.0,0.0,0.0,0.0,0.0,0.0,0.0,0.0,0.0,0.0,0.0,0.0,0.0
DLG,0.0,1.0,0.0,1.0,1.0,1.0,1.0,0.0,0.0,0.0,0.5,0.0,1.0,0.0,0.0,0.0
DLH,0.0,0.6666666666666666,0.0,1.0,0.3333333333333333,0.0,0.6666666666666666,0.0,0.0,0.0,0.6666666666666666,1.0,1.0,0.0,0.0,0.0
DLI,0.0,0.0,0.0,0.0,0.0,0.0,0.0,0.7272727272727273,0.0,0.8275862068965517,0.0,1.0,0.0,0.0,0.8571428571428571,0.1
DLK,0.0,0.5,0.3333333333333333,0.3333333333333333,0.2,0.3333333333333333,0.3333333333333333,0.0,0.3333333333333333,0.0,0.3333333333333333,0.2,0.5,0.0,0.6666666666666666,0.75
DLL,0.3333333333333333,0.2,0.22727272727272727,0.75,0.125,0.2222222222222222,0.14285714285714285,0.5,0.5,0.6,0.15384615384615385,0.4634146341463415,0.5,0.0,0.5102040816326531,0.64
DLM,0.0,0.5,0.0,0.0,0.0,0.0,1.0,0.0,0.0,0.0,0.0,0.0,1.0,0.0,0.0,0.0
DLN,0.0,1.0,1.0,0.5,0.6666666666666666,0.5,1.0,0.5,1.0,0.6666666666666666,0.8888888888888888,0.8333333333333334,0.0,0.75,0.6666666666666666,0.8
DLR,0.0,0.0,1.0,0.0,1.0,0.0,0.0,0.0,0.0,0.0,1.0,0.0,0.0,0.0,0.0,0.0
DLS,0.6666666666666666,0.25,0.0,1.0,0.5,0.5,0.6,0.0,0.375,0.5,0.75,0.25,0.0,0.2857142857142857,0.75,1.0
DLT,0.0,0.0,0.0,1.0,0.0,0.0,1.0,1.0,1.0,1.0,0.0,0.0,0.0,0.0,1.0,0.5
DLV,0.0,0.0,0.0,0.0,0.0,0.0,0.0,0.0,0.0,0.0,0.0,0.0,0.0,0.0,0.0,0.0
DLY,0.0,0.0,0.125,0.0,1.0,0.6785714285714286,0.75,0.0,0.3333333333333333,0.6,0.7831325301204819,0.5,0.0,0.5,0.0,0.0
DMA,0.0,0.0,1.0,0.0,1.0,0.6666666666666666,0.0,0.0,0.0,1.0,1.0,0.0,0.0,0.0,0.0,0.0
DME,0.0,0.0,0.0,0.0,0.0,0.0,0.0,0.0,0.0,0.0,0.0,0.0,0.0,0.0,0.0,0.0
DMG,0.0,0.0,1.0,0.0,0.0,0.0,0.0,0.0,0.0,0.0,0.6666666666666666,0.0,0.0,0.0,0.0,0.0
DMI,0.0,0.0,0.0,0.0,0.0,1.0,0.0,0.5,0.0,0.0,0.0,0.0,0.0,0.5,0.0,1.0
DMK,0.5,0.5,0.0,0.0,0.0,0.5,1.0,0.0,1.0,0.0,0.0,0.0,0.0,0.0,0.0,0.0
DML,0.0,0.0,0.0,0.5,0.0,0.0,0.0,0.0,0.5,0.5,1.0,0.0,0.0,0.3333333333333333,1.0,0.0
DMM,0.0,0.0,0.0,0.0,0.0,0.0,0.0,0.0,0.0,0.0,0.0,0.0,0.0,0.0,0.0,0.0
DMP,0.0,0.0,0.0,0.0,0.0,0.0,0.0,0.0,0.0,0.0,0.0,0.0,0.0,0.0,0.0,0.0
DMR,0.0,0.0,0.0,0.0,0.0,0.0,0.0,0.0,0.0,0.0,0.0,0.0,0.0,0.0,0.0,0.0
DMT,0.0,0.0,0.0,0.0,0.0,0.0,0.0,0.0,0.0,0.0,0.0,0.0,0.0,0.0,0.0,0.0
DMV,0.0,0.0,0.0,0.0,0.0,0.0,0.0,0.0,0.0,0.0,0.0,0.0,0.0,0.0,0.0,0.0
DNA,0.0,0.0,0.0,0.0,0.0,0.0,0.0,0.0,0.0,0.0,0.0,0.0,0.0,0.0,0.0,0.0
DND,0.0,0.0,0.0,1.0,0.0,0.0,1.0,1.0,1.0,0.6666666666666666,0.5,0.0,0.0,0.0,1.0,1.0
DNE,0.0,0.0,0.0,0.0,0.0,0.0,0.0,0.0,0.0,0.0,0.0,0.0,0.0,0.0,0.0,0.0
DNG,0.0,0.0,0.5,0.0,0.3333333333333333,0.0,0.0,0.5,0.0,1.0,0.5,0.0,0.0,0.5,0.0,1.0
DNH,0.0,0.0,0.0,0.0,0.3333333333333333,0.0,0.0,0.0,0.0,0.0,0.0,0.0,0.0,1.0,0.0,0.0
DNI,0.0,0.0,0.0,0.0,0.0,0.0,0.0,0.0,0.0,0.0,0.0,0.0,0.0,0.0,0.0,0.0
DNK,0.0,0.0,0.0,0.6666666666666666,0.25,1.0,0.0,1.0,0.5,0.5,0.5,0.0,0.0,0.3333333333333333,1.0,0.0
DNL,1.0,0.0,0.0,0.5,0.0,0.0,0.0,0.0,0.0,0.0,0.0,0.0,0.0,1.0,0.0,0.0
DNM,1.0,1.0,0.7777777777777778,0.0,0.5,0.75,1.0,1.0,1.0,0.6666666666666666,0.631578947368421,1.0,1.0,1.0,1.0,1.0
DNQ,0.0,0.0,0.0,0.0,0.0,0.0,0.0,0.0,0.0,0.0,0.0,0.0,0.0,0.0,0.0,0.0
DNR,0.0,0.0,0.5,0.0,1.0,1.0,0.0,0.0,0.0,1.0,0.75,1.0,1.0,0.0,0.0,0.0
DNS,0.0,0.0,0.0,0.0,0.0,0.0,0.0,0.0,0.0,0.0,0.0,0.0,0.0,0.0,0.0,0.0
DNT,1.0,1.0,1.0,0.5,1.0,1.0,1.0,0.0,0.0,1.0,0.6666666666666666,1.0,1.0,0.3333333333333333,0.0,0.0
DNY,0.0,0.0,0.0,0.0,0.0,0.0,0.0,0.0,0.0,0.0,0.0,0.0,0.0,0.0,0.0,0.0
DPA,0.6666666666666666,0.5,0.5,0.0,0.0,1.0,1.0,0.0,0.8,0.0,0.46153846153846156,0.5,0.0,0.5,0.0,1.0
DPE,0.0,0.0,0.0,0.0,0.0,0.0,0.0,0.0,0.0,0.0,0.0,0.0,0.0,0.0,0.0,0.0
DPI,0.0,0.0,0.5714285714285714,1.0,1.0,0.0,0.0,0.0,0.5454545454545454,0.3333333333333333,0.5,0.0,1.0,0.5,1.0,0.0
DPK,1.0,0.8333333333333334,0.1111111111111111,1.0,0.5,0.6666666666666666,0.8571428571428571,1.0,0.4,0.2857142857142857,0.0,0.5555555555555556,1.0,0.8,1.0,1.0
DPL,0.0,0.0,0.0,0.0,0.0,0.0,0.0,0.0,0.0,0.0,0.0,0.0,0.0,0.0,0.0,0.0
DPM,0.0,0.0,0.0,0.0,0.0,0.0,0.0,0.0,0.0,0.0,0.0,0.0,0.0,0.0,0.0,0.0
DPN,0.0,0.0,0.0,0.0,0.0,0.0,0.0,0.0,0.0,0.0,0.0,0.0,0.0,0.0,0.0,0.0
DPP,0.0,0.6666666666666666,0.5,0.0,0.3333333333333333,1.0,0.5,0.0,1.0,1.0,0.0,0.0,0.0,0.0,0.0,0.0
DPQ,0.0,0.0,0.0,0.0,0.0,0.0,0.0,0.0,0.0,0.0,0.0,0.0,0.0,0.0,0.0,0.0
DPR,0.0,0.0,0.0,0.0,0.0,0.0,0.0,0.0,0.0,0.0,0.0,0.0,0.0,0.0,0.0,0.0
DPS,0.0,0.0,0.0,0.0,0.0,0.0,0.0,0.0,0.0,0.0,0.0,0.0,0.0,0.0,0.0,0.0
DPT,0.0,0.0,0.0,0.0,0.0,0.0,0.0,0.0,0.0,0.0,0.0,0.0,0.0,0.0,0.0,0.0
DPV,0.0,0.0,1.0,0.0,0.6666666666666666,0.6666666666666666,0.0,1.0,0.0,1.0,0.0,0.0,0.0,0.0,0.0,0.6666666666666666
DPY,0.0,0.0,0.0,0.0,0.0,0.0,0.0,0.0,1.0,0.0,0.0,0.0,0.0,0.0,1.0,0.0
DQD,0.0,0.0,0.0,0.0,0.0,0.0,0.0,0.0,0.0,0.0,0.0,0.0,0.0,0.0,0.0,0.0
DQE,0.0,0.5,0.0,0.0,0.0,0.0,0.0,1.0,0.0,0.0,0.0,0.0,0.0,0.0,0.0,0.0
DQF,0.6666666666666666,0.5,0.5,0.0,1.0,0.0,0.0,0.0,0.6666666666666666,0.0,0.5714285714285714,0.25,0.0,0.0,0.6,0.5
DQG,0.0,0.0,0.0,0.0,0.0,0.0,0.0,0.0,0.0,0.0,0.0,0.0,0.0,0.0,0.0,0.0
DQH,0.0,0.0,0.0,0.0,0.0,0.0,0.0,0.0,0.0,0.0,0.0,0.0,0.0,0.0,0.0,0.0
DQI,1.0,0.0,0.0,0.0,0.0,0.0,0.0,0.0,0.3333333333333333,0.0,0.0,0.0,0.0,0.0,0.0,0.0
DQL,0.0,0.0,0.0,0.0,1.0,0.0,0.0,0.0,0.0,0.0,0.0,0.0,0.0,0.0,0.0,0.0
DQM,0.0,0.0,0.0,0.0,0.0,0.0,1.0,1.0,0.0,0.0,0.0,1.0,0.0,1.0,1.0,0.0
DQN,0.0,0.0,0.0,0.0,0.0,0.0,0.0,0.0,0.0,0.0,1.0,1.0,0.0,0.0,1.0,0.0
DQP,0.0,0.0,0.0,0.0,0.0,0.0,0.0,0.0,0.0,0.0,0.0,0.0,0.0,0.0,0.0,0.0
DQV,0.0,0.0,0.0,0.0,0.0,0.0,0.0,0.0,0.0,0.0,0.0,0.0,0.0,0.0,0.0,0.0
DQY,0.0,0.0,0.0,0.0,0.0,0.0,0.0,0.0,0.0,0.0,0.0,0.0,0.0,0.0,0.0,0.0
DRA,0.0,1.0,0.0,1.0,0.5,0.6,1.0,1.0,1.0,0.5,1.0,0.0,1.0,1.0,1.0,0.0
DRC,0.0,0.0,0.0,0.0,0.0,0.0,0.0,0.0,0.0,0.0,0.0,0.0,0.0,0.0,0.0,0.0
DRD,0.8,0.875,0.7,0.0,0.6666666666666666,0.6,1.0,0.6666666666666666,0.5,0.5,0.7142857142857143,0.41379310344827586,1.0,1.0,0.6428571428571429,0.2727272727272727
DRE,1.0,1.0,0.3333333333333333,0.0,0.5,0.0,0.0,1.0,1.0,0.0,0.65,0.4166666666666667,0.6666666666666666,0.0,1.0,0.0
DRF,0.6666666666666666,0.0,0.6666666666666666,1.0,0.0,0.0,0.0,0.6666666666666666,0.0,0.3333333333333333,0.0,0.0,1.0,0.6666666666666666,0.0,0.5
DRG,0.0,0.0,0.0,0.0,0.0,0.0,0.0,0.0,0.0,0.0,0.0,0.0,0.0,0.0,0.0,0.0
DRH,0.0,0.0,0.0,0.0,0.0,0.0,0.0,0.0,0.0,0.0,0.0,0.0,0.0,0.0,0.0,0.0
DRI,0.0,0.0,0.0,0.0,0.0,0.0,0.0,0.0,0.0,0.0,0.0,0.0,0.0,0.0,0.0,0.0
DRK,0.0,0.0,0.0,0.0,0.0,0.0,0.0,0.0,0.0,0.0,0.0,0.0,0.0,0.0,0.0,0.0
DRL,0.0,1.0,0.0,0.0,0.5,0.6666666666666666,0.5,0.0,0.0,0.6666666666666666,0.0,0.0,0.0,0.0,0.0,0.0
DRN,0.0,0.0,0.0,1.0,0.0,0.0,0.0,0.5,0.0,0.25,0.0,0.0,0.0,0.0,0.0,0.5
DRP,0.75,0.0,0.3333333333333333,0.0,0.0,0.0,0.0,0.0,1.0,0.0,0.0,0.0,0.0,0.0,0.0,0.0
DRR,0.0,0.0,0.0,1.0,0.0,0.0,0.0,0.6666666666666666,0.0,0.0,0.0,0.0,0.0,0.75,0.0,1.0
DRS,0.0,0.0,0.5,0.0,0.6666666666666666,1.0,1.0,0.0,0.5,1.0,0.6666666666666666,0.0,0.0,0.0,1.0,0.6666666666666666
DRT,0.2,0.5,0.0,0.0,0.0,0.0,0.2,0.0,0.16666666666666666,0.0,0.3333333333333333,0.0,0.25,0.0,0.0,0.0
DRV,0.0,0.0,0.0,0.0,0.0,0.0,0.0,0.0,0.0,0.0,0.0,0.0,0.0,0.0,0.0,0.0
DRW,0.0,0.0,0.0,0.0,0.0,0.0,0.0,0.0,0.0,0.0,0.0,0.14285714285714285,0.0,0.0,0.0,0.2727272727272727
DRY,0.0,0.0,0.0,0.0,0.0,0.0,0.0,0.0,0.0,0.0,0.0,0.0,0.0,0.0,0.0,0.0
DSA,0.0,0.0,0.0,0.0,0.0,0.0,0.0,0.0,0.0,0.0,0.0,0.0,0.0,0.0,0.0,0.0
DSC,0.0,0.5,0.0,0.0,0.5,0.5,0.0,0.0,0.0,0.0,0.0,0.0,0.0,0.0,0.0,0.0
DSD,0.09090909090909091,0.8571428571428571,0.0,0.0,1.0,0.5,0.0,1.0,0.16666666666666666,0.75,0.3333333333333333,0.16666666666666666,0.0,1.0,0.5,0.0
DSF,0.5,0.0,0.8,0.0,0.0,0.0,0.0,0.0,0.6666666666666666,0.6666666666666666,0.0,0.0,0.0,0.0,0.0,0.0
DSG,0.0,0.0,0.0,0.0,0.0,0.0,0.0,0.07692307692307693,0.0,0.0,0.02127659574468085,0.06060606060606061,0.0,0.0,0.07317073170731707,0.06451612903225806
DSI,0.0,0.0,0.0,0.0,0.0,0.0,0.0,0.0,0.0,0.0,0.0,0.0,0.0,0.0,0.0,0.0
DSK,0.5,0.5,0.25,0.0,1.0,0.0,1.0,1.0,0.25,0.5,0.25,0.6666666666666666,0.0,0.0,0.375,0.5
DSL,0.0,1.0,0.0,1.0,0.0,0.0,0.0,0.6666666666666666,1.0,0.0,0.0,0.0,1.0,0.5,1.0,0.0
DSM,0.0,1.0,0.5,0.0,0.5,0.6666666666666666,0.5,0.6666666666666666,1.0,0.4,0.0,0.3333333333333333,0.0,1.0,0.4,0.0
DSN,0.0,0.0,0.0,0.0,0.0,0.0,0.0,0.0,0.0,0.0,0.0,1.0,0.0,0.0,0.5,1.0
DSQ,0.0,0.9090909090909091,0.0,0.0,0.9090909090909091,1.0,0.0,0.8333333333333334,0.0,0.9523809523809523,0.0,0.0,0.0,0.0,1.0,0.8333333333333334
DSR,0.0,0.0,0.0,0.0,0.0,0.0,0.0,0.0,0.0,0.0,0.0,0.0,0.0,0.0,0.0,0.0
DSS,0.5,0.4,1.0,0.0,0.0,1.0,0.6666666666666666,0.0,0.6666666666666666,0.0,1.0,0.5,1.0,1.0,0.0,1.0
DST,0.2222222222222222,0.5,0.25,1.0,0.0,0.0,0.3333333333333333,0.3,1.0,1.0,0.4166666666666667,0.2,0.5,1.0,0.5,0.0
DSV,0.0,0.25,0.2,0.0,0.14285714285714285,0.14285714285714285,0.26666666666666666,1.0,0.16666666666666666,0.10526315789473684,0.8,0.3333333333333333,0.0,0.0,0.3333333333333333,0.6666666666666666
DSW,0.0,0.0,0.0,0.0,0.0,0.0,0.0,0.0,0.0,0.0,0.8181818181818182,0.0,0.0,0.0,0.0,0.0
DTA,0.0,0.0,0.3333333333333333,1.0,0.09090909090909091,0.75,1.0,0.5,0.5,0.0,0.2857142857142857,0.36363636363636365,0.0,0.75,0.4,0.6666666666666666
DTI,0.0,0.0,0.0,0.0,0.0,0.0,0.0,0.0,0.0,0.0,0.0,0.0,0.0,0.0,0.0,0.0
DTK,0.0,1.0,1.0,1.0,0.5,0.5,0.0,0.0,1.0,0.0,0.0,0.0,1.0,0.0,0.0,0.0
DTL,0.0,0.0,0.0,0.0,0.0,0.0,0.0,1.0,0.0,0.0,0.0,0.0,0.0,0.25,0.0,0.0
DTM,0.0,1.0,0.0,1.0,1.0,0.0,0.0,0.0,1.0,1.0,0.0,0.0,0.0,0.0,0.0,0.0
DTN,0.0,0.0,1.0,0.0,1.0,1.0,0.0,0.0,0.0,1.0,0.0,0.0,0.0,0.0,0.0,0.0
DTP,0.0,0.0,0.0,0.0,0.0,0.0,0.0,0.0,0.0,0.0,0.0,0.0,0.0,0.0,0.0,0.0
DTS,0.6875,0.0,0.3,0.25,0.0,0.14285714285714285,0.0,0.2,0.6521739130434783,0.0,0.4444444444444444,0.3333333333333333,0.5,0.4,0.07142857142857142,0.2727272727272727
DTT,0.0,1.0,0.0,0.0,1.0,0.0,0.0,0.75,0.0,1.0,0.3333333333333333,0.0,0.0,0.0,1.0,0.8571428571428571
DTY,0.0,0.0,0.0,0.0,0.0,0.0,0.0,0.0,0.0,0.0,0.0,0.0,0.0,0.0,0.0,0.0
DVA,0.0,0.0,0.0,0.0,0.0,1.0,0.0,0.5,0.0,0.0,0.0,0.0,0.0,0.6666666666666666,0.0,1.0
DVE,0.0,0.0,0.0,0.0,0.0,0.0,0.0,0.0,0.0,0.0,0.0,0.0,0.0,0.0,0.0,0.0
DVG,0.0,0.0,0.0,0.0,0.0,0.0,1.0,0.0,0.6666666666666666,1.0,0.582089552238806,0.0,0.0,0.0,0.0,0.0
DVH,0.0,0.0,0.0,1.0,1.0,0.0,0.0,0.0,0.0,1.0,0.5,1.0,0.5,0.0,0.5,1.0
DVI,0.0,0.0,0.0,0.0,0.0,0.0,0.0,0.0,0.0,0.0,0.0,0.0,0.0,0.0,0.0,0.0
DVK,0.0,0.8888888888888888,0.0,0.0,0.8275862068965517,0.34285714285714286,0.6666666666666666,0.5,0.0,0.0,0.0,0.0,0.0,0.0,0.0,0.36363636363636365
DVM,0.0,0.0,1.0,0.5,1.0,0.0,0.0,0.0,0.2,0.0,0.2,0.42857142857142855,0.5,0.0,0.5,1.0
DVN,0.0,0.0,0.0,0.0,0.0,0.0,0.0,0.0,0.0,0.0,0.0,0.0,0.0,0.0,0.0,0.0
DVQ,0.0,0.0,0.5,0.0,0.0,0.0,0.0,0.0,0.0,0.0,0.0,1.0,1.0,0.0,0.0,0.0
DVR,1.0,0.0,0.3333333333333333,0.0,0.0,0.0,0.0,0.0,1.0,0.0,0.07692307692307693,0.0,0.0,0.0,0.0,0.0
DVS,0.0,0.0,0.0,0.0,0.0,0.0,0.0,0.0,0.0,0.0,0.0,0.0,0.0,0.0,0.0,0.0
DVT,1.0,0.4,0.0,0.0,0.0,0.25,1.0,0.0,0.2,0.0,0.3333333333333333,1.0,0.0,0.3333333333333333,0.0,0.0
DVV,0.0,0.3333333333333333,0.5454545454545454,0.6666666666666666,0.5,0.5,0.3333333333333333,0.375,0.45,0.4,0.625,0.6666666666666666,0.6,0.6666666666666666,0.7222222222222222,0.75
DVW,0.0,0.0,0.5,0.0,0.0,0.0,0.0,0.0,0.0,0.0,1.0,0.5,0.5,0.0,0.3333333333333333,1.0
DVY,1.0,1.0,0.0,0.0,0.0,0.0,1.0,0.0,0.6666666666666666,0.0,1.0,0.0,0.0,0.0,1.0,0.5
DWA,0.0,0.0,0.0,0.0,0.0,0.16666666666666666,1.0,0.0,0.0,0.0,0.0,0.0,0.0,0.0,0.0,0.0
DWF,0.0,0.0,0.0,0.0,0.0,0.0,0.0,0.0,0.0,0.0,0.0,0.0,0.0,0.0,0.0,0.0
DWG,1.0,0.0,0.3333333333333333,0.0,0.5,0.0,0.0,0.0,1.0,1.0,0.38461538461538464,0.0,0.0,0.0,0.0,0.0
DWK,0.0,0.0,0.0,0.0,0.0,0.0,0.0,0.0,0.0,0.0,0.0,0.0,0.0,0.0,0.0,0.0
DWL,0.0,0.0,1.0,0.0,0.0,0.0,0.0,0.0,0.0,0.0,0.3333333333333333,1.0,0.0,0.0,1.0,0.0
DWQ,0.0,0.0,0.0,0.0,0.0,0.0,0.0,0.0,0.0,0.0,0.0,0.0,0.0,0.0,0.0,0.0
DWR,0.0,0.0,0.0,0.0,0.0,0.0,0.0,0.0,0.0,0.0,0.0,0.0,0.0,0.0,0.0,0.0
DWS,0.0,0.0,0.0,0.0,0.0,0.0,0.0,0.0,0.0,0.0,0.0,0.0,0.0,0.0,0.0,0.0
DWV,0.0,0.0,0.0,0.0,0.0,0.0,0.0,0.0,0.0,0.0,1.0,0.5,0.0,0.0,0.0,0.0
DYA,0.0,0.0,0.0,0.0,0.0,0.0,0.0,0.0,0.0,0.0,0.0,0.0,0.0,0.0,0.0,0.0
DYE,0.0,0.0,0.0,0.0,0.0,0.0,0.0,0.0,0.0,0.0,0.0,1.0,0.0,0.0,1.0,1.0
DYF,1.0,1.0,0.0,0.0,1.0,0.5,1.0,0.0,0.5,0.0,0.0,0.5,0.0,0.0,0.0,1.0
DYG,0.0,0.0,0.0,0.0,0.0,0.0,0.0,0.0,0.0,0.0,0.0,0.0,0.0,0.0,0.0,0.0
DYH,0.0,0.0,0.5,0.0,0.0,0.0,0.0,0.0,0.0,0.0,1.0,0.0,0.0,0.0,0.0,0.0
DYI,0.0,0.0,0.6666666666666666,1.0,0.0,0.0,0.0,1.0,1.0,0.4,0.9090909090909091,0.7647058823529411,0.0,0.0,0.7804878048780488,0.9473684210526315
DYK,0.0,0.0,0.0,0.0,0.0,0.0,0.0,0.0,0.0,0.0,0.0,0.0,0.0,0.0,0.0,0.0
DYL,0.0,0.4,0.7,0.0,0.75,0.0,0.0,0.0,0.6666666666666666,0.3333333333333333,0.0,1.0,0.0,1.0,0.0,0.0
DYN,0.6666666666666666,0.5714285714285714,0.0,0.0,1.0,1.0,0.0,0.0,0.0,1.0,0.0,0.0,0.0,0.0,0.0,0.0
DYS,0.0,0.0,0.0,0.0,0.0,0.0,1.0,0.0,0.0,0.0,0.0,0.5,0.0,0.5,1.0,0.0
DYT,0.0,0.0,0.0,0.0,0.0,0.0,0.0,0.0,0.0,0.0,0.0,0.0,0.0,0.0,0.0,0.0
DYW,1.0,0.6521739130434783,0.16666666666666666,0.0,0.16666666666666666,0.2,0.0,0.0,0.8666666666666667,0.0,0.0,0.0,0.0,0.0,0.0,0.0
EAA,0.0,0.0,0.0,0.0,0.0,0.0,0.0,0.5,0.0,0.0,0.0,0.0,0.0,0.0,0.0,1.0
EAC,0.0,0.0,0.0,0.0,0.0,0.0,0.0,0.0,0.0,0.0,0.0,0.0,0.0,0.0,0.0,0.0
EAD,0.0,0.0,0.0,0.0,0.0,0.0,0.0,0.0,0.0,0.0,0.0,0.0,0.0,0.0,0.0,0.0
EAE,0.0,0.0,0.0,0.0,0.0,0.18181818181818182,0.0,0.9166666666666666,0.0,0.0,0.0,0.0,0.0,0.0,0.0,0.8461538461538461
EAF,0.0,0.0,0.0,0.0,0.0,0.0,0.0,0.0,0.0,0.0,0.0,0.0,0.0,0.0,0.0,0.0
EAG,1.0,1.0,0.3333333333333333,0.6,0.25,1.0,0.0,0.0,0.4,0.0,0.0,0.0,0.0,0.0,0.3333333333333333,1.0
EAI,0.0,0.0,0.0,0.0,0.0,0.0,0.0,0.0,0.0,0.0,0.0,0.0,0.0,0.0,0.0,0.0
EAK,0.0,0.0,0.0,0.0,0.0,0.0,0.0,0.0,0.0,0.0,0.0,0.0,0.0,0.0,0.0,0.0
EAL,0.3333333333333333,0.25,1.0,0.6,0.0,0.16666666666666666,0.0,0.5,0.0,0.3333333333333333,0.25,1.0,0.4,0.3333333333333333,0.5,0.0
EAN,0.0,0.3333333333333333,0.3333333333333333,0.0,0.3333333333333333,1.0,1.0,0.0,0.3333333333333333,1.0,1.0,0.0,0.0,0.0,1.0,0.0
EAP,0.0,0.0,0.0,0.0,0.0,0.0,0.0,0.0,0.0,0.0,0.0,0.0,0.0,0.0,0.0,0.0
EAR,0.0,0.0,0.0,0.0,0.0,1.0,0.0,0.3333333333333333,0.0,0.0,0.0,0.0,0.0,1.0,0.0,1.0
EAS,1.0,0.0,0.5,0.0,0.0,0.0,0.0,0.0,0.0,0.0,0.0,0.0,0.0,0.0,0.0,0.0
EAV,0.0,0.9230769230769231,0.0,0.0,0.9230769230769231,0.7364341085271318,0.75,0.8,0.42857142857142855,0.0,0.0,0.0,0.0,0.5,0.0,0.17391304347826086
EAW,1.0,1.0,0.0,0.0,0.0,0.8,1.0,0.0,0.75,0.0,0.0,0.0,0.0,0.0,0.0,0.0
EAY,0.0,0.0,0.0,0.0,0.0,0.0,0.0,0.0,0.0,0.0,0.0,0.0,0.0,0.0,0.0,0.0
ECA,0.0,1.0,0.0,0.0,0.5,0.5,0.0,0.0,0.0,0.0,0.0,0.0,0.0,1.0,0.0,0.0
ECC,0.0,0.3333333333333333,0.0,1.0,0.0,0.0,0.25,0.0,0.6666666666666666,0.0,0.6666666666666666,0.25,0.0,0.0,0.5,0.0
ECE,0.0,0.0,0.0,0.0,0.0,0.0,0.0,0.0,0.0,0.0,0.0,0.0,0.0,0.0,0.0,0.0
ECF,0.0,0.0,0.0,0.0,0.0,0.0,0.0,0.0,0.0,0.0,0.0,0.0,0.0,0.0,0.0,0.0
ECG,0.0,0.0,0.0,0.0,0.0,0.0,0.0,0.0,0.0,0.0,0.0,0.0,0.0,0.0,0.0,0.0
ECH,0.6666666666666666,0.0,0.5,0.0,0.0,0.0,1.0,0.0,0.6666666666666666,0.0,0.75,0.0,0.0,0.0,0.0,0.0
ECL,0.0,0.0,0.0,0.0,0.0,0.0,0.0,0.0,0.0,0.0,0.0,0.0,0.0,0.0,0.0,0.0
ECP,0.0,0.3333333333333333,0.0,0.0,0.0,0.0,0.3333333333333333,0.0,0.3333333333333333,0.0,0.0,0.0,0.0,0.0,0.0,0.0
ECQ,0.0,0.0,0.0,0.0,0.0,0.0,0.0,0.0,0.0,0.0,1.0,0.5,0.0,0.0,1.0,0.0
ECR,0.0,0.0,1.0,0.0,0.0,0.0,0.0,0.0,0.5,0.0,0.0,0.0,0.0,0.0,0.0,0.0
ECT,0.0,0.0,0.0,0.0,0.0,0.0,0.0,0.0,0.0,0.0,0.0,0.0,0.0,0.0,0.0,0.0
EDA,0.0,0.0,0.0,0.0,0.0,0.0,0.0,0.0,0.0,0.0,0.0,0.0,0.0,0.0,0.0,0.0
EDD,0.0,0.0,0.0,1.0,0.0,0.0,0.5,0.5,1.0,1.0,0.0,0.0,0.0,0.0,1.0,0.5
EDF,0.2857142857142857,0.3333333333333333,0.047619047619047616,0.0,0.4,0.1951219512195122,0.2222222222222222,0.0,0.07142857142857142,0.6666666666666666,0.0,0.2,0.0,0.0,0.0,0.0
EDG,0.0,0.0,0.0,0.0,0.0,0.0,0.0,0.0,0.0,0.0,0.0,0.0,0.0,0.0,0.0,0.0
EDH,0.0,0.0,0.0,0.0,0.0,0.0,0.0,0.0,0.0,0.0,0.0,0.0,0.0,0.0,0.0,0.0
EDI,0.0,0.0,0.0,0.0,0.3333333333333333,1.0,0.0,0.0,0.0,1.0,0.0,0.0,0.0,0.0,0.0,0.0
EDK,0.0,0.0,0.0,0.0,0.0,0.0,0.0,0.0,0.0,0.0,0.125,0.7058823529411765,0.0,0.0,0.07692307692307693,0.75
EDL,0.25,0.5,0.6666666666666666,0.5,0.25,0.6666666666666666,0.3333333333333333,0.6666666666666666,0.3333333333333333,0.4,0.18181818181818182,0.0,0.0,0.5,0.5,1.0
EDN,0.0,0.0,0.0,0.6666666666666666,0.75,1.0,0.0,0.0,0.5,1.0,0.5,0.0,0.0,1.0,1.0,0.0
EDQ,0.0,0.0,0.0,0.0,0.0,0.0,0.0,0.0,0.0,0.0,0.0,0.0,0.0,0.0,0.0,0.0
EDR,0.0,0.0,0.0,0.0,0.0,0.0,0.0,0.0,0.0,0.0,0.0,0.0,0.0,0.0,0.0,0.0
EDS,0.0,0.0,0.0,0.0,0.0,0.0,0.0,0.0,0.0,0.0,0.0,0.0,0.0,0.0,0.0,0.0
EDT,0.0,0.2,0.5,1.0,0.125,0.5,0.0,0.0,1.0,0.0,0.0,0.14285714285714285,0.5,0.0,0.0,0.3333333333333333
EDV,1.0,0.5,0.0,0.0,0.0,1.0,0.0,0.0,0.3333333333333333,0.0,1.0,0.0,0.0,0.0,0.0,0.0
EDY,0.0,1.0,0.5,0.0,0.5,0.0,0.0,0.0,0.3333333333333333,1.0,0.0,0.0,0.0,0.0,0.0,0.0
EEA,0.0,0.0,0.0,0.0,0.0,0.17142857142857143,0.0,0.9565217391304348,0.07142857142857142,0.0,0.0,0.0,0.0,0.0,0.3333333333333333,1.0
EEC,1.0,0.3333333333333333,0.5,0.0,0.16666666666666666,0.5,0.25,0.0,0.5,0.0,0.5714285714285714,0.0,0.0,0.3333333333333333,0.0,0.0
EED,0.0,1.0,1.0,1.0,1.0,0.5,0.0,0.0,1.0,0.0,0.0,0.0,1.0,0.0,0.0,0.0
EEE,0.0,0.0,0.0,0.0,0.0,0.0,0.0,0.0,0.0,0.0,0.0,0.0,0.0,0.0,0.0,0.0
EEF,0.0,0.0,0.0,0.0,0.0,0.0,0.0,0.0,0.0,0.0,0.0,0.0,0.0,0.0,0.0,0.0
EEG,0.0,0.0,1.0,0.0,0.5,0.3333333333333333,0.0,0.0,0.0,0.5,0.0,0.0,0.0,0.0,0.0,0.0
EEI,0.0,0.0,0.0,0.0,0.0,0.0,0.0,0.0,0.0,0.0,0.0,0.0,0.0,0.0,0.0,0.0
EEK,0.3,0.7,0.125,0.875,0.0,0.0,0.5,0.0,0.0,0.6,0.016129032258064516,0.0,0.9375,0.75,1.0,0.0
EEL,0.3333333333333333,0.0,0.0,0.2857142857142857,0.0,0.0,0.0,0.6,0.0,0.0,0.0,0.0,0.0,0.375,0.0,0.0
EEM,0.5,0.0,0.0,0.0,0.0,0.0,0.0,1.0,1.0,0.0,0.0,0.0,0.0,1.0,1.0,0.0
EEN,0.25,1.0,0.5,0.6666666666666666,0.6666666666666666,0.0,0.0,0.0,0.0,0.0,0.0,0.0,0.6666666666666666,0.0,0.0,0.0
EEQ,0.6666666666666666,0.1111111111111111,0.6666666666666666,1.0,0.0,0.0,0.3,0.0,0.5,0.0,0.631578947368421,0.6875,0.8333333333333334,0.6666666666666666,0.6923076923076923,1.0
EER,0.0,0.875,0.3333333333333333,0.6666666666666666,0.1111111111111111,0.0,0.6,0.0,0.8333333333333334,0.0,0.25,0.0,1.0,0.0,0.2222222222222222,0.0
EES,0.0,0.0,1.0,0.0,1.0,0.0,0.0,0.0,0.5,0.0,0.0,0.0,0.0,0.0,0.0,0.0
EET,0.0,0.3333333333333333,0.3333333333333333,0.5,0.0,0.0,1.0,0.0,1.0,0.0,1.0,0.0,0.0,1.0,0.6,0.25
EEV,0.0,0.0,0.0,0.0,0.0,0.0,0.0,0.0,0.0,0.0,0.0,0.0,0.0,0.0,0.0,0.0
EFC,1.0,0.5,1.0,0.0,1.0,0.5,1.0,0.0,0.0,0.6666666666666666,0.2,0.0,0.0,0.5,0.0,1.0
EFD,1.0,0.0,0.0,1.0,0.0,0.0,0.0,0.5,0.0,0.0,0.0,0.0,0.0,0.5,0.0,0.0
EFE,0.0,0.0,0.0,0.0,0.0,0.0,0.0,0.0,0.0,0.0,0.0,0.5,0.4,0.0,0.0,1.0
EFF,0.0,0.0,0.0,0.0,0.5,0.0,0.0,0.0,0.0,0.0,1.0,1.0,0.0,0.5,1.0,0.0
EFG,0.0,0.0,0.0,0.0,0.0,0.0,0.0,0.0,0.0,0.0,0.0,0.0,0.0,0.0,0.0,0.0
EFI,0.0,0.0,0.5,0.0,0.0,0.0,0.0,0.0,0.0,0.0,0.5,0.0,0.0,0.0,0.0,0.0
EFL,0.5,1.0,0.3333333333333333,0.6666666666666666,0.0,0.0,1.0,0.0,1.0,0.25,0.14285714285714285,0.6666666666666666,0.75,0.0,0.0,0.8
EFQ,0.0,1.0,1.0,1.0,1.0,1.0,0.0,0.0,0.0,1.0,0.75,0.3333333333333333,1.0,0.0,0.0,0.0
EFS,1.0,0.75,0.6666666666666666,1.0,0.75,0.8333333333333334,0.5,1.0,0.25,0.3333333333333333,0.8,0.75,0.6666666666666666,0.5,0.6,0.5
EFV,0.0,0.7272727272727273,0.0,0.0,1.0,0.27586206896551724,0.6857142857142857,0.75,0.96,1.0,0.5897435897435898,1.0,0.0,0.0,1.0,0.6857142857142857
EFY,0.0,0.0,0.6666666666666666,0.0,1.0,0.8,1.0,0.0,0.3333333333333333,0.6666666666666666,0.0,0.0,0.0,0.0,0.0,0.0
EGA,0.0,0.0,0.0,0.0,0.0,0.0,0.0,0.0,0.0,0.0,0.0,0.0,0.0,0.0,0.0,0.0
EGC,0.0,0.0,0.0,0.0,0.0,0.0,0.0,0.0,0.0,0.0,0.0,0.0,0.0,0.0,0.0,0.0
EGD,0.0,0.0,0.0,0.0,0.0,0.0,0.0,0.0,0.0,0.0,0.0,0.0,0.0,0.0,0.0,0.0
EGE,0.0,0.0,0.0,0.0,0.0,0.0,0.0,1.0,0.0,0.0,0.0,0.0,0.0,0.5,0.0,0.0
EGF,0.8,0.8888888888888888,0.5,0.0,0.5714285714285714,0.5,0.5,0.0,0.6666666666666666,0.0,0.46153846153846156,0.0,0.5,0.0,0.0,0.0
EGG,0.0,0.3333333333333333,0.0,0.0,0.6666666666666666,0.3333333333333333,0.0,0.0,0.0,0.0,0.0,0.0,0.0,0.0,0.0,0.0
EGH,0.0,1.0,0.8571428571428571,0.0,0.8333333333333334,0.0,0.0,0.0,0.5,0.0,0.0,0.0,0.0,1.0,0.0,0.0
EGI,0.0,0.0,0.0,0.0,0.5,0.0,0.0,0.0,0.0,0.0,0.0,0.0,0.0,0.0,0.0,0.0
EGK,0.3333333333333333,0.0,0.3333333333333333,0.0,0.5,0.03225806451612903,0.0,0.0,0.6666666666666666,0.25,0.0,0.07142857142857142,0.0,0.0,0.5,0.0
EGL,0.4,0.0,0.9,0.6666666666666666,0.75,0.0,0.125,0.0,0.8888888888888888,0.0,0.0,1.0,1.0,1.0,0.5714285714285714,0.6666666666666666
EGM,0.0,0.0,0.0,0.0,0.0,0.0,0.0,0.0,0.0,0.0,0.0,0.0,0.0,0.0,0.0,0.0
EGN,1.0,0.0,0.0,0.0,0.0,0.0,0.0,0.0,0.0,0.0,0.0,0.0,0.0,0.0,0.0,0.0
EGP,1.0,1.0,1.0,0.0,0.0,1.0,1.0,0.6666666666666666,1.0,1.0,1.0,0.8,1.0,1.0,0.8,0.5
EGQ,0.6666666666666666,0.0,0.7142857142857143,1.0,1.0,0.0,1.0,0.0,0.6666666666666666,1.0,0.25,0.25,0.0,1.0,0.5,0.0
EGR,0.6666666666666666,1.0,0.3333333333333333,0.6666666666666666,0.7142857142857143,0.3333333333333333,0.5,0.0,0.8,0.5,0.42857142857142855,0.625,0.5,1.0,0.6666666666666666,0.625
EGS,0.0,0.0,0.0,0.0,0.0,0.0,0.0,0.0,0.0,0.0,0.0,0.05555555555555555,0.0,0.0,0.02564102564102564,0.0
EGT,0.25,0.6,1.0,0.0,0.0,0.0,0.0,0.75,0.6,0.3333333333333333,0.5,0.5,0.5,0.5,1.0,0.0
EGV,1.0,0.0,0.6,0.0,0.0,0.0,0.0,0.0,1.0,0.0,0.0,0.0,0.0,0.0,0.0,0.0
EGW,0.0,0.0,0.0,0.0,0.0,0.0,0.0,0.0,0.0,0.0,0.0,0.0,0.0,0.0,0.0,0.0
EGY,0.0,1.0,0.0,1.0,0.5,0.0,0.0,1.0,1.0,0.0,0.0,0.0,0.0,1.0,1.0,1.0
EHD,0.0,0.0,0.0,0.0,0.0,0.0,0.0,0.0,0.0,0.0,0.0,0.0,0.0,0.0,0.0,0.0
EHG,0.0,1.0,0.0,0.0,0.0,0.0,0.0,0.0,0.0,0.0,0.0,0.0,1.0,0.0,0.0,0.0
EHH,0.0,0.0,0.0,0.0,0.5,1.0,0.0,0.0,0.0,0.0,0.0,0.0,0.0,0.0,0.0,0.0
EHM,0.0,0.0,0.0,0.0,0.0,0.0,0.0,0.0,0.0,0.0,0.0,0.0,0.0,0.0,0.0,0.0
EHN,0.0,0.0,0.0,0.0,0.0,0.0,0.0,0.0,0.0,0.0,0.0,0.0,0.0,0.0,0.0,0.0
EHP,0.0,0.0,0.0,0.0,0.0,0.0,0.0,0.0,0.0,0.0,0.0,0.0,0.0,0.0,0.0,0.0
EHQ,0.0,0.0,0.0,0.0,0.0,0.0,0.0,0.0,0.0,0.0,0.0,0.0,0.0,0.0,0.0,0.0
EHR,0.0,0.0,0.0,0.0,0.0,0.0,0.0,0.0,0.0,0.0,0.0,0.0,0.0,0.0,0.0,0.0
EHS,0.0,0.0,0.0,0.0,0.0,0.0,0.0,0.0,0.0,0.0,0.0,0.0,0.0,0.0,0.0,0.0
EHT,0.0,0.0,0.0,0.0,0.0,0.0,0.0,0.0,0.0,0.0,0.0,0.0,0.0,0.0,0.0,0.0
EIA,0.0,1.0,0.0,1.0,1.0,0.0,0.0,0.3333333333333333,0.0,1.0,0.0,0.0,0.6666666666666666,0.6666666666666666,1.0,0.0
EIC,0.14285714285714285,0.0,1.0,0.0,0.3333333333333333,0.020833333333333332,0.0,1.0,0.75,0.0,0.0,0.5,0.0,1.0,0.3333333333333333,0.0
EID,0.0,0.0,0.0,0.0,0.0,0.0,0.0,0.0,0.0,0.0,0.0,0.0,0.0,0.0,0.0,0.0
EIE,0.0,0.0,0.5,0.0,0.0,0.0,0.0,0.0,1.0,0.0,1.0,0.0,0.0,0.0,0.0,0.0
EIG,0.0,0.0,0.5,0.75,1.0,0.0,0.0,0.2,0.125,0.0,0.5423728813559322,0.8333333333333334,0.25,0.0,0.8378378378378378,0.9090909090909091
EII,0.0,0.0,0.0,0.0,0.0,0.0,0.0,0.0,0.0,0.0,0.0,0.0,0.0,0.0,0.0,0.0
EIK,0.0,0.0,0.6666666666666666,0.0,0.0,0.0,0.0,0.0,0.4,0.0,0.0,0.0,0.0,0.0,0.0,0.0
EIL,0.0,0.0,0.0625,0.25,0.0,0.0,1.0,1.0,0.14285714285714285,0.0,0.8470588235294118,0.0,0.0,0.0,0.16666666666666666,0.0625
EIP,0.6666666666666666,0.0,0.4,0.0,0.0,0.0,0.5,0.0,0.5,0.0,0.21428571428571427,0.0,0.0,0.0,0.0,0.0
EIQ,0.0,0.0,0.0,0.0,0.0,0.0,0.0,0.75,0.0,0.8888888888888888,0.0,0.0,0.0,0.0,0.9230769230769231,0.6944444444444444
EIR,0.0,0.0,0.3333333333333333,0.0,0.0,0.0,0.0,0.0,0.0,0.0,0.0,0.0,1.0,0.0,0.0,0.0
EIS,0.0,0.0,0.0,0.0,0.0,0.0,0.0,0.0,0.0,0.0,0.0,0.0,0.6666666666666666,0.0,0.0,1.0
EIT,0.0,0.0,0.0,0.0,0.0,0.0,0.0,0.0,0.0,0.0,0.0,0.0,0.0,0.0,0.0,0.0
EIV,0.4,0.5555555555555556,0.8,0.8571428571428571,0.0,0.75,0.5714285714285714,0.6,0.875,0.36363636363636365,0.6666666666666666,0.6428571428571429,1.0,1.0,0.7272727272727273,1.0
EIW,0.0,0.0,0.0,0.0,0.0,0.0,0.0,1.0,0.0,0.0,0.0,0.0,0.0,0.5,0.0,0.0
EIY,0.4,0.4444444444444444,0.0,0.0,0.8,1.0,0.6666666666666666,0.0,0.0,0.5,0.3333333333333333,0.0,0.0,0.0,0.3333333333333333,0.5
EKC,0.0,0.0,0.0,0.0,0.0,0.0,0.0,0.0,0.0,0.0,0.0,0.0,0.0,0.0,0.0,0.0
EKD,0.0,0.0,0.0,0.18181818181818182,0.0,0.0,0.0,0.14285714285714285,0.0,0.0,0.8727272727272727,0.0,0.16666666666666666,0.14285714285714285,0.0,0.0
EKE,0.0,0.0,0.0,0.0,0.0,0.0,0.0,0.0,1.0,0.0,0.0,0.0,0.0,0.0,0.0,0.0
EKF,0.0,1.0,1.0,0.0,1.0,1.0,0.0,1.0,0.0,0.0,0.0,0.0,0.5,0.0,0.0,1.0
EKG,0.0,0.0,0.0,0.0,0.0,0.0,0.0,0.0,0.0,0.0,0.0,0.0,0.0,0.0,0.0,0.0
EKI,0.5517241379310345,0.7058823529411765,0.1111111111111111,0.6842105263157895,0.3333333333333333,0.10869565217391304,0.4375,0.4375,0.47619047619047616,0.43478260869565216,0.5,0.7391304347826086,0.8695652173913043,0.3333333333333333,0.7397260273972602,0.6785714285714286
EKK,0.0,0.5,0.25,1.0,0.0,0.0,0.5,0.3333333333333333,1.0,0.5,0.26666666666666666,0.7058823529411765,0.0,0.0,0.631578947368421,0.8571428571428571
EKL,0.0,0.0,0.0,0.0,0.0,0.0,0.0,0.0,0.0,0.0,0.0,0.0,0.0,0.0,0.0,0.0
EKM,0.0,0.0,0.0,0.0,0.5,0.5,0.0,0.0,0.0,1.0,0.0,0.0,0.0,0.0,0.0,0.0
EKN,0.3333333333333333,0.0,0.9166666666666666,0.0,0.8333333333333334,0.0,0.0,0.0,0.7142857142857143,0.8333333333333334,0.5,0.7777777777777778,1.0,1.0,0.0,0.0
EKP,0.0,0.0,0.0,0.0,0.0,0.0,0.0,0.0,0.0,0.0,0.0,0.0,0.0,0.0,0.0,0.0
EKQ,1.0,1.0,0.0,0.0,0.0,0.6,0.0,0.75,0.2,0.3333333333333333,0.6666666666666666,0.25,0.3333333333333333,1.0,0.25,0.0
EKR,1.0,0.0,0.625,0.0,0.0,0.0,0.6666666666666666,0.0,1.0,1.0,0.6153846153846154,0.0,0.0,0.0,0.0,0.0
EKT,0.0,0.25,0.0,1.0,0.0,1.0,0.6666666666666666,0.0,0.0,0.5,0.5,0.0,0.0,0.0,0.5,0.0
EKV,0.0,0.07142857142857142,1.0,0.5,0.18181818181818182,0.0,0.0,0.125,0.5,0.1111111111111111,0.0,0.0,0.0,0.0,0.045454545454545456,0.0
EKW,0.0,0.0,0.0,0.0,0.0,0.0,0.0,0.0,0.0,0.0,0.0,0.0,0.0,0.0,0.0,0.0
ELA,0.0,0.16,0.2,0.4,0.1111111111111111,0.5176470588235295,0.0,0.875,0.0,0.0,0.041666666666666664,0.3333333333333333,0.36363636363636365,0.3333333333333333,0.3333333333333333,0.7297297297297297
ELC,0.0,0.0,0.42857142857142855,0.0,0.7142857142857143,0.0,0.0,0.0,0.0,1.0,0.0,0.0,0.0,0.0,0.0,0.0
ELD,0.0,0.0,0.0,0.0,0.0,0.0,0.0,0.0,0.0,0.0,0.0,0.0,0.0,0.0,0.0,0.0
ELE,0.0,0.13333333333333333,0.15384615384615385,0.0,0.14285714285714285,0.5844155844155844,0.08333333333333333,0.9230769230769231,0.16666666666666666,0.05263157894736842,0.03571428571428571,0.0,0.0,0.0,0.0,0.71875
ELG,0.0,0.0,0.0,0.0,0.5,0.0,0.0,0.0,0.0,0.5,0.0,0.0,0.0,0.0,0.5,1.0
ELH,0.0,0.0,0.0,0.0,0.0,0.0,0.0,0.0,1.0,0.5,0.7752808988764045,0.0,0.0,0.0,0.0,0.0
ELI,0.0,0.0,0.0,0.0,0.0,0.0,0.0,0.0,0.0,0.0,0.0,0.0,0.0,0.0,0.0,0.0
ELK,0.625,0.75,0.14285714285714285,0.0,0.625,0.5555555555555556,0.14285714285714285,0.8571428571428571,0.4,0.45454545454545453,0.16666666666666666,0.1111111111111111,0.4166666666666667,0.7142857142857143,1.0,0.0
ELL,0.0,0.0,0.125,0.5714285714285714,0.0,0.0,0.0,0.8,0.4166666666666667,0.8,0.2962962962962963,0.35714285714285715,0.6,1.0,0.43478260869565216,0.5416666666666666
ELM,0.0,0.0,0.0,1.0,0.0,0.0,0.0,0.0,0.0,0.0,0.0,0.0,0.0,0.0,1.0,1.0
ELN,0.9,0.8125,0.0,1.0,0.0,0.5166666666666667,0.2222222222222222,0.07142857142857142,0.5882352941176471,0.5454545454545454,0.31666666666666665,0.0,0.9333333333333333,0.4090909090909091,0.2,0.15
ELP,0.0,0.0,0.0,0.0,0.0,0.0,0.0,0.0,0.0,0.0,0.0,0.5,0.0,1.0,0.0,0.0
ELQ,0.0,0.8888888888888888,0.0,0.0,0.96,0.2222222222222222,0.0,0.6666666666666666,0.0,1.0,0.0,0.0,0.0,0.0,1.0,0.8888888888888888
ELR,0.0,0.25,0.5,0.0,0.2,0.02564102564102564,0.6666666666666666,0.0,0.16666666666666666,0.6666666666666666,0.041666666666666664,0.0,0.0,0.0,0.0,0.0
ELS,0.0,0.0,0.0,0.0,0.0,0.0,0.0,0.0,0.0,0.0,0.0,0.0,0.0,0.0,0.0,0.0
ELT,1.0,1.0,1.0,1.0,0.8333333333333334,0.8333333333333334,1.0,1.0,1.0,1.0,0.7777777777777778,1.0,0.0,0.6,1.0,0.0
ELV,0.0,0.96,0.0,0.0,1.0,0.5853658536585366,0.0,0.7916666666666666,0.0,1.0,0.0,0.0,0.0,0.0,0.96,0.9047619047619048
ELY,0.0,0.0,0.0,0.0,0.0,0.0,0.0,0.0,0.0,0.0,0.0,0.0,0.0,0.0,0.0,0.0
EMA,0.3333333333333333,0.5,0.4,0.2,0.5,1.0,0.6666666666666666,0.0,0.4,0.6666666666666666,0.3333333333333333,0.0,0.0,0.25,0.0,0.3333333333333333
EMD,1.0,0.0,0.0,0.0,0.0,0.0,1.0,0.0,1.0,1.0,1.0,0.0,0.0,0.0,0.5,0.5
EME,0.0,0.8333333333333334,0.0,0.2,1.0,0.025,0.5,1.0,1.0,0.3333333333333333,0.0,1.0,0.8333333333333334,0.6666666666666666,0.7142857142857143,0.5
EMG,0.0,0.0,0.0,1.0,0.0,0.0,0.0,1.0,1.0,0.0,0.8,0.0,0.0,0.0,0.3333333333333333,1.0
EMI,1.0,0.0,0.0,0.0,0.0,0.0,0.0,1.0,1.0,0.0,0.0,0.0,0.0,0.5,1.0,0.0
EMK,1.0,1.0,1.0,1.0,0.0,0.0,0.0,0.75,0.5,0.0,0.0,0.0,1.0,1.0,1.0,1.0
EML,0.0,0.0,0.0,0.0,0.0,0.0,1.0,0.0,0.0,0.0,0.0,0.0,0.0,1.0,0.0,0.0
EMN,0.0,0.0,0.0,0.0,0.0,0.0,0.0,0.0,0.0,0.0,0.0,0.0,0.0,0.0,0.0,0.0
EMP,0.0,0.0,0.0,0.0,0.0,0.0,0.0,0.0,0.0,0.0,0.0,0.0,0.0,0.0,0.0,0.0
EMT,0.0,0.0,0.0,0.0,0.0,0.0,0.0,0.5,0.0,0.0,0.0,0.0,0.0,1.0,0.0,0.0
EMV,0.0,0.0,0.9230769230769231,0.0,0.875,0.0,0.8333333333333334,1.0,1.0,1.0,0.0,0.8333333333333334,0.0,1.0,0.0,0.0
ENA,0.0,0.0,0.0,1.0,0.0,0.5,0.0,1.0,0.3333333333333333,0.0,0.0,0.0,0.0,1.0,1.0,1.0
ENC,0.0,0.0,0.0,0.0,0.0,0.0,0.0,0.0,0.0,0.0,0.0,0.0,0.0,0.0,0.0,0.0
END,0.0,0.0,0.0,0.0,0.0,0.0,0.0,1.0,0.0,0.25,0.0,0.25,0.0,0.0,0.058823529411764705,0.35714285714285715
ENE,0.0,0.0,0.0,0.0,0.0,0.0,0.0,0.0,0.0,0.0,0.0,0.0,0.0,0.0,0.0,0.0
ENG,0.0,0.0,0.0,0.0,0.0,0.0,0.0,0.0,0.0,0.0,0.0,0.0,0.0,0.0,0.0,0.0
ENI,0.0,0.0,0.0,0.0,0.0,0.0,0.0,0.0,0.0,0.0,0.0,0.0,0.0,0.0,0.0,0.0
ENK,0.25,1.0,0.0,0.0,0.0,0.3333333333333333,0.0,0.0,0.0,0.0,0.0,0.0,1.0,0.0,0.0,0.0
ENL,1.0,0.6666666666666666,0.5555555555555556,0.0,0.5,0.0,0.3333333333333333,0.0,0.3333333333333333,0.6666666666666666,0.631578947368421,0.4444444444444444,0.75,0.0,0.5,0.0
ENN,0.0,0.0,0.0,0.0,0.0,0.0,0.0,1.0,0.0,0.0,0.0,0.0,0.0,1.0,0.0,0.0
ENP,0.0,0.0,0.0,0.0,0.0,0.6136363636363636,0.0,0.0,0.0,0.2727272727272727,0.0,0.0,0.0,0.0,0.0,0.0
ENQ,0.0,0.0,0.5,0.0,0.0,0.0,0.0,0.0,0.3333333333333333,0.0,0.5,0.0,0.0,0.0,0.0,0.0
ENR,0.0,0.0,0.0,0.0,0.0,0.5185185185185185,0.0,0.8461538461538461,0.0,0.0,0.0,0.0,0.0,0.0,0.0,0.0
ENV,0.0,0.0,0.0,0.0,0.0,0.0,0.0,0.0,0.0,0.0,0.0,0.0,0.0,0.0,0.0,0.0
ENY,0.0,0.0,0.0,0.0,0.0,0.0,0.0,0.0,0.0,0.0,0.0,0.0,0.0,0.0,0.0,0.0
EPA,1.0,0.0,0.0,0.5,0.0,0.0,0.0,0.0,1.0,0.0,0.0,0.0,0.0,0.0,1.0,0.0
EPD,0.0,0.0,0.0,0.0,0.0,0.0,0.0,0.0,0.0,0.0,0.0,0.0,0.0,0.0,0.0,0.0
EPF,0.0,0.0,0.0,0.0,0.0,0.0,0.0,0.8,0.0,0.7272727272727273,0.0,0.0,0.0,0.0,0.8888888888888888,0.9791666666666666
EPG,0.0,0.0,0.0,0.0,0.0,1.0,0.0,0.5,0.0,0.0,0.0,0.0,0.0,0.0,0.0,0.0
EPI,0.0,0.0,0.0,0.0,0.0,0.0,0.0,0.0,0.0,0.0,0.0,0.0,0.0,0.0,0.0,0.0
EPK,0.0,0.0,1.0,0.0,0.0,0.0,0.0,0.0,1.0,1.0,1.0,0.3333333333333333,0.0,0.0,0.5,1.0
EPL,0.0,0.0,0.0,0.0,0.0,0.0,0.0,0.0,0.0,0.0,0.0,0.0,0.0,0.0,0.0,0.0
EPN,0.0,0.0,0.5,0.0,0.5,1.0,0.0,0.0,0.0,1.0,0.0,0.0,0.0,0.0,0.0,0.0
EPP,0.0,0.0,0.0,0.0,0.0,0.0,0.0,0.0,0.6666666666666666,1.0,0.5675675675675675,0.0,0.0,0.0,0.0,0.0
EPQ,1.0,0.6,1.0,1.0,0.8333333333333334,0.8571428571428571,0.6666666666666666,0.6,0.5,0.6363636363636364,0.8333333333333334,0.8,0.0,0.75,1.0,0.0
EPR,1.0,0.0,0.5,1.0,0.5,0.0,0.0,1.0,1.0,0.5,0.0,0.5,1.0,1.0,1.0,0.6666666666666666
EPS,0.0,0.0,0.25,0.0,0.0,0.0,0.0,1.0,1.0,0.0,0.0,0.0,0.0,1.0,1.0,0.0
EPT,0.0,0.0,1.0,0.0,0.0,0.0,0.0,0.0,0.0,0.0,0.3333333333333333,0.5,1.0,0.0,0.0,1.0
EPV,0.0,0.0,0.0,0.0,0.0,0.0,0.0,0.0,0.0,0.0,0.0,0.0,0.0,0.0,0.0,0.0
EPY,0.0,1.0,0.0,1.0,0.14285714285714285,1.0,0.0,0.0,0.0,0.0,0.0,0.0,1.0,0.0,0.0,1.0
EQA,0.0,0.1,0.5,1.0,0.0,0.0,0.18181818181818182,0.0,0.6666666666666666,0.0,0.6666666666666666,0.7333333333333333,0.8333333333333334,1.0,0.6666666666666666,1.0
EQD,0.0,0.0,0.0,0.0,0.0,0.0,0.0,0.0,0.0,0.0,0.0,0.0,0.0,0.0,0.0,0.0
EQE,0.0,0.0,0.0,0.0,0.0,0.0,0.0,0.0,0.0,0.0,0.0,0.0,0.0,0.0,0.0,0.0
EQF,0.0,0.0,0.0,0.0,0.0,0.0,0.0,0.0,0.0,0.0,0.0,0.0,0.0,0.0,0.0,0.0
EQH,0.0,0.0,0.0,0.0,0.0,0.0,0.0,0.0,0.0,0.0,0.0,0.0,0.0,0.0,0.0,0.0
EQI,0.0,0.0,1.0,0.0,1.0,0.5,0.0,0.0,0.0,1.0,0.0,0.0,0.0,0.0,0.0,0.0
EQK,0.0,1.0,1.0,0.0,1.0,0.0,1.0,1.0,0.0,1.0,0.5,1.0,0.0,0.0,0.5,0.0
EQL,0.0,0.0,0.0,0.0,0.0,0.0,0.0,0.0,0.0,0.05555555555555555,0.16666666666666666,0.0,0.0,0.0,0.0,0.0
EQP,0.8333333333333334,1.0,0.8888888888888888,1.0,0.75,1.0,0.375,0.5,0.8571428571428571,0.75,0.8,1.0,0.6666666666666666,1.0,0.7142857142857143,0.7142857142857143
EQQ,0.0,0.0,0.0,0.0,0.0,0.0,0.0,0.0,0.0,0.0,0.0,0.0,0.0,0.0,0.0,0.0
EQV,0.0,0.0,0.0,0.0,0.0,0.0,0.0,0.0,0.0,0.0,0.0,0.0,0.0,0.0,0.0,0.0
EQY,0.0,0.0,0.0,0.0,0.0,0.0,0.0,0.0,0.0,0.0,0.0,0.0,0.0,0.0,0.0,0.0
ERA,0.0,0.0,0.0,0.0,0.0,1.0,0.0,1.0,0.0,0.0,0.0,0.0,0.0,1.0,0.0,1.0
ERC,0.0,0.0,0.0,0.0,0.0,0.0,0.0,0.0,0.0,0.0,0.0,0.0,0.0,0.0,0.0,0.0
ERD,0.5,0.3333333333333333,1.0,1.0,0.25,0.8333333333333334,0.5,0.0,0.75,0.5,0.5,0.0,0.0,0.0,0.3333333333333333,0.0
ERE,0.0,0.0,0.0,1.0,0.0,0.0,0.0,1.0,1.0,0.0,0.0,0.0,0.0,1.0,0.07142857142857142,0.4
ERG,0.0,0.0,0.0,0.0,0.0,0.0,0.0,0.0,0.0,0.0,0.0,0.0,0.0,0.0,0.0,0.0
ERH,0.0,0.0,0.0,0.0,0.0,0.0,0.0,0.0,0.0,0.0,0.0,0.0,0.0,0.0,0.0,0.0
ERI,0.0,0.2,0.6666666666666666,1.0,0.75,1.0,0.75,0.0,0.0,0.0,0.6,0.8888888888888888,1.0,0.0,0.6666666666666666,1.0
ERL,0.2,0.0,0.0,0.16666666666666666,0.0,0.0,0.0,0.0,1.0,0.0,0.0,0.0,0.3333333333333333,0.0,0.0,0.3333333333333333
ERM,0.0,0.0,0.0,0.0,0.0,0.0,0.0,0.0,0.0,0.0,0.0,0.0,0.0,0.0,0.0,0.0
ERN,0.0,0.0,0.875,0.3333333333333333,0.0,0.0,0.0,0.5,1.0,0.42857142857142855,1.0,0.9868421052631579,0.5,0.0,0.9871794871794872,0.9459459459459459
ERP,1.0,1.0,0.5,0.0,0.5,0.6,1.0,1.0,1.0,1.0,0.6153846153846154,0.625,0.3333333333333333,1.0,0.8333333333333334,0.0
ERQ,0.8,0.2222222222222222,1.0,0.5,0.6666666666666666,0.0,0.0,0.5454545454545454,1.0,0.8333333333333334,0.7777777777777778,0.16666666666666666,0.0,0.0,0.875,0.5
ERR,1.0,1.0,1.0,0.0,1.0,0.5,0.0,0.0,0.3333333333333333,0.0,0.0,0.0,0.0,0.0,0.0,0.0
ERS,1.0,0.0,0.6666666666666666,0.8571428571428571,0.6666666666666666,0.6666666666666666,0.5,0.6,0.5,1.0,0.5,0.6666666666666666,0.8571428571428571,1.0,0.0,0.6666666666666666
ERT,0.0,0.0,0.0,0.0,0.0,0.0,0.0,0.0,0.0,0.0,0.0,0.0,0.0,0.0,0.0,0.0
ERV,0.0,1.0,0.5,0.6666666666666666,1.0,0.0,0.6666666666666666,0.6666666666666666,0.9090909090909091,0.5,0.3333333333333333,0.2222222222222222,0.0,0.5,0.3333333333333333,0.0
ERW,0.0,1.0,0.0,0.0,0.0,0.0,0.0,0.0,0.0,0.0,0.0,0.0,1.0,0.0,0.0,0.0
ERY,0.0,0.0,0.0,0.0,0.0,0.0,0.0,0.0,0.0,0.0,0.0,1.0,0.0,0.0,1.0,1.0
ESC,0.0,0.5,1.0,0.3333333333333333,1.0,0.75,1.0,0.0,0.3333333333333333,0.6666666666666666,1.0,0.0,0.0,0.5,0.0,1.0
ESD,0.0,0.0,0.0,0.0,0.0,0.0,0.0,0.0,0.0,0.0,0.0,0.0,0.0,0.0,0.0,0.0
ESE,0.0,0.96,0.0,0.0,1.0,0.6666666666666666,1.0,1.0,1.0,1.0,0.4067796610169492,1.0,0.0,1.0,1.0,0.9333333333333333
ESF,1.0,1.0,0.6666666666666666,0.0,1.0,0.0,0.5,0.3333333333333333,0.6,1.0,0.6875,0.0,0.0,0.0,0.0,0.0
ESG,0.0,0.0,0.0,0.0,0.0,0.0,0.0,0.0,0.0,0.0,0.25,0.16666666666666666,0.0,0.0,0.2857142857142857,0.3333333333333333
ESH,0.0,0.0,0.0,0.0,0.0,0.0,0.0,0.0,0.0,0.0,0.0,0.0,0.0,0.0,0.0,0.0
ESI,0.0,0.0,0.0,0.0,0.1,0.8151260504201681,0.0,0.7037037037037037,0.0,0.0,0.7241379310344828,0.0,0.0,0.0,0.0,0.0
ESK,1.0,0.0,1.0,0.0,0.0,0.0,0.0,0.0,0.5,0.0,0.0,0.0,0.5,0.0,0.0,0.0
ESL,0.0,0.0,0.0,0.0,0.0,0.0,0.0,0.0,0.0,0.0,0.0,0.0,0.0,0.0,0.0,0.0
ESM,0.0,0.0,0.0,0.5,0.0,0.0,1.0,0.0,1.0,0.0,0.0,0.0,0.0,0.0,1.0,0.0
ESN,0.0,0.0,0.4,0.0,0.0,0.0,0.0,0.0,0.0,0.0,0.0,0.0,1.0,0.0,0.0,0.5
ESP,0.0,0.0,0.0,0.0,0.0,0.0,0.0,0.0,0.0,0.0,0.0,0.0,0.0,0.0,0.0,0.0
ESQ,0.0,0.0,1.0,0.0,0.0,0.0,0.0,0.0,0.5,1.0,0.0,0.0,0.0,0.0,1.0,0.0
ESR,0.5,1.0,0.3333333333333333,0.5,0.5,0.5,0.0,0.4,0.5,0.16666666666666666,0.0,0.0,0.625,0.5,1.0,0.6666666666666666
ESS,0.0,0.2,0.5,0.0,0.3333333333333333,0.0,0.0,0.0,1.0,0.0,0.5714285714285714,0.5,0.75,0.0,0.6666666666666666,0.6666666666666666
EST,0.0,0.0,0.0,0.0,0.0,0.3333333333333333,1.0,0.0,0.0,0.3333333333333333,0.0,0.0,0.0,0.0,0.0,0.0
ESW,0.0,0.0,0.0,0.0,0.0,0.0,0.0,0.0,0.0,0.0,0.0,0.0,0.0,0.0,0.0,0.0
ESY,0.6666666666666666,0.0,0.0,0.0,0.0,0.0,0.0,0.0,0.6666666666666666,0.0,0.0,0.125,0.0,0.0,0.2,0.0
ETA,0.8,1.0,0.6666666666666666,0.0,1.0,0.0,0.0,1.0,1.0,0.0,0.7272727272727273,0.5,0.6666666666666666,0.0,0.375,0.0
ETC,0.0,0.5,0.25,0.3333333333333333,0.0,0.0,0.4,0.0,0.6666666666666666,0.0,0.08333333333333333,0.1111111111111111,0.3333333333333333,0.0,0.14285714285714285,0.125
ETE,0.0,0.5,0.5,1.0,0.0,0.0,0.5,0.0,0.5,0.0,0.2,0.0,0.0,0.0,0.25,0.0
ETF,0.0,0.0,0.0,0.0,0.0,0.0,0.0,0.0,0.0,0.0,0.0,0.0,0.0,0.0,0.0,0.0
ETG,0.0,0.0,0.25,0.25,0.2,0.0,0.5,0.0,0.75,0.0,0.2857142857142857,0.1,0.0,0.2,0.5,0.0
ETH,0.0,0.0,0.5,0.0,0.0,0.0,0.0,0.0,0.0,0.0,1.0,0.0,0.0,0.0,0.0,0.0
ETI,0.0,1.0,0.5,0.0,1.0,0.0,1.0,0.0,1.0,0.0,0.5,0.0,0.0,1.0,0.0,0.0
ETK,0.2857142857142857,0.25,0.0,0.25,1.0,0.08333333333333333,0.047619047619047616,0.1875,0.15384615384615385,0.8214285714285714,0.25,0.1111111111111111,0.0,0.14285714285714285,0.75,0.7704918032786885
ETL,1.0,0.3333333333333333,0.0,0.5,0.5,1.0,0.6666666666666666,0.0,0.2,0.3333333333333333,0.0,0.0,0.3333333333333333,0.0,0.0,0.0
ETM,0.0,0.0,0.0,0.0,0.0,0.0,0.0,0.0,1.0,0.0,0.0,0.0,0.0,0.0,1.0,0.0
ETN,0.0,0.0,0.0,0.0,0.0,0.0,0.0,1.0,0.5,0.0,0.6666666666666666,1.0,0.3333333333333333,0.3333333333333333,0.75,0.6
ETP,0.0,0.0,0.3333333333333333,0.0,1.0,0.8068181818181818,0.0,0.5,0.2857142857142857,0.875,0.775,1.0,0.0,0.375,0.0,0.0
ETQ,0.0,0.0,0.0,0.0,0.0,0.0,0.0,0.0,0.0,0.0,0.0,0.0,0.0,0.0,0.0,0.0
ETR,0.0,0.0,0.0,0.0,0.0,0.0,0.0,0.0,0.0,0.0,0.0,0.0,0.0,0.0,0.0,0.0
ETS,0.0,0.0,0.0,0.0,0.0,0.0,0.0,0.0,1.0,0.0,0.0,0.5,0.0,0.0,0.6666666666666666,0.5
ETT,0.0,0.0,0.0,0.0,0.0,1.0,0.0,0.6666666666666666,0.0,0.0,0.0,0.0,0.0,0.6666666666666666,0.0,1.0
ETV,0.0,0.0,0.0,0.125,0.0,0.0,0.0,0.0,0.125,0.0,0.0,0.0,0.0,0.0,0.6666666666666666,1.0
ETW,0.7090909090909091,0.8088235294117647,0.125,0.0,0.2,0.6747967479674797,0.5625,0.13333333333333333,0.7377049180327869,0.0,0.0,0.0,0.0,0.03571428571428571,0.0,0.08064516129032258
ETY,0.0,1.0,0.3333333333333333,0.0,1.0,1.0,1.0,0.6666666666666666,0.0,0.5,0.0,0.0,0.6666666666666666,0.0,0.0,0.0
EVA,0.0,0.0,0.0,0.0,0.0,0.0,0.0,0.0,0.0,0.0,0.0,0.0,0.0,0.0,0.0,0.0
EVC,0.0,0.0,0.0,0.0,0.0,0.0,0.0,0.0,0.0,0.0,0.0,0.0,0.0,0.0,0.0,0.0
EVD,0.0,0.0,0.0,0.0,0.0,0.0,0.0,0.0,0.0,0.0,0.0,0.0,0.0,0.0,0.0,0.0
EVE,0.6666666666666666,1.0,1.0,0.6666666666666666,1.0,0.0,0.5,0.5,0.3333333333333333,0.5,0.0,0.0,0.5,0.0,0.0,0.0
EVF,0.0,0.0,0.0,0.0,0.0,0.0,0.0,0.0,0.0,0.0,0.0,0.0,0.0,0.0,0.0,0.0
EVG,0.1111111111111111,0.0,0.7777777777777778,1.0,0.6666666666666666,0.6,0.2,0.0,0.5384615384615384,0.42857142857142855,0.6666666666666666,0.5,0.8,0.0,0.3333333333333333,0.8
EVH,0.0,0.0,0.0,0.0,0.0,0.0,0.0,0.0,0.0,0.0,0.0,0.0,0.0,0.0,0.0,0.0
EVI,0.0,0.0,0.0,0.0,0.0,0.023255813953488372,0.125,0.9473684210526315,0.0,0.0,0.7333333333333333,0.0,0.0,0.9523809523809523,0.0,0.7692307692307693
EVK,0.0,0.0,0.0,0.0,0.0,0.0,0.0,1.0,0.0,0.0,0.0,0.0,1.0,0.5,0.0,0.0
EVL,1.0,0.5,0.42857142857142855,0.5,0.5714285714285714,0.0,0.2,0.4,1.0,0.3333333333333333,0.2857142857142857,0.4166666666666667,0.5,0.5,0.4,0.0
EVM,0.0,0.0,1.0,0.0,0.0,1.0,0.0,0.0,0.0,0.5,0.0,0.0,0.5,0.0,0.0,0.6666666666666666
EVN,0.0,0.0,0.0,0.0,0.0,0.0,0.0,0.0,0.0,0.0,0.0,0.0,0.0,0.0,0.0,0.0
EVP,1.0,0.8,0.4,0.8571428571428571,0.7142857142857143,0.7142857142857143,0.0,0.6666666666666666,0.75,0.3333333333333333,0.3333333333333333,0.3333333333333333,1.0,0.625,0.5,1.0
EVQ,0.7777777777777778,0.45714285714285713,0.25,0.25,0.1875,0.9047619047619048,0.18181818181818182,0.0,0.5925925925925926,0.3870967741935484,0.8023255813953488,0.11764705882352941,0.09090909090909091,0.3333333333333333,0.19047619047619047,0.25
EVR,0.0,1.0,0.0,0.0,0.6666666666666666,1.0,0.4,1.0,0.5,1.0,0.0,0.0,0.0,1.0,0.5,1.0
EVS,0.0,1.0,0.0,0.0,0.5,0.0,0.0,0.0,0.0,0.0,0.0,0.0,0.0,0.0,0.0,0.0
EVT,0.0,0.0,0.0,0.0,0.0,0.0,0.0,0.0,0.0,0.0,0.0,0.0,0.0,0.0,0.0,0.0
EVV,0.4,0.6666666666666666,0.5555555555555556,0.7777777777777778,0.5,0.5294117647058824,0.5555555555555556,1.0,0.6363636363636364,0.25,0.6111111111111112,0.5,0.6,0.625,0.5555555555555556,0.8333333333333334
EVW,0.0,0.0,0.0,0.0,0.0,1.0,1.0,0.5,0.0,0.0,0.0,1.0,0.0,1.0,0.0,1.0
EVY,0.0,0.25,0.0,0.25,0.5,0.0,0.25,0.0,0.0,0.0,0.0,0.6666666666666666,0.6,0.0,0.0,0.5
EWA,0.0,0.0,0.0,0.0,0.0,0.0,0.0,0.0,0.0,0.0,0.0,0.0,0.0,0.0,0.0,0.0
EWE,0.0,0.7272727272727273,0.0,0.0,0.2,0.27906976744186046,0.75,0.6857142857142857,0.75,1.0,0.45,1.0,0.0,0.0,0.9230769230769231,0.75
EWI,0.0,0.6666666666666666,0.5,0.0,0.5714285714285714,0.4,0.0,1.0,0.0,0.0,0.3333333333333333,0.0,0.0,0.75,0.0,0.0
EWL,0.0,0.0,0.0,0.0,0.0,0.0,0.0,0.0,0.0,0.0,0.0,0.0,0.0,0.0,0.0,0.0
EWM,0.0,0.0,0.0,0.0,0.0,0.0,0.0,0.0,0.0,0.0,0.0,0.0,0.0,0.0,0.0,0.0
EWN,0.0,0.5,1.0,1.0,1.0,1.0,1.0,1.0,1.0,1.0,0.75,0.6666666666666666,1.0,0.0,1.0,0.0
EWV,1.0,0.631578947368421,0.1111111111111111,0.0,0.5,0.0,0.0,0.0,0.1,0.0,0.45454545454545453,0.35714285714285715,0.0,0.0,0.6666666666666666,0.5714285714285714
EYF,0.0,0.0,1.0,0.0,0.0,0.0,0.0,0.0,1.0,0.0,0.0,0.0,0.0,0.0,0.0,0.0
EYH,0.0,0.5,0.0,0.0,0.3333333333333333,0.0,0.0,0.0,0.0,0.3333333333333333,0.0,0.0,0.0,0.0,0.3333333333333333,0.0
EYI,0.0,0.0,0.0,0.6666666666666666,0.0,1.0,0.0,1.0,0.5,0.5,0.0,0.0,0.0,0.5,0.5,0.0
EYK,0.0,0.0,0.0,0.0,0.0,0.0,0.0,0.0,0.0,1.0,0.5,1.0,0.0,0.0,1.0,0.0
EYL,0.0,0.0,0.0,0.0,0.0,0.0,0.0,0.0,0.0,0.0,0.14285714285714285,0.4,0.5,0.0,0.5,0.0
EYR,0.0,0.0,1.0,0.0,1.0,1.0,0.0,0.0,0.0,1.0,1.0,0.0,0.0,0.0,0.0,0.0
EYS,0.0,0.0,0.0,0.0,0.0,0.0,0.0,0.0,0.0,0.0,0.0,0.0,0.0,0.0,0.0,0.0
EYT,1.0,0.5,0.0,0.6666666666666666,0.5,0.75,0.5,1.0,0.0,0.6666666666666666,0.5,1.0,0.75,0.0,1.0,0.0
EYV,1.0,0.0,0.8,0.0,0.3333333333333333,1.0,0.0,0.0,0.6666666666666666,0.0,0.0,0.0,0.0,0.0,0.0,0.0
EYW,0.0,0.96,0.0,0.0,0.96,0.3157894736842105,0.5714285714285714,0.6388888888888888,0.0,0.8695652173913043,0.0,0.0,0.0,0.0,0.2,0.6388888888888888
FAA,0.0,0.0,0.0,0.0,0.0,0.0,0.0,0.0,0.0,0.0,0.0,0.0,0.0,0.0,0.0,0.0
FAC,0.0,1.0,0.0,1.0,0.0,0.42857142857142855,0.0,0.0,0.0,0.0,0.0,0.0,1.0,1.0,0.0,1.0
FAE,0.0,0.0,0.0,0.0,1.0,0.25,0.0,1.0,0.0,1.0,0.0,0.0,0.0,1.0,1.0,0.0
FAI,0.25,0.8,0.0,0.8888888888888888,1.0,0.3424657534246575,0.21428571428571427,0.1111111111111111,0.18181818181818182,0.7272727272727273,0.5106382978723404,0.0,1.0,0.45454545454545453,0.6666666666666666,0.2
FAN,0.3333333333333333,0.8888888888888888,0.6,0.0,0.8333333333333334,0.75,0.0,1.0,0.0,0.0,0.2222222222222222,0.5,1.0,0.0,1.0,0.0
FAP,0.0,1.0,0.0,0.0,0.0,0.0,1.0,0.0,0.0,0.0,0.0,1.0,0.0,0.0,0.0,1.0
FAS,0.0,0.4,0.0,0.0,0.6666666666666666,0.0,0.0,0.0,0.0,0.0,0.0,0.0,0.0,0.0,0.0,0.0
FAT,0.0,0.09090909090909091,0.5,0.0,0.3333333333333333,0.0,0.0,0.0,0.0,0.0,0.4,0.4,0.0,0.6666666666666666,0.0,0.0
FAW,0.0,0.0,0.0,1.0,0.0,1.0,0.0,0.0,0.0,0.0,0.0,0.0,0.0,1.0,0.0,1.0
FAY,0.0,0.0,0.0,0.0,0.0,0.0,0.0,0.0,0.0,0.0,0.0,0.0,0.0,0.0,0.0,0.0
FCA,0.6666666666666666,0.625,0.23076923076923078,1.0,1.0,0.2,0.0,0.5714285714285714,0.5,0.5,0.4117647058823529,0.22727272727272727,0.5,0.3333333333333333,0.625,0.0
FCE,0.0,0.0,0.0,0.0,0.0,0.0,0.0,0.0,0.0,0.0,0.0,0.0,0.0,0.0,0.0,0.0
FCF,0.0,0.0,0.0,0.0,0.0,0.0,0.0,0.0,0.0,0.0,0.0,0.0,0.0,0.0,0.0,0.0
FCG,0.0,1.0,1.0,0.0,1.0,0.0,0.0,0.0,0.0,0.0,0.0,0.0,0.6666666666666666,0.0,0.0,0.0
FCK,0.75,1.0,1.0,0.0,0.6666666666666666,0.2,1.0,0.0,0.0,0.6666666666666666,0.2,0.5,0.5,0.0,0.0,0.0
FCL,0.0,0.0,0.0,1.0,0.0,0.0,0.0,1.0,0.5,0.0,0.0,0.0,0.0,0.0,1.0,0.0
FCQ,0.0,0.0,0.0,0.0,0.0,0.0,0.0,0.0,0.0,0.0,0.0,0.0,0.0,0.0,0.0,0.0
FDA,0.0,0.5,0.0,0.0,0.0,0.0,0.0,1.0,0.0,0.0,0.0,0.0,0.0,0.0,0.0,1.0
FDC,0.0,0.0,0.0,0.0,0.0,0.0,0.0,0.0,0.0,0.0,0.0,0.0,0.0,0.0,0.0,0.0
FDD,0.0,0.0,0.0,0.0,0.5,1.0,0.0,0.0,0.0,0.0,0.0,0.0,0.0,0.0,0.0,0.0
FDE,0.0,0.0,0.0,0.0,0.0,0.0,0.0,0.0,0.0,0.0,0.0,0.0,0.0,0.0,0.0,0.0
FDG,0.0,0.0,0.0,0.0,0.0,0.0,0.5,0.0,0.0,0.0,0.0,0.5,0.0,1.0,1.0,0.0
FDI,1.0,0.2,0.7142857142857143,0.3333333333333333,1.0,0.9166666666666666,0.8,0.5,0.6666666666666666,0.8,0.5,0.5,0.6666666666666666,0.6666666666666666,0.0,0.0
FDK,0.0,1.0,1.0,0.0,0.8888888888888888,1.0,0.5,0.0,0.9166666666666666,0.6666666666666666,0.0,0.8333333333333334,1.0,1.0,0.0,1.0
FDM,0.0,0.0,0.3333333333333333,0.0,0.0,0.0,0.0,0.0,0.0,0.0,0.6666666666666666,0.0,0.0,0.0,0.0,0.0
FDN,1.0,0.5,0.0,0.0,0.0,1.0,0.0,0.0,0.5,0.0,0.0,0.0,0.0,0.0,0.0,0.0
FDP,1.0,0.0,0.6666666666666666,1.0,0.0,0.0,0.0,0.3333333333333333,1.0,0.0,0.35714285714285715,0.0,0.0,1.0,0.0,0.0
FDQ,0.0,0.0,0.0,0.0,1.0,1.0,0.0,0.0,0.0,0.0,0.0,0.0,0.0,0.0,0.0,0.0
FDR,0.0,0.0,0.0,0.0,0.0,0.0,0.0,0.0,0.0,0.0,0.0,0.0,0.0,0.0,0.0,0.0
FDS,1.0,0.6666666666666666,0.0,1.0,0.0,0.0,0.0,1.0,1.0,0.0,0.0,0.0,1.0,1.0,0.5,1.0
FDV,0.0,0.5,1.0,1.0,0.0,1.0,0.0,0.5,0.6666666666666666,0.5,0.4444444444444444,0.75,0.6666666666666666,1.0,0.5882352941176471,0.8571428571428571
FDY,1.0,0.6818181818181818,0.16666666666666666,0.0,0.2,0.1,0.0,0.0,0.8125,0.0,0.0,0.0,0.0,0.0,0.0,0.0
FEA,0.0,0.0,0.0,0.0,0.0,1.0,0.0,0.5,0.0,0.0,0.0,0.0,0.0,0.5,0.0,0.5
FED,0.0,1.0,0.5,0.0,1.0,0.0,0.0,0.0,0.5,1.0,0.0,0.0,0.0,0.0,0.0,0.0
FEE,0.0,0.0,1.0,1.0,0.5,0.5,1.0,0.0,1.0,0.5,0.0,0.0,0.0,1.0,0.6666666666666666,1.0
FEF,1.0,0.0,0.0,1.0,0.0,0.0,0.0,1.0,0.0,0.0,0.0,0.0,0.0,1.0,0.0,0.0
FEG,0.0,0.0,0.0,0.0,0.0,0.0,0.0,0.0,0.0,0.0,0.0,0.0,0.0,0.0,0.0,0.0
FEH,0.0,0.0,0.0,0.0,0.0,0.0,0.0,0.0,0.0,0.0,0.0,0.0,0.0,0.0,0.0,0.0
FEI,1.0,0.0,0.42857142857142855,0.0,0.0,0.0,0.0,0.0,0.6,0.0,0.3333333333333333,0.0,0.8,0.0,0.0,1.0
FEK,0.5555555555555556,0.0,0.45454545454545453,0.0,0.0,0.25,0.0,0.5,0.8571428571428571,0.14285714285714285,0.2727272727272727,0.6857142857142857,0.25,0.4,0.35714285714285715,0.9473684210526315
FEL,0.0,0.0,0.0,0.0,0.0,0.0,0.0,0.0,0.0,0.0,0.0,0.0,0.0,0.0,0.0,0.0
FEM,0.0,0.0,1.0,0.0,0.8333333333333334,0.0,1.0,0.0,1.0,1.0,0.0,1.0,0.0,1.0,0.0,0.0
FEN,0.0,0.0,0.0,0.0,0.0,0.0,0.0,0.0,0.0,0.0,0.0,0.0,0.0,0.0,0.0,0.0
FEP,0.0,0.0,0.0,0.0,0.0,0.0,0.0,0.0,0.0,0.0,0.0,0.0,0.0,0.0,0.0,0.0
FER,0.4,0.0,0.5,0.5,0.0,0.0,0.0,1.0,0.5,0.16666666666666666,0.0,0.0,0.6,0.3333333333333333,0.5,0.75
FES,0.0,0.0,0.5,0.0,0.0,0.0,0.0,0.0,0.0,0.0,0.6666666666666666,0.2222222222222222,1.0,0.0,0.3333333333333333,0.5
FET,1.0,0.0,0.0,0.0,0.0,1.0,1.0,0.0,0.5,1.0,0.6,0.6666666666666666,0.0,0.0,0.5,0.75
FEV,0.3333333333333333,0.0,0.0,0.0,0.0,0.3333333333333333,0.0,0.3333333333333333,0.0,0.0,0.0,0.4444444444444444,0.6666666666666666,0.3333333333333333,0.0,0.6666666666666666
FFD,0.0,0.0,0.0,0.0,0.0,0.0,0.0,0.0,0.0,0.0,0.0,0.0,0.0,0.0,0.0,0.0
FFE,0.0,0.0,0.0,0.0,0.0,1.0,1.0,0.0,0.0,1.0,0.6,0.6666666666666666,0.0,0.0,0.5,1.0
FFF,0.0,0.0,0.0,0.0,0.0,0.0,0.0,0.0,0.0,0.0,0.0,0.0,0.0,0.0,0.0,0.0
FFG,0.0,0.0,0.0,0.0,0.0,0.0,0.0,0.0,0.0,0.0,1.0,1.0,0.0,1.0,1.0,0.0
FFH,0.0,0.0,0.0,0.0,0.0,0.0,0.0,0.0,0.0,0.0,0.0,0.0,0.0,0.0,0.0,0.0
FFK,1.0,1.0,0.0,0.0,0.0,0.5,1.0,0.0,1.0,0.0,0.0,1.0,0.0,0.0,0.0,0.0
FFL,1.0,1.0,0.0,0.0,0.0,0.0,0.0,1.0,0.0,1.0,0.0,1.0,0.0,1.0,1.0,0.0
FFN,0.0,0.3333333333333333,1.0,0.0,1.0,0.0,0.0,0.0,1.0,0.0,0.6666666666666666,0.75,0.0,1.0,1.0,1.0
FFQ,0.6,0.6666666666666666,0.0,0.0,1.0,1.0,0.5,0.25,0.6666666666666666,0.0,1.0,1.0,0.0,1.0,1.0,0.0
FFR,0.0,0.0,0.3333333333333333,0.5,0.0,0.0,0.0,0.0,1.0,0.3333333333333333,0.0,0.4,0.0,0.0,1.0,1.0
FFW,0.0,0.0,1.0,0.0,0.0,0.0,0.0,0.0,0.5,0.0,0.6666666666666666,0.0,0.0,0.0,0.0,0.0
FGA,0.0,0.0,0.0,0.0,0.0,0.0,0.0,0.0,0.0,0.0,0.0,0.0,0.0,0.0,0.0,0.0
FGD,0.0,0.0,0.0,0.0,0.0,0.0,0.0,0.0,0.0,0.0,0.0,0.0,0.0,0.0,0.0,0.0
FGE,0.0,0.5,0.3333333333333333,0.6666666666666666,0.25,0.6666666666666666,0.6666666666666666,0.3333333333333333,0.25,0.0,0.6666666666666666,0.2857142857142857,1.0,1.0,0.375,0.2857142857142857
FGF,0.0,0.0,0.0,0.0,0.0,0.0,0.0,0.0,0.0,0.0,0.0,0.0,0.0,0.0,0.0,0.0
FGG,0.0,0.0,0.0,0.0,0.0,0.0,1.0,0.5,0.0,0.0,0.0,0.6666666666666666,0.0,1.0,0.25,0.0
FGH,0.0,0.0,0.0,0.0,0.0,0.0,0.0,0.0,0.0,0.0,0.0,0.0,0.0,0.0,0.0,0.0
FGI,0.0,0.0,0.0,0.0,0.0,0.0,0.0,0.0,0.0,0.0,0.0,0.0,0.0,0.0,0.0,0.0
FGK,0.0,0.0,0.0,0.0,0.0,0.0,0.0,0.0,0.0,0.0,0.0,0.0,0.0,0.0,0.0,0.0
FGL,0.0,0.0,0.0,0.0,0.0,0.0,0.0,0.0,0.0,0.0,0.0,0.0,0.0,0.0,0.0,0.0
FGP,0.0,0.0,0.0,0.0,0.0,0.0,0.0,0.0,0.0,0.0,0.0,0.0,0.0,0.0,0.0,0.0
FGQ,0.7333333333333333,0.9230769230769231,0.0,0.0,0.0,0.0,0.0,0.0,0.25,0.0,0.0,0.0,0.0,0.0,0.0,0.0
FGR,0.0,1.0,1.0,0.0,0.6666666666666666,0.0,0.0,0.5,0.6666666666666666,0.0,0.0,1.0,0.8,0.0,0.0,1.0
FGS,0.0,0.0,0.0,1.0,0.5,1.0,1.0,0.0,0.0,0.0,1.0,0.6666666666666666,0.6666666666666666,1.0,0.5,0.0
FGT,0.0,0.0,0.0,0.0,0.0,0.0,0.0,0.0,0.0,0.0,0.0,0.0,0.0,0.0,0.0,0.0
FGV,0.0,0.0,0.0,0.0,0.0,0.0,0.0,0.0,0.0,0.0,0.0,0.0,0.0,0.0,0.0,0.0
FHA,0.0,0.0,0.0,0.0,0.0,0.0,0.0,0.0,0.0,0.0,0.0,0.0,0.0,0.0,0.0,0.0
FHC,0.0,0.0,0.0,0.0,0.0,0.0,0.0,1.0,0.0,0.0,0.0,0.0,0.0,0.0,0.0,0.0
FHE,0.0,0.0,0.0,0.0,0.0,1.0,0.0,0.0,0.0,0.0,0.0,0.0,0.0,1.0,0.0,0.0
FHF,1.0,0.0,0.2,0.0,0.0,0.0,0.0,0.0,0.3333333333333333,1.0,0.15384615384615385,0.0,0.0,0.0,0.0,0.0
FHK,0.0,1.0,0.0,0.0,1.0,0.3333333333333333,0.0,0.5,0.5,0.0,1.0,0.0,0.0,0.5,1.0,0.0
FHL,1.0,1.0,1.0,1.0,1.0,1.0,0.0,1.0,0.6666666666666666,0.0,0.6666666666666666,0.0,1.0,0.0,1.0,1.0
FHR,0.0,0.0,1.0,0.0,0.0,1.0,1.0,1.0,1.0,1.0,1.0,1.0,0.0,0.0,1.0,0.5
FHT,0.0,0.0,0.0,0.0,0.0,0.0,0.0,0.0,0.0,0.0,0.0,0.0,0.0,0.0,0.0,0.0
FHV,0.0,0.0,0.0,0.0,0.0,0.0,0.0,0.0,0.0,0.0,0.0,0.0,0.0,0.0,0.0,0.0
FHW,0.0,0.0,0.0,0.0,0.0,0.0,0.0,0.0,0.0,0.0,0.0,0.0,0.0,0.0,0.0,0.0
FIA,0.0,0.0,0.0,0.0,0.0,0.0,0.0,0.0,0.0,0.0,0.0,0.0,0.0,0.0,0.0,0.0
FID,0.0,0.0,0.0,0.0,0.0,0.0,0.0,0.0,0.0,0.0,0.0,0.0,0.0,0.0,0.0,0.0
FIG,0.0,0.0,0.0,0.0,0.0,0.0,0.0,0.0,0.0,0.0,0.0,0.0,0.0,0.0,0.0,0.0
FII,0.0,0.3333333333333333,0.0,0.0,1.0,0.0,1.0,0.6,0.0,0.42857142857142855,0.25,0.0,0.0,0.0,0.14285714285714285,0.0
FIL,0.0,0.5,0.3333333333333333,1.0,0.0,0.0,0.0,0.0,0.0,0.0,0.5,0.0,1.0,0.0,0.0,0.0
FIR,1.0,0.0,0.6,0.3333333333333333,0.16666666666666666,0.4,1.0,0.0,0.0,0.5,0.3,0.42857142857142855,0.5,0.16666666666666666,0.25,0.3333333333333333
FIS,0.0,0.0,1.0,0.0,0.0,0.0,0.0,1.0,0.0,1.0,0.0,0.0,1.0,0.5,0.0,1.0
FIV,0.0,1.0,0.5,0.0,1.0,1.0,0.3333333333333333,0.0,0.0,0.5,0.75,0.3333333333333333,1.0,0.0,0.0,0.0
FIY,0.0,0.0,0.0,0.0,0.0,0.0,0.0,0.0,0.0,0.0,0.0,0.0,0.0,0.0,0.0,0.0
FKC,0.0,0.0,0.0,0.0,0.0,0.0,0.0,0.0,0.0,0.0,0.0,0.0,0.0,0.0,0.0,0.0
FKD,0.0,0.0,0.0,0.0,0.0,0.0,0.0,0.0,0.0,0.0,0.0,0.0,0.0,0.0,0.0,0.0
FKE,0.16666666666666666,1.0,0.0,0.0,0.8333333333333334,0.0,0.3333333333333333,0.7142857142857143,0.0,0.0,0.0,0.4444444444444444,0.5,0.0,0.0,0.5714285714285714
FKH,0.0,0.0,0.0,0.0,0.0,0.0,0.0,0.0,0.0,0.0,0.0,0.0,0.0,0.0,0.0,0.0
FKK,0.0,0.3333333333333333,0.75,0.5,1.0,0.0,0.5,0.0,0.0,1.0,0.03225806451612903,1.0,0.6923076923076923,0.0,0.0,0.6666666666666666
FKL,0.23076923076923078,0.7027027027027027,0.0,1.0,0.16666666666666666,0.390625,0.574468085106383,0.5813953488372093,0.2727272727272727,0.9230769230769231,0.034482758620689655,0.9629629629629629,0.0,0.0,0.9259259259259259,0.7021276595744681
FKN,0.0,0.0,0.0,0.0,0.0,0.0,0.0,0.8571428571428571,0.0,0.8888888888888888,0.0,0.0,0.0,0.0,0.6666666666666666,0.8245614035087719
FKP,0.0,0.0,1.0,0.0,1.0,0.0,0.0,0.0,0.0,0.0,1.0,0.0,0.0,1.0,0.0,0.0
FKQ,0.0,0.0,0.0,0.0,0.0,0.0,0.0,0.0,0.0,0.0,0.3333333333333333,0.5,1.0,0.0,0.0,1.0
FKR,0.0,0.0,0.0,0.0,0.0,0.0,0.0,0.0,0.0,0.0,0.0,0.0,0.0,0.0,0.0,0.0
FKT,0.5,0.7692307692307693,0.8571428571428571,0.0,0.9166666666666666,0.75,0.7857142857142857,0.0,0.8333333333333334,0.5454545454545454,0.0,0.9166666666666666,1.0,0.8571428571428571,0.3333333333333333,0.0
FKV,0.4,1.0,1.0,0.6666666666666666,1.0,0.0,0.0,0.0,0.5,1.0,0.0,0.0,1.0,0.0,0.0,0.0
FKY,0.0,0.0,0.0,0.0,0.0,0.0,0.0,0.0,0.0,0.0,0.0,0.0,0.0,0.0,0.0,0.0
FLA,0.0,0.0,0.0,0.0,0.0,0.0,0.0,0.0,0.0,0.0,0.0,0.0,0.0,0.0,0.0,0.0
FLE,0.0,0.0,0.0,0.0,0.0,0.0,0.0,0.0,0.0,0.0,0.0,0.0,0.0,0.0,0.0,0.0
FLF,0.0,0.0,0.0,0.0,0.0,0.0,0.0,0.0,0.0,0.0,0.0,0.0,0.0,0.0,0.0,0.0
FLG,0.0,0.0,0.0,0.0,0.0,0.0,0.0,0.0,0.0,0.0,0.0,0.0,0.0,0.0,0.0,0.0
FLK,0.0,0.5,0.8,0.3333333333333333,0.0,1.0,1.0,0.7142857142857143,0.2857142857142857,1.0,0.0,0.5,0.6666666666666666,0.2857142857142857,0.6666666666666666,0.5
FLL,0.0,0.0,0.0,0.0,0.0,0.0,0.0,0.0,0.0,0.0,0.0,0.0,0.0,0.0,0.0,0.0
FLP,0.0,0.0,0.0,0.0,0.0,0.0,0.0,0.0,0.0,0.0,0.0,0.0,0.0,0.0,0.0,0.0
FLQ,0.8,0.5,0.6666666666666666,1.0,0.25,0.0,0.4,0.0,0.0,0.0,0.3076923076923077,0.7692307692307693,0.8,0.0,0.5714285714285714,1.0
FLS,0.5,1.0,0.0,0.0,0.0,0.0,1.0,0.0,0.5,0.0,0.4,1.0,0.0,0.0,0.5,0.3333333333333333
FLT,0.0,0.0,0.0,1.0,0.0,0.0,0.0,0.0,0.0,0.0,0.0,0.0,1.0,0.0,0.5,0.0
FLV,0.0,0.6666666666666666,0.0,1.0,0.0,0.0,0.5,0.0,0.0,0.0,0.0,1.0,1.0,0.0,0.0,1.0
FLW,0.0,0.0,0.0,0.0,0.0,0.7758620689655172,0.0,0.0,0.18181818181818182,1.0,0.8089887640449438,0.0,0.0,0.0,0.0,0.0
FLY,0.0,0.0,0.0,0.0,0.0,0.0,0.0,0.5,0.0,0.5,0.2,0.0,0.0,0.0,0.3333333333333333,0.0
FMD,0.0,0.0,0.0,0.0,0.0,0.0,0.0,0.0,0.0,0.0,1.0,1.0,0.0,0.0,1.0,0.0
FML,0.0,0.8571428571428571,0.0,0.0,0.0,1.0,0.2,0.0,1.0,0.3333333333333333,0.0,0.0,0.0,0.0,0.0,0.0
FMR,0.0,0.0,1.0,0.0,0.0,0.0,1.0,0.0,1.0,0.0,1.0,0.0,0.0,0.0,0.0,0.0
FMY,0.0,0.0,0.6666666666666666,0.0,0.0,0.0,0.0,0.0,0.4,0.0,0.0,0.0,0.0,0.0,0.0,0.0
FNA,0.0,0.0,0.0,0.0,0.0,0.0,0.0,0.0,0.0,0.0,0.0,0.0,0.0,0.0,0.0,0.0
FNC,1.0,0.8571428571428571,0.0,0.0,0.8,1.0,0.8,0.0,1.0,0.0,0.8571428571428571,0.0,0.0,0.0,0.0,0.0
FNE,0.0,0.6666666666666666,0.5,0.6,0.0,0.0,0.4,1.0,0.7857142857142857,0.0,0.42857142857142855,0.0,0.0,0.0,0.2727272727272727,0.16666666666666666
FNH,0.0,1.0,0.0,0.0,0.0,0.0,0.0,1.0,0.0,0.0,0.0,1.0,0.0,0.0,1.0,1.0
FNN,0.0,0.0,0.0,0.0,0.0,0.0,0.0,0.0,0.0,0.0,0.0,0.125,0.5,0.0,0.0,0.0
FNP,0.0,0.0,0.0,0.0,0.0,0.0,0.0,0.0,0.0,0.0,0.0,0.0,0.0,0.0,1.0,1.0
FNQ,0.0,0.0,0.0,0.0,0.0,0.0,0.0,0.0,0.0,0.0,0.0,0.0,0.0,0.0,0.0,0.0
FNR,0.0,0.0,0.0,0.5,0.0,0.0,0.0,0.0,0.3333333333333333,0.0,0.0,0.0,0.0,0.0,1.0,0.0
FNT,0.0,0.6666666666666666,0.4,0.0,0.0,0.0,0.0,0.6666666666666666,0.0,0.0,0.0,0.0,1.0,0.0,0.0,0.6666666666666666
FNV,0.0,0.0,0.0,0.0,0.0,0.0,0.0,0.0,0.0,0.0,0.0,0.0,0.0,0.0,0.0,0.0
FNW,0.0,0.0,0.0,0.0,0.0,0.0,0.0,0.0,0.0,0.0,0.0,0.0,0.0,0.0,0.0,0.0
FNY,0.0,0.2,1.0,0.0,1.0,0.0,0.0,0.0,1.0,0.0,0.0,0.8333333333333334,0.0,1.0,0.0,0.0
FPC,0.0,0.0,0.0,0.0,0.0,0.0,0.0,0.0,0.0,0.0,0.0,0.0,0.0,0.0,0.0,0.0
FPD,0.0,0.0,0.0,0.0,0.0,0.0,0.0,0.0,0.0,0.0,0.0,0.0,0.0,0.0,0.0,0.0
FPE,0.0,0.0,0.0,0.0,0.0,0.0,0.0,0.0,0.0,0.0,0.0,0.0,0.0,0.0,0.0,0.0
FPF,0.0,0.0,0.0,0.0,0.0,0.0,0.0,0.0,0.0,0.7142857142857143,0.0,0.0,0.0,0.0,1.0,1.0
FPG,0.8,0.25,1.0,1.0,0.0,0.0,0.0,0.6,0.0,0.5,0.0,0.0,0.75,0.5,0.0,0.5
FPI,0.0,0.0,0.0,0.0,0.0,0.0,0.0,0.0,0.0,0.0,0.0,0.0,0.0,0.0,0.0,0.0
FPK,0.0,0.0,0.0,0.0,0.0,0.0,0.0,0.0,0.0,0.0,0.0,0.0,0.0,0.0,0.0,0.0
FPL,0.0,1.0,0.0,0.0,1.0,0.6666666666666666,0.5,0.0,0.0,0.0,0.0,0.0,0.0,0.0,0.0,0.0
FPN,1.0,0.6363636363636364,0.6666666666666666,0.0,0.7142857142857143,0.3333333333333333,0.0,1.0,0.0,0.0,0.0,0.25,0.0,0.0,0.0,0.5
FPP,0.0,0.0,0.0,0.0,0.5,0.25,0.0,0.0,0.0,0.0,0.0,0.0,0.0,0.0,0.0,0.0
FPR,0.0,0.0,0.0,0.0,0.0,0.0,0.0,0.0,0.0,0.0,0.0,0.0,0.0,0.0,0.0,0.0
FPS,0.9411764705882353,0.9444444444444444,1.0,0.0,0.8888888888888888,0.75,0.0,0.5,0.16666666666666666,0.0,0.0,1.0,0.0,0.0,0.3333333333333333,0.0
FPW,0.0,0.0,0.0,0.0,0.0,0.0,0.0,0.0,0.0,0.0,0.0,0.0,0.0,0.0,0.0,0.0
FQD,0.0,1.0,0.2,0.5,0.4,1.0,0.0,0.0,0.0,1.0,0.6,0.3333333333333333,1.0,0.0,0.0,0.0
FQE,0.0,0.0,0.0,0.5,0.0,1.0,0.0,1.0,0.0,0.0,0.0,0.0,0.0,0.6,0.5,1.0
FQF,0.0,0.0,0.0,1.0,0.0,0.0,0.0,1.0,1.0,0.0,0.0,0.0,0.0,1.0,1.0,1.0
FQG,0.5,1.0,0.0,0.0,1.0,1.0,1.0,1.0,1.0,0.0,0.6666666666666666,1.0,0.0,1.0,1.0,0.0
FQI,1.0,1.0,1.0,1.0,1.0,1.0,0.0,1.0,1.0,1.0,0.3333333333333333,0.4,1.0,0.0,0.6666666666666666,0.0
FQL,0.0,0.0,0.0,0.0,0.0,0.0,0.0,0.0,0.0,0.0,0.0,0.0,0.0,0.0,0.0,0.0
FQN,1.0,0.5,0.6,1.0,0.6666666666666666,0.3333333333333333,0.3333333333333333,1.0,1.0,0.5714285714285714,0.0,0.5,1.0,1.0,1.0,0.8333333333333334
FQP,0.0,0.3333333333333333,0.0,0.0,0.6666666666666666,0.0,0.5,0.0,0.0,0.6666666666666666,0.0,0.0,0.0,0.0,0.0,0.0
FQR,0.6666666666666666,0.0,0.0,0.0,0.0,0.0,0.0,0.0,0.0,0.0,0.0,0.0,0.0,0.0,0.0,0.0
FQS,0.0,0.9166666666666666,0.0,0.2857142857142857,0.0,0.8163265306122449,0.45454545454545453,0.0,0.18181818181818182,1.0,0.7236842105263158,0.3333333333333333,0.0,0.3333333333333333,1.0,0.16666666666666666
FRA,0.0,0.0,0.5,0.0,0.0,0.0,0.0,0.0,1.0,0.5,0.0,0.6666666666666666,0.0,0.0,0.5,1.0
FRD,0.0,0.0,0.0,0.0,0.0,0.0,0.0,0.0,0.0,0.0,0.0,0.0,0.0,0.0,0.0,0.0
FRE,1.0,0.6842105263157895,0.7307692307692307,0.8461538461538461,0.0,0.49411764705882355,0.3,0.0,0.6875,0.4,0.4634146341463415,0.0,0.9444444444444444,0.32,0.36363636363636365,0.14285714285714285
FRF,1.0,0.5,1.0,0.0,0.0,0.0,0.0,1.0,1.0,1.0,1.0,0.6666666666666666,1.0,0.0,1.0,1.0
FRG,1.0,0.0,0.0,0.0,0.0,0.0,0.0,0.0,0.0,0.0,0.0,0.0,0.0,0.0,0.0,0.0
FRH,0.0,0.0,0.0,0.0,0.0,0.0,0.0,0.0,0.0,0.0,0.0,0.0,0.0,0.0,0.0,0.0
FRK,0.125,0.7692307692307693,0.1,0.25,0.8333333333333334,0.14285714285714285,0.20833333333333334,0.75,0.16666666666666666,0.6923076923076923,0.1875,0.45,0.0,0.0,0.6470588235294118,0.6666666666666666
FRL,0.8888888888888888,1.0,1.0,0.0,1.0,0.75,1.0,1.0,0.7,0.6666666666666666,0.9166666666666666,1.0,1.0,1.0,0.8,1.0
FRM,0.0,0.0,0.0,0.0,0.0,0.0,0.0,0.0,0.0,0.0,0.0,0.0,0.0,0.0,0.0,0.0
FRN,0.0,0.0,0.0,0.0,0.0,0.0,0.0,0.0,0.0,0.0,0.0,0.0,0.0,0.0,0.0,0.0
FRQ,0.0,0.0,0.0,0.0,0.0,1.0,1.0,0.6666666666666666,0.0,0.0,0.0,1.0,0.0,0.6666666666666666,0.0,1.0
FRS,0.0,0.0,0.0,0.3333333333333333,0.0,0.0,0.0,0.0,1.0,0.0,0.0,0.0,0.0,0.0,0.0,0.0
FRV,0.0,1.0,1.0,0.0,0.8333333333333334,1.0,1.0,0.0,1.0,1.0,0.0,1.0,0.0,1.0,0.0,0.0
FRY,1.0,0.5,1.0,0.0,0.0,0.0,1.0,1.0,1.0,0.5,1.0,1.0,1.0,0.0,1.0,1.0
FSA,0.75,0.5,0.0,0.5,0.0,0.0,0.0,0.6666666666666666,1.0,0.0,0.0,0.0,1.0,1.0,0.5,0.0
FSC,0.0,0.0,0.0,0.0,0.0,0.0,0.0,0.0,0.0,0.0,0.0,0.0,0.0,0.0,0.0,0.0
FSD,0.0,0.0,0.0,0.0,0.0,0.0,0.0,0.0,0.0,0.0,0.48717948717948717,0.5714285714285714,0.0,0.0,0.631578947368421,0.8571428571428571
FSE,0.0,0.0,0.0,0.0,0.0,0.0,1.0,0.0,0.0,0.0,0.5,0.0,0.0,0.0,0.0,0.0
FSF,0.0,0.0,0.0,0.0,0.0,0.0,0.0,0.0,0.0,0.0,0.0,0.0,0.0,0.0,0.0,0.0
FSG,0.4666666666666667,0.3,0.5,0.0,0.125,0.4,0.25,0.2222222222222222,0.6,0.0,0.5,0.75,0.3333333333333333,0.6666666666666666,0.09090909090909091,0.0
FSK,1.0,0.5,1.0,0.0,0.5,0.0,0.0,0.0,0.5,0.2,0.0,0.6666666666666666,1.0,0.0,0.5,0.0
FSL,0.0,0.0,1.0,0.0,0.0,0.5,0.0,1.0,0.0,0.3333333333333333,0.5,0.5,1.0,0.0,0.0,0.25
FSN,0.0,0.0,0.0,0.0,0.0,0.0,0.0,0.0,0.0,0.0,0.0,0.0,0.0,0.0,0.0,0.0
FSP,0.0,0.0,0.0,0.3333333333333333,0.3333333333333333,0.0,0.0,0.0,0.0,0.0,0.25,0.0,0.0,0.0,0.5,0.3333333333333333
FSR,0.1111111111111111,0.25,0.3333333333333333,0.3333333333333333,1.0,0.38461538461538464,0.0,0.0,0.0,1.0,0.25,0.125,0.2,0.25,0.0,0.0
FSS,1.0,0.0,0.8333333333333334,0.0,0.0,0.0,0.0,0.0,0.6666666666666666,0.0,0.7777777777777778,0.5,0.0,0.0,0.0,0.5
FST,0.0,0.0,0.0,0.0,0.0,0.0,0.0,0.0,0.0,0.0,0.0,0.0,0.0,0.0,0.0,0.0
FSV,0.0,0.8333333333333334,0.0,0.25,0.0,0.25,0.6666666666666666,0.25,0.6666666666666666,0.8181818181818182,0.2545454545454545,0.4,0.6875,0.75,0.8571428571428571,0.3333333333333333
FSY,0.0,0.9166666666666666,1.0,1.0,0.5454545454545454,1.0,1.0,0.0,0.8333333333333334,1.0,0.0,0.8333333333333334,1.0,0.0,0.0,1.0
FTA,0.0,0.0,0.0,0.5,0.0,1.0,0.5,0.0,0.3333333333333333,0.0,0.5,0.6666666666666666,0.0,0.25,0.6666666666666666,0.6666666666666666
FTD,0.0,0.0,0.0,0.0,0.0,0.0,0.0,0.0,0.0,0.0,0.0,0.0,0.0,0.0,0.0,0.0
FTE,0.0,0.3333333333333333,0.0,0.0,0.0,0.0,0.0,0.0,0.0,0.0,0.0,0.16666666666666666,1.0,0.0,0.038461538461538464,0.2857142857142857
FTF,0.0,0.0,1.0,0.0,0.0,0.0,0.0,0.0,0.0,0.0,0.0,0.5,0.0,0.0,0.0,0.0
FTG,0.0,0.0,0.0,0.0,0.0,0.0,0.0,0.0,0.0,0.0,0.0,0.0,0.0,0.0,0.0,0.0
FTH,0.0,0.0,1.0,0.0,1.0,0.5,0.0,0.0,0.0,1.0,0.0,0.0,0.0,0.0,0.0,0.0
FTI,0.5,0.6785714285714286,0.2,0.75,0.08333333333333333,0.6043956043956044,0.05,0.42857142857142855,0.6,0.2,0.10606060606060606,0.0,0.5,0.4,0.7142857142857143,0.25
FTK,0.6666666666666666,1.0,0.7142857142857143,1.0,0.6,0.8823529411764706,0.6363636363636364,0.75,0.7777777777777778,0.7777777777777778,0.8,0.8333333333333334,0.8888888888888888,0.6666666666666666,1.0,1.0
FTL,0.0,0.0,0.1,0.0,0.09090909090909091,0.0,0.0,0.3333333333333333,0.0,0.0,0.0,0.25,0.0,0.0,0.18181818181818182,0.25
FTN,0.0,1.0,1.0,0.0,1.0,0.75,0.5,1.0,1.0,0.0,1.0,0.75,1.0,1.0,0.75,1.0
FTQ,0.0,0.75,0.3333333333333333,0.0,0.4444444444444444,0.0,0.0,0.0,0.0,0.0,0.0,0.0,0.0,0.0,0.0,0.0
FTR,0.0,0.0,0.0,0.0,0.0,0.0,0.0,0.0,0.0,0.0,0.0,0.0,0.0,0.0,0.0,0.0
FTS,0.0,1.0,0.6666666666666666,0.0,0.0,0.0,0.3333333333333333,0.0,0.0,0.0,0.6666666666666666,0.6666666666666666,1.0,0.0,0.0,1.0
FTT,0.0,0.0,0.0,0.0,0.0,0.0,0.0,0.0,0.0,1.0,0.0,0.0,0.0,0.0,0.0,0.0
FTV,0.0,0.0,0.0,0.0,0.0,0.0,0.0,0.0,0.0,0.0,0.0,0.0,0.0,0.0,0.0,0.0
FTY,0.0,0.0,0.0,0.0,0.0,0.0,0.0,0.0,0.0,0.0,0.0,0.0,0.0,0.0,0.0,0.0
FVG,0.0,0.0,0.0,0.0,0.0,0.0,0.0,0.0,0.0,0.0,0.0,0.0,0.0,0.0,0.0,0.0
FVI,0.0,0.6363636363636364,0.0,0.0,0.7777777777777778,0.45454545454545453,0.25,0.5555555555555556,0.0,0.7142857142857143,0.125,0.25,0.0,1.0,1.0,0.0
FVK,0.0,0.0,0.14285714285714285,0.0,0.0,1.0,0.16666666666666666,0.0,0.0,0.2,0.3333333333333333,0.2857142857142857,1.0,0.0,0.0,0.625
FVL,0.0,0.75,0.3333333333333333,0.0,0.5,0.4,0.0,0.0,0.0,0.5,0.0,0.0,0.0,0.0,0.0,0.0
FVM,0.0,0.0,0.25,0.0,0.0,0.0,0.0,0.0,0.0,0.0,0.0,0.18181818181818182,0.0,0.0,0.13043478260869565,0.0
FVN,0.0,0.7741935483870968,0.0,0.0,1.0,0.26373626373626374,0.7567567567567568,0.5714285714285714,1.0,1.0,0.5897435897435898,1.0,0.0,0.0,1.0,0.7727272727272727
FVQ,0.0,0.0,0.0,0.0,0.0,0.0,0.0,0.0,0.0,0.0,0.0,1.0,0.0,0.0,0.0,0.5
FVR,1.0,0.6,1.0,1.0,0.8,1.0,0.5,0.8571428571428571,0.75,0.8571428571428571,0.8,1.0,1.0,0.8333333333333334,0.8461538461538461,1.0
FVS,0.0,0.0,0.0,0.0,0.0,0.0,0.0,0.0,0.0,0.0,0.0,0.0,0.0,0.0,0.0,0.0
FVT,0.0,0.0,0.0,0.0,0.0,0.0,0.0,0.0,0.0,0.0,0.0,0.0,0.0,0.0,0.0,0.0
FVV,1.0,0.0,0.14285714285714285,0.0,0.0,0.0,0.0,0.0,0.5,1.0,0.2857142857142857,0.0,0.0,0.0,0.0,0.0
FWE,0.9,0.6842105263157895,0.4,0.5,0.0,0.8857142857142857,0.23076923076923078,0.0,0.8076923076923077,0.47368421052631576,0.7741935483870968,0.0,0.0,0.5,0.2,0.0
FWG,0.0,0.0,0.0,0.0,0.0,0.0,0.0,0.0,0.0,0.0,0.0,0.0,0.0,0.0,0.0,0.0
FWL,0.0,0.0,0.0,0.0,0.0,0.0,0.0,0.0,0.0,0.0,0.0,0.0,0.0,0.0,0.0,0.0
FWS,0.0,0.0,1.0,0.0,1.0,1.0,0.0,0.0,0.0,0.0,0.0,0.0,0.0,0.0,0.0,0.0
FYA,0.0,0.0,0.0,0.0,0.0,0.0,1.0,0.0,0.6666666666666666,0.0,0.6666666666666666,0.0,0.0,0.3333333333333333,0.0,0.0
FYC,0.0,0.0,0.0,0.0,0.0,0.0,0.0,0.0,0.0,0.0,0.0,0.0,0.0,0.0,0.0,0.0
FYD,0.4444444444444444,0.4,0.0,0.0,0.0,0.0,0.0,0.0,0.0,0.8333333333333334,0.0,0.16666666666666666,0.25,0.0,1.0,1.0
FYE,0.0,0.3333333333333333,0.5,0.6666666666666666,0.0,0.0,0.4,0.0,0.5555555555555556,0.0,0.2,0.0,0.0,0.0,0.18181818181818182,0.0
FYI,0.9565217391304348,0.8076923076923077,0.2727272727272727,0.0,0.7,0.4166666666666667,1.0,0.0,1.0,0.17647058823529413,0.0,0.0,0.0,0.0,0.0,0.0
FYK,0.0,0.0,1.0,0.0,0.2,0.5,0.14285714285714285,0.0,1.0,1.0,0.0,0.0,0.0,0.0,0.0,0.0
FYL,0.0,0.0,0.0,0.0,0.0,0.0,0.0,0.0,0.0,0.0,0.0,0.0,0.0,0.0,0.0,0.0
FYP,1.0,1.0,1.0,0.0,0.0,1.0,0.0,1.0,1.0,1.0,0.25,1.0,0.0,1.0,1.0,0.0
FYQ,0.0,0.0,0.0,0.0,0.0,0.0,0.0,0.0,0.0,0.0,0.0,0.0,0.0,0.0,0.0,0.0
FYR,0.0,0.0,0.0,0.0,0.0,0.0,0.0,0.0,0.0,0.0,0.0,0.0,0.0,0.0,0.0,0.0
FYS,0.0,0.5,0.0,0.0,1.0,1.0,0.0,0.0,0.0,0.0,0.0,0.0,0.0,0.0,0.0,0.0
FYT,1.0,0.8,0.6666666666666666,0.0,0.5,0.0,0.0,0.0,0.75,0.0,0.35294117647058826,0.25,0.0,0.0,0.5,0.0
FYV,0.0,0.0,0.0,0.0,0.0,0.0,0.0,0.0,0.0,0.0,0.0,0.0,0.0,0.0,0.0,1.0
FYY,1.0,0.0,1.0,0.5,0.0,1.0,0.0,0.0,0.375,0.0,0.6666666666666666,0.0,0.0,0.0,0.5,1.0
GAA,0.5,0.5,1.0,0.5,0.9259259259259259,0.23529411764705882,0.047619047619047616,0.9411764705882353,0.25,0.75,0.11764705882352941,0.1,0.0,0.0,0.7297297297297297,0.8596491228070176
GAD,0.0,0.0,0.0,0.0,0.0,0.0,0.0,0.0,0.0,0.0,0.0,0.0,0.0,0.0,0.0,0.0
GAE,0.0,0.0,0.0,0.0,0.0,0.0,0.0,0.0,0.0,0.0,0.0,0.0,0.0,0.0,0.0,0.0
GAF,0.0,0.0,0.0,0.0,0.0,0.0,0.0,0.0,0.0,0.0,0.0,0.0,0.0,0.0,0.0,0.0
GAG,0.0,0.0,0.0,0.0,0.0,0.0,0.0,0.0,0.0,0.0,0.0,0.0,0.0,0.0,0.0,0.0
GAH,0.9523809523809523,0.8571428571428571,0.0,0.0,0.8275862068965517,0.5263157894736842,0.9411764705882353,0.96,0.8275862068965517,0.9787234042553191,0.34328358208955223,0.7894736842105263,0.0,1.0,0.8846153846153846,0.9411764705882353
GAK,0.0,0.0,0.0,0.0,0.0,0.0,0.0,0.0,0.0,0.0,0.0,0.25,0.5,0.0,0.0,0.5
GAL,0.0,0.0,0.0,0.0,0.0,0.0,0.0,0.0,0.0,0.0,0.0,0.0,0.0,0.0,0.0,0.0
GAN,0.0,1.0,0.0,0.0,0.5,0.0,0.0,0.0,0.3333333333333333,0.0,0.0,0.0,0.0,0.0,0.5,0.0
GAR,1.0,0.6,1.0,0.6666666666666666,0.0,0.0,0.3333333333333333,0.0,0.9166666666666666,0.0,0.8888888888888888,0.5,0.0,0.0,0.875,0.0
GAS,0.5,0.0,0.14285714285714285,0.0,0.0,0.0,0.0,0.0,0.0,0.0,0.022222222222222223,0.0,0.0,0.0,0.0,0.0
GAT,0.0,0.0,0.0,0.0,0.0,0.0,0.0,0.0,0.0,0.0,0.0,0.0,0.0,0.0,0.0,0.0
GAV,0.0,0.0,0.0,0.0,0.0,0.0,0.0,0.0,0.0,0.0,0.0,0.0,0.0,0.0,0.0,0.0
GAY,0.0,0.0,0.5,0.0,0.0,0.0,1.0,0.0,0.6666666666666666,0.0,1.0,0.0,0.0,0.0,0.0,0.0
GCA,0.0,0.0,0.0,0.0,0.0,0.0,0.0,0.0,0.0,0.0,0.0,0.0,0.0,0.0,0.0,0.0
GCD,0.0,0.0,0.0,0.0,0.0,0.0,0.0,0.0,0.0,0.0,0.0,0.0,0.0,0.0,0.0,0.0
GCF,0.0,0.3333333333333333,0.0,0.0,0.0,0.0,1.0,0.0,0.0,0.0,0.0,0.25,0.0,0.0,0.0,0.4
GCH,0.0,0.5,0.3333333333333333,0.0,0.3333333333333333,0.0,0.5,0.0,0.3333333333333333,1.0,1.0,0.0,0.0,0.0,0.0,0.0
GCM,0.0,1.0,0.0,0.0,0.0,0.0,1.0,0.0,0.0,0.0,0.0,0.0,0.0,0.0,0.0,0.0
GCR,0.0,0.75,0.6666666666666666,0.0,0.6666666666666666,0.0,0.5,0.8333333333333334,0.7142857142857143,0.0,0.0,0.4,0.7142857142857143,1.0,0.21428571428571427,0.47058823529411764
GCT,0.0,1.0,0.0,0.0,0.0,0.0,1.0,0.0,0.0,0.0,1.0,0.0,0.0,0.0,0.0,0.0
GCV,0.0,0.0,0.0,0.0,0.0,0.0,0.0,0.0,0.0,0.0,0.0,0.0,0.0,0.0,0.0,0.0
GDA,0.0,0.6666666666666666,0.0,0.25,0.0,0.3559322033898305,0.6,0.0,0.2857142857142857,0.6,0.24719101123595505,0.0,0.38461538461538464,0.0,0.125,0.0
GDC,0.0,1.0,0.0,0.0,0.0,0.0,0.0,0.0,0.0,0.0,0.0,0.0,1.0,0.0,0.0,0.0
GDE,0.0,0.5,0.0,0.0,1.0,0.0,0.6666666666666666,0.0,0.0,1.0,1.0,0.0,0.0,0.0,0.0,0.0
GDF,0.0,0.0,0.0,0.0,0.0,0.0,0.0,0.0,0.0,0.5,0.0,1.0,0.0,0.0,1.0,0.6666666666666666
GDG,0.0,1.0,0.0,1.0,0.6666666666666666,1.0,0.5,0.0,1.0,0.0,0.5,0.0,0.0,0.6666666666666666,0.0,0.0
GDH,1.0,0.5,0.0,0.0,1.0,1.0,0.0,0.0,0.25,0.0,1.0,1.0,0.0,1.0,0.0,0.0
GDI,0.0,0.0,0.0,0.0,0.0,0.0,0.0,0.0,0.0,0.0,0.0,0.0,0.0,0.0,0.0,0.0
GDK,0.0,0.0,0.0,0.0,0.0,0.5,0.6666666666666666,0.0,0.0,0.0,0.5,0.5,0.0,0.0,0.5,0.42857142857142855
GDL,0.0,0.3333333333333333,0.0,1.0,0.5,0.0,1.0,0.0,0.0,0.0,0.5,0.0,1.0,0.0,0.0,0.0
GDP,0.0,0.0,0.4,0.0,0.0,0.0,0.0,0.0,0.4,0.0,0.0,0.0,0.0,0.0,0.0,0.0
GDQ,0.0,0.0,0.0,0.0,0.0,0.0,1.0,1.0,0.0,0.0,0.0,0.6666666666666666,0.0,1.0,1.0,0.0
GDR,0.0,0.0,0.0,0.0,0.0,0.0,0.0,0.0,0.0,0.0,0.0,0.0,0.0,0.0,0.0,0.0
GDS,0.0,0.0,0.0,0.0,0.0,0.0,0.0,0.0,0.0,0.0,0.0,0.0,0.0,0.0,0.0,0.0
GDV,0.0,0.0,0.0,0.0,0.0,0.0,0.0,0.0,0.0,0.0,0.0,0.0,0.0,0.0,0.0,0.0
GDY,0.0,0.0,0.0,0.0,0.0,0.0,0.0,0.0,0.0,0.0,0.0,0.0,0.0,0.0,0.0,0.0
GEA,0.0,0.0,0.0,0.0,0.0,0.0,0.0,0.0,0.0,0.0,0.0,0.0,0.0,0.0,0.0,0.0
GEC,0.0,0.0,0.0,0.0,0.0,0.0,0.0,0.0,0.0,0.0,0.0,0.0,0.0,0.0,0.0,0.0
GED,0.0,0.0,0.0,0.5,0.0,0.0,0.0,1.0,1.0,0.5,0.0,0.0,0.0,0.0,0.6666666666666666,1.0
GEE,0.0,0.3333333333333333,0.0,0.0,0.25,0.25,0.0,0.0,0.5,0.0,0.0,0.0,0.0,1.0,0.0,0.0
GEF,0.0,0.0,0.0,0.0,0.0,0.0,0.0,1.0,0.0,0.0,0.0,1.0,0.0,0.0,0.75,0.5
GEG,0.0,0.0,0.0,0.0,0.0,0.0,0.0,0.0,0.0,0.0,0.0,0.0,0.0,0.0,0.0,0.0
GEH,0.0,0.0,0.0,0.0,0.0,0.0,0.0,0.0,0.0,0.0,0.0,0.0,0.0,0.0,0.0,0.0
GEI,0.0,0.0,0.0,0.0,0.0,0.0,0.0,1.0,0.0,0.0,0.0,0.0,0.0,1.0,0.0,0.0
GEK,0.0,0.0,0.2857142857142857,0.0,0.0,0.5,0.8,0.0,0.6,1.0,1.0,0.0,0.0,0.0,0.0,0.0
GEL,0.0,0.0,0.0,0.0,0.0,0.0,0.0,0.0,0.0,0.0,0.0,0.0,0.0,0.0,0.0,0.0
GEM,0.0,0.0,0.0,0.3333333333333333,0.5,1.0,0.5,1.0,0.25,0.0,0.0,0.5,0.0,0.5,0.6666666666666666,0.3333333333333333
GEP,0.0,0.0,0.5,0.0,0.0,1.0,0.0,0.5,0.0,0.0,0.5,0.4,1.0,0.5,0.0,0.5
GEQ,0.0,1.0,1.0,0.0,1.0,0.0,1.0,0.3333333333333333,0.0,1.0,1.0,1.0,0.0,0.0,1.0,0.0
GES,1.0,1.0,1.0,0.0,0.0,0.0,0.0,0.5,1.0,0.0,0.0,0.0,0.0,0.0,0.0,0.0
GET,0.0,0.0,0.0,1.0,0.5,0.5,0.0,0.0,0.0,0.0,0.0,0.0,1.0,0.0,0.0,0.0
GEV,0.0,0.5,0.3333333333333333,0.6666666666666666,0.25,0.3333333333333333,1.0,0.4,0.6666666666666666,0.0,0.2857142857142857,0.3333333333333333,0.6666666666666666,0.42857142857142855,0.25,0.75
GEY,0.0,0.0,0.0,0.0,0.0,0.0,0.0,0.0,0.0,0.0,0.0,0.0,0.0,0.0,0.0,0.0
GFA,1.0,0.0,1.0,0.0,0.0,0.0,0.0,0.0,0.0,0.0,1.0,1.0,1.0,0.0,0.0,0.0
GFC,0.0,1.0,1.0,0.0,1.0,0.0,0.0,0.0,0.0,0.0,0.0,0.0,0.6666666666666666,0.0,0.0,0.0
GFD,0.9583333333333334,0.7,0.375,0.0,0.0,0.25,0.6,0.0,0.875,0.5,0.0,0.0,0.0,0.0,0.375,0.0
GFE,0.0,0.0,0.0,0.0,0.0,1.0,0.0,1.0,0.0,1.0,0.0,0.0,0.0,1.0,0.0,0.0
GFG,0.0,1.0,0.0,0.5,0.5,0.3333333333333333,1.0,0.0,0.0,0.0,0.3333333333333333,0.0,1.0,0.0,0.0,0.0
GFH,0.0,0.0,0.0,0.3333333333333333,0.0,0.25,0.0,0.0,0.0,0.0,0.0,0.0,1.0,0.3333333333333333,0.0,0.0
GFI,0.0,0.0,0.0,0.0,0.0,0.0,0.0,0.0,0.0,0.0,0.0,0.0,0.0,0.0,0.0,0.0
GFL,0.0,0.0,0.0,0.0,0.0,0.0,0.0,0.0,0.0,0.0,0.0,0.0,0.0,0.0,0.0,0.0
GFM,0.0,0.0,0.0,0.0,0.0,1.0,0.16666666666666666,0.0,0.0,1.0,0.0,0.0,0.0,0.0,0.0,0.0
GFN,0.5714285714285714,0.6666666666666666,0.0,0.5,0.6666666666666666,1.0,0.5714285714285714,0.0,1.0,0.0,0.6,0.0,0.0,0.0,0.3333333333333333,0.0
GFP,0.0,0.0,0.0,0.0,0.0,0.0,0.0,0.0,0.0,0.0,0.0,0.0,0.0,0.0,1.0,1.0
GFQ,0.0,0.6666666666666666,0.0,0.0,0.6666666666666666,0.0,1.0,0.0,0.0,1.0,0.0,0.0,0.0,0.0,0.0,0.0
GFR,1.0,1.0,1.0,0.0,1.0,1.0,0.0,1.0,0.5,1.0,1.0,0.6666666666666666,1.0,0.0,1.0,0.5
GFS,0.0,0.0,0.0,0.0,0.0,1.0,0.0,1.0,0.0,1.0,0.5,0.0,0.0,0.0,0.0,0.0
GFT,0.6666666666666666,0.6666666666666666,1.0,1.0,0.3333333333333333,0.42857142857142855,0.6,1.0,0.6111111111111112,0.8888888888888888,0.36363636363636365,0.8181818181818182,1.0,0.5,0.625,0.8
GFV,0.0,0.0,0.0,0.0,0.0,0.0,0.0,0.0,0.0,0.0,0.0,0.0,0.0,0.0,0.0,0.0
GFW,0.0,0.0,0.0,0.0,0.0,0.0,0.0,0.5,0.0,1.0,0.5,0.0,0.0,0.0,0.0,0.0
GFY,0.9,0.5,0.42857142857142855,0.0,0.5,0.5,0.5,0.2222222222222222,0.84,0.17647058823529413,0.2222222222222222,0.16666666666666666,0.0,0.5,0.42857142857142855,0.0
GGD,0.0,1.0,0.5,1.0,0.75,1.0,0.4,0.0,0.42857142857142855,0.0,0.6,0.0,1.0,0.5,0.0,0.0
GGE,0.0,0.3333333333333333,1.0,0.75,1.0,0.6666666666666666,1.0,1.0,1.0,0.6666666666666666,0.4,0.5,0.3333333333333333,0.5,1.0,1.0
GGF,0.0,1.0,0.0,1.0,0.5,1.0,1.0,0.0,0.0,0.5,0.6666666666666666,0.0,1.0,0.0,0.0,0.0
GGG,0.0,0.0,0.0,0.0,0.0,0.0,0.0,0.0,0.0,0.0,0.2222222222222222,0.08333333333333333,0.0,0.0,0.25,0.4
GGH,0.0,0.0,0.3333333333333333,0.6,1.0,0.0,0.0,0.0,0.25,0.0,0.0,0.5,1.0,0.0,0.5,0.6666666666666666
GGI,0.0,0.0,0.0,0.0,0.0,0.0,0.0,0.0,0.0,0.0,0.6666666666666666,0.5,0.0,0.0,0.6,1.0
GGK,0.0,0.0,0.0,0.0,0.0,0.0,1.0,0.0,0.0,0.0,1.0,1.0,0.0,1.0,1.0,0.0
GGL,0.2222222222222222,0.3333333333333333,0.5,0.5,0.0,1.0,0.0,0.3333333333333333,0.0,0.0,0.2,0.15384615384615385,1.0,0.5,0.2222222222222222,0.3333333333333333
GGM,0.0,0.0,0.0,0.0,0.0,0.0,0.0,0.0,0.0,0.0,0.0,0.0,0.0,0.0,0.0,0.0
GGN,0.0,0.11764705882352941,0.16666666666666666,0.0,0.21428571428571427,0.16666666666666666,0.75,0.0,0.125,0.07142857142857142,0.0,0.0,0.0,0.0,0.0,0.9473684210526315
GGP,0.0,0.0,0.0,0.0,0.0,0.0,0.0,0.0,0.0,0.0,0.0,0.0,0.0,0.0,0.0,0.0
GGQ,0.0,0.0,0.0,0.0,0.0,0.0,1.0,0.5,0.0,0.0,0.0,1.0,0.0,1.0,1.0,0.0
GGR,0.0,0.5,1.0,0.0,0.75,1.0,0.0,0.0,0.5,0.0,0.6666666666666666,1.0,0.0,1.0,0.25,0.0
GGS,0.0,0.0,0.0,0.0,0.0,0.0,0.0,0.0,0.0,0.0,0.0,0.0,0.0,0.5,0.0,0.25
GGT,0.0,0.0,0.0,0.0,0.0,0.0,0.0,0.0,0.0,0.0,0.0,0.0,0.0,0.0,0.0,0.0
GGV,0.0,0.0,0.3333333333333333,0.5555555555555556,0.2,0.16666666666666666,0.0,0.25,0.38461538461538464,0.0,0.4444444444444444,0.625,0.5,0.5,0.2222222222222222,0.5
GGY,0.0,1.0,0.0,0.0,1.0,0.0,0.5,0.0,0.0,1.0,0.0,0.0,0.0,0.0,0.0,0.0
GHA,0.0,0.0,0.0,0.0,1.0,0.5,0.0,0.0,0.0,0.0,0.0,0.0,0.0,0.0,0.0,0.0
GHE,0.0,0.0,0.0,0.0,0.0,0.0,0.0,0.0,0.0,0.0,0.0,0.0,0.0,0.0,0.0,0.0
GHF,0.0,0.0,0.0,0.0,0.0,0.0,0.0,0.0,0.0,0.0,0.0,0.0,0.0,0.0,0.0,0.0
GHI,0.0,0.0,0.3333333333333333,0.75,1.0,0.0,0.0,0.0,0.25,0.0,0.0,0.3333333333333333,0.5,0.0,0.5,0.5
GHK,1.0,0.5,0.0,0.0,0.5,1.0,0.0,0.5,1.0,0.0,0.3333333333333333,1.0,0.0,1.0,0.0,0.0
GHL,0.0,0.3333333333333333,0.75,0.0,0.8333333333333334,0.0,0.0,0.0,0.3333333333333333,0.0,0.0,0.0,0.0,1.0,0.0,0.0
GHR,0.0,0.0,0.0,0.0,0.0,0.0,0.0,0.0,0.0,0.0,0.0,0.0,0.0,0.0,0.0,0.0
GHS,0.0,0.0,0.0,0.0,0.0,0.0,1.0,0.0,0.0,0.0,1.0,0.5,0.0,0.0,0.0,0.0
GHV,0.0,1.0,0.0,0.0,0.0,0.0,0.0,0.0,0.0,0.0,0.0,0.0,1.0,0.0,0.0,0.0
GIA,0.36363636363636365,0.3333333333333333,0.3333333333333333,0.42857142857142855,0.2222222222222222,0.0,0.0,0.2857142857142857,0.5,0.1,0.0,0.0,0.4,0.2222222222222222,0.5,0.2
GID,0.0,0.0,0.0,0.0,0.0,0.0,0.0,1.0,0.0,0.0,0.0,0.6666666666666666,0.0,0.0,1.0,0.5
GIE,0.2,0.0,0.5882352941176471,0.8333333333333334,0.75,0.6,0.25,0.0,0.8571428571428571,0.375,0.5,0.8333333333333334,1.0,0.0,0.8333333333333334,0.6666666666666666
GIF,0.0,0.0,0.0,0.0,0.0,0.0,0.0,0.0,0.0,0.0,0.0,0.0,0.0,0.0,0.0,0.0
GIG,0.0,0.0,0.0,0.0,0.0,0.15384615384615385,0.0,0.0,0.0,0.125,0.0,0.0,0.0,0.0,0.09090909090909091,0.0
GIH,1.0,0.0,0.6666666666666666,0.0,0.0,0.0,0.0,0.0,0.5,1.0,0.38461538461538464,0.0,0.0,0.0,0.0,0.0
GII,0.0,0.9615384615384616,0.0,0.6,0.8888888888888888,0.4444444444444444,0.0,0.6666666666666666,0.09090909090909091,0.9583333333333334,0.0,0.0,1.0,0.0,0.9772727272727273,0.8064516129032258
GIK,0.0,0.0,0.0,0.0,0.0,0.6136363636363636,0.0,0.8888888888888888,0.0,0.0,0.7017543859649122,0.0,0.0,0.0,0.0,0.6857142857142857
GIL,1.0,0.75,0.2,0.6666666666666666,0.0,1.0,0.0,0.5,0.4,1.0,0.75,0.5,0.6,0.3333333333333333,0.8,1.0
GIN,0.0,0.0,0.0,0.0,0.0,0.0,0.0,0.0,0.0,0.0,0.0,0.0,0.0,0.0,0.0,0.0
GIP,0.18181818181818182,0.0,0.0,0.375,0.0,0.9305555555555556,0.2,0.5,0.13333333333333333,0.6666666666666666,0.9024390243902439,0.16666666666666666,0.4,0.21052631578947367,0.0,0.07142857142857142
GIQ,0.0,0.0,0.0,0.0,0.0,0.0,1.0,0.0,0.0,0.0,0.0,0.0,0.0,1.0,0.0,0.0
GIR,0.0,0.0,0.0,0.0,0.0,0.7931034482758621,0.0,0.0,0.0,0.5,0.0,0.0,0.0,0.0,0.0,0.0
GIS,0.75,0.0,0.6666666666666666,0.6666666666666666,0.0,0.0,0.5,0.0,0.0,0.0,0.4,0.8571428571428571,0.8571428571428571,1.0,1.0,1.0
GIT,0.0,0.0,0.0,0.0,0.0,0.16666666666666666,0.0,1.0,0.0,0.0,0.0,0.0,0.0,0.6666666666666666,0.0,1.0
GIV,0.6666666666666666,0.0,0.2857142857142857,0.0,0.4,0.0,0.0,0.0,0.0,0.0,0.0,0.15,0.0,0.0,0.15789473684210525,0.0
GIY,0.8333333333333334,0.2,0.4,0.2,0.0,0.2,0.16666666666666666,0.5,0.5,0.0,0.5,0.5,0.6,0.3333333333333333,0.42857142857142855,1.0
GKA,0.0,0.0625,0.7,0.7777777777777778,0.8421052631578947,0.38095238095238093,0.125,0.375,0.4,0.5,0.3157894736842105,0.5769230769230769,1.0,0.2857142857142857,0.6216216216216216,0.6363636363636364
GKC,0.5,1.0,0.0,0.0,1.0,1.0,1.0,0.5,0.6666666666666666,0.0,1.0,1.0,0.0,1.0,1.0,0.0
GKD,0.0,0.0,0.0,0.0,0.0,0.0,0.0,0.0,0.0,0.0,0.0,0.0,0.0,0.0,0.0,0.0
GKE,0.0,0.0,1.0,0.75,0.5,0.2,0.6666666666666666,1.0,0.6,1.0,0.625,0.4444444444444444,1.0,0.25,0.5,0.4444444444444444
GKG,0.0,0.0,0.0,0.0,0.0,0.0,0.0,0.0,0.0,0.0,0.6,0.4166666666666667,0.0,0.0,0.3888888888888889,0.0
GKH,0.25,0.0,1.0,0.5,0.0,0.0,0.0,0.6,1.0,0.75,0.9516129032258065,0.8627450980392157,0.5,0.0,0.8846153846153846,0.967741935483871
GKI,0.5,0.5,0.0,0.0,1.0,0.045454545454545456,0.5,0.0,0.5,0.6666666666666666,0.0,0.0,0.0,0.0,0.0,0.0
GKK,0.0,0.0,0.0,0.0,0.0,0.0,0.0,0.0,0.0,0.0,0.0,0.5,0.0,1.0,0.0,0.0
GKL,0.0,0.0,0.9629629629629629,0.0,0.0,0.8648648648648649,0.041666666666666664,1.0,0.1111111111111111,0.4,0.9276315789473685,0.10526315789473684,0.1,0.25,0.0,0.9259259259259259
GKM,0.0,1.0,0.0,1.0,1.0,1.0,1.0,0.0,0.5,0.0,0.0,0.0,1.0,1.0,0.0,0.0
GKN,0.0,0.0,0.5,0.0,1.0,0.0,0.0,0.0,0.0,1.0,0.5,0.0,0.0,0.0,0.0,0.0
GKQ,0.0,0.0,1.0,0.0,1.0,0.5,0.5,1.0,0.0,1.0,1.0,1.0,0.0,0.6666666666666666,0.5714285714285714,1.0
GKR,0.5,0.0,0.0,1.0,0.0,1.0,0.3333333333333333,0.25,0.5,0.0,0.0,0.11764705882352941,0.0,0.25,0.4444444444444444,0.14285714285714285
GKS,1.0,1.0,1.0,0.0,1.0,1.0,1.0,0.5,1.0,1.0,1.0,1.0,0.3333333333333333,0.0,1.0,0.0
GKT,0.06666666666666667,0.0,0.0,1.0,0.0,0.06521739130434782,0.0,0.14285714285714285,0.0,0.0,0.0,0.0,0.0,0.3333333333333333,0.0,0.0625
GKV,0.8333333333333334,1.0,1.0,1.0,0.0,0.3333333333333333,0.6666666666666666,0.3333333333333333,0.6666666666666666,0.0,0.0,0.3333333333333333,1.0,0.25,0.0,1.0
GKY,0.4,0.625,0.5,0.2,0.25,0.8360655737704918,0.8,0.5319148936170213,0.7083333333333334,0.0,0.8392857142857143,0.2,0.08333333333333333,0.14285714285714285,0.0967741935483871,0.5333333333333333
GLA,0.0,1.0,0.0,1.0,0.3333333333333333,0.6666666666666666,1.0,0.5,0.0,0.0,0.5,0.0,1.0,1.0,0.0,0.0
GLD,0.0,0.0,0.0,0.0,0.0,0.0,0.0,0.0,0.0,0.0,0.0,0.0,0.0,0.0,0.0,0.0
GLE,0.0,0.0,0.38461538461538464,0.0,0.2,0.0,0.0,0.0,0.0,0.20833333333333334,0.0,0.0,0.0,0.0,0.0,0.0
GLF,0.0,0.0,1.0,0.0,0.3333333333333333,0.0,0.0,0.0,0.0,0.0,1.0,0.0,0.0,1.0,0.0,0.0
GLG,0.0,0.0,0.0,0.0,0.0,0.0,0.0,0.0,0.0,0.0,0.0,0.0,0.0,0.0,0.0,0.0
GLH,1.0,0.0,0.8571428571428571,0.0,0.0,0.0,0.0,0.0,0.6666666666666666,1.0,0.0,0.0,0.0,0.0,0.0,0.0
GLI,0.0,0.3333333333333333,1.0,0.0,0.3333333333333333,0.0,0.6666666666666666,0.0,0.5,0.0,0.0,0.3333333333333333,0.0,1.0,0.0,0.0
GLK,0.1111111111111111,0.5789473684210527,0.5666666666666667,0.0,0.4,0.1724137931034483,0.05263157894736842,0.2,0.6666666666666666,0.2857142857142857,0.0,0.7777777777777778,0.14285714285714285,0.2,0.23076923076923078,0.1
GLL,0.0,0.0,0.16666666666666666,0.0,0.0,0.0,0.0,0.0,1.0,0.0,0.0,0.0,0.0,0.0,0.0,0.0
GLM,0.0,0.0,0.0,0.0,0.0,0.0,0.0,0.0,0.0,0.0,0.0,0.0,0.0,0.0,0.0,0.0
GLN,0.0,0.0,0.0,0.0,0.0,0.0,0.0,0.0,0.0,0.0,0.0,0.0,0.0,0.0,0.0,0.0
GLP,0.3333333333333333,1.0,0.16666666666666666,0.5714285714285714,0.2,0.5,0.0,0.2,0.5,0.0,0.25,0.4,0.25,0.42857142857142855,0.5,0.5
GLR,0.0,0.5,0.4,1.0,0.5,0.375,0.5,0.5,1.0,0.4,0.2,0.18181818181818182,0.5,0.6666666666666666,0.5,0.3333333333333333
GLS,0.0,0.0,0.0,0.0,0.0,0.0,0.5,0.0,0.0,1.0,1.0,0.5,0.0,0.0,0.5,0.0
GLT,0.75,0.0,0.8571428571428571,0.8333333333333334,1.0,0.02631578947368421,0.0,0.0,0.7,0.45454545454545453,0.3488372093023256,1.0,0.5,0.25,0.8571428571428571,0.7142857142857143
GLV,0.0,0.0,0.2,0.0,0.6666666666666666,0.0,1.0,0.0,0.25,1.0,0.16666666666666666,0.16666666666666666,0.0,0.5,0.0,0.0
GLY,0.0,0.0,0.0,0.0,0.0,0.0,0.0,0.0,0.0,0.0,0.0,0.0,0.0,0.0,0.0,0.0
GMD,0.0,0.14285714285714285,0.4,0.0,0.6153846153846154,0.0,0.0,0.0,0.1111111111111111,0.0,0.0,0.2,0.0,0.3125,0.0,0.0
GME,1.0,0.5,0.0,0.0,1.0,0.5,0.0,0.0,0.5,0.0,0.0,0.0,0.0,0.0,0.0,0.0
GMI,0.0,0.0,0.8333333333333334,1.0,1.0,0.42857142857142855,0.0,0.4,0.625,0.6666666666666666,0.6666666666666666,0.7857142857142857,1.0,0.5,0.8888888888888888,1.0
GMN,0.0,0.5,0.3333333333333333,0.0,0.0,0.0,0.0,0.0,0.0,0.0,0.6666666666666666,0.6,0.6666666666666666,0.0,1.0,0.5
GMP,0.4,0.5,1.0,0.0,0.0,1.0,0.0,0.0,0.5,0.0,0.0,0.0,0.0,0.0,0.0,0.0
GMR,0.0,0.0,0.0,0.0,0.0,0.0,0.0,0.0,0.0,0.0,0.0,0.0,0.0,0.0,0.0,0.0
GMS,0.0,0.0,0.0,0.0,0.0,0.0,0.0,0.0,0.0,0.0,0.4807692307692308,0.5777777777777777,0.0,0.0,0.6,0.6923076923076923
GMT,0.0,0.0,0.0,0.0,0.0,0.0,0.0,0.0,0.0,0.0,0.0,0.0,0.0,0.0,0.0,0.0
GMV,0.0,0.0,0.0,0.0,0.0,0.0,0.0,0.0,0.0,0.0,0.0,0.0,0.0,0.0,0.0,0.0
GNA,0.0,0.0,0.0,0.0,0.0,0.0,0.0,0.0,0.0,0.0,0.0,0.0,0.0,0.0,0.0,0.0
GNC,0.0,0.0,0.0,0.0,0.0,0.0,0.0,0.0,0.0,0.0,0.0,0.0,0.0,0.0,0.0,0.0
GND,1.0,0.0,0.0,0.0,0.0,0.0,0.0,0.0,0.0,0.0,0.0,0.0,0.0,0.0,0.0,0.0
GNE,0.0,0.0,0.0,0.0,0.0,0.0,0.0,0.0,0.0,0.0,0.0,0.0,0.0,0.0,0.0,0.9473684210526315
GNF,0.0,0.0,0.0,0.0,0.0,0.0,0.0,0.0,0.0,0.0,0.0,0.0,0.0,0.0,0.0,0.0
GNG,0.0,0.0,0.0,0.0,0.0,0.0,0.0,0.0,0.0,0.0,0.0,0.0,0.0,0.0,0.0,0.0
GNI,0.0,0.0,0.0,0.0,0.0,0.0,0.0,0.0,0.0,0.0,0.0,0.0,0.0,0.0,0.0,0.0
GNK,0.75,0.0,0.0,0.0,0.0,0.0,0.0,0.0,0.0,0.0,0.0,0.0,0.0,0.0,0.0,0.0
GNL,0.0,0.0,0.0,0.6666666666666666,0.0,0.0,0.0,0.0,0.25,0.0,0.0,0.0,0.0,0.0,0.10526315789473684,0.1111111111111111
GNN,0.0,0.0,0.2,0.0,0.5,1.0,1.0,0.0,0.3333333333333333,1.0,0.0,0.0,0.0,0.0,0.0,0.0
GNP,0.0,0.0,0.0,0.0,0.0,0.0,0.0,0.0,0.0,0.0,0.0,0.0,0.0,0.0,0.0,0.0
GNR,0.0,0.0,0.0,0.0,0.0,0.0,0.0,0.0,0.0,0.0,0.0,0.0,0.0,0.0,0.0,0.0
GNS,1.0,0.6666666666666666,0.0,0.0,1.0,1.0,0.0,0.5,1.0,0.0,0.0,0.0,0.0,0.0,0.0,1.0
GNT,0.0,0.0,0.0,0.0,0.0,0.0,0.0,0.0,0.0,0.0,0.0,0.0,0.0,0.0,0.0,0.0
GNV,0.0,0.0,0.0,0.0,0.0,0.0,0.0,0.0,0.0,0.0,0.0,0.0,0.0,0.0,0.0,0.0
GNW,0.0,0.3333333333333333,0.2,1.0,0.5,0.0,1.0,1.0,1.0,1.0,0.5,0.5,0.0,0.0,1.0,0.5
GNY,0.5,0.8333333333333334,0.5,0.0,1.0,0.6666666666666666,0.4,0.0,0.0,0.0,0.0,0.0,1.0,0.0,0.0,0.0
GPA,0.0,0.0,0.0,0.0,0.0,0.0,0.0,0.0,0.0,0.0,0.0,0.0,0.0,0.0,0.0,0.0
GPC,0.0,0.0,0.0,0.0,0.0,0.0,0.0,0.0,0.0,0.0,0.0,0.0,0.0,0.0,0.0,0.0
GPE,0.2,0.3333333333333333,0.1111111111111111,0.5,0.3333333333333333,0.6891891891891891,0.0,0.2,0.2857142857142857,0.5,0.0,0.0,0.0,0.3333333333333333,0.2,0.5
GPF,0.2,0.2,0.0,0.0,0.0,0.5,0.0,0.0,0.0,0.0,0.0,0.12,0.0,0.0,0.12,0.0
GPG,0.0,0.0,0.0,0.0,0.0,0.0,0.0,0.0,0.0,0.0,0.0,0.0,0.0,0.0,0.0,0.0
GPH,0.0,0.0,0.0,0.5,0.0,0.2222222222222222,0.0,0.3333333333333333,0.0,0.2,0.0,0.6666666666666666,1.0,1.0,0.5,0.0
GPK,0.7096774193548387,0.3333333333333333,0.0,0.25,0.0,0.8333333333333334,0.8260869565217391,0.0,0.6875,0.0,0.0,0.0,0.375,0.2,0.14285714285714285,0.16666666666666666
GPL,0.4,0.3333333333333333,0.5555555555555556,0.6666666666666666,0.0,0.0,0.5714285714285714,0.0,0.42857142857142855,0.5,0.0,0.0,0.0,0.0,0.4,0.4
GPM,0.0,0.0,0.0,1.0,0.0,0.0,0.0,0.0,0.0,0.0,0.0,0.0,0.0,0.0,1.0,1.0
GPN,0.0,0.0,0.0,0.0,0.0,1.0,1.0,0.5,0.0,0.0,0.0,1.0,0.0,1.0,1.0,0.0
GPP,0.5,1.0,0.5,0.25,0.4,0.0,0.0,0.0,1.0,0.0,0.0,0.0,0.2,0.5,0.0,0.5
GPS,1.0,1.0,1.0,0.0,0.0,0.0,0.0,0.5,1.0,0.0,1.0,1.0,1.0,0.0,0.6666666666666666,1.0
GPV,0.0,0.0,0.0,0.0,0.0,0.0,0.0,0.0,0.0,0.0,0.0,0.0,0.0,0.0,0.0,0.0
GPY,0.0,0.0,0.0,0.0,0.0,0.0,0.0,0.0,0.0,0.0,0.0,0.0,0.0,0.0,0.0,0.0
GQA,0.6666666666666666,0.8333333333333334,0.4166666666666667,0.8571428571428571,1.0,0.6,0.5384615384615384,0.625,0.625,0.8571428571428571,0.5,0.25,0.0,1.0,1.0,1.0
GQC,0.0,0.0,0.0,0.0,0.0,0.0,0.0,0.0,0.0,0.0,0.0,0.0,0.0,0.0,0.0,0.0
GQD,0.0,0.0,0.0,0.0,0.0,0.0,0.0,0.0,0.0,0.0,0.0,0.0,0.0,0.0,0.0,0.0
GQF,0.0,0.0,0.0,0.0,0.0,0.0,0.0,0.0,0.0,0.0,0.0,0.0,0.0,0.0,0.0,0.0
GQG,0.0,0.0,0.0,0.0,0.0,0.7384615384615385,0.0,0.6153846153846154,0.0,0.0,0.04,0.08,0.0,0.0,0.06666666666666667,0.6341463414634146
GQH,0.0,0.0,0.0,0.0,0.0,0.0,0.0,0.0,0.0,0.0,0.0,0.0,0.0,0.0,0.0,0.0
GQI,0.0,0.625,0.0,0.0,1.0,0.0,0.0,0.0,0.0,0.0,0.0,0.0,0.0,0.0,0.0,0.0
GQK,0.0,0.0,0.0,0.0,0.0,0.0,0.0,0.0,0.0,0.0,0.0,0.0,0.0,0.0,0.0,0.0
GQL,0.0,0.0,0.0,0.0,0.0,0.0,0.0,0.0,0.0,0.0,0.0,0.0,0.0,0.0,0.0,0.0
GQM,0.0,0.0,0.0,0.0,0.0,0.0,0.0,0.0,0.0,0.0,0.0,0.0,0.0,0.0,0.0,0.0
GQN,0.0,0.0,0.0,0.0,0.0,0.0,0.0,0.0,0.0,0.0,0.0,0.0,0.0,0.0,0.0,0.0
GQP,0.5,0.5,0.5,0.0,0.0,1.0,1.0,1.0,0.6666666666666666,1.0,0.6666666666666666,0.725,0.3333333333333333,1.0,0.6896551724137931,0.8947368421052632
GQR,0.0,0.0,0.0,0.0,0.0,1.0,1.0,1.0,0.0,0.0,0.0,0.6666666666666666,0.0,1.0,1.0,0.0
GQT,1.0,0.5,0.5,0.0,1.0,0.0,0.6,0.0,0.25,0.75,0.3333333333333333,0.0,0.0,0.0,0.0,0.0
GQW,0.0,0.0,0.5454545454545454,0.0,0.0,0.6355140186915887,0.0,0.6857142857142857,0.5357142857142857,0.0,0.3018867924528302,0.0,0.0,0.0,0.0,0.5581395348837209
GQY,0.0,0.0,0.0,0.0,0.0,0.0,0.0,0.0,0.0,0.0,0.0,0.0,0.0,0.0,0.0,0.0
GRA,1.0,0.0,1.0,0.0,1.0,0.0,0.0,1.0,0.0,0.0,0.0,0.0,0.0,0.5,0.0,1.0
GRC,0.0,1.0,0.8571428571428571,0.0,0.5,0.0,0.0,0.6666666666666666,1.0,0.0,0.0,1.0,0.6666666666666666,1.0,0.0,1.0
GRD,0.0,0.5,1.0,1.0,0.75,0.3333333333333333,0.5,0.3333333333333333,0.5,1.0,1.0,1.0,0.25,0.5,0.5,1.0
GRE,1.0,0.5,1.0,1.0,0.5,0.0,0.0,0.5,0.5,0.0,0.0,0.0,1.0,0.0,0.0,0.75
GRF,0.0,0.0,0.4,0.0,0.09090909090909091,0.25,0.4,0.5,0.5714285714285714,0.0,0.6153846153846154,0.45454545454545453,0.0,0.6,0.3,0.6666666666666666
GRG,0.8846153846153846,1.0,0.5555555555555556,0.42857142857142855,0.75,0.6363636363636364,0.8620689655172413,0.7142857142857143,0.5909090909090909,0.7647058823529411,0.2857142857142857,0.5454545454545454,0.6666666666666666,0.25,0.625,0.25
GRI,1.0,0.3333333333333333,0.0,1.0,0.0,1.0,0.0,0.5,1.0,1.0,0.0,0.0,0.0,0.0,1.0,1.0
GRL,0.0,0.0,0.0,0.0,0.0,0.0,0.0,0.0,0.0,0.0,0.0,0.0,0.0,0.0,0.0,0.0
GRP,0.0,1.0,0.0,1.0,1.0,0.0,1.0,1.0,1.0,1.0,1.0,0.0,0.0,0.0,1.0,1.0
GRQ,0.0,0.0,0.0,0.0,0.0,0.0,0.0,0.0,0.0,0.0,0.0,0.0,0.0,0.0,0.0,0.0
GRR,0.7692307692307693,0.6,0.5714285714285714,0.6,0.42857142857142855,0.125,0.25,0.5555555555555556,1.0,0.5,0.0,0.2,0.6923076923076923,0.6923076923076923,0.5,0.625
GRS,0.0,0.6666666666666666,1.0,1.0,0.6666666666666666,1.0,0.8,1.0,0.6666666666666666,0.0,1.0,0.6666666666666666,0.0,1.0,0.6666666666666666,0.5
GRT,0.0,0.0,0.0,0.0,0.0,0.0,0.0,0.0,0.0,0.0,0.0,0.0,0.0,0.0,0.0,0.0
GRV,0.0,0.3333333333333333,0.0,0.0,0.5,0.5,0.0,0.3333333333333333,0.5,0.0,0.029411764705882353,0.14285714285714285,0.0,0.2,0.16,0.0
GRW,0.0,0.0,0.0,0.0,0.0,0.0,0.0,0.0,0.0,0.0,0.0,0.0,0.0,0.0,0.0,0.0
GSA,0.0,1.0,0.0,0.0,0.0,1.0,1.0,0.5,0.0,0.0,0.0,0.5,0.0,0.3333333333333333,0.0,1.0
GSC,1.0,0.0,1.0,0.0,0.0,0.0,0.0,0.0,0.4,0.0,0.0,0.0,0.0,0.0,0.0,0.0
GSD,0.0,0.0,0.0,0.0,0.0,0.0,0.0,0.0,0.0,0.0,0.11864406779661017,0.6585365853658537,0.0,0.0,0.3333333333333333,0.7083333333333334
GSE,0.0,1.0,1.0,1.0,1.0,0.0,0.0,1.0,0.3333333333333333,1.0,0.0,0.0,0.0,0.0,0.0,0.0
GSF,1.0,1.0,0.6666666666666666,0.0,0.0,1.0,0.0,1.0,0.75,1.0,1.0,1.0,0.0,1.0,1.0,0.0
GSG,1.0,0.0,0.5714285714285714,0.6666666666666666,1.0,0.6666666666666666,0.14285714285714285,0.25,0.4166666666666667,1.0,0.3076923076923077,0.7333333333333333,0.8,0.6666666666666666,0.6428571428571429,0.4444444444444444
GSH,0.0,0.5,1.0,0.0,0.6666666666666666,0.0,0.0,0.0,0.5,0.0,0.0,0.3333333333333333,0.0,0.0,0.0,0.0
GSI,0.0,0.0,0.0,0.0,0.0,0.0,0.0,0.0,0.0,0.0,0.0,0.0,0.0,0.0,0.0,0.0
GSK,0.0,0.0,0.0,0.0,0.0,0.0,0.0,0.0,0.0,0.0,0.0,0.0,0.0,0.0,0.0,0.0
GSL,0.0,0.18181818181818182,0.0,0.0,0.0,0.6666666666666666,1.0,0.0,0.1,0.0,0.0,0.1,0.0,1.0,0.0,0.5
GSN,0.0,0.8333333333333334,0.3125,0.8,0.6666666666666666,1.0,0.0,0.25,0.45454545454545453,0.8,0.6666666666666666,0.6666666666666666,0.75,0.4,0.8,1.0
GSP,0.0,1.0,0.0,1.0,0.0,0.84375,0.2,0.0,0.14285714285714285,0.8181818181818182,0.7466666666666667,0.0,1.0,0.4117647058823529,1.0,0.2
GSQ,0.0,1.0,0.0,0.2,0.2857142857142857,0.6,0.75,0.4,0.16666666666666666,0.2857142857142857,0.6666666666666666,0.5,0.0,0.0,0.75,0.5
GSR,0.0,0.16666666666666666,0.6,0.0,0.7,0.3076923076923077,0.0,1.0,0.08333333333333333,0.5555555555555556,0.0,1.0,0.0,1.0,0.6470588235294118,0.0
GSS,0.0,0.25,0.3333333333333333,0.0,0.5,1.0,0.4,0.0,0.0,0.3333333333333333,0.75,1.0,1.0,0.5,0.625,1.0
GST,0.96,0.8333333333333334,0.16666666666666666,0.0,0.7142857142857143,0.5,0.8518518518518519,0.0,0.65,0.0,0.2,0.0,0.0,0.0,0.0,0.0
GSV,0.0,0.0,0.0,0.0,0.0,0.0,0.0,0.0,0.14285714285714285,0.0,0.5,0.2857142857142857,0.0,0.0,0.6666666666666666,0.0
GSW,0.8571428571428571,0.0,0.8,0.0,0.0,0.0,0.0,0.0,0.8,0.0,0.0,0.0,0.0,0.0,0.0,0.0
GSY,0.0,0.0,0.0,0.0,0.0,0.0,0.0,0.0,0.0,0.0,0.0,0.0,0.0,0.0,0.0,0.0
GTD,0.0,0.0,0.3333333333333333,0.0,0.16666666666666666,0.0,0.0,0.0,0.0,0.16666666666666666,0.5,0.0,0.0,0.0,0.0,0.0
GTE,0.0,0.0,0.0,0.0,0.0,0.0,0.0,0.0,0.0,0.0,1.0,1.0,0.0,1.0,1.0,0.0
GTF,0.0,0.0,0.0,0.0,0.0,0.0,0.0,0.0,0.0,0.0,1.0,0.5,0.0,0.0,1.0,0.0
GTG,0.5,0.25,0.2,0.6666666666666666,0.14285714285714285,0.0,0.25,0.0,0.5,0.0,0.0,0.0,0.0,0.0,0.3333333333333333,1.0
GTH,0.0,0.5,0.0,1.0,0.5,1.0,1.0,0.0,0.0,0.0,0.6666666666666666,1.0,1.0,0.0,0.0,0.0
GTI,0.0,0.0,0.0,0.0,0.0,0.0,0.0,0.0,0.0,0.0,0.0,0.0,0.0,0.0,0.0,0.0
GTK,0.6666666666666666,0.0,0.8620689655172413,0.14285714285714285,0.0,0.4107142857142857,0.8846153846153846,0.6875,0.5833333333333334,0.0,0.8163265306122449,0.2,0.0,0.88,0.07692307692307693,0.4888888888888889
GTL,0.2222222222222222,0.1111111111111111,0.5,0.0,0.25,0.75,0.14285714285714285,0.5,0.14285714285714285,0.3333333333333333,0.8,0.0,0.0,0.2,0.0,0.25
GTN,0.0,0.0,0.0,0.0,0.0,0.0,0.0,0.0,0.0,0.0,0.0,0.0,0.0,0.0,0.0,0.0
GTP,0.0,0.0,0.0,0.0,0.0,0.0,0.0,0.0,0.0,0.0,0.0,0.0,0.0,0.0,0.0,0.0
GTQ,0.0,0.0,0.0,0.0,0.0,1.0,0.0,0.5,0.0,0.0,0.6666666666666666,0.6666666666666666,0.0,0.5,0.6666666666666666,1.0
GTR,0.375,1.0,0.4444444444444444,0.4,0.0,0.0,0.5,1.0,0.6363636363636364,0.3333333333333333,0.8,0.8,1.0,0.75,0.5714285714285714,0.6666666666666666
GTS,0.0,0.0,0.0,0.0,0.0,0.0,0.0,0.0,0.0,0.0,0.0,0.0,0.0,0.0,0.0,0.0
GTT,0.0,0.0,0.0,0.0,0.0,0.0,0.0,0.0,0.0,0.0,0.375,0.6666666666666666,0.0,0.0,0.42857142857142855,0.5
GTV,0.0,0.0,0.0,0.0,0.0,0.0,0.0,0.0,0.0,0.0,0.0,0.0,0.0,0.0,0.0,0.0
GTY,0.0,0.0,0.0,0.0,0.0,0.0,0.0,0.0,0.0,0.0,0.0,0.0,0.0,0.0,0.0,0.0
GVA,0.0,0.625,0.5,0.0,0.7142857142857143,0.6,0.0,1.0,0.0,0.0,0.125,0.0,0.0,0.75,0.0,0.0
GVC,0.0,0.0,0.0,0.0,0.0,0.0,0.0,0.0,0.0,0.0,0.0,0.0,0.0,0.0,0.0,0.0
GVE,0.7,0.4444444444444444,0.8,0.5714285714285714,0.4444444444444444,1.0,0.35714285714285715,1.0,0.5,0.6,0.3333333333333333,0.0,1.0,1.0,0.5714285714285714,0.3333333333333333
GVF,0.0,0.0,0.0,0.0,0.0,0.0,1.0,0.0,0.0,0.0,1.0,0.0,0.0,0.0,0.0,0.0
GVG,0.0,0.6666666666666666,0.6666666666666666,0.0,0.6666666666666666,0.0,0.6666666666666666,0.0,0.6666666666666666,1.0,0.0,0.0,0.0,0.0,0.0,0.0
GVH,0.0,0.0,0.0,0.0,0.0,0.0,0.0,0.0,0.0,0.0,0.0,0.0,0.0,0.0,0.0,0.0
GVI,0.0,0.0,0.0,1.0,0.0,0.0,0.0,1.0,0.5,0.0,0.0,0.0,0.0,0.3333333333333333,1.0,1.0
GVK,0.0,1.0,0.0,0.0,0.0,0.0,1.0,0.0,0.0,0.0,0.0,1.0,0.0,0.0,0.0,1.0
GVL,0.0,0.0,0.0,0.0,0.0,0.0,0.0,0.0,0.0,0.0,0.0,0.0,0.0,0.0,0.0,0.0
GVM,0.0,0.0,0.6666666666666666,0.8,0.3333333333333333,0.3333333333333333,0.0,0.6666666666666666,0.6666666666666666,0.3333333333333333,0.5,1.0,0.5714285714285714,0.8,0.375,1.0
GVP,0.0,0.16666666666666666,0.6666666666666666,0.4,0.16666666666666666,0.14285714285714285,0.23076923076923078,0.0,0.125,0.2,0.3333333333333333,0.1111111111111111,0.0,0.2,0.0,0.75
GVQ,0.5,0.0,0.0,0.0,0.0,0.0,0.0,0.0,0.0,1.0,0.4,0.0,0.0,0.0,0.0,0.0
GVS,0.0,1.0,0.3333333333333333,0.0,0.4,0.0,0.5,0.5,0.0,0.6666666666666666,1.0,1.0,0.0,0.5,1.0,0.0
GVT,1.0,0.0,0.6666666666666666,1.0,1.0,0.75,0.25,0.0,0.0,0.75,1.0,0.5,1.0,0.6666666666666666,0.5,0.0
GVV,0.0,0.0,0.0,0.0,0.0,0.0,0.0,0.0,0.0,0.0,0.0,0.0,0.0,0.0,0.0,0.0
GVW,0.0,0.0,0.0,0.0,0.0,0.0,0.0,0.0,0.0,0.0,0.0,0.0,0.0,0.0,0.0,0.0
GVY,0.0,0.0,0.0,0.0,0.0,0.0,0.0,0.0,0.0,0.0,0.0,0.0,0.0,0.0,0.0,0.0
GWD,0.0,0.0,0.0,0.0,0.0,0.0,0.0,0.0,0.0,0.0,0.0,0.0,0.0,0.0,0.0,0.0
GWE,0.0,0.0,0.0,0.0,0.0,0.0,0.0,0.0,0.0,0.0,0.0,0.0,0.0,0.0,0.0,0.0
GWG,0.0,0.0,0.0,0.0,0.5,1.0,0.0,0.0,0.5,0.0,0.3888888888888889,0.6666666666666666,0.0,0.0,0.5238095238095238,0.8181818181818182
GWI,0.0,0.0,1.0,0.0,0.0,0.0,0.0,0.0,0.0,0.0,0.5,0.5,1.0,0.0,0.0,1.0
GWK,0.0,1.0,0.0,0.8181818181818182,0.0,0.5877192982456141,0.14285714285714285,0.0,0.5,0.5625,0.6212121212121212,0.0,0.875,0.5714285714285714,0.25,0.23076923076923078
GWL,0.0,0.875,1.0,1.0,0.7272727272727273,1.0,1.0,0.0,0.9090909090909091,1.0,0.0,1.0,1.0,1.0,0.0,1.0
GWN,0.0,0.0,0.0,0.0,0.0,0.0,0.0,0.0,0.0,0.0,0.0,1.0,0.0,0.0,0.0,1.0
GYA,0.0,0.0,0.0,0.0,0.0,0.0,0.0,0.0,0.0,0.0,0.0,0.0,0.0,0.0,0.0,0.0
GYC,0.0,0.0,0.0,0.0,0.0,0.0,0.0,0.0,0.0,0.0,0.0,0.0,0.0,0.0,0.0,0.0
GYD,0.0,0.0,0.0,0.0,0.0,0.0,0.0,0.0,0.0,0.0,0.0,0.0,0.0,0.0,0.0,0.0
GYE,0.0,0.0,0.0,0.0,0.0,0.9099099099099099,0.0,0.0,0.2,1.0,0.897196261682243,0.0,0.0,0.0,0.0,0.0
GYF,0.0,1.0,0.0,0.5,0.6666666666666666,0.0,0.0,1.0,1.0,0.6666666666666666,0.3333333333333333,0.0,0.0,1.0,1.0,1.0
GYG,0.0,0.0,0.0,0.0,0.0,0.0,0.0,0.0,0.0,0.0,0.0,0.0,0.0,0.0,0.0,0.0
GYI,0.0,0.0,1.0,0.5,0.5,0.0,1.0,0.0,1.0,0.0,0.0,1.0,0.0,1.0,1.0,1.0
GYK,0.3333333333333333,0.0,0.5714285714285714,0.0,0.0,0.0,0.0,0.0,0.8571428571428571,0.0,0.0,0.24242424242424243,0.5,0.0,0.47619047619047616,0.0
GYL,0.0,0.0,0.0,0.0,1.0,0.6666666666666666,0.5,1.0,0.0,0.0,0.0,0.0,0.0,0.75,0.0,1.0
GYM,0.0,1.0,0.0,1.0,1.0,0.0,1.0,0.0,0.0,0.0,1.0,1.0,0.0,0.0,0.0,0.0
GYN,0.0,0.6666666666666666,0.0,0.0,1.0,0.0,1.0,0.0,0.0,0.6666666666666666,0.0,0.0,0.0,0.0,0.0,0.0
GYP,1.0,0.0,0.0,0.0,0.0,0.0,0.0,0.0,0.0,0.0,0.0,0.0,0.0,0.0,0.0,0.0
GYQ,0.0,0.4,0.0,0.0,0.5,0.0,0.4,0.0,0.0,1.0,0.6666666666666666,0.0,0.0,0.0,0.0,0.0
GYR,0.88,0.967741935483871,0.42857142857142855,0.0,0.9583333333333334,0.6,0.8666666666666667,1.0,0.5833333333333334,0.9117647058823529,0.2222222222222222,0.4,0.5,0.0,0.875,0.5
GYS,0.0,0.0,0.0,0.0,0.0,0.0,0.0,0.0,0.0,0.0,0.0,0.0,0.0,0.0,0.0,0.0
GYT,0.0,1.0,0.5,0.0,0.3333333333333333,0.0,0.75,0.0,0.0,0.5,0.6,0.625,1.0,0.3333333333333333,0.6666666666666666,0.75
GYV,0.0,0.0,0.0,0.5,0.0,0.0,0.0,0.0,0.0,0.0,0.0,0.0,1.0,0.0,0.0,0.0
GYY,0.0,0.3333333333333333,0.0,0.6666666666666666,0.0,0.0,0.0,0.0,0.42857142857142855,0.0,0.0,0.0,0.0,0.0,0.0,1.0
HAH,0.6666666666666666,0.0,0.0,0.0,0.0,0.0,0.0,0.0,1.0,1.0,1.0,0.0,0.0,0.0,1.0,1.0
HAI,0.0,0.0,0.0,0.0,0.0,0.0,0.0,0.0,0.0,0.0,0.0,0.0,0.0,0.0,0.0,0.0
HAK,0.5,0.0,1.0,0.0,1.0,0.5,0.0,0.0,0.0,0.0,0.0,0.0,0.0,0.0,0.0,0.0
HAL,0.0,0.0,0.0,0.0,0.0,0.0,0.0,0.0,0.0,0.0,0.0,0.0,0.0,0.0,0.0,0.0
HAM,0.0,0.0,0.0,0.0,0.0,0.0,0.0,0.0,0.0,0.0,0.0,0.0,0.0,0.0,0.0,0.0
HAN,0.0,0.25,0.5,0.0,0.0,0.8,0.0,0.6666666666666666,1.0,0.2857142857142857,0.8,0.5714285714285714,0.0,0.6666666666666666,0.6666666666666666,0.0
HAP,0.0,0.0,0.0,0.0,0.0,0.0,0.0,0.0,0.0,0.0,0.0,0.0,0.0,0.0,0.0,0.0
HAR,0.0,0.0,0.0,1.0,0.0,0.0,1.0,0.0,0.0,0.0,0.0,1.0,0.0,0.5,1.0,1.0
HAS,1.0,1.0,1.0,1.0,1.0,0.5,0.0,0.0,1.0,0.0,0.3333333333333333,1.0,1.0,0.0,1.0,0.0
HAV,0.0,0.0,0.0,0.0,0.0,0.0,0.0,0.0,0.0,0.0,0.0,0.0,0.0,0.0,0.0,0.0
HAY,0.0,0.6666666666666666,0.0,0.0,0.5,0.0,0.0,0.0,0.5,0.0,0.0,0.0,0.0,0.0,0.0,0.0
HCE,0.0,0.0,0.0,0.0,0.0,0.0,0.0,0.0,0.0,0.0,0.0,0.0,0.0,0.0,0.0,0.0
HCF,0.0,0.0,0.0,0.0,0.0,0.0,0.0,0.0,0.0,0.0,0.0,0.0,0.0,0.0,0.0,0.0
HCI,0.0,0.0,0.0,0.0,1.0,1.0,0.0,0.0,0.0,0.0,0.0,0.0,0.0,0.0,0.0,0.0
HCL,0.0,0.25,0.4,0.6666666666666666,0.6666666666666666,0.5,0.0,0.25,0.0,0.2857142857142857,0.0,0.1875,0.8333333333333334,0.0,0.0,0.2727272727272727
HCP,0.0,0.0,0.0,0.0,0.0,0.0,0.0,0.0,0.0,0.0,0.0,0.0,0.0,0.0,0.0,0.0
HCQ,0.0,0.0,0.0,0.0,0.0,0.0,0.0,0.0,0.0,0.0,0.0,0.0,0.0,0.0,0.0,0.0
HCS,0.0,0.0,0.4,0.0,0.0,0.0,0.0,0.0,0.5,1.0,0.0,0.0,0.0,0.0,0.0,0.0
HCV,0.0,0.0,0.0,0.0,0.0,0.0,0.0,0.0,0.0,0.0,0.0,0.0,0.0,0.0,0.0,0.0
HCY,0.0,0.0,0.0,0.0,0.0,0.0,0.0,1.0,0.0,0.0,0.0,0.0,0.0,0.0,0.0,0.0
HDD,0.0,0.0,0.0,0.0,0.0,0.0,0.0,0.0,0.0,0.0,0.0,0.0,0.0,0.0,0.0,0.0
HDF,0.0,0.0,0.0,0.0,0.0,0.0,0.0,0.0,0.0,0.0,0.0,0.0,0.0,0.0,0.0,0.0
HDG,0.0,0.6666666666666666,0.5,0.0,0.75,0.0,0.6666666666666666,0.0,1.0,0.3333333333333333,1.0,0.6666666666666666,0.0,0.0,0.6666666666666666,0.0
HDI,0.0,0.5,0.0,1.0,0.0,0.0,0.0,0.5,0.5,1.0,0.0,0.0,0.5,0.0,1.0,0.0
HDW,1.0,0.0,0.5,0.0,1.0,0.0,0.0,0.0,1.0,1.0,0.45454545454545453,0.0,0.0,0.0,0.0,0.0
HEA,0.0,1.0,1.0,0.0,0.0,1.0,0.0,1.0,0.0,1.0,0.5,1.0,0.0,1.0,1.0,0.0
HEG,0.0,1.0,0.0,0.0,0.5,0.5,0.0,0.0,0.0,0.0,0.0,0.0,0.0,1.0,0.0,0.0
HEK,0.0,0.0,0.0,0.0,0.0,0.0,0.0,0.0,0.0,0.0,0.0,0.0,0.0,0.0,0.0,0.0
HEL,0.0,0.0,0.0,0.0,0.0,0.0,0.0,0.0,0.0,0.0,0.0,0.0,0.0,0.0,0.0,0.0
HER,0.0,0.0,0.0,0.0,0.3333333333333333,1.0,0.0,0.0,0.0,0.0,0.0,0.0,0.0,0.0,0.0,0.0
HEV,1.0,1.0,1.0,0.6666666666666666,1.0,0.0,1.0,0.0,0.0,0.6666666666666666,0.0,0.0,1.0,0.0,0.0,0.0
HFE,0.5,0.0,0.5,0.0,0.0,0.0,0.0,0.0,1.0,0.0,0.0,0.0,0.0,0.0,0.0,0.0
HFG,0.0,0.0,0.0,0.0,0.0,0.0,0.0,0.0,0.0,0.0,0.0,0.0,0.0,0.0,0.0,0.0
HFK,0.0,0.0,0.0,0.0,0.0,0.0,0.0,0.0,0.0,0.0,0.0,0.0,0.0,0.0,0.0,0.0
HFL,0.0,0.0,0.0,0.0,0.0,0.0,0.0,0.0,0.0,0.0,0.0,0.0,0.0,0.0,0.0,0.0
HFQ,0.0,0.0,0.0,0.0,0.0,0.0,0.0,0.0,0.0,0.0,0.0,0.0,0.0,0.0,0.0,0.0
HFT,0.0,0.0,0.0,0.0,0.0,0.0,0.0,0.0,0.0,0.0,0.0,0.0,0.0,0.0,0.0,0.0
HGA,0.0,0.0,0.0,0.0,0.0,0.0,0.0,0.0,0.0,0.0,0.0,0.0,0.0,0.0,0.0,0.0
HGF,1.0,1.0,0.5,1.0,0.5,0.5,0.5,0.0,1.0,0.0,1.0,0.0,0.0,0.0,1.0,0.5
HGG,1.0,1.0,1.0,0.0,0.0,0.0,0.0,0.5,0.0,0.0,1.0,0.6666666666666666,1.0,0.0,1.0,0.5
HGH,0.0,1.0,0.0,0.0,0.0,0.0,0.0,0.0,0.0,0.0,0.0,0.0,1.0,0.0,0.0,0.0
HGI,0.0,0.0,0.0,0.0,0.0,0.0,0.0,0.0,0.0,0.0,0.0,0.0,0.0,0.0,0.0,0.0
HGK,0.0,0.0,0.6,0.75,0.3333333333333333,0.3333333333333333,0.5,0.0,0.5,0.0,0.5,0.75,1.0,0.3333333333333333,1.0,0.0
HGL,0.0,1.0,0.5,0.0,0.0,0.0,0.0,0.0,0.0,0.0,0.0,1.0,1.0,0.0,0.0,1.0
HGM,1.0,0.5,0.0,0.0,1.0,1.0,0.0,0.0,0.0,0.0,0.0,0.0,0.0,0.0,0.0,0.0
HGN,0.0,0.0,0.0,0.0,0.0,0.0,0.0,0.0,0.0,0.0,0.0,0.0,0.0,0.0,0.0,0.0
HGP,0.0,0.0,0.0,0.0,0.0,0.0,0.0,0.0,0.0,0.0,0.0,0.0,0.0,0.0,0.0,0.0
HGQ,0.0,0.0,0.0,0.0,0.0,0.0,0.0,0.0,0.0,0.0,0.0,0.0,0.0,0.0,0.0,0.0
HGT,0.0,0.0,1.0,0.0,0.0,0.0,0.0,0.0,0.0,0.0,1.0,0.0,0.0,0.0,0.0,0.0
HGV,0.0,0.0,0.0,0.0,0.0,0.0,1.0,0.0,0.0,0.0,0.025,0.0,0.0,0.0,0.0,0.0
HGY,0.0,1.0,0.0,1.0,1.0,1.0,1.0,0.0,0.0,0.0,1.0,1.0,1.0,0.0,0.0,0.0
HHK,0.0,1.0,0.0,0.0,0.0,0.0,0.5,0.0,0.0,0.0,0.0,0.0,0.0,0.0,0.0,0.0
HHN,0.0,0.0,0.0,1.0,0.0,0.0,0.0,1.0,0.0,0.5,0.0,0.0,0.5,0.0,1.0,0.0
HHQ,0.0,0.0,0.0,0.0,1.0,0.5,0.0,0.0,0.0,0.0,0.0,0.0,0.0,0.0,0.0,0.0
HHT,0.0,0.0,0.0,0.0,0.0,0.0,0.0,0.0,0.0,0.0,0.0,0.0,0.0,0.0,0.0,0.0
HIC,0.0,0.0,0.0,0.0,0.0,0.0,0.0,0.0,0.0,0.0,0.0,0.0,0.0,0.0,0.0,0.0
HIE,0.0,0.0,0.0,0.0,0.0,0.0,0.0,0.0,0.0,0.0,0.0,0.0,0.0,0.0,0.0,0.0
HIG,0.3333333333333333,0.0,0.5,0.6666666666666666,0.4,0.5,0.2,0.0,0.6666666666666666,0.0,0.0,0.0,0.0,0.2,0.0,0.6666666666666666
HII,0.0,0.0,0.0,0.0,0.0,0.0,0.0,0.0,0.0,0.0,0.0,0.0,0.0,0.0,0.0,0.0
HIK,0.0,0.0,0.25,0.75,1.0,0.0,0.0,0.0,0.2,0.0,0.0,0.3333333333333333,1.0,0.0,0.6666666666666666,0.6666666666666666
HIM,0.0,0.0,0.0,0.0,0.0,0.0,0.0,0.0,0.0,0.0,0.0,0.0,0.0,0.0,0.0,0.0
HIP,0.0,0.0,0.0,0.0,0.0,0.0,0.0,0.0,0.0,0.0,0.0,0.0,0.0,0.0,0.0,0.0
HIQ,0.0,0.0,0.0,0.0,0.0,0.0,0.0,0.0,0.0,0.0,1.0,1.0,0.0,0.0,1.0,0.0
HIT,0.0,0.0,0.0,0.0,0.0,0.0,0.0,0.0,0.0,0.0,0.0,0.0,0.0,0.0,0.0,0.0
HIV,0.0,0.0,0.0,0.0,0.0,0.0,0.0,0.0,0.0,0.0,0.0,0.0,0.0,0.0,0.0,0.0
HIW,0.0,0.0,0.0,0.0,0.0,0.0,0.0,1.0,0.0,0.0,0.0,0.0,0.0,1.0,0.0,1.0
HKC,0.0,0.3333333333333333,0.0,0.0,0.0,0.0,1.0,0.0,0.5,0.0,1.0,0.0,0.0,0.0,0.0,0.0
HKG,0.0,0.16666666666666666,0.0,0.0,0.2222222222222222,0.09090909090909091,0.0,0.7142857142857143,0.5,0.0,0.125,0.0,0.0,1.0,0.7333333333333333,1.0
HKM,0.0,0.0,0.0,0.0,0.0,0.0,0.0,0.0,0.0,0.0,0.0,0.0,0.0,0.0,0.0,0.0
HKP,0.0,0.0,0.0,0.0,0.0,0.0,0.0,0.0,0.0,0.0,0.0,0.0,0.0,0.0,0.0,0.0
HKQ,0.0,0.0,0.25,0.0,0.0,0.0,0.0,0.0,0.0,0.0,1.0,0.0,0.0,0.0,0.0,0.0
HKR,0.0,0.0,0.0,0.0,0.0,0.0,0.0,0.0,0.0,0.0,0.0,1.0,0.0,0.0,1.0,0.0
HKY,0.5,1.0,0.0,0.0,0.5,1.0,0.0,1.0,1.0,0.0,0.5,1.0,0.0,1.0,0.0,0.0
HLA,0.0,0.0,0.0,0.0,0.0,0.0,0.0,0.0,0.0,0.0,0.0,0.0,0.0,0.0,0.0,0.0
HLD,1.0,0.0,0.5,0.0,0.0,0.3333333333333333,0.5,0.0,0.0,0.0,0.0,1.0,0.0,0.5,0.0,0.0
HLG,0.0,0.0,0.0,0.0,0.0,0.0,0.0,0.0,0.0,0.0,0.0,0.0,0.0,0.0,0.0,0.0
HLH,1.0,0.0,0.0,0.0,0.0,0.0,0.0,0.0,1.0,0.0,0.0,0.0,0.0,0.0,1.0,0.0
HLI,0.0,0.0,0.0,0.0,0.0,0.0,0.6666666666666666,0.0,0.0,0.0,0.0,0.2222222222222222,0.5,0.0,0.0,0.4
HLK,0.0,0.0,0.7142857142857143,0.0,0.8333333333333334,0.0,0.8333333333333334,0.0,0.0,1.0,0.0,0.0,0.0,0.0,0.0,0.0
HLL,0.2,0.15384615384615385,0.1111111111111111,0.2,0.125,0.0,0.2,0.0,0.2222222222222222,0.1111111111111111,0.16216216216216217,0.0,0.0,0.0,0.2727272727272727,0.0
HLP,0.0,0.0,0.0,0.0,0.0,0.0,0.0,0.0,0.0,0.0,0.0,0.0,0.0,0.0,0.0,0.0
HLQ,0.0,0.25,1.0,0.0,1.0,0.0,0.0,0.0,1.0,0.0,0.0,1.0,0.0,1.0,0.0,0.0
HLR,1.0,1.0,1.0,1.0,0.75,1.0,0.0,1.0,0.6666666666666666,1.0,1.0,1.0,1.0,0.0,0.5,0.75
HLS,0.0,0.5,0.0,0.0,0.0,0.0,1.0,0.0,0.0,0.0,0.6666666666666666,0.0,1.0,0.0,0.0,0.0
HLT,0.0,0.0,0.0,0.0,0.0,0.0,0.0,0.0,0.0,0.0,0.0,0.0,0.0,0.0,0.0,0.0
HLV,0.0,0.0,0.0,0.0,0.0,0.0,1.0,0.0,0.0,0.0,0.0,1.0,0.0,0.0,1.0,0.0
HLY,0.0,0.0,0.0,0.0,0.0,0.0,0.0,0.0,0.0,0.0,0.0,0.0,0.0,0.0,0.0,0.0
HMH,0.0,0.0,0.0,0.0,0.0,0.0,0.0,0.0,0.0,0.0,0.0,0.0,0.0,0.0,0.0,0.0
HMV,0.0,0.0,1.0,0.0,1.0,0.0,0.0,0.0,0.0,1.0,0.0,0.0,0.0,0.0,0.0,0.0
HNA,0.0,0.0,0.0,0.0,0.0,0.0,0.0,0.0,0.0,0.0,0.0,0.0,0.0,0.0,0.0,0.0
HNH,0.0,0.0,0.0,0.0,0.0,0.5,0.0,0.5,0.0,0.0,0.0,0.0,0.0,0.5,0.0,0.0
HNI,0.0,0.0,0.0,0.0,0.0,0.0,0.0,0.0,0.0,0.0,0.0,0.0,0.0,0.0,0.0,0.0
HNK,0.8,0.0,1.0,0.0,0.0,0.0,1.0,0.0,1.0,0.0,0.0,0.0,0.0,0.0,0.0,0.0
HNL,0.0,0.0,0.0,0.0,0.0,0.0,0.0,0.0,0.0,0.0,0.0,0.0,0.0,0.0,0.0,0.0
HNM,1.0,0.0,0.8571428571428571,0.0,0.0,0.0,0.0,0.0,1.0,1.0,0.0,0.0,0.0,0.0,0.0,0.0
HNN,0.0,0.0,0.0,0.0,0.0,0.0,0.0,0.0,0.0,0.0,0.0,0.0,0.0,0.0,0.0,0.0
HNQ,0.0,0.0,0.0,0.0,0.0,0.0,0.0,0.0,0.0,0.0,0.0,0.0,0.0,0.0,0.0,0.0
HNR,0.0,1.0,1.0,0.0,0.6666666666666666,1.0,1.0,1.0,0.6666666666666666,1.0,1.0,0.0,1.0,1.0,1.0,1.0
HNT,0.0,0.0,0.0,0.0,0.0,0.0,0.0,0.0,0.0,0.0,0.0,0.0,0.0,0.0,0.0,0.0
HNV,0.0,1.0,1.0,0.0,1.0,0.0,0.0,0.0,1.0,0.5,0.0,0.0,0.0,0.0,0.0,0.0
HNY,0.0,0.0,0.0,1.0,0.0,0.0,0.0,0.5,0.0,0.5,0.0,0.0,1.0,0.0,0.5,0.0
HPA,0.0,0.0,0.0,0.0,0.0,0.9285714285714286,0.0,0.0,0.15384615384615385,0.6,0.91,0.0,0.0,0.0,0.0,0.0
HPD,0.0,0.0,0.0,0.0,0.0,0.0,0.0,0.0,0.0,0.0,0.0,0.0,0.0,0.0,0.0,0.0
HPG,0.0,0.7777777777777778,1.0,1.0,0.75,1.0,0.7,0.0,0.9166666666666666,0.6666666666666666,0.0,0.5555555555555556,1.0,0.0,0.0,1.0
HPI,0.0,0.0,0.0,0.0,0.0,1.0,1.0,0.0,0.0,0.0,1.0,0.6666666666666666,0.0,0.0,1.0,0.6666666666666666
HPK,0.5,0.0,0.5,0.0,0.0,0.0,0.0,0.0,0.6666666666666666,0.0,0.6,0.0,0.0,0.0,0.0,0.0
HPL,0.0,0.0,0.0,0.0,0.0,0.0,0.0,0.0,0.0,0.0,0.0,0.0,0.0,0.0,0.0,0.0
HPN,0.0,0.0,0.0,1.0,0.0,0.5,0.0,1.0,0.5,0.0,0.0,0.0,0.0,1.0,1.0,1.0
HPQ,1.0,1.0,0.5,1.0,0.0,0.0,0.0,0.8,0.6666666666666666,0.0,0.0,1.0,0.6666666666666666,1.0,1.0,1.0
HPR,1.0,1.0,0.8888888888888888,0.0,1.0,0.6,0.75,0.0,0.5,0.5,0.9565217391304348,0.7647058823529411,1.0,0.3333333333333333,0.75,0.6
HPS,0.0,0.0,0.0,0.0,0.0,0.0,0.0,0.0,0.0,0.0,0.0,0.0,0.0,0.0,0.0,0.0
HPT,0.0,0.0,0.0,0.0,0.0,0.0,0.0,0.0,0.0,0.0,0.0,0.0,0.0,0.0,0.0,0.0
HPV,0.0,0.0,0.0,0.0,0.0,0.0,0.0,0.0,0.0,0.0,0.0,0.13793103448275862,0.0,0.0,0.08333333333333333,0.18181818181818182
HQC,0.0,0.0,0.0,0.0,0.0,0.0,0.0,0.0,0.0,0.0,0.0,0.0,0.0,0.0,0.0,0.0
HQD,0.0,0.0,0.0,0.0,0.0,0.0,0.0,0.0,0.0,0.0,0.0,0.0,0.0,0.0,0.0,0.0
HQH,0.0,0.0,0.0,0.0,0.0,0.0,0.0,0.0,0.0,0.0,0.0,0.0,0.0,0.0,0.0,0.0
HQK,0.0,0.0,0.0,0.0,0.0,0.0,0.0,0.0,1.0,0.75,0.6610169491525424,0.0,0.0,0.0,0.0,0.0
HQM,0.0,0.0,0.0,0.0,0.0,0.0,0.0,0.0,0.0,0.0,0.0,0.0,0.0,0.0,0.0,0.0
HQT,0.0,0.0,0.0,0.0,1.0,0.5,0.0,0.0,0.0,0.0,0.0,0.0,0.0,0.0,0.0,0.0
HQV,0.0,0.0,0.0,0.0,0.0,0.0,0.0,0.0,0.0,0.0,0.0,0.0,0.0,0.0,0.0,0.0
HQY,0.0,0.3333333333333333,0.0,0.0,0.0,0.0,1.0,0.0,0.2,0.0,1.0,0.0,0.0,0.0,0.0,0.0
HRD,0.0,0.0,0.0,0.0,0.0,0.0,0.0,0.0,0.0,0.0,0.0,0.0,1.0,0.0,0.0,1.0
HRG,0.0,0.0,1.0,0.0,0.0,0.0,0.0,1.0,0.0,1.0,0.5,1.0,0.0,0.0,1.0,1.0
HRI,0.0,1.0,0.0,1.0,0.0,0.0,1.0,0.0,0.0,0.0,0.0,0.0,1.0,0.0,0.0,0.0
HRK,0.0,0.0,1.0,0.0,0.0,0.0,0.0,0.0,0.0,0.0,1.0,0.0,0.0,0.0,0.0,0.0
HRL,0.0,0.0,0.0,0.0,0.0,1.0,0.0,0.5,0.0,0.0,0.0,0.0,0.0,0.5,0.0,0.0
HRP,0.0,0.0,0.0,0.0,0.0,0.0,0.0,0.0,0.0,0.0,0.0,0.0,0.0,0.0,0.0,0.0
HRQ,1.0,1.0,0.0,0.5,1.0,0.0,0.0,1.0,1.0,1.0,1.0,0.5,1.0,0.0,0.6666666666666666,0.5
HRR,0.3333333333333333,0.0,1.0,1.0,0.3333333333333333,1.0,1.0,1.0,0.0,1.0,0.0,1.0,1.0,0.0,0.0,0.6666666666666666
HRS,0.0,0.0,0.0,0.0,0.0,0.0,0.0,0.0,0.0,0.0,0.0,0.0,0.0,0.0,0.0,0.0
HRT,0.0,0.0,0.0,0.0,0.0,0.0,0.0,0.0,0.0,0.0,0.0,0.0,0.0,0.0,0.0,0.0
HRV,0.0,0.0,0.0,0.0,0.0,0.0,0.0,0.0,0.0,0.0,0.0,0.0,0.0,0.0,0.0,0.0
HRW,0.0,1.0,0.0,0.0,0.0,0.0,0.0,1.0,0.0,0.0,0.0,0.0,0.0,0.0,0.0,1.0
HSD,0.0,0.0,0.0,0.0,0.0,0.0,0.0,0.0,0.0,0.0,0.0,0.0,0.0,0.0,0.0,0.0
HSG,0.0,0.0,0.0,0.0,0.0,0.0,0.6666666666666666,0.0,0.0,0.6666666666666666,1.0,0.25,0.0,0.3333333333333333,0.3333333333333333,1.0
HSH,0.0,0.0,0.0,0.0,0.0,0.0,0.0,0.0,0.0,0.0,0.0,0.0,0.0,0.0,0.0,0.0
HSI,0.6666666666666666,0.0,0.0,0.0,0.0,0.0,0.0,0.0,0.0,0.0,0.5,0.0,0.0,0.0,0.5,0.0
HSL,0.6666666666666666,0.0,0.0,0.0,0.3333333333333333,0.0,0.0,0.0,0.5,1.0,0.5,0.0,0.0,0.0,1.0,1.0
HSN,0.0,0.0,0.0,0.0,0.0,0.0,0.0,0.0,0.0,0.0,0.0,0.0,0.0,0.0,0.0,0.0
HSP,0.0,0.0,0.0,0.0,0.0,0.0,1.0,0.0,0.0,0.0,1.0,1.0,0.0,0.0,0.0,0.0
HSR,0.0,0.0,0.0,0.5,0.0,0.0,0.0,0.75,1.0,0.6,1.0,0.9636363636363636,0.0,0.0,0.9791666666666666,1.0
HSS,1.0,0.0,0.0,1.0,0.0,0.0,0.0,0.5,1.0,0.0,0.0,0.0,0.0,0.5,0.0,0.0
HST,0.0,0.0,0.0,0.0,0.0,0.0,0.0,0.0,0.0,0.0,0.0,0.0,0.0,0.0,0.0,0.0
HSV,0.6666666666666666,0.8,1.0,0.6666666666666666,0.0,0.0,0.8571428571428571,0.0,0.9,0.4,0.8181818181818182,0.5555555555555556,0.0,0.0,0.6,1.0
HTE,0.0,0.0,0.0,0.0,0.0,0.0,0.0,0.0,0.0,0.0,0.0,0.0,0.0,0.0,0.0,0.0
HTF,0.0,0.0,1.0,0.0,0.0,1.0,1.0,0.0,0.0,0.5,0.6,0.6666666666666666,1.0,0.0,0.0,0.6
HTH,0.0,0.0,0.0,0.0,0.0,0.0,0.0,0.0,0.0,0.0,0.0,0.0,0.0,0.0,0.0,0.0
HTI,0.0,0.7142857142857143,0.0,0.0,0.8333333333333334,0.0,0.0,0.5555555555555556,0.0,0.625,0.0,0.0,0.0,0.0,1.0,0.0
HTL,0.0,0.0,0.0,0.0,0.0,0.0,0.0,0.0,0.0,0.0,0.0,0.0,0.0,0.0,0.0,0.0
HTM,0.0,0.0,0.0,0.0,0.0,0.0,0.0,0.0,0.0,0.0,0.0,0.0,0.0,0.0,0.0,0.0
HTN,0.0,0.8888888888888888,0.0,0.0,0.8,0.3870967741935484,0.8571428571428571,0.7741935483870968,0.0,0.9111111111111111,0.0,0.0,0.0,0.0,0.9111111111111111,0.9230769230769231
HTP,0.0,0.0,0.0,0.0,0.0,0.0,0.0,0.0,0.0,0.0,0.0,0.0,0.0,0.0,0.0,0.0
HTQ,0.0,0.0,0.0,0.0,0.0,0.0,0.0,0.0,0.0,0.0,0.0,1.0,0.0,0.0,1.0,0.0
HTR,0.0,0.0,0.0,0.0,0.5,0.0,0.0,0.0,0.0,0.0,0.0,0.0,0.0,0.0,0.0,0.0
HTT,0.0,0.0,0.0,0.0,0.0,0.0,0.0,0.0,0.0,0.0,0.0,0.0,0.0,0.0,0.0,0.0
HVA,0.5,1.0,0.3333333333333333,0.0,0.0,0.5,1.0,0.0,1.0,0.0,0.3333333333333333,1.0,0.5,1.0,0.0,0.0
HVE,0.0,0.0,0.0,0.0,0.0,0.0,0.0,0.0,0.0,0.0,0.0,0.0,0.0,0.0,0.0,0.0
HVF,0.8888888888888888,1.0,0.5,0.0,0.6666666666666666,0.5,1.0,0.8,1.0,0.4,0.6428571428571429,0.35714285714285715,1.0,0.0,0.6153846153846154,0.2
HVG,0.0,0.0,0.0,0.0,0.0,0.0,0.0,0.0,0.0,0.0,0.0,0.0,0.0,0.0,0.0,0.0
HVI,1.0,0.0,0.0,0.0,0.0,0.0,0.0,0.0,0.0,0.0,0.0,0.0,0.0,0.0,0.0,0.0
HVK,0.7777777777777778,0.0,0.8,0.8,0.0,0.0,0.0,0.0,0.9,0.0,0.4117647058823529,1.0,1.0,0.0,0.6666666666666666,1.0
HVP,0.0,0.0,0.0,0.0,0.0,0.0,1.0,1.0,0.0,0.0,0.0,0.25,0.0,0.5,0.0,0.0
HVR,0.0,1.0,0.0,0.0,0.0,0.0,1.0,0.0,0.0,0.0,0.0,0.0,1.0,0.0,0.0,0.0
HVT,1.0,0.3333333333333333,0.0,1.0,0.0,0.0,0.25,0.0,0.25,0.5,1.0,0.5,0.3333333333333333,0.0,0.6666666666666666,1.0
HWG,0.0,0.0,0.0,0.0,0.0,0.0,0.0,0.0,0.0,0.0,0.0,0.0,0.0,0.0,0.0,0.0
HWN,0.0,0.0,0.0,0.0,0.0,0.0,0.0,0.5,0.0,0.0,0.0,0.5,0.0,0.0,0.75,0.5
HWS,0.0,0.0,0.0,0.0,0.0,0.0,0.0,0.0,0.0,0.0,0.0,0.0,0.0,0.0,0.0,0.0
HWV,0.9565217391304348,0.8,0.1,1.0,0.55,0.25,0.0,0.2,0.8333333333333334,0.0,0.0,0.0,0.0,0.5,0.16666666666666666,0.0
HWY,0.0,1.0,1.0,0.0,0.0,0.0,1.0,0.0,0.0,0.0,1.0,1.0,1.0,0.0,1.0,1.0
HYA,0.0,0.0,0.0,0.0,0.0,0.0,0.0,0.0,0.0,0.0,0.0,0.0,0.0,0.0,0.0,0.0
HYD,0.0,0.0,0.0,0.0,0.0,0.0,0.0,0.0,0.0,0.0,0.0,0.0,0.0,0.0,0.0,0.0
HYG,0.0,0.0,0.0,0.0,0.0,0.0,0.0,0.0,0.0,0.0,0.0,0.0,0.0,0.0,0.0,0.0
HYH,0.0,0.5,0.0,1.0,1.0,0.0,1.0,0.0,0.0,0.0,1.0,1.0,1.0,0.0,0.0,0.0
HYL,0.0,0.0,0.0,0.0,0.0,0.0,0.0,0.0,0.0,0.0,0.0,0.0,0.0,0.0,0.0,0.0
HYN,0.0,0.0,0.0,0.0,0.0,0.0,0.0,0.0,0.0,0.0,0.0,0.0,0.0,0.0,0.0,0.0
HYT,0.6666666666666666,0.0,0.3333333333333333,0.0,0.0,0.0,0.0,0.0,0.4,0.0,0.4666666666666667,0.0,0.0,0.0,0.0,0.0
HYV,0.0,0.0,0.0,0.0,0.0,0.0,0.0,0.0,0.0,0.0,0.0,0.0,0.0,0.0,0.0,0.0
HYY,0.0,1.0,1.0,0.0,0.0,0.0,1.0,0.0,0.0,1.0,1.0,1.0,1.0,1.0,1.0,1.0
IAA,0.3333333333333333,0.0,0.5,0.5,0.0,0.0,0.0,1.0,1.0,0.3333333333333333,0.0,0.0,0.75,0.5,0.0,0.0
IAD,0.75,1.0,0.5,0.8,0.8333333333333334,0.0,0.6666666666666666,0.0,0.5,0.6,0.25,0.0,1.0,0.5,0.6666666666666666,0.0
IAE,0.0,0.0,0.0,0.6666666666666666,0.14285714285714285,0.0,0.0,0.8620689655172413,0.0,0.8620689655172413,0.0,1.0,0.3333333333333333,0.07142857142857142,0.8928571428571429,0.7142857142857143
IAF,0.0,0.0,0.0,0.0,0.0,0.0,0.0,0.0,0.0,0.0,0.0,0.0,0.0,0.0,0.0,0.0
IAG,0.0,0.0,1.0,0.0,0.0,0.0,0.0,1.0,1.0,1.0,1.0,0.5,1.0,0.0,1.0,1.0
IAK,0.0,1.0,0.0,0.0,0.6666666666666666,0.0,0.0,1.0,0.0,0.0,0.0,0.0,0.0,1.0,0.0,0.0
IAL,0.8,0.3333333333333333,0.0,0.75,0.2857142857142857,0.0,0.0,0.0,0.0,0.0,0.25,0.2608695652173913,0.8,0.2857142857142857,0.19047619047619047,0.2
IAN,0.0,0.2857142857142857,0.0,0.0,0.0,0.0,0.0,0.0,0.2857142857142857,0.0,0.3076923076923077,0.0,0.0,0.0,0.0,0.0
IAP,0.0,0.0,0.0,0.0,0.0,0.0,0.0,0.0,0.0,0.0,0.0,0.0,0.0,0.0,0.0,0.0
IAQ,0.0,0.5,0.5,0.0,0.6666666666666666,0.0,0.5,0.0,0.0,1.0,0.3333333333333333,0.5,0.0,0.5,0.0,0.0
IAR,1.0,1.0,0.0,0.0,0.0,0.5,1.0,0.0,1.0,0.0,0.0,1.0,0.0,0.5,0.0,1.0
IAS,0.0,0.0,0.0,0.0,0.0,0.0,0.0,0.0,0.0,0.0,0.0,0.0,0.0,0.0,0.0,0.0
IAT,0.3333333333333333,0.5,0.0,0.5,0.4,0.9230769230769231,0.0,0.0,0.5,0.0,0.0,0.0,0.16666666666666666,0.0,0.3333333333333333,0.16666666666666666
IAV,0.0,1.0,0.4,0.0,1.0,1.0,1.0,0.0,0.0,0.6666666666666666,0.0,0.0,0.6666666666666666,0.0,0.0,0.0
IAW,0.0,0.0,0.0,0.0,0.0,0.0,0.0,0.0,0.0,0.0,0.0,0.0,0.0,0.0,0.0,0.0
ICA,1.0,0.0,1.0,0.0,0.3333333333333333,1.0,0.0,1.0,1.0,0.0,0.0,0.5,0.0,0.6666666666666666,1.0,0.0
ICD,0.0,0.0,0.0,0.0,0.0,0.0,0.0,0.0,0.0,0.0,0.0,0.0,0.0,0.0,0.0,0.0
ICE,0.0,0.0,0.0,0.0,0.0,0.0,0.0,0.0,0.0,0.0,0.0,0.0,0.0,0.0,0.0,0.0
ICI,0.0,0.0,0.0,1.0,0.0,0.0,0.0,0.0,0.0,0.0,0.0,0.0,0.0,0.0,0.5,0.0
ICL,0.5,0.0,1.0,0.0,0.5,0.0,0.0,0.0,0.0,0.0,0.0,0.0,0.0,0.0,0.0,0.0
ICN,0.0,0.0,0.0,0.0,0.0,0.0,0.0,0.0,0.0,0.0,0.0,0.0,0.0,0.0,0.0,0.0
ICS,0.0,0.0,0.0,0.0,0.0,0.0,0.0,0.0,0.0,0.0,0.0,0.0,0.0,0.0,0.0,0.0
ICT,0.0,0.0,0.0,0.0,0.0,0.0,0.0,0.0,0.4,0.0,0.0,0.0,0.0,0.0,0.0,0.0
IDA,0.0,0.0,0.0,0.0,0.0,0.0,0.0,0.0,0.0,0.0,0.0,0.0,0.0,0.0,0.0,0.0
IDD,0.0,1.0,0.0,0.0,0.0,0.75,0.0,0.0,0.0,0.0,0.8888888888888888,0.0,1.0,0.0,0.0,0.0
IDE,0.5,0.0,0.25,0.0,0.0,0.3333333333333333,0.5,0.0,0.0,0.2,0.2,0.0,0.0,0.3333333333333333,0.0,0.0
IDG,1.0,0.0,1.0,0.0,0.0,0.0,0.0,0.0,1.0,0.0,0.0,0.5,0.0,0.0,1.0,0.0
IDH,0.0,0.0,0.0,0.0,0.0,0.0,0.0,0.0,0.0,0.0,0.0,0.0,0.0,0.0,0.0,0.0
IDI,0.0,0.0,0.0,0.0,0.0,0.0,0.0,0.0,0.0,0.0,0.0,0.0,0.0,0.0,0.0,0.0
IDK,1.0,0.0,1.0,1.0,0.5,0.0,0.6666666666666666,0.0,0.0,0.0,0.5714285714285714,0.9090909090909091,0.8571428571428571,0.6666666666666666,1.0,0.8888888888888888
IDL,0.0,0.0,0.0,0.0,0.0,0.0,0.0,0.0,0.0,0.0,0.0,0.0,0.0,0.0,0.0,0.0
IDM,0.0,0.0,1.0,0.0,1.0,0.5,0.0,0.0,0.0,1.0,1.0,0.0,0.0,0.0,0.0,0.0
IDN,0.0,0.0,0.0,0.0,0.0,0.0,0.0,0.0,0.0,0.0,0.0,0.5,0.0,0.0,0.6666666666666666,1.0
IDP,0.0,0.6,0.9,0.0,0.3333333333333333,1.0,0.2,1.0,0.9,0.25,0.0,0.0,0.0,0.0,0.3333333333333333,0.0
IDQ,0.6666666666666666,0.6666666666666666,0.5,0.0,0.6666666666666666,0.0,0.0,0.0,0.5,0.0,0.5714285714285714,0.15,0.0,0.0,0.5,0.1875
IDR,0.3333333333333333,0.4,0.42857142857142855,0.3333333333333333,0.3333333333333333,0.8333333333333334,0.36363636363636365,0.6,0.5714285714285714,0.4,1.0,0.5,1.0,0.8,0.7142857142857143,0.6666666666666666
IDS,0.0,1.0,0.0,0.0,0.5,0.3333333333333333,0.3333333333333333,1.0,0.0,0.3333333333333333,0.0,0.6666666666666666,0.0,0.0,0.6666666666666666,0.5
IDT,0.0,0.0,0.3333333333333333,0.0,0.3333333333333333,1.0,1.0,0.0,1.0,1.0,0.0,0.5,0.0,1.0,0.0,0.5
IDV,0.0,0.0,0.0,0.0,0.0,0.0,0.0,0.0,0.0,0.0,0.0,0.0,0.0,0.0,0.0,0.0
IDW,0.0,0.0,0.0,0.0,0.0,0.0,0.0,0.0,0.0,0.0,0.0,0.0,0.0,0.0,0.0,0.0
IEA,0.0,0.0,0.0,0.0,0.0,0.0,0.0,0.0,0.0,0.0,0.0,0.0,0.0,0.0,0.0,0.0
IEC,0.0,0.0,0.0,0.0,0.0,0.0,0.0,0.0,0.0,0.0,0.0,0.0,0.0,0.0,0.0,0.0
IED,0.0,0.0,0.0,0.6666666666666666,0.0,1.0,0.0,1.0,1.0,1.0,0.5,0.0,0.0,0.3333333333333333,1.0,1.0
IEE,1.0,0.16666666666666666,0.6666666666666666,0.0,0.0,0.0,0.23076923076923078,0.0,0.7692307692307693,0.0,0.26666666666666666,0.5555555555555556,0.0,0.0,0.42857142857142855,1.0
IEG,0.2857142857142857,0.0,0.6666666666666666,0.8,0.6666666666666666,0.0,0.0,0.0,0.6666666666666666,0.0,0.0,0.6666666666666666,1.0,0.0,0.5,0.6666666666666666
IEI,0.0,0.6666666666666666,0.8333333333333334,0.7142857142857143,1.0,0.0,0.5714285714285714,0.25,0.16666666666666666,0.0,0.5714285714285714,0.7272727272727273,0.9,0.0,0.4166666666666667,1.0
IEK,0.0,0.3333333333333333,0.8125,0.5,0.625,0.42857142857142855,0.0,0.8333333333333334,0.875,0.625,0.9705882352941176,0.859375,0.0,1.0,0.8909090909090909,0.8333333333333334
IEL,0.0,0.0,0.0,0.0,0.0,0.0,0.0,0.0,0.0,0.0,0.0,0.0,0.0,0.0,0.0,0.0
IEM,0.16666666666666666,0.5,0.3333333333333333,0.0,0.5,0.4,0.5,0.0,0.1,0.6666666666666666,0.4,0.0,0.0,0.5,0.0,0.0
IEN,0.0,0.0,0.0,0.0,0.0,0.0,0.0,0.0,0.0,0.0,0.0,0.0,0.0,0.0,0.0,0.0
IEQ,0.0,1.0,0.0,0.0,1.0,0.08,0.0,0.0,0.0,0.0,0.0,0.0,0.0,0.0,0.0,0.0
IER,0.0,0.0,0.0,0.0,0.0,0.0,0.0,1.0,0.0,0.0,0.0,0.0,0.0,0.5,0.0,0.0
IES,1.0,0.0,0.8,0.0,1.0,0.0,1.0,0.0,0.6666666666666666,1.0,0.7857142857142857,0.0,0.5,0.0,0.0,0.0
IET,0.0,0.0,0.0,0.0,0.0,0.0,0.0,0.0,0.0,0.0,0.0,0.0,0.0,0.0,0.0,0.0
IEV,0.5,0.0,0.5,0.5,1.0,0.75,0.5,0.0,1.0,0.6,0.8333333333333334,1.0,0.0,0.0,0.5,0.0
IEY,0.0,0.0,0.0,0.0,1.0,0.5,0.0,0.0,0.0,0.0,0.0,0.0,0.0,0.0,0.0,0.0
IFA,1.0,0.5714285714285714,0.5,0.5,0.5,0.0,0.0,0.0,0.0,0.0,0.0,0.5,0.0,0.6,0.0,0.0
IFC,1.0,0.0,0.0,0.0,0.0,0.0,0.0,0.0,0.25,1.0,0.3,0.0,0.0,0.0,0.0,0.0
IFD,0.0,0.0,0.0,0.0,0.0,0.0,0.0,0.0,0.0,0.0,0.0,0.0,0.0,0.0,0.0,0.0
IFE,0.0,0.0,1.0,0.0,0.7692307692307693,0.0,0.5,0.0,0.8333333333333334,0.8333333333333334,0.0,0.8333333333333334,0.0,1.0,0.0,0.0
IFG,0.0,0.0,0.0,0.0,0.0,0.0,0.0,0.0,0.0,0.0,0.0,0.0,0.0,0.0,0.0,0.0
IFH,0.0,0.0,1.0,0.0,0.0,1.0,1.0,1.0,1.0,1.0,1.0,1.0,0.0,0.0,1.0,0.5
IFK,0.0,0.8181818181818182,0.4,0.6666666666666666,0.7272727272727273,0.2222222222222222,0.375,0.625,0.2,0.5,0.0,0.4,0.8,0.8333333333333334,0.14285714285714285,0.5714285714285714
IFL,1.0,1.0,0.0,0.5,0.0,0.5,1.0,0.3333333333333333,0.0,0.0,0.0,0.0,0.75,0.0,1.0,0.0
IFN,0.0,0.0,0.0,0.0,0.0,0.0,0.0,0.0,0.0,0.0,0.0,0.0,0.0,0.0,0.0,0.0
IFQ,0.0,1.0,0.0,0.4,0.0,0.851063829787234,0.23076923076923078,0.0,0.2,1.0,0.7051282051282052,0.0,0.0,0.6,1.0,0.0
IFR,0.0,0.0,0.0,0.0,0.0,0.0,0.0,0.0,0.0,0.0,0.0,0.0,0.0,0.0,0.0,0.0
IFS,0.07692307692307693,0.2,0.25,0.0,0.5,0.0,0.0,0.0,0.14285714285714285,0.25,0.0,0.3333333333333333,0.25,0.0,0.6666666666666666,0.0
IFT,0.0,0.0,0.0,0.0,0.0,0.0,0.0,0.0,0.0,0.0,0.0,0.0,0.0,0.0,0.0,0.0
IFV,0.0,0.0,0.0,0.0,0.0,0.0,0.0,0.0,0.0,0.0,0.0,0.0,0.0,0.0,0.0,0.0
IGA,0.0,0.0,0.0,0.0,0.0,0.0,0.0,0.0,0.0,0.0,0.0,0.0,0.0,0.0,0.0,0.0
IGD,0.0,0.0,0.0,0.0,0.0,0.0,0.0,0.0,0.0,0.0,0.0,0.0,0.0,0.0,0.0,0.0
IGE,0.0,0.0,0.0,0.0,0.0,1.0,0.0,1.0,0.0,0.0,0.0,0.0,0.0,1.0,0.0,0.0
IGG,0.0,0.0,0.5714285714285714,0.8888888888888888,0.15384615384615385,0.15384615384615385,0.0,0.07692307692307693,0.46153846153846156,0.047619047619047616,0.5454545454545454,0.6666666666666666,0.5714285714285714,0.4,0.2571428571428571,0.6
IGH,0.0,0.0,0.0,0.0,1.0,0.6666666666666666,0.0,0.0,0.0,0.0,0.0,0.0,0.0,0.0,0.0,0.0
IGI,0.3333333333333333,0.0,0.0,0.4,0.0,0.0,0.0,0.3333333333333333,0.0,0.0,0.0,1.0,0.5,0.0,0.0,0.0
IGK,0.0,0.0,0.0,1.0,0.0,0.0,0.0,1.0,1.0,0.5,0.9491525423728814,0.8235294117647058,0.0,0.0,0.8979591836734694,0.9375
IGL,0.0,0.0,0.0,0.0,0.0,0.14285714285714285,0.0,0.16666666666666666,0.0,0.0,0.0,0.0,0.0,0.5,0.0,0.0
IGM,0.0,0.0,0.0,0.0,0.0,0.0,0.0,0.0,0.0,0.0,0.875,0.7428571428571429,0.0,0.0,0.8387096774193549,0.9473684210526315
IGN,0.0,0.0,0.0,0.0,0.0,0.0,0.0,0.0,0.0,0.0,0.0,0.0,0.0,0.0,0.0,0.0
IGP,0.0,0.5454545454545454,0.15384615384615385,0.3333333333333333,0.5,0.7536231884057971,0.46153846153846156,0.5,0.5,0.7,0.19047619047619047,0.0,0.0,0.2,0.45454545454545453,0.2
IGQ,0.0,0.0,0.0,0.0,0.0,0.0,0.0,0.0,0.0,0.0,0.0,0.0,0.0,0.0,0.0,0.0
IGR,0.0,0.5,1.0,0.5,1.0,0.5,0.75,0.5,0.6666666666666666,0.5,1.0,1.0,1.0,1.0,0.5,1.0
IGT,0.3333333333333333,0.0,0.4,0.5,0.0,0.0,0.3333333333333333,0.0,0.45454545454545453,0.0,0.4166666666666667,0.4,0.0,0.0,0.6666666666666666,0.75
IGV,1.0,0.0,0.5,1.0,0.6666666666666666,1.0,0.5,0.0,0.0,1.0,1.0,0.5,1.0,1.0,0.0,0.0
IGY,0.0,1.0,0.0,0.5,0.0,0.0,0.0,0.0,0.3333333333333333,0.0,0.0,0.0,0.0,0.0,0.0,1.0
IHA,0.0,0.0,0.0,0.0,0.0,0.0,0.0,0.0,0.0,0.0,0.0,0.0,0.0,0.0,0.0,0.0
IHC,0.0,0.0,0.0,0.0,0.0,0.0,0.0,0.0,0.0,0.0,0.0,0.0,0.0,0.0,0.0,0.0
IHI,0.0,0.0,0.0,0.0,0.0,0.0,0.0,0.0,0.0,0.0,1.0,1.0,0.0,0.0,0.6666666666666666,0.0
IHL,0.0,1.0,0.0,0.0,1.0,0.0,0.0,0.0,0.0,0.0,0.0,0.0,0.0,0.0,0.0,0.5714285714285714
IHN,0.0,0.0,0.0,0.0,0.0,0.0,0.0,0.0,0.0,0.0,0.0,0.0,0.0,0.0,0.0,0.0
IHP,0.75,0.5714285714285714,0.6153846153846154,1.0,0.6666666666666666,0.0,1.0,0.2857142857142857,0.25,0.5,0.4791666666666667,0.6111111111111112,0.7142857142857143,0.0,0.5957446808510638,0.875
IHS,0.6666666666666666,0.0,0.0,0.0,0.0,0.0,0.0,0.3333333333333333,0.0,0.5,0.6666666666666666,0.0,0.0,0.0,1.0,0.0
IHV,0.6666666666666666,0.0,1.0,0.0,0.0,0.0,0.0,0.0,0.6666666666666666,0.0,0.4166666666666667,0.0,0.0,0.0,0.0,0.0
IHW,0.9166666666666666,0.6666666666666666,0.125,0.5,0.6875,0.125,0.0,0.16666666666666666,0.875,0.0,0.0,0.0,0.0,0.3333333333333333,0.14285714285714285,0.3333333333333333
IIA,0.0,0.5,0.0,0.0,0.6666666666666666,0.0,0.0,0.5,0.0,0.0,0.0,0.0,0.0,1.0,0.0,0.0
IIC,0.0,0.0,0.0,0.0,0.0,0.0,0.0,0.0,0.0,0.0,0.0,0.0,0.0,0.0,0.0,0.0
IID,0.5,0.0,0.3333333333333333,0.0,0.0,0.0,0.5,0.0,0.0,0.5,0.5,0.5,0.5,0.0,0.0,0.0
IIE,0.0,1.0,0.0,0.0,1.0,0.06451612903225806,0.0,0.0,0.0,0.5,0.08333333333333333,0.0,0.0,0.0,0.25,0.0
IIF,0.0,0.0,0.0,0.0,0.0,0.0,0.0,0.0,0.0,0.0,0.0,0.0,0.0,0.0,0.0,0.0
IIG,0.5,0.16666666666666666,0.25,0.5,0.25,0.0,0.6666666666666666,0.0,0.3333333333333333,0.0,1.0,0.2,0.5,0.0,0.5,0.0
III,0.5,0.5,0.5,0.5,0.5,0.0,1.0,0.0,0.6,0.0,0.6,1.0,0.0,0.0,1.0,0.0
IIK,0.0,0.0,0.5,0.0,0.0,0.0,1.0,0.0,1.0,0.0,1.0,0.0,0.0,0.0,0.0,0.0
IIL,0.0,0.0,0.0,0.0,0.0,0.0,0.0,0.0,0.5,0.0,0.0,0.0,0.0,0.0,0.5,0.0
IIN,0.0,0.25,0.0,0.0,0.3333333333333333,0.5,0.5,0.5,0.0,0.5,0.0,0.0,0.0,0.0,1.0,0.0
IIP,0.0,0.0,0.0,0.0,0.0,0.0,0.0,0.0,0.0,0.0,0.0,0.0,0.0,0.0,0.0,0.0
IIQ,0.0,1.0,0.0,0.0,1.0,0.5714285714285714,0.0,0.8,0.0,1.0,0.0,0.0,0.0,0.0,1.0,0.8214285714285714
IIR,0.0,0.0,0.0,0.0,0.0,0.0,0.0,0.0,0.0,0.0,0.0,0.0,0.0,0.0,0.0,0.0
IIS,0.0,0.0,0.0,1.0,0.0,0.0,0.0,0.0,0.0,0.0,0.0,0.0,1.0,0.0,0.0,0.0
IIT,0.0,0.0,0.0,0.0,0.0,0.6666666666666666,0.3333333333333333,0.6666666666666666,0.0,0.3333333333333333,0.0,0.0,0.0,0.0,0.0,0.0
IIV,0.0,0.0,0.25,0.0,0.0,0.0,0.0,0.0,0.16666666666666666,0.0,0.5,0.3333333333333333,1.0,0.0,0.3333333333333333,1.0
IIW,0.0,0.5,0.0,0.6666666666666666,1.0,0.0,0.0,0.0,0.3333333333333333,0.0,0.0,0.0,0.0,0.0,0.5,1.0
IIY,0.0,0.0,0.0,0.0,0.0,0.0,0.0,0.0,0.0,0.0,0.0,0.0,0.0,0.0,0.0,0.0
IKA,0.0,0.0,0.0,0.6,0.0,0.0,0.0,0.3333333333333333,0.0,0.0,0.0,0.0,1.0,0.75,1.0,0.0
IKE,0.0,0.0,1.0,1.0,0.0,0.0,0.5,0.0,0.0,0.5,0.8333333333333334,1.0,0.0,0.0,0.6666666666666666,0.0
IKF,0.0,0.0,0.3333333333333333,0.0,0.5,0.3333333333333333,0.0,0.0,0.0,0.5,0.0,0.0,0.0,0.0,0.0,0.0
IKG,0.0,0.0,1.0,1.0,1.0,0.6666666666666666,0.5,0.6666666666666666,0.5,0.5,0.5,0.4,1.0,1.0,0.3333333333333333,0.8
IKH,0.0,1.0,0.6666666666666666,1.0,1.0,1.0,1.0,1.0,0.6666666666666666,1.0,1.0,0.0,1.0,0.0,1.0,0.5
IKI,1.0,0.0,0.75,0.0,1.0,0.0,1.0,0.0,0.5,1.0,0.6363636363636364,0.0,0.0,0.0,0.0,0.0
IKK,0.5428571428571428,0.46511627906976744,0.3333333333333333,0.7894736842105263,0.3333333333333333,0.35,0.34285714285714286,0.2894736842105263,0.40625,0.45714285714285713,0.578125,0.5,0.84,0.4838709677419355,0.32142857142857145,0.21052631578947367
IKL,0.0,0.0,0.5,0.0,0.0,0.0,0.0,0.0,0.0,0.0,1.0,0.0,0.0,0.0,0.0,0.0
IKM,0.0,1.0,0.0,1.0,0.6666666666666666,1.0,0.5,0.0,1.0,0.0,0.5,0.0,1.0,0.5,0.5,0.5
IKN,0.0,0.0,0.2,0.0,0.5,0.14285714285714285,1.0,0.0,0.16666666666666666,0.0,0.0,0.0,0.0,0.0,0.0,0.0
IKQ,0.0,0.0,0.5,0.0,0.0,0.0,0.0,0.0,0.0,1.0,0.0,1.0,1.0,0.0,0.0,0.0
IKR,0.0,0.0,1.0,0.0,0.0,0.0,0.0,0.0,0.0,0.5,0.0,0.0,0.0,0.0,0.0,0.0
IKV,0.25,0.2857142857142857,0.875,0.3333333333333333,0.42105263157894735,0.7281553398058253,0.05263157894736842,0.6578947368421053,0.14285714285714285,0.1,0.8292682926829268,0.1,0.0,0.5,0.047619047619047616,0.6
IKY,0.0,0.0,1.0,0.0,0.0,0.0,1.0,0.0,1.0,0.0,1.0,0.0,0.0,0.0,0.0,0.0
ILA,0.0,0.0,0.0,0.0,0.0,0.0,0.0,0.0,1.0,0.0,0.0,0.0,0.0,0.0,1.0,0.0
ILD,0.2857142857142857,0.42857142857142855,0.2,0.6,0.45454545454545453,0.3125,0.4,0.625,0.0,0.0,0.25,0.47058823529411764,0.4375,0.7777777777777778,0.4,0.6923076923076923
ILE,0.0,0.0,0.3333333333333333,0.0,0.0,0.0,0.0,0.0,0.5,0.0,0.11538461538461539,0.0,0.0,0.0,0.0,0.0
ILF,0.0,0.0,0.0,1.0,0.0,0.0,0.0,0.0,1.0,0.0,0.0,0.0,0.0,0.0,1.0,0.0
ILG,0.0,0.0,0.0,0.0,0.0,0.0,0.0,0.0,0.0,0.0,0.0,0.0,0.0,0.0,0.0,0.0
ILH,1.0,0.5,1.0,0.0,0.0,0.0,1.0,1.0,1.0,1.0,1.0,1.0,0.0,0.0,1.0,1.0
ILK,0.0,0.0,0.0,0.0,0.0,0.0,0.0,0.0,0.0,0.0,0.9,0.0,0.0,0.0,0.0,0.0
ILL,0.0,0.9473684210526315,0.9696969696969697,0.8,0.7222222222222222,0.9166666666666666,1.0,0.0,1.0,0.8571428571428571,1.0,1.0,0.75,1.0,0.0,0.8333333333333334
ILM,0.0,0.0,0.0,0.0,0.0,0.0,0.0,0.0,0.0,0.0,0.0,0.0,0.0,0.0,0.0,0.0
ILN,0.0,0.0,1.0,1.0,0.0,0.0,0.5,0.0,0.6666666666666666,0.0,0.5,0.0,0.0,1.0,0.5,0.0
ILP,0.0,0.0,0.0,0.0,0.0,0.0,0.0,0.0,0.0,0.0,0.0,0.0,0.0,0.0,0.0,0.0
ILQ,0.0,0.6666666666666666,0.3333333333333333,0.0,0.0,0.0,0.0,0.0,0.0,1.0,0.0,0.0,1.0,0.0,0.0,1.0
ILR,0.0,0.0,0.16666666666666666,0.5,0.0,1.0,1.0,0.0,0.5,1.0,0.16666666666666666,0.3333333333333333,0.6666666666666666,0.16666666666666666,0.4,0.6666666666666666
ILS,0.0,0.0,0.0,0.0,0.0,0.0,0.0,0.0,0.0,0.0,0.0,0.0,0.0,0.0,0.0,0.0
ILT,0.0,0.0,0.5,0.5,0.6666666666666666,0.0,0.5,0.0,0.6666666666666666,0.5,0.4,0.5,0.0,0.0,0.5,0.0
ILV,0.5384615384615384,0.5,0.1111111111111111,0.0,1.0,0.38461538461538464,0.38461538461538464,0.9,0.0,0.8333333333333334,0.6,0.125,0.45454545454545453,0.5,1.0,0.0
ILY,0.0,0.0,0.0,0.0,0.0,0.0,1.0,0.0,0.0,0.0,0.0,1.0,0.0,0.0,0.0,1.0
IME,0.0,0.0,0.0,0.0,0.0,0.0,0.0,0.0,0.0,0.0,0.0,0.0,0.0,0.0,0.0,0.0
IMI,0.0,0.0,0.4444444444444444,0.7142857142857143,0.3333333333333333,0.2,0.0,0.5,0.5,0.6666666666666666,0.75,0.5,0.5,0.0,0.5555555555555556,1.0
IML,0.0,1.0,0.0,0.0,0.0,0.0,0.0,1.0,0.0,1.0,0.6666666666666666,0.0,1.0,0.0,0.6666666666666666,0.0
IMN,0.0,0.0,0.0,0.0,0.0,0.0,0.0,0.0,0.0,0.0,0.0,0.0,0.0,0.0,0.0,0.0
IMV,0.0,0.0,0.0,0.0,0.0,0.0,0.0,0.0,0.0,0.0,0.0,0.0,0.0,0.0,0.0,0.0
INA,0.0,0.0,0.4,0.0,0.0,0.0,0.0,0.0,1.0,0.0,0.0,0.0,0.0,0.0,0.0,0.0
INC,0.5,0.0,0.0,0.0,0.0,0.0,0.0,0.0,1.0,0.0,0.0,0.0,0.0,0.0,0.0,0.0
IND,0.0,0.0,0.0,0.0,0.0,0.0,0.0,0.0,0.0,0.0,0.0,0.0,0.0,0.0,0.0,0.0
INE,1.0,1.0,1.0,0.6666666666666666,1.0,0.0,0.0,0.0,0.0,0.0,0.0,0.0,0.6666666666666666,0.0,0.0,0.0
ING,0.0,0.3333333333333333,0.0,0.0,0.5,0.0,0.0,1.0,0.0,1.0,1.0,1.0,0.0,0.5,1.0,0.0
INI,0.0,0.0,0.0,0.0,0.0,0.5,1.0,0.0,0.0,1.0,0.0,0.0,0.0,0.0,0.0,0.0
INK,0.0,0.5,0.0,0.0,0.0,0.25,0.0,0.5,1.0,0.0,0.0,0.0,1.0,1.0,0.0,0.0
INL,0.0,0.0,0.0,0.0,0.0,0.0,0.0,0.0,0.0,0.0,0.0,0.0,0.0,0.0,0.0,0.0
INN,0.0,0.22727272727272727,0.0,0.6,1.0,0.9008264462809917,0.0,0.0,0.375,0.6470588235294118,0.7721518987341772,0.0,0.4166666666666667,0.1111111111111111,1.0,0.625
INP,0.0,0.0,0.0,0.0,0.0,0.0,0.0,0.0,0.0,0.0,0.0,0.0,0.0,0.0,0.0,0.0
INQ,0.0,0.0,0.0,0.0,0.0,0.0,0.0,0.0,0.0,0.0,0.0,0.0,0.0,0.0,0.0,0.0
INR,0.0,0.0,0.5,0.0,1.0,0.0,0.0,0.0,0.5,0.0,1.0,0.0,0.0,0.0,0.0,0.0
INS,0.0,0.0,0.0,0.0,0.0,0.0,0.0,0.0,0.0,0.0,0.0,0.0,0.0,0.0,0.0,0.0
INT,0.0,0.0,0.25,0.0,0.0,0.0,0.0,0.0,0.0,0.0,0.6666666666666666,0.5,1.0,0.0,0.5,1.0
INY,0.0,1.0,0.3333333333333333,0.0,1.0,0.0,1.0,0.0,1.0,0.0,1.0,0.0,0.0,1.0,0.0,0.0
IPA,0.0,0.0,0.0,0.0,0.0,0.0,0.0,0.0,0.0,0.0,0.0,0.0,0.0,0.0,0.0,0.0
IPC,0.0,0.5,0.0,0.0,0.0,0.0,0.0,0.0,0.0,0.0,0.0,0.0,1.0,0.0,0.0,0.0
IPE,0.18181818181818182,0.16666666666666666,0.0,1.0,0.0,0.0,0.058823529411764705,0.037037037037037035,0.14285714285714285,0.18518518518518517,0.0,0.07692307692307693,0.75,0.15384615384615385,0.3333333333333333,0.024390243902439025
IPF,1.0,0.0,0.5,0.0,0.0,0.0,0.0,0.0,0.3333333333333333,0.0,0.14285714285714285,0.0,0.0,0.0,0.0,0.0
IPG,0.0,0.0,0.0,1.0,0.0,0.0,0.0,0.0,0.0,0.0,0.0,0.0,0.0,0.0,0.0,1.0
IPH,0.0,0.0,0.25,0.16666666666666666,1.0,0.9266666666666666,0.13636363636363635,0.0,0.15384615384615385,1.0,0.925,0.0,0.0,0.2222222222222222,0.5,0.0
IPI,1.0,0.8,0.25,0.6666666666666666,0.6666666666666666,0.5,0.4,0.0,0.0,0.0,0.2857142857142857,0.5,0.0,0.6,0.0,0.0
IPK,1.0,0.0,0.0,1.0,0.0,0.0,1.0,0.5,1.0,0.0,1.0,0.0,0.0,0.0,1.0,0.0
IPL,0.0,0.0,0.0,0.0,0.0,0.02564102564102564,0.0,0.8571428571428571,0.0,0.0,0.06896551724137931,0.0,0.0,0.9047619047619048,0.0,0.8260869565217391
IPN,0.0,0.0,0.0,0.0,0.0,0.0,0.0,1.0,0.0,0.0,0.0,0.0,0.0,0.0,0.0,1.0
IPP,0.0,0.0,0.0,0.0,0.0,0.0,0.0,0.0,0.0,0.0,0.0,0.0,0.0,0.0,0.0,0.0
IPQ,0.0,0.0,0.0,0.0,0.0,0.0,0.0,0.0,0.0,0.0,0.0,0.0,0.0,0.0,0.0,0.0
IPS,0.0,0.0,0.16666666666666666,1.0,0.0,0.7341772151898734,0.0,0.0,0.2,0.0,0.0,0.0,0.7142857142857143,0.2857142857142857,0.75,0.0
IPV,0.5,0.0,0.2857142857142857,0.0,0.0,0.25,0.0,0.0,0.3333333333333333,0.2857142857142857,0.2,0.0,0.0,0.0,0.0,0.0
IPY,0.0,0.0,0.0,0.0,0.0,0.0,0.0,0.0,0.0,0.0,0.0,0.0,0.0,0.0,0.0,0.0
IQA,0.0,1.0,0.0,0.0,1.0,0.4897959183673469,0.125,0.6666666666666666,0.0,1.0,0.0,0.0,0.0,0.08333333333333333,0.0,0.7586206896551724
IQD,0.0,0.0,0.0,0.0,0.0,0.0,0.0,0.0,0.0,0.0,0.0,0.0,0.0,0.0,0.0,0.0
IQE,0.0,0.0,0.0,0.0,0.0,0.0,0.0,0.0,0.0,0.0,1.0,1.0,0.0,0.0,1.0,0.0
IQF,0.0,0.0,0.6666666666666666,1.0,0.0,0.0,0.0,0.0,0.0,0.0,1.0,0.75,1.0,0.0,1.0,1.0
IQG,0.0,0.0,0.0,0.0,0.0,0.0,0.0,0.0,0.0,0.0,0.0,1.0,0.0,0.0,0.6666666666666666,1.0
IQI,1.0,0.0,0.3333333333333333,1.0,0.75,0.0,0.0,1.0,0.5,0.25,0.0,0.0,1.0,1.0,0.5,1.0
IQK,0.782608695652174,0.5,0.7297297297297297,0.0,0.4126984126984127,0.5204081632653061,0.42424242424242425,0.6790123456790124,0.4727272727272727,0.1836734693877551,0.6224899598393574,0.44,1.0,0.5106382978723404,0.15789473684210525,0.5576923076923077
IQL,0.0,0.0,0.0,0.0,0.0,0.0,0.0,0.0,0.0,0.0,0.0,0.0,0.0,0.0,0.0,0.0
IQM,0.8461538461538461,0.75,0.42857142857142855,0.0,0.5,0.16666666666666666,0.0,0.5,0.5,0.0,0.0,0.8571428571428571,0.0,0.0,0.5714285714285714,0.0
IQP,0.0,0.0,0.0,0.0,0.0,0.0,0.0,0.0,0.0,0.0,0.0,0.0,0.0,0.0,0.0,0.0
IQR,0.0,0.0,0.0,1.0,0.0,0.0,1.0,0.0,1.0,0.0,0.0,0.0,0.0,1.0,1.0,0.0
IQS,0.0,0.0,0.0,0.0,0.0,0.0,0.0,0.0,0.0,0.0,0.0,0.0,0.0,0.0,0.0,0.0
IQV,0.0,0.0,0.0,0.0,0.0,0.0,0.0,0.0,0.0,0.0,0.0,0.0,0.0,0.0,0.0,0.0
IQY,0.0,0.8333333333333334,0.5,0.0,0.8333333333333334,0.0,0.0,0.625,0.0,1.0,0.0,0.0,0.0,0.0,1.0,1.0
IRA,0.0,0.0,0.0,1.0,0.0,0.0,0.7142857142857143,1.0,0.5555555555555556,0.5,0.0,0.0,0.0,0.0,0.4,0.5
IRD,0.0,0.0,0.0,0.0,0.0,0.0,0.0,0.0,0.0,0.0,0.0,0.0,0.0,0.0,0.0,0.0
IRE,0.5,0.5,1.0,0.3333333333333333,0.7142857142857143,0.625,0.0,0.5,0.5,0.5,0.2857142857142857,0.0,0.0,0.6666666666666666,1.0,1.0
IRF,0.0,0.0,0.0,0.0,0.0,0.0,0.0,0.0,0.0,0.0,0.0,0.0,0.0,0.0,0.0,0.0
IRG,0.0,0.6,0.42857142857142855,1.0,0.6363636363636364,0.6666666666666666,0.4444444444444444,0.4,0.36363636363636365,0.5,0.6666666666666666,0.6363636363636364,0.8,0.625,0.625,1.0
IRI,1.0,1.0,0.5714285714285714,0.0,0.6666666666666666,1.0,1.0,0.5,0.625,0.75,0.6666666666666666,0.8666666666666667,0.6,1.0,0.8181818181818182,0.6666666666666666
IRK,0.0,0.3333333333333333,0.5,0.0,0.0,0.0,0.2222222222222222,1.0,0.36363636363636365,0.0,0.3333333333333333,0.0,0.0,0.0,0.0,0.2
IRL,1.0,0.3333333333333333,0.0,0.0,0.0,0.45454545454545453,0.0,0.6666666666666666,0.5,0.25,0.5,1.0,1.0,0.5,0.6666666666666666,0.0
IRN,0.0,0.8333333333333334,0.8461538461538461,0.0,0.8461538461538461,0.7142857142857143,0.8888888888888888,0.0,0.8181818181818182,1.0,0.0,1.0,0.0,0.7142857142857143,0.0,0.0
IRP,1.0,0.0,0.6666666666666666,0.0,0.0,0.0,1.0,1.0,0.75,0.5,0.5,0.0,0.0,0.0,0.0,1.0
IRQ,0.75,0.0,1.0,0.6666666666666666,1.0,0.25,1.0,0.0,0.0,0.5,0.3333333333333333,1.0,0.5,0.5,0.0,0.0
IRR,0.0,0.0,0.0,0.0,0.0,0.0,0.0,0.0,0.0,0.0,0.0,0.0,0.0,0.0,0.0,0.0
IRS,0.0,0.0,0.0,0.0,0.0,0.0,0.0,0.0,0.0,0.0,0.0,0.0,0.0,0.0,0.0,0.0
IRT,0.0,0.9166666666666666,0.9230769230769231,1.0,1.0,1.0,1.0,0.0,1.0,0.8333333333333334,0.0,1.0,1.0,0.0,0.0,1.0
IRY,0.5,0.2857142857142857,0.3333333333333333,0.4,0.0,0.6056338028169014,0.3333333333333333,0.0,0.0,0.42857142857142855,0.10526315789473684,0.9166666666666666,0.4,0.5,0.6666666666666666,0.75
ISA,1.0,0.75,0.3333333333333333,0.6666666666666666,0.14285714285714285,0.14285714285714285,0.25,0.3333333333333333,1.0,0.0,0.6,0.6363636363636364,0.8571428571428571,0.8,0.2222222222222222,1.0
ISC,0.0,0.0,0.0,0.0,0.0,0.0,0.0,0.0,0.0,0.0,0.0,0.0,0.0,0.0,0.0,0.0
ISD,0.0,0.25,0.0,1.0,0.5,1.0,0.5,0.0,0.0,0.0,0.021739130434782608,0.0,0.3333333333333333,0.0,0.0,0.0
ISE,1.0,0.0,0.0,0.0,0.0,0.0,0.0,0.0,0.16666666666666666,0.0,0.5,0.0,0.0,0.0,0.0,0.0
ISF,0.0,0.0,0.0,0.5,0.0,0.0,0.0,0.5,0.5,0.0,0.0,0.0,0.0,0.0,1.0,1.0
ISG,0.0,0.0,0.0,0.0,0.0,0.0,0.0,0.0,0.0,0.0,0.0,0.0,0.0,0.0,0.0,0.0
ISH,0.0,0.0,1.0,0.0,0.0,0.0,0.0,0.0,0.0,0.0,0.0,0.5,1.0,0.0,0.0,0.0
ISI,0.0,0.0,0.0,0.0,0.0,0.0,0.0,0.0,0.0,0.0,0.0,0.0,0.0,0.0,0.0,0.0
ISK,0.5714285714285714,0.4,0.6,1.0,0.3333333333333333,0.03125,0.0,0.2,0.7142857142857143,0.2,0.027777777777777776,1.0,0.3333333333333333,0.42857142857142855,0.3333333333333333,0.0
ISL,0.0,0.0,0.0,0.0,0.0,0.0,0.0,0.0,0.0,0.0,0.0,0.0,0.0,0.0,0.0,0.0
ISM,0.8333333333333334,1.0,0.4,1.0,0.0,0.0,0.0,1.0,0.75,0.5,0.7692307692307693,0.7419354838709677,0.6,1.0,0.75,0.6842105263157895
ISN,0.0,0.0,0.0,0.0,0.0,0.0,0.0,0.0,0.0,0.0,0.0,0.0,0.0,0.0,0.0,0.0
ISP,0.9565217391304348,0.696969696969697,0.1111111111111111,0.0,0.7333333333333333,0.09090909090909091,0.8888888888888888,0.0,0.6842105263157895,0.7333333333333333,0.0,0.0,0.0,0.0,0.0,0.0
ISQ,0.0,0.0,0.0,0.0,0.0,0.0,0.0,0.0,0.0,0.0,0.0,0.0,0.0,0.0,0.0,0.0
ISR,0.0,0.3333333333333333,0.25,1.0,0.0,0.0,0.14285714285714285,0.0,0.5,0.0,1.0,0.0,1.0,0.0,0.0,1.0
ISS,0.0,0.36363636363636365,0.3333333333333333,0.0,0.5714285714285714,0.0,0.0,0.0,0.0,0.0,0.0,0.0,0.0,1.0,0.0,0.0
IST,0.0,0.6666666666666666,0.3333333333333333,0.0,0.4,0.0,0.6666666666666666,1.0,0.0,1.0,0.0,0.0,1.0,0.0,0.0,0.0
ISV,0.6666666666666666,0.6666666666666666,1.0,0.0,1.0,0.6,0.5,0.5,0.3333333333333333,0.25,0.0,0.6666666666666666,0.0,0.6666666666666666,0.2,0.0
ISW,0.0,0.0,0.0,0.0,0.0,0.0,0.0,0.0,0.0,0.0,0.0,0.0,0.0,0.0,0.0,0.0
ISY,0.9166666666666666,0.78125,0.2,0.0,0.5416666666666666,0.2222222222222222,0.9259259259259259,0.0,0.9285714285714286,0.2857142857142857,0.3333333333333333,0.0,0.0,0.0,0.0,0.0
ITA,0.0,1.0,1.0,0.0,0.0,0.0,0.0,0.0,0.0,0.0,0.0,0.0,1.0,0.0,0.0,0.5
ITC,0.0,0.0,0.0,0.0,0.0,0.0,0.0,0.0,0.0,0.0,0.0,0.0,0.0,0.0,0.0,0.0
ITD,1.0,0.6666666666666666,0.5714285714285714,0.0,0.7,0.6,1.0,0.8333333333333334,0.75,0.5,0.75,0.8125,1.0,1.0,1.0,1.0
ITE,0.0,0.0,0.0,0.0,0.0,0.0,0.0,0.0,0.0,0.0,0.0,0.0,0.0,0.0,0.0,0.0
ITF,0.0,0.0,0.0,0.0,0.0,0.0,0.0,0.0,0.0,0.0,0.0,0.0,0.0,0.0,0.0,0.0
ITG,0.0,0.0,0.2,0.0,0.3333333333333333,0.0,0.0,0.0,0.0,0.0,0.3333333333333333,0.14285714285714285,0.0,0.2,0.0,0.0
ITH,0.0,0.0,0.0,0.0,0.0,0.0,0.0,0.0,0.0,0.0,0.0,1.0,0.0,0.0,1.0,0.0
ITI,0.0,0.0,0.0,0.0,0.0,0.0,0.0,0.0,0.0,0.0,0.0,0.0,0.0,0.0,0.0,0.0
ITK,0.0,0.0,0.0,0.0,0.0,1.0,0.0,0.5,0.0,0.0,0.0,0.0,0.0,1.0,0.0,0.5
ITL,0.5,1.0,0.0,0.0,0.0,1.0,0.0,1.0,1.0,0.0,1.0,0.0,0.0,0.0,1.0,1.0
ITP,0.0,0.0,0.0,0.0,0.0,0.0,0.0,0.0,0.0,0.0,0.0,0.0,0.0,0.0,0.0,0.0
ITQ,0.0,0.0,0.0,0.0,0.0,1.0,1.0,0.5,0.0,1.0,0.0,0.0,0.0,0.0,0.0,0.0
ITR,0.0,0.0,0.0,0.0,0.6666666666666666,0.0,0.0,0.0,0.0,0.0,0.0,0.0,0.0,1.0,0.0,0.0
ITS,0.0,0.3333333333333333,0.0,0.0,0.0,0.0,0.0,0.25,0.0,0.0,0.0,0.0,0.0,0.0,0.5,0.0
ITT,0.0,0.0,0.0,0.0,0.0,0.9230769230769231,0.0,0.07142857142857142,0.0,0.0,0.0,0.0,0.0,0.0,0.0,0.0
ITV,0.0,0.0,0.5,0.0,0.0,0.0,1.0,0.0,0.2857142857142857,0.0,1.0,0.0,0.0,1.0,0.0,0.0
IVA,1.0,0.0,1.0,0.0,0.0,0.0,0.0,0.0,1.0,0.5,0.0,0.5,0.0,0.3333333333333333,0.5,0.0
IVC,0.0,1.0,0.0,0.0,0.0,0.0,1.0,0.0,0.0,0.0,0.0,0.0,1.0,0.0,0.0,0.0
IVD,0.0,0.0,0.0,0.0,0.0,0.0,0.0,0.0,0.0,0.0,0.0,0.0,0.0,0.0,0.0,0.0
IVE,0.5,0.5,0.3333333333333333,0.0,0.0,0.0,0.0,0.5,0.7142857142857143,0.0,0.075,0.1388888888888889,0.0,0.0,0.14705882352941177,0.0
IVF,0.0,0.0,0.0,0.0,0.0,0.0,0.0,0.0,0.0,0.0,0.0,0.0,0.0,0.0,1.0,1.0
IVG,0.5,0.09090909090909091,0.0,0.0,0.0,0.09090909090909091,0.0,0.0,0.0,0.0,0.0,0.0,0.0,0.0,0.0,0.09523809523809523
IVH,0.0,0.0,0.0,0.0,0.0,0.0,0.0,0.0,0.0,0.0,0.0,0.0,0.0,0.0,0.0,0.0
IVI,0.1,0.0,0.07692307692307693,0.0,0.0,0.6557377049180327,0.0,0.0,0.0,0.0,0.04,0.0,0.07142857142857142,0.0,0.0,0.0
IVK,1.0,0.2,0.4,0.25,0.14285714285714285,0.25,0.2,0.0,0.3333333333333333,0.0,0.3333333333333333,1.0,1.0,0.0,0.6666666666666666,0.0
IVL,0.0,0.0,0.16666666666666666,0.375,0.09090909090909091,0.0,0.08333333333333333,0.0,0.22727272727272727,0.1875,0.9834710743801653,0.46153846153846156,0.2857142857142857,0.07692307692307693,0.3,0.18181818181818182
IVM,0.0,0.0,1.0,0.0,0.6666666666666666,0.75,0.0,0.0,0.0,1.0,1.0,0.0,0.0,0.0,0.0,0.0
IVN,1.0,0.3333333333333333,1.0,0.6666666666666666,0.0,0.7,0.3333333333333333,0.6,0.7777777777777778,0.5714285714285714,0.5555555555555556,1.0,0.6666666666666666,1.0,0.8,1.0
IVP,0.0,0.0,0.0,0.0,0.0,0.0,0.0,0.0,0.0,0.0,0.0,0.0,0.0,0.0,0.0,0.0
IVQ,0.0,0.0,0.0,0.0,0.0,0.0,0.0,0.0,0.0,0.0,0.0,0.0,0.0,0.0,0.0,0.0
IVR,0.0,0.6666666666666666,0.0,0.4,0.0,0.0,0.5,0.0,0.0,0.2,0.6666666666666666,0.7142857142857143,0.7272727272727273,0.0,0.3333333333333333,0.8333333333333334
IVS,0.5,0.0,0.0,0.0,0.4,0.0,0.0,0.0,0.0,0.0,0.041666666666666664,0.13793103448275862,0.0,0.0,0.13636363636363635,0.0
IVT,0.0,0.0,1.0,0.8571428571428571,1.0,0.08333333333333333,0.0,0.8076923076923077,0.625,0.25,0.18181818181818182,0.3076923076923077,0.25,0.5,0.3333333333333333,1.0
IVV,0.0,0.0,0.3333333333333333,0.5,0.0,0.16666666666666666,0.0,0.5,0.25,0.0,0.4,0.8,0.4,0.0,0.5714285714285714,1.0
IVY,0.0,0.0,0.0,0.0,0.0,0.0,0.0,0.0,0.0,0.0,0.0,0.0,0.0,0.0,0.0,0.0
IWF,0.8333333333333334,0.0,0.6,1.0,0.42857142857142855,0.0,0.25,1.0,1.0,0.42857142857142855,0.0,0.5,0.9,0.8888888888888888,0.5,0.8333333333333334
IWG,0.0,0.0,0.0,0.0,0.0,0.8333333333333334,0.0,0.0,0.0,0.0,0.15,0.0,0.0,0.0,0.0,0.0
IWI,0.0,0.0,0.0,0.0,0.0,0.0,0.0,1.0,0.0,0.0,0.0,0.0,0.0,1.0,0.0,0.0
IWT,0.0,0.0,0.0,0.0,0.0,0.0,0.0,0.0,0.0,0.0,0.0,0.0,0.0,0.0,0.0,0.0
IWV,0.0,1.0,0.0,0.0,0.25,0.0,0.0,0.0,0.25,0.0,0.0,0.0,0.0,0.0,0.5,0.0
IYA,0.8,0.0,0.0,0.0,0.0,0.8,0.0,0.5,0.0,0.0,0.6666666666666666,0.0,0.0,0.0,0.0,0.0
IYD,1.0,0.5,1.0,0.0,0.0,0.0,0.3333333333333333,0.0,0.6666666666666666,0.5,1.0,1.0,0.3333333333333333,0.0,0.6666666666666666,0.6666666666666666
IYF,0.0,1.0,1.0,0.0,0.0,0.0,1.0,0.0,0.0,0.0,1.0,1.0,1.0,0.0,1.0,1.0
IYG,0.0,0.0,0.0,0.0,0.0,0.0,0.0,0.0,0.0,0.0,0.0,0.0,0.0,0.0,0.0,0.0
IYI,0.25,0.5,0.2727272727272727,1.0,0.7,0.0,0.0,0.5,0.0,0.5555555555555556,0.24,0.23076923076923078,0.25,0.0,0.47058823529411764,0.5
IYL,0.0,0.5,0.0,0.0,0.5,0.0,0.0,0.3888888888888889,0.0,0.0,0.0,0.0,0.0,0.0,0.25,0.6666666666666666
IYN,1.0,1.0,0.0,1.0,1.0,0.6666666666666666,1.0,1.0,1.0,1.0,1.0,0.0,1.0,1.0,0.6666666666666666,0.0
IYP,0.0,0.0,0.14285714285714285,0.0,0.2,0.5901639344262295,0.0,0.0,0.0,0.2,0.8070175438596491,0.0,0.0,0.0,0.0,0.0
IYQ,0.07142857142857142,0.26666666666666666,0.0,0.0,0.6666666666666666,0.7132352941176471,0.1,0.5714285714285714,0.08333333333333333,0.7619047619047619,0.3828125,0.0,0.0,0.05,0.7741935483870968,0.6060606060606061
IYR,0.0,0.0,0.0,0.0,0.0,0.0,0.0,0.0,0.0,0.0,0.0,0.0,0.0,0.0,0.0,0.0
IYS,1.0,0.6956521739130435,0.5555555555555556,0.5,0.3333333333333333,0.6,0.75,0.8571428571428571,0.8,0.875,0.0,0.7777777777777778,1.0,1.0,0.6875,1.0
IYT,0.0,0.5,0.0,0.5,0.0,0.16666666666666666,0.0,1.0,0.0,0.0,0.0,0.0,0.6666666666666666,1.0,1.0,0.0
IYV,0.0,0.5,0.0,0.0,0.0,0.0,0.0,0.5,0.0,0.0,0.0,0.0,0.0,0.25,0.0,0.0
IYW,0.0,0.0,0.0,0.0,0.0,0.0,0.0,0.0,0.0,0.0,0.8,1.0,0.0,0.0,0.5,1.0
KAA,0.0,0.0,1.0,0.0,0.0,0.0,0.0,0.0,0.0,0.0,0.5,0.5,1.0,0.0,0.0,0.0
KAC,0.0,0.0,0.6,1.0,0.6666666666666666,1.0,1.0,0.0,0.8,1.0,0.5714285714285714,0.5,0.0,0.0,0.75,0.0
KAD,0.0,0.0,0.0,1.0,0.0,1.0,0.5,0.5,1.0,0.0,0.5,0.0,1.0,1.0,0.0,1.0
KAE,0.5,1.0,1.0,1.0,0.5,1.0,0.0,0.0,1.0,0.0,0.0,1.0,1.0,0.0,0.0,0.0
KAF,0.0,0.0,0.0,1.0,0.0,0.3333333333333333,0.0,0.5,0.5,0.3333333333333333,0.0,0.0,0.0,0.0,0.14285714285714285,0.0
KAG,0.0,0.0,0.0,0.0,0.0,0.0,0.0,0.0,0.0,0.125,0.0,0.0,0.0,0.0,0.16666666666666666,0.5
KAI,0.0,0.0,0.0,0.0,0.0,0.0,0.0,0.0,0.0,0.0,0.25,0.375,0.0,0.0,0.25,0.4
KAK,1.0,1.0,0.3333333333333333,0.0,0.0,1.0,1.0,1.0,0.5,1.0,1.0,1.0,0.0,1.0,0.5,0.0
KAL,0.46153846153846156,0.14285714285714285,0.574468085106383,0.7368421052631579,0.08333333333333333,0.27184466019417475,0.5581395348837209,0.6410256410256411,0.29411764705882354,0.20588235294117646,0.5666666666666667,0.5833333333333334,0.6818181818181818,0.9333333333333333,0.40476190476190477,0.5555555555555556
KAM,0.0,0.2,1.0,0.0,0.0,0.0,0.16666666666666666,0.6666666666666666,0.0,1.0,0.14285714285714285,0.5,0.0,0.0,0.6,0.5
KAN,0.0,1.0,1.0,1.0,0.0,1.0,0.5,0.5,0.6,0.5,0.5,1.0,1.0,1.0,1.0,1.0
KAP,0.7142857142857143,0.75,0.625,0.6,0.0,0.75,0.35714285714285715,0.8,0.75,0.5,0.6923076923076923,0.7272727272727273,0.6666666666666666,0.0,0.8461538461538461,0.8333333333333334
KAQ,0.0,0.0,0.0,0.0,0.0,0.0,1.0,0.0,0.0,0.0,1.0,1.0,0.0,1.0,1.0,0.0
KAR,0.0,1.0,1.0,1.0,0.0,0.0,0.0,0.0,0.6666666666666666,0.0,0.0,1.0,1.0,1.0,1.0,0.0
KAS,0.0,0.0,0.0,0.0,0.0,0.5,0.0,1.0,0.0,0.0,0.0,0.0,0.0,0.5,0.0,0.3333333333333333
KAT,0.0,0.0,1.0,1.0,0.0,0.0,0.0,0.0,0.0,0.3333333333333333,0.0,0.5,1.0,0.0,0.0,1.0
KAV,0.0,0.0,0.0,0.0,0.0,0.0,0.0,0.0,0.0,0.0,0.0,0.0,0.0,0.0,0.0,0.0
KAW,1.0,0.0,1.0,0.0,0.0,0.0,0.0,1.0,0.0,0.0,0.0,0.0,0.6666666666666666,0.5,0.0,1.0
KCC,0.6666666666666666,0.8333333333333334,1.0,1.0,0.0,0.0,1.0,0.0,0.9285714285714286,1.0,1.0,1.0,0.0,0.0,0.8571428571428571,1.0
KCF,0.5,1.0,0.0,0.0,1.0,1.0,1.0,0.5,1.0,0.0,1.0,1.0,0.0,1.0,1.0,0.0
KCG,0.0,0.0,0.0,0.0,0.0,0.0,0.0,0.0,0.0,0.0,0.0,0.0,0.0,0.0,0.0,0.0
KCI,0.0,0.0,0.0,0.0,0.0,0.0,0.0,0.0,0.0,0.0,0.0,0.0,0.0,0.0,0.0,0.0
KCK,0.0,0.5,0.0,0.0,0.0,0.0,1.0,0.0,0.25,1.0,0.3333333333333333,0.0,0.0,0.0,0.0,0.0
KCL,0.0,1.0,0.0,1.0,1.0,0.0,1.0,0.0,0.0,0.0,0.0,0.0,1.0,0.0,0.0,0.0
KCP,0.0,0.0,0.0,0.0,0.0,0.0,0.0,0.0,0.0,0.0,0.0,0.0,0.0,0.0,0.0,0.0
KCR,0.0,0.5,0.5,0.0,0.0,1.0,1.0,1.0,1.0,0.0,0.75,1.0,0.0,0.0,0.75,0.5
KCY,0.0,0.0,0.0,0.0,0.0,0.0,0.0,0.0,0.0,0.0,0.0,0.0,0.0,0.0,0.0,0.0
KDA,0.0,0.0,0.0,0.8,0.0,0.3333333333333333,0.0,0.5,0.6,0.0,0.0,0.0,1.0,0.2,0.2,0.5
KDD,0.0,0.0,0.3333333333333333,0.3333333333333333,0.5,0.0,0.0,0.0,0.25,0.25,1.0,0.0,0.5,0.0,0.5,0.5
KDE,0.6956521739130435,0.6923076923076923,0.45454545454545453,0.0,0.8333333333333334,0.6428571428571429,0.5,0.75,0.6666666666666666,0.6666666666666666,0.38461538461538464,0.2,0.75,0.5,0.0,0.0
KDF,0.5,0.0,0.3333333333333333,0.0,1.0,0.0,0.8,0.0,0.3333333333333333,0.6666666666666666,0.4,0.0,0.0,0.0,0.0,0.0
KDG,0.0,0.16666666666666666,0.0,0.6666666666666666,0.0,0.0,0.0,0.5,0.2,0.0,0.0,0.0,0.0,0.0,0.3333333333333333,0.6
KDH,1.0,0.5,0.5,0.0,0.5,0.0,0.25,0.0,0.5,0.0,0.0,0.0,0.0,0.3333333333333333,0.0,0.0
KDI,0.0,0.0,1.0,0.0,0.0,0.0,0.0,0.0,0.0,1.0,0.0,0.0,0.0,0.0,0.0,0.0
KDK,0.0,0.0,0.0,0.0,0.0,0.0,0.0,0.0,0.0,0.0,0.0,0.0,0.0,0.0,0.0,0.0
KDL,0.0,0.2,0.0,1.0,0.2727272727272727,0.028985507246376812,0.1111111111111111,0.1,0.08333333333333333,0.125,0.04081632653061224,0.0,0.0,0.2857142857142857,0.5,0.13333333333333333
KDM,0.0,0.0,0.0,0.0,0.0,0.0,0.0,0.0,0.0,0.0,0.0,0.0,0.0,0.0,0.0,0.0
KDN,1.0,0.0,0.0,1.0,0.0,0.0,0.0,1.0,1.0,0.0,0.0,0.0,0.0,1.0,1.0,0.0
KDQ,0.0,0.0,0.0,0.0,0.0,0.0,0.0,0.0,0.0,0.0,0.0,0.0,0.0,0.0,0.0,0.0
KDR,0.5,0.0,0.0,1.0,0.0,0.0,0.0,0.6666666666666666,0.0,0.0,0.0,0.0,0.4,1.0,0.0,0.0
KDS,0.3333333333333333,0.6363636363636364,0.19047619047619047,0.3333333333333333,0.5,0.1323529411764706,0.16666666666666666,0.23809523809523808,0.3684210526315789,0.6666666666666666,0.8487394957983193,0.625,0.5,0.3333333333333333,0.7272727272727273,0.0
KDT,0.0,0.0,0.0,0.0,0.0,0.0,0.0,0.0,0.0,0.0,0.0,0.0,0.0,0.0,0.0,0.0
KDV,0.0,0.0,0.0,0.0,0.0,0.0,0.0,0.0,0.0,0.0,0.0,0.0,0.0,0.0,0.0,0.0
KDY,0.0,0.0,0.0,0.0,0.0,0.0,0.0,0.0,0.0,0.0,0.0,0.0,0.0,0.0,0.0,0.0
KEA,0.0,0.0,0.0,0.0,0.0,0.0,0.0,0.0,0.0,0.0,0.0,0.0,0.0,0.0,0.0,0.0
KEC,0.0,0.0,0.0,0.0,0.0,0.0,0.0,0.0,0.0,0.0,0.0,0.0,0.0,0.0,0.0,0.0
KED,0.0,0.0,1.0,0.0,0.3333333333333333,0.3333333333333333,0.0,0.0,0.0,1.0,0.0,0.0,0.0,0.0,0.0,0.0
KEE,0.0,0.0,0.0,0.0,0.0,0.0,0.0,0.0,0.0,0.0,0.0,0.0,0.0,0.0,0.0,0.0
KEF,1.0,1.0,0.5,0.0,1.0,0.0,0.4,0.0,0.0,1.0,0.3333333333333333,0.5,0.6666666666666666,0.25,0.3333333333333333,0.8
KEG,0.0,0.0,0.0,0.2857142857142857,1.0,0.0,0.5,0.0,0.6666666666666666,0.25,0.047619047619047616,0.3333333333333333,0.0,0.0,0.6,0.5
KEI,0.5,0.0,0.6666666666666666,1.0,0.5,0.25,0.16666666666666666,0.6666666666666666,1.0,0.5,0.2,0.6666666666666666,0.5,0.625,0.42857142857142855,0.5
KEK,0.0,0.0,0.0,0.5,0.0,0.0,0.0,0.0,0.0,0.0,0.0,0.0,0.0,0.0,0.1,0.0
KEL,0.0,0.14285714285714285,0.3333333333333333,0.0,0.5,0.0,0.0,0.0,0.25,0.0,0.0,0.0,0.0,0.0,0.0,0.0
KEM,0.3333333333333333,0.0,0.5,0.0,0.0,0.0,0.6666666666666666,0.0,0.5,1.0,0.5555555555555556,0.3333333333333333,0.0,0.0,1.0,1.0
KEN,0.0,0.0,0.0,0.0,0.0,1.0,0.0,1.0,0.0,0.0,0.0,0.0,0.0,0.6666666666666666,0.0,1.0
KEP,1.0,0.0,0.0,1.0,0.0,0.0,0.0,0.0,1.0,0.0,0.07407407407407407,0.0,0.0,0.0,0.05,0.0
KEQ,0.0,0.0,0.0,0.0,0.0,0.0,0.0,0.0,0.0,0.0,0.0,0.0,0.0,0.0,0.0,0.0
KER,0.0,0.0,0.0,0.0,0.0,0.0,0.0,0.0,0.0,0.0,0.0,0.0,0.0,0.0,0.0,0.0
KES,0.0,0.0,0.0,0.0,0.0,0.0,0.0,0.0,0.0,0.0,0.0,0.0,0.0,0.0,0.0,0.0
KET,0.9615384615384616,0.6666666666666666,0.45454545454545453,0.0,0.5,0.7518796992481203,0.7,0.25,0.631578947368421,0.12903225806451613,0.2962962962962963,0.4594594594594595,0.8,1.0,0.16129032258064516,0.18
KEV,0.0,0.3333333333333333,0.16666666666666666,1.0,0.5,0.125,0.25,0.3333333333333333,0.3333333333333333,0.25,0.0,0.25,0.5,0.3333333333333333,0.2,0.3333333333333333
KEW,0.0,0.5,1.0,0.0,1.0,1.0,1.0,1.0,1.0,1.0,1.0,1.0,1.0,0.0,1.0,0.0
KEY,1.0,0.0,0.0,1.0,0.0,0.25,1.0,1.0,0.0,1.0,0.5,1.0,1.0,0.0,1.0,0.0
KFA,0.0,0.0,1.0,0.0,1.0,1.0,0.0,0.0,0.0,1.0,0.0,0.0,0.0,0.0,0.0,0.0
KFD,0.0,0.0,0.0,0.0,0.0,0.0,0.0,0.0,0.0,0.0,0.0,0.0,0.0,0.0,0.0,0.0
KFE,0.0,0.0,1.0,0.0,0.0,0.0,0.0,0.0,0.0,0.0,0.0,0.0,1.0,0.0,0.0,1.0
KFG,0.0,1.0,0.0,1.0,0.0,1.0,1.0,1.0,0.0,1.0,0.0,1.0,1.0,0.0,0.6666666666666666,0.0
KFI,0.0,0.0,0.0,0.0,0.0,0.0,0.0,0.0,0.0,0.0,0.0,0.0,0.0,0.0,0.0,0.0
KFK,0.0,0.0,0.0,0.0,0.0,0.09302325581395349,0.22727272727272727,0.6857142857142857,0.09090909090909091,0.96,0.0,1.0,0.0,0.0,0.96,0.7021276595744681
KFL,0.0,0.0,0.0,0.0,0.0,0.0,0.0,0.0,0.0,0.0,0.0,0.0,0.0,0.0,0.0,0.0
KFN,0.0,0.5,1.0,0.0,1.0,1.0,0.0,0.25,0.0,0.0,0.0,0.0,0.0,0.0,0.0,1.0
KFP,0.0,0.0,0.0,0.0,0.0,0.0,0.0,0.0,0.0,0.0,0.0,0.0,0.0,0.0,0.0,0.0
KFR,0.0,0.0,0.0,0.0,0.0,0.0,0.0,0.0,0.0,0.0,0.0,0.0,0.0,0.0,0.0,0.0
KFS,0.6666666666666666,0.6,0.18181818181818182,0.8333333333333334,0.5,1.0,0.4,0.5,0.375,0.25,0.0,0.5,0.6666666666666666,0.0,0.0,0.8333333333333334
KFT,0.0,1.0,0.0,1.0,1.0,1.0,0.0,1.0,1.0,0.0,1.0,0.0,0.6666666666666666,1.0,0.5,0.0
KFV,0.0,0.0,0.0,0.0,0.0,0.0,0.0,0.0,0.0,0.0,0.0,0.0,0.0,0.0,0.0,0.0
KFY,0.0,0.0,0.0,0.0,0.0,0.0,0.0,0.0,0.0,0.0,0.0,0.0,0.0,0.0,0.0,0.0
KGA,1.0,1.0,0.0,0.0,1.0,0.6428571428571429,0.6666666666666666,1.0,0.75,0.75,0.42857142857142855,1.0,0.0,1.0,0.5454545454545454,0.8571428571428571
KGE,0.0,0.0,0.0,0.0,0.0,0.0,0.0,0.0,0.0,0.0,0.0,0.0,0.0,0.0,0.0,0.0
KGF,0.5,1.0,0.0,0.0,0.0,0.5,0.6666666666666666,1.0,0.3333333333333333,1.0,0.5,0.0,0.0,0.5,0.3333333333333333,0.0
KGG,0.0,0.0,0.0,0.0,0.0,0.0,0.0,0.0,0.0,0.0,0.0,0.0,0.0,0.0,0.0,0.0
KGI,0.0,0.0,0.0,0.0,0.0,0.0,0.0,0.0,0.0,0.0,0.0,0.0,0.0,0.0,0.0,0.0
KGK,1.0,0.0,1.0,0.6666666666666666,0.6,1.0,0.6666666666666666,0.6,1.0,0.6666666666666666,0.4,0.6666666666666666,0.3333333333333333,0.7,0.5,0.8571428571428571
KGL,0.0,0.0,0.0,0.0,0.0,0.5,0.0,0.3333333333333333,0.0,0.0,0.0,0.0,0.0,0.5,0.0,0.0
KGQ,0.3333333333333333,1.0,0.3333333333333333,0.0,0.0,1.0,1.0,1.0,1.0,1.0,0.6666666666666666,0.8571428571428571,0.0,0.6666666666666666,0.6666666666666666,0.0
KGR,0.15384615384615385,0.16666666666666666,0.2727272727272727,0.0,0.17647058823529413,0.1111111111111111,0.08333333333333333,0.13333333333333333,0.375,0.0,0.1875,0.12,0.0,0.2,0.09090909090909091,0.0
KGS,0.0,0.8666666666666667,0.0,1.0,0.0,0.6203703703703703,0.125,0.0,0.2857142857142857,0.6923076923076923,0.5714285714285714,0.0,0.875,0.5714285714285714,0.1875,0.2
KGT,0.0,0.0,0.5,0.0,0.0,0.0,0.0,0.0,0.0,1.0,1.0,0.0,0.0,0.0,0.0,0.0
KGV,0.0,0.0,0.5,0.75,0.5,0.25,0.0,1.0,0.6666666666666666,1.0,0.4,1.0,1.0,0.6666666666666666,1.0,0.0
KHC,0.5,0.0,1.0,0.0,0.0,0.0,0.0,0.0,0.0,0.0,0.0,1.0,1.0,0.0,0.0,0.0
KHG,0.0,0.0,0.0,0.0,0.0,0.0,0.0,0.0,0.0,0.0,0.0,0.0,0.0,0.0,0.0,0.0
KHI,0.0,0.0,0.0,0.0,0.0,0.0,0.0,0.0,0.0,0.0,0.0,0.0,0.0,0.0,0.0,0.0
KHN,0.0,1.0,1.0,0.6666666666666666,1.0,1.0,0.8,1.0,0.0,1.0,1.0,0.0,0.6666666666666666,0.0,1.0,1.0
KHP,1.0,0.75,1.0,1.0,0.0,1.0,1.0,1.0,1.0,0.0,0.0,1.0,1.0,0.6666666666666666,1.0,1.0
KHQ,0.0,0.0,0.0,0.5,0.0,0.0,0.0,0.0,1.0,1.0,0.5303030303030303,0.0,0.3333333333333333,0.0,0.0,0.0
KHS,1.0,0.3333333333333333,0.6666666666666666,0.75,0.0,0.0,0.6666666666666666,1.0,0.7692307692307693,0.5,0.9354838709677419,0.9076923076923077,0.0,0.0,0.8983050847457628,0.9722222222222222
KHT,0.0,0.0,0.0,0.0,0.0,0.0,0.0,0.0,0.0,0.0,0.0,0.0,0.0,0.0,0.0,0.0
KHV,0.0,0.0,0.0,0.0,0.0,0.0,0.0,0.0,0.0,0.0,0.0,0.0,0.0,0.0,0.0,0.0
KHW,0.0,0.0,0.0,0.0,0.0,0.0,0.0,0.5,0.0,0.0,0.0,0.5,0.0,0.0,0.75,0.5
KIA,1.0,0.6666666666666666,0.0,0.0,0.8,0.9333333333333333,0.2857142857142857,1.0,0.0,0.4,0.6923076923076923,0.0,0.0,0.0,0.0,0.0
KIC,0.0,0.0,0.0,0.0,0.0,0.0,0.0,0.0,0.0,0.0,0.0,0.0,0.0,0.0,0.0,0.0
KID,1.0,1.0,0.6666666666666666,0.0,1.0,0.25,0.0,0.0,1.0,0.5,0.5,0.6666666666666666,0.5,0.0,0.6666666666666666,0.0
KIE,0.75,0.3333333333333333,0.7857142857142857,0.6666666666666666,0.6,0.0,0.375,0.0,0.5384615384615384,0.2,0.3333333333333333,0.6923076923076923,0.7272727272727273,0.0,0.45454545454545453,1.0
KIF,1.0,0.0,0.3333333333333333,0.0,0.5,0.0,0.0,0.0,1.0,1.0,0.45454545454545453,0.0,0.0,0.0,0.0,0.0
KIG,0.0,0.0,0.0,0.0,0.0,0.0,0.0,0.0,0.0,0.0,0.0,0.0,0.0,0.0,0.0,0.0
KII,0.0,0.0,0.0,0.0,0.0,0.0,0.0,0.0,0.0,0.0,0.0,0.0,0.0,0.0,0.0,0.0
KIK,0.5428571428571428,0.631578947368421,0.3888888888888889,0.9444444444444444,0.4444444444444444,0.20833333333333334,0.5789473684210527,0.4,0.5238095238095238,0.47368421052631576,0.13043478260869565,0.5454545454545454,0.92,0.625,0.75,0.45454545454545453
KIL,0.0,0.631578947368421,0.8947368421052632,0.75,0.8888888888888888,0.16216216216216217,0.9166666666666666,0.0,0.9090909090909091,0.5,0.043478260869565216,1.0,0.4166666666666667,0.8333333333333334,0.0,1.0
KIM,0.0,0.0,0.6666666666666666,0.7142857142857143,0.5,0.16666666666666666,0.3333333333333333,0.6,0.5,0.8333333333333334,0.6,0.6,0.4,0.0,0.6,0.8571428571428571
KIN,0.3333333333333333,0.0,0.0,0.0,0.0,0.0,0.0,0.0,0.5,0.0,0.0,0.0,0.0,0.0,0.0,0.0
KIP,1.0,1.0,0.25,1.0,0.0,0.0,0.0,0.5,0.6,0.0,0.125,0.0,1.0,0.0,1.0,1.0
KIR,0.0,0.2222222222222222,0.5,0.0,0.0,0.0,0.2,0.0,0.36363636363636365,0.0,0.2857142857142857,0.0,0.0,0.0,0.0,0.0
KIS,0.3333333333333333,0.2857142857142857,0.4,1.0,1.0,0.09090909090909091,0.3333333333333333,0.6666666666666666,0.4444444444444444,0.4,0.5254237288135594,0.8,0.0,0.6,0.875,0.9032258064516129
KIT,0.7142857142857143,0.0,0.8571428571428571,0.0,0.0,0.8411214953271028,0.35,0.7,0.6923076923076923,0.0,0.4716981132075472,0.0,0.0,0.0,0.0,0.5
KIV,0.4,0.2,0.3333333333333333,0.2,0.3333333333333333,0.0,0.0,0.0,0.4,0.3333333333333333,0.8333333333333334,0.25,0.5,0.0,0.45454545454545453,0.3333333333333333
KIY,0.7777777777777778,0.7142857142857143,0.4,0.5,0.6666666666666666,0.25,0.0,0.5714285714285714,0.42857142857142855,0.0,0.11538461538461539,0.25,0.75,0.5,0.26666666666666666,0.25
KKA,0.0,0.16666666666666666,0.5833333333333334,0.6666666666666666,0.0,0.0,0.125,1.0,0.0,0.5,0.8,0.5454545454545454,1.0,0.0,0.75,0.8
KKC,1.0,1.0,1.0,1.0,0.0,0.0,0.875,0.0,0.9285714285714286,1.0,0.9166666666666666,1.0,0.0,0.0,1.0,1.0
KKD,0.7083333333333334,0.8636363636363636,0.2631578947368421,0.6,0.625,0.49019607843137253,0.5454545454545454,0.4,0.4375,0.7692307692307693,0.8076923076923077,0.2,0.8571428571428571,0.7142857142857143,0.42857142857142855,0.0
KKE,0.0,0.0,0.0,1.0,0.125,0.0,0.0,0.0625,1.0,0.05263157894736842,0.3333333333333333,0.0,1.0,0.8333333333333334,0.1,0.13043478260869565
KKG,0.0,0.0,0.0,0.0,0.0,0.0,0.0,0.0,0.0,0.0,0.0,0.0,0.0,0.0,0.0,0.0
KKH,0.0,0.0,0.0,0.3333333333333333,0.0,0.0,0.0,0.0,1.0,1.0,0.47692307692307695,0.0,0.3333333333333333,0.0,0.0,0.0
KKI,0.0,0.0,0.0,0.0,0.0,0.0,0.0,0.0,0.0,0.0,0.0,0.0,0.0,0.0,0.0,0.0
KKK,0.5384615384615384,0.8571428571428571,0.23529411764705882,0.875,0.5,0.1346153846153846,0.36363636363636365,0.4166666666666667,0.5384615384615384,0.65,0.4041095890410959,0.625,0.9333333333333333,0.5,0.6428571428571429,0.2857142857142857
KKL,0.5,0.5,0.3333333333333333,1.0,1.0,0.5,0.6666666666666666,0.4,0.5,0.25,0.25,0.0,1.0,0.5,0.3333333333333333,0.0
KKM,0.0,0.0,0.0,0.0,0.0,0.0,1.0,0.0,0.0,0.0,0.0,1.0,0.0,0.0,0.5,0.0
KKN,0.0,0.0,0.0,0.0,0.0,0.0,0.0,0.0,0.0,0.0,0.0,0.0,0.0,0.0,0.0,0.0
KKP,0.2,1.0,0.3,0.6,0.8,0.3333333333333333,1.0,1.0,0.8,1.0,0.047619047619047616,0.27586206896551724,0.8888888888888888,1.0,0.0,0.6153846153846154
KKQ,0.0,0.0,0.0,0.0,0.0,0.0,0.0,0.0,0.0,0.0,0.0,0.0,0.0,0.0,0.0,0.0
KKR,0.0,0.6666666666666666,0.0,1.0,0.3333333333333333,0.5,0.0,0.0,0.0,0.0,0.5,1.0,0.5,1.0,0.0,1.0
KKS,0.36363636363636365,0.6666666666666666,0.375,0.0,0.7142857142857143,0.0847457627118644,0.08333333333333333,0.8571428571428571,0.07692307692307693,0.0,0.09433962264150944,0.5869565217391305,0.2222222222222222,0.8333333333333334,0.6052631578947368,0.72
KKV,1.0,1.0,0.3333333333333333,0.0,1.0,0.6,0.25,0.5,1.0,0.6,0.25,0.42857142857142855,0.6666666666666666,0.0,1.0,0.5
KKW,0.8888888888888888,0.7,0.9,0.0,1.0,0.6666666666666666,0.0,0.3333333333333333,0.5,0.0,0.8823529411764706,0.8333333333333334,1.0,0.0,0.75,0.5555555555555556
KKY,0.0,0.5,0.0,1.0,0.0,0.0,0.0,1.0,1.0,0.0,0.0,0.0,0.0,0.0,0.5,0.0
KLA,0.625,0.0,0.8333333333333334,0.8,0.3333333333333333,0.0,0.2857142857142857,0.5,1.0,0.6,0.8333333333333334,1.0,1.0,0.5,0.7142857142857143,1.0
KLD,0.0,0.0,0.0,0.0,0.0,0.0,0.0,0.0,0.0,0.0,0.0,0.0,0.0,0.0,0.0,0.0
KLE,1.0,1.0,0.0,0.0,0.0,1.0,1.0,0.0,0.3333333333333333,0.0,0.0,1.0,0.0,0.0,0.0,0.0
KLG,0.23529411764705882,0.1111111111111111,0.42857142857142855,0.4,0.9285714285714286,0.08333333333333333,0.1111111111111111,0.0,0.23529411764705882,0.896551724137931,0.15384615384615385,0.0,0.0,0.0,0.8064516129032258,0.8048780487804879
KLI,0.0,0.0,0.0,0.0,0.0,0.0,0.0,0.0,0.0,0.0,0.0,0.0,0.0,0.0,0.0,0.0
KLK,0.25,0.5,0.7,0.2,0.0,0.4111111111111111,0.16666666666666666,0.16666666666666666,0.2727272727272727,0.3684210526315789,0.02040816326530612,0.1,0.0,0.2727272727272727,0.0,0.15384615384615385
KLL,0.9347826086956522,0.3611111111111111,0.8333333333333334,0.25,0.045454545454545456,0.6153846153846154,0.8620689655172413,0.7058823529411765,0.2857142857142857,0.029411764705882353,0.8305084745762712,0.11764705882352941,0.0,0.8888888888888888,0.041666666666666664,0.5909090909090909
KLN,0.5,0.0,0.9615384615384616,0.0,0.2,0.8181818181818182,0.047619047619047616,0.9354838709677419,0.0,0.23529411764705882,0.952054794520548,0.15384615384615385,0.0,0.0,0.1,0.9433962264150944
KLP,0.07692307692307693,0.7272727272727273,0.0,1.0,0.0,0.2823529411764706,0.5853658536585366,0.6097560975609756,0.09090909090909091,1.0,0.0,1.0,0.0,0.1,0.9230769230769231,0.6346153846153846
KLQ,0.0,0.0,0.0,0.0,0.0,0.0,0.0,0.0,0.0,0.0,0.0,0.0,0.0,0.0,0.0,0.0
KLR,0.0,0.0,0.0,0.0,0.0,0.0,0.0,0.0,0.0,0.0,1.0,0.0,0.0,0.0,0.0,0.0
KLS,0.0,1.0,0.0,0.0,0.0,0.0,0.0,0.0,0.0,0.0,0.0,0.0,1.0,0.0,0.0,0.0
KLT,1.0,0.0,0.25,0.5,0.0,0.0,0.0,1.0,0.3333333333333333,0.3333333333333333,0.5,0.0,0.0,0.3333333333333333,0.5,0.0
KLV,0.1875,0.3939393939393939,0.7272727272727273,0.6923076923076923,0.0,0.5869565217391305,0.0967741935483871,0.6857142857142857,0.15384615384615385,0.23684210526315788,0.803030303030303,0.0,0.9333333333333333,0.8,0.08823529411764706,0.6829268292682927
KLW,0.0,0.0,0.0,0.0,0.0,0.0,0.0,0.3055555555555556,0.0,0.045454545454545456,0.0,0.0,0.0,0.0,0.0,0.3333333333333333
KLY,0.0,0.0,1.0,0.0,0.0,0.0,0.0,0.0,0.0,1.0,0.0,1.0,1.0,0.0,0.0,0.0
KMA,0.0,0.0,0.0,0.0,0.0,0.0,1.0,0.0,0.0,0.0,0.0,0.8,0.0,0.0,0.4,0.5
KMG,0.0,0.0,0.0,0.0,0.0,0.0,0.0,0.0,0.0,0.0,0.0,0.0,0.0,0.0,0.0,0.0
KMH,0.0,0.0,0.0,0.0,0.0,0.0,0.5,0.0,0.0,0.0,0.0,1.0,0.0,1.0,1.0,0.0
KMK,0.0,1.0,0.0,1.0,0.8,1.0,1.0,0.0,0.5,0.0,0.6666666666666666,0.0,1.0,0.6,0.0,0.0
KMR,0.8888888888888888,0.8461538461538461,0.625,1.0,1.0,0.6875,0.4166666666666667,0.75,0.5,0.8571428571428571,0.46153846153846156,0.8571428571428571,0.9090909090909091,0.5,1.0,1.0
KMS,0.0,0.0,0.0,0.0,0.0,0.0,0.0,0.0,0.0,0.0,0.0,0.0,0.0,0.0,0.0,0.0
KMV,0.0,0.0,0.0,0.0,0.0,0.0,0.0,0.0,0.0,0.0,0.0,0.0,0.0,0.0,0.0,0.0
KMY,0.0,1.0,0.0,0.0,0.0,0.0,0.0,0.0,0.0,0.0,0.0,0.0,1.0,0.0,0.0,0.0
KNA,0.75,0.0,0.0,0.0,0.0,0.0,0.0,0.0,1.0,0.0,0.0,0.0,0.0,0.0,0.0,0.0
KNC,0.0,0.0,0.0,0.0,0.0,0.0,0.0,0.0,0.0,0.0,0.0,0.0,0.0,0.0,0.0,0.0
KND,0.0,0.0,0.0,0.0,0.0,0.0,0.0,0.0,0.0,0.0,0.0,0.0,0.0,0.0,0.0,0.0
KNF,0.0,1.0,0.2857142857142857,1.0,0.0,0.0,0.0,0.3333333333333333,0.0,0.0,0.0,0.20833333333333334,1.0,0.0,0.0,0.16666666666666666
KNG,0.0,0.0,0.0,0.0,0.0,0.0,0.0,0.0,0.0,0.0,0.0,0.0,0.0,0.0,0.0,0.0
KNI,0.0,0.0,0.0,0.0,0.0,0.0,0.0,0.0,0.0,0.0,0.0,0.0,0.0,0.0,0.0,0.0
KNK,0.5,0.0,0.7368421052631579,0.8,0.0,0.0,0.0,0.0,0.9166666666666666,0.25,0.6666666666666666,0.8571428571428571,0.8333333333333334,0.0,0.8,0.8
KNL,0.0,0.0,0.1,0.0,0.2,0.0,0.0,0.0,0.0,0.14285714285714285,0.0,0.09090909090909091,0.0,0.3333333333333333,0.0,0.0
KNM,0.0,0.6666666666666666,0.75,0.8,0.5,1.0,0.8333333333333334,1.0,0.9166666666666666,1.0,0.625,0.9230769230769231,0.8333333333333334,1.0,0.8333333333333334,0.8
KNN,0.0,0.0,0.9090909090909091,0.0,1.0,0.0,0.0,0.0,0.8333333333333334,0.8333333333333334,0.0,1.0,0.0,1.0,0.0,0.0
KNQ,1.0,1.0,0.0,0.0,0.0,1.0,0.0,1.0,0.0,0.0,0.0,0.0,0.0,1.0,0.0,0.0
KNS,1.0,0.25,0.25,0.0,0.5,0.25,0.5,0.0,0.3333333333333333,1.0,1.0,0.5,1.0,0.0,0.0,0.0
KNT,0.9166666666666666,0.0,0.3333333333333333,0.0,0.0,0.0,0.0,0.0,1.0,0.0,0.0,0.0,0.0,0.0,0.0,0.0
KNW,1.0,0.6666666666666666,1.0,0.0,0.0,0.0,1.0,1.0,1.0,0.0,0.0,1.0,0.5,0.0,0.0,0.0
KNY,0.0,0.0,0.3333333333333333,0.0,0.0,0.0,0.0,0.0,0.0,0.0,0.6666666666666666,0.0,0.0,0.0,0.0,0.0
KPA,0.0,1.0,0.0,1.0,0.5,1.0,1.0,0.0,0.0,0.0,0.6666666666666666,1.0,1.0,0.0,0.0,0.0
KPC,0.0,0.0,0.0,0.0,0.0,0.0,0.0,0.0,0.0,0.0,0.0,0.0,0.0,0.0,0.0,0.0
KPD,0.6666666666666666,0.0,0.6666666666666666,0.0,0.0,0.0,0.0,0.0,0.6666666666666666,0.0,0.0,0.6,0.0,0.0,1.0,0.0
KPE,0.0,1.0,0.6666666666666666,1.0,0.5,0.0,0.3333333333333333,0.5,1.0,0.0,0.2857142857142857,0.25,0.0,0.6,0.2,0.75
KPF,0.0,0.0,0.0,0.0,0.0,0.0,0.0,0.0,0.0,0.0,0.6666666666666666,0.5,0.0,0.0,0.25,0.5
KPG,0.3,0.4117647058823529,0.4444444444444444,0.5,0.25,0.3978494623655914,0.13043478260869565,0.0,0.18181818181818182,0.2222222222222222,0.016666666666666666,0.0,0.0,0.25,0.13333333333333333,0.0
KPH,0.0,0.0,0.0,0.0,0.0,0.0,0.0,0.0,0.0,0.0,0.0,0.0,0.0,0.0,0.0,0.0
KPI,0.0,1.0,1.0,1.0,1.0,0.0,1.0,0.0,1.0,0.0,1.0,1.0,1.0,0.0,0.0,1.0
KPK,1.0,0.0,0.7647058823529411,0.0,0.0,0.0,0.0,0.0,0.6818181818181818,0.0,0.8,0.0,0.0,0.0,0.0,0.0
KPL,1.0,1.0,0.0,1.0,0.0,1.0,1.0,0.0,1.0,0.0,1.0,1.0,1.0,1.0,1.0,1.0
KPM,0.0,0.0,0.0,1.0,1.0,0.25,0.3333333333333333,0.0,0.6666666666666666,0.8333333333333334,0.0,0.0,0.0,0.0,1.0,1.0
KPP,0.0,0.0,0.0,0.0,0.0,0.0,0.0,0.0,0.0,0.0,0.0,0.0,0.0,0.0,0.0,0.0
KPQ,0.0,0.0,0.0,0.0,0.0,0.0,0.0,0.0,0.0,0.0,0.0,0.0,0.0,0.0,0.0,0.0
KPR,0.0,0.0,0.5,1.0,1.0,0.0,1.0,0.0,1.0,0.0,1.0,1.0,0.0,1.0,1.0,0.0
KPS,1.0,1.0,1.0,0.0,0.5,0.5,1.0,0.5,0.9285714285714286,0.0,1.0,1.0,0.0,1.0,0.0,0.0
KPV,0.0,0.0,0.0,1.0,0.0,0.0,0.0,1.0,1.0,0.75,0.0,0.19047619047619047,0.0,0.0,0.0,0.6666666666666666
KPW,0.0,0.0,0.5,0.0,0.125,0.0,0.0,0.0,0.0,0.0,0.0,0.0,0.0,0.0,0.0,0.0
KPY,0.0,0.0,0.0,0.0,0.0,0.0,0.0,0.0,0.0,0.0,0.0,0.0,0.0,0.0,0.0,0.0
KQA,1.0,1.0,1.0,0.0,0.5,0.75,0.0,0.75,1.0,0.3333333333333333,0.4,0.3333333333333333,1.0,0.5,0.3333333333333333,0.6666666666666666
KQD,1.0,1.0,0.75,1.0,1.0,1.0,0.75,0.0,0.0,1.0,0.8333333333333334,1.0,1.0,0.6666666666666666,0.0,0.0
KQF,1.0,0.0,1.0,0.0,0.0,0.0,0.0,0.0,0.8,0.0,0.8,0.0,0.0,0.0,0.0,0.0
KQG,0.0,0.1,0.0,0.75,0.23076923076923078,0.5476190476190477,0.045454545454545456,0.6923076923076923,0.14285714285714285,0.0625,0.030303030303030304,0.08333333333333333,1.0,0.3076923076923077,0.1,0.3
KQI,0.0,0.6666666666666666,0.8333333333333334,1.0,0.6666666666666666,0.6666666666666666,0.5,0.6,1.0,0.4,0.7272727272727273,0.875,1.0,0.8,0.8,1.0
KQK,0.0,1.0,0.0,0.0,0.6666666666666666,0.6,0.6666666666666666,1.0,0.0,0.25,0.0,0.5,0.0,1.0,0.6666666666666666,0.0
KQL,0.0,1.0,0.0,0.0,0.9230769230769231,0.6736842105263158,0.6666666666666666,0.9,0.0,0.0,0.0,0.0,0.0,0.0,0.0,0.6296296296296297
KQN,0.0,0.0,0.0,0.0,0.0,0.0,0.0,0.0,0.0,0.0,0.08333333333333333,0.0,0.0,0.0,0.0,0.0
KQP,0.0,0.0,0.0,0.0,0.0,0.0,0.0,0.0,0.0,0.0,0.0,0.0,0.0,0.0,0.0,0.0
KQR,1.0,0.0,1.0,0.0,0.0,0.0,0.0,0.0,0.0,0.0,1.0,0.7142857142857143,0.0,0.0,0.6666666666666666,1.0
KQT,1.0,0.3333333333333333,0.5,1.0,0.0,0.0,1.0,0.0,0.75,0.0,0.6,1.0,0.0,0.0,1.0,0.0
KQW,0.7941176470588235,0.6666666666666666,0.782608695652174,0.8333333333333334,0.0,0.8363636363636363,0.8387096774193549,0.0,0.8888888888888888,0.5333333333333333,0.07936507936507936,0.0,1.0,0.5833333333333334,0.6,0.375
KQY,0.0,0.0,0.0,0.6666666666666666,0.0,1.0,1.0,1.0,0.3333333333333333,0.0,0.42857142857142855,1.0,1.0,0.5,0.3333333333333333,0.6
KRA,0.4444444444444444,0.0,1.0,0.6666666666666666,0.0,0.0,0.0,0.0,0.7333333333333333,0.0,0.46153846153846156,1.0,1.0,0.0,0.8,1.0
KRD,0.0,0.0,1.0,0.0,0.0,0.0,1.0,0.0,1.0,1.0,1.0,0.0,0.0,0.0,0.0,0.0
KRE,0.0,0.0,0.0,0.5,0.0,0.0,0.0,0.0,0.0,0.0,0.0,0.0,1.0,0.0,0.0,0.0
KRF,1.0,1.0,1.0,1.0,1.0,0.0,0.0,1.0,0.0,0.5,0.0,0.0,1.0,0.0,0.0,0.0
KRG,0.0,0.0,0.16666666666666666,0.0,0.0,0.0,0.0,0.0,0.5,0.0,0.06666666666666667,0.058823529411764705,0.0,0.0,0.15384615384615385,0.0
KRH,0.0,1.0,1.0,0.0,1.0,0.0,0.0,0.0,0.0,0.0,0.0,0.6666666666666666,0.8,0.0,0.0,1.0
KRI,1.0,0.75,0.6,0.8333333333333334,0.5,0.5,0.3333333333333333,0.0,0.5,0.5,0.2,0.0,0.6666666666666666,0.5,0.5,1.0
KRK,0.5,0.0,0.5,1.0,1.0,0.6666666666666666,0.0,0.6666666666666666,0.5,1.0,0.16666666666666666,0.0,0.0,0.6666666666666666,1.0,0.5
KRL,0.0,0.0,0.0,1.0,0.0,0.0,0.0,0.5,0.5,0.0,0.0,1.0,0.0,1.0,0.5,0.6666666666666666
KRM,0.0,0.0,0.0,0.0,0.0,0.0,0.0,0.0,0.0,0.0,0.0,0.0,0.0,0.0,0.0,0.0
KRN,0.0,0.0,0.0,0.0,0.0,0.0,0.0,0.0,0.0,0.0,0.0,0.0,0.0,0.0,0.0,0.0
KRP,0.0,0.6666666666666666,0.5,0.0,0.5,0.5,0.6,0.0,1.0,0.5,1.0,0.5,1.0,0.5,1.0,0.0
KRQ,0.0,0.0,0.0,0.0,0.0,0.0,0.0,1.0,0.0,0.0,0.0,0.0,1.0,1.0,0.0,0.0
KRR,1.0,0.0,0.0,1.0,0.0,0.0,0.0,0.5,1.0,0.0,0.0,1.0,0.0,0.0,0.8,0.0
KRS,0.0,0.0,0.0,0.0,0.0,0.0,0.0,0.0,0.0,0.0,0.0,0.0,0.0,0.0,0.0,0.0
KRT,0.8666666666666667,0.625,0.8,0.7692307692307693,0.5,0.4583333333333333,0.2413793103448276,0.0,0.9523809523809523,0.6,0.26229508196721313,0.0625,0.7777777777777778,0.38461538461538464,0.26666666666666666,0.16666666666666666
KRV,0.0,0.0,0.0,1.0,0.0,0.0,1.0,0.5,1.0,0.0,0.0,1.0,0.0,0.3333333333333333,1.0,1.0
KSC,0.0,0.0,0.0,0.0,0.0,0.0,0.0,0.0,0.0,0.0,0.0,0.0,0.0,0.0,0.0,0.0
KSD,0.5,0.4,0.14285714285714285,0.0,0.1111111111111111,0.4,0.3333333333333333,0.5,0.2857142857142857,0.5,0.5,0.4,0.3333333333333333,0.0,1.0,0.0
KSE,0.0,1.0,0.0,0.0,1.0,0.6612903225806451,1.0,1.0,1.0,1.0,0.36923076923076925,1.0,0.0,1.0,1.0,0.7380952380952381
KSF,0.0,0.0,0.0,0.0,0.0,0.0,0.0,0.0,0.0,0.0,0.0,0.0,0.0,0.0,0.0,0.0
KSG,0.0,1.0,0.0,1.0,1.0,0.0,1.0,1.0,1.0,1.0,1.0,0.0,0.0,0.0,1.0,1.0
KSI,0.25,0.3333333333333333,0.4,0.5,1.0,0.25,0.25,0.6666666666666666,0.6,1.0,0.5,0.5,1.0,0.0,0.75,1.0
KSK,0.0,0.0,0.0,0.0,0.0,0.0,0.0,0.0,0.0,0.0,0.0,0.0,0.0,0.0,0.0,0.0
KSL,0.0,0.0,0.1111111111111111,0.0,0.2,0.0,0.0,0.375,0.0,0.5555555555555556,0.19047619047619047,0.5813953488372093,0.0,0.5,0.8,0.7692307692307693
KSM,0.0,0.0,0.0,0.0,0.0,0.0,0.0,0.0,0.0,0.0,0.0,0.0,0.0,0.0,0.0,0.0
KSN,0.5,0.5,0.0,0.0,1.0,0.0,0.0,0.0,0.0,1.0,0.0,0.0,0.0,0.0,0.0,0.0
KSP,0.375,0.16666666666666666,0.125,0.5,0.0,0.3333333333333333,0.0,0.5,0.4,0.75,0.0,0.3333333333333333,0.0,0.0,0.3269230769230769,0.4444444444444444
KSQ,0.0,0.9,1.0,1.0,0.8181818181818182,1.0,1.0,0.0,1.0,1.0,0.0,0.7142857142857143,1.0,0.0,0.0,1.0
KSS,0.0,0.0,1.0,0.0,0.0,0.0,1.0,0.0,1.0,0.0,1.0,0.0,0.0,0.0,0.0,0.0
KST,0.0,0.0,0.0,0.0,0.0,0.0,0.0,0.0,0.0,0.0,1.0,0.6,0.0,0.0,1.0,1.0
KSV,0.0,0.0,0.0,0.0,0.0,0.0,0.0,0.0,0.0,0.0,0.0,0.0,0.0,0.0,0.0,0.0
KSY,0.5,0.25,0.5,0.0,0.0,0.0,0.0,1.0,0.0,0.0,0.3333333333333333,1.0,1.0,0.0,0.0,0.3333333333333333
KTA,0.0,0.0,1.0,1.0,0.5,0.5,1.0,1.0,1.0,0.0,1.0,1.0,0.0,0.75,0.6666666666666666,1.0
KTD,0.0,0.8333333333333334,0.0,0.0,0.8333333333333334,0.0,0.0,0.7142857142857143,0.0,0.7142857142857143,0.0,0.0,0.0,1.0,0.7142857142857143,0.8333333333333334
KTE,0.0,1.0,0.0,0.0,1.0,0.0,0.0,0.6857142857142857,0.0,0.9736842105263158,0.06451612903225806,0.5,0.0,0.0,0.631578947368421,0.8769230769230769
KTF,1.0,0.5,0.6,0.0,0.4,1.0,0.0,1.0,0.8333333333333334,0.5,0.6666666666666666,0.0,0.0,0.0,0.0,1.0
KTG,0.0,0.0,0.0,0.0,0.0,0.8135593220338984,0.0,0.8888888888888888,0.0,0.0,0.7719298245614035,0.0,0.0,0.0,0.0,0.0
KTH,1.0,0.0,0.0,1.0,0.0,1.0,0.0,0.6666666666666666,1.0,0.0,0.0,0.0,0.0,1.0,0.0,1.0
KTI,0.5,0.2857142857142857,0.6666666666666666,0.0,0.0,0.3333333333333333,0.42857142857142855,0.25,0.5,0.5,0.3333333333333333,0.3333333333333333,0.0,0.5,0.4,0.0
KTK,1.0,0.0,0.7777777777777778,1.0,0.0,0.0,0.4,0.0,0.75,0.6666666666666666,0.0,0.0,0.0,0.0,1.0,0.0
KTL,0.0,0.0,0.0,0.0,0.0,0.0,0.0,0.0,0.0,0.0,0.0,0.0,0.0,0.0,0.0,0.0
KTM,0.0,0.0,0.0,0.0,0.0,0.0,0.0,0.0,0.0,0.0,0.0,0.0,0.0,0.0,0.0,0.0
KTN,0.0,0.0,1.0,0.0,0.0,0.0,0.0,0.0,0.9230769230769231,0.0,1.0,0.0,0.0,0.0,0.0,0.0
KTP,0.15384615384615385,0.14285714285714285,0.17647058823529413,0.6666666666666666,0.0,0.15789473684210525,0.16666666666666666,0.0,0.06666666666666667,0.18181818181818182,0.0,0.0,0.6666666666666666,0.1111111111111111,0.0,0.0
KTQ,0.0,0.0,0.0,0.0,0.0,0.0,0.0,0.0,0.0,0.0,0.0,0.0,0.0,0.0,0.0,0.0
KTR,1.0,1.0,0.6,0.0,0.8571428571428571,0.8571428571428571,1.0,0.0,0.3333333333333333,1.0,1.0,0.5714285714285714,0.5,0.0,0.0,0.0
KTT,0.0,0.0,0.0,0.0,0.0,1.0,0.0,0.3333333333333333,0.0,0.5,0.0,0.0,0.0,0.5,0.2,1.0
KTV,0.8,0.0,0.6666666666666666,0.0,0.0,0.0,0.0,0.0,1.0,1.0,0.0,0.0,0.0,0.0,0.0,0.0
KTY,0.5,1.0,0.0,1.0,0.0,0.0,0.0,1.0,0.5,0.0,0.0,0.0,1.0,1.0,0.0,1.0
KVA,1.0,1.0,0.0,1.0,0.8,0.0,0.0,0.0,0.0,0.0,0.0,1.0,0.0,1.0,0.0,0.0
KVC,0.0,1.0,0.0,0.0,0.0,0.0,0.5,0.0,0.0,0.0,1.0,0.0,0.0,0.0,0.0,0.0
KVD,0.0,0.5,0.0,0.0,0.0,0.0,0.0,1.0,0.5,0.0,0.0,0.0,0.0,0.0,0.0,0.0
KVE,0.3333333333333333,0.5,1.0,1.0,0.8888888888888888,0.75,1.0,1.0,0.6666666666666666,0.6666666666666666,0.625,0.3333333333333333,0.0,0.75,1.0,0.0
KVF,0.8571428571428571,0.75,0.75,0.0,0.6666666666666666,0.5,1.0,0.5,0.6666666666666666,0.2,1.0,0.6666666666666666,1.0,0.0,0.5,1.0
KVG,0.0,0.6666666666666666,0.0,0.0,1.0,0.0,1.0,0.0,0.0,0.0,0.0,0.0,0.0,0.0,0.0,0.0
KVH,0.0,0.0,0.0,0.0,0.0,0.0,0.0,0.0,0.0,0.0,0.0,1.0,1.0,0.0,0.0,1.0
KVI,0.5833333333333334,0.5,0.5714285714285714,0.0,0.6666666666666666,0.0,0.3333333333333333,0.0,0.42857142857142855,0.0,0.6111111111111112,0.2777777777777778,0.6,0.0,0.375,0.1875
KVK,0.7073170731707317,0.7692307692307693,0.8,1.0,0.0,0.8235294117647058,0.8333333333333334,0.0,0.7027027027027027,0.35294117647058826,0.0847457627118644,0.0,0.75,0.38461538461538464,0.42857142857142855,0.14285714285714285
KVL,0.2,0.3333333333333333,0.42857142857142855,0.8,0.6666666666666666,0.0,0.0,1.0,1.0,0.5,0.625,0.5714285714285714,0.5,0.16666666666666666,0.625,1.0
KVM,0.0,0.0,0.0,0.0,0.0,0.0,0.0,0.0,0.0,0.0,0.0,0.0,0.0,0.0,0.0,0.0
KVN,0.0,0.0,0.0,0.0,0.0,0.0,0.0,0.0,0.0,0.0,0.0,0.0,0.0,0.0,0.0,0.0
KVP,0.0,0.5,0.0,0.0,0.0,1.0,1.0,0.0,0.0,0.0,0.0,0.5,0.0,1.0,0.0,1.0
KVQ,0.0,1.0,0.0,1.0,1.0,0.0,0.0,0.5,1.0,1.0,0.5,0.0,0.6666666666666666,0.0,1.0,1.0
KVR,0.0,0.0,0.8333333333333334,0.2222222222222222,0.18181818181818182,0.7272727272727273,0.0,0.5853658536585366,0.0,0.0,0.897196261682243,0.0,0.25,0.8888888888888888,0.0,0.5217391304347826
KVS,0.3333333333333333,0.6,0.3333333333333333,0.75,0.5,0.5714285714285714,0.5,1.0,0.4,1.0,0.5,0.0,1.0,0.0,1.0,0.0
KVT,1.0,0.6666666666666666,0.4,0.4,0.7142857142857143,0.46153846153846156,0.4,0.3333333333333333,0.5,0.5,0.16666666666666666,0.25,0.0,0.75,0.0,0.0
KVV,0.0,0.0,0.0,0.0,0.0,0.0,0.0,0.0,0.0,0.0,0.0,0.0,0.0,0.0,0.0,0.0
KVY,0.0,0.0,0.0,0.0,0.0,0.0,0.0,0.0,0.0,0.0,1.0,1.0,0.0,0.0,0.05263157894736842,0.0
KWC,0.0,0.0,0.0,0.0,0.5,0.5,0.0,0.0,0.0,1.0,0.0,0.0,0.0,0.0,0.0,0.0
KWI,0.8571428571428571,0.6666666666666666,0.8461538461538461,0.0,1.0,1.0,1.0,0.5,0.5714285714285714,0.6,0.8333333333333334,0.5882352941176471,0.7777777777777778,0.0,0.625,0.35714285714285715
KWK,1.0,0.0,0.6666666666666666,0.0,1.0,0.0,1.0,0.0,0.5,1.0,0.8571428571428571,0.0,0.0,0.0,0.0,0.0
KWR,0.36363636363636365,1.0,0.0,1.0,0.0,0.47540983606557374,0.42857142857142855,0.16666666666666666,0.2727272727272727,1.0,0.5833333333333334,0.0,1.0,1.0,1.0,0.0
KWT,0.0,0.0,0.0,0.0,0.0,0.2857142857142857,0.0,0.0,0.25,0.3333333333333333,0.85,0.0,0.0,0.0,0.0,0.0
KWV,0.0,1.0,1.0,0.0,0.6666666666666666,1.0,1.0,1.0,1.0,0.6666666666666666,0.0,0.5,0.0,1.0,0.5,0.0
KYA,1.0,0.6,0.75,0.5,0.125,0.8048780487804879,0.7352941176470589,0.6666666666666666,0.875,0.06666666666666667,0.8482142857142857,0.0,0.25,0.8518518518518519,0.15789473684210525,0.4528301886792453
KYD,0.0,0.0,0.0,0.0,0.0,0.0,0.0,0.0,0.0,0.0,0.0,0.0,0.0,0.0,0.0,0.0
KYE,0.0,0.0,0.5,0.0,0.0,0.0,0.5,0.0,1.0,0.0,1.0,0.0,0.0,0.0,0.0,0.0
KYG,0.5,0.2,0.45454545454545453,0.25,0.3333333333333333,0.4,0.16666666666666666,0.3333333333333333,0.75,0.16666666666666666,0.2857142857142857,0.3333333333333333,0.1,1.0,0.3333333333333333,0.0
KYH,0.0,0.0,0.0,0.0,0.0,0.0,0.0,0.0,0.0,0.0,0.0,0.0,0.0,0.0,0.0,0.0
KYK,1.0,0.0,0.5,1.0,0.0,0.0,0.2857142857142857,0.0,0.6,0.0,0.5172413793103449,0.5555555555555556,0.0,0.0,0.4,0.8
KYN,0.0,1.0,1.0,1.0,0.0,0.0,0.5,1.0,1.0,0.5,1.0,0.0,1.0,0.0,0.5,0.0
KYP,0.0,1.0,1.0,0.0,0.0,0.0,1.0,0.0,0.0,0.0,0.6666666666666666,1.0,0.6666666666666666,0.0,1.0,1.0
KYT,0.13333333333333333,0.7857142857142857,0.375,0.6,0.8571428571428571,0.19607843137254902,0.3333333333333333,1.0,0.21052631578947367,0.4166666666666667,0.11594202898550725,0.3333333333333333,0.3333333333333333,0.4444444444444444,0.3333333333333333,0.5
KYV,0.0,0.0,0.0,0.0,0.0,0.0,0.0,0.0,0.0,0.0,0.0,0.0,0.0,0.0,0.0,0.0
KYY,0.0,0.4,0.6,0.0,0.5,0.0,0.6,0.0,0.42857142857142855,0.0,0.375,0.0,0.0,0.0,0.0,0.0
LAA,0.0,1.0,0.5,0.0,0.5,1.0,1.0,0.5,0.0,0.3333333333333333,0.0,0.8,1.0,0.4,0.0,1.0
LAC,0.0,1.0,0.0,1.0,0.5,1.0,0.5,0.0,0.0,0.0,0.3,1.0,1.0,0.0,0.6666666666666666,0.0
LAD,0.0,0.0,0.0,0.0,0.0,1.0,0.0,1.0,0.5,0.0,0.0,0.0,0.0,0.6,0.25,0.5
LAE,0.0,0.0,0.0,0.0,0.0,0.0,0.0,0.0,0.0,0.0,0.0,0.0,0.0,0.0,0.0,0.0
LAG,0.0,0.0,0.0,0.5,1.0,0.0,0.0,0.0,0.0,0.0,0.0,0.5,1.0,0.0,0.0,0.0
LAI,0.0,0.0,1.0,0.4,0.0,0.0,0.0,0.0,0.42857142857142855,0.0,0.0,0.0,1.0,0.0,0.0,0.0
LAK,0.0,0.0,1.0,0.0,0.0,0.0,1.0,0.0,1.0,0.0,1.0,1.0,0.0,1.0,0.0,0.0
LAL,0.0,0.3333333333333333,0.0,1.0,0.3333333333333333,0.1111111111111111,0.1,0.0,0.0,0.0,0.0,0.0,1.0,0.0,0.0,0.0
LAN,0.0,0.0,0.0,0.0,0.0,0.0,0.0,0.0,0.0,0.0,0.0,0.0,0.0,0.0,0.0,0.0
LAP,0.0,0.0,0.5,0.0,0.3333333333333333,0.0,0.0,0.0,0.0,0.0,1.0,0.25,0.0,1.0,0.0,0.0
LAQ,0.5454545454545454,0.0,0.8571428571428571,0.5,0.2857142857142857,0.16666666666666666,0.14285714285714285,0.3333333333333333,0.8,0.45454545454545453,0.6666666666666666,0.5,0.42857142857142855,0.0,0.5,0.6666666666666666
LAR,0.0,0.0,0.0,0.0,0.0,0.0,0.0,0.5,0.0,0.0,0.0,0.0,0.0,0.5,0.0,0.0
LAS,0.5,0.5,0.6,0.7777777777777778,0.3333333333333333,0.5714285714285714,0.375,0.625,0.75,0.6923076923076923,0.6923076923076923,0.7857142857142857,1.0,0.6666666666666666,0.9523809523809523,0.8888888888888888
LAT,0.0,1.0,0.14285714285714285,1.0,1.0,1.0,0.3333333333333333,0.6666666666666666,0.16666666666666666,0.5,0.5,0.4,0.0,1.0,0.6,1.0
LAW,0.0,0.0,0.0,0.0,0.0,0.0,0.0,1.0,0.0,1.0,0.0,0.0,0.0,0.0,0.0,1.0
LAY,0.0,0.0,0.0,0.0,0.0,0.5,0.0,0.0,0.0,1.0,0.0,0.0,0.0,0.0,0.0,0.0
LCA,0.0,0.0,0.0,0.0,0.0,0.0,0.0,0.0,0.0,0.0,0.0,0.0,0.0,0.0,0.0,0.0
LCD,0.5,0.0,0.0,0.0,0.0,0.0,0.0,0.0,0.5,0.5,0.5,0.2,0.0,0.0,0.2857142857142857,1.0
LCG,0.0,0.0,0.0,0.0,0.0,0.0,0.0,0.0,0.0,0.0,0.0,0.04,0.0,0.0,0.041666666666666664,0.0
LCI,0.0,0.0,0.3333333333333333,1.0,0.0,0.0,0.75,0.0,0.8,0.5,0.5,0.0,0.0,0.0,0.4,0.5
LCK,0.0,1.0,0.0,0.0,0.0,0.0,0.0,1.0,0.0,0.0,0.0,0.0,0.0,0.0,0.0,0.0
LCL,0.0,0.0,0.0,0.0,0.0,0.0,0.0,0.0,0.0,0.0,0.0,0.0,0.0,0.0,0.0,0.0
LCN,0.0,0.0,0.0,0.0,0.0,0.0,0.0,0.0,0.0,0.0,0.0,0.0,0.0,0.0,0.0,0.0
LCP,0.0,0.0,0.0,0.0,0.0,0.0,0.0,0.0,0.0,0.0,0.0,0.0,0.0,0.0,0.0,0.0
LCR,0.5,0.0,1.0,0.0,1.0,0.0,0.0,0.0,1.0,1.0,0.6666666666666666,0.0,0.0,0.0,0.0,0.0
LCS,0.0,0.0,0.0,0.0,0.0,0.0,0.0,0.0,0.0,0.0,0.0,0.0,0.0,0.0,0.0,0.0
LCT,0.5,0.0,0.0,0.0,0.5,1.0,0.0,0.0,0.0,0.0,1.0,1.0,1.0,0.0,0.0,0.0
LCY,0.0,0.0,0.0,0.0,0.0,0.0,0.0,0.0,0.0,0.0,0.0,0.0,0.0,0.0,0.0,0.0
LDA,0.0,0.0,0.75,0.5,0.0,0.0,0.0,0.0,0.625,0.0,0.0,1.0,1.0,0.0,0.0,1.0
LDD,0.0,0.0,0.0,0.0,0.0,0.0,0.0,0.0,0.0,0.0,0.0,0.0,0.0,0.0,0.0,0.0
LDE,0.0,0.5,0.0,0.0,0.0,0.029411764705882353,1.0,0.0,0.0,0.0,0.023809523809523808,0.0,0.5,0.0,0.0,0.0
LDF,0.0,0.0,0.0,0.0,0.0,0.0,0.0,0.0,0.0,0.0,0.0,0.0,0.0,0.0,0.0,0.0
LDG,1.0,0.0,0.5,0.6666666666666666,0.25,0.3333333333333333,0.4,0.0,0.0,0.5,0.625,0.875,0.8571428571428571,0.75,0.5,1.0
LDI,0.0,0.4166666666666667,0.0,0.0,1.0,0.35714285714285715,0.0,1.0,0.0,0.0,0.0,0.0,0.0,1.0,0.0,0.0
LDK,0.125,0.3333333333333333,0.3333333333333333,1.0,0.25,0.125,0.0,0.0,0.0,0.0,0.0,0.5,1.0,0.5,0.0,0.0
LDL,0.0,0.5,0.0,0.5,0.0,0.0,0.0,0.0,0.0,0.0,0.0,0.0,1.0,0.0,0.0,0.0
LDM,0.0,0.0,0.0,0.0,0.0,0.0,0.0,0.0,0.0,0.0,0.0,0.0,0.0,0.0,0.0,0.0
LDN,0.0,0.0,0.3333333333333333,0.0,0.2,0.0,0.0,0.5,0.0,0.0,0.0,0.0,0.0,0.5,0.0,0.5
LDP,0.0,0.0,0.0,0.0,0.0,0.0,0.0,0.0,0.0,0.0,0.0,0.0,0.0,0.0,0.0,0.0
LDR,0.8888888888888888,1.0,0.7777777777777778,0.0,1.0,0.6,1.0,0.6666666666666666,0.5,0.6666666666666666,0.8823529411764706,0.6666666666666666,0.7,0.0,0.75,0.75
LDS,1.0,0.375,0.0,0.0,0.2857142857142857,0.25,0.6666666666666666,0.6666666666666666,0.14285714285714285,0.5,0.0,1.0,0.0,0.25,0.3333333333333333,0.0
LDT,0.0,0.0,0.3333333333333333,0.5,0.0,0.1,0.0,1.0,0.3,0.0,0.5714285714285714,0.45454545454545453,0.5,0.5,0.1111111111111111,0.375
LDV,0.5,0.5,0.0,0.125,0.0,0.03333333333333333,1.0,0.0,1.0,1.0,0.6612903225806451,1.0,0.5,0.5,0.5,0.6666666666666666
LDW,0.0,0.0,0.0,0.0,0.0,0.0,0.0,0.0,0.0,0.0,0.0,0.0,0.0,0.0,0.0,0.0
LDY,0.0,0.0,0.0,0.0,0.0,0.0,0.0,0.0,0.0,0.0,0.0,0.0,0.0,0.0,1.0,1.0
LEA,0.0,1.0,0.0,0.0,0.5,1.0,0.75,0.0,0.0,1.0,0.0,0.0,0.0,0.2,0.0,0.0
LED,0.0,0.0,0.0,0.0,0.0,0.0,0.0,0.0,0.0,0.0,0.07692307692307693,0.36666666666666664,0.0,0.0,0.17647058823529413,0.5384615384615384
LEE,0.0,0.5,1.0,0.0,0.5,0.0,0.0,0.0,1.0,0.0,0.0,0.0,0.0,0.0,0.0,0.0
LEF,0.16666666666666666,0.3333333333333333,0.25,1.0,0.6,1.0,0.0,0.0,0.0,0.5,0.5,0.14285714285714285,0.3333333333333333,0.0,0.0,0.0
LEG,0.0,0.0,0.0,0.0,0.14285714285714285,0.0,0.0,0.0,0.0,0.0,0.0,0.0,0.0,0.0,0.0,0.0
LEH,0.0,0.0,0.0,0.0,0.0,0.0,0.0,0.0,0.0,0.0,0.0,0.0,0.0,0.0,0.0,0.0
LEI,0.0,0.5,0.8,0.6666666666666666,0.0,0.5555555555555556,0.3333333333333333,0.3333333333333333,0.6363636363636364,0.2857142857142857,0.16129032258064516,1.0,0.75,1.0,0.375,0.4
LEK,0.0,0.0,0.0,0.0,0.0,0.0,0.0,0.3333333333333333,0.0,0.1111111111111111,0.0,0.25,0.0,0.0,0.09375,0.24
LEL,0.0,0.0,0.25,0.4,0.0,0.4536082474226804,0.0,0.7741935483870968,0.26666666666666666,0.0,0.0,0.0,0.4,0.0,0.0,0.7575757575757576
LEM,0.0,0.0,0.0,0.0,0.0,0.0,0.0,0.0,0.0,0.0,0.0,0.0,0.0,0.0,0.0,0.0
LEN,0.0,0.0,0.3333333333333333,0.0,0.0,0.0,0.0,0.0,0.3333333333333333,0.0,0.5,0.0,0.0,0.0,0.0,0.0
LEP,0.0,0.0,0.0,0.0,0.0,0.0,0.0,0.0,0.0,0.0,0.041666666666666664,0.0,0.0,0.0,0.0,0.0
LEQ,0.0,0.0,0.0,0.0,0.0,0.0,0.0,0.0,0.0,0.0,0.0,0.0,0.0,0.0,0.0,0.0
LER,0.6666666666666666,0.0,0.0,0.0,0.0,0.3333333333333333,1.0,0.0,0.5,0.0,0.0,0.0,0.0,0.0,0.0,0.0
LES,1.0,0.16666666666666666,0.25,0.5,0.75,0.42857142857142855,0.25,0.0,0.5,0.75,0.2,0.125,0.0,0.5,0.3333333333333333,0.3333333333333333
LET,0.0,0.0,0.0,0.0,0.0,0.0,0.0,0.0,0.5,0.0,0.0,0.0,0.0,0.0,1.0,0.0
LEV,0.0,0.0,0.0,0.5,0.0,0.0,0.0,0.0,0.5,0.05263157894736842,0.0,0.0,0.0,0.0,0.14285714285714285,0.0
LEW,1.0,0.75,0.25,0.0,0.5,0.0,0.0,0.0,0.1111111111111111,0.0,0.0,0.1111111111111111,0.0,0.0,0.0,0.2
LEY,0.75,0.5,0.4444444444444444,0.0,0.4,1.0,0.2,0.0,0.5,0.6666666666666666,0.125,0.5,0.5,0.0,0.0,0.0
LFA,0.0,0.0,0.0,0.0,0.0,0.0,0.0,0.0,0.0,0.0,0.0,0.0,0.0,0.0,0.0,0.0
LFC,0.0,0.0,1.0,0.0,1.0,0.0,0.0,0.0,0.0,0.0,1.0,0.0,0.0,1.0,0.0,0.0
LFD,1.0,0.0,0.75,0.5,0.5,0.25,0.5,0.5,0.6666666666666666,0.0,1.0,1.0,0.6,1.0,0.0,0.0
LFE,0.0,0.0,0.25,0.0,0.0,0.4,0.0,0.3333333333333333,0.25,0.5,0.6486486486486487,0.6666666666666666,0.0,0.25,0.7027027027027027,0.7777777777777778
LFF,0.0,0.2,1.0,0.0,1.0,0.0,0.0,0.0,0.8888888888888888,0.0,0.5,0.8333333333333334,0.0,0.8333333333333334,0.0,0.0
LFG,0.0,0.0,0.0,0.0,0.0,0.0,0.0,0.0,0.0,0.0,0.0,0.0,0.0,0.0,0.0,0.0
LFI,0.0,0.0,0.0,0.0,0.0,0.0,0.0,0.0,0.0,0.0,0.0,0.0,0.0,0.0,0.0,0.0
LFK,0.0,1.0,0.0,1.0,1.0,0.0,0.5,0.0,0.0,0.0,1.0,0.25,0.0,0.0,0.0,0.0
LFN,0.0,0.0,0.0,0.0,0.0,0.0,0.0,0.0,0.0,0.0,0.0,0.0,0.0,0.0,0.0,0.0
LFP,0.0,0.0,0.0,0.0,0.0,0.0,0.0,0.0,0.0,0.0,0.0,0.0,0.0,0.0,0.0,0.0
LFQ,1.0,1.0,1.0,1.0,1.0,0.5,0.0,0.5,1.0,0.2857142857142857,0.0,0.6666666666666666,1.0,0.0,0.4,0.0
LFR,0.4,0.8,0.7894736842105263,1.0,0.8235294117647058,1.0,0.7692307692307693,0.75,0.9166666666666666,0.8,0.375,0.696969696969697,0.0,1.0,0.5789473684210527,0.7058823529411765
LFS,1.0,1.0,0.0,0.5,0.0,0.0,0.0,0.6666666666666666,1.0,0.0,0.0,0.0,0.5,1.0,0.5,0.0
LFT,0.0,0.0,0.0,0.0,0.0,0.0,0.0,0.0,0.0,0.0,0.0,0.0,0.0,0.0,0.0,0.0
LFV,1.0,0.0,0.0,1.0,0.0,0.0,0.0,1.0,0.0,0.0,0.0,0.0,0.0,0.5,0.0,0.0
LFY,0.0,0.8571428571428571,1.0,0.0,0.2,1.0,0.25,0.0,0.75,1.0,0.0,0.0,0.0,0.0,0.0,0.0
LGA,0.0,0.0,0.0,0.0,0.0,0.0,0.0,0.0,0.0,0.0,0.0,0.0,0.0,0.0,0.0,0.0
LGC,0.0,0.0,0.0,0.0,0.0,0.0,0.0,0.0,0.0,0.0,0.0,0.0,0.0,0.0,0.0,0.0
LGD,0.0,0.0,0.0,0.0,0.0,0.0,0.0,0.0,0.0,0.0,0.0,0.0,0.0,0.0,0.0,0.0
LGE,0.0,0.0,0.0,0.0,0.0,0.0,0.0,0.0,0.0,0.0,0.0,0.0,0.0,0.0,0.0,0.6666666666666666
LGF,0.0,0.0,0.0,0.0,0.0,0.3333333333333333,0.5,0.0,0.0,0.5,0.0,0.0,0.0,0.0,0.0,0.0
LGG,0.0,0.0,0.0,0.0,0.0,0.0,1.0,0.0,0.0,0.0,0.0,0.6666666666666666,0.0,1.0,0.4,0.0
LGI,0.25,0.8064516129032258,0.1,0.0,0.8888888888888888,0.8404255319148937,0.125,0.6666666666666666,0.1875,1.0,0.8071428571428572,0.0625,0.5,0.16666666666666666,0.8653846153846154,0.7
LGK,0.0,0.0,0.6666666666666666,1.0,1.0,0.125,0.09090909090909091,0.16666666666666666,0.75,0.6756756756756757,0.1,0.1111111111111111,0.0,0.08333333333333333,0.7352941176470589,0.6896551724137931
LGL,0.0,0.6666666666666666,0.0,0.5,0.16666666666666666,0.3333333333333333,0.2857142857142857,0.0,0.0,0.0,1.0,0.0,0.5,0.0,0.0,0.0
LGN,0.0,0.0,0.3333333333333333,0.0,0.0,0.0,0.0,0.0,0.0,0.0,0.0,0.0,1.0,0.0,0.0,1.0
LGP,0.0,0.0,0.0,0.0,0.0,0.0,0.0,0.0,0.0,0.0,0.0,0.0,0.0,0.0,0.0,0.0
LGQ,0.0,0.0,0.0,0.0,0.0,0.0,0.0,0.0,0.0,0.0,0.0,0.0,0.0,0.0,0.0,0.0
LGR,0.3333333333333333,0.3333333333333333,0.0,0.0,0.0,1.0,0.0,1.0,0.5,0.0,0.5,0.0,0.0,0.0,0.0,1.0
LGS,0.6666666666666666,0.0,0.0,0.0,0.0,0.0,0.0,0.0,0.0,0.0,0.0,0.0,0.0,0.0,0.0,0.0
LGT,1.0,0.5,0.14285714285714285,0.3333333333333333,0.3333333333333333,0.0,0.5,0.0,0.3333333333333333,0.0,0.0,0.0,0.0,0.0,0.2,1.0
LGV,0.5,0.0,1.0,0.8571428571428571,0.5,0.0,0.25,1.0,0.6,0.8333333333333334,0.6666666666666666,0.0,1.0,0.5,0.8333333333333334,0.6666666666666666
LGY,0.0,0.0,0.0,0.0,0.0,0.0,0.0,0.0,0.0,0.0,0.0,0.0,0.0,0.0,0.0,0.0
LHA,0.3333333333333333,0.2,0.375,0.25,0.5,0.07692307692307693,0.0,0.0,0.5,0.625,0.0,0.1,0.3333333333333333,0.0,1.0,0.0
LHE,0.0,0.0,0.0,0.0,0.0,0.0,0.0,0.0,0.0,0.0,0.0,0.0,0.0,0.0,0.0,0.0
LHH,0.0,0.5,0.0,0.0,0.0,0.0,1.0,0.0,0.0,0.0,0.0,0.0,0.0,0.0,0.0,0.0
LHI,0.0,0.0,0.0,0.0,1.0,1.0,0.0,0.0,0.0,0.0,0.0,0.0,0.0,0.0,0.0,0.0
LHK,0.0,0.0,0.0,0.0,0.0,0.0,0.0,0.0,0.0,0.0,0.0,0.0,0.0,0.0,0.0,0.0
LHL,0.3333333333333333,0.25,0.2,0.0,0.0,0.0,0.0,0.0,0.23076923076923078,0.0,0.3333333333333333,0.0,0.0,0.0,0.2222222222222222,0.0
LHN,0.6666666666666666,1.0,0.7777777777777778,0.0,0.6666666666666666,1.0,0.0,1.0,0.625,0.75,0.0,0.0,0.0,0.5,0.0,0.0
LHP,0.0,0.0,0.0,0.0,0.0,0.0,0.0,0.0,1.0,0.5,0.6447368421052632,0.0,0.0,0.0,0.0,0.0
LHQ,0.0,0.0,0.0,1.0,1.0,0.0,0.0,0.0,0.0,0.0,0.0,0.3333333333333333,1.0,0.0,0.0,0.0
LHR,0.0,0.0,0.0,0.0,0.0,1.0,1.0,1.0,0.0,0.0,0.0,0.0,0.0,0.5,0.0,0.0
LHS,0.0,0.0,0.0,0.0,0.0,0.0,1.0,0.0,0.0,1.0,1.0,1.0,0.0,1.0,1.0,1.0
LHT,0.0,0.0,0.0,0.0,0.0,0.0,0.0,0.0,0.0,0.0,0.0,0.0,0.0,0.0,0.0,0.0
LHV,1.0,1.0,0.0,0.0,0.0,0.0,1.0,1.0,0.5,1.0,1.0,1.0,0.0,0.0,0.75,1.0
LHY,0.0,0.5,0.0,1.0,0.5,0.0,1.0,0.0,0.0,0.0,0.6666666666666666,0.5,1.0,0.0,0.0,0.0
LIA,0.0,0.07692307692307693,0.07692307692307693,0.0,0.5,0.0,0.0,0.7741935483870968,0.0,0.8928571428571429,0.015873015873015872,0.75,0.0,0.1111111111111111,0.8275862068965517,0.08333333333333333
LIC,0.0,0.0,0.0,0.0,0.0,0.0,0.0,0.0,0.0,0.0,0.0,0.0,0.0,0.0,0.0,0.0
LID,0.0,0.6666666666666666,0.3333333333333333,0.0,0.3333333333333333,0.0,0.2,0.0,1.0,0.0,0.0,0.25,1.0,1.0,0.0,1.0
LIE,1.0,1.0,0.0,0.0,0.0,0.7142857142857143,0.16666666666666666,0.4,0.3333333333333333,0.4,0.6666666666666666,0.4,1.0,0.5,0.6666666666666666,0.0
LII,0.0,0.0,0.0,0.0,0.0,0.0,0.0,0.0,0.0,0.0,0.0,0.0,0.0,0.0,0.0,0.0
LIK,0.0,0.0,0.0,0.0,0.0,0.0,0.0,0.0,0.0,0.0,0.0,0.0,0.0,0.2,0.0,0.12
LIL,0.0,0.0,0.0,0.0,0.0,0.0,0.5,0.0,0.0,0.0,0.0,0.3333333333333333,1.0,0.0,0.0,0.6666666666666666
LIM,0.0,0.0,0.0,0.0,0.0,0.0,0.0,0.0,0.0,0.0,0.0,0.0,0.0,0.0,0.0,0.0
LIN,0.0,1.0,0.5,0.0,0.6666666666666666,0.0,0.0,0.0,0.0,0.0,0.0,0.0,1.0,0.0,0.0,0.0
LIP,0.0,0.0,0.0,0.0,0.0,0.0,0.0,0.0,0.0,0.0,0.0,0.0,0.0,0.0,0.0,0.0
LIQ,0.0,0.0,0.5,1.0,0.0,0.0,0.0,0.0,0.0,0.0,0.6666666666666666,1.0,1.0,0.0,0.6666666666666666,0.875
LIR,0.0,0.0,0.0,1.0,0.0,0.0,0.5,0.0,0.5,0.3333333333333333,0.0,0.0,0.0,0.0,0.4,0.5
LIS,0.0,0.0,0.0,0.0,0.0,0.0,0.0,0.0,0.0,0.0,0.0,0.0,0.0,0.0,0.0,0.0
LIV,0.0,0.0,0.0,0.0,0.0,0.0,0.0,0.0,0.0,0.0,0.0,0.0,0.0,0.0,0.0,0.0
LIY,1.0,0.7,0.5714285714285714,0.0,0.42857142857142855,0.4,0.9230769230769231,0.0,0.8333333333333334,0.7222222222222222,1.0,0.5,1.0,0.0,0.6923076923076923,1.0
LKA,0.0,0.0,0.0,0.0,0.0,0.0,0.0,0.0,0.0,0.0,0.0,0.0,0.0,0.0,0.0,0.0
LKC,0.0,0.0,0.0,0.0,0.0,0.0,0.0,0.0,0.0,0.0,0.0,0.0,0.0,0.0,0.0,0.0
LKD,0.0,0.0,0.0,0.0,0.0,0.0,0.0,0.0,0.0,0.0,0.0,0.0,0.0,0.0,0.0,0.0
LKE,0.0,0.0,0.08333333333333333,0.3333333333333333,0.0,0.037037037037037035,0.25,0.125,0.13333333333333333,0.0,0.6952380952380952,0.05555555555555555,0.0,0.2,0.03125,0.06666666666666667
LKF,0.0,0.3333333333333333,0.0,1.0,0.1111111111111111,0.25,0.4,1.0,0.0,1.0,0.0,0.125,1.0,0.0,0.5,1.0
LKG,0.0,0.0,0.5,0.5,1.0,0.0,0.6666666666666666,0.5,0.5,0.5,0.5,0.25,0.0,0.0,0.8333333333333334,0.8
LKI,0.6666666666666666,0.3333333333333333,0.0,0.0,0.0,0.0,0.0,0.0,0.5,0.3333333333333333,0.75,0.3333333333333333,0.0,0.0,1.0,1.0
LKK,0.7083333333333334,0.5833333333333334,0.3333333333333333,0.3333333333333333,0.7272727272727273,0.20833333333333334,0.2857142857142857,0.46153846153846156,0.5555555555555556,0.47619047619047616,0.1956521739130435,0.42857142857142855,0.52,0.45454545454545453,0.3611111111111111,0.5294117647058824
LKL,0.0,0.0,0.0,0.0,0.0,0.0,0.0,0.0,0.0,0.0,0.4,0.0,0.0,0.0,0.0,0.0
LKM,0.625,1.0,0.0,1.0,0.8571428571428571,0.8333333333333334,0.45454545454545453,0.7777777777777778,0.4,0.5555555555555556,0.6666666666666666,0.75,0.75,0.8333333333333334,0.8333333333333334,1.0
LKN,0.0,0.0,1.0,0.0,0.0,0.0,0.0,0.0,1.0,0.0,1.0,0.0,0.0,0.0,0.0,0.0
LKP,0.2727272727272727,0.5416666666666666,0.6666666666666666,0.25,0.2857142857142857,0.43333333333333335,0.15625,0.0,0.5555555555555556,0.2631578947368421,0.037037037037037035,0.0625,0.2,0.3,0.0,0.0
LKQ,0.0,0.6666666666666666,0.3333333333333333,0.0,0.3333333333333333,0.5454545454545454,0.0,0.6,1.0,0.25,0.4444444444444444,0.6666666666666666,0.0,0.5,1.0,0.0
LKR,0.0,0.0,0.5,0.75,0.25,0.0,0.0,0.0,0.375,0.0,0.16666666666666666,0.5,0.6666666666666666,0.16666666666666666,1.0,0.0
LKS,0.0,0.0,0.3333333333333333,0.0,1.0,0.0,0.0,0.375,0.0,0.0,0.5,0.0,0.0,0.6666666666666666,0.0,0.6666666666666666
LKT,0.4,0.1,0.5294117647058824,1.0,0.0,0.8290598290598291,0.1724137931034483,0.5,0.3,0.25,0.7333333333333333,0.0,0.4,0.15384615384615385,0.0,0.0625
LKV,0.0,0.0,0.0,0.0,0.0,1.0,1.0,0.0,0.0,0.0,0.0,1.0,0.0,1.0,0.0,1.0
LKW,0.0,0.0,1.0,0.0,1.0,1.0,1.0,0.0,0.6666666666666666,0.8571428571428571,0.0,0.0,0.0,0.0,0.0,0.0
LKY,0.3333333333333333,0.75,0.7777777777777778,0.25,0.8333333333333334,0.16666666666666666,0.4,0.6666666666666666,0.5555555555555556,0.5555555555555556,0.3333333333333333,0.4444444444444444,0.14285714285714285,0.6666666666666666,0.46153846153846156,0.0
LLA,0.0,1.0,0.8,1.0,0.0,0.875,0.6666666666666666,1.0,0.8333333333333334,1.0,0.7272727272727273,1.0,0.6666666666666666,0.6666666666666666,0.9375,0.8571428571428571
LLC,0.14285714285714285,0.0,0.125,0.0,0.0,0.0,0.0,1.0,0.5,0.6,0.27586206896551724,0.21428571428571427,0.0,0.0,0.36585365853658536,0.5555555555555556
LLD,0.0,0.3333333333333333,0.6666666666666666,0.6,0.0,0.25,0.3333333333333333,0.25,0.5454545454545454,0.2857142857142857,0.2,0.3333333333333333,0.8333333333333334,0.2222222222222222,0.4,0.8333333333333334
LLE,0.2857142857142857,0.0,0.0,0.3333333333333333,0.0,0.0,0.0,0.0,0.2222222222222222,0.0,0.0,0.1111111111111111,0.0,0.0,0.07142857142857142,0.16666666666666666
LLF,0.0,0.2,0.9473684210526315,0.2,0.6666666666666666,0.3333333333333333,0.0,0.0,0.8,0.625,0.25,0.625,0.0,1.0,1.0,0.75
LLG,0.0,0.0,0.0,0.0,0.0,1.0,0.5,0.5,0.0,0.0,0.0,0.3333333333333333,0.0,0.5,0.0,0.0
LLH,0.0,0.0,0.0,1.0,1.0,0.0,0.0,0.0,0.0,0.0,0.0,1.0,0.5,0.0,0.0,0.0
LLI,1.0,0.7777777777777778,0.5,0.0,0.2,0.0,0.0,0.0,0.25,0.0,0.0,0.0,0.6666666666666666,0.0,0.0,0.0
LLK,0.0,0.0,0.08333333333333333,0.3333333333333333,0.0,0.0,0.0,0.0,0.1,0.0,0.0,0.0,0.8571428571428571,0.1,0.0,0.8333333333333334
LLL,0.0,0.0,0.7619047619047619,0.2,0.5882352941176471,0.0,0.0,0.2857142857142857,0.4,0.0,0.0,0.5,0.0,0.7777777777777778,0.3333333333333333,0.2
LLM,0.0,0.8333333333333334,1.0,0.0,0.7692307692307693,0.7,0.7692307692307693,1.0,1.0,0.5833333333333334,0.5,0.8,0.0,0.875,0.6666666666666666,0.0
LLN,0.0,0.0,0.5,1.0,0.0,0.0,0.5,0.5,0.6666666666666666,0.0,0.0,0.5,1.0,0.5,0.0,0.6666666666666666
LLP,1.0,0.3333333333333333,0.8333333333333334,1.0,1.0,0.5,0.5,0.16666666666666666,0.75,0.3333333333333333,0.5,1.0,0.5714285714285714,0.0,0.8,1.0
LLQ,0.46153846153846156,1.0,0.5454545454545454,0.0,0.5,0.0,0.0,1.0,0.5833333333333334,0.0,0.42857142857142855,0.2777777777777778,0.6666666666666666,0.0,0.625,0.0
LLR,0.8064516129032258,0.5384615384615384,0.9,0.4117647058823529,0.18181818181818182,0.5217391304347826,0.8431372549019608,0.7058823529411765,0.7333333333333333,0.07142857142857142,0.7123287671232876,0.5,0.25,0.7272727272727273,0.19444444444444445,0.5081967213114754
LLS,0.0,0.6666666666666666,0.14285714285714285,0.0,0.0,0.0,0.0,0.0,0.16666666666666666,0.5,0.5,0.5,0.3333333333333333,0.0,0.75,0.8
LLT,0.0,0.0,0.0,0.0,0.0,0.0,0.0,0.0,0.0,0.0,0.0,0.0,0.0,0.0,0.0,0.0
LLV,0.14285714285714285,0.3333333333333333,0.0,0.5,0.0,0.0,0.0,0.75,0.6666666666666666,0.6,0.02857142857142857,0.5172413793103449,0.0,0.0,0.4146341463414634,0.75
LLY,0.0,0.0,0.75,0.0,0.0,0.0,0.0,0.0,0.0,0.0,0.0,0.3157894736842105,0.5,0.0,0.0,0.3
LMA,0.0,0.0,0.0,0.0,0.0,0.3333333333333333,0.0,1.0,1.0,0.4,1.0,0.0,0.0,0.6666666666666666,0.6666666666666666,0.0
LMD,0.0,0.0,0.0,0.0,0.0,0.0,0.0,0.0,0.0,0.0,0.0,0.0,0.0,0.0,0.0,0.0
LME,0.0,0.0,0.0,0.0,0.0,0.0,0.0,0.0,0.0,0.0,0.0,0.0,0.0,0.0,0.0,0.0
LMF,0.0,0.8333333333333334,1.0,0.0,1.0,1.0,1.0,0.0,1.0,0.8333333333333334,0.0,0.9090909090909091,0.0,1.0,0.0,0.0
LMG,0.0,0.0,0.0,1.0,0.0,0.0,0.0,0.0,0.5,0.0,0.0,0.0,0.0,0.0,0.5,0.0
LMI,0.0,0.0,0.0,0.0,0.0,0.0,0.0,0.0,0.0,0.0,0.0,0.0,0.0,0.0,0.0,0.0
LMK,0.6666666666666666,0.3333333333333333,0.0,0.0,0.6666666666666666,0.0,0.0,0.0,0.0,0.0,0.0,0.16666666666666666,0.0,0.0,0.125,0.2727272727272727
LMM,0.0,0.0,0.0,0.0,0.0,0.0,0.0,0.0,0.0,0.0,0.0,0.0,0.0,0.0,0.0,0.0
LMN,0.0,0.5,0.0,0.0,0.0,0.0,1.0,0.0,0.0,0.0,0.0,0.0,1.0,0.0,0.0,0.0
LMP,0.0,0.0,0.0,0.0,0.0,0.0,0.0,0.0,0.0,0.0,0.0,0.0,0.0,0.0,0.0,0.0
LMR,0.0,1.0,1.0,0.3333333333333333,1.0,1.0,1.0,0.0,0.9230769230769231,0.6666666666666666,0.5,1.0,1.0,1.0,0.3333333333333333,1.0
LMS,0.0,0.0,0.0,0.0,0.0,0.0,0.0,0.0,0.0,0.0,0.0,0.0,0.0,0.0,0.0,0.0
LMT,0.0,0.0,0.0,0.0,0.0,0.0,0.0,0.0,0.0,0.0,0.0,0.0,0.0,0.0,0.0,0.0
LMY,1.0,0.0,0.0,0.0,0.0,0.0,0.0,0.0,0.0,0.0,0.0,0.0,0.0,0.0,0.0,0.0
LND,0.0,0.0,1.0,0.0,0.5,0.0,0.0,0.0,0.0,0.0,1.0,1.0,0.0,1.0,0.0,0.0
LNE,0.5333333333333333,0.875,0.15384615384615385,1.0,1.0,0.4666666666666667,0.4,0.42857142857142855,0.5454545454545454,0.35294117647058826,0.35294117647058826,0.6666666666666666,0.75,0.3,0.6666666666666666,0.875
LNF,1.0,0.0,0.5,0.0,1.0,0.0,0.0,0.0,0.0,0.0,0.0,0.0,0.0,0.0,0.0,0.0
LNG,0.0,0.0,0.3333333333333333,0.0,0.0,0.0,0.0,0.0,0.0,0.5,0.5,1.0,0.0,0.0,0.5,0.0
LNH,0.0,0.0,0.0,0.0,0.0,0.0,1.0,0.0,0.0,0.0,0.0,0.6666666666666666,0.0,0.0,1.0,0.0
LNI,0.0,0.0,0.0,0.0,0.0,0.0,0.0,0.0,0.0,0.0,0.0,0.0,0.0,0.0,0.0,0.0
LNK,0.8,0.8125,0.7894736842105263,1.0,0.0,0.5765765765765766,0.10344827586206896,0.0,0.4,0.5454545454545454,0.515625,0.0,0.875,0.36363636363636365,0.2,0.15789473684210525
LNL,0.3333333333333333,0.4,0.0,0.0,0.75,0.7142857142857143,0.25,0.0,0.0,0.5,0.4,0.16666666666666666,0.2,0.0,0.0,0.0
LNM,0.5,1.0,1.0,1.0,0.7272727272727273,1.0,1.0,1.0,1.0,1.0,0.7777777777777778,0.5,0.0,1.0,1.0,0.0
LNN,1.0,0.5,0.6666666666666666,0.8333333333333334,1.0,0.6666666666666666,0.5,0.25,0.875,0.6,0.5,0.5,0.6,0.0,0.7142857142857143,1.0
LNP,0.0,0.0,0.0,0.0,0.0,0.0,0.0,0.0,0.0,0.0,0.0,0.0,0.0,0.0,0.0,0.0
LNQ,0.0,0.0,0.5,0.0,0.0,0.0,1.0,0.0,1.0,1.0,0.8333333333333334,0.8,0.0,0.0,1.0,1.0
LNR,0.0,1.0,1.0,0.0,1.0,1.0,0.5,1.0,0.0,1.0,0.0,0.5,0.0,1.0,0.0,0.0
LNT,0.0,1.0,0.0,0.0,0.3333333333333333,0.0,0.0,0.0,0.3333333333333333,0.0,0.0,0.0,0.0,0.0,0.0,0.0
LNV,0.0,0.0,1.0,0.3333333333333333,0.0,0.0,1.0,0.0,1.0,0.0,1.0,0.0,0.0,0.5,1.0,0.0
LNW,0.5,0.0,1.0,0.0,0.0,0.916030534351145,0.0,0.9795918367346939,1.0,0.6666666666666666,0.9328859060402684,0.08333333333333333,0.0,0.0,0.0,0.9594594594594594
LPA,0.0,0.0,0.0,1.0,0.0,0.0,0.0,0.5,0.0,0.0,0.0,0.0,0.0,1.0,0.0,0.0
LPC,0.0,0.0,0.0,0.0,0.0,0.0,0.0,0.0,0.0,0.0,0.0,0.0,0.0,0.0,0.0,0.0
LPD,0.6666666666666666,0.2857142857142857,0.5,0.0,0.3333333333333333,0.0,0.0,0.0,0.4,0.0,0.4,0.38461538461538464,0.6666666666666666,0.0,0.2727272727272727,0.0
LPE,0.3333333333333333,0.0,0.0,0.75,0.0,0.0,0.0,0.18181818181818182,0.05263157894736842,0.0,0.9797979797979798,0.0,0.2222222222222222,0.14285714285714285,0.125,0.1
LPF,0.0,0.0,0.0,0.0,0.0,0.0,0.0,0.0,0.0,0.0,0.0,0.0,0.0,0.0,0.0,0.0
LPG,0.5,0.0,1.0,0.0,0.0,0.0,0.0,0.0,0.0,0.0,0.5,1.0,1.0,0.0,0.0,0.0
LPH,0.0,0.0,0.0,0.0,0.0,0.0,0.0,0.0,0.0,0.0,0.0,0.0,0.0,0.0,0.0,0.0
LPI,0.11764705882352941,0.7105263157894737,0.11764705882352941,0.0,0.125,0.2891566265060241,0.631578947368421,0.5365853658536586,0.6590909090909091,0.5945945945945946,0.04477611940298507,0.29411764705882354,0.0,0.0,0.36363636363636365,0.2894736842105263
LPK,0.0,0.0,0.0,0.0,0.0,0.0,0.0,0.0,0.0,0.0,0.0,0.0,0.0,0.0,0.0,0.0
LPL,0.5,0.2,1.0,0.8333333333333334,0.5,0.2,0.16666666666666666,0.3333333333333333,1.0,0.6,0.42857142857142855,0.4444444444444444,0.5,0.0,0.5,0.8
LPM,0.0,0.0,0.0,1.0,0.0,0.6,1.0,0.0,0.0,1.0,0.14285714285714285,0.0,0.0,1.0,0.0,0.0
LPP,0.0,0.0,0.0,0.0,0.0,0.0,0.0,0.0,0.0,0.0,0.0,0.0,0.0,0.0,0.0,0.0
LPQ,0.0,1.0,0.0,0.7142857142857143,0.0,0.44871794871794873,0.0,0.0,0.2857142857142857,0.6,0.5892857142857143,0.0,1.0,0.8,0.6,0.6666666666666666
LPR,0.0,0.0,0.0,0.0,0.0,1.0,0.0,1.0,0.0,0.0,0.0,0.0,0.0,0.3333333333333333,0.0,0.0
LPS,0.0,0.0,0.0,0.0,0.0,0.0,0.0,0.6666666666666666,0.0,0.0,0.0,0.0,0.0,0.75,0.0,1.0
LPV,1.0,0.25,0.0,0.6666666666666666,0.5714285714285714,0.0,0.0,0.0,0.0,0.0,0.0,1.0,0.0,0.5,0.0,0.0
LPW,0.0,0.0,0.0,0.0,0.0,0.0,0.0,0.0,0.0,0.0,0.0,0.0,0.0,0.0,0.0,0.0
LPY,0.0,1.0,1.0,1.0,1.0,0.0,0.0,0.0,1.0,1.0,0.0,0.0,1.0,0.0,0.3333333333333333,0.0
LQA,0.3076923076923077,0.8787878787878788,0.1111111111111111,0.0,0.9629629629629629,0.15384615384615385,0.0,0.8064516129032258,0.29411764705882354,1.0,0.20689655172413793,0.20833333333333334,0.2,0.0,0.8787878787878788,0.7377049180327869
LQD,0.0,0.0,0.0,0.0,0.0,0.0,0.0,0.0,0.0,0.0,0.0,0.0,0.0,0.0,0.0,0.0
LQE,0.4,0.0,0.6666666666666666,0.0,0.0,0.0,0.0,0.0,0.6666666666666666,0.0,0.5,0.25,0.0,0.0,0.5,0.6666666666666666
LQF,0.0,0.0,0.0,0.0,0.0,0.0,0.0,0.0,0.0,0.0,0.0,0.0,0.0,0.0,0.0,0.0
LQG,0.0,0.0,0.0,0.0,0.0,0.0,0.0,0.0,0.0,0.0,0.0,0.0,0.0,0.0,0.0,0.0
LQI,0.0,0.16666666666666666,0.7857142857142857,0.0,0.9090909090909091,0.0,0.0,0.0,0.2,0.0,0.0,0.625,0.0,1.0,0.0,0.0
LQK,0.0,0.3333333333333333,0.5,0.0,0.0,0.0,0.2,1.0,0.3333333333333333,0.3333333333333333,0.5714285714285714,0.8333333333333334,1.0,0.0,0.75,0.8571428571428571
LQL,0.0,0.0,0.0,1.0,0.0,0.0,0.6666666666666666,0.0,0.6666666666666666,0.0,0.6666666666666666,1.0,0.0,0.0,1.0,1.0
LQM,0.0,0.0,0.5,0.0,0.0,0.0,0.1,0.0,0.0,0.0,0.0,0.0,0.0,0.0,0.0,0.0
LQN,0.0,0.0,0.0,0.0,0.0,0.0,0.0,0.0,0.0,0.0,0.25,0.6,0.5,0.0,0.5,0.5
LQP,0.0,0.0,0.0,0.0,0.0,0.0,0.0,0.0,0.0,0.0,0.0,0.0,0.0,0.0,0.0,0.0
LQR,0.0,0.0,0.0,0.0,0.0,0.0,0.0,0.0,0.0,0.0,0.0,0.0,0.0,0.0,0.0,0.0
LQS,1.0,0.9,0.0,1.0,0.6,1.0,0.6666666666666666,0.0,0.0,0.0,0.0,0.5714285714285714,0.8571428571428571,0.0,0.0,1.0
LQT,0.0,0.0,0.0,1.0,0.0,1.0,1.0,0.5,1.0,0.0,1.0,0.0,1.0,1.0,0.0,1.0
LQV,0.0,0.0,0.3333333333333333,0.0,0.0,0.0,0.0,0.0,0.0,0.5,0.16666666666666666,0.6666666666666666,1.0,0.0,0.23076923076923078,0.8181818181818182
LQW,0.0,0.0,0.0,0.0,0.0,0.0,1.0,0.0,0.0,1.0,1.0,0.75,0.0,0.0,0.6,0.5
LQY,0.0,0.0,0.0,0.0,0.0,0.0,0.0,0.0,0.0,0.0,0.0,0.0,0.0,0.0,0.0,0.0
LRA,0.18181818181818182,0.23076923076923078,0.2,0.4,0.1875,0.25,0.6,0.6,0.3333333333333333,0.2857142857142857,0.0,0.6363636363636364,0.5333333333333333,0.3333333333333333,0.3333333333333333,0.5454545454545454
LRD,0.0,1.0,0.5,1.0,1.0,1.0,1.0,1.0,0.75,0.6666666666666666,1.0,0.0,0.0,0.8,1.0,1.0
LRE,0.0,0.0,0.0,0.0,0.0,0.0,0.0,0.0,0.0,0.0,0.0,0.0,0.0,0.0,0.0,0.0
LRF,0.0,0.0,0.0,1.0,0.3333333333333333,0.3333333333333333,0.0,0.0,0.0,0.0,0.0,0.0,0.0,0.0,1.0,1.0
LRG,0.8928571428571429,0.4444444444444444,0.9310344827586207,0.2,0.4,0.65,0.9411764705882353,0.7272727272727273,0.5263157894736842,0.06060606060606061,0.9238095238095239,0.16666666666666666,0.3333333333333333,0.7931034482758621,0.045454545454545456,0.5652173913043478
LRH,0.0,0.0,1.0,0.0,1.0,0.0,0.0,0.0,0.0,1.0,0.0,0.0,0.0,0.0,0.0,0.0
LRI,0.0,0.0,0.5,0.3333333333333333,0.0,0.0,0.0,0.0,0.2,0.5,0.3333333333333333,0.0,0.0,0.0,0.3333333333333333,0.0
LRK,0.7777777777777778,0.4,0.5,1.0,0.0,0.6666666666666666,0.6,0.8,0.6,0.0,0.7272727272727273,0.4444444444444444,0.8571428571428571,1.0,0.75,1.0
LRL,0.0,0.1111111111111111,0.42857142857142855,0.5,0.13333333333333333,0.0,0.21428571428571427,0.0,0.42857142857142855,0.5,0.0,0.0,0.6666666666666666,0.0,0.125,0.0
LRM,0.0,0.0,0.0,1.0,0.0,0.0,0.0,0.0,0.0,0.0,0.0,0.0,0.0,0.0,0.0,1.0
LRN,0.0,1.0,0.0,1.0,1.0,0.0,0.0,1.0,1.0,0.0,0.0,0.0,0.0,1.0,0.3333333333333333,1.0
LRP,0.0,0.0,0.3333333333333333,0.0,0.5,0.0,0.0,0.0,0.0,0.0,0.15,0.6486486486486487,0.0,0.3333333333333333,0.2857142857142857,0.75
LRQ,0.7777777777777778,0.2777777777777778,0.7777777777777778,0.75,0.5,0.05128205128205128,0.38461538461538464,1.0,0.4,0.3,0.13333333333333333,0.46153846153846156,0.7333333333333333,0.5,0.35294117647058826,0.7
LRR,0.0,0.0,0.25,0.0,0.4,0.0,0.0,0.0,0.0,0.3333333333333333,0.3333333333333333,0.25,0.0,0.0,0.2222222222222222,0.42857142857142855
LRS,0.0,0.8461538461538461,0.5454545454545454,0.5,0.65,0.8,0.5625,0.5,0.75,0.6363636363636364,0.09090909090909091,0.3076923076923077,0.6666666666666666,0.1111111111111111,0.0,0.6666666666666666
LRT,0.0,0.0,1.0,0.0,0.0,0.0,1.0,0.0,0.0,0.0,0.0,0.0,0.0,0.0,0.0,0.0
LRV,0.6,0.0,1.0,1.0,0.5,1.0,0.0,0.4,1.0,0.0,0.6666666666666666,0.0,0.4,0.42857142857142855,0.6666666666666666,0.0
LRW,0.0,0.6875,1.0,0.625,0.3333333333333333,0.18181818181818182,1.0,0.0,1.0,1.0,0.0,0.7142857142857143,0.5,0.0,0.0,0.8333333333333334
LSA,0.0,0.0,0.0,0.0,0.0,0.0,0.0,0.0,0.0,0.0,0.0,0.0,0.0,0.0,0.0,0.0
LSC,0.0,0.0,0.3333333333333333,0.0,0.0,0.0,0.0,0.0,0.0,0.0,0.0,0.18181818181818182,0.0,0.0,0.16666666666666666,1.0
LSE,0.0,0.0,0.0,0.0,0.0,0.0,0.0,0.0,0.0,0.6666666666666666,0.0,0.0,0.0,0.0,0.5,0.0
LSF,0.0,0.25,0.16666666666666666,1.0,0.0,0.0,0.0,0.0,0.25,0.3333333333333333,0.2,0.5714285714285714,1.0,0.0,1.0,1.0
LSG,0.0,0.0,0.0,0.0,0.0,0.0,0.0,0.5,0.0,0.5,1.0,0.0,0.0,0.0,1.0,1.0
LSH,0.0,1.0,0.2,0.0,1.0,0.0,0.0,0.0,0.0,0.3333333333333333,0.0,0.0,0.0,0.0,0.0,0.0
LSI,0.0,0.0,0.0,0.0,0.0,0.0,0.0,0.0,0.0,0.0,0.0,0.0,0.0,0.0,0.0,0.0
LSK,0.0,0.0,1.0,0.0,0.0,0.6867469879518072,0.0,0.75,0.0,0.0,0.875,0.0,0.0,1.0,0.0,0.5
LSL,0.0,0.3333333333333333,0.6666666666666666,0.0,0.0,0.0,0.5,0.0,0.3333333333333333,0.5,0.7142857142857143,0.75,1.0,0.0,0.5,1.0
LSN,1.0,0.0,0.0,0.0,0.0,0.0,1.0,0.0,1.0,0.0,1.0,0.0,0.0,0.0,0.0,0.0
LSP,0.0,1.0,0.0,0.8,1.0,1.0,0.4,0.0,0.5,0.0,0.4,0.0,0.0,0.6666666666666666,0.25,0.5
LSQ,0.0,0.5,0.0,0.0,0.0,0.0,1.0,0.0,0.0,0.0,0.6,1.0,0.0,0.0,0.5,0.0
LSR,0.0,0.0,0.0,0.0,0.0,0.0,0.0,1.0,0.0,0.0,0.125,0.3333333333333333,0.0,0.0,0.5,0.5
LSS,0.0,0.6666666666666666,0.0,0.0,0.0,0.2857142857142857,0.0,0.2857142857142857,0.0,0.6666666666666666,0.0,0.4,0.5,0.0,0.0,0.6666666666666666
LST,0.0,0.0,0.0,0.0,0.0,0.0,0.0,0.0,0.0,0.0,0.0,0.0,0.0,0.0,0.0,0.0
LSV,1.0,0.0,0.0,0.0,0.0,0.0,1.0,0.0,0.5,1.0,0.2,1.0,0.0,0.0,0.4,1.0
LTA,0.2857142857142857,0.6,0.15384615384615385,0.0,1.0,0.0,0.0,0.0,0.0,0.0,0.0,0.16666666666666666,0.4,0.0,0.0,0.1875
LTC,0.0,0.0,0.0,0.0,0.0,0.0,0.0,0.0,0.0,0.0,0.0,0.0,0.0,0.0,0.0,0.0
LTD,0.0,0.0,0.0,0.0,1.0,0.0,0.0,0.0,0.0,0.75,0.0,0.0,0.0,0.0,0.75,0.0
LTE,0.26666666666666666,0.5263157894736842,0.5581395348837209,0.7272727272727273,0.46153846153846156,0.43283582089552236,0.5151515151515151,0.8157894736842105,0.3,0.04411764705882353,0.3686274509803922,0.0,0.8095238095238095,0.7631578947368421,0.07692307692307693,0.6417910447761194
LTF,0.0,0.0,0.0,0.0,0.0,0.0,0.0,1.0,1.0,1.0,0.0,0.0,0.0,0.0,1.0,0.0
LTG,0.0,0.0,0.0,1.0,0.0,0.0,0.0,0.0,0.0,0.0,0.0,0.0,1.0,0.0,1.0,0.0
LTH,0.0,0.0,0.0,0.0,0.0,0.0,0.0,0.0,0.0,0.0,0.0,0.0,0.0,0.0,0.0,0.0
LTI,0.0,0.375,0.5,0.0,0.8,0.2,0.25,0.0,0.25,0.0,0.6,0.0,0.0,0.0,0.0,0.0
LTK,0.0,0.3333333333333333,0.0,0.0,0.0,1.0,0.0,0.5,0.0,0.0,0.0,0.0,0.0,1.0,0.0,0.0
LTL,0.0,0.0,0.6666666666666666,0.0,0.0,0.0,0.0,0.0,1.0,1.0,0.0,0.0,0.0,0.0,0.0,0.0
LTM,0.0,0.0,0.0,0.0,0.0,0.5,0.0,1.0,0.0,0.0,0.0,0.0,0.5,0.5,0.0,0.6666666666666666
LTN,0.1111111111111111,1.0,0.0,0.0,1.0,0.0,0.0,0.0,0.1,0.7241379310344828,0.0,0.0,0.0,0.0,0.7777777777777778,0.42857142857142855
LTP,0.0,0.0,1.0,0.0,1.0,0.5,0.0,0.0,0.0,1.0,0.0,0.0,0.0,0.0,0.0,0.0
LTQ,0.0,0.0,0.5,0.5,0.3333333333333333,1.0,0.2857142857142857,0.0,0.6666666666666666,0.5,0.7142857142857143,0.0,0.0,0.3333333333333333,0.6666666666666666,1.0
LTR,0.0,0.25,0.5714285714285714,0.5,0.5,0.6666666666666666,0.4,0.75,0.375,0.25,0.3333333333333333,0.4,0.0,0.8,0.5714285714285714,1.0
LTS,0.0,0.5,1.0,1.0,0.8,0.0,1.0,0.0,0.8,1.0,0.6,0.8181818181818182,1.0,1.0,0.8,1.0
LTT,0.6,0.0,0.9090909090909091,0.8333333333333334,1.0,0.0,0.0,0.0,0.9230769230769231,0.6666666666666666,0.30612244897959184,0.6666666666666666,0.5,0.0,1.0,0.8571428571428571
LTV,0.0,0.0,0.0,0.0,0.0,0.0,0.3333333333333333,0.0,0.0,0.0,0.0,0.0,0.0,0.25,0.0,0.0
LTY,0.0,1.0,0.0,0.0,0.0,0.0,0.0,1.0,0.0,0.0,0.0,0.0,0.0,0.0,0.0,0.0
LVC,0.0,0.0,0.0,0.0,0.0,0.0,0.0,0.0,0.0,0.0,0.0,0.0,0.0,0.0,0.0,0.0
LVD,0.3,0.6818181818181818,0.0,0.7333333333333333,0.0,0.41414141414141414,0.17857142857142858,0.14285714285714285,0.15384615384615385,0.6666666666666666,0.3974358974358974,0.3333333333333333,1.0,0.5,0.5,0.25
LVE,0.2857142857142857,0.21428571428571427,0.08333333333333333,0.875,0.0,0.0,0.0,0.0,0.4,0.05555555555555555,0.0,0.16666666666666666,0.8,0.375,0.8,0.6666666666666666
LVF,0.0,0.0,0.0,0.0,0.0,0.0,0.0,0.0,0.0,0.0,0.0,0.0,0.0,0.0,0.0,0.0
LVG,0.0,0.0,0.9032258064516129,0.4166666666666667,0.09090909090909091,0.8376068376068376,0.0,0.8928571428571429,0.3333333333333333,0.20833333333333334,0.8987341772151899,0.2631578947368421,0.42857142857142855,0.42857142857142855,0.2,0.9655172413793104
LVH,0.0,0.0,0.0,0.0,0.0,0.0,0.0,0.0,0.0,0.0,0.0,0.0,0.0,0.0,0.0,0.0
LVI,0.0,0.0,0.8,0.0,0.7142857142857143,0.0,0.0,0.0,0.0,0.0,0.0,0.5714285714285714,0.0,0.7142857142857143,0.0,0.0
LVK,0.0,0.3157894736842105,0.07692307692307693,0.3333333333333333,0.3684210526315789,0.09803921568627451,0.08333333333333333,0.5813953488372093,0.16666666666666666,0.52,0.02564102564102564,0.125,0.0,0.13333333333333333,0.29411764705882354,0.631578947368421
LVL,0.0,0.5,0.0,0.0,0.5,0.0,0.0,1.0,1.0,0.0,0.5,0.0,0.0,0.0,0.5,0.0
LVN,0.2,1.0,0.4,0.0,1.0,0.4666666666666667,0.0,0.8,0.23076923076923078,1.0,0.0,0.0,0.0,0.0,0.9545454545454546,0.8421052631578947
LVP,1.0,1.0,1.0,0.0,1.0,1.0,0.5,1.0,1.0,0.0,1.0,1.0,0.0,1.0,1.0,1.0
LVQ,0.0,0.0,0.0,0.0,0.0,0.0,0.0,0.0,0.0,0.0,0.0,0.0,0.0,0.0,0.0,0.0
LVR,0.0,0.0,0.0,1.0,0.0,0.0,0.0,0.75,1.0,0.75,0.9019607843137255,0.7454545454545455,0.0,0.0,0.8076923076923077,0.9666666666666667
LVS,0.8888888888888888,0.4090909090909091,0.23076923076923078,0.8,0.7692307692307693,0.3611111111111111,0.29411764705882354,0.5652173913043478,0.5,0.38095238095238093,0.4117647058823529,0.14285714285714285,0.5833333333333334,0.3888888888888889,0.6470588235294118,1.0
LVT,0.0,0.0,0.0,0.0,0.0,0.0,0.0,0.0,0.0,0.0,0.0,0.0,0.0,0.0,0.0,0.0
LVV,0.0,0.0,0.0,0.0,0.0,0.0,0.0,0.0,0.0,0.0,0.0,0.0,0.0,0.0,0.0,0.0
LVW,0.3333333333333333,0.5714285714285714,1.0,0.5714285714285714,0.0,0.0,0.8333333333333334,1.0,0.0,0.6,0.0,1.0,0.8461538461538461,0.5,0.0,0.8333333333333334
LVY,0.0,0.0,0.0,0.0,0.0,1.0,1.0,0.0,1.0,0.0,0.0,0.5,0.0,0.5,0.0,1.0
LWD,0.0,0.0,0.0,0.0,0.0,0.0,0.0,0.0,0.0,0.0,0.0,0.0,0.0,0.0,0.0,0.0
LWI,0.0,0.0,0.0,0.0,0.0,0.0,0.0,0.0,0.0,0.0,0.0,0.0,0.0,0.0,0.0,0.0
LWM,0.0,1.0,0.0,0.0,0.0,0.9823008849557522,0.2,0.0,0.2857142857142857,1.0,0.9393939393939394,0.0,0.5,0.375,0.0,0.07692307692307693
LWY,0.0,0.0,0.0,0.0,0.0,0.0,0.0,0.35714285714285715,0.0,0.0,0.0,0.0,0.0,0.0,0.0,0.3448275862068966
LYD,0.0,0.0,0.3333333333333333,0.0,0.5,0.6666666666666666,0.0,0.0,0.0,0.3333333333333333,1.0,1.0,0.0,0.0,0.0,0.0
LYE,0.0,0.0,0.0,0.0,0.0,0.0,0.0,0.0,0.0,0.0,0.0,0.0,0.0,0.0,0.0,0.0
LYF,0.0,0.0,0.0,0.0,0.0,0.0,0.0,0.5,0.0,0.0,0.0,0.0,0.0,1.0,0.0,0.0
LYG,0.0,0.0,0.0,0.0,0.0,0.0,0.0,0.0,0.0,0.0,0.0,1.0,1.0,0.0,0.0,0.0
LYH,0.6666666666666666,0.0,0.0,0.0,0.0,0.0,0.0,0.0,0.0,0.0,0.0,0.0,0.0,0.0,0.0,0.0
LYI,0.0,0.0,0.0,0.0,0.0,0.0,0.0,0.0,0.0,0.0,0.0,0.0,0.0,0.0,0.0,0.0
LYL,0.0,0.0,0.0,0.0,0.0,0.0,0.0,0.0,0.0,0.0,0.0,0.0,0.0,0.0,0.0,0.0
LYN,0.5,0.0,0.0,1.0,0.0,0.0,0.0,1.0,0.0,0.0,0.0,0.0,0.0,0.3333333333333333,0.0,0.0
LYP,0.0,0.0,0.375,0.0,0.0,0.0,0.0,0.0,0.0,0.0,0.2,0.5454545454545454,0.75,0.0,0.0,0.375
LYQ,0.0,0.5,0.3333333333333333,1.0,0.6666666666666666,0.8,0.0,0.75,0.0,0.6,0.3333333333333333,0.0,0.5,0.0,0.5,1.0
LYR,0.0,0.6666666666666666,0.5,0.0,1.0,0.6,1.0,0.0,0.25,1.0,0.14285714285714285,0.0,0.0,0.5,0.0,0.0
LYS,0.95,0.25,0.6666666666666666,0.0,0.42857142857142855,0.5,0.4166666666666667,0.0,0.42857142857142855,0.6666666666666666,0.8,0.6666666666666666,0.5,0.0,0.75,1.0
LYT,0.0,0.0,0.0,0.0,0.0,0.0,0.0,0.0,0.0,0.0,0.0,0.0,0.0,0.0,0.0,0.0
LYV,0.0,0.0,0.0,0.0,0.0,0.0,0.0,0.0,1.0,0.6,0.7014925373134329,0.0,0.0,0.0,0.0,0.0
LYW,0.5714285714285714,0.0,1.0,1.0,0.0,0.0,0.0,0.0,0.8,0.0,0.8,0.6666666666666666,0.5,0.0,0.6666666666666666,0.5
LYY,0.0,0.0,0.0,0.0,0.0,0.0,0.0,0.0,0.0,0.0,0.0,0.0,0.0,0.0,0.0,0.0
MAA,0.0,0.0,0.0,0.0,0.0,0.0,0.0,0.0,0.0,0.0,0.0,0.0,0.0,0.0,0.0,0.0
MAE,0.0,0.0,0.0,0.0,0.0,0.0,0.0,0.0,0.0,0.0,0.0,0.18181818181818182,0.0,0.0,0.0,0.3333333333333333
MAG,0.0,0.0,0.0,0.0,0.0,0.0,0.0,0.0,0.0,0.0,0.0,0.0,0.0,0.0,0.0,0.0
MAH,0.0,0.0,0.0,0.0,0.0,0.0,0.0,0.0,0.0,0.0,0.0,0.0,0.0,0.0,0.0,0.0
MAK,0.0,0.0,0.0,0.0,0.0,0.0,0.0,0.0,0.0,0.0,0.0,0.0,0.0,0.0,0.0,0.0
MAL,0.0,0.0,0.0,0.0,0.0,0.0,1.0,0.0,0.0,0.0,0.0,1.0,0.0,0.0,1.0,0.0
MAM,0.0,0.0,0.0,0.0,0.0,0.0,0.0,0.0,0.0,0.0,0.0,0.0,0.0,0.0,0.0,0.0
MAN,0.0,0.0,0.0,1.0,0.0,0.0,0.0,0.0,1.0,0.0,0.0,0.0,0.0,0.0,0.0,0.0
MAP,0.0,0.0,0.0,0.0,0.0,0.0,0.0,0.0,0.0,0.0,0.6666666666666666,1.0,0.0,0.0,0.0,0.0
MAS,1.0,0.5,0.4,1.0,1.0,0.5454545454545454,1.0,0.6666666666666666,0.6666666666666666,0.7142857142857143,0.8333333333333334,0.4,0.0,0.4,0.4,1.0
MAT,0.0,0.0,0.5,0.8333333333333334,0.0,0.25,0.0,0.0,0.4,0.0,1.0,0.5,0.3333333333333333,1.0,0.3333333333333333,1.0
MAV,0.0,0.0,0.0,0.0,0.0,0.0,0.5,1.0,1.0,0.0,0.0,1.0,0.0,0.6666666666666666,0.6666666666666666,0.0
MAY,0.0,0.0,0.0,0.0,0.0,0.0,0.0,0.0,0.0,0.0,0.0,0.0,0.0,0.0,0.0,0.0
MDD,0.0,0.9090909090909091,0.0,0.25,0.0,0.7888888888888889,0.25,0.0,0.14285714285714285,0.6923076923076923,0.7702702702702703,0.0,0.9166666666666666,0.8888888888888888,0.5,0.3
MDE,0.0,0.0,0.0,0.0,0.0,0.0,0.0,0.0,0.0,0.0,0.0,0.0,0.0,0.0,0.0,0.0
MDG,0.0,0.0,0.07142857142857142,0.0,0.0,0.0,0.0,0.0,0.0,0.0,0.0,0.0,0.14285714285714285,0.0,0.0,0.13333333333333333
MDH,1.0,0.0,0.5,0.0,0.0,0.5,0.3333333333333333,0.0,0.0,0.0,0.0,1.0,0.0,1.0,0.0,0.0
MDI,0.0,0.3333333333333333,0.9090909090909091,0.0,0.9090909090909091,0.0,0.0,0.0,0.5,0.0,0.0,1.0,0.0,1.0,0.0,0.0
MDL,0.5,0.0,0.0,0.0,0.0,0.0,1.0,0.0,0.5,1.0,0.5,1.0,0.0,0.0,0.5,1.0
MDN,0.0,0.0,0.0,0.0,0.0,0.0,0.5,1.0,1.0,1.0,0.0,0.0,0.0,0.0,1.0,1.0
MDQ,0.0,1.0,0.0,0.0,1.0,0.0,0.0,1.0,0.0,0.0,1.0,0.75,0.0,0.0,1.0,0.0
MDR,0.0,0.0,0.0,0.0,0.0,0.0,0.0,0.0,0.0,0.0,0.0,0.5,0.0,0.0,1.0,0.5
MDT,0.0,1.0,0.0,1.0,1.0,0.0,0.0,0.0,1.0,1.0,0.0,0.0,0.0,0.0,0.0,0.0
MEA,0.0,0.0,0.0,0.0,0.0,0.0,0.0,0.0,0.0,0.0,0.0,0.0,0.0,0.0,0.0,0.0
MED,1.0,1.0,0.0,0.0,1.0,1.0,0.0,0.0,1.0,0.0,0.0,0.0,0.0,0.0,0.0,0.0
MEK,0.0,0.8333333333333334,0.0,0.0,0.0,0.0,0.0,0.0,0.6666666666666666,0.6,0.0,0.0,0.8333333333333334,0.0,1.0,0.0
MEL,0.5,0.8571428571428571,1.0,0.6666666666666666,0.8888888888888888,0.8,1.0,0.5,1.0,1.0,0.7777777777777778,1.0,0.0,0.6,0.5,0.0
MEN,0.0,0.0,0.0,0.0,0.0,0.0,0.0,0.0,0.0,0.0,0.0,0.0,0.0,0.0,0.0,0.0
MEP,0.0,0.0,0.0,0.0,0.0,0.0,0.0,0.0,0.0,0.0,0.0,0.0,0.0,0.0,0.0,0.0
MER,0.0,0.0,0.0,1.0,0.5,0.0,0.0,0.0,0.3333333333333333,0.0,0.0,0.0,0.0,0.0,1.0,0.0
MEV,0.0,0.0,0.0,0.0,0.0,1.0,1.0,0.5,0.0,0.0,0.0,1.0,0.0,0.6666666666666666,0.0,0.0
MEY,0.0,0.0,0.0,0.0,0.0,0.0,0.0,0.0,0.0,0.0,0.0,0.0,0.0,0.0,0.0,0.0
MFC,0.8571428571428571,0.8333333333333334,0.5714285714285714,0.6666666666666666,0.5,0.14285714285714285,0.5,1.0,0.8571428571428571,0.8333333333333334,0.6428571428571429,0.5714285714285714,1.0,1.0,0.6666666666666666,0.0
MFD,0.0,0.5,0.3333333333333333,0.875,0.0,0.7,0.0,1.0,0.8,0.6666666666666666,0.5,0.8,0.5,0.6666666666666666,0.75,1.0
MFK,0.0,0.8333333333333334,0.8333333333333334,0.0,1.0,1.0,1.0,0.0,1.0,1.0,0.0,1.0,1.0,1.0,0.0,0.0
MFL,0.0,0.0,0.0,0.0,0.0,0.0,0.0,0.0,0.0,0.0,0.0,0.0,0.0,0.0,0.0,0.0
MFT,0.0,0.0,0.0,0.0,0.0,0.0,0.0,0.0,0.0,0.0,0.0,0.0,0.0,0.0,0.0,0.0
MGA,0.0,0.0,1.0,0.0,0.0,0.0,0.5,0.0,1.0,0.0,1.0,0.0,0.0,0.0,0.0,0.0
MGE,0.0,0.0,0.0,0.0,0.0,0.0,0.0,0.0,0.0,0.0,0.0,0.0,0.0,0.0,0.0,0.0
MGG,0.0,0.0,0.0,0.0,0.0,0.0,0.0,0.0,0.0,0.0,0.0,0.0,0.0,0.0,0.0,0.0
MGH,0.0,0.0,0.0,0.0,0.0,0.0,0.0,0.0,0.0,0.0,0.0,0.0,0.0,0.0,0.0,0.0
MGI,0.8,0.5,0.6666666666666666,0.0,0.6666666666666666,0.0,0.0,0.0,1.0,0.0,0.17647058823529413,0.19230769230769232,0.5,0.0,0.14285714285714285,0.0
MGK,0.0,0.0,1.0,0.5,1.0,0.0,0.0,0.0,1.0,1.0,0.0,0.0,0.0,0.0,1.0,0.0
MGL,0.0,0.0,0.0,0.0,0.0,0.0,0.0,0.0,0.0,0.5,0.75,0.0,0.0,0.0,0.3333333333333333,0.0
MGS,0.0,0.0,0.0,1.0,0.0,0.0,0.0,1.0,1.0,0.0,0.0,0.0,0.0,0.0,1.0,1.0
MGV,0.0,0.0,0.0,0.0,0.0,0.0,0.0,0.0,0.0,0.0,0.0,0.0,0.0,0.0,0.0,0.0
MGW,0.0,0.0,0.0,1.0,0.0,1.0,0.75,0.0,0.0,1.0,0.5,0.0,0.0,1.0,0.0,0.0
MGY,0.0,1.0,0.0,0.0,0.0,0.96,0.1875,0.0,0.18181818181818182,1.0,0.9230769230769231,0.0,0.5,0.3333333333333333,0.0,0.1111111111111111
MHA,0.0,0.0,0.0,0.0,0.0,0.0,1.0,0.0,0.0,0.0,0.0,1.0,0.0,1.0,1.0,0.0
MHE,0.0,1.0,1.0,0.0,0.0,1.0,0.0,1.0,0.0,1.0,1.0,1.0,0.0,1.0,1.0,0.0
MHI,0.0,0.0,0.0,0.0,0.0,0.0,0.0,0.0,0.0,0.0,0.0,0.0,0.0,0.0,0.0,0.0
MHN,0.0,0.0,0.0,0.0,0.0,0.0,0.0,0.0,0.0,0.0,0.0,0.0,0.0,0.0,0.0,0.0
MHT,0.0,0.0,0.0,0.0,0.0,0.0,0.0,0.0,0.0,0.0,0.0,0.0,0.0,0.0,0.0,0.0
MIA,0.0,0.0,0.0,0.0,0.0,0.0,0.0,0.0,0.0,0.0,0.0,0.0,0.0,0.0,0.0,0.0
MID,0.0,0.0,0.0,0.0,0.0,0.0,0.0,0.0,0.0,0.0,0.0,0.0,0.0,0.0,0.0,0.0
MIE,0.0,0.0,0.6,0.5,1.0,0.0,0.0,0.5,0.2,0.0,0.5714285714285714,0.8,0.5,0.0,0.625,1.0
MIG,0.0,0.0,0.8333333333333334,1.0,1.0,0.4,0.0,0.6666666666666666,0.5555555555555556,0.6666666666666666,0.8,1.0,1.0,0.5,0.9375,1.0
MIK,0.0,0.0,0.0,0.0,0.0,1.0,0.0,1.0,0.0,0.0,0.0,0.0,0.0,1.0,0.0,1.0
MIL,0.0,0.0,0.0,0.0,0.0,0.0,0.0,0.0,0.0,0.0,0.0,0.0,0.0,0.0,0.0,0.0
MIN,0.0,0.0,0.0,0.0,0.0,0.0,0.0,0.0,0.0,0.0,0.0,0.0,0.0,0.0,0.0,0.0
MIP,1.0,0.0,0.0,1.0,0.0,0.0,0.0,1.0,1.0,0.0,0.0,0.0,0.0,1.0,1.0,0.0
MIR,0.0,0.0,0.0,0.0,0.0,0.0,0.0,0.0,0.0,0.0,0.0,0.0,0.0,0.0,0.0,0.0
MIS,0.0,0.0,0.0,0.0,0.0,0.0,0.0,0.0,0.0,0.0,0.0,0.0,0.0,0.0,0.0,0.0
MIT,0.0,0.0,0.0,0.0,0.0,0.0,0.0,0.0,0.0,0.0,0.0,0.0,0.0,0.0,0.0,0.0
MKA,0.0,0.0,0.0,0.0,0.0,0.0,0.0,0.0,0.0,0.0,0.0,0.0,0.0,0.0,0.0,0.0
MKC,0.0,0.5,0.0,1.0,1.0,0.0,1.0,0.0,0.0,0.0,0.0,0.0,1.0,0.0,0.0,0.0
MKD,0.0,1.0,0.0,1.0,1.0,1.0,0.6666666666666666,0.0,0.4,0.0,0.6666666666666666,0.0,0.0,0.6,0.0,0.0
MKG,1.0,0.6666666666666666,1.0,0.0,1.0,0.7857142857142857,0.8571428571428571,0.8571428571428571,0.75,0.42857142857142855,0.3333333333333333,0.0,0.0,1.0,0.0,0.8571428571428571
MKH,1.0,1.0,1.0,1.0,0.0,1.0,1.0,0.8,0.6666666666666666,0.0,0.0,1.0,1.0,1.0,0.5,1.0
MKI,1.0,0.5,0.0,0.0,0.0,1.0,1.0,0.0,0.5,0.0,0.0,0.0,0.0,0.0,0.0,0.0
MKK,0.0,0.0,0.0,0.5,0.5,0.0,0.5,0.0,0.4,0.0,0.0,0.0,0.0,0.0,0.3333333333333333,0.0
MKL,0.0,0.0,0.0,0.0,0.0,0.0,0.0,0.0,0.0,0.0,0.0,0.15,0.0,0.0,0.0,0.3333333333333333
MKM,0.0,0.0,0.0,0.0,0.0,0.0,0.0,0.0,0.0,0.0,0.0,0.0,0.0,0.0,0.0,0.0
MKQ,0.0,0.5,0.0,1.0,1.0,1.0,0.0,0.0,0.5,0.0,0.0,0.0,0.5,0.0,0.0,0.0
MKR,0.0,1.0,0.5,0.0,0.5,0.0,0.0,0.0,0.0,0.0,0.0,1.0,0.8,0.0,0.0,1.0
MKS,0.0,0.0,1.0,0.0,0.0,0.0,0.0,0.0,0.0,0.0,0.0,0.21052631578947367,0.0,0.0,0.125,0.0
MKT,1.0,0.5,0.6666666666666666,1.0,0.0,0.0,1.0,0.75,1.0,0.0,1.0,0.0,1.0,1.0,1.0,1.0
MLD,0.0,0.0,0.0,0.0,0.0,0.0,0.0,0.0,0.0,0.0,0.0,0.0,0.0,0.0,0.0,0.0
MLE,0.0,0.0,0.0,0.5,0.0,0.0,0.0,1.0,0.5,0.75,0.0,0.41025641025641024,0.0,0.0,0.038461538461538464,0.7142857142857143
MLF,0.0,0.6363636363636364,0.0,0.16666666666666666,0.0,1.0,0.2222222222222222,1.0,0.75,0.42857142857142855,0.5476190476190477,0.6610169491525424,0.0,0.0,0.6470588235294118,0.8529411764705882
MLK,0.0,0.0,0.0,0.0,0.0,0.0,0.0,0.0,0.0,0.0,0.0,0.0,0.0,0.0,0.0,0.0
MLQ,0.0,0.0,0.0,0.0,0.0,0.0,0.0,0.0,0.0,0.0,0.0,0.0,0.0,0.0,0.0,0.0
MLR,0.0,0.0,0.0,0.0,0.0,0.0,0.0,0.0,0.0,0.0,0.0,0.0,0.0,0.0,0.0,0.0
MLS,0.0,1.0,0.0,0.0,0.0,0.0,0.0,0.0,0.0,0.0,0.0,0.0,1.0,0.0,0.0,0.0
MLT,0.0,0.0,0.0,0.5,0.0,0.0,1.0,0.0,0.3333333333333333,1.0,0.0,0.0,0.0,0.6666666666666666,0.3333333333333333,0.0
MMA,0.0,0.0,0.0,0.0,0.0,0.0,0.0,0.0,0.0,0.0,0.0,0.0,0.0,0.0,0.0,0.0
MME,0.0,0.0,0.0,0.0,0.0,0.0,0.0,0.0,0.0,0.0,0.0,0.0,0.0,0.0,0.0,0.0
MMR,0.0,0.0,0.0,0.0,0.0,0.0,0.0,0.0,0.0,0.0,0.0,0.0,0.0,0.0,0.0,0.0
MNA,0.0,0.0,0.0,0.0,0.0,0.0,0.0,0.0,0.0,0.0,0.0,0.0,0.0,0.0,0.0,0.0
MND,0.0,0.0,0.0,0.0,0.0,0.0,0.0,0.0,0.0,0.0,0.0,0.0,0.0,0.0,0.0,0.0
MNG,0.0,0.5,0.0,0.0,0.0,0.0,1.0,0.0,0.0,0.0,0.5,0.0,1.0,0.0,0.0,0.0
MNI,0.0,0.0,0.0,0.0,0.0,0.0,0.0,0.0,0.0,0.0,0.0,0.0,0.0,0.0,0.0,0.0
MNL,0.0,0.0,0.0,0.0,0.0,0.0,0.0,0.0,0.0,0.0,0.0,0.0,0.0,0.0,0.0,0.0
MNS,0.0,0.2,0.3333333333333333,0.0,0.0,0.0,1.0,0.0,0.2,1.0,0.6,0.0,0.0,0.0,0.0,0.0
MNV,0.0,0.0,0.0,0.0,0.0,0.0,0.0,0.0,0.0,0.0,0.0,0.0,0.0,0.0,0.0,0.0
MNW,0.0,0.0,1.0,0.0,0.0,0.0,0.0,0.0,0.0,0.0,0.5,0.6666666666666666,1.0,0.0,0.0,0.5
MPE,0.0,0.0,0.0,0.0,0.0,0.0,0.0,0.0,0.0,0.0,0.0,0.0,0.0,0.0,0.0,0.0
MPH,0.0,0.0,0.6666666666666666,1.0,1.0,0.5,0.0,0.0,0.5,0.0,1.0,1.0,1.0,0.0,1.0,0.0
MPK,1.0,1.0,1.0,0.0,1.0,0.5,1.0,1.0,0.0,1.0,0.6666666666666666,1.0,1.0,0.0,0.0,0.0
MPL,0.0,0.0,0.0,0.0,0.0,0.0,0.0,1.0,0.0,0.0,0.0,0.0,0.0,1.0,0.0,0.0
MPN,0.0,0.0,0.0,1.0,0.0,0.0,0.0,1.0,1.0,0.0,0.0,0.0,0.0,1.0,1.0,1.0
MPQ,0.0,0.5,1.0,1.0,0.0,0.875,1.0,1.0,0.75,0.8,0.75,0.9,1.0,0.6666666666666666,0.8181818181818182,1.0
MPR,1.0,1.0,1.0,0.0,0.0,0.5,0.0,0.0,0.5,0.0,0.0,0.0,1.0,0.0,0.0,0.0
MPT,0.0,0.0,0.0,0.0,0.0,0.0,0.0,0.0,0.0,0.0,0.0,0.0,0.0,0.0,0.0,0.0
MQG,0.0,0.0,0.0,0.0,0.7142857142857143,0.0,0.0,0.0,0.0,0.8333333333333334,0.0,0.0,0.0,0.0,1.0,1.0
MQL,0.0,0.0,0.0,0.0,0.0,0.0,0.0,0.0,0.0,0.0,0.0,0.0,0.0,0.0,0.0,0.0
MQN,0.0,0.0,0.0,0.0,0.0,0.0,0.0,0.0,0.0,0.0,0.0,0.0,0.0,0.0,0.0,0.0
MQR,0.0,0.0,0.0,0.0,0.0,0.0,0.0,0.0,0.0,0.0,0.0,1.0,0.0,0.0,1.0,0.0
MQT,1.0,0.5,0.0,0.0,0.0,1.0,0.0,0.0,0.0,0.0,0.0,0.0,0.0,0.0,0.0,0.0
MQV,0.0,0.0,0.0,1.0,0.0,0.0,0.0,0.0,0.5,0.0,0.0,0.0,0.0,0.0,1.0,1.0
MRA,0.0,0.0,0.0,0.0,0.5,0.5,0.0,0.0,0.0,1.0,0.0,0.0,0.0,0.0,0.0,0.0
MRC,0.0,0.0,0.0,1.0,0.0,0.0,0.0,0.0,1.0,0.0,0.0,0.0,0.0,0.0,0.5,0.0
MRD,0.0,0.0,1.0,0.0,1.0,0.5,0.0,0.0,0.0,1.0,1.0,0.0,0.0,0.0,0.0,0.0
MRF,0.0,0.0,0.0,0.0,0.0,0.0,0.0,0.0,0.0,0.0,0.0,0.0,0.0,0.0,0.0,0.0
MRG,0.8787878787878788,0.8863636363636364,0.9024390243902439,0.5,0.9714285714285714,0.7478991596638656,0.7619047619047619,0.9444444444444444,0.9,0.8484848484848485,0.45,0.8571428571428571,0.7692307692307693,0.9393939393939394,0.625,0.8867924528301887
MRI,0.0,0.0,0.75,1.0,1.0,0.0,0.25,0.0,0.3333333333333333,1.0,0.5,0.0,0.0,0.0,1.0,1.0
MRP,0.0,0.0,0.0,0.0,0.0,0.0,0.0,0.5,0.0,0.0,0.0,0.0,0.0,0.3333333333333333,0.0,0.0
MRS,0.0,0.0,0.0,0.0,0.0,1.0,0.0,1.0,0.0,0.0,0.5,0.4,0.0,1.0,0.6,0.6666666666666666
MRV,0.0,0.0,0.0,0.0,0.0,0.0,0.0,0.0,0.0,0.0,0.0,0.0,0.0,0.0,0.0,0.0
MSC,0.0,0.0,0.0,0.0,0.0,0.0,0.0,0.0,0.0,0.0,0.0,0.0,0.0,0.0,0.0,0.0
MSI,0.0,0.0,0.0,0.0,0.0,0.0,0.0,0.0,0.0,0.0,0.0,0.0,0.0,0.0,0.0,0.0
MSK,0.0,0.0,1.0,0.0,1.0,1.0,0.0,0.0,0.0,0.5,0.0,0.0,0.0,0.0,0.0,0.0
MSM,0.0,0.0,0.0,0.0,0.0,0.0,0.0,0.0,0.0,0.0,0.0,0.0,0.0,0.0,0.0,0.0
MSP,0.0,0.0,0.0,0.0,0.0,0.0,0.0,0.0,0.0,0.0,0.05,0.6857142857142857,0.0,0.0,0.17647058823529413,0.72
MSR,1.0,1.0,1.0,1.0,1.0,0.9090909090909091,0.75,1.0,1.0,0.7692307692307693,0.8,1.0,1.0,0.75,1.0,0.0
MSS,0.0,1.0,1.0,0.0,1.0,0.0,1.0,1.0,0.0,1.0,1.0,1.0,0.0,1.0,1.0,1.0
MST,0.0,0.0,0.0,1.0,0.0,0.0,0.0,0.0,0.0,0.0,0.625,0.875,1.0,0.0,1.0,1.0
MSW,0.0,0.0,0.0,0.0,0.0,0.0,0.0,0.0,0.0,0.0,0.0,0.0,0.0,0.0,0.0,0.0
MSY,0.0,1.0,0.0,0.0,0.0,0.0,0.0,0.0,0.0,0.0,0.0,0.0,1.0,0.0,0.0,0.0
MTD,0.0,0.0,0.0,0.5,0.0,1.0,0.0,1.0,0.3333333333333333,0.0,0.0,0.0,1.0,0.5,0.0,0.0
MTE,0.0,0.0,0.0,0.0,0.0,0.0,0.0,0.0,0.0,0.0,0.0,0.0,0.0,0.0,0.0,0.0
MTK,0.0,0.0,0.0,0.0,0.0,0.42,0.0,0.0,0.4,1.0,0.3488372093023256,0.0,0.0,0.0,0.0,0.0
MTL,0.0,0.0,0.0,0.0,0.0,0.0,0.0,0.0,0.0,0.0,0.0,0.0,0.0,0.0,0.0,0.0
MTN,0.0,0.0,0.0,0.0,0.0,0.0,0.0,0.0,0.0,0.0,0.0,0.0,0.0,0.0,0.0,0.0
MTQ,0.7142857142857143,0.7857142857142857,0.0,0.0,0.0,0.0,0.0,0.0,0.25,0.0,0.0,0.0,0.0,0.0,0.0,0.0
MTT,0.0,0.0,0.0,0.0,0.0,0.0,0.0,0.0,0.0,0.0,0.0,0.0,0.0,0.0,0.0,0.0
MTV,0.0,0.0,0.0,0.0,0.0,0.0,0.0,0.0,0.0,0.0,0.0,0.0,0.0,0.0,0.0,0.0
MTW,0.0,0.0,0.0,0.0,0.0,0.0,0.0,0.0,0.0,0.0,0.75,0.6666666666666666,0.0,0.0,0.75,1.0
MVD,0.0,0.0,0.0,0.0,0.0,0.0,0.0,0.0,0.0,0.0,0.0,0.0,0.0,0.0,0.0,0.0
MVE,0.0,0.0,0.0,1.0,0.0,0.0,0.0,0.0,0.3333333333333333,0.0,0.0,0.0,0.0,0.0,0.3333333333333333,0.0
MVF,0.0,0.0,0.0,0.0,0.0,0.0,0.0,0.0,0.0,0.0,0.0,0.0,0.0,0.0,0.0,0.0
MVG,0.0,0.0,0.0,0.0,0.0,0.0,0.0,0.0,0.0,0.0,0.0,0.0,0.0,0.0,0.0,0.0
MVH,0.0,0.0,1.0,0.0,0.7142857142857143,0.0,1.0,0.0,0.0,0.8333333333333334,0.0,0.0,0.0,0.0,0.0,0.0
MVL,0.0,0.0,0.0,0.0,0.0,0.0,0.0,0.0,0.0,0.0,0.0,0.0,0.0,0.0,0.0,0.0
MVN,0.0,0.0,0.0,0.0,0.0,0.0,0.0,0.0,0.0,0.0,0.0,0.0,0.0,0.0,0.0,0.0
MVQ,0.0,0.0,1.0,1.0,1.0,0.0,0.0,0.0,0.3333333333333333,0.0,0.25,0.6,0.5,0.0,0.5714285714285714,1.0
MVR,0.0,0.0,0.0,0.0,0.0,0.0,0.0,0.0,0.0,0.0,0.0,0.0,0.0,0.0,0.0,0.0
MVT,0.0,0.0,0.0,0.0,0.0,0.0,0.0,1.0,0.0,0.0,0.0,0.0,0.0,1.0,0.0,0.0
MVV,0.0,0.0,0.0,0.0,0.0,0.0,0.0,0.0,0.0,0.0,0.0,0.0,0.0,0.0,0.0,0.0
MYA,0.0,0.5,0.0,1.0,0.0,0.0,0.0,0.0,0.0,0.0,0.0,0.0,1.0,0.0,0.0,0.0
MYD,0.0,1.0,1.0,0.0,1.0,1.0,0.0,1.0,0.5,0.3333333333333333,0.0,0.0,0.0,0.0,0.0,1.0
MYS,0.75,0.0,0.0,0.0,0.0,0.0,0.0,0.0,0.0,0.0,0.0,0.0,0.0,0.0,0.0,0.0
MYT,0.0,0.0,0.0,0.0,0.0,0.0,0.0,0.0,0.0,0.0,0.0,0.0,0.0,0.0,0.0,0.0
MYW,0.0,0.0,0.0,0.0,0.0,0.0,0.0,0.0,0.0,0.0,0.0,0.0,0.0,0.0,0.0,0.0
NAA,1.0,0.0,1.0,1.0,0.0,0.0,1.0,0.0,0.5714285714285714,0.0,0.5,0.5,0.0,1.0,0.25,1.0
NAD,0.0,0.0,0.0,0.0,0.0,0.0,0.0,1.0,0.0,0.0,0.0,0.0,0.0,0.5,0.0,0.0
NAE,0.0,0.0,0.0,0.0,0.0,0.0,0.0,0.0,0.0,0.0,0.0,0.0,0.0,0.0,0.0,0.0
NAF,0.0,0.0,0.0,0.0,0.0,0.0,0.0,0.0,0.0,0.0,0.0,0.0,0.0,0.0,0.0,0.0
NAG,0.0,0.0,0.0,0.0,0.0,0.0,0.0,0.0,0.0,0.0,0.0,0.0,0.0,0.0,0.0,0.0
NAH,0.0,0.0,0.0,0.0,0.0,0.0,0.0,0.0,0.0,0.0,0.0,0.0,0.0,0.0,0.0,0.0
NAK,0.0,1.0,0.0,0.0,0.0,0.0,0.0,1.0,1.0,0.0,0.16666666666666666,0.0,0.0,0.0,0.3333333333333333,0.0
NAL,0.0,0.0,0.25,0.0,0.8333333333333334,0.0,0.0,0.0,0.2,0.7142857142857143,0.0,0.25,0.0,0.0,1.0,0.5
NAN,0.0,0.5,0.0,0.5,0.0,0.0,0.4,0.0,0.0,0.0,0.0,0.0,0.8888888888888888,0.0,0.0,1.0
NAP,0.0,0.0,0.0,1.0,0.0,0.0,0.0,1.0,0.5,0.0,0.0,0.0,0.0,0.5,0.5,1.0
NAQ,0.75,0.0,0.0,0.0,0.0,0.0,0.0,0.0,1.0,0.0,0.0,0.0,0.0,0.0,0.0,0.0
NAR,0.0,0.0,0.0,0.0,0.0,0.0,0.0,0.0,0.0,0.0,0.0,0.0,0.0,0.0,0.0,0.0
NAS,1.0,0.0,0.0,0.0,0.0,0.0,1.0,1.0,1.0,1.0,0.6666666666666666,0.25,0.0,0.0,0.3333333333333333,0.2857142857142857
NAT,0.0,0.0,0.0,0.0,0.0,0.0,0.0,0.0,0.0,0.0,0.0,0.0,0.0,0.0,0.0,0.0
NAW,0.0,0.0,0.0,0.0,0.0,0.0,0.0,0.0,0.0,0.0,0.0,0.0,0.0,0.0,0.0,0.0
NAY,0.0,0.0,0.0,1.0,0.0,0.0,0.0,1.0,1.0,0.0,0.0,0.0,0.0,0.5,1.0,1.0
NCA,0.0,0.0,0.0,0.0,0.0,0.0,0.0,0.0,0.0,0.0,0.0,0.0,0.0,0.0,0.0,0.0
NCK,0.0,0.0,0.0,0.0,0.0,0.0,0.0,0.0,0.0,0.0,0.0,0.0,0.0,0.0,0.0,0.0
NCP,0.0,0.0,0.0,0.0,0.0,0.0,0.0,0.0,0.0,0.0,0.0,0.0,0.0,0.0,0.0,0.0
NCS,0.0,0.0,0.0,0.0,0.0,0.0,0.0,0.0,0.0,1.0,0.16666666666666666,0.0,0.0,0.0,0.0,0.0
NCY,1.0,0.8571428571428571,0.0,0.0,0.8,1.0,1.0,0.0,1.0,0.0,0.75,0.0,0.0,0.0,0.0,0.0
NDA,0.0,0.0,0.0,0.0,0.0,0.0,0.0,0.0,0.0,0.0,0.0,0.0,0.0,0.0,0.0,0.0
NDF,0.6666666666666666,0.0,0.0,0.0,0.0,0.0,0.0,0.0,0.0,0.0,0.0,0.0,0.0,0.0,0.0,0.0
NDG,0.0,0.5,0.0,0.0,0.0,0.0,0.0,1.0,0.0,0.0,0.0,0.0,0.5,0.0,0.0,0.0
NDI,0.0,0.0,1.0,1.0,0.0,0.6,0.07142857142857142,0.9259259259259259,0.2,0.25,0.9097744360902256,0.0,0.0,0.8571428571428571,0.5,0.7878787878787878
NDK,0.0,0.0,0.0,0.0,0.0,0.0,0.0,0.0,0.0,0.0,0.0,0.0,0.0,0.0,0.0,0.0
NDL,0.0,0.0,0.2,1.0,0.5,0.0,0.0,0.75,1.0,1.0,0.03125,0.4166666666666667,0.0,0.5,0.038461538461538464,0.5714285714285714
NDP,0.0,0.5,0.16666666666666666,1.0,0.0,0.0,0.5,0.0,1.0,0.16666666666666666,0.0,1.0,1.0,0.0,0.0,1.0
NDQ,0.0,0.0,0.0,0.0,0.0,0.0,0.0,0.0,0.0,0.0,0.0,0.0,0.0,0.0,0.0,0.0
NDR,0.0,0.0,0.0,0.0,0.0,0.0,0.0,0.0,0.0,0.0,0.0,0.0,0.0,0.0,0.0,0.0
NDV,0.0,0.96,0.0,0.0,0.8518518518518519,0.375,0.0,0.0,0.0,0.0,0.0,0.0,0.0,0.0,0.0,0.0
NEC,0.0,0.0,0.0,1.0,0.0,0.0,0.0,0.0,0.4,0.0,0.5,0.25,0.0,0.0,0.5555555555555556,0.0
NEE,0.5,0.2857142857142857,0.3333333333333333,0.6666666666666666,0.5,0.0,0.0,0.0,0.0,0.0,0.0,0.0,0.4,0.0,0.0,0.0
NEG,0.0,0.0,0.0,0.0,0.0,0.0,0.0,0.0,0.0,0.0,0.0,0.0,0.0,0.0,0.0,0.0
NEI,0.0,0.0,0.0,0.0,0.0,0.0,0.0,0.0,0.0,0.0,0.0,0.0,0.0,0.0,0.0,0.0
NEK,0.7058823529411765,0.8333333333333334,0.2,1.0,0.75,0.5,0.4166666666666667,0.36363636363636365,0.7272727272727273,0.5,0.6666666666666666,0.5454545454545454,0.5555555555555556,0.0,1.0,0.625
NEL,0.0,0.0,0.4166666666666667,0.0,0.625,0.0,0.0,0.0,0.0,0.8333333333333334,0.0,0.0,0.0,0.0,0.0,0.0
NEN,0.0,1.0,0.0,1.0,1.0,0.5,0.0,1.0,0.5,1.0,0.0,0.0,0.0,1.0,1.0,1.0
NEQ,0.0,0.0,0.0,0.0,0.0,0.0,0.0,0.0,0.0,0.0,0.0,0.0,0.0,0.0,0.0,0.9473684210526315
NER,1.0,0.25,0.6666666666666666,0.875,0.6666666666666666,0.75,0.6666666666666666,1.0,0.5,1.0,0.0,0.5,1.0,1.0,0.0,0.6666666666666666
NES,0.0,0.0,0.0,0.0,0.0,0.0,0.0,0.0,0.0,0.0,0.0,0.0,0.0,0.0,0.0,0.0
NET,0.0,0.0,0.0,0.3333333333333333,0.0,0.941747572815534,0.0,0.3333333333333333,0.4,0.75,0.8709677419354839,0.0,0.45454545454545453,0.4,0.5,0.0
NEV,0.0,0.0,0.6666666666666666,0.6666666666666666,0.3333333333333333,0.0,0.0,0.0,0.5,0.0,0.0,1.0,1.0,0.0,0.0,1.0
NFA,0.0,0.75,0.6666666666666666,0.0,0.6666666666666666,0.6666666666666666,0.0,1.0,0.0,0.0,0.2,0.0,0.0,0.0,0.0,0.0
NFE,0.0,0.0,0.0,0.0,0.0,0.0,0.0,0.0,0.0,0.0,0.0,0.0,0.0,0.0,0.0,0.0
NFG,0.0,0.0,0.0,0.0,0.0,0.0,0.0,0.0,0.0,0.0,0.0,0.0,0.0,0.0,0.0,0.0
NFI,1.0,0.0,0.6666666666666666,1.0,1.0,1.0,0.5,0.0,0.0,0.5,0.5,0.25,0.5,0.5,0.0,0.0
NFK,0.0,0.0,0.0,0.0,0.0,0.0,0.0,0.0,0.0,0.0,0.0,0.0,0.0,0.0,0.0,0.0
NFL,0.0,0.8,0.0,1.0,0.0,0.0,0.6666666666666666,0.0,0.0,0.0,0.0,1.0,1.0,0.0,0.0,1.0
NFM,0.0,0.0,0.75,0.0,0.0,0.0,1.0,0.0,1.0,0.0,1.0,0.0,0.0,0.0,0.0,0.0
NFN,0.0,0.6666666666666666,1.0,0.0,0.0,0.0,0.0,0.5,0.0,0.0,0.0,0.0,0.8,0.0,0.0,0.8
NFP,0.0,0.0,0.0,0.0,0.0,0.0,0.0,0.0,0.0,0.0,0.0,0.0,0.0,0.0,0.0,0.0
NFQ,0.0,0.0,0.0,0.0,0.0,0.0,0.0,0.0,0.0,0.0,0.0,0.0,0.0,0.0,0.0,0.0
NFR,0.0,0.0,0.0,0.0,0.0,0.0,0.0,0.0,0.0,0.0,0.0,0.0,0.0,0.0,0.0,0.0
NFS,0.0,0.0,0.0,0.0,0.0,0.0,0.0,0.0,0.0,0.0,0.0,0.0,0.0,0.0,0.0,0.0
NFT,0.0,0.4444444444444444,0.4,0.0,0.5,0.42857142857142855,0.0,0.3333333333333333,0.16666666666666666,0.0,0.0,0.3333333333333333,0.5,1.0,0.045454545454545456,0.2
NFV,1.0,0.75,1.0,1.0,1.0,1.0,0.4444444444444444,0.75,1.0,0.8181818181818182,1.0,1.0,1.0,0.6,1.0,0.0
NFY,0.0,0.2857142857142857,0.6666666666666666,1.0,0.0,0.0,0.2222222222222222,0.0,0.5384615384615384,0.0,0.3333333333333333,0.0,0.0,0.0,0.2222222222222222,0.0
NGA,0.0,0.0,0.0,0.0,0.0,0.0,0.0,0.0,0.0,0.0,0.0,0.0,0.0,0.0,0.0,0.0
NGD,0.0,0.0,0.0,0.0,0.0,0.0,0.0,0.0,0.0,0.0,0.0,0.0,0.0,0.0,0.0,0.0
NGE,0.0,0.0,0.0,0.0,0.0,0.0,0.0,0.0,0.0,0.0,0.0,0.0,0.0,0.0,0.0,0.0
NGG,0.0,0.5,0.0,0.5,0.0,0.0,1.0,0.0,0.0,0.0,0.5,0.0,1.0,0.0,0.0,0.0
NGI,0.0,0.0,0.0,0.0,0.0,0.0,0.0,0.0,0.0,0.0,0.0,0.0,0.0,0.0,0.0,0.0
NGK,0.0,0.3333333333333333,1.0,0.0,0.0,0.0,0.0,0.3333333333333333,0.0,0.5,0.25,0.25,0.0,0.0,0.5,0.0
NGL,0.0,0.0,0.0,0.0,0.0,0.0,0.0,0.0,0.0,0.0,0.0,0.0,0.0,0.0,0.0,0.0
NGM,0.0,0.0,0.0,0.0,0.0,0.0,0.0,0.0,0.0,0.0,0.0,0.0,0.0,0.0,0.0,0.0
NGN,0.0,0.0,0.0,0.0,0.0,0.0,0.0,0.0,0.0,0.0,0.0,0.0,0.0,0.0,0.0,0.0
NGP,0.0,0.0,0.0,0.0,0.0,0.0,0.0,0.0,0.0,0.0,0.0,0.0,0.0,0.0,0.0,0.0
NGR,0.0,0.0,1.0,0.0,1.0,0.0,0.0,0.5,0.0,0.0,0.0,0.0,0.0,0.6666666666666666,0.0,1.0
NGS,0.0,1.0,0.5,1.0,0.25,0.0,0.0,1.0,0.3333333333333333,1.0,0.0,0.0,0.0,0.0,1.0,0.0
NGT,0.0,0.0,0.0,0.0,0.0,0.0,0.0,0.0,0.0,0.0,1.0,1.0,0.0,0.5,1.0,0.0
NGV,0.0,0.75,0.2857142857142857,0.0,0.875,0.7142857142857143,0.4,1.0,0.0,0.5,0.07142857142857142,0.5,0.0,0.75,0.6666666666666666,0.0
NGY,0.0,0.0,1.0,0.0,1.0,0.5,0.0,0.0,0.0,0.6666666666666666,1.0,0.0,0.0,0.0,0.0,0.0
NHD,0.0,0.5,0.0,1.0,0.0,0.0,0.0,0.5,1.0,1.0,0.0,0.0,0.6666666666666666,0.0,0.3333333333333333,0.0
NHI,0.0,0.0,0.0,0.0,0.0,0.0,0.0,0.0,0.0,0.0,0.0,0.0,0.0,0.0,0.0,0.0
NHK,0.0,0.0,0.0,0.0,0.0,0.0,0.0,0.0,0.0,0.0,0.0,0.0,0.0,0.0,0.0,0.0
NHL,0.0,0.0,0.0,0.0,0.0,0.0,1.0,0.0,0.0,0.0,0.0,1.0,0.0,0.0,1.0,0.0
NHP,0.0,0.7777777777777778,0.8571428571428571,1.0,0.5,0.8571428571428571,0.6363636363636364,1.0,0.875,0.3333333333333333,0.0,0.625,1.0,1.0,1.0,1.0
NHQ,0.0,0.0,0.0,0.0,0.0,0.0,0.0,0.0,0.0,0.0,0.0,0.0,0.0,0.0,0.0,0.0
NHR,0.0,0.5,0.0,0.0,0.0,0.0,0.0,1.0,0.0,0.0,0.0,0.0,0.0,0.0,0.0,1.0
NHT,0.0,0.8333333333333334,0.0,0.0,1.0,0.0,0.0,0.625,0.0,0.625,0.0,0.3333333333333333,0.0,0.0,1.0,0.0
NHY,0.0,0.0,0.0,0.0,0.0,0.0,0.0,0.0,0.0,0.0,0.0,0.0,0.0,0.0,0.0,0.0
NIE,0.0,1.0,0.8333333333333334,0.5,0.0,0.0,0.0,1.0,0.6,0.5,0.9801980198019802,0.95,0.0,0.0,0.9545454545454546,0.96875
NIF,1.0,1.0,0.0,1.0,0.0,1.0,1.0,1.0,0.0,0.75,0.0,0.5,1.0,0.0,0.5,0.0
NIG,0.0,0.0,0.0,0.0,0.0,1.0,1.0,1.0,0.0,0.0,0.0,1.0,0.0,1.0,1.0,0.0
NIH,0.0,0.0,0.0,0.0,0.0,0.0,0.0,0.0,0.0,0.0,0.0,0.0,0.0,0.0,0.0,0.0
NIK,0.0,1.0,0.0,1.0,0.0,1.0,1.0,0.0,0.0,1.0,0.0,1.0,1.0,0.0,0.0,0.0
NIL,0.0,0.5,0.0,1.0,1.0,1.0,0.5,0.0,0.0,0.0,1.0,0.0,1.0,0.0,0.0,0.0
NIN,0.0,0.0,1.0,0.0,0.0,0.0,0.0,0.0,0.5,0.0,0.0,0.0,0.0,0.0,0.0,0.0
NIP,0.0,0.5,0.0,0.0,0.0,0.0,0.0,0.0,0.0,0.0,0.0,0.0,0.5,0.0,0.0,0.0
NIR,0.0,0.0,0.0,0.0,0.0,1.0,0.5,0.0,0.0,0.5,0.0,0.0,0.0,0.0,0.0,0.0
NIS,0.0,0.0,0.0,0.0,0.0,0.0,0.0,0.0,0.0,0.0,0.0,0.0,0.0,0.0,0.0,0.0
NIT,0.0,0.0,0.0,0.0,0.0,0.0,0.0,0.0,0.0,0.0,0.0,0.0,0.0,0.0,0.0,0.0
NIV,0.0,0.0,0.0,0.0,0.0,0.0,0.0,0.0,0.0,0.0,0.0,0.0,0.0,0.0,0.0,0.0
NKA,1.0,0.3333333333333333,0.0,0.0,0.0,0.3333333333333333,0.0,0.0,0.0,0.0,0.0,0.0,1.0,0.0,0.0,0.0
NKC,0.0,0.0,0.0,0.0,0.0,0.0,0.0,0.0,0.0,0.0,0.0,0.0,0.0,0.0,0.0,0.0
NKD,0.0,0.2,0.0,0.6666666666666666,0.25,0.0,0.0,0.0,0.25,0.0,0.0,0.0,0.0,0.0,0.5,1.0
NKF,1.0,0.5,0.5,0.0,0.0,0.0,1.0,1.0,1.0,0.0,0.0,1.0,1.0,0.0,0.0,1.0
NKG,0.0,0.0,0.0,0.0,0.0,0.0,0.0,0.0,0.0,0.0,0.0,0.0,0.0,0.0,0.0,0.0
NKI,0.0,0.25,0.36363636363636365,0.5,0.25,0.16666666666666666,0.1,0.25,0.25,0.375,0.2631578947368421,0.26666666666666666,0.5,0.0,0.35714285714285715,0.4444444444444444
NKK,0.3333333333333333,0.0,0.2,0.0,0.0,0.0,0.0,0.0,0.0,0.0,0.25,1.0,1.0,0.0,0.0,0.0
NKL,0.0,0.0,1.0,0.0,0.0,0.0,0.5,0.0,0.75,1.0,1.0,0.0,0.0,0.0,0.0,0.0
NKM,0.0,0.0,0.0,0.0,0.0,0.0,0.0,0.0,0.0,0.0,0.0,0.0,0.0,0.0,0.0,0.0
NKP,0.0,0.0,0.9090909090909091,1.0,0.0,1.0,0.0,0.5,1.0,0.0,1.0,0.0,0.0,0.5,0.5,1.0
NKQ,0.0,0.0,0.0,0.8,1.0,1.0,0.5,1.0,0.5,0.5,0.6,0.0,0.0,0.75,0.6666666666666666,1.0
NKR,0.9,0.5416666666666666,0.8666666666666667,0.9230769230769231,0.2,0.5981308411214953,0.17647058823529413,0.0,0.8529411764705882,0.5,0.44047619047619047,0.35714285714285715,0.782608695652174,0.3333333333333333,0.5,0.28
NKS,0.5,0.0,0.0,0.0,0.0,0.0,0.0,0.0,0.0,0.0,0.0,0.5,0.3333333333333333,0.0,0.0,0.5
NKT,0.0,0.0,0.0,0.0,0.0,1.0,0.0,0.0,0.0,0.0,0.7777777777777778,0.0,0.0,0.0,0.0,0.0
NKV,1.0,0.0,0.0,0.0,0.0,0.0,0.0,0.0,0.0,0.0,0.0,0.0,0.0,0.0,0.0,0.0
NKW,0.0,0.0,0.0,0.0,0.0,0.0,0.0,0.0,0.0,0.0,0.0,0.0,0.0,0.0,0.0,0.0
NKY,0.8,0.75,1.0,0.0,1.0,0.5,0.8,0.5,0.8333333333333334,0.0,1.0,0.0,1.0,0.25,0.0,0.0
NLA,0.0,0.0,0.16666666666666666,0.0,0.2,1.0,1.0,0.0,0.3333333333333333,1.0,0.0,0.0,0.0,0.0,0.0,0.0
NLC,0.0,0.0,0.0,0.0,0.0,0.0,0.0,0.0,0.0,0.0,0.0,0.0,0.0,0.0,0.0,0.0
NLD,0.75,0.7,1.0,0.0,0.6666666666666666,0.75,1.0,1.0,0.3333333333333333,0.6666666666666666,0.631578947368421,0.8333333333333334,1.0,0.0,1.0,0.8
NLE,0.5,1.0,0.0,0.0,1.0,1.0,0.5,0.0,0.0,0.6666666666666666,0.6666666666666666,1.0,1.0,0.0,0.0,0.0
NLF,1.0,0.0,0.0,1.0,0.0,0.0,0.0,1.0,0.0,0.0,0.0,0.0,0.0,0.5,0.0,0.0
NLG,1.0,1.0,0.6666666666666666,0.0,0.3333333333333333,0.5,1.0,0.0,0.3333333333333333,0.6666666666666666,0.5,0.16666666666666666,0.3333333333333333,0.0,0.2,0.0
NLH,0.5,0.25,0.42857142857142855,0.3333333333333333,0.5,0.5,0.0,0.0,0.38461538461538464,0.0,0.3076923076923077,0.14285714285714285,1.0,0.0,0.3,0.0
NLI,0.0,0.0,0.0,0.0,0.0,0.0,0.0,0.0,0.0,0.0,0.0,0.0,0.0,0.0,0.0,0.0
NLK,0.26666666666666666,0.2,0.0625,0.0,0.25,0.8292682926829268,0.0,0.5555555555555556,0.09523809523809523,0.2631578947368421,0.5148514851485149,0.14285714285714285,0.0,0.15384615384615385,0.14634146341463414,0.08695652173913043
NLL,0.0,0.5,0.42857142857142855,0.875,0.25,0.6923076923076923,0.5,1.0,0.8333333333333334,0.8,0.5714285714285714,1.0,1.0,0.75,0.8333333333333334,1.0
NLM,0.0,0.0,0.0,1.0,0.0,0.0,0.0,0.0,1.0,0.0,0.0,0.0,0.0,0.0,1.0,1.0
NLN,0.7272727272727273,0.7142857142857143,0.0,0.7142857142857143,1.0,0.7142857142857143,0.5714285714285714,0.0,0.6666666666666666,0.625,0.3333333333333333,0.2,0.38461538461538464,0.0,1.0,0.4166666666666667
NLP,0.2222222222222222,0.0,0.4,0.0,0.0,0.0,0.0,0.0,1.0,0.0,0.0,0.17391304347826086,0.0,0.0,0.125,0.08333333333333333
NLR,0.0,0.0,0.0,0.0,1.0,0.0,0.0,0.0,0.0,0.0,0.5,0.75,0.0,0.0,0.6666666666666666,1.0
NLS,0.0,0.0,1.0,0.0,1.0,0.0,0.0,0.0,0.0,1.0,0.0,0.0,0.0,0.0,0.0,0.0
NLT,0.0,0.75,0.2222222222222222,0.0,0.42857142857142855,0.8333333333333334,0.625,0.3333333333333333,0.0,0.0,0.0,0.7142857142857143,0.0,0.0,0.0,0.0
NLY,0.0,0.0,0.0,0.0,0.0,0.0,0.0,0.0,0.0,0.0,0.0,0.0,0.0,0.0,0.0,0.0
NME,0.5,0.6666666666666666,1.0,1.0,0.7272727272727273,1.0,1.0,0.3333333333333333,0.75,1.0,1.0,1.0,0.0,0.6,0.5,0.0
NMF,0.8888888888888888,1.0,0.875,0.6666666666666666,1.0,0.7272727272727273,0.7142857142857143,0.8888888888888888,1.0,0.75,0.8571428571428571,0.5789473684210527,1.0,1.0,0.9090909090909091,0.38461538461538464
NMG,0.0,0.0,1.0,0.0,0.0,0.0,0.0,0.0,0.6666666666666666,0.0,0.0,0.0,0.0,0.0,0.0,0.0
NMK,0.0,0.0,0.5,0.0,0.0,0.0,0.5,0.0,1.0,0.0,1.0,1.0,0.0,1.0,0.0,0.0
NMP,0.0,0.5,1.0,0.8888888888888888,1.0,1.0,1.0,1.0,0.7777777777777778,0.8,0.8,1.0,1.0,1.0,0.9090909090909091,1.0
NMV,0.0,0.0,0.0,0.0,0.0,0.0,0.0,0.0,0.0,0.0,0.0,0.0,0.0,0.0,0.0,0.0
NNA,1.0,0.0,1.0,0.6666666666666666,0.0,0.0,0.6666666666666666,0.0,0.6666666666666666,0.0,1.0,1.0,0.0,0.5714285714285714,0.6666666666666666,1.0
NNE,0.0,0.0,0.35714285714285715,1.0,1.0,0.9150943396226415,0.0,0.0,0.2857142857142857,0.8461538461538461,0.9473684210526315,0.0,0.45454545454545453,0.14285714285714285,1.0,0.0
NNG,0.0,0.0,0.0,0.0,0.0,0.0,0.0,0.0,0.0,0.0,0.0,0.0,0.0,0.0,0.0,0.0
NNI,0.0,0.0,0.0,0.0,0.0,0.0,0.0,0.0,0.0,0.0,0.0,0.0,0.0,0.0,0.0,0.0
NNK,1.0,0.0,1.0,0.7142857142857143,0.3333333333333333,0.8235294117647058,1.0,0.25,0.16666666666666666,0.6,0.7058823529411765,0.4444444444444444,1.0,0.0,0.7142857142857143,0.8
NNL,0.5,0.6666666666666666,0.55,0.8333333333333334,0.85,0.6666666666666666,0.8181818181818182,0.0,0.625,0.6428571428571429,0.0,0.4166666666666667,0.0,0.0,1.0,0.7142857142857143
NNM,1.0,1.0,0.0,1.0,0.0,0.6666666666666666,1.0,1.0,1.0,1.0,0.0,0.0,1.0,1.0,1.0,0.0
NNP,0.0,0.0,0.0,0.0,0.0,0.0,0.0,0.0,0.0,0.0,0.0,1.0,0.0,0.0,1.0,0.0
NNR,0.0,0.0,0.3333333333333333,0.0,0.0,0.0,0.0,0.0,0.0,0.0,0.06666666666666667,0.0,0.0,0.0,0.0,0.0
NNT,0.0,1.0,0.0,1.0,1.0,0.0,1.0,0.0,1.0,0.0,1.0,1.0,0.0,1.0,1.0,1.0
NNY,0.0,0.0,0.0,0.0,0.0,0.0,0.0,1.0,0.0,0.0,0.0,0.0,0.0,0.5,0.0,0.0
NPA,1.0,1.0,1.0,1.0,0.25,0.0,1.0,1.0,0.8571428571428571,0.0,1.0,0.6666666666666666,0.0,1.0,0.6,1.0
NPD,0.0,0.0,0.0,0.0,0.0,0.0,0.0,0.0,0.0,0.0,0.0,0.0,0.0,0.0,0.0,0.0
NPE,0.0,0.25,0.0,0.0,0.0,0.0,0.0,0.5,0.5,0.5,0.5,0.0,0.5,0.0,1.0,0.0
NPG,0.0,1.0,0.0,0.0,1.0,1.0,0.0,0.0,0.0,1.0,0.0,0.0,0.0,0.0,0.0,0.0
NPI,0.0,0.0,0.5,0.0,0.0,0.0,0.0,0.0,0.3333333333333333,0.0,0.0,0.0,0.0,0.0,0.0,0.0
NPL,0.0,0.0,0.0,0.0,0.5,1.0,0.0,0.0,0.0,0.0,0.0,0.0,0.0,0.0,0.0,0.0
NPP,0.0,0.0,0.0,0.0,0.0,0.0,0.0,0.5,0.0,0.5,1.0,0.0,0.0,0.0,1.0,0.0
NPR,0.0,0.0,0.0,0.0,0.0,0.0,0.0,0.0,0.0,0.0,0.0,0.0,0.0,0.0,0.0,0.0
NPS,0.0,0.0,0.0,0.0,0.0,0.0,0.0,0.0,0.0,0.0,0.0,0.0,0.0,0.0,0.0,0.0
NPV,0.0,0.0,1.0,0.6,0.6666666666666666,0.6666666666666666,0.0,1.0,0.6,0.5,0.6666666666666666,0.8,0.5,0.0,0.8,1.0
NPY,0.3333333333333333,0.0,0.07142857142857142,0.2857142857142857,0.6666666666666666,0.6666666666666666,0.0,0.0,0.25,0.3076923076923077,0.0,0.0,0.14285714285714285,0.3333333333333333,0.0,0.2
NQA,0.0,0.0,0.0,0.0,0.0,0.0,0.0,0.0,0.0,0.0,0.0,0.0,0.0,0.0,0.0,0.0
NQD,0.0,0.0,0.0,0.0,0.0,0.0,0.0,0.0,0.0,0.0,0.0,0.0,0.0,0.0,0.0,0.0
NQE,0.0,0.0,0.0,0.0,0.0,0.0,0.0,0.0,0.0,0.0,0.0,0.0,0.0,0.0,0.0,0.0
NQF,0.0,0.0,0.0,0.0,0.0,0.0,0.0,0.0,0.0,0.0,0.0,0.0,0.0,0.0,0.0,0.0
NQI,0.0,1.0,0.0,0.0,1.0,0.0,0.0,0.0,0.0,0.5,0.0,0.0,0.0,0.0,0.0,0.0
NQK,0.0,1.0,0.0,0.0,1.0,0.15384615384615385,0.0,0.6857142857142857,0.0,1.0,0.0,1.0,0.0,0.0,1.0,0.8275862068965517
NQL,0.0,0.0,0.0,0.0,0.0,0.0,0.0,0.0,0.0,0.0,0.0,0.0,0.0,0.0,0.0,0.0
NQM,0.0,0.0,0.0,0.0,0.0,0.0,0.0,0.0,0.0,0.0,0.0,0.0,0.0,0.0,0.0,0.0
NQN,0.0,0.0,0.0,0.0,0.0,0.0,1.0,0.0,0.0,0.0,1.0,1.0,0.0,0.0,1.0,0.0
NQS,0.0,0.0,0.0,0.0,0.0,0.0,0.0,0.0,0.0,0.0,0.0,0.0,0.0,0.0,0.0,0.0
NQV,1.0,1.0,0.8571428571428571,0.0,0.0,0.0,0.0,1.0,0.75,1.0,0.0,0.0,0.0,0.0,0.0,0.0
NQW,0.0,0.0,0.0,0.0,0.0,0.0,0.0,0.0,0.0,0.0,0.0,0.0,0.0,0.0,0.0,0.0
NQY,0.0,0.0,1.0,0.0,0.0,0.0,1.0,0.0,1.0,1.0,1.0,1.0,0.0,0.0,1.0,1.0
NRA,0.0,0.0,0.0,0.0,0.0,1.0,1.0,1.0,0.0,0.0,0.0,1.0,0.0,0.5,0.5,0.0
NRC,0.0,0.0,0.0,0.0,0.0,0.0,0.0,0.0,0.0,0.0,0.0,0.0,0.0,0.0,0.0,0.0
NRD,0.0,1.0,0.0,0.0,0.0,1.0,0.5,0.5,0.5,0.0,1.0,0.25,0.5,0.0,0.0,0.0
NRE,0.0,0.0,0.0,0.0,1.0,0.5,0.0,0.8571428571428571,0.0,0.8461538461538461,0.0,0.0,0.0,0.0,0.9459459459459459,0.7619047619047619
NRF,0.0,0.4,0.6666666666666666,0.0,0.6666666666666666,1.0,0.6666666666666666,1.0,0.6666666666666666,1.0,0.6,0.3333333333333333,0.6,0.6666666666666666,0.75,0.5
NRK,0.5,0.9090909090909091,0.7142857142857143,1.0,0.8235294117647058,1.0,0.6666666666666666,1.0,1.0,0.8333333333333334,1.0,1.0,0.0,1.0,1.0,0.0
NRL,0.0,0.0,1.0,0.0,0.0,0.0,0.0,0.0,0.0,0.0,1.0,0.0,0.0,0.0,0.0,0.0
NRN,0.0,0.0,0.5,0.0,1.0,0.0,0.0,0.0,1.0,0.0,0.5,0.0,0.0,0.0,0.0,0.0
NRQ,0.0,0.0,0.0,0.0,1.0,0.0,0.0,0.0,0.0,0.0,0.0,0.0,0.0,0.0,1.0,0.0
NRR,1.0,0.8181818181818182,0.7777777777777778,0.7777777777777778,0.7,0.4444444444444444,0.3333333333333333,0.6666666666666666,0.8333333333333334,0.7,0.7333333333333333,0.5555555555555556,0.75,0.6666666666666666,1.0,0.6666666666666666
NRS,0.0,0.0,0.0,0.5,0.0,0.0,0.0,0.0,1.0,0.0,0.0,0.0,0.0,0.0,0.5,0.0
NRT,0.0,0.0,0.0,0.0,0.0,0.0,0.0,1.0,0.0,1.0,0.0,0.0,0.0,0.0,0.0,0.0
NRW,0.0,0.0,0.0,0.0,0.0,0.0,0.0,0.0,0.0,0.0,0.0,0.0,0.0,0.0,0.0,0.0
NRY,0.0,1.0,1.0,0.0,1.0,0.0,0.0,0.0,0.0,1.0,0.0,0.0,0.0,0.0,0.0,0.0
NSA,0.16666666666666666,0.0,0.0,0.3333333333333333,0.0,0.0,0.25,0.0,0.0,0.25,0.0,0.0,0.6666666666666666,0.0,0.0,0.0
NSC,0.0,0.0,0.0,0.0,0.0,0.0,0.0,0.0,0.0,0.0,0.0,0.0,0.0,0.0,0.0,0.0
NSD,0.0,0.0,0.0,0.0,0.0,0.0,0.0,0.0,0.0,0.0,0.0,0.0,0.0,0.0,0.0,0.0
NSE,1.0,0.0,0.0,0.0,0.0,0.0,0.0,1.0,1.0,0.0,0.0,0.0,0.0,0.5,1.0,0.0
NSF,0.0,0.0,0.0,0.0,0.0,0.0,0.0,0.0,0.0,0.0,0.0,0.0,0.0,0.0,0.0,0.0
NSG,0.0,0.0,1.0,0.0,0.0,0.25,0.5,1.0,1.0,0.0,0.0,0.0,0.0,1.0,0.0,1.0
NSK,0.0,0.0,0.0,0.0,0.0,0.0,0.0,0.0,0.0,0.0,0.0,0.0,0.0,0.0,0.0,0.0
NSL,0.0,0.1111111111111111,0.25,0.0,0.0,0.0,1.0,0.0,0.5,1.0,0.4166666666666667,0.0,0.0,0.0,0.0,0.0
NSM,1.0,0.75,0.0,0.0,1.0,1.0,0.0,1.0,1.0,0.0,0.0,0.0,0.0,0.0,0.0,0.75
NSN,0.0,0.0,0.0,0.0,0.0,0.0,0.0,0.0,0.0,0.0,0.0,0.0,0.0,0.0,0.0,0.0
NSP,0.0,0.0,0.0,0.0,0.0,0.3333333333333333,0.0,0.0,0.0,1.0,0.0,0.0,0.0,0.0,0.0,0.0
NSQ,0.0,1.0,0.0,0.0,1.0,1.0,0.0,0.875,0.0,0.9655172413793104,0.0,0.3333333333333333,0.0,0.0,0.9583333333333334,0.8571428571428571
NSR,1.0,0.75,0.3333333333333333,1.0,0.6,0.3333333333333333,0.14285714285714285,1.0,0.3333333333333333,1.0,0.6666666666666666,0.3333333333333333,0.0,0.6,0.0,0.0
NSS,1.0,0.0,0.5,0.0,0.0,0.0,0.3333333333333333,0.0,0.3333333333333333,0.0,0.0,0.0,0.0,0.0,0.0,0.0
NSV,0.0,0.0,0.0,0.0,0.0,0.0,0.0,0.0,0.0,0.0,0.0,1.0,0.0,0.0,0.0,1.0
NSW,0.0,0.0,0.0,0.0,0.0,0.0,0.0,0.0,0.0,0.0,0.0,0.0,0.0,0.0,0.0,0.0
NSY,0.0,1.0,0.2,1.0,0.0,0.8333333333333334,0.0,1.0,0.25,0.5,0.6,0.7142857142857143,0.25,1.0,0.5625,0.5
NTA,0.7857142857142857,0.0,0.5,0.5555555555555556,0.0,0.375,0.25,0.2,0.8095238095238095,0.0,0.625,1.0,0.2,1.0,0.4,0.6666666666666666
NTC,0.0,0.0,0.0,0.0,0.0,0.0,0.0,0.0,0.0,0.0,1.0,1.0,0.0,0.0,1.0,0.0
NTD,0.0,0.0,0.0,0.0,0.0,0.0,0.0,0.0,0.0,0.0,0.0,0.0,0.0,0.0,0.0,0.0
NTE,0.0,0.0,0.0,0.0,0.0,0.0,0.0,0.0,0.0,0.0,0.0,0.0,0.0,0.0,0.0,0.0
NTF,1.0,0.75,0.0,0.0,0.6,0.0,0.0,0.0,0.0,0.0,0.0,0.0,0.0,0.0,0.0,0.0
NTG,0.0,0.0,0.0,0.0,0.0,0.0,0.0,0.0,0.0,0.0,0.0,0.0,0.0,0.0,0.0,0.0
NTH,0.0,0.0,0.0,0.0,0.0,0.0,0.0,0.0,0.0,0.0,0.0,0.0,0.0,0.0,0.0,0.0
NTI,1.0,1.0,1.0,0.5,1.0,1.0,0.5,0.0,0.0,1.0,0.5,0.3333333333333333,0.5,0.5,0.0,0.0
NTK,0.0,0.0,0.0,0.0,0.0,0.0,0.0,0.0,0.0,0.0,0.0,0.0,0.0,0.0,0.0,0.0
NTL,0.0,0.0,0.0,0.0,0.0,0.0,0.0,0.0,0.0,0.0,0.0,0.0,0.0,0.0,0.0,0.0
NTM,0.0,0.0,0.0,0.0,0.0,0.0,0.0,0.0,0.0,0.0,1.0,0.6,0.0,0.0,0.3333333333333333,1.0
NTN,1.0,0.0,0.25,0.0,0.0,0.0,0.5,0.0,0.5,0.0,0.0,0.0,0.0,0.0,0.0,0.0
NTP,0.26666666666666666,0.6923076923076923,0.13333333333333333,0.9090909090909091,0.8709677419354839,0.5025641025641026,0.7391304347826086,0.631578947368421,0.5555555555555556,0.9473684210526315,0.08256880733944955,0.6666666666666666,0.8666666666666667,0.5384615384615384,0.9259259259259259,0.7
NTQ,0.0,1.0,0.0,0.0,0.0,0.0,0.0,0.0,0.0,0.0,0.0,0.0,1.0,0.0,0.0,0.6666666666666666
NTS,0.0,0.0,0.0,0.0,0.0,0.0,0.0,0.0,0.0,0.0,0.0,0.0,0.0,0.0,0.0,0.0
NTT,0.0,1.0,0.0,0.0,1.0,0.0,0.0,0.7916666666666666,0.0,1.0,0.0,0.0,0.0,0.0,1.0,0.875
NTV,0.0,0.0,0.0,0.0,0.0,0.0,0.0,0.0,0.0,0.0,0.0,0.0,0.0,0.0,0.0,0.0
NTY,0.0,0.0,1.0,1.0,1.0,0.0,0.0,0.0,0.0,0.0,0.4,0.5714285714285714,0.8,0.0,0.3333333333333333,0.5
NVA,0.0,0.0,0.5,1.0,0.0,0.0,1.0,0.0,0.6666666666666666,0.0,1.0,0.0,0.0,1.0,1.0,0.0
NVC,0.0,0.0,0.0,0.0,0.0,0.0,0.0,0.0,0.0,0.0,0.0,0.0,0.0,0.0,0.0,0.0
NVD,0.5,0.0,0.0,0.0,0.0,0.0,0.0,0.0,0.5,0.0,1.0,0.0,0.0,0.0,1.0,1.0
NVF,0.0,0.0,0.0,0.0,0.0,0.0,0.0,0.0,0.0,0.0,0.0,0.0,0.0,0.0,0.0,0.0
NVG,0.0,0.0,0.0,0.0,0.0,1.0,0.0,0.0,0.0,0.0,0.16666666666666666,0.3333333333333333,0.0,0.5,0.3333333333333333,0.25
NVI,0.0,0.0,0.0,0.0,0.0,0.0,0.0,0.0,0.0,0.0,0.0,0.0,0.0,0.0,0.0,0.0
NVK,0.0,0.0,1.0,0.0,0.0,0.0,0.0,0.0,0.5,0.0,0.0,0.0,0.0,0.0,0.0,0.0
NVL,0.0,1.0,0.0,0.2222222222222222,0.0,0.42105263157894735,1.0,0.0,0.18181818181818182,0.8181818181818182,0.2857142857142857,0.0,1.0,1.0,1.0,0.0
NVM,0.0,0.0,0.0,0.0,0.0,0.0,0.0,0.0,0.0,0.0,0.0,0.0,0.0,0.0,0.0,0.0
NVR,0.0,0.0,0.0,0.0,0.5,0.0,0.0,0.0,0.0,0.0,0.0,0.0,0.0,0.0,0.0,0.0
NVS,0.0,0.0,0.0,0.0,0.0,0.0,0.0,0.0,0.0,0.0,0.0,0.0,0.0,0.0,0.0,0.0
NVT,0.0,0.0,0.0,0.0,0.0,0.0,0.0,0.0,0.0,0.0,0.0,0.0,0.0,0.0,0.0,0.0
NVV,0.0,1.0,1.0,0.0,1.0,0.0,0.0,0.0,1.0,0.0,0.0,0.0,0.0,0.0,0.0,0.0
NVY,0.0,0.0,0.0,0.0,0.0,0.0,0.0,0.0,0.0,0.0,0.0,0.0,0.0,0.0,0.0,0.0
NWA,0.3333333333333333,0.0,1.0,0.0,0.0,0.9375,0.0,1.0,0.4,0.6842105263157895,0.9266666666666666,0.0625,0.0,0.0,0.16666666666666666,0.9473684210526315
NWG,0.0,1.0,1.0,1.0,1.0,0.0,1.0,1.0,1.0,1.0,1.0,0.5,0.0,0.0,1.0,1.0
NWI,1.0,0.0,0.0,1.0,0.0,0.0,1.0,0.0,0.0,0.5,0.0,1.0,1.0,0.0,1.0,0.0
NWN,0.75,0.6666666666666666,1.0,0.0,0.0,0.0,1.0,1.0,1.0,0.0,0.0,1.0,1.0,0.0,0.0,1.0
NWR,1.0,0.3333333333333333,0.8333333333333334,0.0,1.0,0.0,1.0,0.0,0.0,1.0,0.9230769230769231,0.7142857142857143,0.75,0.0,0.6666666666666666,0.6
NWV,0.0,0.0,0.5,0.0,0.0,0.0,0.0,1.0,0.0,0.0,0.0,0.3333333333333333,0.75,0.0,0.0,0.8
NWY,0.0,0.0,1.0,0.0,0.0,0.0,0.0,0.0,0.0,0.0,0.0,0.6666666666666666,0.0,0.0,0.0,1.0
NYA,1.0,0.5,0.8571428571428571,0.0,0.7142857142857143,0.25,0.4,0.0,0.3333333333333333,0.0,0.0,1.0,0.0,0.8333333333333334,0.0,1.0
NYE,0.0,0.0,0.0,0.0,0.0,0.0,0.0,0.0,0.0,0.0,0.0,0.0,0.0,0.0,0.0,0.0
NYF,0.0,0.0,0.5,0.0,0.0,0.0,0.0,0.0,0.0,0.0,1.0,0.0,0.0,0.0,0.0,0.0
NYG,0.0,1.0,1.0,0.0,0.0,0.0,1.0,0.0,0.0,0.0,1.0,1.0,1.0,1.0,1.0,1.0
NYI,0.0,0.0,0.0,0.0,0.0,0.0,0.0,0.0,0.0,0.0,0.0,0.0,0.0,0.0,0.0,0.0
NYK,0.0,0.5,0.0,0.0,1.0,1.0,0.0,0.3333333333333333,0.0,1.0,0.0,0.0,0.0,1.0,1.0,0.0
NYL,0.5,0.375,0.5,0.0,0.5,0.0,0.0,0.0,0.3333333333333333,0.0,0.14285714285714285,0.5,1.0,0.0,0.0,1.0
NYN,0.0,0.5714285714285714,0.0,1.0,0.3333333333333333,0.4,0.0,0.25,0.0,0.3333333333333333,0.0,0.0,0.3333333333333333,0.0,0.5,0.0
NYQ,0.0,0.0,0.0,0.0,0.0,0.0,0.0,0.0,0.0,0.0,0.0,0.0,0.0,0.0,0.0,0.0
NYR,0.0,0.25,0.25,0.0,0.5,0.0,0.5,0.0,0.3333333333333333,0.0,1.0,0.0,0.0,1.0,0.0,0.0
NYS,0.0,0.0,0.0,0.0,0.0,0.0,0.0,0.0,0.0,0.0,0.0,0.0,0.0,0.0,0.0,0.0
NYT,0.5,1.0,1.0,0.0,0.0,0.0,0.0,0.0,0.0,0.0,0.0,0.0,0.5,0.0,0.0,0.0
PAA,0.0,0.0,1.0,0.6666666666666666,0.0,0.3333333333333333,0.0,0.25,0.6666666666666666,0.0,0.4,1.0,0.0,1.0,0.0,0.6666666666666666
PAC,0.0,0.0,0.0,0.0,0.0,0.0,0.0,0.0,0.0,0.0,0.0,0.0,0.0,0.0,0.0,0.0
PAD,1.0,1.0,0.0,0.0,0.0,0.5,1.0,0.0,0.5,0.0,0.0,1.0,0.0,0.5,0.0,1.0
PAE,0.6666666666666666,0.0,0.6,0.0,1.0,0.0,0.0,0.0,0.6,0.5,0.42857142857142855,0.0,0.0,0.0,0.0,0.0
PAG,0.0,0.0,0.0,0.0,0.0,0.8947368421052632,0.0,0.0,0.2,0.375,0.8160919540229885,0.0,0.0,0.0,0.0,0.0
PAH,0.0,0.0,0.0,0.0,0.0,0.0,0.0,1.0,0.0,0.0,0.0,0.0,0.0,0.0,0.7586206896551724,1.0
PAI,0.14285714285714285,1.0,0.0,0.5,0.0,0.8526315789473684,0.25,0.0,0.25,1.0,0.7466666666666667,0.0,1.0,0.5,0.6666666666666666,0.13333333333333333
PAK,0.0,0.0,0.0,0.0,0.0,0.0,0.0,0.0,0.0,0.0,0.0,0.0,0.0,0.0,0.0,0.0
PAL,0.0,0.0,0.0,0.0,0.0,0.0,0.0,0.0,0.0,0.0,0.0,0.0,0.0,0.0,0.0,0.0
PAN,1.0,0.6666666666666666,0.8,0.6,0.5,1.0,1.0,1.0,0.6666666666666666,0.0,1.0,0.75,0.5,0.8,1.0,0.6666666666666666
PAP,0.0,0.0,0.0,0.0,0.0,0.0,0.0,0.0,0.0,0.0,0.0,0.0,0.0,0.0,0.0,0.0
PAQ,0.0,0.0,0.0,0.0,0.0,0.0,0.0,0.0,0.0,0.0,0.0,0.0,0.0,0.0,0.0,0.0
PAS,0.0,0.0,0.0,0.75,1.0,1.0,0.0,0.5,0.3333333333333333,1.0,0.3333333333333333,0.0,0.5,0.6666666666666666,1.0,0.0
PAT,0.0,0.0,0.0,0.0,0.0,0.0,0.0,0.5,0.0,0.0,0.0,0.0,0.0,1.0,0.0,0.0
PAV,0.0,0.0,0.0,0.0,0.0,0.0,0.0,0.0,0.0,0.0,0.0,0.0,0.0,0.0,0.0,0.0
PCG,0.0,0.0,0.0,0.0,0.0,0.0,0.0,0.0,0.0,0.0,0.0,0.0,0.0,0.0,0.0,0.0
PCL,0.0,0.0,0.0,0.0,0.0,0.0,0.0,0.0,0.0,0.0,0.0,0.0,0.0,0.0,0.0,0.0
PCM,0.0,0.0,0.0,0.0,0.0,0.0,0.0,0.0,0.0,0.0,0.0,0.0,0.0,0.0,0.0,0.0
PCN,1.0,0.6666666666666666,0.0,0.0,1.0,1.0,0.5,0.0,0.0,0.0,0.5,0.0,0.0,0.0,0.0,0.0
PCP,0.0,0.0,0.0,0.0,0.0,0.0,0.0,0.0,0.0,0.0,0.0,0.0,0.0,0.0,0.0,0.0
PCS,0.0,0.5,0.0,0.0,0.0,0.0,0.0,0.0,0.0,0.0,0.0,0.0,0.5,0.0,0.0,0.0
PCV,0.0,0.0,0.0,0.0,0.0,0.0,0.0,0.0,0.0,0.0,0.0,0.8,1.0,0.0,0.0,1.0
PDD,0.5,0.0,1.0,1.0,0.0,0.25,0.16666666666666666,0.0,0.75,0.5,0.3333333333333333,0.5,0.0,0.0,0.5,1.0
PDE,0.3333333333333333,0.0,0.0,0.0,0.0,0.0,0.0,0.0,0.5,0.0,0.0,0.0,0.0,0.0,0.0,0.0
PDF,1.0,1.0,0.2,0.0,0.16666666666666666,0.25,0.0,1.0,0.0,0.0,0.5,0.5,0.0,1.0,0.5,0.0
PDG,0.0,0.0,0.0,0.0,0.0,0.0,0.0,0.0,0.0,0.0,0.0,0.0,0.0,0.0,0.0,0.0
PDH,0.0,0.0,0.0,0.0,0.0,0.0,0.0,0.0,0.0,0.0,0.0,0.0,0.0,0.0,0.0,0.0
PDI,0.0,0.0,0.0,0.0,0.0,0.0,0.0,0.0,0.0,0.0,0.0,0.0,0.0,0.0,0.0,0.0
PDK,0.0,0.75,0.0,0.0,0.9230769230769231,0.1984126984126984,0.0,0.08333333333333333,0.16666666666666666,0.56,0.1262135922330097,0.0,0.0,0.0,0.0,0.07142857142857142
PDL,0.0,0.0,0.0,0.0,0.0,0.0,0.0,0.0,0.0,0.0,0.0,0.0,0.0,0.0,0.0,0.0
PDN,0.0,0.0,0.0,0.0,0.0,0.0,0.0,0.0,0.0,0.0,0.0,0.0,0.0,0.0,0.0,0.0
PDP,0.0,0.0,0.0,0.0,0.0,0.0,0.0,0.0,0.0,0.0,0.0,0.0,0.0,0.0,0.0,0.0
PDQ,0.0,0.0,0.0,0.0,0.0,0.0,0.0,0.0,0.0,0.0,0.0,0.0,0.0,0.0,0.0,0.0
PDR,0.8888888888888888,1.0,0.4,0.0,0.6666666666666666,0.0,0.0,0.4,0.8333333333333334,0.0,0.7647058823529411,0.35714285714285715,0.4,0.0,0.6,0.0
PDS,1.0,1.0,0.0,0.0,0.0,0.75,0.6666666666666666,0.0,1.0,0.0,0.6666666666666666,1.0,1.0,1.0,0.0,0.5
PEA,1.0,1.0,0.3333333333333333,0.75,0.25,0.5,0.0,0.0,0.4,0.0,0.0,0.0,0.0,0.0,0.5,1.0
PEC,0.0,1.0,0.0,0.0,0.0,0.0,0.5,0.0,0.16666666666666666,0.0,0.0,0.0,0.0,0.0,0.0,0.0
PED,0.0,0.0,0.0,0.0,0.45454545454545453,0.0,0.0,0.0,0.0,0.625,0.0,0.2,0.0,0.0,0.0,1.0
PEE,0.0,0.6,0.0,0.0,0.0,0.0,0.5,0.0,0.0,0.0,0.0,0.0,1.0,0.0,0.0,0.0
PEF,1.0,1.0,1.0,0.0,0.0,1.0,0.0,0.6666666666666666,1.0,0.0,0.0,0.0,1.0,0.0,0.0,0.0
PEG,0.4,0.8,0.6666666666666666,0.4,0.6,0.16666666666666666,0.3333333333333333,0.42857142857142855,0.6666666666666666,0.5,0.5,0.5,0.25,0.5714285714285714,0.8,0.2
PEI,0.0,0.0,0.0,0.0,0.0,0.0,1.0,0.0,0.0,0.0,0.5,0.0,0.0,0.0,0.0,0.0
PEK,0.0,0.0,0.0,0.0,0.0,0.0,0.0,0.0,0.0,0.0,1.0,0.0,0.0,0.0,0.0,0.0
PEL,0.0,0.0,0.0,0.0,0.0,0.0,0.0,0.0,0.0,0.0,0.0,0.0,0.0,0.0,0.0,0.0
PEM,0.0,0.0,0.0,1.0,0.0,0.0,0.0,1.0,0.5,0.0,0.0,0.0,0.0,1.0,1.0,1.0
PEN,0.14285714285714285,0.1111111111111111,0.0,0.0,0.0,0.6071428571428571,0.0,0.0,0.0,0.3,0.0,0.0,0.125,0.14285714285714285,0.0,0.0
PEP,0.6666666666666666,0.0,0.25,1.0,0.3333333333333333,0.2,0.0,1.0,1.0,0.3333333333333333,0.0,0.25,1.0,1.0,1.0,0.5
PEQ,0.0,0.0,1.0,0.0,1.0,1.0,0.0,0.0,0.0,1.0,0.0,0.0,0.0,0.0,0.0,0.0
PER,0.0,1.0,0.3333333333333333,0.0,1.0,0.6666666666666666,0.6666666666666666,0.0,0.6666666666666666,0.5,1.0,0.0,0.0,0.0,0.0,0.0
PES,0.6,0.0,0.0,1.0,0.0,0.0,0.0,0.5,0.3333333333333333,0.0,0.0,0.0,1.0,0.6666666666666666,0.5,0.5
PET,0.0,1.0,1.0,0.0,1.0,0.0,1.0,0.0,1.0,0.0,1.0,0.0,0.0,1.0,0.5,0.0
PEV,0.0,0.0,0.0,0.0,0.0,0.0,0.0,0.0,0.0,0.0,0.0,0.0,0.0,0.0,0.0,0.0
PEW,0.0,0.0,0.0,0.0,0.0,0.2948717948717949,0.6666666666666666,0.1111111111111111,0.75,0.782608695652174,0.0,0.0,0.0,0.0,0.8947368421052632,0.0
PFD,0.5,0.0,0.5,0.0,0.0,0.0,0.0,0.0,1.0,0.0,0.16666666666666666,0.0,0.0,0.0,0.0,0.0
PFE,0.0,0.0,0.0,0.0,0.0,0.0,0.0,0.0,0.0,0.0,0.0,0.0,0.0,0.0,0.0,0.0
PFF,0.0,0.0,0.0,0.0,0.0,0.0,0.0,0.0,0.0,0.0,0.0,0.0,0.0,0.0,0.0,0.0
PFG,1.0,0.5,0.0,0.0,0.0,0.0,0.0,0.0,0.0,0.0,0.0,0.0,0.0,0.0,0.0,0.0
PFI,0.0,1.0,1.0,0.0,0.6666666666666666,0.75,0.0,0.0,0.0,0.5,0.5,0.5,1.0,0.0,0.0,0.0
PFK,0.0,0.0,0.0,0.0,0.0,0.0,0.0,0.8275862068965517,0.0,0.8571428571428571,0.0,0.0,0.0,0.0,0.8888888888888888,0.9591836734693877
PFL,0.0,0.0,0.0,0.0,0.0,0.0,0.0,0.0,1.0,0.6,0.7727272727272727,0.5,0.0,0.0,0.0,0.3333333333333333
PFN,0.0,0.0,0.0,0.0,0.0,0.0,0.0,0.0,0.0,0.0,0.0,0.08333333333333333,1.0,0.0,0.0,0.0
PFP,0.0,0.0,0.0,0.0,0.0,0.0,0.0,0.0,0.0,0.0,0.0,0.0,0.0,0.0,0.0,0.0
PFR,0.0,0.0,0.0,0.0,0.0,0.0,0.0,0.0,0.0,0.0,0.0,0.0,0.0,0.0,0.0,0.0
PFS,0.0,0.0,0.0,0.0,0.0,0.0,0.0,1.0,0.0,0.0,0.0,0.0,0.0,0.5,0.0,0.0
PFT,0.0,0.0,0.0,0.0,0.0,0.0,0.0,0.0,0.0,0.0,0.0,0.0,0.0,0.0,0.0,0.0
PFV,0.0,0.0,0.0,0.0,0.0,0.0,0.0,0.0,0.0,0.0,0.0,0.16666666666666666,0.0,0.0,0.15,0.0
PFY,0.6666666666666666,0.14285714285714285,0.0,0.0,0.0,0.0,0.0,0.0,0.0,0.625,0.0,0.14285714285714285,0.16666666666666666,0.0,1.0,1.0
PGA,0.5,1.0,0.5,0.0,0.0,1.0,0.0,0.0,0.0,0.0,0.5,0.3333333333333333,0.0,0.0,0.0,0.0
PGD,0.0,0.0,0.0,0.0,0.0,0.0,0.0,0.0,0.0,0.0,0.0,0.0,0.0,0.0,0.0,0.0
PGE,0.0,0.0,0.0,0.0,0.0,0.0,0.0,1.0,0.0,0.0,0.0,0.0,0.0,0.25,0.0,0.0
PGF,0.0,0.0,0.0,0.0,0.0,0.0,0.0,0.0,0.0,0.0,0.0,0.0,0.0,0.0,0.0,0.0
PGG,0.0,0.0,0.0,0.0,0.0,0.0,0.0,0.0,0.0,0.0,0.0,0.0,0.0,0.0,0.0,0.0
PGH,0.0,0.0,0.0,0.0,0.0,0.0,0.0,0.0,0.0,0.0,0.0,0.0,0.0,0.0,0.0,0.0
PGI,0.36363636363636365,0.1111111111111111,0.13333333333333333,0.4444444444444444,0.16666666666666666,0.7076023391812866,0.0,0.6764705882352942,0.1875,0.2692307692307692,0.7441860465116279,0.0,0.35294117647058826,0.26666666666666666,0.16666666666666666,0.2
PGK,0.07692307692307693,0.25,0.5,0.0,1.0,0.75,1.0,0.5,0.3333333333333333,1.0,0.7,0.5,1.0,0.0,0.8571428571428571,0.5
PGL,0.0,0.0,0.5,0.75,0.5,0.0,0.0,0.0,1.0,0.0,0.25,0.0,0.0,0.5,1.0,0.0
PGM,0.0,0.125,0.3333333333333333,0.0,0.45454545454545453,0.0,0.0,0.0,0.058823529411764705,0.0,0.0,0.0,0.0,0.26666666666666666,0.0,0.0
PGQ,0.0,0.0,0.0,0.0,0.6666666666666666,0.0,0.0,0.0,0.0,1.0,0.0,0.0,0.0,0.0,0.0,0.0
PGR,0.6666666666666666,0.5,0.4,0.5,0.4,0.0,0.6,0.0,1.0,0.3333333333333333,0.0,0.0,0.25,0.6666666666666666,0.0,0.5
PGT,1.0,0.5,0.0,0.0,1.0,0.6666666666666666,1.0,0.3333333333333333,1.0,0.0,1.0,0.0,0.0,1.0,1.0,1.0
PGV,0.0,0.5,1.0,0.0,1.0,0.0,1.0,0.0,0.0,0.0,0.0,0.6666666666666666,0.0,0.5,0.0,1.0
PGW,0.0,0.875,1.0,1.0,0.625,1.0,1.0,0.0,1.0,0.25,0.0,0.0,1.0,0.0,0.0,1.0
PGY,0.0,0.0,0.0,0.0,0.0,0.0,0.0,0.0,0.0,0.0,0.0,0.0,0.0,0.0,0.0,0.0
PHA,0.0,0.0,0.0,0.0,0.0,0.5,0.0,1.0,0.3333333333333333,0.6666666666666666,0.3333333333333333,0.6666666666666666,0.0,0.3333333333333333,0.4,0.0
PHD,0.0,0.0,0.0,0.0,0.0,0.0,0.0,0.0,0.0,0.0,0.0,0.0,0.0,0.0,0.0,0.0
PHE,0.0,0.0,0.0,0.0,1.0,1.0,0.0,0.0,0.0,0.0,0.0,0.0,0.0,0.0,0.0,0.0
PHF,0.0,0.0,0.0,0.0,0.0,0.0,0.0,0.0,0.0,0.0,0.0,0.0,0.0,0.0,0.0,0.0
PHG,0.0,0.0,0.5,1.0,1.0,0.0,0.0,0.0,0.0,0.0,0.0,0.5,1.0,0.0,1.0,0.0
PHH,0.0,0.0,0.0,0.5,0.0,0.0,0.0,0.0,0.0,0.5,0.0,0.0,0.0,0.0,1.0,0.0
PHL,0.0,0.0,0.0,0.0,0.0,0.0,0.0,0.0,0.0,0.0,0.0,0.0,0.0,0.0,0.0,0.0
PHP,0.1111111111111111,0.0,0.08333333333333333,0.0,0.0,0.9516129032258065,0.0,0.0,0.3076923076923077,0.6,0.9142857142857143,0.0,0.0,0.2,0.0,0.0
PHR,0.0,0.0,0.0,0.0,0.0,0.0,0.0,0.0,0.0,0.0,0.0,0.0,0.0,0.0,0.0,0.0
PHV,0.0,0.0,0.0,1.0,0.0,0.0,0.0,0.0,0.0,0.0,0.0,0.0,1.0,0.0,0.0,0.0
PHY,0.0,1.0,1.0,0.0,0.0,0.0,1.0,0.0,0.0,1.0,1.0,1.0,1.0,1.0,1.0,1.0
PIA,0.0,0.0,1.0,1.0,0.5,0.0,0.0,0.0,1.0,0.5,0.3333333333333333,0.0,1.0,1.0,1.0,0.0
PIC,0.0,0.0,0.0,0.0,0.0,0.0,0.0,0.0,0.0,0.0,0.0,0.0,0.0,0.0,0.0,0.0
PIE,0.0,0.0,0.0,0.0,0.0,0.0,0.0,0.0,0.0,0.0,0.0,0.0,0.0,0.0,0.0,0.0
PIF,0.5,0.6153846153846154,0.6666666666666666,0.6666666666666666,0.5,0.25,0.8,0.5,1.0,0.5,0.4444444444444444,1.0,1.0,0.5,1.0,0.8571428571428571
PIG,0.0,0.0,0.6,1.0,1.0,0.0,1.0,1.0,0.6666666666666666,1.0,0.6666666666666666,0.6666666666666666,0.0,1.0,1.0,1.0
PII,0.0,0.0,0.0,0.0,0.0,0.0,0.0,0.0,0.0,0.0,0.0,0.0,0.0,0.0,0.0,0.0
PIL,0.0,0.0,0.5,1.0,0.0,0.0,1.0,0.0,1.0,0.0,0.6666666666666666,0.5,0.0,0.0,0.6666666666666666,0.0
PIM,0.0,0.0,0.0,0.0,0.0,0.0,0.0,0.0,0.0,0.0,0.0,0.0,0.0,0.0,0.0,0.0
PIN,0.0,0.0,0.0,0.5,0.0,0.0,0.0,0.0,0.0,0.0,0.0,0.0,0.0,0.0,0.0,1.0
PIP,0.0,0.0,0.5,0.0,0.0,0.0,0.0,0.0,0.5,0.0,0.0,0.0,0.0,0.0,0.0,0.0
PIQ,0.0,0.75,0.0,0.0,0.8461538461538461,0.3287671232876712,0.75,0.5454545454545454,0.6666666666666666,0.17647058823529413,0.020833333333333332,1.0,0.0,0.0,0.0,0.375
PIR,0.0,0.0,0.0,0.0,0.0,0.0,0.0,0.0,0.0,0.0,0.0,0.0,0.0,0.0,0.0,0.0
PIS,0.0,0.0,0.5,0.0,0.0,0.0,0.0,0.0,0.0,0.0,0.0,1.0,0.2,1.0,0.0,0.0
PIT,0.0,0.0,0.0,0.0,0.0,0.0,0.0,0.0,0.0,0.0,0.0,0.0,0.0,0.0,0.0,0.0
PIV,0.2,0.13636363636363635,0.13333333333333333,0.0,0.0,0.0,0.0,0.2,0.35714285714285715,0.10714285714285714,0.921875,0.25,0.0,0.0,0.3125,0.0
PKA,0.0,0.0,0.0,0.0,0.0,0.0,0.0,0.0,0.0,0.0,0.0,0.0,0.0,0.0,0.0,0.0
PKD,1.0,0.25,0.5,0.5,1.0,0.0,0.3333333333333333,0.5,0.8,0.0,0.0,0.0,0.0,0.25,0.2,0.0
PKE,0.3333333333333333,0.0,0.0,1.0,0.0,0.0,0.0,0.0,1.0,0.0,0.0,0.0,0.0,0.0,0.3333333333333333,0.0
PKF,0.0,0.0,0.0,0.0,0.0,0.0,0.04,0.6666666666666666,0.09090909090909091,0.7741935483870968,0.0,1.0,0.0,0.0,0.8571428571428571,0.0
PKG,0.0,0.0,0.0,0.0,0.0,0.0,1.0,0.0,1.0,0.0,1.0,0.0,0.0,0.3333333333333333,0.0,0.0
PKI,0.3333333333333333,0.5,0.0,0.3333333333333333,0.0,0.0,0.0,0.5,0.2,0.0,0.25,0.0,0.3333333333333333,0.0,0.16666666666666666,1.0
PKK,1.0,1.0,1.0,1.0,0.0,0.0,1.0,0.0,0.8666666666666667,0.0,1.0,1.0,0.0,0.0,1.0,1.0
PKL,0.95,0.6666666666666666,0.0,0.0,0.0,0.0,0.0,0.0,0.3333333333333333,0.0,0.0,0.0,0.0,0.0,0.0,0.0
PKM,0.0,0.0,0.0,0.0,0.0,0.0,0.0,0.0,0.0,0.0,0.0,0.5,0.0,0.0,0.0,0.4
PKN,0.0,0.0,0.0,0.0,0.0,0.0,0.0,0.0,0.0,0.0,0.0,0.0,0.0,0.0,0.0,0.0
PKP,0.0,0.0,0.6,0.0,0.0,0.0,0.0,0.0,0.3333333333333333,0.0,0.6111111111111112,0.2,0.0,0.0,0.3333333333333333,0.5
PKQ,0.6666666666666666,1.0,0.8571428571428571,0.0,0.5,0.75,0.0,0.4,0.8,0.25,0.6666666666666666,0.5,0.0,1.0,0.5,0.0
PKR,0.0,0.0,0.0,0.0,0.0,0.0,0.0,0.0,0.0,0.0,0.0,0.0,0.0,0.0,0.0,0.0
PKS,0.0,1.0,0.125,1.0,0.5454545454545454,1.0,0.8571428571428571,0.0,0.4,0.25,0.0,0.8333333333333334,1.0,0.0,0.0,1.0
PKT,1.0,1.0,1.0,0.0,1.0,0.5,0.8571428571428571,1.0,0.8235294117647058,0.8,0.8571428571428571,1.0,1.0,0.0,0.0,0.0
PKV,0.7878787878787878,0.8,0.0,0.75,0.4,0.7916666666666666,0.8461538461538461,0.0,0.6388888888888888,0.25,0.03125,0.2222222222222222,0.7857142857142857,0.4117647058823529,0.6,0.25
PKW,1.0,0.0,0.0,0.5,0.0,0.0,0.0,0.5,1.0,0.0,0.0,0.0,0.0,0.0,1.0,0.0
PKY,0.0,0.0,0.0,0.0,0.0,0.0,0.0,0.0,0.0,0.0,0.0,0.0,0.0,0.0,0.0,0.0
PLC,0.0,0.0,0.5,1.0,0.0,0.0,0.75,0.0,0.8,0.5,0.6666666666666666,0.0,0.0,0.0,0.4,0.5
PLD,0.07692307692307693,0.6,0.07142857142857142,0.5,1.0,0.047619047619047616,0.5,0.0,0.375,0.0,0.06976744186046512,0.5,0.25,1.0,0.5,1.0
PLF,0.0,0.0,0.0,0.0,0.0,0.0,0.0,0.0,0.0,0.0,0.7272727272727273,0.7058823529411765,0.0,0.0,0.7272727272727273,0.8181818181818182
PLG,0.0,0.0,0.0,0.0,0.0,0.0,0.5,0.0,0.0,0.0,0.0,0.6666666666666666,0.0,0.3333333333333333,1.0,0.0
PLI,0.0,0.0,0.0,1.0,0.0,0.0,0.6666666666666666,0.0,0.5,0.5,0.0,0.0,0.0,0.0,0.4,0.5
PLK,0.0,0.0,1.0,0.0,1.0,0.0,0.0,0.0,0.0,0.0,1.0,0.0,0.0,1.0,0.0,0.0
PLL,0.0,0.0,0.0,0.0,0.0,0.0,0.0,0.0,0.0,0.0,0.0,0.0,0.0,0.0,0.0,0.0
PLM,0.0,0.0,0.0,0.0,0.0,0.0,0.0,0.0,0.0,0.0,0.0,0.0,0.0,0.0,0.0,0.0
PLN,1.0,0.3333333333333333,1.0,0.8333333333333334,1.0,0.4,0.3333333333333333,0.2,0.7777777777777778,0.75,0.75,0.5,0.75,0.0,0.5555555555555556,0.8
PLQ,0.0,1.0,0.0,0.0,1.0,1.0,0.8,0.0,0.0,0.0,0.0,0.0,0.0,0.0,0.0,0.0
PLR,0.0,0.7,0.7142857142857143,1.0,0.7,1.0,0.7777777777777778,1.0,0.8,0.0,0.0,0.0,0.0,0.25,0.0,0.5
PLS,0.0,0.0,0.0,0.0,0.0,0.0,0.0,0.0,0.0,0.0,0.0,0.0,0.0,0.0,0.0,0.0
PLT,0.13636363636363635,0.2857142857142857,0.07407407407407407,0.9166666666666666,0.6190476190476191,0.4946236559139785,0.08695652173913043,0.3783783783783784,0.0,0.5178571428571429,0.034782608695652174,0.3333333333333333,0.8571428571428571,0.23809523809523808,0.7428571428571429,0.5789473684210527
PLV,0.15384615384615385,0.47368421052631576,0.375,1.0,0.5,0.2,0.06666666666666667,0.5531914893617021,0.1111111111111111,0.625,0.04,0.16666666666666666,1.0,0.13333333333333333,0.38095238095238093,0.75
PLW,0.0,0.0,0.0,0.0,0.0,0.0,0.0,0.0,0.0,0.0,0.0,0.0,0.0,0.0,0.0,0.0
PLY,1.0,0.0,0.0,0.0,0.0,0.0,0.0,0.0,0.0,0.0,0.0,0.0,0.0,0.0,0.0,0.0
PMF,0.0,0.0,0.0,0.0,0.0,0.0,0.0,0.0,0.0,0.0,0.0,0.0,0.0,0.0,0.0,0.0
PMG,0.0,0.0,0.0,1.0,0.0,0.6,0.6,0.0,0.0,1.0,0.3333333333333333,0.0,0.0,0.75,0.0,0.0
PMQ,0.0,0.0,0.0,1.0,0.0,0.0,0.0,0.0,1.0,0.0,0.0,0.0,0.0,0.0,0.5,1.0
PMR,0.0,0.0,0.0,1.0,1.0,0.0,0.0,0.0,0.0,1.0,0.0,0.0,0.0,0.0,1.0,1.0
PMV,0.0,0.0,0.0,0.0,0.0,0.0,0.0,0.0,0.0,0.0,0.0,0.0,0.0,0.0,0.0,0.0
PMY,0.0,0.0,1.0,0.0,1.0,1.0,0.0,0.0,0.0,1.0,0.0,0.0,0.0,0.0,0.0,0.0
PNA,0.5,0.0,0.0,0.0,0.0,0.0,1.0,0.5,0.3333333333333333,0.5,0.3333333333333333,0.5,0.0,0.0,0.25,1.0
PNE,0.0,0.0,0.0,0.0,0.0,0.0,0.0,0.0,0.0,0.0,0.0,0.0,0.0,0.0,0.0,0.0
PNG,0.0,0.0,0.16666666666666666,0.0,0.5,0.16666666666666666,0.0,0.0,0.0,0.2,0.0,0.5,0.0,0.0,1.0,0.0
PNH,0.0,1.0,0.0,0.25,0.8333333333333334,0.0,0.0,0.8571428571428571,0.25,1.0,0.0,0.0,0.0,0.6666666666666666,0.5,0.3333333333333333
PNI,0.0,0.0,0.0,0.0,0.0,1.0,1.0,1.0,0.0,0.0,0.0,0.6666666666666666,0.0,1.0,1.0,0.0
PNK,0.0,0.0,0.0,1.0,0.0,0.5,0.0,1.0,1.0,0.0,0.0,0.0,0.0,1.0,1.0,1.0
PNL,0.0,1.0,0.0,0.0,0.0,1.0,0.0,0.0,0.0,0.0,0.0,0.0,0.0,0.0,0.0,0.0
PNN,0.0,0.0,0.0,0.0,0.0,0.0,0.0,1.0,0.0,0.0,0.0,0.0,0.0,0.0,0.0,1.0
PNP,0.0,0.6666666666666666,0.0,0.0,0.5,0.6666666666666666,0.25,0.5,1.0,1.0,0.4,0.0,0.3333333333333333,0.0,0.6666666666666666,0.0
PNT,1.0,1.0,0.0,0.0,1.0,0.0,0.0,0.0,0.0,0.0,0.0,0.0,0.0,0.0,0.0,0.0
PNY,0.0,0.0,0.0,0.0,0.0,0.0,0.0,0.0,0.0,0.0,0.0,0.0,0.0,0.0,0.0,0.0
PPC,0.0,0.0,0.0,0.0,0.0,0.0,0.0,0.0,0.0,0.0,0.0,1.0,1.0,0.0,0.0,1.0
PPD,1.0,0.5,0.0,0.0,0.0,0.5,0.5,0.0,0.5,0.0,0.0,0.3333333333333333,1.0,0.5,0.0,0.25
PPE,0.3333333333333333,1.0,0.6666666666666666,0.25,0.6,0.25,0.0,0.0,1.0,0.25,0.0,0.0,0.16666666666666666,0.5,1.0,0.5
PPF,0.0,0.0,0.0,0.0,0.0,0.0,0.0,0.0,0.6666666666666666,0.6,0.7142857142857143,0.0,0.0,0.0,0.0,0.0
PPG,0.0,0.0,0.0,0.0,0.0,0.0,0.0,0.0,0.0,0.0,0.0,0.0,0.0,0.0,0.0,0.0
PPK,0.0,0.0,0.0,0.0,0.0,0.0,0.0,0.0,0.0,0.0,0.0,0.0,0.0,0.0,0.0,0.0
PPL,0.0,0.7317073170731707,0.35714285714285715,0.0,0.725,0.43478260869565216,0.46875,0.6666666666666666,0.3888888888888889,0.7083333333333334,0.0,0.3333333333333333,0.0,0.0,0.95,0.8571428571428571
PPN,0.0,0.5,0.0,0.0,0.0,0.0,0.0,0.5,1.0,1.0,0.6666666666666666,0.0,0.0,0.0,1.0,0.0
PPP,0.0,0.0,0.0,0.0,0.0,0.0,0.0,0.5,0.0,1.0,0.75,0.0,0.0,0.0,0.5,0.0
PPR,0.0,0.0,0.0,0.0,0.0,0.0,0.0,0.0,0.0,0.0,0.0,0.0,0.0,0.0,0.0,0.0
PPS,0.0,0.0,0.0,0.0,0.0,0.0,0.0,0.0,0.0,0.0,0.0,0.0,0.0,0.0,0.0,0.0
PPT,0.0,0.0,0.0,0.0,0.0,0.0,0.0,0.0,0.0,0.0,0.0,0.0,0.0,0.0,0.0,0.0
PPV,0.0,0.0,0.0,0.5,0.0,0.0,0.0,1.0,1.0,1.0,0.0,0.0,0.0,1.0,1.0,1.0
PPW,0.0,0.0,0.5,0.0,0.0,0.0,0.0,0.0,0.0,0.0,0.17647058823529413,0.1875,0.75,0.0,0.0,0.0
PPY,0.0,0.0,0.0,0.0,0.0,0.0,0.0,0.0,0.0,0.0,0.0,0.0,0.0,0.0,0.0,0.0
PQA,0.0,0.0,0.0,0.0,0.0,0.0,1.0,1.0,1.0,1.0,1.0,0.0,0.0,0.0,1.0,1.0
PQD,0.0,0.0,0.0,0.0,0.0,0.0,0.0,0.0,0.0,0.0,0.0,0.0,0.0,0.0,0.0,0.0
PQE,1.0,0.5,0.25,1.0,0.0,0.0,0.0,0.7777777777777778,0.6666666666666666,0.6,0.6153846153846154,0.5625,0.4,1.0,0.5789473684210527,0.52
PQG,0.0,1.0,0.125,0.8666666666666667,0.0,0.5882352941176471,0.1111111111111111,0.08333333333333333,0.2777777777777778,0.5384615384615384,0.6379310344827587,1.0,0.8823529411764706,0.5833333333333334,0.631578947368421,0.4666666666666667
PQI,0.0,0.0,0.0,0.0,0.0,0.0,0.0,0.0,0.0,0.0,0.0,0.0,0.0,0.0,0.0,0.0
PQR,0.0,1.0,1.0,1.0,1.0,0.7142857142857143,0.8571428571428571,1.0,1.0,0.6,0.6666666666666666,1.0,0.0,1.0,1.0,0.0
PQS,0.0,0.0,0.0,0.0,0.0,0.0,0.0,0.0,0.0,0.0,0.0,0.0,0.0,0.0,0.0,0.0
PQV,0.0,1.0,1.0,0.0,0.0,1.0,0.0,1.0,0.0,0.0,0.5,0.0,0.0,1.0,0.0,0.0
PRA,0.0,0.0,0.0,1.0,0.0,0.0,0.0,1.0,0.5,0.0,0.0,0.0,0.0,1.0,1.0,1.0
PRD,1.0,0.0,0.3333333333333333,0.6666666666666666,0.0,1.0,1.0,0.0,0.8,0.5,0.6666666666666666,0.6666666666666666,0.0,0.0,0.75,0.6666666666666666
PRE,1.0,1.0,1.0,0.0,0.0,1.0,0.0,1.0,1.0,1.0,1.0,1.0,0.0,1.0,1.0,0.0
PRG,0.0,0.0,0.0,0.0,0.0,0.0,0.0,0.0,0.0,0.0,0.0,0.0,0.0,0.0,0.0,0.0
PRI,1.0,1.0,1.0,0.0,0.0,1.0,0.0,0.0,1.0,0.0,0.0,0.0,0.5,0.0,0.0,0.0
PRL,0.0,0.0,1.0,0.0,0.0,0.0,1.0,0.0,0.5,0.0,0.0,0.0,0.0,1.0,0.0,0.0
PRM,0.0,0.0,0.0,0.0,0.0,0.0,0.0,0.0,0.0,0.0,0.0,0.0,0.0,0.0,0.0,0.0
PRN,0.0,0.0,0.0,0.0,0.0,0.0,0.0,0.0,0.0,0.0,0.0,0.0,0.0,0.0,0.0,0.0
PRP,0.0,0.0,0.0,0.0,0.0,0.0,0.0,0.0,0.0,0.0,0.0,0.0,0.0,0.0,0.0,0.0
PRQ,0.0,0.0,0.5,0.3333333333333333,0.75,0.6666666666666666,0.3333333333333333,0.0,0.5,0.0,0.75,0.5,1.0,0.5,1.0,0.0
PRR,0.0,1.0,0.0,0.0,0.0,1.0,0.8333333333333334,1.0,1.0,0.75,1.0,1.0,1.0,1.0,0.0,0.0
PRS,0.0,0.0,0.0,0.0,0.0,0.0,0.0,0.0,0.0,0.0,0.0,0.0,0.0,0.0,0.0,0.0
PRV,0.5,0.0,0.6666666666666666,0.7142857142857143,0.16666666666666666,0.25,0.0,0.8,0.25,0.3333333333333333,0.0,0.3333333333333333,1.0,0.6,0.3333333333333333,0.6666666666666666
PRW,0.0,0.5,0.0,0.75,1.0,1.0,0.6666666666666666,0.0,0.4,0.0,0.6666666666666666,1.0,0.0,0.25,0.6666666666666666,1.0
PRY,0.8571428571428571,1.0,0.8888888888888888,0.0,1.0,0.75,1.0,0.0,0.6666666666666666,0.6666666666666666,1.0,0.6666666666666666,1.0,1.0,0.8571428571428571,1.0
PSA,0.0,0.0,0.0,0.0,0.0,0.0,0.0,0.0,0.0,0.0,0.0,0.0,0.0,0.0,0.0,0.0
PSC,0.0,0.0,0.5,0.0,0.0,0.0,0.0,0.0,0.6666666666666666,0.0,0.0,0.0,0.0,0.0,0.0,0.0
PSD,1.0,0.25,0.3333333333333333,0.0,0.0,0.0,0.0,1.0,0.0,0.5,1.0,1.0,0.0,0.5,1.0,0.0
PSE,0.0,0.0,0.0,0.0,0.0,0.0,0.0,0.0,0.0,0.0,0.0,0.0,0.0,0.0,0.0,0.0
PSG,0.5,1.0,0.0,0.0,0.25,1.0,1.0,1.0,1.0,0.0,1.0,0.5,0.0,0.6666666666666666,0.0,0.0
PSH,1.0,1.0,1.0,0.0,0.0,0.0,0.0,1.0,0.0,0.0,1.0,1.0,1.0,0.0,1.0,1.0
PSI,0.0,0.0,0.0,1.0,0.0,0.725,0.0,0.0,0.16666666666666666,0.0,0.0,0.0,0.7142857142857143,0.4,0.8333333333333334,0.16666666666666666
PSK,0.0,0.0,0.8461538461538461,0.0,0.0,0.0,0.0,0.5,0.6666666666666666,0.16666666666666666,0.25,0.0,0.0,0.0,0.0,0.0
PSL,0.0,0.0,0.0,1.0,1.0,0.0,0.0,0.0,0.0,0.0,0.0,0.0,0.0,0.0,0.5,0.0
PSM,0.0,0.0,0.0,0.0,0.0,0.0,0.0,0.0,0.0,0.0,0.0,0.0,0.0,0.0,0.0,0.0
PSN,0.0,0.625,0.3333333333333333,0.0,0.6666666666666666,0.5,0.0,0.5,0.0,0.0,0.2,0.0,0.0,0.0,0.0,0.0
PSP,1.0,0.5,1.0,0.0,0.0,1.0,0.0,1.0,0.5,0.0,0.5,1.0,1.0,0.0,0.0,0.0
PSQ,0.3333333333333333,0.0,0.0,0.3333333333333333,0.0,0.0,0.0,0.3333333333333333,0.0,0.0,0.0,1.0,0.4,0.0,0.0,0.0
PSR,0.0,0.0,0.0,0.0,0.0,0.0,0.0,0.4,0.0,0.0,0.5,0.5,0.0,0.2,0.0,1.0
PSS,0.8,0.0,0.5,0.0,0.0,0.0,0.0,0.0,1.0,0.0,0.0,0.0,0.0,0.0,0.0,0.0
PST,0.8,0.9,0.0,0.0,0.7272727272727273,0.5,0.0,0.0,0.5,0.0,0.0,0.0,0.0,0.0,0.0,0.0
PSV,0.0,0.0,0.0,0.5,0.0,0.0,0.0,1.0,0.0,0.0,0.9615384615384616,0.7692307692307693,0.0,0.0,0.9387755102040817,0.9393939393939394
PTA,0.0,0.0,0.0,0.0,0.0,0.0,0.0,0.0,0.0,0.0,0.0,0.0,0.0,0.0,0.0,0.0
PTD,0.0,0.0,0.0,1.0,1.0,0.0,0.0,0.0,0.0,1.0,1.0,0.5,0.0,0.0,0.5,1.0
PTE,0.0,0.0,0.0,0.0,0.0,0.0,0.0,0.0,0.0,0.0,0.0,0.0,0.0,0.0,0.0,0.0
PTH,0.0,0.0,0.0,0.0,0.0,0.0,0.0,0.0,0.0,0.0,0.0,0.0,0.0,0.0,0.0,0.0
PTI,0.0,0.0,0.0,0.0,0.0,0.0,0.0,0.0,0.0,0.0,0.0,0.0,0.0,0.0,0.0,0.0
PTK,0.5,0.5,0.0,0.0,1.0,1.0,0.0,0.0,0.3333333333333333,0.0,0.0,0.0,0.0,0.0,0.0,0.0
PTL,1.0,0.0,0.875,0.6666666666666666,1.0,0.4,0.75,0.5,0.8888888888888888,0.7142857142857143,1.0,0.5,0.6666666666666666,1.0,0.6666666666666666,1.0
PTN,0.0,1.0,0.0,0.0,1.0,0.0,0.5,0.0,0.0,1.0,0.0,0.0,0.0,0.0,0.0,0.0
PTR,0.0,0.0,0.0,0.0,0.0,0.0,0.0,0.0,0.0,0.0,0.0,0.0,0.0,0.0,0.0,0.0
PTT,0.0,0.0,0.0,0.0,0.0,0.0,0.0,0.0,0.0,0.0,0.0,0.0,0.0,0.0,0.0,0.0
PTY,0.0,0.0,1.0,0.0,0.0,0.0,0.0,0.0,0.0,0.0,0.0,0.4,0.5,0.0,0.0,0.5
PVA,0.3333333333333333,0.5,1.0,1.0,0.5555555555555556,0.0,0.0,0.75,1.0,0.75,0.0,0.15789473684210525,0.0,1.0,0.0,0.5
PVC,0.25,0.42857142857142855,0.14285714285714285,0.0,0.0,0.0,0.0,0.42857142857142855,0.5555555555555556,0.4,0.02127659574468085,0.20833333333333334,0.0,0.0,0.23809523809523808,0.0
PVD,0.0,0.0,0.6666666666666666,0.0,0.0,0.0,0.0,0.0,0.0,0.0,0.0,0.4,0.0,0.0,0.0,0.0
PVE,0.0,1.0,0.0,0.5,0.3333333333333333,0.0,0.0,0.0,0.25,0.5,1.0,1.0,0.0,0.0,0.6666666666666666,0.5
PVF,0.3333333333333333,0.75,0.0,0.7857142857142857,0.0,0.4406779661016949,0.25,0.08333333333333333,0.2,0.38461538461538464,0.15,0.0,1.0,0.5333333333333333,0.25,0.25
PVG,0.0,0.0,0.0,0.0,0.0,0.6666666666666666,0.0,0.0,0.0,1.0,0.0,0.0,0.0,0.0,0.0,0.0
PVH,0.0,0.0,0.0,0.0,0.0,0.0,0.0,0.0,0.0,0.0,0.0,0.0,0.0,0.0,0.0,0.0
PVI,1.0,0.0,0.5,0.0,0.0,0.0,0.0,0.0,0.5,1.0,0.5714285714285714,0.0,0.0,0.0,0.0,0.0
PVK,0.0,1.0,0.07142857142857142,0.14285714285714285,0.5,0.02631578947368421,0.1111111111111111,1.0,0.07692307692307693,0.25,0.02040816326530612,0.0,0.0,0.0,0.3333333333333333,1.0
PVL,1.0,1.0,1.0,0.0,0.6666666666666666,0.6,0.0,1.0,0.2,1.0,0.0,0.3333333333333333,0.0,1.0,0.3333333333333333,0.0
PVP,0.0,0.0,0.0,0.0,0.0,0.0,0.0,0.0,0.0,0.0,0.0,0.0,0.0,0.0,0.0,0.0
PVQ,1.0,0.0,0.8,0.0,0.0,0.0,0.0,0.0,0.75,0.2857142857142857,0.0,0.5,0.6666666666666666,0.0,0.0,0.6666666666666666
PVR,0.0,0.0,0.0,1.0,0.0,0.0,0.0,0.0,1.0,0.0,0.0,0.0,0.0,0.0,0.6666666666666666,1.0
PVT,0.0,0.0,0.0,0.0,0.0,0.0,0.0,0.0,0.0,0.0,0.0,0.0,0.0,0.0,0.0,0.0
PVV,0.0,0.0,0.0,0.0,0.0,0.0,0.0,0.0,0.0,0.0,0.0,0.0,0.0,0.0,0.0,0.0
PVY,0.0,0.0,0.0,0.0,0.0,0.0,0.0,0.0,0.0,0.0,0.0,0.0,0.0,0.0,0.0,0.0
PWD,0.0,0.0,0.5,0.0,0.0,0.0,0.0,0.0,0.0,0.0,0.0625,0.2727272727272727,0.6,0.0,0.0,0.0
PWL,0.0,0.0,0.0,0.0,0.0,0.0,0.0,0.0,0.0,0.0,0.0,0.0,0.0,0.0,0.0,0.0
PWP,0.0,0.0,0.5,0.0,0.0,1.0,0.0,0.0,0.0,0.25,0.0,0.0,0.3333333333333333,0.0,0.0,0.5
PWQ,0.0,0.0,0.0,0.0,0.0,0.0,0.0,0.0,0.0,0.0,0.05405405405405406,0.5897435897435898,0.0,0.0,0.08333333333333333,0.9
PWT,0.0,0.0,1.0,0.0,0.0,0.0,0.0,0.0,0.0,0.0,0.0,0.2,0.5,0.0,0.0,0.25
PYA,0.0,0.0,0.0,0.0,0.0,0.0,0.0,0.0,0.0,0.0,0.0,0.0,0.0,0.0,0.0,0.0
PYE,0.0,0.0,0.0,0.0,0.0,0.0,0.0,1.0,1.0,0.0,0.0,0.0,0.0,0.0,1.0,0.0
PYG,0.0,1.0,0.0,0.0,1.0,0.0,0.0,0.0,0.3333333333333333,0.0,0.0,0.0,0.0,0.0,0.5,0.0
PYI,0.0,0.0,1.0,0.0,0.0,0.0,0.0,0.0,0.0,1.0,0.0,0.0,1.0,0.0,0.0,0.0
PYL,0.0,0.0,0.0,0.0,0.0,0.0,0.0,0.0,0.0,0.0,0.0,0.0,0.0,0.0,0.0,0.0
PYM,0.0,0.0,0.0,0.0,0.0,0.0,0.0,0.0,0.0,0.0,0.0,0.0,0.0,0.0,0.0,0.0
PYN,0.0,0.3333333333333333,0.0,0.4,0.0,0.6991150442477876,0.16666666666666666,0.0,0.0,0.25,0.0,0.3333333333333333,0.4444444444444444,0.125,0.3,0.2857142857142857
PYP,0.8333333333333334,0.0,0.625,1.0,0.6666666666666666,0.0,0.0,0.0,0.75,0.25,0.0,0.0,0.5,1.0,0.0,0.5
PYQ,0.0,0.0,0.0,0.0,0.0,0.0,0.0,0.0,0.0,0.0,0.0,0.0,0.0,0.0,0.0,0.0
PYR,0.0,0.5,0.0,0.0,0.6666666666666666,0.5,0.0,0.0,0.0,1.0,0.0,0.0,0.0,0.0,0.0,0.0
PYS,0.88,0.7666666666666667,0.09090909090909091,0.0,0.6111111111111112,0.3333333333333333,0.9259259259259259,0.0,0.5652173913043478,0.7575757575757576,0.16666666666666666,0.0,0.0,0.0,0.0,0.0
PYV,0.0,0.0,0.5714285714285714,0.875,0.0,0.25,0.0,0.4,0.5,0.0,0.8,0.7272727272727273,1.0,1.0,0.8666666666666667,0.8
PYW,0.0,0.6666666666666666,0.0,1.0,0.0,1.0,0.0,0.0,0.0,0.0,0.0,0.0,1.0,0.0,0.0,1.0
PYY,0.0,0.0,0.0,0.0,0.0,0.0,0.0,0.0,0.0,0.0,0.0,0.0,0.0,0.0,0.0,0.0
QAA,0.0,0.125,0.3333333333333333,1.0,0.0,0.0,0.2222222222222222,0.0,0.5333333333333333,0.0,0.6923076923076923,0.5454545454545454,0.25,0.0,0.5,0.6666666666666666
QAC,0.0,0.0,0.3333333333333333,1.0,1.0,0.0,0.5,0.0,0.4,0.3333333333333333,0.5,0.5,0.0,1.0,1.0,0.0
QAF,0.0,0.7142857142857143,0.0,1.0,1.0,0.5,0.5,0.7142857142857143,0.5714285714285714,0.7142857142857143,0.8333333333333334,0.0,0.0,1.0,1.0,1.0
QAG,0.75,0.7,0.6666666666666666,0.0,1.0,0.25,0.6666666666666666,1.0,0.8333333333333334,0.0,0.35714285714285715,0.3125,0.6666666666666666,0.0,0.625,0.0
QAI,0.3333333333333333,0.9230769230769231,0.0,0.5,0.8571428571428571,0.0,0.0,0.4666666666666667,0.0,0.6,0.0,0.0,0.4,0.0,0.7419354838709677,0.6578947368421053
QAK,0.6666666666666666,0.75,0.8,0.5,1.0,0.3333333333333333,0.0,1.0,0.25,0.25,0.3333333333333333,1.0,1.0,0.0,0.5,0.0
QAL,0.6666666666666666,0.0,0.5714285714285714,0.0,0.0,0.0,0.3333333333333333,0.5,0.75,0.5,1.0,0.0,0.0,0.0,1.0,0.5
QAM,0.0,0.0,1.0,0.0,1.0,0.0,0.0,0.0,0.0,1.0,0.0,0.0,0.0,0.0,0.0,0.0
QAP,0.07142857142857142,0.16666666666666666,0.0,0.0,0.0,0.5,0.0,0.75,0.1111111111111111,0.0,0.5,0.625,0.3333333333333333,0.6666666666666666,0.45454545454545453,0.4
QAQ,0.0,1.0,0.0,0.0,1.0,0.5217391304347826,0.0,0.7142857142857143,0.0,0.6,0.0,0.0,0.0,0.0,0.0,0.5882352941176471
QAR,0.6666666666666666,0.8888888888888888,0.875,0.75,0.75,1.0,0.6,0.875,1.0,1.0,0.8571428571428571,1.0,1.0,0.75,1.0,0.7857142857142857
QAT,0.0,0.8666666666666667,0.0,0.0,0.96,0.2891566265060241,0.7272727272727273,0.59375,0.16666666666666666,0.6923076923076923,0.0,0.0,0.6666666666666666,0.0,0.0,0.6551724137931034
QAV,0.0,0.0,0.0,0.0,0.0,0.0,1.0,0.0,0.0,0.0,0.0,1.0,0.0,0.0,1.0,0.0
QAW,0.0,0.0,0.5,0.0,0.0,0.0,0.0,1.0,0.0,0.0,0.0,1.0,1.0,0.0,0.0,1.0
QAY,1.0,0.8,1.0,1.0,0.6666666666666666,0.0,0.0,0.0,0.0,0.0,0.0,1.0,0.0,1.0,0.0,0.0
QCG,0.0,0.0,0.0,0.0,0.0,0.0,0.0,0.0,0.0,0.0,0.0,0.0,0.0,0.0,0.0,0.0
QCN,0.0,0.0,0.0,0.0,0.0,0.0,0.0,0.0,0.0,0.0,0.0,0.0,0.0,0.0,0.0,0.0
QDA,0.0,0.0,0.0,0.0,0.0,0.0,0.0,0.0,0.0,0.0,0.0,0.0,0.0,0.0,0.0,0.0
QDC,0.0,0.0,0.0,0.0,0.0,0.0,0.0,0.0,0.0,0.0,0.0,0.0,0.0,0.0,0.0,0.0
QDD,0.0,0.0,0.0,0.0,0.0,0.0,0.0,0.0,0.0,0.0,0.0,0.0,0.0,0.0,0.0,0.0
QDF,0.7142857142857143,0.5714285714285714,0.5555555555555556,0.25,0.0,0.7521367521367521,0.1875,0.0,0.0,0.46153846153846156,0.0,0.0,0.0,0.3333333333333333,0.0,0.0
QDG,0.0,0.0,0.0,0.0,0.0,0.0,0.0,0.0,0.0,0.0,0.0,0.0,0.0,0.0,0.0,0.0
QDI,0.0,0.0,1.0,0.0,0.0,0.0,0.0,0.0,0.0,0.5,0.0,0.5,1.0,0.0,0.0,0.0
QDL,0.0,0.0,0.0,0.0,0.0,0.0,0.0,0.0,0.0,0.0,0.0,0.0,0.0,0.0,0.0,0.0
QDM,0.0,0.0,0.0,0.0,0.0,0.0,0.0,0.0,0.0,0.0,0.0,0.0,0.0,0.0,0.0,0.0
QDN,0.75,1.0,0.6,1.0,1.0,1.0,0.6,0.0,0.0,0.8,0.7272727272727273,0.75,1.0,0.6666666666666666,0.0,0.0
QDR,0.0,0.0,0.0,0.0,0.0,0.0,0.0,0.0,0.0,0.0,0.0,0.0,0.0,0.0,0.0,0.0
QDS,1.0,0.08333333333333333,0.625,0.0,0.125,0.18181818181818182,0.25,0.18181818181818182,0.75,0.16666666666666666,0.0,0.4,0.0,1.0,0.09523809523809523,0.041666666666666664
QDT,0.0,0.0,0.0,0.0,0.0,0.0,0.0,0.0,0.0,0.0,0.0,0.0,0.0,0.0,0.0,0.0
QDV,0.0,0.0,0.0,0.0,0.0,0.0,0.0,0.0,0.0,0.0,0.0,0.0,0.0,0.0,0.0,0.0
QDW,0.0,0.0,0.0,0.0,0.0,0.0,0.0,0.0,0.0,0.0,0.0,0.3333333333333333,0.0,0.0,1.0,0.0
QDY,0.0,0.0,0.0,0.0,0.0,0.0,0.0,0.0,0.0,0.0,0.0,0.0,0.0,0.0,0.0,0.0
QEA,0.0,0.0,0.0,0.0,0.0,0.0,0.0,0.0,0.0,0.0,0.0,0.0,0.0,0.0,0.0,0.0
QEC,0.0,0.0,0.0,0.0,0.0,0.0,0.0,0.0,0.0,0.0,1.0,1.0,0.0,0.0,0.0,0.0
QED,0.0,0.0,0.0,0.0,0.0,0.0,0.0,0.0,0.0,0.0,0.0,0.0,0.0,0.0,0.0,0.0
QEE,0.0,0.0,0.0,0.0,0.0,0.0,0.0,0.0,0.0,0.0,0.0,0.0,0.0,0.0,0.0,0.0
QEF,0.0,0.0,0.0,0.0,0.0,0.0,0.0,0.0,0.0,0.0,0.0,0.0,0.0,0.0,0.0,0.0
QEG,0.6666666666666666,0.0,0.5,0.0,0.0,0.0,0.0,0.0,0.4,0.0,0.0,0.0,0.0,0.0,0.0,0.0
QEH,0.0,0.0,0.0,0.0,0.0,0.0,0.0,0.0,0.0,0.0,0.0,0.0,0.0,0.0,0.0,0.0
QEK,0.0,1.0,0.0,1.0,0.0,0.0,0.0,1.0,1.0,0.0,0.0,0.0,0.0,0.0,1.0,0.0
QEL,0.0,0.4,0.14285714285714285,1.0,1.0,0.25,0.6666666666666666,0.6,0.2857142857142857,0.8333333333333334,0.75,0.7142857142857143,0.0,0.3333333333333333,0.5581395348837209,0.7647058823529411
QEM,1.0,0.5,1.0,1.0,0.0,0.0,0.0,1.0,0.5,0.0,0.0,0.0,0.75,1.0,1.0,1.0
QEP,0.0,0.3333333333333333,1.0,1.0,0.5555555555555556,0.07017543859649122,0.4,0.65,0.3333333333333333,0.7,0.08,0.875,0.0,0.6666666666666666,0.8823529411764706,0.9791666666666666
QEQ,0.0,0.0,0.0,0.0,0.0,0.0,0.0,0.0,0.0,1.0,1.0,0.0,0.0,0.0,0.0,0.0
QER,0.0,0.0,1.0,0.0,1.0,0.0,1.0,0.0,0.0,1.0,1.0,1.0,0.0,1.0,0.0,0.0
QES,0.0,0.0,0.0,0.0,0.0,0.0,0.0,0.0,0.0,0.0,1.0,0.3333333333333333,0.0,0.0,0.5,1.0
QET,0.0,0.0,0.0,0.0,0.0,1.0,0.0,0.75,0.0,0.0,0.0,0.0,0.0,1.0,0.0,1.0
QEV,0.0,0.0,0.0,0.0,0.0,0.0,0.0,0.0,0.0,0.0,0.0,0.0,0.0,0.0,0.0,0.0
QFA,0.0,1.0,0.0,1.0,1.0,0.0,0.0,1.0,0.0,1.0,0.6666666666666666,0.0,1.0,0.0,1.0,1.0
QFE,0.0,0.0,0.0,1.0,0.0,0.0,0.0,1.0,1.0,0.0,0.0,0.0,0.0,1.0,1.0,1.0
QFG,0.6666666666666666,0.4,0.75,0.0,0.6666666666666666,0.0,0.5,0.0,0.0,0.0,0.45454545454545453,0.5,0.0,1.0,0.8333333333333334,0.6
QFH,0.0,0.0,0.0,0.0,0.0,0.0,0.0,0.0,0.0,0.0,0.0,0.0,0.0,0.0,0.0,0.0
QFI,0.0,0.0,0.0,0.0,0.0,0.0,0.0,0.0,0.0,0.0,0.0,0.0,0.0,0.0,0.0,0.0
QFL,0.0,0.0,0.6666666666666666,1.0,0.0,0.0,0.0,0.0,0.0,0.0,0.8,0.6666666666666666,0.5,0.0,0.8,0.8571428571428571
QFM,0.0,0.0,0.0,0.0,0.0,0.0,0.0,0.0,0.0,0.0,1.0,1.0,0.0,0.0,1.0,0.0
QFP,0.0,0.0,0.0,0.0,0.0,0.0,0.0,0.0,0.0,0.0,0.0,0.0,0.0,0.0,0.0,0.0
QFR,0.0,0.0,0.0,0.0,0.0,0.0,0.0,0.0,0.0,0.0,0.0,0.0,0.0,0.0,0.0,0.0
QFS,0.6666666666666666,0.0,0.7142857142857143,0.0,0.0,0.0,0.0,0.0,0.8,0.0,0.7,0.0,0.0,0.0,0.0,0.0
QFV,0.0,1.0,0.5,0.0,0.6666666666666666,0.0,0.0,0.0,0.0,0.0,0.0,0.0,0.0,0.0,0.0,0.0
QGA,0.0,0.0,0.0,0.0,0.0,0.0,0.0,0.0,0.0,0.0,0.0,1.0,0.0,0.0,0.6666666666666666,0.5
QGC,0.0,0.5,0.3333333333333333,0.0,0.6666666666666666,0.0,0.6666666666666666,0.0,0.16666666666666666,1.0,1.0,0.0,0.0,0.0,0.0,0.0
QGD,0.5,0.75,0.0,0.0,0.3333333333333333,0.16666666666666666,0.5,0.5,1.0,0.0,1.0,1.0,0.0,0.6666666666666666,0.0,0.0
QGE,0.0,1.0,0.0,1.0,0.5,1.0,0.0,0.0,0.0,0.0,0.0,0.0,1.0,0.0,0.0,0.0
QGF,0.0,0.0,0.0,0.0,0.7142857142857143,0.0,0.0,0.0,0.0,1.0,0.0,0.0,0.0,0.0,1.0,0.8333333333333334
QGG,0.0,0.0,0.0,0.0,0.0,0.0,0.0,0.0,0.0,0.0,0.0,0.0,0.0,0.0,0.0,0.0
QGI,0.0,0.0,0.0,0.5,1.0,0.6666666666666666,0.0,1.0,0.25,1.0,0.4,0.0,0.0,1.0,0.3333333333333333,0.0
QGK,0.0,0.3333333333333333,1.0,1.0,0.0,1.0,0.4,1.0,0.7142857142857143,0.6666666666666666,0.6666666666666666,1.0,0.75,1.0,0.8461538461538461,0.8
QGL,0.5,0.42857142857142855,0.6666666666666666,1.0,0.2857142857142857,0.42857142857142855,0.0,1.0,1.0,0.4,0.1111111111111111,1.0,1.0,0.5,0.6666666666666666,0.0
QGQ,0.0,0.0,0.0,0.0,0.0,0.6453900709219859,0.0,0.7619047619047619,0.0,0.0,0.0,0.0,0.0,0.0,0.0,0.631578947368421
QGR,0.0,0.0,0.0,0.0,0.0,1.0,1.0,0.5,0.0,0.0,0.0,1.0,0.0,0.6666666666666666,0.0,1.0
QGS,1.0,0.0,0.5,0.0,0.0,0.0,0.0,0.0,0.3333333333333333,0.0,0.0,0.0,0.0,0.0,0.0,0.0
QGT,0.0,0.0,0.0,0.0,0.0,0.0,0.0,0.0,0.0,0.0,0.25,0.16666666666666666,0.0,0.0,0.3333333333333333,0.3333333333333333
QGV,0.0,0.0,0.0,0.0,0.0,0.0,0.0,0.0,0.0,0.0,0.0,0.0,0.0,0.0,0.0,0.0
QGW,0.0,0.8666666666666667,0.0,0.8571428571428571,0.0,0.6292134831460674,0.0,0.0,0.16666666666666666,0.42857142857142855,0.5967741935483871,0.0,1.0,0.4166666666666667,0.5,0.2727272727272727
QGY,0.9166666666666666,0.8571428571428571,0.42857142857142855,0.0,0.6470588235294118,0.4,1.0,0.25,0.65,0.8421052631578947,0.6666666666666666,0.0,0.3333333333333333,0.0,0.5333333333333333,0.0
QHF,0.0,0.0,0.0,0.0,0.0,0.0,0.0,0.0,0.0,0.0,0.0,0.0,0.0,0.0,0.0,0.0
QHG,0.0,0.5,0.0,0.5,0.0,1.0,1.0,0.0,0.5,0.0,0.8,0.0,0.0,0.3333333333333333,0.0,0.0
QHL,0.0,0.0,0.0,0.0,0.0,0.0,0.0,0.0,0.0,0.0,0.0,0.0,0.0,0.0,0.0,0.0
QHR,0.0,0.0,0.5,1.0,0.3333333333333333,0.06451612903225806,0.3333333333333333,1.0,0.0,0.5,0.0,1.0,1.0,0.0,0.0,0.6666666666666666
QHS,0.0,0.0,0.0,0.0,0.0,0.0,0.0,0.0,0.0,0.0,0.0,0.0,0.0,0.0,0.0,0.0
QHV,0.0,0.0,0.0,0.0,0.0,0.0,0.0,0.0,0.0,0.0,0.0,0.0,0.0,0.0,0.0,0.0
QIA,0.0,0.5,0.0,0.0,0.0,0.0,0.6666666666666666,0.0,0.0,0.0,0.0,0.0,0.0,0.0,0.0,0.0
QIF,1.0,1.0,1.0,0.0,1.0,0.0,0.0,0.0,1.0,0.0,0.0,0.6666666666666666,1.0,0.0,0.3333333333333333,0.0
QIG,0.0,0.0,0.0,0.0,0.0,0.0,0.0,0.0,0.0,0.0,0.0,0.0,0.0,0.0,0.0,0.0
QIH,1.0,0.0,0.0,0.0,0.0,0.0,0.0,0.3333333333333333,0.0,1.0,1.0,0.0,0.0,0.0,0.3333333333333333,0.0
QII,0.21428571428571427,1.0,0.16666666666666666,1.0,1.0,0.09375,0.05263157894736842,0.0,0.0,0.7368421052631579,0.1,0.09090909090909091,0.5,0.2222222222222222,0.0,0.0
QIL,0.0,0.6470588235294118,0.9375,0.0,0.9375,0.625,0.375,0.625,0.5454545454545454,0.4,0.2222222222222222,0.7142857142857143,0.0,0.8333333333333334,0.0,0.0
QIN,0.0,0.0,0.0,0.0,0.0,0.0,0.0,0.0,0.0,0.0,0.0,0.0,0.0,0.0,0.0,0.0
QIP,0.0,0.0,0.0,0.0,0.0,0.0,0.0,0.0,0.0,0.0,0.0,0.0,0.0,0.0,0.0,0.0
QIQ,0.0,0.0,0.0,0.0,0.0,0.0,0.0,0.0,0.0,0.0,0.0,0.0,0.0,0.0,0.0,0.0
QIR,1.0,0.5,0.7142857142857143,0.6666666666666666,0.5,0.875,0.5,0.5,1.0,0.375,0.75,0.75,0.8571428571428571,0.8,0.6428571428571429,0.8888888888888888
QIT,0.0,0.0,0.0,0.0,0.0,0.0,0.0,0.0,0.0,0.0,0.0,0.0,0.0,0.0,0.0,0.0
QIV,0.0,0.0,0.0,0.0,0.0,0.0,0.0,0.0,0.0,0.0,0.0,0.0,0.0,0.0,0.0,0.0
QIW,1.0,0.0,0.6,1.0,0.7142857142857143,0.0,0.25,1.0,1.0,0.5,0.0,0.6666666666666666,1.0,1.0,1.0,1.0
QIY,0.0,0.03225806451612903,0.0,0.0,0.0,0.7657142857142857,0.0,1.0,0.0,0.8064516129032258,0.6084656084656085,0.0,0.0,0.034482758620689655,0.8571428571428571,0.7976190476190477
QKD,0.0,1.0,0.0,0.5,0.5,0.0,0.0,0.3333333333333333,0.0,1.0,0.5,0.0,1.0,0.0,1.0,0.3333333333333333
QKE,1.0,0.7058823529411765,1.0,0.0,0.7333333333333333,0.5303867403314917,0.7027027027027027,0.6060606060606061,1.0,0.6,0.5604395604395604,1.0,0.0,0.14285714285714285,1.0,0.5428571428571428
QKF,0.0,0.0,0.0,0.0,0.0,0.0,0.0,0.0,0.0,0.0,0.0,0.0,0.0,0.0,0.0,0.0
QKG,0.0,0.0,0.0,0.0,0.0,0.0,0.0,0.0,0.0,0.0,0.0,0.0,0.0,0.0,0.0,0.0
QKI,0.7142857142857143,0.4,0.8,0.0,0.07142857142857142,0.8880597014925373,0.5853658536585366,0.631578947368421,0.7619047619047619,0.0,0.6065573770491803,0.23076923076923078,0.0,0.0,0.16129032258064516,0.3125
QKK,0.0,0.3333333333333333,0.6,0.0,0.0,0.0,0.3333333333333333,1.0,0.0,0.5,0.5,0.5,0.0,0.0,0.5,0.8333333333333334
QKL,0.9354838709677419,0.0,0.9032258064516129,0.6666666666666666,0.14285714285714285,0.776595744680851,0.125,0.8064516129032258,0.5384615384615384,0.17857142857142858,0.9172413793103448,0.2,0.3333333333333333,0.9615384615384616,0.19047619047619047,0.7105263157894737
QKN,0.0,0.0,0.0,0.0,0.0,0.0,0.0,0.0,0.0,0.0,0.0,0.0,0.0,0.0,0.0,0.0
QKP,0.0,0.0,0.0,0.0,0.0,0.0,0.0,0.0,0.0,0.0,0.0,0.0,0.0,0.0,0.0,0.0
QKQ,0.0,0.0,0.0,0.0,0.0,0.5063291139240507,0.0,0.7450980392156863,0.0,0.3684210526315789,0.0,0.0,0.0,0.0,0.0,0.5517241379310345
QKR,0.0,0.0,0.0,0.0,0.0,0.0,0.0,0.0,0.0,0.0,0.0,0.0,0.0,0.0,0.0,0.0
QKS,0.0,1.0,0.0,0.5,1.0,0.0,1.0,1.0,0.5,1.0,0.5,0.0,0.0,0.0,1.0,1.0
QKT,0.0,1.0,0.0,0.0,1.0,0.16666666666666666,0.0,0.7741935483870968,0.0,0.9795918367346939,0.0,1.0,0.0,0.0,1.0,0.9230769230769231
QKV,0.6,0.3076923076923077,0.6,0.0,0.4,0.0,1.0,0.0,0.4,0.0,0.9230769230769231,0.8,1.0,0.0,0.16666666666666666,0.1111111111111111
QKW,0.0,1.0,0.6666666666666666,0.0,0.6666666666666666,1.0,0.6666666666666666,1.0,1.0,0.5,0.0,0.5,0.0,1.0,0.6666666666666666,0.0
QKY,0.0,0.0,0.0,0.0,0.0,0.0,0.0,0.0,0.0,0.0,0.0,0.0,0.0,0.0,0.0,0.0
QLA,0.0,0.0,0.0,0.0,0.0,0.0,0.0,0.0,0.0,0.0,0.0,0.0,0.0,0.0,0.0,0.0
QLD,0.0,0.0,0.0,0.0,0.0,0.0,0.0,0.0,0.0,0.0,0.0,0.0,0.0,0.0,0.0,0.0
QLE,0.0,0.0,0.0,0.0,0.0,0.0,0.0,0.0,0.0,0.0,0.0,0.0,0.0,0.0,0.0,0.0
QLF,0.0,0.0,0.0,0.0,0.0,0.0,0.0,0.0,0.0,0.0,0.0,0.0,0.0,0.0,0.0,0.0
QLG,0.0,0.5238095238095238,0.0,0.2,0.0,0.9512195121951219,0.13636363636363635,0.0,1.0,1.0,0.8584905660377359,0.0,0.0,0.26666666666666666,0.0,0.0
QLH,0.0,0.0,0.0,0.0,1.0,0.0,0.5,0.0,0.0,0.0,0.0,0.3333333333333333,0.0,0.5,0.0,0.0
QLI,0.0,0.0,0.0,0.0,0.0,0.0,0.0,0.0,0.0,0.0,0.0,0.0,0.0,0.0,0.0,0.0
QLL,0.0,0.0,0.6666666666666666,0.25,1.0,0.0,0.0,0.0,0.2222222222222222,0.3333333333333333,0.25,0.7142857142857143,0.25,0.0,0.5,0.8
QLM,0.0,0.0,0.0,0.0,0.0,0.0,0.0,0.0,0.0,0.0,0.0,0.0,0.0,0.0,0.0,0.0
QLN,0.0,0.0,0.0,0.0,0.0,0.0,0.0,0.0,0.0,0.0,0.0,0.0,0.0,0.0,0.0,0.0
QLP,0.0,0.0,0.0,0.0,0.0,0.0,0.0,0.0,0.6666666666666666,0.0,1.0,0.0,0.0,0.0,0.0,0.0
QLQ,0.0,0.0,0.0,0.75,0.0,1.0,1.0,1.0,1.0,0.0,0.5714285714285714,0.3333333333333333,1.0,0.6666666666666666,0.2,0.6666666666666666
QLR,0.5,0.0,0.5,0.75,1.0,1.0,0.3333333333333333,1.0,0.0,0.42857142857142855,0.0,0.125,0.3125,1.0,0.0,0.25
QLS,0.0,0.0,1.0,0.0,0.0,0.6195652173913043,0.0,0.6666666666666666,0.0,0.0,0.8141592920353983,0.16666666666666666,0.0,0.96,0.06060606060606061,0.5217391304347826
QLT,0.0,1.0,0.0,0.0,0.3333333333333333,0.6881720430107527,0.5185185185185185,0.7741935483870968,0.0,0.0,0.0,0.0,0.0,0.0,0.0,0.4230769230769231
QLV,1.0,0.14285714285714285,0.5,0.0,0.1111111111111111,0.0,0.0,0.0,1.0,0.0,0.25,0.4,0.0,0.0,0.16666666666666666,0.5
QLW,0.0,0.0,0.0,0.0,0.0,0.0,0.0,0.0,0.0,0.0,0.0,0.0,0.0,0.0,0.0,0.0
QLY,0.0,0.0,0.0,0.0,0.0,0.0,0.0,0.0,0.0,0.0,0.0,0.0,0.0,0.0,0.0,0.0
QMA,0.0,0.0,0.0,0.0,0.0,0.0,1.0,1.0,0.0,0.0,0.0,1.0,0.0,1.0,0.5,0.0
QME,0.0,0.0,0.0,0.0,0.0,0.0,0.0,0.0,0.0,0.0,0.0,0.0,0.0,0.0,0.0,0.0
QMG,1.0,1.0,0.4,0.0,1.0,0.0,0.0,0.0,0.6666666666666666,0.0,0.13636363636363635,0.19230769230769232,0.25,0.0,0.14285714285714285,0.0
QMI,0.0,0.0,0.0,0.0,0.0,0.0,0.0,0.0,0.0,0.0,0.0,0.0,0.0,0.0,0.0,0.0
QML,0.0,0.0,0.0,0.0,0.0,0.0,0.0,0.0,0.0,0.0,0.0,0.0,0.0,0.0,0.0,0.0
QMN,0.0,0.07692307692307693,0.3333333333333333,0.0,0.0,0.0,0.09090909090909091,0.0,0.14285714285714285,1.0,0.5555555555555556,0.0,0.0,0.0,0.0,0.0
QMP,0.0,0.0,0.0,0.0,0.0,0.0,0.0,0.0,0.0,0.0,0.0,0.0,0.0,0.0,0.0,0.0
QMS,0.0,0.0,0.0,1.0,0.0,0.0,0.0,0.0,0.0,0.0,0.625,0.875,1.0,0.0,1.0,1.0
QMT,0.9090909090909091,0.7333333333333333,0.0,0.0,0.0,0.0,0.0,0.0,0.5,0.0,0.0,0.0,0.0,0.0,0.0,0.0
QMV,0.0,0.0,0.0,0.0,0.0,0.0,0.0,0.0,0.0,0.0,0.0,0.0,0.0,0.0,0.0,0.0
QNC,0.0,0.0,0.0,0.0,0.0,0.0,0.0,0.0,0.0,1.0,0.125,0.0,0.0,0.0,0.0,0.0
QNE,1.0,0.0,0.6666666666666666,1.0,0.5,0.5,1.0,1.0,1.0,1.0,0.0,0.5,1.0,1.0,0.0,0.6666666666666666
QNF,0.0,0.0,0.0,0.0,0.0,0.0,0.0,0.0,0.0,0.0,0.0,0.0,0.0,0.0,0.0,0.0
QNH,0.0,1.0,0.8,1.0,0.9,1.0,1.0,0.0,1.0,1.0,0.0,0.8333333333333334,1.0,0.0,0.0,1.0
QNL,0.0,0.0,0.0,0.0,0.0,1.0,0.5,1.0,0.0,0.0,0.0,1.0,0.0,1.0,0.0,0.0
QNM,0.0,0.0,0.0,0.0,0.0,0.8,0.6666666666666666,1.0,0.0,0.3333333333333333,0.0,0.0,0.0,0.0,0.0,0.0
QNN,0.0,0.0,0.0,0.0,0.0,0.0,0.0,0.0,0.0,0.0,1.0,0.6666666666666666,0.0,0.0,1.0,0.0
QNP,0.0,0.0,0.0,0.0,0.0,0.0,0.0,0.0,0.0,0.0,0.0,0.0,0.0,0.0,0.0,0.0
QNQ,0.0,0.0,0.0,0.0,0.0,0.0,0.0,0.0,0.0,0.0,0.0,0.0,0.0,0.0,0.0,0.0
QNR,0.875,0.7272727272727273,0.42857142857142855,0.8,0.625,0.2,0.2222222222222222,1.0,0.3333333333333333,0.14285714285714285,0.2857142857142857,0.625,0.6666666666666666,0.6363636363636364,0.4,0.7142857142857143
QNT,0.0,0.0,0.0,0.0,0.0,0.0,1.0,0.0,0.0,0.0,1.0,1.0,0.0,0.0,1.0,0.0
QNV,0.0,0.0,0.0,0.0,0.0,0.0,0.0,0.0,0.0,0.0,0.0,0.0,0.0,0.0,0.0,0.0
QPD,0.08333333333333333,0.9615384615384616,0.0,0.0,1.0,0.5319148936170213,0.0,0.0,0.0,0.4117647058823529,0.0,0.0,0.0,0.0,0.0,0.0
QPE,0.0,0.0,0.0,0.0,0.0,0.0,0.0,0.0,0.0,0.0,0.0,0.0,0.0,0.0,0.0,0.0
QPG,0.0,0.0,1.0,0.0,1.0,0.5,0.75,0.0,0.0,1.0,1.0,0.0,0.0,0.0,0.0,0.0
QPI,0.0,0.0,0.0,0.0,0.0,0.0,0.0,0.0,0.16666666666666666,0.375,1.0,0.0,0.0,0.0,0.0,0.0
QPK,1.0,0.0,1.0,0.0,0.0,0.0,0.0,0.0,0.0,0.0,1.0,1.0,0.0,0.0,0.0,0.0
QPL,0.0,0.0,0.5,1.0,0.6666666666666666,0.0,0.75,0.0,0.0,1.0,0.8,0.9090909090909091,1.0,0.75,1.0,0.8571428571428571
QPQ,0.0,0.0,0.5,0.0,0.0,0.0,0.5,1.0,1.0,0.6666666666666666,1.0,1.0,1.0,0.0,1.0,1.0
QPR,1.0,1.0,1.0,0.0,0.0,1.0,0.0,1.0,1.0,1.0,1.0,1.0,0.0,1.0,1.0,0.0
QPS,0.0,0.0,0.0,0.6666666666666666,0.5,0.0,0.0,0.75,0.0,0.0,1.0,0.851063829787234,0.0,0.0,0.9361702127659575,1.0
QPT,0.6923076923076923,0.4,0.7,0.5714285714285714,0.6666666666666666,0.3333333333333333,0.5714285714285714,0.0,0.6666666666666666,0.7272727272727273,0.5555555555555556,0.8,0.6666666666666666,0.0,1.0,1.0
QPV,0.0,0.0,0.0,0.5,0.0,0.0,0.0,0.0,0.5,0.0,0.0,0.0,0.0,0.0,1.0,1.0
QPY,0.0,0.3333333333333333,0.0,0.0,0.5,0.0,0.6666666666666666,0.0,0.0,1.0,0.0,0.0,0.0,0.0,0.0,0.0
QQI,0.0,0.0,0.0,0.0,0.0,0.0,0.0,0.0,0.0,0.0,0.0,0.0,0.0,0.0,0.0,0.0
QQK,0.0,0.0,0.0,0.0,0.0,0.0,0.0,0.0,0.0,0.0,0.0,0.0,0.0,0.0,0.0,0.0
QQL,0.0,0.0,0.0,0.0,0.0,0.0,0.0,0.0,0.0,0.0,0.0,0.0,0.0,0.0,0.0,0.0
QQP,0.0,0.0,0.0,0.0,0.0,0.0,1.0,0.0,0.0,0.0,0.0,1.0,0.0,0.5,1.0,0.0
QQR,0.0,0.0,0.0,0.0,0.0,0.0,0.0,0.0,0.0,0.0,0.0,0.0,0.0,0.0,0.0,0.0
QQS,0.88,0.75,0.8888888888888888,0.0,0.7222222222222222,0.6,0.0,0.375,0.3333333333333333,0.6666666666666666,0.0,0.8571428571428571,0.0,0.0,0.6,0.0
QQT,0.0,0.0,0.0,0.0,0.0,0.0,1.0,0.0,1.0,1.0,0.0,0.0,0.0,0.0,0.5,0.0
QQV,0.0,0.0,0.0,0.0,0.0,0.0,0.0,0.0,0.0,0.0,0.0,0.0,0.0,0.0,0.0,0.0
QQY,0.0,1.0,1.0,0.0,0.0,0.0,0.0,0.0,0.0,0.0,0.0,0.5,1.0,0.0,0.0,1.0
QRC,0.0,0.0,0.0,0.0,0.0,0.0,0.0,0.0,0.0,0.0,0.0,0.0,0.0,0.0,0.0,0.0
QRD,0.0,0.0,0.0,0.0,0.0,0.0,0.0,0.0,0.0,0.0,0.0,0.0,0.0,0.0,0.0,0.0
QRE,0.0,0.0,0.0,0.0,0.0,0.0,0.0,0.0,0.0,0.0,0.5714285714285714,0.7142857142857143,0.0,0.0,0.8333333333333334,1.0
QRF,0.0,0.0,0.0,0.0,0.0,1.0,1.0,0.5,0.0,0.0,0.0,0.6666666666666666,0.0,1.0,1.0,0.0
QRG,1.0,0.0,1.0,1.0,0.0,0.0,0.0,0.5,1.0,0.0,1.0,1.0,0.0,0.0,1.0,1.0
QRK,0.0,1.0,0.0,0.0,0.0,0.5,0.8,0.0,1.0,0.6666666666666666,1.0,1.0,1.0,0.0,0.0,0.0
QRL,1.0,1.0,0.6666666666666666,0.0,1.0,1.0,0.5,0.0,0.5,0.5,0.0,0.6666666666666666,0.0,1.0,0.5,0.0
QRM,0.0,1.0,1.0,1.0,1.0,0.8333333333333334,1.0,0.75,1.0,0.6666666666666666,0.6666666666666666,1.0,1.0,0.6666666666666666,1.0,0.0
QRQ,1.0,0.25,1.0,0.0,0.0,0.0,0.5,0.6666666666666666,1.0,1.0,1.0,0.5,0.0,0.0,1.0,0.0
QRR,0.0,0.0,1.0,0.5,0.0,0.0,1.0,0.0,1.0,0.0,0.0,0.0,0.0,1.0,1.0,0.0
QRT,0.0,0.0,0.0,0.0,0.0,0.0,0.0,0.0,0.0,0.0,0.0,0.0,0.0,0.0,0.0,0.0
QSA,0.0,0.0,1.0,0.0,1.0,0.0,0.0,0.0,0.0,1.0,0.0,0.0,0.0,0.0,0.0,0.0
QSE,0.4,0.0,0.0,0.3333333333333333,0.0,0.0,1.0,0.3333333333333333,0.0,0.5,0.0,1.0,0.3333333333333333,0.0,0.0,0.0
QSG,0.0,0.0,0.0,0.0,0.0,0.0,0.0,0.0,0.0,0.0,0.0,0.0,0.0,0.0,0.0,0.0
QSI,0.0,0.0,0.0,0.0,0.0,0.0,1.0,1.0,0.0,0.0,0.0,0.0,0.0,0.5,0.0,0.0
QSL,0.0,0.0,1.0,0.0,0.0,0.0,1.0,0.0,1.0,1.0,1.0,0.0,0.0,0.0,0.0,0.0
QSN,0.0,0.0,0.0,0.0,0.0,0.0,0.0,0.5,0.0,0.5,1.0,0.0,0.0,0.0,1.0,0.0
QSP,0.0,0.0,0.0,0.0,0.0,0.0,0.0,0.0,0.0,0.0,0.0,0.0,0.0,0.0,0.0,0.0
QSS,0.35714285714285715,0.9090909090909091,0.15384615384615385,0.5555555555555556,0.8181818181818182,0.8383838383838383,0.4117647058823529,0.09090909090909091,0.23076923076923078,1.0,0.6853932584269663,0.5,0.6666666666666666,0.45454545454545453,0.25,0.3076923076923077
QST,0.0,0.0,0.0,0.0,0.0,0.0,0.0,0.0,0.0,0.0,0.0,0.0,0.0,0.0,0.0,0.0
QSV,0.9166666666666666,0.6842105263157895,0.6153846153846154,0.0,0.6,0.6666666666666666,0.0,0.36363636363636365,0.2,0.631578947368421,0.0,0.46153846153846156,0.0,0.0,0.5882352941176471,0.0
QSY,1.0,0.92,0.9166666666666666,0.0,0.9545454545454546,0.7,0.8,0.5714285714285714,0.2,0.8888888888888888,0.0,0.75,0.0,0.0,0.7333333333333333,0.0
QTA,0.0,0.0,0.0,0.16666666666666666,0.5,0.0,0.0,0.0,0.3333333333333333,0.0,0.0,1.0,0.0,0.0,1.0,0.3333333333333333
QTD,0.0,1.0,0.5,0.0,0.14285714285714285,0.0,0.0,0.0,0.5,0.0,0.0,0.0,1.0,0.0,0.0,1.0
QTF,0.0,0.0,0.0,0.0,0.0,0.0,0.0,0.0,0.0,0.0,1.0,1.0,0.0,0.0,0.0,0.0
QTG,0.6666666666666666,0.5,0.0,1.0,0.5,1.0,1.0,1.0,0.4,1.0,0.25,0.0,1.0,0.75,0.0,1.0
QTI,0.0,0.0,1.0,0.0,0.0,0.0,1.0,0.0,1.0,1.0,1.0,0.0,0.0,0.0,0.0,0.0
QTK,0.0,0.0,0.0,0.0,0.0,0.0,1.0,0.0,1.0,1.0,0.0,0.0,0.0,0.0,1.0,0.5
QTL,0.5,0.0,0.5,0.0,1.0,0.0,0.0,0.0,0.0,1.0,0.6,0.0,0.0,0.0,0.0,0.0
QTR,1.0,0.0,0.8,0.0,0.0,0.0,0.0,0.0,0.5714285714285714,0.6666666666666666,0.0,0.0,0.0,0.0,0.0,0.0
QTV,0.75,0.4,0.25,1.0,0.0,0.0,1.0,0.0,0.75,0.0,0.5,0.75,0.0,0.5,0.75,0.0
QVA,0.0,0.25,0.0,0.0,0.5,0.3333333333333333,0.4,1.0,0.0,0.3333333333333333,0.5,0.3333333333333333,0.0,0.3333333333333333,0.2857142857142857,0.0
QVD,0.0,0.0,0.0,0.0,0.0,0.0,0.0,1.0,0.0,0.0,0.0,0.0,0.0,0.0,0.0,1.0
QVE,0.0,0.0,0.0,0.0,0.0,0.0,0.0,0.0,0.0,0.0,0.0,0.0,0.0,0.0,0.0,0.0
QVF,0.0,0.0,0.0,0.0,0.0,0.0,0.0,0.0,0.0,0.0,0.0,0.0,0.0,0.0,0.0,0.0
QVG,0.0,0.0,0.0,0.0,0.0,0.0,0.0,0.0,0.0,0.0,0.0,0.0,0.0,0.0,0.0,0.0
QVI,0.0,0.0,0.0,0.0,0.0,0.0,0.0,0.0,0.0,0.0,0.0,0.0,0.0,0.0,0.0,0.0
QVK,0.0,0.0,0.5,0.0,0.0,0.0,0.0,0.0,0.0,0.5,0.0,0.3333333333333333,0.5,0.0,0.0,0.0
QVL,0.0,0.5,1.0,1.0,0.6666666666666666,0.0,1.0,0.5,1.0,0.75,1.0,0.5,0.0,0.0,0.8,0.5
QVM,0.0,0.0,0.0,1.0,0.0,0.0,0.0,1.0,0.3333333333333333,1.0,0.4358974358974359,0.7872340425531915,0.0,0.0,0.5714285714285714,0.90625
QVN,0.0,0.0,1.0,0.0,0.0,0.0,0.0,0.0,1.0,0.3333333333333333,0.0,0.0,0.0,0.0,0.0,0.0
QVP,0.0,0.0,0.0,0.0,0.0,0.0,0.0,1.0,0.0,0.0,0.0,0.0,0.0,1.0,0.0,0.0
QVQ,0.0,0.0,0.0,0.0,0.0,0.0,0.0,0.0,0.0,0.0,0.0,0.0,0.0,0.0,0.0,0.0
QVR,0.0,0.4,0.6666666666666666,1.0,0.0,0.0,0.4,0.0,0.0,1.0,0.0,1.0,1.0,0.0,0.0,1.0
QVS,1.0,1.0,0.0,0.0,0.0,0.0,0.0,1.0,0.0,0.0,0.0,0.0,0.0,0.0,0.0,0.0
QVT,0.0,0.0,0.0,0.0,0.0,0.0,0.0,0.0,0.0,0.0,0.5,0.5,0.0,0.0,0.5,0.5
QVV,0.0,0.0,0.0,0.0,0.0,0.0,0.0,0.0,0.0,0.0,0.058823529411764705,0.5625,0.0,0.0,0.12,0.6470588235294118
QVY,0.0,1.0,0.0,0.0,0.0,1.0,0.0,1.0,0.0,0.0,0.0,0.0,0.0,1.0,0.0,0.0
QWK,0.0,0.0,0.0,0.0,0.0,0.0,0.0,0.0,0.0,0.0,0.0,0.0,0.0,0.0,0.0,0.0
QWL,0.0,0.0,0.0,0.0,0.0,0.0,0.5,0.0,0.0,1.0,0.6666666666666666,0.42857142857142855,0.0,0.0,0.6,0.3333333333333333
QWN,0.0,0.0,1.0,0.0,0.0,0.0,0.0,0.0,1.0,0.0,1.0,0.0,0.0,0.0,0.0,0.0
QWP,0.5,0.625,0.0,1.0,0.0,0.7985611510791367,0.5,0.0,0.5833333333333334,0.45454545454545453,0.0,0.0,0.7894736842105263,0.6,0.5,0.17647058823529413
QWT,0.0,0.0,0.0,0.0,0.0,0.6476190476190476,0.0,0.631578947368421,0.0,0.0,0.0,0.0,0.0,0.0,0.0,0.6153846153846154
QYA,0.0,0.8529411764705882,0.09090909090909091,0.0,0.8529411764705882,0.48,0.0,0.6304347826086957,0.0,0.9310344827586207,0.0,0.0,0.0,0.0,1.0,0.8153846153846154
QYE,1.0,0.0,0.25,1.0,0.75,1.0,0.0,0.0,0.0,0.0,0.75,0.2,0.3333333333333333,0.0,0.0,0.0
QYF,0.0,0.0,0.0,0.0,0.0,1.0,1.0,0.0,0.0,0.0,0.6666666666666666,0.5,1.0,0.0,0.0,1.0
QYG,0.0,0.0,0.0,0.0,0.0,0.0,0.0,0.0,0.0,0.0,0.0,0.0,0.0,0.0,0.0,0.0
QYI,0.0,1.0,0.0,0.0,0.0,0.9230769230769231,0.0,0.0,0.0,0.0,0.9166666666666666,0.0,1.0,0.0,0.0,0.0
QYK,0.0,0.0,0.0,1.0,0.0,1.0,1.0,1.0,1.0,0.0,0.3333333333333333,0.0,0.0,0.5,1.0,1.0
QYL,0.0,0.0,0.0,0.0,0.0,0.0,0.0,0.0,0.0,0.0,0.0,0.0,0.0,0.0,0.0,0.0
QYM,0.0,0.8333333333333334,0.0,0.5,0.0,0.8888888888888888,0.13043478260869565,0.0,0.2,0.75,0.9397590361445783,0.0,0.9166666666666666,0.6666666666666666,0.3,0.23076923076923078
QYN,0.0,1.0,0.0,0.6,0.0,0.2413793103448276,0.42857142857142855,0.0,0.2857142857142857,0.75,0.0,0.0,0.7857142857142857,1.0,0.75,0.5
QYR,0.0,0.0,1.0,0.0,0.0,0.0,1.0,0.0,0.5,1.0,1.0,1.0,0.0,0.0,0.8,0.0
QYS,0.0,1.0,1.0,0.0,0.0,0.0,0.0,0.0,0.0,0.0,0.0,1.0,1.0,0.0,0.0,0.5
QYV,0.0,1.0,0.0,0.0,0.0,0.0,1.0,0.0,0.3333333333333333,0.0,1.0,0.0,0.0,0.0,0.0,0.0
RAC,0.3333333333333333,0.0,0.0,0.0,0.0,0.0,1.0,0.3333333333333333,0.0,0.3333333333333333,0.0,1.0,0.5,0.0,0.0,0.5
RAD,0.0,0.0,1.0,0.0,0.0,0.0,0.5,1.0,1.0,1.0,1.0,1.0,0.0,1.0,0.8333333333333334,0.0
RAE,0.0,0.0,0.0,0.0,0.0,0.0,0.0,0.0,0.0,0.0,0.0,0.0,0.0,0.0,0.0,0.0
RAF,0.2222222222222222,0.3333333333333333,0.4444444444444444,0.5,0.0,0.0,0.3333333333333333,0.4,0.8461538461538461,0.0,0.6666666666666666,0.0,0.3333333333333333,0.6666666666666666,0.42857142857142855,0.0
RAG,0.0,1.0,0.6666666666666666,0.0,1.0,1.0,1.0,0.75,0.0,1.0,0.5,1.0,1.0,1.0,0.75,1.0
RAI,0.0,0.0,1.0,0.0,1.0,0.0,0.0,1.0,0.0,0.0,0.5,0.0,0.0,1.0,0.0,0.0
RAK,1.0,0.0,0.75,0.0,0.75,0.5,0.0,0.0,0.5,1.0,0.5454545454545454,0.0,0.0,0.0,0.0,0.0
RAL,0.42857142857142855,0.6666666666666666,0.6666666666666666,1.0,0.25,0.0,0.4,0.0,0.75,0.0,0.0,0.6666666666666666,0.8888888888888888,0.0,0.2,1.0
RAM,0.0,0.0,0.0,1.0,0.0,0.0,0.0,1.0,1.0,0.0,0.0,0.0,0.0,1.0,1.0,1.0
RAN,0.0,0.0,0.0,0.0,0.0,0.0,0.0,0.0,0.0,0.0,0.0,0.0,0.0,0.0,0.0,0.0
RAP,0.0,0.0,0.0,0.0,0.0,1.0,1.0,1.0,0.0,0.0,0.0,1.0,0.0,1.0,1.0,0.0
RAR,0.8888888888888888,0.6666666666666666,0.5,1.0,0.6666666666666666,0.5,0.5,0.75,1.0,0.4,1.0,0.5,0.8,1.0,1.0,1.0
RAS,0.0,0.0,0.0,0.0,0.0,0.0,0.0,0.0,0.0,0.0,0.0,0.0,0.0,0.0,0.0,0.0
RAT,0.0,0.3333333333333333,0.5,1.0,1.0,1.0,1.0,1.0,0.6666666666666666,1.0,0.75,0.5,1.0,0.5,0.5714285714285714,1.0
RAV,0.0,0.0,0.0,0.6666666666666666,0.0,0.0,0.0,0.0,0.0,0.0,0.6666666666666666,1.0,1.0,0.0,0.75,1.0
RCD,0.0,0.0,0.0,0.0,0.0,0.0,0.0,0.0,0.0,0.0,0.0,0.0,0.0,0.0,0.0,0.0
RCE,0.0,1.0,0.8571428571428571,0.0,1.0,0.0,0.0,0.5,1.0,0.0,0.0,1.0,0.6666666666666666,1.0,0.0,1.0
RCF,0.0,0.0,0.0,0.0,0.0,0.0,0.0,0.0,0.0,0.0,0.0,0.0,0.0,0.0,0.0,0.0
RCK,0.0,0.0,0.0,0.0,0.0,0.0,0.0,0.0,0.0,0.0,0.0,0.0,0.0,0.0,0.0,0.0
RCS,0.0,0.0,0.0,0.5,0.0,0.0,0.0,0.0,1.0,0.0,0.0,0.0,0.0,0.0,1.0,0.0
RCV,0.0,0.0,0.0,0.0,0.0,0.0,0.0,0.0,0.0,0.0,0.0,0.0,0.0,0.0,0.0,0.0
RCW,0.0,0.0,0.0,0.0,0.0,0.0,0.0,0.0,0.0,0.0,0.0,0.0,0.0,0.0,0.0,0.0
RDA,0.0,0.0,0.0,0.0,0.0,0.0,0.0,0.0,0.0,0.0,0.0,0.0,0.0,0.0,0.0,0.0
RDC,0.0,0.0,0.0,1.0,0.0,0.0,0.0,0.0,0.0,0.0,0.0,0.0,0.0,0.0,1.0,0.0
RDD,0.5,0.3333333333333333,0.8,0.75,0.5,0.25,1.0,0.25,0.75,0.2857142857142857,0.18181818181818182,0.09090909090909091,0.6,0.0,0.2857142857142857,0.3
RDE,0.0,0.0,0.0,0.0,0.0,0.0,0.0,0.0,0.0,0.0,0.0,0.0,0.0,0.0,0.0,0.0
RDF,0.0,0.0,0.0,0.0,0.0,0.0,0.0,0.0,0.0,0.0,0.0,0.0,0.0,0.0,0.0,0.0
RDG,0.0,1.0,0.375,0.5,0.25,0.0,0.5,1.0,0.4,0.25,0.6,0.3333333333333333,0.75,1.0,0.4444444444444444,1.0
RDH,0.0,0.0,0.0,0.0,0.0,0.0,1.0,0.0,0.0,0.0,0.0,0.0,0.0,1.0,0.0,0.0
RDI,0.7272727272727273,0.7,0.875,0.0,0.5,0.42857142857142855,0.75,0.6666666666666666,0.5,0.4,0.8333333333333334,0.5,1.0,1.0,0.9,0.2727272727272727
RDL,0.0,0.25,0.21428571428571427,1.0,0.09090909090909091,0.2,0.2857142857142857,0.0,0.23076923076923078,0.6666666666666666,1.0,0.5,1.0,0.0,0.8,0.4
RDM,0.6666666666666666,0.3333333333333333,0.0,0.0,0.0,0.3333333333333333,1.0,0.0,0.3333333333333333,0.0,0.0,0.0,0.0,0.0,0.0,0.0
RDN,0.0,0.0,0.0,0.0,0.0,0.0,0.0,0.0,0.0,0.0,0.16666666666666666,0.2,0.0,0.0,0.25,0.5
RDP,0.0,0.0,1.0,0.0,1.0,0.6666666666666666,0.0,0.0,0.0,1.0,1.0,0.0,0.0,0.0,0.0,0.0
RDR,0.0,0.0,0.0,0.0,0.0,1.0,0.0,0.0,0.0,1.0,0.0,0.0,0.0,0.0,0.0,0.0
RDS,0.0,0.6666666666666666,0.3333333333333333,0.0,0.3333333333333333,0.0,0.5,0.3333333333333333,1.0,0.0,1.0,0.4,0.0,0.0,0.5,0.5
RDT,0.0,1.0,0.5,1.0,0.5,1.0,0.75,1.0,1.0,1.0,1.0,0.0,0.0,0.5,1.0,1.0
RDV,0.0,0.0,0.0,0.0,0.0,0.5,0.0,0.5,0.0,0.0,0.0,0.0,0.0,0.3333333333333333,0.0,0.0
RDW,0.0,0.0,0.0,0.0,0.0,0.6666666666666666,1.0,0.0,0.3333333333333333,0.5,0.0,0.0,0.0,0.0,0.0,0.0
RDY,0.0,0.0,0.0,0.0,0.0,0.0,0.0,0.0,0.0,0.0,0.0,0.0,0.0,0.0,0.0,0.0
RED,0.0,1.0,1.0,1.0,1.0,1.0,0.0,1.0,0.5,0.5,1.0,0.0,0.0,0.5,1.0,1.0
REE,0.5,0.0,1.0,0.4,0.0,0.0,0.0,0.75,0.5,0.3333333333333333,0.0,0.0,1.0,0.42857142857142855,0.5,1.0
REF,1.0,0.5,1.0,0.0,0.6666666666666666,0.2,0.3333333333333333,0.0,0.0,1.0,0.25,0.0,0.0,1.0,0.0,1.0
REG,0.0,0.0,0.0,1.0,0.0,0.0,0.0,0.5,0.25,0.0,0.0,0.0,1.0,0.3333333333333333,1.0,0.4
REH,0.0,0.0,0.0,0.0,0.0,0.0,0.0,0.0,0.0,0.0,0.0,0.0,0.0,0.0,0.0,0.0
REI,0.0,0.0,0.0,0.0,0.0,0.0,0.0,0.0,0.0,0.0,0.0,0.0,0.0,0.0,0.0,0.0
REK,1.0,1.0,1.0,1.0,1.0,1.0,0.0,1.0,1.0,0.0,0.0,0.0,1.0,0.0,0.0,1.0
REL,0.9166666666666666,0.65,0.7916666666666666,1.0,0.5,0.4883720930232558,0.3,0.047619047619047616,0.59375,0.6666666666666666,0.41304347826086957,0.0,0.9444444444444444,0.38095238095238093,0.35714285714285715,0.25
REN,0.8,1.0,0.7142857142857143,0.0,0.5,0.0,1.0,0.0,1.0,1.0,0.8461538461538461,0.8,0.6,0.0,1.0,0.0
REP,1.0,1.0,1.0,0.0,0.0,1.0,0.0,1.0,1.0,1.0,1.0,1.0,0.0,1.0,1.0,0.0
RER,1.0,0.5,0.75,0.6666666666666666,0.5,0.3333333333333333,0.5,0.7,0.8888888888888888,0.5555555555555556,0.6363636363636364,0.4,0.25,0.6666666666666666,0.9,0.42857142857142855
RES,0.25,0.0,1.0,0.25,0.3333333333333333,1.0,1.0,0.3333333333333333,0.0,1.0,0.0,1.0,0.6,0.0,0.0,0.5
RET,0.3333333333333333,0.5454545454545454,0.2857142857142857,0.25,0.8620689655172413,0.0,0.0,0.7241379310344828,0.5,0.8936170212765957,0.6190476190476191,0.3333333333333333,0.25,0.0,0.925,0.8363636363636363
REW,0.0,0.0,0.0,0.0,0.0,0.0,0.0,0.0,0.0,0.0,1.0,0.8571428571428571,0.0,0.0,1.0,1.0
REY,0.0,0.0,1.0,0.0,1.0,0.6666666666666666,0.0,0.0,0.0,1.0,0.0,0.0,0.0,0.0,0.0,0.0
RFA,0.0,0.0,0.5,0.0,0.5,0.0,0.0,0.0,0.3333333333333333,0.0,0.2857142857142857,1.0,0.0,1.0,1.0,0.0
RFD,0.0,0.0,0.0,0.0,1.0,0.5,0.0,0.0,0.0,0.0,0.0,0.0,0.0,0.0,0.0,0.0
RFE,0.0,0.0,0.0,0.0,0.0,0.0,0.0,0.0,0.0,0.0,0.4,0.4,0.3333333333333333,0.0,0.25,0.2857142857142857
RFG,0.0,0.0,0.0,0.3333333333333333,0.0,0.3333333333333333,0.3333333333333333,0.14285714285714285,0.0,0.0,0.0,0.5,0.0,0.25,0.42857142857142855,0.5
RFI,0.0,0.0,0.5,1.0,0.0,0.5,0.5,1.0,0.0,1.0,0.5,0.4,0.6666666666666666,0.0,0.25,0.4
RFK,1.0,1.0,1.0,1.0,1.0,0.0,0.0,1.0,0.0,0.5,0.0,0.0,1.0,0.0,0.0,0.0
RFL,0.0,0.0,0.0,0.0,0.0,0.0,0.0,0.0,0.0,0.0,1.0,1.0,0.0,0.0,0.6666666666666666,0.5
RFM,0.0,0.0,0.0,0.0,0.0,0.0,0.0,0.0,0.0,0.0,0.0,0.0,0.0,0.0,0.0,0.0
RFP,0.5714285714285714,0.0,0.6666666666666666,0.6,0.2,0.14285714285714285,0.0,0.6666666666666666,0.0,0.4,0.0,0.0,1.0,0.6666666666666666,0.0,1.0
RFR,1.0,0.5,0.5,0.0,0.0,1.0,1.0,0.75,1.0,1.0,1.0,0.75,1.0,1.0,1.0,1.0
RFS,0.0,0.0,0.0,0.0,0.0,0.0,0.0,0.0,0.0,0.0,0.5,1.0,0.0,0.0,0.0,0.25
RFT,0.0,0.18181818181818182,0.7777777777777778,0.0,0.5,0.9230769230769231,0.21428571428571427,0.6666666666666666,0.3333333333333333,0.5,0.5384615384615384,0.125,0.5,0.6666666666666666,0.2222222222222222,0.25
RFV,0.0,0.0,0.0,0.0,0.0,0.0,0.0,0.0,0.0,0.0,0.0,0.0,0.0,0.0,0.0,0.0
RFY,0.0,0.0,0.0,0.0,0.0,0.0,0.0,0.0,0.0,0.0,0.0,0.0,0.0,0.0,0.0,0.0
RGA,1.0,0.75,1.0,0.0,0.9130434782608695,0.7448979591836735,0.9333333333333333,0.9767441860465116,0.9130434782608695,0.9302325581395349,0.39215686274509803,1.0,0.0,0.9545454545454546,1.0,0.9767441860465116
RGC,0.0,1.0,0.7777777777777778,0.0,0.75,0.0,1.0,0.5,0.5,0.3333333333333333,1.0,0.8571428571428571,1.0,0.6666666666666666,0.0,1.0
RGD,0.0,0.25,0.2,0.0,1.0,0.0,0.3333333333333333,0.0,0.5,0.6,0.18181818181818182,0.17391304347826086,0.0,0.0,0.13043478260869565,0.14285714285714285
RGE,0.0,1.0,0.0,0.5,0.0,0.0,0.0,1.0,0.6666666666666666,0.5,0.0,0.6666666666666666,0.0,0.0,0.625,0.6
RGF,0.8846153846153846,0.8518518518518519,0.6666666666666666,0.0,0.9444444444444444,0.6,0.9230769230769231,0.5714285714285714,0.5833333333333334,0.7878787878787878,0.25,0.5,0.5,0.0,0.7222222222222222,0.5
RGG,0.0,0.6666666666666666,0.0,1.0,1.0,1.0,0.75,0.0,0.16666666666666666,0.5,0.8333333333333334,0.3333333333333333,0.5,0.4,0.4,1.0
RGH,0.0,0.0,0.0,0.0,0.0,0.0,1.0,0.0,0.0,0.0,1.0,1.0,0.0,0.0,0.0,0.0
RGI,0.0,0.5,0.0,0.0,0.0,0.0,0.0,1.0,0.3333333333333333,0.0,0.0,1.0,0.0,0.0,1.0,0.5
RGL,1.0,0.875,0.9523809523809523,0.0,0.7777777777777778,0.8333333333333334,0.75,0.0,0.9285714285714286,0.5,1.0,0.5555555555555556,0.0,1.0,0.0,0.0
RGN,1.0,0.0,0.0,1.0,0.0,0.0,0.0,0.0,1.0,0.0,0.0,0.0,0.0,0.0,0.75,0.6666666666666666
RGP,0.3333333333333333,0.0,0.3333333333333333,0.25,0.4,0.0,0.0,0.0,0.0,0.0,0.0,0.0,0.2,0.5,0.0,0.5
RGQ,0.8,0.8461538461538461,0.625,0.7142857142857143,1.0,0.5555555555555556,0.45454545454545453,0.9,0.5714285714285714,0.5555555555555556,0.5,0.8571428571428571,0.8333333333333334,0.45454545454545453,0.625,0.8333333333333334
RGR,0.6,0.6666666666666666,1.0,0.6,0.4,0.3333333333333333,0.0,0.7142857142857143,0.6666666666666666,1.0,0.5,1.0,1.0,0.6,0.5,0.625
RGS,0.0,1.0,0.2,0.0,0.6666666666666666,0.75,0.4,0.0,0.5,0.0,0.42857142857142855,0.6666666666666666,0.0,1.0,1.0,1.0
RGT,1.0,0.2,1.0,0.0,0.3333333333333333,0.726027397260274,0.9666666666666667,0.71875,0.875,0.045454545454545456,0.7727272727272727,0.0,0.0,0.8518518518518519,0.0,0.5
RGV,0.0,0.0,0.0,0.0,0.0,0.0,0.0,0.0,0.0,0.0,1.0,0.5,0.0,0.5,1.0,0.0
RGW,0.0,0.0,0.0,0.0,0.0,0.0,0.0,0.0,0.0,0.0,0.0,0.0,0.0,0.0,0.0,0.0
RGY,0.0,1.0,0.0,0.0,0.5,0.0,0.0,0.0,0.0,0.5,0.0,0.0,0.0,0.0,0.0,0.0
RHE,0.0,0.0,0.0,0.0,0.0,0.0,0.0,0.0,0.0,0.0,0.0,0.0,0.0,0.0,0.0,0.0
RHG,0.0,1.0,0.7142857142857143,1.0,1.0,0.0,1.0,0.3333333333333333,0.6666666666666666,0.0,0.5,1.0,1.0,0.3333333333333333,0.5,1.0
RHH,0.0,0.0,0.0,0.0,0.0,0.0,0.0,0.0,0.0,0.0,0.0,0.0,0.0,0.0,0.0,0.0
RHM,0.0,0.0,0.5,0.0,1.0,0.0,0.0,0.0,0.0,1.0,0.0,0.0,0.0,0.0,0.0,0.0
RHP,0.6666666666666666,1.0,0.0,0.75,0.6,0.5,0.0,1.0,1.0,0.0,1.0,0.5,0.5,1.0,1.0,0.6666666666666666
RHV,0.0,0.0,0.0,0.0,0.0,0.0,0.0,0.0,0.0,0.0,0.0,0.0,0.0,0.0,0.0,0.0
RIA,1.0,0.0,0.25,0.0,0.0,0.0,0.0,0.0,1.0,0.0,0.0,0.0,0.0,0.0,0.0,0.0
RID,1.0,0.0,0.6666666666666666,0.75,0.6666666666666666,1.0,1.0,0.5,0.0,1.0,0.6666666666666666,0.9090909090909091,0.8571428571428571,1.0,0.3333333333333333,1.0
RIE,0.0,0.0,0.6666666666666666,0.0,1.0,0.0,0.0,1.0,0.0,0.0,0.0,0.8333333333333334,0.0,1.0,0.0,0.6666666666666666
RIF,0.0,0.0,0.0,0.0,0.0,0.0,0.0,0.0,0.0,0.0,0.0,0.0,0.0,0.0,0.0,0.0
RIG,0.5,0.3333333333333333,0.6666666666666666,1.0,0.6666666666666666,0.5,0.3333333333333333,0.6666666666666666,0.5,0.8333333333333334,0.9354838709677419,0.875,0.0,1.0,0.7719298245614035,0.8421052631578947
RII,0.0,0.5,1.0,1.0,0.0,0.0,1.0,0.0,0.5,0.0,0.8,0.0,0.5,0.0,0.0,0.0
RIK,0.0,1.0,0.3333333333333333,0.6666666666666666,1.0,0.75,0.5,0.0,0.3333333333333333,0.5,1.0,0.0,1.0,0.3333333333333333,1.0,1.0
RIL,0.0,0.0,0.2,0.0,0.5,1.0,0.0,0.0,0.0,0.0,0.0,0.0,0.0,0.0,0.0,0.0
RIM,0.0,0.0,0.0,0.0,0.0,0.0,0.0,0.0,0.0,0.0,0.0,0.0,0.0,0.0,0.0,0.0
RIP,0.0,0.0,0.0,0.0,0.0,0.0,0.0,0.0,0.0,0.0,0.0,0.0,0.0,0.0,0.0,0.0
RIQ,0.5,0.7,0.5,1.0,1.0,0.0,0.0,0.5,0.25,0.6666666666666666,0.0,0.0,0.4,0.5,1.0,1.0
RIR,1.0,0.8571428571428571,0.5714285714285714,0.75,0.5714285714285714,0.6666666666666666,0.5,0.5714285714285714,0.8181818181818182,0.6,0.5789473684210527,0.7777777777777778,1.0,0.8,0.9285714285714286,1.0
RIS,0.6666666666666666,1.0,0.6666666666666666,0.8,0.6666666666666666,0.4,0.3333333333333333,0.0,0.75,0.0,0.0,1.0,0.75,0.4,0.4,0.0
RIT,0.75,0.7142857142857143,0.5,0.0,0.6666666666666666,0.5,0.6,0.625,0.7142857142857143,0.2857142857142857,0.8571428571428571,1.0,1.0,0.6666666666666666,1.0,0.0
RKA,1.0,1.0,0.625,0.0,0.0,0.75,0.5,0.3333333333333333,0.75,0.0,1.0,0.0,0.5,1.0,0.0,0.3333333333333333
RKC,1.0,0.0,0.5,0.0,1.0,0.0,0.0,0.0,0.3333333333333333,1.0,0.5714285714285714,0.0,0.0,0.0,0.0,0.0
RKD,0.0,0.0,0.0,0.0,0.0,0.0,0.0,1.0,0.0,0.0,0.0,0.0,0.0,0.0,0.0,1.0
RKE,0.3333333333333333,0.25,0.2727272727272727,0.0,0.0,0.0,0.3,0.0,0.4444444444444444,0.0,0.375,0.1875,0.6666666666666666,1.0,0.16666666666666666,0.36363636363636365
RKG,0.0,0.0,0.5,0.0,0.0,1.0,0.0,0.5,0.0,0.0,0.5,0.0,0.0,0.0,0.0,0.0
RKI,1.0,0.8571428571428571,0.6666666666666666,1.0,1.0,1.0,1.0,1.0,1.0,1.0,1.0,1.0,1.0,1.0,1.0,1.0
RKK,1.0,0.6666666666666666,0.0,1.0,1.0,0.0,0.5,1.0,1.0,0.0,0.0,1.0,1.0,1.0,1.0,1.0
RKL,0.5925925925925926,0.6875,0.44,0.9230769230769231,0.8333333333333334,0.4794520547945205,0.45454545454545453,0.5,0.46153846153846156,0.6363636363636364,0.6296296296296297,0.5714285714285714,0.8823529411764706,0.8181818181818182,0.9,0.5
RKP,1.0,1.0,0.0,0.0,0.0,0.0,1.0,0.0,1.0,0.0,1.0,0.0,0.0,0.0,1.0,1.0
RKQ,0.0,0.0,0.0,0.0,0.0,0.0,0.0,0.0,0.0,0.0,0.4,0.0,0.0,0.0,0.0,0.0
RKR,0.75,0.7142857142857143,0.3333333333333333,0.75,0.375,0.4,0.625,0.0,1.0,0.3333333333333333,1.0,0.6,0.6666666666666666,0.6666666666666666,1.0,0.6666666666666666
RKS,0.6666666666666666,0.5,0.0,0.5,0.6666666666666666,1.0,0.0,0.6,0.3333333333333333,1.0,0.0,0.5333333333333333,0.0,0.0,0.425,0.6666666666666666
RKT,0.0,1.0,1.0,0.0,1.0,0.0,0.0,0.0,1.0,1.0,0.0,0.0,0.0,0.0,0.0,0.0
RKV,0.0,0.0,1.0,0.0,0.0,0.0,0.0,0.0,0.0,1.0,0.0,0.0,0.0,0.0,0.0,0.0
RKY,0.3333333333333333,0.6923076923076923,0.25,0.5,0.8461538461538461,0.10416666666666667,0.5555555555555556,0.75,0.25,0.3333333333333333,0.13559322033898305,0.0,0.8,0.5,0.2,0.0
RLA,0.42857142857142855,0.3333333333333333,0.6666666666666666,0.4,0.3333333333333333,0.4,0.3333333333333333,0.0,1.0,0.2222222222222222,0.0,0.6666666666666666,0.5,0.3333333333333333,0.5,0.3333333333333333
RLD,0.0,0.0,0.0,0.0,0.0,0.0,0.0,0.0,0.0,0.0,0.0,0.0,0.0,0.0,0.0,0.0
RLF,0.5,0.5454545454545454,0.9375,0.0,0.875,0.6666666666666666,0.5555555555555556,0.0,0.6,0.5,0.0,0.625,0.0,0.8333333333333334,0.0,0.0
RLG,0.0,0.0,0.0,0.0,0.0,0.0,0.0,0.0,0.0,0.0,0.0,0.0,0.0,0.0,0.0,0.0
RLH,0.0,0.3333333333333333,0.8,0.0,0.5714285714285714,0.0,0.0,0.0,0.5,0.0,0.0,0.0,0.0,0.0,0.0,0.0
RLI,0.3333333333333333,0.25,0.0,0.0,0.0,0.45454545454545453,0.0,0.4,0.3333333333333333,0.2,0.3333333333333333,0.4,1.0,0.6666666666666666,0.4,0.6666666666666666
RLK,1.0,0.9166666666666666,0.6923076923076923,0.7142857142857143,0.5714285714285714,0.4444444444444444,0.7777777777777778,0.8333333333333334,0.75,0.5,0.7222222222222222,0.8823529411764706,1.0,0.7142857142857143,0.7647058823529411,0.7272727272727273
RLL,0.0,0.0,0.3333333333333333,0.0,0.0,0.0,0.0,0.0,0.3333333333333333,0.0,0.0,0.0,0.0,0.0,0.0,0.0
RLM,0.0,0.0,0.0,0.0,0.0,0.0,0.0,0.0,0.0,0.0,0.0,0.0,0.0,0.0,0.0,0.0
RLN,0.5,1.0,0.5,0.0,1.0,1.0,0.0,0.0,0.0,1.0,1.0,0.5,1.0,0.0,0.0,0.0
RLP,0.0,0.0,0.0,0.0,0.0,0.0,0.0,0.0,0.0,0.0,0.0,0.0,0.0,0.0,0.0,0.0
RLQ,0.0,0.0,0.0,0.0,0.0,0.0,0.0,0.0,0.0,0.0,0.0,0.0,0.0,0.0,0.0,0.0
RLR,0.0,0.0,0.5,0.5,0.6666666666666666,0.0,0.0,1.0,0.6666666666666666,0.5,0.0,0.0,0.0,0.3333333333333333,0.3333333333333333,1.0
RLS,0.0,0.0,1.0,0.0,0.0,0.5,0.09090909090909091,0.5,0.0,0.4,0.3333333333333333,0.2222222222222222,0.0,0.0,0.2222222222222222,0.0
RLT,0.0,0.0,0.0,0.0,0.0,0.0,0.0,0.0,0.0,0.0,0.0,1.0,0.0,0.0,0.6666666666666666,1.0
RLV,0.3333333333333333,0.0,1.0,0.5714285714285714,0.3333333333333333,0.3333333333333333,0.6666666666666666,1.0,0.8,0.75,0.0,0.5,0.6,0.6666666666666666,0.5714285714285714,0.5
RLY,0.0,0.0,1.0,0.0,1.0,0.6,0.0,0.0,0.0,1.0,0.6,1.0,1.0,0.0,0.0,0.0
RMD,0.0,0.0,0.0,0.0,0.0,0.0,0.0,0.0,0.0,0.0,1.0,0.5,0.0,0.0,0.25,1.0
RMG,0.0,0.0,0.0,0.0,0.0,0.0,0.0,0.0,0.0,0.0,0.0,0.0,0.0,0.0,0.0,0.0
RMK,1.0,0.75,1.0,0.5,1.0,0.75,0.6,1.0,0.375,0.0,0.7777777777777778,0.0,0.0,0.75,0.0,0.7777777777777778
RML,0.0,0.0,0.0,0.0,0.0,0.0,0.0,0.0,0.0,0.0,0.0,0.0,0.0,0.0,0.0,0.0
RMM,0.0,0.0,0.0,0.0,0.0,0.0,0.0,0.0,0.0,0.0,0.0,0.0,0.0,0.0,0.0,0.0
RMN,0.0,0.0,0.0,0.0,0.0,0.0,0.0,0.0,0.0,0.0,0.0,0.0,0.0,0.0,0.0,0.0
RMP,0.0,0.0,0.0,0.0,0.0,0.0,0.0,0.0,0.0,0.0,0.0,0.0,0.0,0.0,0.0,0.0
RMR,1.0,0.7,1.0,0.0,0.9545454545454546,0.8301886792452831,0.9545454545454546,0.9166666666666666,0.9130434782608695,0.6,0.8103448275862069,1.0,0.0,0.9130434782608695,0.0,0.7857142857142857
RMS,0.0,1.0,1.0,1.0,1.0,0.8333333333333334,0.8571428571428571,1.0,1.0,0.6666666666666666,0.5714285714285714,1.0,1.0,0.6666666666666666,1.0,0.0
RMT,0.0,0.0,0.0,0.0,0.0,0.0,0.0,0.0,0.0,0.0,0.0,0.0,0.0,0.0,0.0,0.0
RNA,0.0,0.0,0.0,0.16666666666666666,0.0,0.0,0.0,1.0,0.25,0.0,0.0,0.0,0.0,0.5,0.3333333333333333,1.0
RNE,0.0,0.0,0.0,0.0,0.0,0.0,0.0,0.0,0.0,0.0,0.0,0.0,0.0,0.0,0.0,0.0
RNF,1.0,1.0,0.8,1.0,0.7142857142857143,0.8571428571428571,1.0,1.0,1.0,0.8333333333333334,0.6666666666666666,0.9090909090909091,1.0,0.75,1.0,0.0
RNI,0.0,0.0,1.0,1.0,0.0,0.0,0.0,1.0,0.5,0.5,0.9901960784313726,0.9868421052631579,1.0,0.0,1.0,1.0
RNL,0.0,0.5,0.0,1.0,1.0,0.0,0.0,1.0,0.0,0.0,0.0,0.0,0.0,0.0,0.0,1.0
RNN,0.0,0.8333333333333334,1.0,0.0,1.0,1.0,0.8888888888888888,0.0,1.0,0.75,0.5,1.0,0.0,1.0,0.0,0.0
RNP,1.0,0.25,0.6666666666666666,1.0,0.3333333333333333,0.0,0.5,1.0,0.8571428571428571,0.0,0.75,0.5,0.5,1.0,0.6666666666666666,0.6
RNQ,0.0,0.0,0.0,0.0,0.0,0.0,0.0,0.0,0.0,0.0,0.0,0.0,0.0,0.0,0.0,0.0
RNR,1.0,0.875,0.7142857142857143,1.0,1.0,1.0,0.6,0.7272727272727273,0.9,1.0,0.8181818181818182,0.8333333333333334,0.5,0.6666666666666666,1.0,0.25
RNS,0.0,0.0,0.0,0.0,0.0,0.0,0.0,1.0,0.0,0.3333333333333333,0.0,0.0,0.0,0.0,0.0,0.0
RNT,0.0,0.0,0.0,0.0,0.0,0.0,0.0,0.0,0.0,0.0,0.0,0.0,0.0,0.0,0.0,0.0
RNV,0.0,0.0,0.0,0.0,0.0,0.0,0.0,0.0,0.0,0.0,0.0,0.0,0.0,0.0,0.0,0.0
RPA,0.0,0.0,0.0,0.0,0.0,0.0,0.0,0.0,0.0,0.0,0.0,0.0,0.0,0.0,0.0,0.0
RPE,1.0,0.0,0.375,0.0,0.8333333333333334,0.0,1.0,0.0,0.0,0.8333333333333334,0.0,0.0,0.0,0.0,0.0,0.0
RPF,1.0,0.0,0.0,0.0,0.0,0.0,0.0,0.0,0.0,0.0,0.0,0.0,0.0,0.0,0.0,0.0
RPG,0.0,0.0,0.0,0.0,0.0,0.0,0.0,1.0,0.0,0.0,0.0,0.0,0.0,1.0,0.0,0.0
RPH,0.3333333333333333,0.0,0.5,0.0,0.0,0.0,0.0,0.0,1.0,0.0,0.36363636363636365,0.0,0.0,0.0,0.0,0.0
RPI,0.0,0.0,1.0,0.0,0.0,0.0,0.0,0.0,0.0,0.0,1.0,0.0,0.0,0.0,0.0,0.0
RPK,1.0,1.0,0.0,1.0,0.0,0.0,0.0,1.0,1.0,0.0,1.0,0.0,1.0,0.0,1.0,1.0
RPL,0.0,0.0,1.0,0.0,1.0,0.0,0.0,0.0,0.0,0.0,0.7105263157894737,0.6842105263157895,0.0,0.4,0.78125,0.75
RPN,0.0,1.0,0.0,0.0,0.8333333333333334,0.0,0.0,0.625,0.0,1.0,0.0,0.0,0.0,0.0,0.0,0.0
RPR,0.0,1.0,0.0,0.0,0.0,1.0,1.0,1.0,1.0,0.75,1.0,1.0,1.0,1.0,0.0,0.0
RPS,0.0,0.0,0.0,0.5,0.0,0.0,0.0,0.0,0.5,0.0,0.0,0.0,0.0,0.0,1.0,0.5
RPT,0.0,0.0,0.0,0.0,0.0,0.0,0.0,0.0,0.0,0.0,0.0,0.0,0.0,0.0,0.0,0.0
RPV,0.75,0.5,0.4444444444444444,0.3333333333333333,0.5,0.75,0.4444444444444444,1.0,0.8571428571428571,0.4444444444444444,0.6,0.45454545454545453,0.1,0.6666666666666666,0.75,0.4
RPW,0.0,0.0,0.5,0.0,0.5,1.0,0.0,0.0,0.0,0.25,0.0,0.0,0.3333333333333333,0.0,0.0,0.3333333333333333
RQA,0.6666666666666666,0.5882352941176471,0.625,1.0,0.375,0.0,0.2222222222222222,0.7,0.6428571428571429,0.5,0.631578947368421,0.7368421052631579,0.8,0.6666666666666666,0.7222222222222222,0.42857142857142855
RQF,0.5,0.6666666666666666,0.0,1.0,1.0,0.0,0.0,1.0,1.0,1.0,1.0,1.0,0.6666666666666666,0.0,0.8,1.0
RQG,0.9166666666666666,0.8387096774193549,0.3888888888888889,0.0,0.5925925925925926,0.2727272727272727,1.0,0.0,0.875,0.7058823529411765,0.3333333333333333,0.0,0.3333333333333333,1.0,0.4,0.0
RQH,0.6666666666666666,0.0,1.0,0.42857142857142855,0.3333333333333333,0.07407407407407407,0.3333333333333333,1.0,0.0,0.42857142857142855,0.0,1.0,0.5,0.3333333333333333,0.0,0.6666666666666666
RQI,0.8333333333333334,0.36363636363636365,0.6,1.0,0.5,0.25,0.5,0.8,0.3333333333333333,0.8,0.8,0.2,0.3333333333333333,0.75,1.0,0.0
RQK,1.0,0.18181818181818182,0.7142857142857143,0.3333333333333333,0.07692307692307693,0.0,0.2222222222222222,0.0,0.36363636363636365,0.0,0.5,0.42857142857142855,0.0,0.0,0.23076923076923078,0.05263157894736842
RQL,0.5,0.0,1.0,0.75,0.2222222222222222,0.6375,0.6666666666666666,0.6585365853658537,0.5,0.13043478260869565,0.7802197802197802,0.18181818181818182,0.4,0.8529411764705882,0.041666666666666664,0.627906976744186
RQM,0.75,1.0,0.0,0.6666666666666666,0.0,0.0,1.0,0.0,0.0,0.0,0.0,0.6666666666666666,1.0,0.0,0.0,0.8
RQN,0.0,0.0,0.0,0.0,0.0,1.0,0.5,0.6666666666666666,0.0,1.0,0.14285714285714285,1.0,0.0,1.0,0.0,1.0
RQP,0.0,0.0,0.6666666666666666,0.8,0.75,0.0,0.4,0.0,0.0,1.0,0.8571428571428571,0.8888888888888888,0.6666666666666666,0.6666666666666666,0.8333333333333334,0.7777777777777778
RQQ,0.0,0.0,0.0,0.0,0.0,0.0,0.0,0.0,0.0,0.0,0.0,0.0,0.0,0.0,0.0,0.0
RQR,1.0,0.2222222222222222,1.0,1.0,0.5,0.0,0.0,0.75,1.0,1.0,0.7777777777777778,0.16666666666666666,0.0,0.0,0.875,1.0
RQS,0.5,0.875,0.75,0.6666666666666666,1.0,0.7142857142857143,0.6666666666666666,1.0,1.0,0.0,0.7692307692307693,1.0,0.0,1.0,0.0,0.0
RQV,0.0,0.0,0.0,0.0,0.0,0.0,0.0,1.0,0.0,0.0,0.0,0.0,0.0,0.5,1.0,0.0
RQY,0.0,0.0,0.0,0.0,1.0,0.6666666666666666,0.0,0.0,0.0,0.0,0.6666666666666666,0.5,0.5,0.0,0.0,0.0
RRA,1.0,0.0,0.3333333333333333,0.8888888888888888,0.6,0.6666666666666666,0.4,0.6666666666666666,0.6,0.25,1.0,0.2,1.0,0.6666666666666666,0.5,1.0
RRE,0.3333333333333333,0.0,1.0,1.0,0.3333333333333333,1.0,1.0,1.0,0.0,1.0,0.0,0.5,1.0,0.0,0.0,0.6666666666666666
RRF,0.0,0.0,0.0,0.0,0.0,0.0,0.0,0.0,0.0,0.0,0.0,0.0,0.0,0.0,0.0,0.0
RRG,0.5714285714285714,1.0,0.25,0.6,0.2857142857142857,0.0,0.0,0.5,0.5,0.0,0.14285714285714285,0.25,0.25,0.7142857142857143,0.2857142857142857,0.7142857142857143
RRI,0.0,0.4,0.25,0.8,0.3333333333333333,1.0,0.3333333333333333,0.0,0.2222222222222222,0.0,0.4,0.75,0.0,0.3333333333333333,0.6,0.6666666666666666
RRK,0.8333333333333334,1.0,0.3333333333333333,0.5714285714285714,0.6,0.3333333333333333,0.0,0.3333333333333333,1.0,0.0,0.0,0.0,0.6,0.8,0.3333333333333333,0.6666666666666666
RRL,0.42857142857142855,0.3333333333333333,0.6,0.75,0.42857142857142855,0.5714285714285714,0.375,0.8,0.5,0.5,0.6,1.0,0.8,0.5555555555555556,0.75,0.75
RRN,1.0,1.0,1.0,1.0,1.0,1.0,0.6,0.8888888888888888,1.0,1.0,0.9,1.0,1.0,0.6666666666666666,1.0,0.3333333333333333
RRP,1.0,1.0,1.0,0.0,0.0,0.6666666666666666,0.8,0.5,1.0,1.0,1.0,1.0,1.0,0.5,1.0,1.0
RRQ,0.0,0.5,0.5714285714285714,0.0,1.0,0.0,0.6666666666666666,0.0,0.3333333333333333,1.0,1.0,0.0,0.0,1.0,0.0,0.0
RRR,0.7954545454545454,0.8571428571428571,0.7241379310344828,0.7857142857142857,0.7948717948717948,0.46153846153846156,0.8571428571428571,0.8108108108108109,0.825,0.9285714285714286,0.6470588235294118,0.7083333333333334,0.875,0.5769230769230769,0.7804878048780488,0.4444444444444444
RRS,0.9565217391304348,0.9047619047619048,0.2857142857142857,0.4,0.7142857142857143,0.5454545454545454,0.9142857142857143,1.0,0.6086956521739131,0.9166666666666666,0.5,0.4117647058823529,0.6666666666666666,0.2,0.7,0.4
RRT,0.0,0.0,0.5,0.0,1.0,0.0,0.0,0.0,0.0,0.3333333333333333,0.5,1.0,0.0,1.0,0.0,0.0
RRV,0.0,0.0,1.0,0.0,1.0,0.0,0.0,0.0,1.0,0.0,1.0,0.0,0.0,0.5,0.0,0.0
RRW,1.0,0.6666666666666666,1.0,1.0,0.6666666666666666,0.5,0.6,0.8,0.9,1.0,0.6923076923076923,0.3333333333333333,0.0,0.8,0.875,0.3333333333333333
RSA,0.0,1.0,0.0,0.0,0.5,1.0,0.0,0.5,0.5,0.0,1.0,1.0,0.0,1.0,1.0,0.0
RSC,0.0,0.0,0.0,0.0,0.0,0.0,0.0,0.0,0.0,0.0,0.0,0.0,0.0,0.0,0.0,0.0
RSF,0.0,0.0,0.0,0.0,0.0,0.0,1.0,0.0,0.0,0.0,0.0,0.5,0.8,0.0,0.0,1.0
RSG,0.8461538461538461,0.6190476190476191,0.5454545454545454,0.0,0.34782608695652173,0.47058823529411764,0.75,0.4444444444444444,0.5909090909090909,0.675,0.4,0.8,0.2,0.0,0.6896551724137931,0.0
RSI,0.0,0.0,0.0,0.0,0.0,0.0,0.0,0.0,0.0,0.0,0.5,0.3333333333333333,0.0,0.0,0.42857142857142855,0.5
RSL,0.7619047619047619,0.6875,0.6,0.5,0.75,0.7,0.6153846153846154,0.9,0.7272727272727273,0.7142857142857143,0.46153846153846156,0.5,0.8461538461538461,0.4166666666666667,0.8333333333333334,0.7142857142857143
RSM,0.0,0.0,0.3333333333333333,0.0,0.6666666666666666,0.7142857142857143,0.5714285714285714,0.0,0.4,1.0,0.4,0.0,0.0,0.0,1.0,1.0
RSN,0.0,0.6666666666666666,0.2,1.0,0.16666666666666666,1.0,0.3333333333333333,0.0,0.3333333333333333,0.2,1.0,0.8333333333333334,0.0,0.0,1.0,1.0
RSP,0.0,0.0,0.0,0.0,0.0,0.0,0.0,0.0,0.0,0.0,0.0,0.0,0.0,0.0,0.0,0.0
RSQ,0.5,0.6363636363636364,0.25,1.0,0.5714285714285714,0.75,0.625,1.0,1.0,0.5,0.5555555555555556,0.6666666666666666,1.0,1.0,0.0,0.0
RSR,1.0,0.3333333333333333,0.5,0.875,0.6666666666666666,0.6666666666666666,0.3333333333333333,1.0,0.6666666666666666,1.0,0.0,1.0,1.0,1.0,1.0,0.75
RST,1.0,1.0,0.9090909090909091,1.0,0.6666666666666666,1.0,0.5,1.0,1.0,1.0,0.0,1.0,0.6666666666666666,1.0,1.0,1.0
RSV,0.0,0.0,0.0,0.0,0.0,1.0,1.0,0.3333333333333333,0.0,1.0,0.0,1.0,0.0,0.25,1.0,0.0
RSW,0.0,0.0,0.0,0.0,0.0,0.0,0.0,0.0,0.0,0.0,0.0,0.0,0.0,0.0,0.0,0.0
RSY,1.0,0.5714285714285714,0.6666666666666666,0.75,0.8571428571428571,1.0,0.0,1.0,0.6,0.0,0.75,1.0,0.0,1.0,0.5,0.0
RTA,0.5,0.6666666666666666,0.3333333333333333,0.5,0.75,0.5,1.0,0.0,0.5,0.0,0.5,0.3333333333333333,0.0,0.5,0.3333333333333333,0.5
RTC,1.0,0.0,0.6666666666666666,0.0,0.0,0.0,0.0,0.0,0.5,0.5,0.0,0.0,0.0,0.0,0.0,0.0
RTE,0.8333333333333334,0.6,0.3333333333333333,0.0,0.0,0.5,0.42857142857142855,0.0,0.5,0.0,0.5,0.16666666666666666,0.0,0.0,0.0,0.0
RTF,0.0,1.0,1.0,0.0,0.5,0.0,1.0,0.0,1.0,0.0,1.0,0.0,0.0,1.0,0.0,0.0
RTH,0.0,0.0,0.0,0.0,0.0,0.0,0.0,0.0,0.0,0.0,0.0,0.0,0.0,0.0,0.0,0.0
RTI,0.0,0.0,0.0,0.0,0.0,0.0,0.0,0.0,0.0,0.0,0.0,0.0,0.0,0.0,0.0,0.0
RTK,0.0,0.0,0.0,0.0,0.0,0.0,0.0,0.0,0.0,0.0,0.0,0.0,0.0,0.0,0.0,0.0
RTL,0.0,0.0,0.0,0.0,0.0,0.0,0.0,0.0,0.0,0.0,0.0,0.0,0.0,0.0,0.0,0.0
RTN,0.0,0.5,0.25,0.0,0.6666666666666666,0.0,0.5,0.0,0.0,1.0,1.0,0.2,0.6666666666666666,1.0,0.0,0.0
RTP,0.0,0.0,0.0,0.0,0.0,0.0,0.0,0.0,0.0,0.0,0.0,0.0,0.0,0.0,0.0,0.0
RTQ,0.8260869565217391,0.8,0.0,1.0,0.0,0.5043478260869565,0.2222222222222222,0.0,0.7037037037037037,0.42857142857142855,0.0,0.0,0.9166666666666666,0.3684210526315789,0.21428571428571427,0.05263157894736842
RTR,0.0,0.0,1.0,1.0,0.0,0.0,0.0,1.0,0.5,1.0,0.9901960784313726,1.0,1.0,0.0,0.9873417721518988,1.0
RTS,0.0,1.0,1.0,1.0,1.0,1.0,1.0,0.0,1.0,1.0,0.0,1.0,1.0,0.0,0.0,1.0
RTT,0.0,0.0,0.0,0.0,0.0,0.0,0.0,0.0,0.0,0.0,0.0,0.0,0.0,0.0,0.0,0.0
RTV,0.0,0.25,0.0,0.5,1.0,0.0,0.0,0.25,0.125,0.2,0.0,0.0,0.0,0.0,0.25,0.25
RTY,0.0,0.0,0.0,0.0,0.0,0.0,0.0,0.0,0.0,0.0,0.0,0.0,0.0,0.0,0.0,0.0
RVA,0.0,1.0,0.4444444444444444,0.6666666666666666,0.5,0.16666666666666666,0.8571428571428571,0.0,0.9090909090909091,0.4,0.2222222222222222,0.0,0.0,0.5,0.18181818181818182,0.0
RVC,0.0,0.0,0.0,0.0,0.0,0.0,0.0,0.0,0.0,0.0,0.0,0.0,0.0,0.0,0.0,0.0
RVD,1.0,0.0,0.5,1.0,0.0,0.0,1.0,0.6666666666666666,1.0,0.0,0.0,1.0,0.0,0.4,0.75,0.5
RVE,0.0,0.0,0.0,0.0,0.0,0.0,0.0,0.0,0.0,0.0,0.0,0.0,0.0,0.0,0.0,0.0
RVF,0.0,1.0,0.0,0.0,0.6666666666666666,1.0,0.0,1.0,1.0,0.0,1.0,0.0,0.0,1.0,1.0,0.0
RVG,0.0,0.0,0.0,0.0,0.0,0.0,0.0,0.0,0.0,0.0,0.0,0.0,0.0,0.0,0.0,0.0
RVH,0.0,0.0,0.0,0.0,0.0,0.0,0.0,0.0,0.0,0.0,0.0,0.0,0.0,0.0,0.0,0.0
RVI,1.0,0.0,0.5,0.0,0.5,0.0,0.0,0.0,0.5,0.0,0.5,1.0,0.0,0.6666666666666666,0.6666666666666666,0.0
RVK,0.0,0.0,0.0,0.0,0.0,0.0,0.0,0.0,0.0,0.0,0.0,0.0,0.0,0.0,0.0,0.0
RVL,0.0,0.0,0.0,0.0,0.0,0.0,0.0,0.6666666666666666,0.0,0.0,0.0,0.0,0.0,0.6666666666666666,0.0,0.3333333333333333
RVM,0.0,0.0,0.0,0.0,0.0,0.0,0.0,0.0,0.0,0.0,0.0,0.0,0.0,0.0,0.0,0.0
RVN,1.0,0.6,0.8571428571428571,1.0,0.0,0.0,0.3333333333333333,0.0,0.9166666666666666,0.0,0.8,0.6,0.0,0.0,0.7777777777777778,0.0
RVP,0.0,0.0,0.0,1.0,0.0,0.0,0.0,0.0,0.0,0.0,0.0,1.0,0.5,0.0,0.6666666666666666,0.0
RVQ,1.0,0.0,0.6666666666666666,1.0,0.5,0.0,0.0,1.0,1.0,0.5,0.0,0.5,1.0,1.0,1.0,1.0
RVR,0.0,0.0,0.0,0.0,0.0,0.0,0.0,0.0,0.0,0.0,0.0,0.0,0.0,0.0,0.0,0.0
RVS,0.0,0.0,0.0,0.0,0.0,0.0,0.0,0.0,0.0,0.0,0.0,0.0,0.0,0.0,0.0,0.0
RVT,0.0,0.36363636363636365,0.2857142857142857,1.0,0.5,0.0,0.46153846153846156,0.0,0.7692307692307693,0.5714285714285714,0.0425531914893617,0.037037037037037035,0.0,0.0,0.075,0.0
RVV,0.0,0.0,0.0,0.0,0.0,0.0,0.0,0.0,0.0,0.0,0.0,0.0,0.0,0.0,0.0,0.0
RVY,0.0,0.8571428571428571,1.0,0.8,0.8461538461538461,1.0,0.9090909090909091,0.5,0.9090909090909091,0.8333333333333334,1.0,1.0,0.3333333333333333,0.7777777777777778,0.6666666666666666,0.0
RWE,0.0,1.0,1.0,1.0,0.25,1.0,1.0,0.0,1.0,1.0,0.0,0.625,1.0,0.0,0.0,1.0
RWG,0.0,0.0,0.0,0.0,0.0,0.0,0.0,0.0,1.0,0.0,0.0,0.0,0.0,0.0,0.0,0.0
RWH,1.0,1.0,0.0,0.0,0.0,1.0,1.0,0.0,1.0,0.0,1.0,1.0,0.0,1.0,0.0,0.0
RWQ,0.0,1.0,0.0,0.0,0.0,0.0,0.0,0.0,0.0,0.0,0.0,0.0,1.0,0.0,0.0,0.0
RWR,1.0,0.5555555555555556,1.0,1.0,0.6666666666666666,0.6666666666666666,0.6666666666666666,0.75,1.0,1.0,0.7272727272727273,0.3333333333333333,0.0,1.0,0.875,0.3333333333333333
RWS,0.0,0.0,0.0,0.0,0.0,0.0,0.0,0.0,0.0,0.0,0.0,0.0,0.0,0.0,0.0,0.0
RWV,0.0,0.0,0.0,0.0,0.0,0.0,0.0,0.0,0.0,0.0,0.0,0.15789473684210525,0.0,0.0,0.0,0.1875
RWW,0.0,1.0,0.0,0.0,0.0,0.0,0.0,1.0,0.0,0.0,0.0,0.0,0.0,0.0,0.0,0.6666666666666666
RWY,0.0,0.16666666666666666,0.0,0.6,1.0,0.6666666666666666,0.4,0.0,0.2857142857142857,0.0,0.06666666666666667,0.16666666666666666,0.0,0.2,0.08,0.15384615384615385
RYA,0.0,0.0,0.0,0.0,0.0,0.0,0.0,0.0,0.0,0.0,0.75,0.7142857142857143,0.0,0.0,0.8333333333333334,0.75
RYD,0.0,0.0,0.0,0.0,0.0,0.0,0.0,0.0,0.0,0.0,0.0,0.0,0.0,0.0,0.0,0.0
RYE,0.0,0.0,1.0,1.0,0.0,0.0,0.0,1.0,0.6666666666666666,0.75,1.0,1.0,1.0,0.0,1.0,1.0
RYG,1.0,1.0,0.5,0.0,0.0,1.0,1.0,0.0,0.5,0.0,0.0,1.0,0.0,0.5,0.0,1.0
RYI,1.0,1.0,1.0,1.0,0.0,0.0,1.0,0.0,0.0,0.0,0.8,0.8461538461538461,1.0,0.6666666666666666,0.8571428571428571,0.9
RYM,0.0,0.0,0.0,0.0,0.0,0.0,0.0,0.0,0.0,0.0,0.0,0.0,0.0,0.0,0.0,0.0
RYN,1.0,1.0,1.0,0.0,1.0,1.0,0.75,0.0,0.6666666666666666,1.0,0.8,0.8235294117647058,1.0,1.0,0.8181818181818182,0.625
RYQ,0.0,0.0,0.0,0.0,0.0,0.5972222222222222,0.0,0.0,0.0,0.42857142857142855,0.0,0.0,0.0,0.0,0.0,0.0
RYS,0.0,0.0,0.0,0.0,1.0,0.3333333333333333,0.0,0.0,0.0,0.0,0.0,0.0,0.0,0.0,0.0,0.0
RYT,0.6666666666666666,0.3333333333333333,0.5,0.0,1.0,0.0,0.0,0.0,0.0,1.0,0.0,0.0,0.0,0.0,0.0,0.0
RYV,0.7142857142857143,0.7142857142857143,1.0,0.75,1.0,1.0,0.8333333333333334,1.0,1.0,1.0,0.75,0.8888888888888888,0.8,1.0,0.9090909090909091,1.0
SAA,0.0,0.0,0.0,0.0,1.0,1.0,0.0,0.5,0.0,0.0,1.0,0.5,0.0,1.0,0.0,0.5
SAD,1.0,0.0,0.0,0.0,0.0,0.0,0.0,0.0,1.0,0.0,0.0,0.0,0.0,0.0,0.0,0.0
SAE,0.0,0.0,0.0,0.0,0.0,0.0,0.0,0.0,0.0,0.0,0.0,0.0,0.0,0.0,0.0,0.0
SAF,0.0,0.0,0.0,0.0,0.0,0.0,0.0,0.0,0.0,0.0,0.0,0.0,0.0,0.0,0.0,0.0
SAG,0.0,0.0,0.0,0.0,0.0,0.0,0.0,0.0,0.0,0.0,0.0,0.0,0.0,0.0,0.0,0.0
SAI,0.0,0.0,1.0,0.0,0.0,0.0,0.0,0.0,1.0,0.0,0.0,0.0,0.0,0.0,0.0,0.0
SAL,0.6,1.0,0.25,0.6,0.2,1.0,1.0,0.5,0.2,0.0,0.2727272727272727,0.4166666666666667,1.0,0.3333333333333333,0.2727272727272727,0.75
SAM,0.0,0.0,1.0,0.0,1.0,0.0,0.0,0.0,0.0,0.5,0.0,0.0,0.0,0.0,0.0,0.0
SAN,0.0,0.0,0.0,0.0,0.0,0.0,0.0,1.0,0.0,0.6666666666666666,0.0,0.0,0.0,0.0,0.0,0.0
SAP,0.0,1.0,0.0,0.0,0.0,1.0,1.0,0.0,0.5,0.0,0.0,0.5,0.0,0.5,0.0,1.0
SAQ,0.5,0.6666666666666666,0.5,0.6666666666666666,0.7,0.6666666666666666,0.5714285714285714,0.5,0.2,0.5,0.6363636363636364,0.6666666666666666,0.0,0.6666666666666666,0.0,0.0
SAR,0.0,0.0,0.25,0.0,0.0,0.0,0.0,0.0,0.5,1.0,0.6666666666666666,0.6666666666666666,0.0,0.0,0.8,1.0
SAS,0.9545454545454546,0.5714285714285714,0.5,0.0,0.3333333333333333,0.0,0.75,0.5,0.6,0.5714285714285714,0.0,0.6,0.0,0.0,0.5263157894736842,0.0
SAT,0.0,1.0,0.0,0.0,1.0,0.0,0.0,0.0,0.0,1.0,0.0,0.0,0.0,0.0,0.0,0.0
SAV,0.8461538461538461,0.8125,0.7272727272727273,1.0,0.75,0.7142857142857143,0.6153846153846154,0.6,0.5,0.6842105263157895,0.0,0.8571428571428571,0.6666666666666666,0.0,0.5882352941176471,0.0
SCA,0.0,0.0,0.5,0.0,0.0,0.0,0.0,0.0,0.0,0.0,0.0,0.25,0.0,0.0,0.14285714285714285,0.3333333333333333
SCC,0.0,0.0,0.0,0.0,0.0,0.0,0.0,0.0,0.0,0.0,0.0,0.0,0.0,0.0,0.0,0.0
SCE,0.0,0.0,0.0,0.0,0.0,0.0,0.0,0.0,0.0,0.0,0.0,0.0,0.0,0.0,0.0,0.0
SCI,0.0,0.5,1.0,0.5,1.0,0.6,1.0,0.0,1.0,0.6666666666666666,1.0,0.0,0.0,0.5,0.0,1.0
SCK,0.0,0.0,0.0,0.0,0.0,0.0,0.0,0.0,0.0,0.0,0.0,0.0,0.0,0.0,0.0,0.0
SCM,0.0,0.0,0.0,0.0,0.0,0.0,0.0,0.0,0.0,0.0,0.0,0.0,0.0,0.0,0.0,0.0
SCN,0.0,0.0,0.0,0.0,0.0,0.0,0.0,0.0,0.0,0.0,0.0,0.0,0.0,0.0,0.0,0.0
SCP,0.0,0.0,0.0,0.0,0.0,0.0,0.0,0.0,0.0,0.0,0.0,0.0,0.0,0.0,0.0,0.0
SCQ,0.0,1.0,1.0,0.0,1.0,0.3333333333333333,0.0,0.5,0.5,0.0,0.5,0.0,0.0,0.0,0.0,0.0
SCS,1.0,0.0,0.5,0.0,0.0,0.0,0.0,0.0,0.4,0.0,0.0,0.0,0.0,0.0,0.0,0.0
SCT,0.0,0.0,0.0,0.0,0.0,0.0,0.0,0.0,0.0,0.0,0.0,0.0,0.0,0.0,0.0,0.0
SDA,0.0,0.0,0.0,0.0,1.0,0.0,0.0,0.0,0.0,0.0,0.55,0.6511627906976745,0.0,0.0,0.4444444444444444,0.8181818181818182
SDC,0.0,0.0,0.0,0.0,0.0,0.0,0.0,0.0,0.0,0.0,0.0,0.0,0.0,0.0,0.0,0.0
SDD,0.0,0.0,0.0,0.0,0.0,0.0,0.0,0.0,0.0,0.0,0.0,0.0,0.0,0.0,0.0,0.0
SDE,0.0,0.0,0.0,0.0,0.0,0.0,0.0,0.0,0.0,0.0,0.0,0.0,0.0,0.0,0.0,0.0
SDG,1.0,1.0,0.0,0.0,0.0,1.0,0.0,0.6666666666666666,0.3333333333333333,1.0,1.0,1.0,0.0,1.0,1.0,0.0
SDI,0.375,0.75,0.25,0.0,0.4166666666666667,0.35714285714285715,0.0,0.6923076923076923,0.08333333333333333,0.6,0.0,0.4444444444444444,0.5,0.625,0.4666666666666667,0.25
SDK,1.0,1.0,1.0,0.0,1.0,1.0,1.0,0.5,1.0,1.0,1.0,1.0,1.0,0.0,1.0,0.0
SDL,0.0,0.3333333333333333,1.0,0.5,1.0,0.023255813953488372,0.5,0.0,0.0,0.0,0.0967741935483871,0.5,1.0,0.5,0.0,0.0
SDP,0.0,0.25,0.0,0.0,0.0,0.0,0.5,0.0,0.0,0.0,0.0,1.0,0.0,1.0,0.0,0.3333333333333333
SDQ,0.0,0.0,0.0,0.0,0.0,0.0,0.0,0.0,0.0,0.0,0.0,0.0,0.0,0.0,0.0,0.0
SDR,0.0,0.0,0.0,0.0,0.0,0.0,0.0,0.0,0.0,0.0,0.0,0.0,0.0,0.0,0.0,0.0
SDS,0.0,0.0,0.0,0.0,0.0,0.0,0.0,0.0,0.0,0.0,0.0,0.0,0.0,0.0,0.0,0.0
SDY,0.0,0.0,0.5,0.0,0.25,0.0,0.0,0.0,0.0,0.0,0.8333333333333334,0.8387096774193549,0.0,0.0,0.7441860465116279,0.9473684210526315
SEA,0.4,0.0,0.0,0.2,0.0,0.0,0.5,0.25,0.0,1.0,0.0,0.3333333333333333,0.4,0.0,0.0,0.0
SED,0.0,0.0,0.0,0.0,0.0,0.0,0.0,0.0,0.0,0.0,0.0,0.0,0.0,0.0,0.0,0.0
SEE,0.0,0.0,0.5,0.0,0.0,0.0,0.0,0.0,0.0,0.0,0.625,0.8333333333333334,0.75,1.0,1.0,1.0
SEF,0.0,0.0,0.6666666666666666,0.0,0.0,0.0,0.5,0.0,0.0,0.6666666666666666,0.0,0.0,0.0,0.0,0.0,0.0
SEI,0.0,0.0,0.0,0.0,0.0,0.0,0.0,0.0,0.0,0.0,0.0,0.0,0.0,0.0,0.0,0.0
SEK,1.0,1.0,1.0,1.0,1.0,0.0,0.0,1.0,0.5,1.0,1.0,0.6666666666666666,1.0,0.0,0.3333333333333333,0.0
SEL,0.0,0.9230769230769231,0.0,0.0,0.9230769230769231,0.48,0.0,1.0,0.0,1.0,0.0,0.0,0.0,0.0,0.96,1.0
SEN,0.0,0.0,0.0,0.0,0.0,0.0,0.0,0.0,0.0,0.0,0.0,0.0,0.0,0.0,0.0,0.0
SEP,0.0,0.0,1.0,0.0,0.0,0.0,0.0,0.0,1.0,1.0,1.0,1.0,0.0,0.0,1.0,0.5
SEQ,1.0,1.0,1.0,0.0,1.0,1.0,0.0,0.0,0.0,0.0,0.0,0.0,0.0,0.0,0.0,0.0
SER,0.0,0.25,0.5,1.0,0.4,0.0,0.3333333333333333,0.0,0.0,0.0,0.75,0.8571428571428571,1.0,0.0,0.6666666666666666,1.0
SES,0.0,1.0,0.0,0.0,1.0,0.6557377049180327,1.0,1.0,1.0,1.0,0.4067796610169492,1.0,0.0,1.0,1.0,0.9545454545454546
SET,1.0,0.0,0.0,1.0,0.0,0.0,0.0,0.5,0.5,0.0,0.0,0.0,0.0,0.5,1.0,0.0
SEV,1.0,0.75,1.0,1.0,0.6666666666666666,0.8,0.14285714285714285,0.5,0.75,0.42857142857142855,0.8,0.8571428571428571,1.0,0.5,0.6666666666666666,0.0
SEW,0.0,0.0,0.0,0.0,0.0,0.0,0.0,0.0,0.0,0.0,0.0,0.0,0.0,0.0,0.0,0.0
SEY,0.0,0.0,1.0,0.0,0.0,0.0,0.0,0.0,1.0,0.0,0.0,0.0,0.0,0.0,0.0,0.0
SFC,0.0,0.0,0.0,0.0,0.0,0.0,0.0,0.0,0.0,0.0,0.0,0.0,0.0,0.0,0.0,0.0
SFD,1.0,1.0,1.0,1.0,0.5,0.0,0.0,0.6666666666666666,1.0,1.0,0.0,0.5,1.0,0.5,0.5,1.0
SFE,1.0,0.0,0.6666666666666666,1.0,0.0,0.0,0.3333333333333333,0.0,0.75,0.0,0.5,0.0,0.0,1.0,0.6666666666666666,1.0
SFF,1.0,1.0,0.0,0.0,0.0,0.0,0.0,0.6666666666666666,0.5,0.5,0.0,0.5,0.0,1.0,1.0,0.0
SFG,0.0,0.0,0.0,0.0,0.0,0.0,0.0,0.0,0.0,0.0,0.0,0.0,0.0,0.0,0.0,0.0
SFH,0.0,0.0,0.0,0.0,0.0,0.0,0.0,1.0,0.0,0.0,0.0,0.0,0.0,0.0,0.0,0.0
SFI,0.0,1.0,0.0,1.0,0.0,0.0,0.5,1.0,0.0,0.4,0.0,0.0,0.5,0.0,0.0,0.0
SFK,1.0,1.0,0.0,0.0,0.0,0.0,1.0,0.0,0.0,0.0,0.0,0.6666666666666666,1.0,0.0,0.0,1.0
SFL,0.0,0.0,0.0,1.0,0.0,0.0,0.0,0.0,0.0,0.0,0.0,0.0,0.0,0.0,1.0,0.0
SFM,1.0,0.0,0.5714285714285714,0.0,0.0,0.0,0.0,0.0,0.6666666666666666,1.0,0.0,0.0,0.0,0.0,0.0,0.0
SFN,0.0,0.0,0.0,0.5,0.0,0.0,0.0,0.5,1.0,0.0,0.0,0.0,0.0,0.0,1.0,1.0
SFP,0.9629629629629629,0.8888888888888888,0.5,0.0,0.6666666666666666,0.45454545454545453,0.0,0.625,0.16666666666666666,0.6153846153846154,0.0,0.46153846153846156,0.0,0.0,0.8,0.0
SFQ,0.0,0.0,0.0,0.0,0.0,1.0,0.0,1.0,0.0,0.0,0.0,0.0,0.0,0.75,0.0,1.0
SFR,0.0,0.3333333333333333,0.375,0.0,1.0,0.0,0.0,0.0,0.5,0.0,0.0,0.0,0.0,0.0,0.0,0.0
SFS,0.0,0.0,0.0,0.0,0.0,0.0,0.0,0.0,0.0,0.0,0.0,0.0,0.0,0.0,0.0,0.0
SFT,0.0,0.0,0.0,0.0,0.0,0.0,0.0,0.0,0.0,0.0,0.0,0.0,0.0,0.0,0.0,0.0
SFV,0.2,0.6666666666666666,0.3333333333333333,0.0,1.0,0.0,0.0,0.0,0.25,0.75,0.5,1.0,0.0,0.0,1.0,1.0
SFY,0.0,0.0,0.0,0.0,0.0,0.0,0.0,0.0,0.0,0.0,0.0,0.0,0.0,0.0,0.0,0.0
SGA,0.0,0.0,0.0,0.0,0.0,0.0,0.0,0.0,0.0,0.0,0.0,0.0,0.0,0.0,0.0,0.0
SGC,0.0,0.0,0.0,0.0,0.0,0.0,0.0,0.5,0.0,0.0,0.0,1.0,0.0,0.0,0.5,0.5
SGD,0.0,0.0,0.0,0.0,0.0,0.0,0.0,0.0,0.0,0.0,0.0,0.0,0.0,0.0,0.0,0.0
SGE,0.0,0.0,0.0,0.0,0.0,0.0,0.0,0.0,0.0,0.0,0.0,0.0,0.0,0.0,0.0,0.0
SGF,0.7857142857142857,0.25,0.16666666666666666,0.0,0.1111111111111111,0.125,0.14285714285714285,0.2,0.8666666666666667,0.2857142857142857,0.4,0.0,0.0,0.0,0.0,0.0
SGG,0.0,0.0,0.0,0.0,0.0,0.0,0.0,0.0,0.0,0.0,0.0,0.0,0.0,0.0,0.0,0.0
SGH,1.0,0.5,0.0,0.0,1.0,0.5,0.0,0.5,0.5,0.0,1.0,1.0,0.0,1.0,0.0,0.0
SGI,0.0,0.0,0.5,0.0,0.0,0.0,0.0,0.0,0.5,0.0,0.0,0.0,0.0,0.0,0.0,0.0
SGK,0.2857142857142857,0.6666666666666666,0.0,1.0,1.0,0.4,1.0,0.3333333333333333,1.0,0.0,0.75,0.3333333333333333,0.0,0.5,1.0,0.0
SGL,0.0,0.1,0.0,0.0,0.14285714285714285,0.0,0.0,0.07692307692307693,0.0,0.14285714285714285,0.0,0.0,0.0,0.0,0.07692307692307693,0.0
SGM,0.0,0.5,0.8571428571428571,0.9090909090909091,1.0,0.4,0.0,0.5,0.5454545454545454,0.6666666666666666,0.4444444444444444,0.8461538461538461,1.0,0.5,0.8888888888888888,1.0
SGN,1.0,0.0,0.0,0.0,0.0,0.0,0.0,0.0,0.0,0.0,0.0,0.0,0.0,0.0,0.0,0.0
SGQ,0.0,0.0,0.0,0.0,0.0,0.0,0.0,0.0,0.0,0.0,0.0,0.0,0.0,0.0,0.0,0.0
SGR,1.0,0.9615384615384616,0.6,0.25,0.8571428571428571,0.75,0.9,0.6,0.5833333333333334,0.8285714285714286,0.09090909090909091,0.6666666666666666,1.0,0.25,0.7368421052631579,0.14285714285714285
SGS,0.6875,0.5476190476190477,0.0625,0.5,0.631578947368421,0.2222222222222222,0.7741935483870968,0.0,0.5652173913043478,0.4444444444444444,0.0,0.05555555555555555,0.2,0.0,0.0,0.0
SGT,0.0,0.0,0.16666666666666666,0.0,0.14285714285714285,0.0,0.0,0.0,0.0,0.0,0.0,0.0,0.0,0.0,0.0,0.0
SGV,0.0,0.2,0.6,0.0,0.4444444444444444,0.3333333333333333,0.625,0.0,0.2,0.4166666666666667,0.5,0.2,1.0,0.5,0.2,0.3333333333333333
SGW,0.0,0.0,0.0,0.0,0.0,0.0,0.0,0.0,0.0,0.0,0.0,0.0,0.0,0.0,0.0,0.0
SGY,0.75,0.75,1.0,0.5,0.0,0.25,1.0,0.6666666666666666,0.5,0.0,0.75,0.75,1.0,0.5714285714285714,0.5,1.0
SHA,0.0,1.0,0.0,0.0,1.0,0.0,0.0,0.0,1.0,0.0,0.0,0.0,0.0,0.0,0.0,0.0
SHD,1.0,0.0,0.3333333333333333,0.0,0.5,0.0,0.0,0.0,1.0,1.0,0.5,0.0,0.0,0.0,0.0,0.0
SHE,0.0,0.0,0.0,0.0,0.0,0.0,0.0,0.0,0.0,0.0,0.0,0.0,0.0,0.0,0.0,0.0
SHG,1.0,1.0,1.0,0.0,0.0,0.0,0.0,0.5,0.0,0.0,1.0,0.6666666666666666,0.5,0.0,1.0,0.5
SHL,0.0,1.0,1.0,0.0,1.0,0.0,0.0,0.0,0.0,1.0,0.0,0.0,0.0,0.0,0.0,0.0
SHN,1.0,0.0,1.0,0.0,0.0,0.0,0.5,0.0,0.5,0.0,0.0,0.0,0.0,0.0,0.0,0.0
SHR,0.0,0.0,0.0,0.0,0.0,0.0,0.0,0.0,0.0,0.0,0.0,0.0,0.0,0.0,0.0,0.0
SHS,0.0,0.0,0.0,0.0,0.0,0.0,0.0,0.0,0.0,0.0,0.0,0.0,0.0,0.0,0.0,0.0
SHT,0.0,0.0,0.0,0.0,0.0,0.0,0.0,0.0,0.0,0.0,0.0,0.0,0.0,0.0,0.0,0.0
SHV,0.0,0.0,1.0,0.0,0.0,0.0,0.0,0.0,0.0,0.0,0.0,0.0,1.0,0.0,0.0,0.0
SHW,0.0,1.0,1.0,0.0,0.0,0.0,0.5,0.0,0.0,0.0,1.0,1.0,1.0,0.0,1.0,0.6666666666666666
SIA,0.0,0.0,0.0,0.0,0.0,0.0,0.0,0.0,0.0,0.0,0.0,0.0,0.0,0.0,0.0,0.0
SIC,0.0,0.0,0.0,0.0,0.5,0.0,0.0,0.0,0.0,0.0,0.0,0.0,0.0,0.0,0.0,0.0
SID,0.0,0.0,0.0,0.0,0.0,0.0,0.0,0.0,0.0,0.0,0.0,0.0,0.0,0.0,0.0,0.0
SIE,1.0,0.0,0.0,0.0,0.0,0.0,0.0,0.0,0.0,0.0,0.0,0.0,0.0,0.0,0.0,0.0
SIG,0.0,0.0,0.0,0.0,0.0,1.0,0.0,1.0,0.0,0.0,0.3333333333333333,0.25,0.0,1.0,0.4,0.5
SIH,0.9166666666666666,0.8518518518518519,0.125,0.0,0.5789473684210527,0.3333333333333333,0.9090909090909091,0.0,0.8125,0.16666666666666666,0.0,0.0,0.0,0.0,0.0,0.0
SII,0.0,1.0,0.5,0.5,0.3333333333333333,0.25,0.0,0.5,0.75,0.0,0.5,0.6666666666666666,1.0,0.0,1.0,0.0
SIK,0.0,0.0,0.0,0.0,0.3333333333333333,0.0,0.0,0.0,0.0,0.0,0.0,0.0,0.0,0.0,0.0,0.0
SIL,0.0,0.0,0.0,0.0,0.0,0.0,0.0,0.0,0.0,0.0,0.0,0.0,0.0,0.0,0.0,0.0
SIN,0.0,0.0,0.0,0.0,0.0,0.9270833333333334,0.0,0.0,0.0,0.0,0.6666666666666666,0.0,0.0,0.0,0.0,0.0
SIP,0.0,0.0,0.5,0.0,1.0,1.0,0.0,0.0,0.5,0.0,0.0,0.0,0.0,0.0,0.0,0.0
SIR,0.0,0.0,0.0,1.0,0.3333333333333333,0.0,0.0,1.0,0.5,0.6666666666666666,0.5,0.0,0.0,0.0,1.0,1.0
SIS,0.9666666666666667,0.6923076923076923,0.25,1.0,0.5909090909090909,0.3,0.9629629629629629,0.375,0.6956521739130435,0.3333333333333333,0.0,0.2,0.75,0.25,0.1875,0.4
SIT,0.0,0.0,0.0,0.0,0.0,0.0,0.0,0.0,0.0,0.0,0.0,0.0,0.0,0.0,0.0,0.0
SIV,0.0,0.0,0.0,0.0,0.0,0.8955223880597015,0.0,0.0,0.0,0.0,0.0,0.0,0.0,0.0,0.0,0.0
SKA,0.75,0.6666666666666666,1.0,0.0,0.0,0.0,0.5,0.75,0.25,1.0,0.75,0.6666666666666666,0.0,1.0,0.75,1.0
SKC,0.0,0.0,0.0,0.0,0.0,0.0,0.0,0.0,0.0,0.0,0.0,0.0,0.0,0.0,0.0,0.0
SKD,0.0,0.0,0.3333333333333333,0.0,0.0,0.0,0.0,0.14285714285714285,0.25,0.16666666666666666,0.09375,0.0,0.0,0.0,0.14285714285714285,0.0
SKF,0.0,0.0,0.0,0.0,0.0,0.0,0.0,0.0,0.0,0.0,0.0,0.0,0.0,0.0,0.0,0.0
SKG,0.0,0.0,1.0,1.0,0.6666666666666666,0.5,0.0,1.0,0.5,0.0,0.6666666666666666,1.0,1.0,0.6666666666666666,1.0,1.0
SKH,0.0,0.0,0.0,0.0,0.0,0.0,0.0,1.0,0.0,0.0,0.0,0.5,0.0,0.0,0.5,0.5
SKI,0.2,0.125,0.6,0.625,1.0,0.0,0.0,0.5,0.375,0.2,0.09090909090909091,0.6666666666666666,0.18181818181818182,0.2727272727272727,0.75,0.0
SKK,0.0,0.0,0.0,0.0,0.0,0.0,0.0,0.0,0.0,0.0,0.0,0.0,0.0,0.0,0.0,0.0
SKL,0.6666666666666666,0.0,0.9615384615384616,0.0,0.0,0.7037037037037037,0.0,0.6,0.3333333333333333,0.0,0.8053097345132744,0.0,0.0,0.8,0.0,0.5714285714285714
SKN,1.0,0.0,0.5,0.0,0.0,0.0,0.0,0.0,1.0,0.0,0.0,0.0,0.0,0.0,0.0,0.0
SKP,0.0,0.0,1.0,0.75,1.0,1.0,0.0,0.0,0.875,0.0,0.9230769230769231,0.0,1.0,0.5,1.0,0.0
SKR,0.0,0.0,0.5,0.0,0.6666666666666666,0.6,0.0,0.0,0.0,1.0,0.0,0.0,0.0,0.0,0.0,0.0
SKS,0.0,0.0,0.0,0.0,0.0,0.0,0.0,0.0,0.0,0.0,0.5,0.6666666666666666,0.0,0.0,1.0,0.0
SKT,0.0,0.0,0.0,0.0,0.0,0.0,0.0,0.0,0.0,0.0,0.0,0.0,0.0,0.0,0.0,0.0
SKV,0.3333333333333333,0.4,0.0,0.0,0.6666666666666666,0.0,0.25,0.0,0.14285714285714285,0.0,0.0,0.16666666666666666,0.0,0.0,0.3333333333333333,0.25
SKW,0.5,0.0,1.0,0.0,1.0,0.0,1.0,0.0,1.0,1.0,0.8,0.0,0.0,0.0,0.0,0.0
SLA,0.0,0.0,0.0,0.0,0.0,1.0,0.0,1.0,0.0,0.0,0.0,0.0,0.0,0.6666666666666666,0.0,1.0
SLC,0.0,0.0,1.0,0.0,1.0,1.0,0.0,0.0,0.0,1.0,0.6666666666666666,0.3333333333333333,1.0,0.0,0.0,0.0
SLD,0.0,0.0,1.0,0.0,0.0,0.0,0.0,0.0,0.0,0.0,0.25,0.6666666666666666,0.5,0.0,0.0,1.0
SLE,0.6666666666666666,1.0,0.5,0.5,0.5,0.5,0.5,0.0,0.3333333333333333,0.5,0.09090909090909091,0.5555555555555556,0.0,0.5,0.2222222222222222,0.8
SLF,0.75,0.5,0.0,0.5,0.0,0.0,0.0,1.0,0.5,0.0,0.0,0.0,0.75,0.5,1.0,0.0
SLG,0.0,0.0,0.5,0.0,0.0,0.0,0.0,0.0,0.0,0.0,0.0,0.0,1.0,0.0,0.0,1.0
SLH,0.0,0.0,0.0,0.25,0.0,0.0,0.2,0.0,0.0,0.7142857142857143,0.1,0.14285714285714285,0.0,0.0,1.0,0.5
SLI,0.0,0.0,0.0,0.0,0.0,0.0,0.0,0.0,0.0,0.0,0.0,0.0,0.0,0.0,0.0,0.0
SLK,0.5714285714285714,0.6470588235294118,0.08333333333333333,0.7142857142857143,0.6666666666666666,0.625,0.4117647058823529,0.6923076923076923,0.5,0.38461538461538464,0.4,0.4375,0.8333333333333334,0.5,0.5,1.0
SLL,1.0,0.625,0.4,0.0,0.5,0.0,0.0,1.0,0.8333333333333334,0.0,0.3333333333333333,0.25,0.25,0.0,0.45454545454545453,0.0
SLM,0.0,0.0,0.0,0.0,0.0,0.0,0.0,0.0,0.0,0.0,0.0,0.0,0.0,0.0,0.0,0.0
SLN,0.0,0.0,0.0,0.0,0.0,0.0,0.0,0.0,0.0,0.0,0.0,0.0,0.0,0.0,0.0,0.0
SLP,0.0,0.0,0.0,0.0,0.0,0.0,0.0,1.0,0.0,0.0,0.0,0.0,0.0,1.0,0.0,1.0
SLQ,0.0,0.0,0.0,0.0,0.0,0.0,0.5,0.0,0.0,1.0,1.0,1.0,0.0,0.0,0.5,0.5
SLR,0.16666666666666666,0.21428571428571427,0.3333333333333333,1.0,0.1,0.0,0.3333333333333333,0.0,0.0,0.0,0.16666666666666666,0.3333333333333333,0.8571428571428571,0.0,0.0,0.45454545454545453
SLS,0.0,0.0,0.6666666666666666,0.0,0.0,0.3333333333333333,0.5,0.5,0.25,0.6666666666666666,0.5,0.0,0.0,0.0,0.0,0.0
SLT,0.0,0.6666666666666666,0.0,0.0,0.0,0.0,1.0,0.0,0.0,0.0,0.0,0.0,0.0,0.0,0.0,0.0
SLV,0.0,0.0,0.5,0.0,0.0,0.0,0.0,0.0,0.0,0.0,0.5,1.0,0.5,0.0,0.5,0.0
SLY,0.9,0.1111111111111111,0.5714285714285714,0.0,0.3,0.3333333333333333,0.7692307692307693,0.0,0.5,0.7333333333333333,0.0,0.0,1.0,0.0,0.7272727272727273,0.0
SMD,0.0,1.0,1.0,0.0,0.5,1.0,0.5,0.0,1.0,0.5,0.0,1.0,0.0,0.6666666666666666,0.5,0.0
SMI,0.0,0.0,0.0,0.0,0.0,0.0,0.0,0.0,0.0,0.0,0.0,0.0,0.0,0.0,0.0,0.0
SMK,0.8333333333333334,0.75,1.0,0.6666666666666666,0.6,0.75,0.8571428571428571,0.6666666666666666,0.6666666666666666,0.6666666666666666,0.3333333333333333,0.5,0.6,0.5,0.6666666666666666,1.0
SML,0.0,0.0,0.0,1.0,0.0,0.0,0.0,1.0,1.0,1.0,0.0,0.5,0.0,0.0,0.05263157894736842,0.8571428571428571
SMM,0.0,0.0,0.0,0.0,0.0,0.0,0.0,0.0,0.0,0.0,0.0,0.0,0.0,0.0,0.0,0.0
SMQ,0.14285714285714285,0.1,0.0,0.0,0.8333333333333334,0.16666666666666666,0.0,0.0,0.0,1.0,0.0,0.0,0.0,0.0,1.0,0.7142857142857143
SMT,0.0,0.0,0.0,0.0,0.0,0.5208333333333334,0.0,0.0,0.18181818181818182,1.0,0.39473684210526316,0.0,0.0,0.0,0.0,0.0
SMV,0.0,0.0,0.0,1.0,0.0,0.0,0.0,0.0,1.0,0.0,0.0,0.0,0.0,0.0,1.0,0.0
SMY,1.0,1.0,0.0,0.0,0.0,1.0,0.0,1.0,1.0,0.0,0.0,0.0,0.0,0.0,0.0,1.0
SNC,0.0,0.0,0.0,0.0,0.0,0.0,0.0,0.0,0.0,0.0,0.0,0.0,0.0,0.0,0.0,0.0
SND,0.0,0.75,0.25,1.0,0.16666666666666666,1.0,0.6666666666666666,0.0,0.5,0.16666666666666666,0.0,1.0,0.0,0.0,0.0,1.0
SNF,0.0,0.5555555555555556,0.6666666666666666,0.0,0.5263157894736842,0.2857142857142857,0.0,0.5,0.0,0.0,0.125,0.0,1.0,0.0,0.0,0.8
SNI,0.0,0.0,0.0,0.0,0.0,0.0,0.0,0.0,0.0,0.0,0.0,0.0,0.0,0.0,0.0,0.0
SNK,0.0,1.0,1.0,0.0,1.0,1.0,0.3333333333333333,0.0,1.0,0.0,0.8333333333333334,1.0,0.0,0.3333333333333333,1.0,0.0
SNL,0.5,0.25,0.0,0.0,0.6666666666666666,0.0,0.0,1.0,0.3333333333333333,1.0,1.0,0.5,0.0,0.0,0.6666666666666666,0.6666666666666666
SNN,0.0,0.0,0.0,0.0,0.0,0.0,0.0,0.0,0.0,0.0,0.0,0.0,0.0,0.0,0.0,0.0
SNP,0.0,0.0,0.0,0.0,0.0,0.0,0.0,0.5,0.0,0.5,0.6666666666666666,0.0,0.0,0.0,1.0,0.0
SNQ,0.0,0.0,0.0,0.0,0.0,0.0,1.0,0.0,0.0,0.0,1.0,1.0,0.0,0.0,1.0,0.0
SNS,0.0,0.4,0.1,1.0,0.5,0.45454545454545453,0.0,0.3333333333333333,0.09090909090909091,0.4444444444444444,0.25,0.36363636363636365,1.0,0.6666666666666666,0.7,0.4
SNT,0.0,0.0,0.5,0.5,0.5,0.0,0.0,0.0,0.0,0.0,0.5,0.6666666666666666,0.6666666666666666,0.0,0.25,0.75
SNV,0.0,0.0,0.0,0.0,0.0,0.0,0.0,0.0,0.0,0.0,0.0,0.0,0.0,0.0,0.0,0.0
SNW,0.0,0.0,0.0,0.0,0.0,0.0,0.0,0.0,0.0,0.0,0.0,1.0,0.0,0.0,1.0,1.0
SNY,0.5,0.5,1.0,0.0,0.0,0.0,1.0,0.0,1.0,0.0,0.25,1.0,1.0,0.0,0.0,1.0
SPA,0.0,1.0,0.0,0.6666666666666666,0.0,0.7864077669902912,0.2,0.0,0.2,1.0,0.7466666666666667,0.0,0.9285714285714286,0.5384615384615384,0.75,0.2222222222222222
SPD,0.0,0.0,0.0,0.0,0.0,0.0,0.0,0.0,0.0,0.0,0.0,0.0,0.0,0.0,0.0,0.0
SPE,1.0,1.0,1.0,0.0,0.0,0.5,0.0,1.0,1.0,0.0,0.0,0.0,1.0,0.0,0.0,0.0
SPF,0.0,0.0,1.0,0.0,0.6666666666666666,0.6,0.0,0.0,0.0,0.3333333333333333,0.23076923076923078,0.15384615384615385,0.5,0.0,0.0,0.0
SPG,0.0,0.0,0.0,0.0,0.0,0.0,0.0,0.0,0.0,0.0,0.0,0.0,0.0,0.0,0.0,0.0
SPI,0.0,0.0,1.0,0.0,0.0,0.0,0.0,0.0,0.0,0.0,0.05263157894736842,1.0,0.2,0.0,0.0,0.0
SPL,0.0,0.0,0.0,0.0,0.0,0.0,0.0,0.0,0.0,0.0,0.0,0.0,0.0,0.0,0.0,0.0
SPQ,0.0,0.0,0.0,0.5,0.0,0.0,0.0,0.75,1.0,0.75,0.7142857142857143,0.4594594594594595,0.0,0.0,0.5526315789473685,0.5217391304347826
SPR,0.0,0.5,0.0,0.75,0.3333333333333333,1.0,1.0,0.0,0.3333333333333333,0.0,0.6666666666666666,0.5,0.0,0.25,0.5,1.0
SPS,0.42857142857142855,0.25,0.3333333333333333,0.0,0.0,0.5,0.0,0.0,0.5,0.0,0.0,0.0,0.0,0.0,0.0,0.0
SPT,0.0,0.0,0.0,0.5,0.5,0.0,0.0,0.0,0.0,1.0,1.0,0.5,0.0,0.0,0.5,1.0
SPV,0.0,0.0,0.0,0.0,0.0,0.0,1.0,0.0,0.0,0.0,1.0,1.0,0.0,0.0,0.0,0.0
SPW,0.0,0.0,0.0,0.0,0.0,0.0,0.0,0.0,0.0,0.0,0.05555555555555555,0.6486486486486487,0.0,0.0,0.125,0.72
SPY,0.7857142857142857,0.75,0.3333333333333333,0.7,0.5789473684210527,0.4444444444444444,0.75,0.16666666666666666,0.7037037037037037,0.7894736842105263,0.2631578947368421,0.5,0.625,0.6666666666666666,0.5555555555555556,1.0
SQA,1.0,0.8333333333333334,0.6666666666666666,1.0,0.6666666666666666,0.4,0.0,0.5,0.3333333333333333,0.3333333333333333,0.125,1.0,0.5,1.0,0.3333333333333333,0.0
SQD,0.0,0.0,0.0,0.0,0.0,0.0,0.0,0.0,0.0,0.0,0.0,0.0,0.0,0.0,0.0,0.0
SQE,0.0,0.6666666666666666,1.0,1.0,1.0,0.4444444444444444,0.5714285714285714,0.6666666666666666,1.0,0.5,0.6666666666666666,0.8571428571428571,0.0,0.6666666666666666,0.75,0.0
SQF,0.0,0.0,0.0,0.0,0.0,0.0,0.0,0.0,0.0,0.0,0.5,1.0,0.0,0.0,1.0,0.0
SQH,0.0,1.0,0.0,0.0,0.0,0.0,1.0,0.0,0.0,0.0,1.0,0.0,0.0,0.0,0.0,0.0
SQI,0.0,0.21428571428571427,0.0,0.0,0.23076923076923078,0.85,0.0,1.0,0.0,0.8787878787878788,0.8455882352941176,0.0,0.0,0.0,0.0,0.9791666666666666
SQK,0.0,0.0,0.0,0.0,0.0,0.0,0.0,0.0,0.0,0.0,0.0,0.0,0.0,0.0,0.0,0.0
SQL,0.0,0.0,0.0,0.0,0.0,0.0,0.0,0.0,0.0,0.0,0.3333333333333333,0.7142857142857143,0.0,0.5,0.625,1.0
SQN,0.0,1.0,0.6666666666666666,1.0,1.0,1.0,1.0,0.0,0.7777777777777778,0.5,0.0,0.8333333333333334,1.0,0.0,0.0,1.0
SQQ,0.0,0.0,0.0,0.0,0.0,0.0,0.0,0.0,0.0,0.0,0.0,0.0,0.0,0.0,0.0,0.0
SQR,0.0,1.0,0.0,0.0,0.0,1.0,0.7142857142857143,1.0,1.0,0.75,1.0,1.0,1.0,0.0,1.0,0.0
SQS,0.5909090909090909,0.6842105263157895,0.6,0.2857142857142857,0.3333333333333333,0.5714285714285714,0.2,0.625,0.125,0.35294117647058826,0.0,0.7,0.3333333333333333,0.0,0.6666666666666666,0.0
SQT,0.0,0.0,0.0,0.16666666666666666,0.5,0.0,0.0,0.0,1.0,0.0,0.0,1.0,0.0,0.0,1.0,0.3333333333333333
SQV,0.0,0.5,0.25,1.0,0.6,0.25,0.5,0.6,0.5,0.36363636363636365,1.0,0.375,0.0,0.0,0.5714285714285714,0.0
SQY,0.0,1.0,0.0,0.0,1.0,0.6486486486486487,0.0,0.7058823529411765,0.0,0.9795918367346939,0.0,0.0,0.0,0.0,1.0,0.8421052631578947
SRA,0.0,1.0,1.0,0.0,1.0,0.0,1.0,1.0,0.0,1.0,1.0,1.0,1.0,1.0,1.0,1.0
SRD,0.0,1.0,0.0,1.0,0.5,0.0,0.0,0.0,1.0,0.0,0.14285714285714285,0.3333333333333333,0.0,0.0,0.4444444444444444,0.5
SRF,0.0,0.0,0.16666666666666666,0.0,0.0,0.0,0.0,0.0,0.0,0.09090909090909091,0.125,0.2857142857142857,0.0,0.0,0.0,0.25
SRG,1.0,0.0,1.0,0.0,0.0,0.0,0.6666666666666666,0.0,0.6666666666666666,0.5,0.0,0.0,0.0,0.0,0.0,0.0
SRH,0.0,0.0,0.0,0.0,0.0,0.0,0.0,0.0,0.0,0.0,0.0,0.0,0.0,0.0,0.0,0.0
SRI,1.0,0.4,0.16666666666666666,1.0,0.5,0.0,0.0,0.6666666666666666,1.0,0.0,0.0,0.0,0.75,0.5555555555555556,0.25,0.75
SRL,0.2,0.25,0.42857142857142855,0.5,0.6666666666666666,0.6666666666666666,0.0,0.2857142857142857,0.09090909090909091,0.625,0.5555555555555556,0.5555555555555556,0.16666666666666666,0.875,0.3076923076923077,0.5
SRM,0.0,0.0,0.0,0.0,0.0,0.0,0.0,0.0,0.0,0.0,0.0,0.0,0.0,0.0,0.0,0.0
SRN,1.0,0.75,0.8,1.0,1.0,1.0,0.8571428571428571,1.0,0.6666666666666666,0.7142857142857143,1.0,1.0,1.0,0.6,0.9,0.0
SRP,0.0,0.0,0.25,0.0,0.3333333333333333,1.0,0.0,0.0,0.5,0.2,0.2,0.0,0.2,0.0,0.0,0.0
SRQ,0.6666666666666666,0.0,1.0,1.0,0.25,1.0,1.0,1.0,0.0,1.0,0.0,0.5,1.0,0.75,0.5,0.6666666666666666
SRR,0.0,0.5714285714285714,0.4444444444444444,1.0,0.5555555555555556,0.0,0.16666666666666666,0.0,0.5,0.3333333333333333,1.0,0.0,1.0,0.6666666666666666,0.0,1.0
SRS,0.6296296296296297,0.6818181818181818,0.5185185185185185,0.5384615384615384,0.5454545454545454,0.7407407407407407,0.35714285714285715,0.7368421052631579,0.5,0.8333333333333334,0.4117647058823529,0.65,0.9166666666666666,0.6666666666666666,0.6521739130434783,0.7142857142857143
SRT,0.0,0.0,0.3333333333333333,0.5,0.0,0.0,0.0,0.6,1.0,0.6,0.9629629629629629,0.9814814814814815,0.0,0.0,0.9423076923076923,1.0
SRV,0.0,0.0,0.0,0.0,0.0,0.0,0.0,0.0,0.0,0.0,0.0,0.0,0.0,0.0,0.0,0.0
SRW,0.0,0.0,0.0,0.0,0.0,0.0,0.0,0.0,0.0,0.0,0.0,0.0,0.0,0.0,0.0,0.0
SRY,1.0,1.0,0.0,1.0,0.0,0.0,1.0,1.0,0.0,1.0,0.0,0.5,1.0,0.0,0.6666666666666666,0.0
SSA,0.8,0.8928571428571429,0.6875,0.4,0.7878787878787878,0.5,0.6875,0.8333333333333334,0.4444444444444444,0.7272727272727273,0.47058823529411764,0.5384615384615384,0.0,0.375,0.9285714285714286,0.0
SSC,0.0,1.0,0.0,0.0,0.0,0.0,0.0,1.0,0.0,0.0,0.0,0.0,0.0,0.0,0.0,0.0
SSD,0.0,1.0,0.0,0.0,0.3333333333333333,1.0,0.0,0.4,0.0,0.0,0.0,0.5,1.0,0.0,0.0,1.0
SSE,0.125,0.0,0.8,0.5,0.0,0.0,0.0,0.0,0.0,0.0,0.8181818181818182,0.7692307692307693,0.6153846153846154,0.0,0.5,0.7692307692307693
SSF,1.0,0.5,0.6,0.0,1.0,0.0,0.0,0.0,0.7142857142857143,0.0,0.35294117647058826,0.0,0.0,0.0,0.0,0.0
SSG,1.0,0.0,0.0,1.0,0.0,0.0,0.0,1.0,1.0,0.0,0.0,0.0,0.0,1.0,0.0,0.0
SSH,1.0,0.5,1.0,0.0,0.0,0.0,0.5,0.0,1.0,0.0,1.0,0.6666666666666666,0.5,0.0,0.3333333333333333,0.5
SSI,0.9565217391304348,0.8846153846153846,0.25,0.0,0.55,0.18181818181818182,0.9166666666666666,0.0,0.7647058823529411,0.2,0.0,0.0,0.0,0.0,0.0,0.0
SSK,0.0,0.0,0.5,0.0,0.0,0.0,0.0,0.0,0.6666666666666666,0.0,1.0,0.0,0.0,0.0,0.0,0.0
SSL,0.2857142857142857,0.2727272727272727,0.23076923076923078,0.6666666666666666,0.2,0.2,0.6842105263157895,0.0,0.0,0.6111111111111112,0.16666666666666666,0.46153846153846156,0.6666666666666666,0.0,0.5333333333333333,0.75
SSM,0.0,0.0,0.0,0.0,0.0,0.6666666666666666,0.14285714285714285,0.0,0.14285714285714285,1.0,0.3,0.0,0.0,0.5,0.0,0.0
SSN,0.0,0.0,0.0,0.0,0.0,0.0,0.0,0.0,0.0,0.0,0.0,0.5,0.0,0.0,0.0,1.0
SSP,0.0,0.0,0.0,0.0,0.0,0.0,0.0,0.0,0.0,0.0,0.0,0.0,0.0,0.0,0.0,0.0
SSQ,0.0,0.0,0.0,0.0,1.0,0.0,0.0,0.0,0.0,0.0,1.0,0.6666666666666666,0.0,0.5,1.0,0.0
SSR,0.0,0.3333333333333333,0.6666666666666666,0.0,0.5,0.6666666666666666,1.0,1.0,0.0,0.7142857142857143,0.75,0.6,1.0,0.5,0.6666666666666666,1.0
SSS,0.0,0.0,0.0,0.0,0.0,0.0,0.0,0.0,0.0,0.0,0.0,0.0,0.0,0.0,0.0,0.0
SST,0.0,0.0,1.0,0.0,0.0,0.0,0.0,0.0,0.0,1.0,0.0,0.0,0.0,0.0,0.0,0.0
SSV,0.0,0.0,0.0,1.0,0.0,0.5,0.0,0.0,0.6666666666666666,1.0,0.125,0.3333333333333333,0.0,0.0,0.5,1.0
SSW,0.6666666666666666,1.0,1.0,0.0,0.0,0.75,1.0,0.0,1.0,0.0,1.0,1.0,0.5,1.0,0.0,1.0
STA,0.0,0.0,1.0,0.0,0.0,0.0,0.0,0.0,0.0,0.0,0.5,0.75,0.0,0.0,1.0,0.5
STD,0.0,0.0,0.0,0.0,0.0,0.0,0.0,0.0,0.0,0.0,0.0,0.0,0.0,0.0,0.0,0.0
STE,0.0,0.0,0.0,0.0,0.4,1.0,0.0,0.0,0.0,0.0,0.0,0.0,0.0,0.0,0.0,0.0
STF,0.8888888888888888,0.6428571428571429,0.0,0.0,0.0,0.0,0.0,0.0,0.2,0.0,0.0,0.0,0.0,0.0,0.0,0.0
STG,1.0,1.0,0.8,0.0,0.0,0.0,0.0,0.0,0.8,0.0,0.0,0.0,1.0,0.0,0.0,0.0
STK,0.0,0.7142857142857143,0.0,1.0,0.3333333333333333,0.038461538461538464,0.4,0.5,1.0,0.5,0.25,1.0,1.0,1.0,0.8888888888888888,1.0
STL,1.0,0.0,0.6363636363636364,0.0,0.0,0.0,0.0,0.0,0.46153846153846156,0.6666666666666666,0.0,0.0,0.5,0.0,0.0,0.0
STN,0.0,0.0,0.0,0.0,0.0,0.0,0.0,0.0,0.0,0.0,0.0,0.0,0.0,0.0,0.0,0.0
STP,1.0,1.0,0.0,0.0,1.0,1.0,0.6666666666666666,0.0,0.0,0.0,0.6666666666666666,0.0,0.0,0.0,0.0,0.0
STQ,0.0,0.0,0.0,0.0,0.0,0.0,0.0,0.0,0.0,0.0,0.0,0.0,0.0,0.0,0.0,0.0
STR,0.0,0.5,0.0,0.0,0.0,0.0,0.0,0.3333333333333333,1.0,0.0,0.0,0.16666666666666666,0.0,0.0,0.6,0.0
STS,1.0,1.0,1.0,0.8,0.75,0.625,0.3333333333333333,1.0,1.0,0.5,0.75,1.0,1.0,0.5714285714285714,0.7,0.5
STT,0.0,0.0,0.0,0.0,0.0,0.0,0.0,0.0,0.0,0.0,0.0,0.0,0.0,0.0,0.0,0.0
STV,0.0,0.0,1.0,0.0,0.0,0.0,0.0,0.0,0.0,0.0,0.0,1.0,1.0,0.0,0.0,1.0
STW,0.0,1.0,0.0,0.0,1.0,0.0,1.0,0.0,0.0,0.0,0.0,0.0,0.0,0.0,0.0,0.0
STY,0.88,0.7931034482758621,0.1111111111111111,0.0,0.6111111111111112,0.18181818181818182,0.8823529411764706,0.0,0.26666666666666666,0.0,0.0,0.0,0.0,0.0,0.0,0.0
SVA,0.0,0.0,0.3333333333333333,0.0,0.0,0.0,0.0,0.0,0.0,0.0,1.0,0.0,0.0,0.0,0.0,0.0
SVC,0.0,0.0,0.0,0.0,0.0,0.0,0.5,0.5,0.0,0.0,0.3333333333333333,1.0,0.0,0.0,0.6,0.5
SVD,1.0,1.0,0.0,0.0,1.0,1.0,0.0,0.0,0.0,0.0,0.0,0.0,0.0,0.0,0.0,0.0
SVE,0.0,0.0,0.0,0.0,0.0,0.0,0.0,0.0,0.0,0.0,0.4,0.5714285714285714,0.0,0.0,0.5,0.5
SVF,0.0,0.0,0.0,0.0,0.0,0.0,0.0,0.0,0.0,0.0,0.0,0.5,0.5,0.0,0.0,0.75
SVG,0.0,1.0,0.3333333333333333,1.0,0.3333333333333333,1.0,0.5,0.0,0.6666666666666666,0.0,0.5,0.5,1.0,0.0,0.0,0.0
SVH,0.0,0.0,0.0,0.0,0.0,0.0,0.0,0.0,0.0,0.0,0.0,0.0,0.0,0.0,0.0,0.0
SVI,0.0,0.0,0.0,0.0,0.0,0.0,0.3333333333333333,0.0,0.0,0.0,0.0,0.5,0.0,0.2,0.5,0.0
SVK,0.0,0.14285714285714285,0.75,0.0,0.1,0.0,0.08333333333333333,0.0,0.36363636363636365,0.0,0.6666666666666666,0.3333333333333333,0.0,0.0,0.18181818181818182,0.0
SVL,0.0,0.0,0.0,0.3333333333333333,0.0,0.0,0.0,0.75,0.0,0.0,0.9615384615384616,0.7692307692307693,0.0,0.0,0.9019607843137255,0.96875
SVM,0.0,0.0,0.0,0.0,0.0,0.0,0.0,0.0,0.0,0.0,0.0,0.0,0.0,0.0,0.0,0.0
SVN,0.0,0.0,0.0,0.0,0.0,0.0,0.0,0.0,0.0,0.0,0.0,0.0,0.0,0.0,0.0,0.0
SVP,0.3333333333333333,0.3333333333333333,0.3076923076923077,0.2857142857142857,0.5,0.02702702702702703,0.7,0.0,0.6875,0.6,0.23809523809523808,0.45454545454545453,0.0,0.0,0.6,0.6666666666666666
SVQ,1.0,1.0,1.0,0.0,1.0,1.0,0.5,0.5,1.0,1.0,0.0,1.0,0.0,1.0,1.0,0.0
SVR,0.0,0.6666666666666666,1.0,0.0,0.8823529411764706,0.7142857142857143,0.2222222222222222,0.6666666666666666,0.25,0.0,0.9,1.0,0.0,1.0,0.0,0.0
SVS,0.9166666666666666,0.85,0.5555555555555556,0.25,0.8235294117647058,0.6363636363636364,0.6,0.7272727272727273,0.4375,0.64,0.36363636363636365,0.6,0.75,1.0,0.68,0.7142857142857143
SVT,0.0,0.3333333333333333,0.25,1.0,0.5,0.02040816326530612,0.42857142857142855,0.0,0.5714285714285714,0.6,0.325,1.0,0.0,0.125,0.5,0.0
SVV,0.5,0.0,0.0,1.0,0.0,0.0,0.0,0.0,1.0,1.0,0.5,0.0,0.0,0.0,0.75,1.0
SVW,0.0,0.0,1.0,1.0,0.0,1.0,0.5,0.0,1.0,0.5,0.75,0.6666666666666666,0.5,0.0,0.75,1.0
SVY,0.0,0.5,0.0,0.0,1.0,0.0,0.0,0.0,0.0,0.0,0.0,0.0,0.0,0.0,0.0,0.0
SWD,0.0,0.0,0.0,0.0,0.0,0.0,0.0,0.0,0.0,0.0,0.0,0.0,0.0,0.0,0.0,0.0
SWF,1.0,0.0,0.5,0.6666666666666666,0.0,0.0,0.75,0.0,0.6,0.0,0.6666666666666666,0.6666666666666666,0.0,0.0,0.6666666666666666,0.6666666666666666
SWG,0.0,0.3333333333333333,0.0,0.0,0.0,0.0,0.0,0.0,0.25,0.0,0.0,0.058823529411764705,0.0,0.0,0.07142857142857142,0.0
SWK,0.0,0.0,0.0,0.0,0.0,0.0,0.0,0.0,0.0,0.0,0.0,0.0,0.0,0.0,0.0,0.0
SWL,0.0,0.0,0.0,0.0,0.0,0.0,0.0,0.0,0.0,0.0,0.0,0.0,0.0,0.0,0.0,0.0
SWR,0.6666666666666666,1.0,1.0,0.0,0.0,1.0,1.0,0.0,1.0,0.0,1.0,1.0,0.5,1.0,0.0,1.0
SWS,1.0,0.0,0.5,0.0,0.0,0.0,0.0,0.0,0.6666666666666666,0.6666666666666666,0.0,0.0,0.0,0.0,0.0,0.0
SWT,0.0,0.07142857142857142,0.2,0.0,0.0,0.0,0.0,0.0,0.14285714285714285,0.0,0.8495575221238938,0.0,0.0,0.0,0.0,0.0
SWV,0.0,0.0,0.0,0.0,0.0,0.0,0.0,0.0,0.0,0.0,0.0,0.0,0.0,0.0,0.0,0.0
SYA,0.0,0.5,0.0,0.0,0.0,0.0,0.3333333333333333,0.0,0.0,0.5,0.0,0.0,1.0,0.0,0.0,0.0
SYC,0.0,0.0,0.0,0.0,0.0,0.0,0.0,1.0,0.0,0.0,0.0,0.5,0.0,0.0,0.75,0.5
SYD,0.0,0.6,0.5,0.5,0.6,0.6,0.0,0.3333333333333333,0.25,0.3333333333333333,0.3333333333333333,0.75,0.0,0.0,0.5555555555555556,0.6666666666666666
SYG,0.0,0.6666666666666666,0.0,0.0,0.6666666666666666,1.0,0.4,0.0,0.0,1.0,0.0,0.0,0.0,0.0,0.0,0.0
SYI,1.0,0.9166666666666666,0.3333333333333333,1.0,0.6666666666666666,1.0,1.0,0.0,1.0,0.5,0.0,0.8333333333333334,1.0,0.0,0.0,0.625
SYL,0.5,0.6666666666666666,0.4,0.5,0.6,0.6,0.0,1.0,0.5,0.0,0.5,0.25,0.0,0.75,0.2,0.0
SYM,0.0,1.0,0.0,0.0,1.0,0.0,0.0,0.5,0.0,0.0,0.0,0.0,0.0,0.0,0.0,0.0
SYP,0.2,0.0,0.5,0.0,0.0,0.0,0.0,0.0,0.0,0.0,0.3333333333333333,1.0,1.0,0.0,0.0,0.0
SYR,0.0,0.0,0.0,0.0,0.0,0.5,0.0,0.0,0.0,0.0,0.0,0.0,0.0,0.5,0.0,0.0
SYS,0.88,0.8541666666666666,0.5217391304347826,0.0,0.7142857142857143,0.4666666666666667,0.8620689655172413,0.5555555555555556,0.7142857142857143,0.7272727272727273,0.16666666666666666,0.35294117647058826,0.0,0.0,0.5789473684210527,0.5
SYV,0.0,0.0,0.0,0.0,0.0,0.0,0.0,0.0,0.0,0.0,0.0,0.0,0.0,0.0,0.0,0.0
TAA,0.6,0.6,0.4444444444444444,0.0,0.6666666666666666,0.2222222222222222,0.0,0.2222222222222222,0.4166666666666667,0.0,0.125,0.2972972972972973,0.5833333333333334,0.0,0.12,0.1875
TAC,0.0,0.0,0.0,0.0,0.0,1.0,1.0,1.0,0.0,0.0,0.0,1.0,0.0,0.0,0.5,1.0
TAD,0.0,0.0,0.0,0.0,0.0,0.0,0.0,0.0,0.0,0.0,0.0,0.0,0.0,0.0,0.0,0.0
TAE,0.0,0.0,1.0,0.5,1.0,0.0,1.0,0.0,1.0,0.0,1.0,1.0,0.0,1.0,0.6666666666666666,0.0
TAF,0.0,0.5,0.0,1.0,0.0,0.21568627450980393,0.2222222222222222,0.4,0.0,0.6666666666666666,0.0,0.0,0.625,0.25,0.4,0.3333333333333333
TAG,0.6666666666666666,0.5,0.625,1.0,1.0,0.5,0.0,0.5,0.7,0.2857142857142857,0.75,0.6666666666666666,0.6,0.6666666666666666,0.6153846153846154,0.5714285714285714
TAH,0.0,0.0,0.0,0.0,0.0,0.0,0.0,0.0,0.0,0.0,0.0,0.0,0.0,0.0,0.0,0.0
TAI,0.0,0.0,0.0,0.0,0.0,0.0,0.0,0.0,0.0,0.0,0.0,0.0,0.0,0.0,0.0,0.0
TAL,0.0,0.25,0.14285714285714285,0.42857142857142855,0.2,0.5833333333333334,0.38461538461538464,0.2857142857142857,0.5333333333333333,0.4,0.6666666666666666,0.8333333333333334,0.2727272727272727,0.6666666666666666,0.36363636363636365,0.6666666666666666
TAN,0.0,0.0,0.0,0.0,0.0,1.0,1.0,1.0,0.0,0.0,0.0,0.0,0.0,0.6666666666666666,0.0,0.3333333333333333
TAQ,0.0,0.0,0.0,0.0,0.0,0.0,0.0,0.0,0.0,0.0,0.0,0.0,0.0,0.0,0.0,0.0
TAR,0.0,0.0,0.0,0.0,0.0,0.0,0.0,0.0,0.0,0.0,0.0,0.0,0.0,0.0,0.0,0.0
TAS,1.0,0.0,0.3333333333333333,0.4,0.0,1.0,0.5,0.0,0.6666666666666666,0.0,0.75,0.6666666666666666,0.6666666666666666,0.0,0.6666666666666666,0.8
TAT,0.0,0.0,0.3333333333333333,0.0,0.0,0.5,0.5,0.0,0.0,0.5,0.0,0.5,0.5,0.0,0.0,0.4
TAV,0.18181818181818182,0.4,0.25,0.4,0.4,1.0,0.5,0.0,0.3333333333333333,0.0,0.42857142857142855,0.4444444444444444,0.0,0.6,0.75,0.6666666666666666
TAY,0.5,0.0,0.2,0.0,0.0,0.0,0.0,0.0,1.0,0.0,0.0,0.5,0.0,0.0,0.0,0.5
TCC,0.0,0.0,0.0,0.0,0.0,0.0,0.0,0.0,0.0,0.0,0.0,0.0,0.0,0.0,0.0,0.0
TCD,1.0,1.0,0.0,0.0,0.0,0.5,1.0,0.5,1.0,0.0,0.6666666666666666,1.0,0.0,1.0,0.0,0.0
TCE,0.0,0.25,0.3333333333333333,1.0,0.0,0.0,0.3333333333333333,0.0,0.6666666666666666,0.0,0.0,0.0,0.0,0.0,0.2,0.0
TCI,0.0,0.0,0.0,0.0,0.0,0.0,0.0,0.0,0.0,0.0,0.0,0.5,0.0,0.0,1.0,0.0
TCK,0.0,0.0,0.0,0.0,0.0,0.0,0.0,0.0,0.0,0.0,0.0,0.0,0.0,0.0,0.0,0.0
TCL,0.0,0.6,0.0,0.5,0.5,0.6666666666666666,0.0,0.5,0.3333333333333333,0.3333333333333333,0.25,0.0,0.3333333333333333,0.5,0.0,0.0
TCN,1.0,0.5,0.0,1.0,0.0,1.0,0.75,0.0,0.0,1.0,0.0,0.6666666666666666,1.0,0.0,0.0,0.3333333333333333
TCQ,0.0,0.0,0.0,0.0,0.0,0.0,0.0,0.0,0.0,0.0,0.0,0.0,0.0,0.0,0.0,0.0
TCR,0.5454545454545454,0.0,0.7142857142857143,0.0,0.0,0.0,0.0,0.0,0.5454545454545454,0.5,0.0,0.0,0.0,0.0,0.0,0.0
TCS,1.0,0.6666666666666666,1.0,1.0,1.0,1.0,0.5,1.0,0.6666666666666666,0.0,0.3333333333333333,0.5,0.0,0.75,0.0,0.0
TCV,0.0,0.0,0.0,0.0,0.0,0.0,0.0,0.0,0.0,0.0,0.0,0.0,0.0,0.0,0.0,0.0
TDA,0.0,1.0,1.0,0.0,0.25,0.0,0.0,0.0,0.5,0.0,0.0,0.0,1.0,0.0,0.0,1.0
TDE,0.0,0.0,0.0,0.0,0.0,0.0,0.0,0.0,0.0,0.0,0.0,0.0,0.0,0.0,0.0,0.0
TDF,0.0,0.0,0.25,0.0,0.14285714285714285,0.0,0.0,0.25,0.0,0.0,0.3333333333333333,0.2,0.0,0.0,0.42857142857142855,0.5
TDG,0.0,0.0,0.6666666666666666,0.0,0.0,0.0,0.0,0.0,1.0,0.0,0.0,0.0,0.0,0.0,0.0,0.0
TDI,0.0,0.0,1.0,1.0,0.0,1.0,0.5,0.0,0.0,0.5,0.5,0.6666666666666666,1.0,0.0,0.3333333333333333,0.6
TDK,0.0,0.0,0.0,0.5,0.0,1.0,0.0,1.0,0.0,0.0,0.0,0.0,1.0,1.0,0.0,0.0
TDM,0.0,0.0,0.0,0.0,0.0,0.0,0.0,0.0,0.0,0.0,0.0,0.0,0.0,0.0,0.0,0.0
TDN,0.8888888888888888,0.875,1.0,0.0,0.5,0.6,1.0,0.8333333333333334,1.0,0.6,0.8666666666666667,1.0,1.0,1.0,1.0,1.0
TDP,0.0,0.0,1.0,1.0,1.0,0.0,0.0,0.0,0.5,0.5,0.6666666666666666,0.0,0.0,1.0,0.5,0.0
TDR,0.0,0.0,0.0,0.0,0.0,0.0,0.0,0.0,0.0,0.0,0.0,0.0,0.0,0.0,0.0,0.0
TDS,0.0,1.0,0.0,0.0,1.0,0.625,0.0,0.8823529411764706,0.0,0.8928571428571429,0.0,0.0,0.0,0.7142857142857143,1.0,0.7692307692307693
TDT,0.0,0.0,0.0,0.0,1.0,0.0,0.0,0.0,0.0,0.75,0.0,0.0,0.0,0.0,0.75,0.75
TDV,0.0,0.0,0.5,1.0,0.5,0.0,0.0,0.0,0.0,0.5,0.5,0.3333333333333333,0.3333333333333333,0.0,0.3333333333333333,1.0
TDY,0.0,1.0,0.875,0.0,0.7142857142857143,0.0,0.0,0.0,0.5,1.0,1.0,0.7142857142857143,0.0,1.0,0.0,0.0
TEA,0.0,0.8888888888888888,0.0,1.0,0.9230769230769231,0.6811594202898551,0.7272727272727273,0.8620689655172413,0.6428571428571429,0.0,0.0,0.0,0.0,0.4,0.0,0.23809523809523808
TED,1.0,0.0,0.5,0.0,0.0,0.5,1.0,0.0,1.0,0.0,0.0,1.0,0.0,0.0,0.0,0.0
TEE,0.11764705882352941,0.05,0.047619047619047616,0.8333333333333334,0.0,0.0,0.047619047619047616,0.8421052631578947,0.16666666666666666,0.0,0.0,0.0,1.0,0.5,0.36363636363636365,0.8
TEF,0.5,0.3333333333333333,0.0,0.0,0.0,0.0,1.0,0.0,0.2,0.0,1.0,0.0,0.0,0.0,0.0,0.0
TEG,0.0,0.0,0.0,0.0,0.0,0.0,0.0,0.0,0.0,0.0,0.0,0.0,0.0,0.0,0.0,0.0
TEH,0.0,0.0,0.0,0.0,0.0,0.0,0.0,0.0,0.0,0.0,0.0,0.0,0.0,0.0,0.0,0.0
TEI,0.0,0.7142857142857143,0.0,0.0,1.0,1.0,0.5,0.0,0.0,0.0,0.0,0.0,1.0,0.0,0.0,0.0
TEK,0.0,0.0,0.0,0.0,0.0,0.0,0.0,0.0,0.0,0.0,0.0,0.0,0.0,0.0,0.0,0.0
TEL,0.0,1.0,0.0,0.0,1.0,0.18181818181818182,0.0,0.6666666666666666,0.0,1.0,0.0,0.0,0.0,0.0,1.0,0.8275862068965517
TEM,0.0,0.8333333333333334,0.0,0.0,0.0,0.0,0.0,0.0,1.0,0.6,0.0,0.0,0.45454545454545453,0.0,1.0,0.0
TEN,0.0,0.0,0.0,0.0,0.0,0.0,0.0,1.0,0.0,0.25,0.0,0.3,0.0,0.0,0.05555555555555555,0.4166666666666667
TEP,0.0,0.0,0.0,0.0,0.0,0.0,0.0,0.0,0.0,0.0,0.0,0.0,0.0,0.0,0.0,0.0
TEQ,0.0,0.0,0.0,0.0,0.0,0.0,0.0,0.0,0.0,0.0,0.0,0.0,0.0,0.0,0.0,0.0
TER,0.0,0.0,0.0,0.0,0.0,0.0,0.0,0.0,0.0,0.0,0.09090909090909091,0.3333333333333333,0.0,1.0,0.2222222222222222,0.0
TES,0.0,0.0,0.0,0.0,0.0,0.941747572815534,0.0,0.5428571428571428,0.0,0.0,0.6885245901639344,0.0,0.0,0.0,0.0,0.0
TET,0.0,0.0,0.0,0.0,0.0,0.0,0.0,0.0,0.0,0.0,0.0,0.0,0.0,0.0,0.0,0.0
TEV,0.21428571428571427,0.0,0.7777777777777778,0.2,0.0,0.0,0.25,0.7,0.0,0.0,0.7272727272727273,0.0,0.36363636363636365,0.9565217391304348,0.0,0.7096774193548387
TEW,0.0,0.0,0.0,0.0,0.0,0.0,0.0,0.0,0.0,0.0,0.0,0.0,0.0,0.0,0.0,0.0
TEY,0.0,0.8888888888888888,0.0,0.0,0.8275862068965517,0.2962962962962963,0.6857142857142857,0.43333333333333335,0.0,0.0,0.0,0.0,0.0,0.0,0.0,0.43333333333333335
TFE,1.0,1.0,0.6,0.0,0.5,0.0,0.0,0.0,0.75,0.0,0.3333333333333333,0.0,0.0,0.0,0.0,0.0
TFF,0.0,0.0,0.0,0.0,0.0,0.0,0.0,0.0,0.0,0.0,0.6666666666666666,1.0,0.0,0.0,1.0,0.5
TFG,1.0,0.6,0.14285714285714285,0.0,0.0,0.0,0.0,0.0,0.16666666666666666,0.0,0.0,0.2,0.0,0.0,0.0,0.0
TFH,1.0,0.6666666666666666,1.0,1.0,1.0,1.0,0.0,1.0,0.6666666666666666,0.0,0.6666666666666666,0.0,1.0,0.0,1.0,1.0
TFK,0.0,0.5,1.0,0.0,0.25,0.0,1.0,1.0,1.0,0.0,0.25,0.0,0.0,1.0,0.3333333333333333,0.0
TFP,1.0,0.5,0.0,0.0,1.0,1.0,0.0,1.0,0.0,0.0,0.0,0.0,0.0,0.0,0.0,1.0
TFR,0.0,0.0,0.0,0.0,0.0,0.0,0.0,0.0,0.0,0.0,0.0,0.0,0.0,0.0,0.0,0.0
TFS,0.0,0.0,0.2,0.0,0.0,0.0,0.0,0.0,0.0,0.0,0.0,0.25,0.0,0.0,0.0,0.3333333333333333
TFT,0.0,1.0,1.0,0.0,0.0,0.0,0.5,0.0,0.0,0.0,1.0,1.0,1.0,1.0,1.0,1.0
TFV,0.0,0.0,0.5,0.0,0.0,1.0,1.0,0.0,0.0,0.5,0.5714285714285714,0.6,0.5,0.0,0.5,0.7142857142857143
TFY,0.0,0.0,0.0,0.0,0.0,0.0,0.0,0.0,0.0,0.0,0.0,0.0,0.0,0.0,0.0,0.0
TGA,0.0,0.0,0.0,0.0,0.0,0.0,0.0,0.0,0.0,0.0,0.0,0.0,0.0,0.0,0.0,0.0
TGC,0.0,0.0,0.0,0.0,0.0,0.0,0.0,0.0,0.0,0.0,0.0,0.0,0.0,0.0,0.0,0.0
TGD,0.0,0.0,0.0,0.0,0.0,0.0,0.0,0.0,0.0,0.0,0.0,0.0,0.0,0.0,0.0,0.0
TGE,0.0,0.0,1.0,0.0,0.0,0.0,0.0,0.0,0.0,0.0,1.0,0.5,1.0,0.0,0.5,0.3333333333333333
TGG,0.0,0.0,0.0,0.6,1.0,1.0,0.0,0.3333333333333333,0.5,0.0,0.4,0.5,1.0,0.5,0.3333333333333333,0.5
TGI,0.0,0.0,0.0,1.0,0.0,0.0,0.0,0.0,0.0,0.0,0.0,0.0,0.3333333333333333,0.0,1.0,0.0
TGK,0.6666666666666666,0.23809523809523808,0.0,0.0,0.2857142857142857,0.7966101694915254,0.07692307692307693,0.6857142857142857,0.0,0.08,0.8785046728971962,0.0,0.16666666666666666,0.0,0.0,0.5454545454545454
TGL,0.0,0.0,0.0,0.14285714285714285,0.0,0.0,0.0,0.0,1.0,0.0,0.0,0.0,0.0,0.0,1.0,0.3333333333333333
TGN,0.0,0.5,0.5,1.0,0.6666666666666666,0.0,1.0,1.0,0.5,1.0,0.5,1.0,0.0,0.0,1.0,1.0
TGP,1.0,0.5,0.25,0.6,0.0,1.0,0.0,0.0,1.0,0.0,0.0,0.0,0.0,0.0,0.5,0.6666666666666666
TGQ,0.0,0.0,0.0,0.0,0.0,0.0,0.0,0.0,0.0,0.0,0.3,0.3333333333333333,0.0,0.0,0.25,0.0
TGS,0.5,1.0,0.5555555555555556,0.375,0.6666666666666666,0.75,0.3333333333333333,0.25,0.5384615384615384,0.0,0.4444444444444444,0.625,0.0,0.14285714285714285,0.6,0.75
TGT,0.0,0.0,0.0,0.0,0.0,0.0,0.0,0.0,0.0,0.0,0.0,0.0,0.0,0.0,0.0,0.0
TGV,0.0,0.0,0.0,0.0,0.0,0.0,0.0,0.0,0.0,0.0,0.0,0.0,0.0,0.0,0.0,0.0
TGW,0.0,0.0,0.0,0.0,0.0,0.0,0.0,0.0,0.0,0.0,0.3939393939393939,0.6341463414634146,0.0,0.0,0.4074074074074074,1.0
TGY,0.0,0.0,1.0,1.0,1.0,0.0,1.0,0.0,1.0,0.0,0.0,0.5,0.0,0.5,1.0,1.0
THA,0.0,0.0,0.0,0.0,0.0,0.0,0.0,0.0,0.0,0.0,0.0,0.0,0.0,0.0,0.0,0.0
THC,0.0,0.0,0.0,0.0,1.0,1.0,0.0,0.0,0.0,0.3333333333333333,0.0,0.0,0.0,0.0,0.0,0.0
THE,0.0,0.0,0.0,0.0,0.0,0.0,0.0,0.0,0.0,0.0,0.0,0.0,0.0,0.0,0.0,0.0
THG,0.0,1.0,0.3333333333333333,1.0,1.0,0.3333333333333333,1.0,0.0,0.0,0.0,0.8,0.5,1.0,0.0,0.0,0.0
THK,0.0,0.0,0.0,0.0,0.0,0.0,0.0,0.0,0.0,0.0,0.0,1.0,0.0,0.0,1.0,0.0
THL,0.0,0.0,0.0,0.0,0.0,0.0,0.6666666666666666,0.0,0.0,0.0,0.0,0.2222222222222222,0.4,0.0,0.0,0.2857142857142857
THS,1.0,0.0,0.0,1.0,1.0,0.0,0.0,1.0,1.0,0.0,0.0,0.0,0.0,0.5,0.0,0.0
THT,0.0,0.0,0.0,0.0,0.0,1.0,1.0,0.0,0.0,1.0,0.0,0.3333333333333333,0.0,0.0,0.0,0.75
THV,0.8571428571428571,0.875,0.6666666666666666,0.0,1.0,0.3333333333333333,1.0,1.0,0.8333333333333334,0.6666666666666666,0.5625,0.38461538461538464,0.5,0.0,0.8888888888888888,0.2727272727272727
THW,0.0,0.0,0.0,0.0,0.0,0.0,0.0,0.0,0.0,0.0,0.0,0.0,0.0,0.0,0.0,0.0
THY,0.0,0.0,0.0,0.0,0.0,0.0,0.0,0.0,0.0,0.0,0.0,0.0,0.0,0.0,0.0,0.0
TIA,0.0,0.16666666666666666,0.0,0.0,0.0,0.0,0.0,0.0,0.16666666666666666,0.0,0.3333333333333333,0.0,0.0,0.0,0.0,0.0
TID,0.0,0.25,0.0,0.0,0.0,0.5,1.0,0.0,0.0,0.3333333333333333,0.0,0.0,0.0,0.0,0.0,0.0
TIE,1.0,1.0,1.0,0.3333333333333333,1.0,0.7142857142857143,0.3333333333333333,0.0,1.0,0.6666666666666666,0.4,0.5,0.5,0.5,0.0,0.0
TIF,0.0,0.0,0.0,0.0,0.0,0.0,0.0,0.0,0.0,0.0,0.0,0.0,0.0,0.0,0.0,0.0
TIG,0.0,1.0,1.0,0.6666666666666666,0.6666666666666666,0.0,1.0,0.0,0.6153846153846154,1.0,0.5714285714285714,0.0,0.0,0.0,0.3333333333333333,0.3333333333333333
TIH,0.0,0.0,0.0,0.0,0.0,0.0,0.0,0.0,0.0,0.0,0.0,1.0,0.0,0.0,1.0,0.0
TII,0.0,0.0,0.0,0.0,0.0,0.0,0.0,0.0,0.0,0.0,0.0,0.0,0.0,0.0,0.0,0.0
TIK,1.0,1.0,1.0,1.0,0.8888888888888888,0.8,1.0,0.3333333333333333,0.6,1.0,0.875,1.0,0.0,0.75,1.0,0.0
TIL,0.0,0.0,0.0,0.0,0.0,0.0,0.0,0.0,0.0,0.0,0.0,0.0,0.0,0.0,0.0,0.0
TIN,0.0,1.0,1.0,0.0,1.0,0.0,1.0,0.0,1.0,0.0,0.5,0.0,0.0,1.0,0.0,0.0
TIP,0.0,0.0,0.0,1.0,0.0,0.6547619047619048,0.25,0.0,0.1,0.0,0.04838709677419355,0.0,0.8333333333333334,0.2857142857142857,0.5,0.25
TIQ,0.0,0.0,0.0,0.0,0.0,0.0,0.0,0.0,0.0,0.0,0.0,0.5,0.0,0.0,0.6666666666666666,1.0
TIR,0.0,0.0,1.0,0.0,0.0,0.0,1.0,0.0,0.6666666666666666,1.0,1.0,0.0,0.0,0.0,0.0,0.0
TIS,0.6470588235294118,0.6666666666666666,0.16666666666666666,0.0,0.0,0.0,0.06666666666666667,0.0,0.16666666666666666,0.06666666666666667,0.6,0.125,0.0,0.0,0.125,0.0
TIT,0.0,0.16666666666666666,0.0,0.0,0.0,0.0,0.0,0.25,0.5,0.0,0.5,0.0,0.0,0.0,0.0,0.0
TIV,0.5,0.0,1.0,0.0,0.0,0.3333333333333333,0.0,0.0,0.5,0.5,0.0,0.5,0.0,0.5,0.3333333333333333,0.0
TIW,0.0,0.0,0.0,0.0,0.0,0.0,0.0,0.0,0.0,0.0,1.0,0.0,0.0,0.0,0.0,0.0
TIY,0.0,0.5833333333333334,0.0,1.0,1.0,0.25,0.0,0.8888888888888888,0.25,0.7777777777777778,0.125,0.0,0.18181818181818182,1.0,1.0,1.0
TKA,0.9333333333333333,0.3125,1.0,0.5454545454545454,0.06666666666666667,0.4444444444444444,0.75,0.6666666666666666,0.8571428571428571,0.2,0.8173076923076923,0.6666666666666666,0.5454545454545454,0.8666666666666667,0.40625,0.5625
TKC,0.0,0.0,0.0,0.0,0.0,1.0,1.0,1.0,0.0,0.0,0.3333333333333333,0.6666666666666666,0.0,0.0,0.5,0.4
TKD,0.0,0.0,0.0,0.0,0.0,0.0,0.0,0.0,0.0,0.0,0.0,0.0,0.0,0.0,0.0,0.0
TKE,0.0,0.6666666666666666,0.6666666666666666,0.0,1.0,0.8888888888888888,0.6,0.6666666666666666,0.5,0.75,0.0,0.0,0.5,0.0,0.3333333333333333,0.5
TKF,0.0,1.0,0.0,0.5,0.5,0.6666666666666666,0.0,0.5,0.5,0.0,0.3333333333333333,0.0,1.0,1.0,0.0,0.0
TKG,1.0,1.0,0.0,0.0,1.0,1.0,0.0,1.0,1.0,0.0,0.0,0.0,0.0,0.0,0.5,0.0
TKI,0.0,0.0,0.0,0.0,0.0,0.2692307692307692,0.0,0.0,0.0,0.375,0.0,0.0,0.0,0.0,0.0,0.0
TKK,0.5,0.75,1.0,0.0,0.0,0.0,1.0,0.5,0.3333333333333333,1.0,0.3333333333333333,0.5,1.0,0.0,1.0,1.0
TKL,0.0,0.3333333333333333,0.0,1.0,1.0,0.0,0.0,0.0,0.0,0.92,0.0,0.0,0.0,0.0,0.8,0.6875
TKN,0.75,0.5,0.5,0.0,0.0,0.3333333333333333,1.0,1.0,1.0,0.0,0.5,1.0,1.0,0.3333333333333333,0.0,0.0
TKP,0.0,0.0,0.0,0.0,0.0,0.0,0.0,0.0,0.0,0.0,0.0,0.0,0.0,0.0,0.0,0.0
TKQ,0.8333333333333334,0.5,0.6666666666666666,0.75,0.5,0.5,1.0,0.0,0.5,0.75,0.6363636363636364,1.0,1.0,0.6666666666666666,1.0,0.0
TKR,1.0,0.0,0.0,1.0,0.0,0.0,0.0,1.0,0.2,0.0,0.0,0.0,0.0,0.5,0.16666666666666666,0.0
TKT,0.8333333333333334,1.0,0.6666666666666666,0.0,1.0,1.0,0.0,0.0,0.6363636363636364,0.5,0.0,0.0,0.0,0.0,0.0,0.0
TKV,0.0,0.4,0.4,0.8,0.0,0.6,0.375,0.6666666666666666,0.0,0.4444444444444444,0.5714285714285714,0.5454545454545454,0.6666666666666666,0.0,0.6666666666666666,0.6
TKW,1.0,1.0,0.0,1.0,0.0,0.0,0.3333333333333333,0.0,0.2857142857142857,0.75,0.038461538461538464,0.0,1.0,1.0,1.0,0.0
TKY,0.0,0.0,0.0,0.0,0.0,0.0,0.0,0.0,0.0,0.0,0.0,0.0,0.0,0.0,0.0,0.0
TLA,0.0,1.0,0.0,1.0,1.0,1.0,1.0,0.0,0.0,0.0,0.0,0.0,1.0,0.0,0.0,0.0
TLE,1.0,0.16666666666666666,0.16666666666666666,0.3333333333333333,0.75,0.8333333333333334,0.0,0.0,1.0,0.2,0.75,0.16666666666666666,0.16666666666666666,0.0,0.0,0.0
TLF,1.0,1.0,0.75,1.0,1.0,0.5,0.0,0.5,0.5,0.5,0.0,0.3333333333333333,1.0,0.0,0.3333333333333333,0.0
TLG,0.5,1.0,0.0,0.5,0.0,1.0,0.0,1.0,0.25,0.0,1.0,0.0,0.0,0.5,0.5,0.3333333333333333
TLH,0.0,0.0,0.0,0.0,0.0,1.0,1.0,1.0,0.0,0.0,0.0,1.0,0.0,1.0,0.0,0.0
TLI,0.0,0.0,0.5,0.6666666666666666,0.0,0.3333333333333333,0.0,0.0,0.4,0.0,0.5,0.14285714285714285,0.3333333333333333,1.0,0.0,0.0
TLK,1.0,0.0,1.0,0.0,0.0,0.0,0.5,0.0,0.8571428571428571,1.0,0.0,0.0,0.0,0.0,0.0,0.0
TLL,0.0,0.0,0.0,0.0,0.0,0.0,0.0,0.0,0.0,0.0,0.0,0.0,0.0,0.0,0.0,0.0
TLM,0.0,0.0,0.0,0.0,0.0,0.0,0.0,0.0,0.0,0.0,0.0,0.0,0.0,0.0,0.0,0.0
TLP,0.0,0.0,0.5,0.0,0.0,0.0,0.0,0.0,0.0,0.5,0.0,0.3333333333333333,1.0,0.0,0.0,0.0
TLQ,0.0,0.0,0.5,0.0,0.0,0.0,0.0,0.0,0.0,1.0,0.0,0.5,1.0,0.0,0.0,0.0
TLR,0.75,0.0,0.6,1.0,0.0,0.0,0.0,0.0,0.6666666666666666,1.0,0.0,0.0,0.0,0.0,0.0,1.0
TLS,0.0,0.0,1.0,0.0,1.0,0.0,0.0,0.0,0.0,0.0,0.0,0.0,0.0,0.0,0.0,0.0
TLT,0.14285714285714285,0.0,0.3333333333333333,0.0,0.125,0.8,0.3333333333333333,0.2,0.0,0.09090909090909091,0.7777777777777778,0.0,0.0,1.0,0.0,0.5
TLV,0.1,0.125,0.0,0.0,0.0,0.3333333333333333,0.0,1.0,0.09090909090909091,0.0,0.5,0.0,0.0,0.0,0.3333333333333333,0.42857142857142855
TLY,0.8571428571428571,0.0,0.8571428571428571,0.6666666666666666,0.5,0.0,0.25,0.0,0.6,0.42857142857142855,0.9,1.0,1.0,0.0,0.8,0.6666666666666666
TMA,0.0,1.0,0.0,0.5,1.0,0.0,0.0,0.0,1.0,0.5,0.0,0.0,0.0,0.0,0.0,0.0
TMD,0.0,0.0,1.0,0.0,0.0,0.0,0.0,0.0,1.0,0.0,0.0,0.0,1.0,0.0,0.3333333333333333,1.0
TMN,0.0,0.5,0.0,0.0,0.0,0.0,0.5,0.0,0.0,0.0,1.0,0.0,0.0,0.0,0.0,0.0
TMP,0.0,0.0,0.0,1.0,0.0,0.0,0.0,1.0,1.0,0.0,0.0,0.0,0.0,1.0,1.0,1.0
TMQ,0.0,0.0,0.0,0.0,0.0,0.0,0.0,0.0,0.0,0.0,0.0,0.0,0.0,0.0,0.0,0.0
TMR,0.0,0.0,0.0,0.0,0.0,1.0,0.0,0.3333333333333333,0.0,0.0,0.5,0.42857142857142855,0.0,0.3333333333333333,0.6666666666666666,1.0
TMT,0.0,0.0,0.0,0.0,0.0,0.0,0.0,0.0,0.0,0.0,0.75,0.8,0.0,0.0,0.6,1.0
TNA,0.0,0.3333333333333333,0.0,0.25,0.0,0.0,0.25,0.0,0.0,0.0,0.0,0.0,0.6666666666666666,0.0,0.0,0.4444444444444444
TND,0.0,1.0,0.0,0.0,0.8888888888888888,0.4,0.7272727272727273,0.0,0.0,0.6764705882352942,0.0,0.0,0.0,0.0,0.0,0.0
TNE,0.0,0.0,0.0,0.0,0.0,0.0,0.0,0.0,0.0,0.0,0.0,0.0,0.0,0.0,0.0,0.0
TNF,1.0,0.0,0.6666666666666666,1.0,0.5,0.5,0.25,0.0,0.0,1.0,0.6666666666666666,0.5,0.5,0.25,0.0,0.0
TNG,0.0,1.0,0.0,0.0,0.6666666666666666,0.0,0.5,0.0,0.0,0.6666666666666666,0.0,0.0,0.0,0.0,0.0,0.0
TNI,1.0,1.0,0.0,1.0,0.0,1.0,1.0,1.0,0.0,1.0,0.0,1.0,1.0,0.0,1.0,0.0
TNK,0.0,0.0,0.0,0.0,0.0,0.0,0.0,0.0,0.0,0.0,0.0,0.0,0.0,0.0,0.0,0.0
TNL,0.0,0.0,0.0,0.0,0.0,0.0,0.0,0.0,0.0,0.0,0.6666666666666666,0.0,0.0,0.0,1.0,1.0
TNN,0.0,0.0,0.0,0.0,0.0,0.0,0.0,0.0,0.0,0.0,0.0,0.0,0.5,0.0,0.0,0.25
TNP,0.0,0.0,0.6666666666666666,0.75,0.42857142857142855,0.25,0.0,0.25,0.5,0.5,0.3333333333333333,0.4444444444444444,0.6666666666666666,0.0,0.5714285714285714,0.4
TNQ,0.0,1.0,0.0,0.0,1.0,0.2222222222222222,0.0,0.6666666666666666,0.0,0.9795918367346939,0.0,1.0,0.0,0.0,0.9795918367346939,0.8888888888888888
TNR,1.0,0.5,1.0,0.0,0.3333333333333333,1.0,0.75,0.5,1.0,1.0,1.0,1.0,0.0,1.0,1.0,0.0
TNS,0.3333333333333333,0.8125,0.3333333333333333,0.0,0.8235294117647058,0.0,0.08333333333333333,1.0,0.2222222222222222,1.0,0.0,0.0,0.0,0.07692307692307693,0.8333333333333334,0.8484848484848485
TNT,0.0,1.0,0.1,0.0,0.9583333333333334,0.0,0.08695652173913043,0.1111111111111111,0.0,0.6875,0.14285714285714285,0.1111111111111111,0.0,0.09090909090909091,0.75,0.7872340425531915
TNV,0.25,0.0,0.0,0.0,0.0,0.0,0.0,0.0,0.5,0.0,0.5,0.0,0.0,0.0,0.0,1.0
TNY,0.0,1.0,1.0,0.0,0.0,0.0,1.0,0.0,0.0,0.0,1.0,1.0,1.0,1.0,1.0,1.0
TPC,1.0,1.0,0.0,0.0,0.6666666666666666,1.0,1.0,0.0,0.0,0.0,0.2857142857142857,0.0,0.0,0.0,0.0,0.0
TPD,0.0,0.0,0.0,0.0,0.0,0.0,0.0,0.0,1.0,0.6,0.4482758620689655,0.0,0.0,0.0,0.0,0.0
TPE,0.0,0.42857142857142855,0.5,0.0,0.6,0.3333333333333333,0.6,1.0,0.0,0.6666666666666666,0.3333333333333333,0.4,1.0,0.5,0.0,0.0
TPG,0.0,0.0,0.0,0.0,0.0,0.8795180722891566,0.0,0.0,0.2222222222222222,0.6666666666666666,0.6818181818181818,0.0,0.0,0.5,0.0,0.0
TPI,0.0,0.0,1.0,0.0,0.5,0.0,0.5,0.5,0.25,1.0,0.5,1.0,0.0,1.0,0.5,1.0
TPK,0.1,0.125,0.07142857142857142,0.0,0.1111111111111111,0.0,0.125,0.6470588235294118,0.2727272727272727,0.8571428571428571,0.0,0.8214285714285714,0.0,0.0,0.8275862068965517,0.0
TPL,0.0,0.0,0.0,0.0,0.0,0.0,0.0,0.0,0.0,0.0,0.0,0.0,0.0,0.0,0.0,0.0
TPP,0.0,0.8,0.0,0.0,0.75,0.32432432432432434,0.71875,0.6410256410256411,0.0,1.0,0.1935483870967742,1.0,0.0,0.0,1.0,0.7704918032786885
TPQ,0.0,0.0,0.0,0.0,0.0,0.0,0.0,0.0,0.0,0.0,0.0,0.0,0.0,0.0,0.0,0.0
TPR,0.0,0.0,0.0,0.0,0.0,0.0,0.0,0.0,0.0,0.0,0.0,0.0,0.0,0.0,0.0,0.0
TPS,0.5,0.0,0.0,0.5,0.0,0.0,0.0,0.3333333333333333,0.0,0.5,0.0,1.0,0.3333333333333333,0.0,0.0,0.0
TPV,0.3333333333333333,0.6875,0.0,1.0,0.0,0.2830188679245283,0.5,0.0,0.0,0.5,0.0,0.0,0.8666666666666667,0.42857142857142855,0.5,0.2857142857142857
TQA,0.0,1.0,0.0,0.0,0.0,0.0,0.0,0.0,0.0,0.0,0.0,0.0,1.0,0.0,0.0,0.6666666666666666
TQD,0.625,0.631578947368421,0.45454545454545453,0.4,0.0,0.6947368421052632,0.10344827586206896,0.0,0.0,0.2608695652173913,0.0,0.0,0.7692307692307693,0.4666666666666667,0.23076923076923078,0.0
TQF,0.0,1.0,0.3333333333333333,0.0,0.5714285714285714,0.0,0.0,0.0,0.0,0.0,0.0,0.0,0.0,0.0,0.0,0.0
TQG,0.0,0.0,0.0,0.0,0.0,0.0,0.0,0.0,0.0,0.0,0.0,0.0,0.0,0.0,0.0,0.0
TQH,0.0,0.0,0.0,0.5,0.0,0.5,1.0,0.0,0.4,0.0,1.0,0.0,0.0,0.5,1.0,1.0
TQK,0.0,0.0,0.0,0.0,0.0,0.0,0.0,0.0,0.0,0.0,0.0,0.0,0.0,0.0,0.0,0.0
TQL,0.0,0.0,0.0,0.0,0.0,1.0,0.0,0.3333333333333333,0.0,0.0,0.0,0.0,0.0,1.0,0.0,0.0
TQM,0.0,0.0,0.0,0.0,0.0,0.0,0.0,0.0,0.0,0.0,0.0,0.0,0.0,0.0,0.0,0.0
TQN,0.0,0.0,0.0,0.0,0.0,1.0,0.6666666666666666,0.6666666666666666,0.0,0.4,0.0,0.0,0.0,0.0,0.0,0.0
TQP,0.0,0.0,0.3333333333333333,0.0,1.0,1.0,0.0,0.0,0.0,0.5,0.75,0.36363636363636365,0.0,0.0,0.3333333333333333,1.0
TQQ,0.0,0.0,0.0,0.0,0.0,0.0,1.0,0.0,0.0,0.0,0.0,1.0,0.0,1.0,0.0,0.0
TQS,0.0,0.0,0.0,0.0,0.0,0.0,0.0,0.0,0.0,0.0,0.0,0.0,0.0,0.0,0.0,0.0
TQT,1.0,0.3333333333333333,0.0,0.0,0.0,0.0,0.0,0.0,0.0,0.0,0.0,1.0,0.0,1.0,0.0,0.0
TQV,0.0,0.0,0.0,0.0,0.0,0.0,0.0,0.0,0.0,0.0,0.5,0.4,0.0,0.0,0.3333333333333333,0.25
TQY,0.0,0.0,0.0,0.0,0.0,0.0,0.0,0.0,0.0,0.0,0.0,0.0,0.0,0.0,0.0,0.0
TRA,0.0,0.0,0.0,0.0,0.0,0.0,0.0,0.0,0.0,0.0,0.0,0.0,0.0,0.0,0.0,0.0
TRD,0.0,0.0,0.0,0.0,0.0,0.0,0.0,0.0,0.0,0.0,0.0,0.0,0.0,0.0,0.0,0.0
TRE,1.0,0.0,0.3333333333333333,1.0,0.5,0.3333333333333333,0.3333333333333333,0.6666666666666666,1.0,0.0,0.0,0.6666666666666666,0.5,0.75,1.0,0.6666666666666666
TRF,0.0,0.0,0.0,0.0,0.5,0.0,0.0,0.0,0.0,0.0,0.0,0.0,0.0,0.0,0.0,0.0
TRG,0.0,0.0,0.0,0.0,1.0,0.0,0.0,0.0,0.0,0.0,0.0,0.0,0.0,1.0,0.0,0.0
TRH,0.0,0.0,0.3333333333333333,1.0,0.0,0.0,1.0,1.0,1.0,0.0,1.0,0.0,0.0,1.0,1.0,1.0
TRI,0.0,0.5,0.0,0.3333333333333333,0.0,0.0,0.0,0.3333333333333333,0.5714285714285714,0.0,0.14285714285714285,0.42857142857142855,0.75,0.0,0.75,0.0
TRK,0.8,0.0,0.8,1.0,1.0,1.0,0.4,0.0,0.6666666666666666,0.6,0.375,1.0,1.0,0.0,1.0,0.6666666666666666
TRL,0.0,0.5,0.5714285714285714,0.0,0.5714285714285714,0.0,0.0,0.0,0.5,0.0,0.0,0.0,0.0,0.0,0.0,0.0
TRN,1.0,0.0,1.0,0.5,0.0,0.0,1.0,0.0,0.5714285714285714,0.0,1.0,0.6666666666666666,0.0,0.6,0.6666666666666666,1.0
TRP,0.0,0.5,0.5714285714285714,0.0,0.5454545454545454,1.0,0.8333333333333334,1.0,0.0,0.6666666666666666,0.0,0.8333333333333334,0.0,0.0,0.0,0.0
TRQ,1.0,1.0,1.0,0.6666666666666666,1.0,0.0,0.75,1.0,1.0,1.0,0.8,1.0,1.0,0.6666666666666666,0.875,0.6666666666666666
TRR,1.0,0.8571428571428571,1.0,1.0,0.75,0.8,0.9,1.0,0.6,1.0,1.0,0.8571428571428571,1.0,0.8333333333333334,0.6,1.0
TRS,0.0,0.0,0.0,0.0,0.0,0.0,0.0,0.0,0.0,0.0,1.0,1.0,0.0,0.0,1.0,0.0
TRT,1.0,0.0,0.75,0.0,0.0,0.0,0.0,0.0,0.8,0.4,0.0,0.0,0.0,0.0,0.0,0.0
TRV,0.0,0.0,0.0,0.0,0.0,0.0,0.0,0.6666666666666666,0.0,0.0,0.0,0.0,0.0,1.0,0.0,1.0
TRY,0.0,0.0,1.0,1.0,0.0,0.0,0.0,0.75,0.6666666666666666,0.75,0.9727272727272728,0.9642857142857143,1.0,0.0,0.9651162790697675,0.9736842105263158
TSA,0.0,0.75,0.3333333333333333,0.0,0.375,0.5,0.6666666666666666,0.0,0.3333333333333333,1.0,1.0,0.5,0.0,1.0,0.0,0.0
TSD,0.0,0.0,1.0,0.0,1.0,0.0,0.0,0.0,0.0,0.0,1.0,0.5,0.0,1.0,0.0,0.0
TSE,1.0,0.75,1.0,0.5,0.8,0.8,0.25,0.6666666666666666,1.0,1.0,1.0,1.0,1.0,1.0,0.8,1.0
TSF,0.0,1.0,1.0,1.0,0.2857142857142857,0.0,0.0,0.0,1.0,0.0,0.0,0.0,1.0,0.0,0.0,1.0
TSG,0.0,0.5,0.0,0.0,0.0,0.0,0.0,0.5,0.0,0.0,0.0,0.0,0.0,0.0,0.5,0.0
TSH,0.0,0.0,0.16666666666666666,0.5,0.0,0.16666666666666666,0.0,0.0,0.4,0.0,0.5,0.4,0.5,0.5,0.0,0.0
TSI,0.0,1.0,0.0,0.0,1.0,0.0,1.0,0.0,0.0,1.0,0.0,0.0,0.0,0.0,0.0,0.0
TSK,1.0,0.0,0.36363636363636365,0.75,0.2,0.14285714285714285,0.0,0.3333333333333333,1.0,0.0,0.5,0.42857142857142855,1.0,0.6666666666666666,0.3333333333333333,0.5
TSL,0.0,0.0,0.0,0.0,0.0,0.0,0.0,0.0,0.0,0.0,0.0,0.0,0.0,0.0,0.0,0.0
TSN,0.0,0.0,0.0,0.0,0.0,0.0,0.0,0.0,0.0,0.0,0.0,0.0,0.0,0.0,0.0,0.0
TSP,0.0,0.0,0.0,0.0,0.0,0.0,0.0,0.0,0.0,0.0,0.0,0.0,0.0,0.0,0.0,0.0
TSR,0.0,0.0,0.0,0.0,0.0,0.25,0.0,0.0,0.0,0.0,0.0,0.5,0.0,1.0,0.2222222222222222,1.0
TSS,0.0,0.0,0.2857142857142857,1.0,0.4,0.0,0.25,0.0,0.6666666666666666,0.0,0.2727272727272727,0.7,1.0,0.0,0.5,0.875
TSV,0.0,0.0,1.0,1.0,0.0,0.0,0.0,0.0,0.5,0.0,0.5,0.0,0.0,0.0,1.0,0.0
TTA,0.0,0.0,0.0,0.0,0.0,0.0,0.0,0.0,0.0,0.0,0.0,0.0,0.0,0.0,0.0,0.0
TTD,0.0,0.0,0.0,0.0,0.0,0.0,0.0,0.0,0.0,1.0,0.5,0.0,0.0,0.0,1.0,1.0
TTE,0.0,0.0,0.0,0.0,0.0,0.8854166666666666,0.0,0.6206896551724138,0.0,0.0,0.7058823529411765,0.0,0.0,0.0,0.0,0.0
TTH,0.0,0.0,0.0,0.0,0.0,1.0,1.0,0.0,0.0,1.0,0.0,0.3,0.2857142857142857,0.0,0.0,0.6
TTI,0.0,0.0,0.0,0.0,0.0,0.0,0.0,0.0,0.0,0.0,0.0,0.0,0.0,0.0,0.0,0.0
TTK,0.0,0.0,0.0,0.0,0.0,0.0,0.0,0.0,0.0,0.0,0.0,0.0,0.0,0.0,0.0,0.0
TTL,0.0,0.0,0.0,0.0,0.0,0.0,0.0,0.0,0.0,0.0,0.0,0.0,0.0,0.0,0.0,0.0
TTN,0.0,1.0,0.0,0.0,1.0,0.0,0.0,0.8,0.0,0.9655172413793104,0.0,0.0,0.0,0.0,0.9230769230769231,0.7868852459016393
TTP,0.0,0.0,0.0,0.0,0.0,0.0,0.0,0.0,0.5,0.6,0.3333333333333333,0.0,0.0,0.0,0.0,0.0
TTQ,0.0,0.0,0.0,0.0,0.0,0.0,0.0,0.0,0.0,0.0,0.0,0.0,0.0,0.0,0.0,0.0
TTR,1.0,0.0,0.9090909090909091,1.0,0.75,0.5,0.6666666666666666,0.6666666666666666,0.8333333333333334,0.6666666666666666,0.6923076923076923,0.75,1.0,1.0,0.7333333333333333,0.8
TTT,0.0,0.0,0.0,0.0,0.0,1.0,0.5,0.0,0.0,0.0,0.0,0.5,0.0,0.0,0.0,0.3333333333333333
TTV,0.0,0.0,0.0,0.0,0.0,0.0,0.0,0.0,0.0,0.0,0.0,0.0,0.0,0.0,0.0,0.0
TVA,0.0,0.0,0.0,0.0,0.0,0.0,0.0,0.0,0.0,0.0,0.0,0.0,0.0,0.0,0.0,0.0
TVE,0.0,0.0,0.0,1.0,0.0,0.0,0.0,1.0,1.0,0.0,0.0,0.0,0.0,0.0,1.0,0.5
TVF,0.0,0.0,0.0,0.0,0.0,0.0,0.0,0.0,0.0,0.0,0.0,0.0,0.0,0.0,0.0,0.0
TVG,0.0,0.25,0.0,1.0,0.14285714285714285,0.25,0.0,0.3333333333333333,1.0,1.0,0.0,0.5,0.0,0.5,1.0,1.0
TVH,0.0,0.0,0.0,0.0,0.0,0.0,0.0,0.0,0.0,0.0,0.0,0.0,0.0,0.0,0.0,0.0
TVI,0.0,0.0,0.25,0.0,0.0,0.0,0.0,0.0,0.16666666666666666,0.0,0.6666666666666666,0.0,0.0,0.0,0.0,0.0
TVK,0.0,0.0,1.0,0.5,0.0,0.0,0.0,0.0,1.0,0.0,0.4,1.0,0.0,0.0,0.6666666666666666,0.0
TVL,1.0,0.0,0.5,0.0,0.0,0.0,0.0,0.0,0.75,0.42857142857142855,0.5285714285714286,0.0,0.0,0.0,0.0,0.0
TVM,0.0,0.0,0.0,0.0,1.0,1.0,0.0,0.0,0.0,1.0,0.0,0.0,0.0,0.0,0.0,0.0
TVN,0.0,0.0,0.8275862068965517,0.0,0.0,0.575,0.0,0.7741935483870968,0.0,0.0,0.8759124087591241,0.09090909090909091,0.0,0.9230769230769231,0.0625,0.7058823529411765
TVP,0.0,0.0,0.25,0.0,0.0,0.0,0.0,0.0,0.0,0.0,0.0,1.0,0.2,0.0,0.0,0.25
TVQ,0.0,0.0,0.0,0.0,0.0,0.2857142857142857,0.0,0.0,0.16666666666666666,0.5,0.9191919191919192,0.0,0.0,0.0,0.0,0.0
TVR,1.0,0.0,0.8,0.0,0.0,0.0,0.0,0.0,0.8571428571428571,0.0,0.0,0.0,0.0,0.0,0.0,0.0
TVS,0.0,0.0,0.0,0.0,0.0,0.0,0.0,0.0,0.0,0.0,0.0,0.0,0.0,0.0,0.0,0.0
TVT,0.0,0.0,0.0,0.0,0.0,0.0,0.0,0.0,0.0,0.0,0.0,0.0,0.3333333333333333,0.0,0.0,0.5
TVV,0.0,0.6666666666666666,0.8571428571428571,0.0,0.25,1.0,0.16666666666666666,0.0,1.0,0.3333333333333333,0.0,0.0,0.0,0.0,0.0,0.0
TVY,0.0,0.0,0.0,0.0,0.0,0.0,0.0,0.0,0.0,0.0,0.0,0.0,0.0,0.0,0.0,0.0
TWE,0.76,0.5862068965517241,0.0,0.0,0.0,0.5454545454545454,0.6153846153846154,0.0,0.7741935483870968,0.0,0.0,0.0,0.0,0.0,0.0,0.0
TWG,0.0,0.0,0.0,0.0,0.0,0.0,0.0,0.0,0.0,0.0,0.0,0.0,0.0,0.0,0.0,0.0
TWI,0.0,0.0,0.0,0.0,0.0,0.02127659574468085,0.07692307692307693,0.0,0.0,0.0,0.0,0.0,0.0,0.0,0.0,0.0
TWT,0.0,0.0,0.0,0.0,0.0,0.0,0.0,0.0,0.0,0.0,0.0,0.16666666666666666,0.0,0.0,0.09090909090909091,0.0
TWV,0.0,0.0,0.0,0.0,0.0,0.0,0.0,0.0,0.0,0.0,0.0,0.0,0.0,0.0,0.0,0.0
TWW,0.0,1.0,0.0,0.0,0.0,0.5441176470588235,0.42857142857142855,0.0,0.45454545454545453,0.0,0.0,0.0,0.0,0.0,0.0,0.0
TWY,0.0,0.0,0.0,0.0,0.0,0.0,0.0,0.0,0.0,0.0,1.0,0.8333333333333334,0.0,0.0,0.8,0.75
TYA,0.0,0.0,0.25,0.0,0.0,0.0,0.0,0.0,0.0,0.0,0.0,0.5,0.5,0.0,0.0,0.5
TYD,0.0,0.6666666666666666,0.6666666666666666,1.0,1.0,0.8571428571428571,0.6666666666666666,0.75,0.0,1.0,0.0,0.5,1.0,1.0,0.0,0.0
TYE,0.0,0.0,0.0,0.0,0.0,0.0,0.0,0.0,0.0,0.0,0.0,0.0,0.0,0.0,0.0,0.0
TYF,0.0,0.0,0.0,0.0,0.0,0.0,0.0,0.0,0.0,0.0,0.0,0.0,0.0,0.0,0.0,0.0
TYG,0.0,0.0,0.0,0.0,0.0,0.0,0.0,0.0,0.0,0.0,0.0,0.0,0.0,0.0,0.0,0.0
TYH,0.0,0.0,0.0,0.0,0.0,0.0,0.0,0.0,0.0,0.0,0.0,0.0,0.0,0.0,0.0,0.0
TYL,0.0,0.0,0.0,0.0,0.0,0.0,0.0,0.0,0.0,0.0,0.0,0.0,0.0,0.0,0.0,0.0
TYM,0.0,0.0,0.0,0.0,0.0,0.0,0.0,0.0,0.0,0.0,0.0,0.0,0.0,0.0,0.0,0.0
TYP,0.0,0.0,0.0,0.0,0.0,0.0,0.0,0.0,0.0,0.0,0.0,0.0,0.0,0.0,0.0,0.0
TYQ,0.0,0.0,0.0,0.0,0.0,0.7833333333333333,0.0,0.9032258064516129,0.0,0.09090909090909091,0.0,0.0,0.0,0.0,0.0,0.375
TYR,0.0,0.0,0.0,0.0,0.0,0.0,0.0,0.0,0.0,0.0,0.0,0.0,0.0,0.0,0.0,0.0
TYS,0.0,0.5,0.0,1.0,0.0,0.0,0.0,0.6,0.0,0.0,0.3333333333333333,1.0,1.0,0.3333333333333333,0.3333333333333333,0.5
TYT,0.0,0.0,1.0,0.0,0.0,0.0,0.0,0.0,0.0,0.0,1.0,0.75,1.0,0.0,1.0,0.5
TYY,0.8148148148148148,0.7419354838709677,0.1,0.0,0.6470588235294118,0.3333333333333333,0.7058823529411765,0.0,0.14285714285714285,0.0,0.0,0.0,0.0,0.0,0.0,0.0
VAA,0.5,0.1,0.125,1.0,0.5555555555555556,0.0,0.0,0.0,0.4,0.0,0.0,0.5,0.0,0.75,0.0,0.0
VAC,0.0,0.0,0.0,0.0,0.0,0.0,0.0,0.0,0.0,0.0,0.0,0.0,0.0,0.0,0.0,0.0
VAD,0.0,0.0,0.0,0.0,0.0,1.0,0.0,0.0,0.0,0.0,0.0,0.0,0.0,0.3333333333333333,0.0,0.0
VAE,0.0,0.8,0.5,0.0,0.6666666666666666,0.2857142857142857,0.0,0.3333333333333333,0.0,0.0,0.07142857142857142,0.0,0.3333333333333333,0.75,0.0,0.0
VAF,0.0,0.0,0.0,1.0,0.0,0.0,0.0,1.0,0.5,1.0,0.0,0.1111111111111111,0.0,0.0,0.12,0.5714285714285714
VAG,0.0,0.0,0.0,0.0,0.0,0.0,0.0,0.0,0.0,0.0,0.0,0.0,0.0,0.0,0.0,0.0
VAH,0.0,0.0,1.0,0.0,0.0,0.0,0.0,0.0,0.0,0.0,1.0,0.0,0.0,0.0,0.0,0.0
VAI,0.0,0.0,0.0,0.5,0.0,0.0,0.0,0.0,1.0,0.0,0.0,0.0,0.0,0.0,1.0,0.0
VAK,0.2,0.0,0.6,1.0,0.0,0.0,0.5,0.0,0.6666666666666666,0.0,0.3333333333333333,0.5,0.0,0.0,0.4,0.0
VAL,0.0,0.0,0.0,0.0,0.0,0.0,0.0,0.0,0.0,0.0,0.0,0.0,0.0,0.0,0.0,0.0
VAP,0.0,0.0,0.4,0.5,0.0,0.2,0.0,1.0,0.36363636363636365,0.0,0.3333333333333333,0.6,0.5,1.0,0.0,1.0
VAQ,0.0,0.0,0.0,0.0,0.0,0.0,0.0,0.0,0.0,0.0,0.0,0.0,0.0,0.0,0.0,0.0
VAR,0.3333333333333333,1.0,0.6666666666666666,1.0,0.6666666666666666,1.0,1.0,0.0,0.7857142857142857,1.0,0.25,0.0,0.0,0.0,0.3,0.42857142857142855
VAS,0.9565217391304348,0.7,0.5,1.0,0.6818181818181818,0.16666666666666666,0.5,0.2857142857142857,1.0,0.15384615384615385,0.4,0.6666666666666666,0.0,0.4,0.3157894736842105,0.0
VAT,0.0,0.0,0.0,0.0,0.0,0.0,0.0,0.0,0.0,0.0,0.375,0.6666666666666666,0.0,0.5,0.5714285714285714,1.0
VAV,0.0,0.0,0.0,0.0,0.0,0.0,0.0,0.0,0.0,0.0,0.0,0.0,0.0,0.0,0.0,0.0
VAW,0.9166666666666666,0.5714285714285714,0.2857142857142857,0.0,0.2222222222222222,0.0,0.0,0.5,0.25,0.7142857142857143,0.0,0.75,0.0,0.0,0.6666666666666666,0.0
VAY,0.0,0.0,0.0,0.75,0.5,0.5,0.0,0.0,0.5,0.0,0.0,0.0,1.0,0.5,1.0,0.0
VCA,0.0,0.0,0.4,0.0,0.0,0.0,0.0,0.6666666666666666,0.0,0.0,0.0,0.0,1.0,0.0,0.0,1.0
VCD,0.0,1.0,0.0,0.0,0.0,0.0,1.0,1.0,0.5,0.0,0.5,1.0,0.0,0.0,0.75,0.4
VCE,1.0,1.0,0.5,0.0,0.0,0.0,1.0,1.0,1.0,0.5,1.0,1.0,0.3333333333333333,0.0,0.75,0.5
VCH,0.0,1.0,0.0,0.0,0.0,0.0,1.0,0.0,0.0,0.0,1.0,0.0,0.0,0.0,0.0,0.0
VCK,0.8571428571428571,0.7142857142857143,0.5,0.0,0.6666666666666666,0.0,0.0,1.0,0.8333333333333334,1.0,0.16666666666666666,0.5555555555555556,0.0,0.0,0.625,0.0
VCL,1.0,0.0,0.0,0.0,1.0,0.0,0.0,0.0,0.0,0.0,0.0,0.08695652173913043,0.0,0.0,0.09090909090909091,0.0
VCM,0.0,0.5,0.0,0.0,0.0,0.0,1.0,0.0,0.0,0.0,0.0,0.0,1.0,0.0,0.0,0.0
VCP,0.0,0.0,0.5,0.0,0.0,0.0,0.0,0.0,0.3333333333333333,0.0,0.0,0.0,0.0,0.0,0.0,0.0
VCS,0.0,0.0,0.0,0.0,0.0,0.0,0.0,0.0,0.0,0.0,0.0,0.0,0.0,0.0,0.0,0.0
VCT,0.0,0.0,0.0,0.0,0.0,0.0,0.0,0.0,0.0,0.0,0.0,0.0,0.0,0.0,0.0,0.0
VCV,0.0,0.0,0.0,0.0,0.0,0.0,1.0,0.0,0.0,0.0,0.0,1.0,0.0,0.0,0.5,1.0
VDA,0.0,1.0,0.0,0.0,0.0,0.0,0.0,1.0,0.5,0.0,0.0,0.0,0.0,1.0,0.0,1.0
VDC,1.0,0.0,0.0,0.0,0.0,0.0,0.0,0.0,0.0,0.0,0.0,0.0,0.0,0.0,0.0,0.0
VDD,1.0,0.0,0.0,0.0,0.0,0.0,1.0,0.0,0.3333333333333333,0.0,0.3333333333333333,1.0,0.0,0.0,1.0,1.0
VDE,0.0,0.0,0.5,0.0,0.0,0.5,0.0,0.0,0.0,1.0,0.0,0.0,0.0,0.0,0.0,0.0
VDF,0.23076923076923078,0.7647058823529411,0.0,1.0,0.0,0.4418604651162791,0.1,0.0,0.2,0.4,0.19642857142857142,0.0,1.0,0.42105263157894735,0.42857142857142855,0.25
VDG,0.5,0.16666666666666666,0.0,0.0,1.0,0.07692307692307693,0.0,0.8947368421052632,0.0,0.7391304347826086,0.0,0.0,0.0,0.0,0.6571428571428571,0.96
VDI,0.0,0.8571428571428571,0.8333333333333334,0.0,0.2,1.0,0.5,0.0,0.7692307692307693,0.25,0.0,0.0,0.0,0.0,0.0,0.0
VDK,0.0,0.0,0.0,0.0,0.0,0.0,0.0,0.5,0.0,0.0,0.0,0.0,0.0,0.0,0.0,1.0
VDM,0.0,0.0,0.0,0.0,0.0,0.0,0.0,0.0,0.0,0.0,0.0,0.0,0.0,0.0,0.0,0.0
VDN,0.0,0.0,0.0,0.0,0.0,0.0,0.0,0.0,0.0,0.0,0.0,0.0,0.0,0.0,0.0,0.0
VDP,0.0,0.0,0.0,1.0,0.0,0.0,0.0,0.3333333333333333,0.0,0.0,0.0,0.0,0.0,0.5,0.0,0.0
VDQ,0.0,0.0,0.0,0.0,0.0,0.0,0.0,0.0,0.0,0.0,0.0,0.0,0.0,0.0,0.0,0.0
VDR,0.0,0.6666666666666666,0.0,1.0,0.0,0.75,1.0,0.6666666666666666,1.0,0.5,1.0,0.0,0.5,1.0,1.0,0.0
VDS,0.0,0.0,0.0,0.0,0.0,0.0,0.0,0.0,0.0,0.0,0.0,0.0,0.0,0.0,0.0,0.0
VDV,0.0,0.0,0.0,0.0,0.0,0.3333333333333333,0.0,0.5,0.0,0.0,0.0,0.0,0.0,0.6666666666666666,0.0,1.0
VDY,0.0,0.0,0.0,0.0,0.0,0.0,1.0,0.0,0.0,0.0,0.0,1.0,0.0,1.0,1.0,0.0
VED,0.5,0.0,0.14285714285714285,0.0,0.6666666666666666,0.0,0.0,0.0,0.0,0.5,0.16666666666666666,0.0,0.0,1.0,0.0,0.0
VEE,0.0,0.0,0.0,0.0,0.0,0.0,0.0,0.0,0.0,0.0,0.0,0.0,0.0,0.0,0.0,0.0
VEG,0.6,0.625,0.0,0.3333333333333333,0.75,0.5,0.3333333333333333,0.0,0.5,0.14285714285714285,0.09523809523809523,0.10810810810810811,0.0,0.0,0.12903225806451613,0.2
VEI,0.2857142857142857,0.0,0.5714285714285714,0.2,0.0,0.0,0.0,1.0,0.7142857142857143,0.0,0.0,0.0,0.0,0.0,0.5,0.3333333333333333
VEK,0.0,0.0,0.0,0.0,0.0,0.0,0.0,0.0,0.0,0.0,0.0,0.0,0.0,0.0,0.0,0.0
VEL,0.0,0.0,0.0,0.0,0.0,0.0,0.0,0.0,0.0,0.0,0.0,0.5,0.0,1.0,0.0,0.0
VEN,0.0,0.0,0.0,0.0,0.0,0.0,0.0,0.0,0.0,0.0,0.0,0.0,0.0,0.0,0.0,0.0
VEQ,1.0,0.0,1.0,0.8,0.6666666666666666,0.3333333333333333,0.5,1.0,0.9230769230769231,0.8571428571428571,0.5714285714285714,0.8,0.5,1.0,0.8,0.8
VER,0.7777777777777778,0.75,0.5,0.0,0.4,0.6,0.75,1.0,0.75,0.5,0.6153846153846154,0.8333333333333334,0.16666666666666666,0.5,0.7142857142857143,0.0
VES,0.0,0.0,0.0,0.5,0.0,0.0,0.0,0.0,0.2,0.0,0.0,0.0,0.0,0.0,0.5,0.0
VET,0.0,0.0,0.0,0.0,0.0,0.0,0.0,0.0,0.0,0.0,0.0,0.0,0.0,0.0,0.0,0.0
VEV,1.0,0.6,0.8333333333333334,0.6666666666666666,0.6363636363636364,1.0,0.16666666666666666,0.6,0.8333333333333334,0.2,0.25,0.5,0.3333333333333333,1.0,0.0,0.0
VEW,0.0,0.0,0.0,0.0,0.0,0.0,0.0,0.0,0.0,0.0,0.0,0.0,0.0,0.0,0.0,0.0
VEY,0.0,0.5,0.0,0.6666666666666666,0.5,0.25,0.0,0.5,0.25,0.4,0.0,0.0,0.0,0.16666666666666666,0.6666666666666666,0.0
VFA,0.23076923076923078,0.6666666666666666,0.0,0.9166666666666666,0.0,0.32098765432098764,0.5,0.0,0.2222222222222222,0.5,0.1875,0.0,1.0,0.5,0.6,0.3333333333333333
VFD,0.0,1.0,0.0,0.0,0.0,0.0,0.0,1.0,0.0,0.0,0.0,0.0,0.0,0.0,0.0,1.0
VFE,0.5,0.0,0.0,0.0,0.0,0.0,0.25,0.0,0.5,0.25,0.5,0.5,0.25,0.0,0.5,0.5
VFF,0.0,0.0,0.0,0.0,0.0,0.0,0.0,0.0,0.0,0.0,0.0,0.0,0.0,0.0,0.0,0.0
VFG,0.0,1.0,0.4,0.0,0.6666666666666666,0.0,0.0,0.6666666666666666,0.0,0.0,0.0,0.8,0.8,0.0,0.0,1.0
VFH,0.0,1.0,0.0,0.0,1.0,1.0,0.0,0.5,1.0,0.0,1.0,0.0,0.0,1.0,1.0,0.0
VFI,0.0,0.0,0.0,0.0,0.0,0.0,0.0,0.0,0.0,0.0,0.0,0.0,0.0,0.0,0.0,0.0
VFK,0.0,0.0,0.5,0.0,0.0,0.0,0.0,0.0,0.2222222222222222,0.0,0.3333333333333333,0.3333333333333333,0.3333333333333333,0.0,0.25,0.5
VFL,0.0,0.0,0.0,0.0,0.0,0.0,0.0,0.0,0.0,0.0,0.0,0.0,0.0,0.0,0.0,0.0
VFN,0.0,0.0,0.0,0.0,0.0,0.0,0.0,0.0,0.0,0.0,0.0,0.0,0.0,0.0,0.0,0.0
VFR,1.0,0.8181818181818182,0.8333333333333334,0.0,1.0,0.75,1.0,0.8,1.0,0.6666666666666666,0.6923076923076923,0.6470588235294118,1.0,1.0,0.8888888888888888,0.4166666666666667
VFS,0.0,0.0,0.0,0.0,0.0,0.0,1.0,0.0,0.0,0.0,0.5,0.0,0.0,0.0,0.0,0.0
VFV,0.0,0.0,0.0,0.0,0.0,0.0,0.0,0.0,0.0,0.0,0.0,0.3333333333333333,0.0,0.0,0.0,1.0
VFW,0.0,0.0,0.0,0.0,0.0,0.0,0.0,0.0,0.0,0.0,0.0,0.0,0.0,0.0,0.0,0.0
VFY,0.0,0.0,0.0,0.0,0.0,0.0,0.0,0.0,0.0,0.0,0.0,0.0,0.0,0.0,0.0,0.0
VGA,0.5,0.0,0.2,0.5,0.14285714285714285,0.3333333333333333,0.5,0.0,0.5,0.0,0.5714285714285714,0.0,0.0,0.0,0.16666666666666666,0.0
VGD,0.25,0.4,0.0,0.25,0.5,0.0625,0.4,0.0,0.6666666666666666,0.75,0.5087719298245614,0.6666666666666666,0.4,0.0,0.6666666666666666,0.5
VGF,0.5,0.0,0.5,0.0,0.0,0.0,0.0,0.0,0.0,0.0,0.5,0.0,0.0,0.0,0.0,0.0
VGG,0.0,0.3,0.25,0.0,0.3076923076923077,0.3333333333333333,0.75,0.0,0.4,0.5,0.16666666666666666,0.5,0.0,0.3333333333333333,0.0,0.0
VGH,0.0,0.0,0.0,0.0,0.0,0.0,0.0,0.0,0.0,0.0,0.0,0.0,0.0,0.0,0.0,0.0
VGI,0.0,0.0,0.7777777777777778,1.0,0.5,0.3333333333333333,0.0,0.0,0.6,0.4,0.0,0.5,1.0,0.0,0.0,1.0
VGK,0.3333333333333333,0.0,1.0,0.0,0.0,0.8571428571428571,0.0,0.96,0.0,0.13636363636363635,0.8975903614457831,0.2727272727272727,0.2,0.25,0.36363636363636365,1.0
VGL,0.0,1.0,0.0,1.0,1.0,1.0,0.5,1.0,1.0,1.0,0.0,0.0,0.0,1.0,1.0,1.0
VGN,1.0,1.0,0.0,0.0,1.0,1.0,0.0,1.0,0.5,0.0,0.0,0.0,0.0,0.0,0.0,1.0
VGP,0.0,0.0,0.5,0.0,0.0,0.0,0.0,0.0,0.6666666666666666,0.0,0.0,0.0,0.0,0.0,0.0,0.0
VGQ,0.0,0.0,0.0,0.0,0.0,0.0,0.0,0.0,0.0,0.0,0.0,0.0,0.0,0.0,0.0,0.0
VGR,0.0,0.0,0.0,0.0,0.0,0.0,0.0,0.0,0.0,0.0,0.0,0.0,0.0,0.0,0.0,0.0
VGS,0.0,0.0,0.5,0.7,1.0,0.037037037037037035,0.0,0.3333333333333333,0.45454545454545453,0.2857142857142857,0.16,1.0,0.2222222222222222,0.4,0.7777777777777778,0.5714285714285714
VGT,0.0,1.0,0.0,1.0,0.3333333333333333,1.0,1.0,0.0,0.0,0.0,1.0,1.0,1.0,0.0,0.0,0.0
VGV,0.0,0.0,0.0,0.0,0.0,0.0,0.0,0.0,0.0,0.0,0.0,0.0,0.0,0.0,0.0,0.0
VGW,0.0,0.0,1.0,0.0,0.0,0.0,0.0,0.0,0.0,0.0,1.0,0.5,1.0,0.0,0.0,0.5
VGY,0.0,0.5,0.0,0.0,0.6666666666666666,0.0,1.0,0.0,0.0,1.0,0.5,0.0,0.0,0.0,0.0,0.0
VHE,1.0,0.0,0.0,0.6666666666666666,0.0,0.0,0.0,0.0,0.0,0.0,0.0,0.0,1.0,0.0,0.0,0.0
VHG,0.0,0.0,0.0,0.0,0.0,0.0,0.0,0.0,0.0,0.0,0.0,0.0,0.0,0.0,0.0,0.0
VHI,0.0,0.0,0.0,0.0,0.0,0.0,0.0,0.0,0.0,0.0,0.0,0.0,0.0,0.0,0.0,0.0
VHL,0.0,0.0,0.45454545454545453,0.0,0.625,0.0,1.0,0.0,0.0,0.8333333333333334,0.0,0.0,0.0,0.0,0.0,0.0
VHN,0.0,0.0,0.0,0.0,0.0,0.0,0.0,0.0,0.0,0.0,0.0,0.0,0.0,0.0,0.0,0.0
VHP,0.0,0.0,0.0,0.0,0.0,0.0,0.0,0.0,0.0,0.0,0.0,0.0,0.0,0.0,0.0,0.0
VHR,0.5,1.0,0.0,0.5,0.5,0.0,0.5,0.0,1.0,0.3333333333333333,0.3333333333333333,0.3333333333333333,0.5,0.0,1.0,0.5
VHS,0.0,0.0,0.0,0.0,0.0,0.0,0.0,0.0,0.0,0.0,0.0,0.0,0.0,0.0,0.0,0.0
VHT,0.0,0.0,0.0,0.0,0.0,0.0,0.0,0.0,0.0,0.0,0.0,0.0,0.0,0.0,0.0,0.0
VHV,0.0,0.0,0.0,0.0,0.0,0.0,1.0,1.0,0.0,0.0,0.0,1.0,0.0,1.0,0.5,0.0
VHY,0.0,0.0,0.0,0.0,0.0,0.0,0.0,0.0,0.0,0.0,0.0,0.0,0.0,0.0,0.0,0.0
VIA,0.0,0.0,0.0,0.0,0.0,0.0,0.0,0.0,0.0,0.0,0.0,0.0,0.0,0.0,0.0,0.0
VIC,0.0,0.0,0.0,0.0,0.0,0.0,0.0,0.0,0.0,0.0,0.0,0.0,0.0,0.0,0.0,0.0
VID,0.8,0.2857142857142857,0.0,0.0,0.6666666666666666,0.0,0.0,0.3333333333333333,0.3333333333333333,0.0,0.5454545454545454,0.16666666666666666,0.0,0.0,0.4444444444444444,0.2
VIE,1.0,0.0,0.5714285714285714,0.0,0.0,0.0,0.0,0.0,0.6,0.0,0.4444444444444444,0.0,0.0,0.0,0.0,0.0
VIF,0.0,0.5,0.8333333333333334,0.0,0.8421052631578947,0.25,0.2,0.7142857142857143,0.75,0.6153846153846154,0.0,0.4666666666666667,0.0,0.9090909090909091,0.5,0.0
VIG,0.0,0.0,0.0,0.0,0.0,0.0,0.0,0.0,0.0,0.0,0.0,0.0,0.0,0.0,0.0,0.0
VIH,0.0,1.0,0.0,1.0,0.0,0.0,1.0,1.0,1.0,0.0,0.0,0.0,0.0,0.3333333333333333,1.0,1.0
VII,0.0,0.0,0.0,0.0,0.0,0.0,0.0,0.0,0.0,0.0,0.0,0.0,0.0,0.0,0.0,0.0
VIK,1.0,1.0,0.7142857142857143,0.5,0.75,0.8461538461538461,0.8,0.42857142857142855,1.0,1.0,0.7272727272727273,0.0,1.0,0.5,1.0,0.3333333333333333
VIL,0.0,0.0,0.5,0.0,0.0,0.0,0.0,0.0,0.0,0.0,1.0,0.0,0.0,0.0,0.0,0.0
VIN,0.0,0.0,0.16666666666666666,0.0,0.25,0.0,0.0,0.0,0.2,0.0,0.4,0.6666666666666666,0.0,0.25,0.5,0.0
VIP,0.125,0.0,0.0,0.0,0.0,0.06666666666666667,0.0,0.8181818181818182,0.0,0.14285714285714285,0.06896551724137931,0.0,0.14285714285714285,0.9047619047619048,0.0,0.8260869565217391
VIQ,0.0,0.0,0.0,0.0,0.0,0.0,0.0,0.0,0.0,0.0,0.0,0.0,0.0,0.0,0.0,0.0
VIR,0.0,0.4,0.0,0.0,0.4,0.0,0.5,0.0,0.0,0.5,0.8,0.0,0.0,0.0,0.0,0.0
VIS,0.0,0.5,0.0,0.0,1.0,0.0,0.0,0.0,0.0,0.0,0.0,0.0,0.0,0.0,0.0,0.0
VIT,0.0,0.0,0.0,0.0,0.0,0.0,1.0,0.0,0.0,0.0,0.0,1.0,0.0,0.5,1.0,0.0
VIV,0.25,0.0,0.25,0.3333333333333333,0.2,0.0,0.0,0.0,0.2857142857142857,0.0,0.42857142857142855,0.5,0.42857142857142855,0.0,0.5,0.5
VIW,0.0,0.0,0.0,0.0,0.0,0.8823529411764706,0.0,0.0,0.0,0.0,0.09523809523809523,0.0,0.0,0.0,0.0,0.0
VIY,0.3333333333333333,0.0,0.0,0.0,0.0,0.48,0.0,0.0,0.16666666666666666,0.6,0.625,0.0,0.0,0.0,0.0,0.0
VKA,0.0,0.0,0.0,0.4,0.0,0.14285714285714285,0.16666666666666666,0.0,0.5714285714285714,0.25,0.3333333333333333,0.5714285714285714,0.5,0.0,0.5,0.5714285714285714
VKD,0.0,0.0,0.0,0.0,0.0,0.0,0.0,0.0,0.0,0.0,0.0,0.0,0.0,0.0,0.0,0.0
VKE,0.0,0.0,0.3333333333333333,0.0,0.6666666666666666,0.3333333333333333,0.0,0.0,1.0,1.0,0.25,0.5,0.0,0.5,1.0,0.0
VKF,0.0,0.0,0.0,0.0,0.0,0.0,0.0,0.0,0.0,0.0,0.0,0.0,0.0,0.0,0.0,0.0
VKG,0.16666666666666666,0.25,0.5,0.0,0.125,0.16666666666666666,0.09090909090909091,0.6666666666666666,0.375,0.07692307692307693,0.8333333333333334,0.0,0.0,0.3333333333333333,0.16666666666666666,0.0
VKH,0.0,0.0,0.0,0.0,0.0,0.0,0.0,0.0,0.0,0.0,0.0,0.0,0.0,0.0,0.0,0.0
VKI,0.0,0.0,0.0,0.0,0.0,0.0,0.0,0.0,0.0,0.0,0.0,0.0,0.0,0.0,0.0,0.0
VKK,0.0,1.0,1.0,0.0,0.0,0.0,1.0,0.0,1.0,0.0,1.0,0.0,0.0,0.0,0.0,0.0
VKL,0.0,0.0,0.045454545454545456,0.0,0.0,0.0,0.0,0.5348837209302325,0.0,0.35294117647058826,0.0,0.0625,0.5,0.0,0.0,0.5961538461538461
VKM,0.0,0.0,0.0,0.0,0.0,0.0,0.0,0.0,0.0,0.0,0.0,0.0,0.0,0.0,0.0,0.0
VKN,0.6153846153846154,0.8,0.875,0.8666666666666667,0.6,0.6923076923076923,0.42857142857142855,0.5555555555555556,0.8095238095238095,0.5,0.5384615384615384,0.8823529411764706,0.75,0.625,0.8235294117647058,0.8
VKQ,0.5625,0.7727272727272727,0.5806451612903226,0.7777777777777778,0.7058823529411765,0.7569721115537849,0.7868852459016393,0.6666666666666666,0.6486486486486487,0.375,0.04310344827586207,0.0,0.9230769230769231,0.5,0.15789473684210525,0.5645161290322581
VKR,0.0,0.0,0.0,0.0,0.0,0.0,0.0,0.5,0.0,0.0,0.0,0.6666666666666666,1.0,0.3333333333333333,1.0,0.0
VKS,0.0,0.0,0.0,1.0,0.0,0.0,1.0,1.0,1.0,1.0,0.0,1.0,0.0,0.0,1.0,1.0
VKT,0.0,0.0,0.2,0.5,0.14285714285714285,0.0,0.2,0.0,0.6666666666666666,0.0,0.5,0.3333333333333333,0.0,0.5,1.0,0.0
VKV,0.0,0.0,0.0,0.0,0.0,0.0,0.0,0.0,0.0,0.0,1.0,1.0,0.0,0.0,0.5,0.0
VKY,1.0,0.0,0.6,0.0,0.0,0.0,0.0,0.0,0.7142857142857143,0.0,0.4,0.0,0.0,0.0,0.0,0.0
VLA,0.0,0.0,0.0,0.0,0.0,0.0,0.0,0.0,0.0,0.0,0.0,0.0,0.0,0.0,0.0,0.0
VLD,0.25,0.3333333333333333,0.0,0.0,0.0,0.03225806451612903,0.6,0.4,0.3333333333333333,0.875,0.7222222222222222,0.16666666666666666,0.0,0.25,0.2,0.0
VLE,0.0,0.0,0.0,0.0,0.0,0.0,0.0,0.0,0.0,0.0,0.0,0.0,0.0,0.0,0.0,0.0
VLF,0.0,0.0,0.5,0.5,1.0,0.0,0.0,0.0,0.0,0.0,0.0,1.0,1.0,0.0,0.0,0.0
VLG,0.5,0.0,0.0,0.0,0.0,0.0,0.0,0.0,0.4,0.0,0.0,0.0,0.0,0.0,0.3333333333333333,0.6666666666666666
VLH,0.0,0.0,0.0,0.0,0.0,0.0,0.0,0.0,0.0,0.0,0.0,0.0,0.0,0.0,0.0,0.0
VLI,0.0,0.5,0.6,0.6666666666666666,1.0,0.0,0.0,0.0,0.0,0.3333333333333333,1.0,0.6923076923076923,0.5,0.0,0.8,0.8888888888888888
VLK,1.0,0.3333333333333333,0.75,1.0,0.8,0.5,0.0,0.75,1.0,1.0,0.0,0.5,1.0,0.5,0.5714285714285714,0.0
VLL,0.0,0.0,0.0,0.0,0.0,0.0,0.0,0.0,0.0,0.0,0.0,0.0,0.0,0.0,0.0,0.0
VLN,0.0,0.25,1.0,0.25,0.5,0.0,0.0,0.25,0.25,0.3333333333333333,0.0,0.0,0.0,0.0,0.2,0.0
VLP,0.0,0.7857142857142857,0.0,0.3333333333333333,0.0,0.3695652173913043,0.15789473684210525,0.0,0.08695652173913043,0.6666666666666666,0.7647058823529411,0.0,0.631578947368421,0.3888888888888889,0.3333333333333333,0.10526315789473684
VLQ,0.0,0.0,0.0,0.5,0.0,0.0,0.3333333333333333,0.4,0.3333333333333333,0.0,0.8225806451612904,0.7450980392156863,0.0,0.0,0.8490566037735849,0.9230769230769231
VLR,1.0,1.0,0.4,1.0,1.0,0.8571428571428571,1.0,1.0,0.6,0.6666666666666666,0.0,0.0,0.8333333333333334,0.3333333333333333,1.0,0.0
VLS,0.0,0.0,0.0,0.0,0.0,0.3333333333333333,0.0,0.5,0.0,0.2857142857142857,0.0,0.2857142857142857,0.0,0.0,0.2857142857142857,0.6666666666666666
VLT,0.5,0.3333333333333333,0.0,1.0,0.6666666666666666,0.0,0.0,0.2,0.2,0.5,0.0,0.17647058823529413,0.0,0.4,0.18181818181818182,0.38461538461538464
VLV,0.0,0.0,0.75,0.5,0.2,0.0,0.0,0.0,0.375,0.2857142857142857,0.3333333333333333,0.5,0.3333333333333333,0.5,0.3076923076923077,0.6666666666666666
VLY,0.5,0.0,1.0,1.0,1.0,0.5,0.0,1.0,0.0,1.0,0.0,0.0,0.0,1.0,0.0,0.0
VMA,0.0,0.0,0.5,0.5555555555555556,0.0,0.25,0.0,0.3333333333333333,0.5714285714285714,0.0,0.8,0.4444444444444444,0.375,0.6666666666666666,0.4,0.8
VMC,0.0,0.0,0.0,0.0,0.0,0.0,0.0,0.0,0.0,0.0,0.0,0.0,0.0,0.0,0.0,0.0
VMF,0.0,0.0,0.5,0.8,0.0,1.0,0.0,0.3333333333333333,0.375,0.4,0.6666666666666666,1.0,0.0,0.5,0.625,0.6666666666666666
VMH,0.0,1.0,0.0,0.0,0.0,1.0,0.0,1.0,0.0,1.0,0.0,0.0,0.0,0.5,1.0,0.0
VMK,0.0,0.0,0.25,0.0,0.0,0.0,0.0,0.0,0.0,0.0,0.0,0.16,0.0,0.0,0.125,0.0
VML,0.0,0.0,0.0,1.0,0.0,0.0,0.0,0.75,0.5,0.75,0.4722222222222222,0.8,0.0,0.0,0.5882352941176471,0.9032258064516129
VMP,0.0,0.0,0.0,0.0,0.0,0.0,0.0,0.0,0.0,0.0,0.0,0.0,0.0,0.0,0.0,0.0
VMR,0.0,0.0,1.0,0.0,1.0,1.0,0.0,0.0,0.0,0.5,1.0,0.0,0.0,0.0,0.0,0.0
VMS,0.0,0.0,1.0,0.0,1.0,1.0,0.0,0.0,0.0,1.0,0.0,0.0,0.0,0.0,0.0,0.0
VMT,0.0,0.0,0.0,0.6666666666666666,0.5,0.5,0.0,1.0,0.3333333333333333,1.0,0.0,0.0,1.0,0.6666666666666666,0.5,0.0
VMV,0.0,0.0,0.5,0.5,0.5,0.0,0.0,0.0,0.3333333333333333,0.0,0.2,0.42857142857142855,0.4,0.0,0.4444444444444444,0.6666666666666666
VNA,0.0,0.0,0.0,0.0,0.0,0.0,0.0,0.0,0.0,0.0,0.0,0.0,0.0,0.0,0.0,0.0
VNC,0.0,0.0,0.0,0.0,0.0,0.0,0.0,0.0,0.0,0.0,0.0,0.0,0.0,0.0,0.0,0.0
VND,0.0,0.0,1.0,0.0,0.0,0.575,0.0,1.0,0.0,0.0,0.8955223880597015,0.0,0.0,1.0,0.0,0.7741935483870968
VNE,0.0,0.0,0.0,0.0,0.0,0.0,0.0,0.0,0.0,0.0,0.0,0.0,0.0,0.0,0.0,0.0
VNF,0.0,0.25,0.5714285714285714,0.6666666666666666,0.0,0.0,0.2,0.0,0.6153846153846154,0.0,0.5454545454545454,0.0,0.0,0.0,0.2,0.0
VNG,0.0,0.0,0.0,0.0,0.0,0.0,0.0,0.0,0.0,0.0,0.0,0.0,0.0,0.0,0.0,0.0
VNI,0.0,0.0,0.8,0.0,0.0,0.0,0.0,0.0,0.6666666666666666,0.05555555555555555,0.0,0.0,0.0,0.0,0.0,0.0
VNL,0.4,0.2,0.5714285714285714,0.7142857142857143,0.0,0.7777777777777778,0.2222222222222222,0.5714285714285714,0.5833333333333334,0.4444444444444444,0.14285714285714285,0.3076923076923077,0.625,0.4,0.37142857142857144,0.29411764705882354
VNQ,0.13333333333333333,1.0,0.46153846153846156,0.0,1.0,0.4772727272727273,0.0,0.8421052631578947,0.16666666666666666,0.9583333333333334,0.0,0.0,0.0,0.0,1.0,0.8421052631578947
VNR,0.0,0.0,0.0,0.0,0.0,0.0,0.0,0.0,0.0,0.0,0.0,0.0,0.0,0.0,0.0,0.0
VNS,0.0,0.0,0.0,0.0,0.0,0.0,0.0,0.0,0.0,0.0,0.0,0.0,0.0,0.0,0.0,0.6666666666666666
VNT,0.0,0.6857142857142857,0.16666666666666666,0.0,1.0,0.29411764705882354,0.717948717948718,0.7272727272727273,0.96,0.9791666666666666,0.21052631578947367,0.9583333333333334,0.0,0.16666666666666666,0.8727272727272727,0.7540983606557377
VNW,1.0,0.0,0.0,1.0,0.0,0.0,0.5,0.0,0.0,0.5,0.0,1.0,1.0,0.0,1.0,0.0
VNY,0.8,0.6666666666666666,1.0,0.0,0.0,1.0,1.0,0.0,0.5,0.0,0.0,1.0,0.0,0.0,0.0,1.0
VPA,0.0,0.0,0.0,0.75,0.25,0.18181818181818182,0.0,1.0,0.3333333333333333,0.125,0.1,0.0,0.0,0.6666666666666666,0.5,1.0
VPF,0.0,0.0,0.0,0.0,0.0,0.0,0.0,1.0,0.0,0.0,0.0,0.0,0.0,0.5,0.0,0.0
VPG,1.0,1.0,0.0,0.0,1.0,1.0,1.0,1.0,0.5,0.0,1.0,0.0,0.0,0.0,1.0,1.0
VPI,0.0,0.0,0.0,0.4,0.0,0.0,0.0,0.0,0.0,0.0,0.0,0.0,0.0,0.0,0.0,1.0
VPK,1.0,0.8888888888888888,0.75,1.0,1.0,0.0,0.75,0.0,0.6923076923076923,0.3333333333333333,0.6428571428571429,0.5454545454545454,0.0,1.0,0.5,1.0
VPL,0.0,0.2857142857142857,0.08333333333333333,0.125,0.8888888888888888,0.030303030303030304,0.047619047619047616,0.4444444444444444,0.125,0.696969696969697,0.06976744186046512,0.09090909090909091,0.5,0.3076923076923077,0.23076923076923078,0.23076923076923078
VPN,0.0,1.0,0.0,0.0,0.5,0.8,0.5,0.0,0.0,1.0,0.0,1.0,0.0,0.0,1.0,0.0
VPP,0.0,0.0,0.0,0.0,0.0,0.0,0.0,0.0,0.0,0.0,0.0,0.0,0.0,0.0,0.0,0.0
VPQ,0.0,0.0,0.0,0.0,0.0,0.0,0.0,0.0,0.0,0.0,0.0,0.0,0.0,0.0,0.0,0.0
VPR,0.0,0.0,0.3333333333333333,0.6666666666666666,0.0,1.0,1.0,0.3333333333333333,0.5,0.0,0.0,0.0,1.0,0.5,0.0,0.5
VPS,0.0,0.14285714285714285,0.0,0.0,0.2,0.5,0.25,0.0,0.0,0.14285714285714285,0.3333333333333333,0.25,0.0,0.0,0.0,0.5
VPV,0.0,0.0,0.0,0.0,0.0,0.0,0.0,0.0,0.0,0.0,0.0,0.0,0.0,0.0,0.0,0.0
VPW,0.0,0.0,1.0,0.0,0.0,0.0,0.0,0.0,0.0,0.0,0.0,1.0,1.0,0.0,0.0,1.0
VPY,0.0,1.0,0.0,0.0,0.0,0.6666666666666666,0.5,0.0,0.0,0.0,0.0,1.0,0.0,0.5,0.0,1.0
VQA,0.0,0.0,0.3333333333333333,0.0,0.0,0.0,0.0,0.0,0.0,0.0,0.0,0.25,1.0,0.0,0.0,0.4
VQD,0.0,1.0,0.0,0.0,0.5,1.0,0.3333333333333333,1.0,0.0,0.3333333333333333,0.0,0.3333333333333333,0.0,0.6666666666666666,0.5,0.0
VQF,0.0,0.0,0.0,0.0,0.0,0.0,0.0,0.0,0.0,0.0,0.0,0.0,0.0,0.0,0.0,0.0
VQG,1.0,1.0,1.0,1.0,1.0,0.6,0.0,1.0,1.0,0.5,0.3333333333333333,1.0,1.0,0.6666666666666666,1.0,0.0
VQI,1.0,0.0,0.6666666666666666,1.0,0.5,0.0,0.0,1.0,1.0,0.3333333333333333,0.0,0.5,1.0,1.0,1.0,1.0
VQK,0.8333333333333334,0.4666666666666667,0.5555555555555556,0.5,0.1,0.7628205128205128,0.575,0.6097560975609756,0.6666666666666666,0.023809523809523808,0.5789473684210527,0.0,0.14285714285714285,0.0,0.06666666666666667,0.2894736842105263
VQL,1.0,0.4666666666666667,0.16666666666666666,0.09090909090909091,0.08333333333333333,0.8863636363636364,0.11428571428571428,0.0,0.8235294117647058,0.35714285714285715,0.8252427184466019,0.13333333333333333,0.07692307692307693,0.35714285714285715,0.05263157894736842,0.2
VQM,0.0,0.0,0.0,1.0,0.0,0.0,0.0,0.0,0.0,0.0,0.625,0.8333333333333334,0.8333333333333334,0.0,1.0,0.9
VQP,0.0,0.0,0.0,0.0,0.0,0.18181818181818182,0.0,0.0,0.15384615384615385,0.375,0.900990099009901,0.0,0.0,0.0,0.0,0.0
VQQ,0.0,0.0,0.0,0.0,0.0,0.0,0.0,0.0,0.0,0.0,0.0,0.0,0.0,0.0,0.0,0.0
VQR,1.0,0.5,0.5,0.0,1.0,0.6666666666666666,0.25,0.0,1.0,0.3333333333333333,0.0,0.3333333333333333,0.0,1.0,0.5,0.0
VQS,0.0,0.0,0.0,0.0,0.0,0.0,0.0,0.0,0.0,0.0,0.0,0.0,0.0,0.0,0.0,0.0
VQT,0.8,0.0,0.4444444444444444,0.0,0.0,0.0,0.0,0.0,0.5714285714285714,0.5714285714285714,0.3,0.0,0.0,0.0,0.0,0.0
VQV,0.0,0.0,0.0,0.0,0.0,0.0,0.0,0.0,0.0,0.0,0.0,0.6666666666666666,1.0,0.0,0.0,0.6666666666666666
VRA,0.0,0.0,0.0,0.0,0.0,0.0,0.0,0.0,0.0,0.0,0.0,0.0,0.0,0.0,0.0,0.0
VRD,0.0,0.0,0.5,0.0,0.0,0.5,0.0,0.5,1.0,1.0,0.6666666666666666,0.6666666666666666,0.0,1.0,1.0,1.0
VRH,0.0,0.0,0.0,0.0,0.0,0.0,0.0,0.0,0.0,0.0,0.0,0.0,0.0,0.0,0.0,0.0
VRI,0.0,0.2,0.8333333333333334,1.0,0.8333333333333334,0.0,0.2,0.6666666666666666,0.3333333333333333,0.42857142857142855,0.9019607843137255,0.8245614035087719,0.3333333333333333,1.0,0.8301886792452831,0.8823529411764706
VRK,0.6666666666666666,0.6666666666666666,0.75,1.0,1.0,0.0,0.5,0.0,0.5,0.25,0.0,1.0,1.0,0.0,0.0,1.0
VRL,0.0,0.0,0.0,0.0,0.0,0.0,0.0,0.3333333333333333,0.5,0.0,0.0,0.0,0.0,0.5,0.3333333333333333,0.5
VRM,0.0,0.0,0.0,0.0,0.0,0.0,0.0,0.0,0.0,1.0,1.0,0.5,0.0,0.0,0.25,1.0
VRN,0.0,0.0,0.0,0.0,0.0,0.0,0.0,0.0,0.0,0.0,0.0,0.0,0.0,0.0,0.0,0.0
VRP,0.0,0.0,0.0,1.0,0.0,0.0,0.0,0.0,0.5,0.0,0.0,0.0,0.0,0.0,1.0,1.0
VRQ,0.7058823529411765,0.5675675675675675,0.5,0.4,0.2702702702702703,0.7938144329896907,0.14814814814814814,0.65,0.2,0.05128205128205128,0.8203125,0.10526315789473684,0.0,0.8181818181818182,0.0,0.5217391304347826
VRR,0.0,0.0,0.0,0.0,0.0,0.0,0.0,0.0,0.0,0.0,0.0,0.0,0.0,0.0,0.0,0.0
VRS,0.0,0.0,0.0,0.0,0.0,0.0,0.0,0.0,0.0,0.0,0.0,0.0,0.0,0.0,0.0,0.0
VRT,0.0,0.0,0.0,0.0,0.0,0.0,0.0,0.0,0.0,0.0,0.0,0.0,0.0,0.0,0.0,0.0
VRV,0.6666666666666666,0.0,0.5714285714285714,0.0,0.5,0.0,0.0,0.0,0.3333333333333333,0.0,0.14285714285714285,0.0,0.0,0.0,0.0,0.0
VRY,1.0,1.0,0.75,1.0,1.0,1.0,0.5,1.0,1.0,0.75,0.4,0.8333333333333334,1.0,0.75,0.8333333333333334,0.0
VSA,0.0,0.0,0.0,0.0,0.0,0.0,0.0,0.0,0.0,0.0,0.0,0.0,0.0,0.0,0.0,0.0
VSC,0.0,0.0,0.0,0.0,0.0,0.0,0.0,0.0,0.0,0.0,0.0,0.0,0.0,0.0,0.0,0.0
VSD,0.0,0.0,0.0,0.0,0.0,0.0,0.0,0.0,0.0,0.0,0.0,0.0,0.0,0.0,0.0,0.0
VSE,0.0,0.0,0.3333333333333333,0.0,0.0,0.0,0.0,0.0,1.0,0.0,0.0,0.0,0.0,0.0,0.0,0.0
VSF,1.0,0.6666666666666666,0.0,1.0,0.0,0.0,0.0,1.0,0.5,0.0,0.0,0.0,0.75,1.0,1.0,0.5
VSG,0.0,0.0,0.0,0.0,0.0,0.0,0.0,0.0,0.0,0.2,1.0,0.6666666666666666,0.25,0.0,0.4,0.0
VSH,0.0,0.0,0.0,0.0,0.0,0.0,0.0,0.0,0.0,0.0,0.0,0.0,0.0,0.0,0.0,0.0
VSI,0.0,1.0,1.0,0.0,1.0,1.0,0.0,0.0,1.0,0.0,0.0,0.0,0.0,0.0,0.0,0.0
VSL,0.0,0.0,0.0,0.0,0.0,0.0,0.0,0.0,0.0,0.0,0.0,0.0,0.0,0.0,0.0,0.0
VSM,0.0,0.0,0.0,1.0,0.0,0.0,0.0,0.0,0.0,0.0,0.0,0.0,0.0,0.0,0.5,0.0
VSP,0.0,0.0,0.0,0.0,0.0,0.0,0.0,0.0,0.0,0.0,0.0,0.0,0.0,0.0,0.0,0.0
VSQ,0.0,0.7142857142857143,0.5,0.5,0.7777777777777778,0.5,0.16666666666666666,0.7142857142857143,0.4,0.8571428571428571,0.25,0.25,1.0,0.0,0.75,0.5
VSR,0.8095238095238095,0.7058823529411765,0.4166666666666667,1.0,0.6,0.7,0.5833333333333334,0.8461538461538461,0.6,0.8,0.3684210526315789,0.6363636363636364,0.8666666666666667,0.7142857142857143,0.875,0.7142857142857143
VSS,0.6875,0.6363636363636364,0.6153846153846154,0.0,0.9333333333333333,0.3125,0.75,1.0,0.3333333333333333,0.625,0.09090909090909091,0.4,0.0,0.0,0.5416666666666666,0.0
VST,0.0,1.0,1.0,0.75,1.0,0.3333333333333333,0.0,1.0,0.6666666666666666,0.0,0.3333333333333333,1.0,1.0,0.5,1.0,0.0
VSV,0.0,0.0,1.0,0.0,0.0,1.0,0.5,0.5,1.0,0.5,0.8,0.375,0.0,0.0,0.75,0.6666666666666666
VSW,0.0,0.3333333333333333,0.0,0.0,0.0,0.0,0.0,0.0,0.3333333333333333,0.0,0.0,0.043478260869565216,0.0,0.0,0.047619047619047616,0.0
VSY,0.0,0.0,0.0,0.0,0.0,0.0,0.0,0.0,0.0,0.0,0.0,0.0,0.0,0.0,0.0,0.0
VTA,0.0,0.0,0.625,0.75,0.3333333333333333,0.46153846153846156,0.2857142857142857,0.5,0.625,0.5,0.42857142857142855,0.8,0.6666666666666666,0.6666666666666666,0.6,0.5714285714285714
VTC,0.4,0.6,0.4,1.0,0.7142857142857143,0.5,0.4,0.3333333333333333,0.375,0.0,0.375,0.4,0.0,0.5,0.0,0.0
VTD,0.0,0.0,0.0,0.0,0.0,0.0,0.0,0.9090909090909091,0.0,0.0,0.0,0.0,0.0,0.0,0.8571428571428571,1.0
VTE,0.0,0.0,0.0,0.5,0.0,0.0,0.0,0.0,0.0,0.0,0.0,0.0,0.3333333333333333,0.0,0.0,0.0
VTF,0.0,0.0,0.0,0.0,0.0,0.0,0.0,0.0,0.0,0.0,0.0,0.0,0.0,0.0,0.0,0.0
VTG,0.2857142857142857,0.3333333333333333,0.0,0.16666666666666666,0.2,0.25,0.5,0.0,0.125,0.0,0.0,0.0967741935483871,0.0,0.0,0.06521739130434782,0.09090909090909091
VTH,0.0,0.0,0.0,0.0,0.0,0.0,0.0,0.0,0.0,0.0,0.0,0.0,0.0,0.0,0.0,0.0
VTI,0.0,0.8571428571428571,0.5714285714285714,1.0,1.0,0.0,0.6,0.0,0.7692307692307693,0.6666666666666666,0.75,0.0,0.0,0.0,0.3,0.3333333333333333
VTK,1.0,0.6,0.4,1.0,0.5,0.8,0.6666666666666666,1.0,0.5,1.0,0.8,1.0,0.75,0.5,0.6666666666666666,0.5
VTL,0.0,0.0,0.0,0.0,0.0,0.0,0.0,0.0,0.0,0.0,0.0,0.0,0.3333333333333333,0.0,0.0,0.5
VTM,0.0,0.0,0.0,0.0,0.0,0.0,0.0,1.0,0.0,0.0,0.0,0.0,0.0,0.5,1.0,0.0
VTN,0.0,0.0,0.5,0.75,0.16666666666666666,0.14285714285714285,0.0,0.6521739130434783,0.5,0.1111111111111111,0.2222222222222222,0.2857142857142857,0.5,0.0,0.45714285714285713,0.6274509803921569
VTQ,0.0,0.0,0.0,0.0,0.0,0.0,1.0,0.0,0.0,0.0,0.0,1.0,0.0,0.5,0.0,0.0
VTR,0.0,0.0,0.3333333333333333,1.0,0.0,0.0,0.5,0.3333333333333333,1.0,0.0,1.0,0.0,0.0,0.5,1.0,1.0
VTS,0.0,1.0,0.5,0.0,0.75,1.0,1.0,0.0,0.25,1.0,1.0,0.5,0.0,0.5,0.0,0.0
VTT,0.0,0.0,0.0,0.0,0.0,0.0,0.0,0.0,0.0,0.0,0.0,0.0,0.0,0.0,0.0,0.0
VTV,0.0,0.0,0.0,0.0,0.0,0.0,0.0,0.0,0.2857142857142857,0.6,0.5285714285714286,0.0,0.0,0.0,0.14285714285714285,0.0
VTY,0.0,0.0,0.0,0.0,0.0,0.0,0.0,0.0,0.0,0.0,1.0,0.5,0.0,0.0,1.0,0.0
VVA,0.0,0.0,0.0,0.6666666666666666,0.25,0.5,0.0,1.0,0.75,0.0,0.0,0.0,1.0,0.6666666666666666,0.4,0.0
VVC,0.0,0.0,0.0,0.0,0.0,0.0,0.0,0.0,0.0,0.0,0.0,0.0,0.0,0.0,0.0,0.0
VVD,0.0,0.75,0.6363636363636364,0.0,0.25,1.0,0.3333333333333333,0.0,1.0,0.25,0.0,0.0,0.0,0.0,0.0,0.0
VVE,0.5,1.0,0.25,0.0,0.5,0.0,0.0,0.0,0.0,0.6666666666666666,0.375,0.0,0.0,0.0,0.0,0.0
VVG,0.0,1.0,0.0,0.0,1.0,1.0,0.0,0.0,0.0,0.0,0.0,0.0,0.0,0.0,0.0,0.0
VVH,0.0,0.0,0.0,0.0,0.0,0.0,0.0,0.0,0.0,0.0,0.0,0.0,0.0,0.0,0.0,0.0
VVI,1.0,0.4,0.5714285714285714,0.5,1.0,0.7692307692307693,0.6666666666666666,0.3333333333333333,0.4444444444444444,1.0,0.6666666666666666,0.75,0.6,0.0,0.6666666666666666,0.8
VVK,0.0,1.0,1.0,1.0,0.0,0.8888888888888888,0.6666666666666666,1.0,0.8181818181818182,0.5714285714285714,0.6,1.0,1.0,1.0,1.0,1.0
VVL,0.8,0.2,0.25,1.0,0.2,0.0,0.0,1.0,0.0,0.0,0.0,0.5,0.75,0.0,0.0,0.0
VVM,0.0,0.0,0.2,0.5,0.0,1.0,0.0,0.0,0.5,0.0,0.6666666666666666,0.4,0.0,1.0,0.42857142857142855,1.0
VVN,0.0,0.0,0.0,0.0,0.0,0.0,0.0,0.0,0.0,0.0,0.0,0.10526315789473684,0.0,0.0,0.06666666666666667,0.0
VVP,0.0,0.0,0.0,0.0,0.0,0.0,0.0,0.3,0.0,0.0,0.0,0.0,0.0,0.75,0.0,0.16666666666666666
VVQ,0.0,0.0,0.0,0.0,0.0,0.0,0.0,0.0,0.0,0.0,0.0,0.0,0.0,0.0,0.0,0.0
VVR,1.0,0.0,0.0,0.0,0.0,0.0,0.0,0.0,1.0,0.0,0.0,0.0,0.0,0.0,0.5,1.0
VVS,0.0,0.0,0.0,1.0,0.0,0.0,0.0,0.0,0.5,0.0,0.0,0.0,0.0,0.0,0.5,0.0
VVT,0.0,0.0,0.5714285714285714,0.6,1.0,0.2,0.0,0.3333333333333333,0.25,1.0,1.0,0.6666666666666666,0.6666666666666666,0.0,0.5714285714285714,0.8
VVV,0.0,0.0,0.0,1.0,0.0,0.0,0.0,0.0,1.0,0.0,0.0,0.0,0.0,0.0,0.25,0.0
VVY,0.0,1.0,0.0,1.0,1.0,0.0,1.0,0.0,0.0,0.0,0.0,0.0,1.0,0.0,0.0,0.0
VWA,0.0,0.0,0.0,0.0,0.0,1.0,1.0,1.0,0.0,0.0,0.0,0.0,0.0,1.0,0.0,1.0
VWD,0.0,0.0,0.0,0.0,0.0,0.0,0.0,0.0,0.0,0.0,0.0,0.0,0.0,0.0,0.0,0.0
VWE,0.0,0.0,0.0,0.0,0.0,0.0,0.0,0.0,0.0,0.0,0.0,0.0,0.0,0.0,0.0,0.0
VWG,0.0,0.0,1.0,0.0,0.0,0.0,0.0,0.0,0.0,0.0,0.5,0.6666666666666666,0.0,0.0,1.0,1.0
VWH,0.0,0.0,0.0,0.0,0.0,0.0,0.0,0.0,0.0,0.0,0.0,0.0,0.0,0.0,0.0,0.0
VWP,0.0,0.5,0.0,1.0,0.0,0.0,0.5,0.0,0.0,0.0,0.0,1.0,1.0,0.0,0.0,1.0
VWT,0.3333333333333333,0.0,1.0,0.4,0.0,0.0,1.0,1.0,0.0,1.0,0.0,1.0,0.75,0.5,0.0,0.0
VWV,0.0,0.0,1.0,1.0,0.0,1.0,1.0,0.0,1.0,1.0,0.75,1.0,0.5,0.0,0.75,1.0
VYA,0.0,0.2857142857142857,0.6666666666666666,0.75,0.6,0.3333333333333333,0.0,1.0,0.4,0.0,0.16666666666666666,1.0,1.0,1.0,0.5,1.0
VYE,0.0,0.0,0.0,0.0,0.0,0.0,0.0,0.0,0.0,0.0,0.0,0.0,0.0,0.0,0.0,0.0
VYG,0.0,1.0,0.8333333333333334,0.5,0.75,1.0,1.0,0.0,0.0,1.0,0.0,0.0,0.5,0.0,0.0,0.0
VYI,0.0,0.0,0.0,0.0,0.0,0.0,0.0,0.0,0.0,0.0,0.0,0.0,0.0,0.0,0.0,0.0
VYK,1.0,1.0,0.0,0.0,0.0,0.0,1.0,0.0,1.0,0.0,1.0,0.0,0.0,0.0,0.0,0.0
VYL,0.0,0.0,0.0,0.0,0.0,0.0,0.0,0.0,0.0,0.0,0.05263157894736842,0.11764705882352941,0.6666666666666666,0.0,0.037037037037037035,0.0
VYM,0.0,0.0,0.0,0.0,0.0,0.0,0.0,0.0,0.0,0.0,0.0,0.0,0.0,0.0,0.0,0.0
VYN,0.0,0.0,0.0,0.0,0.0,0.0,0.0,0.0,0.0,0.0,0.0,0.0,0.0,0.0,0.0,0.0
VYP,1.0,0.5,0.0,0.0,0.0,1.0,0.0,0.0,0.0,0.0,0.0,0.0,0.0,0.0,0.0,0.0
VYR,0.0,0.5,0.0,1.0,0.3333333333333333,0.0,0.5,0.0,0.0,0.0,0.0,0.0,1.0,0.0,0.0,0.0
VYT,0.0,0.0,0.0,0.0,0.0,0.0,0.0,0.5,0.0,0.0,0.0,0.0,0.0,1.0,0.0,0.0
VYV,0.3333333333333333,0.0,0.0,0.0,0.0,1.0,1.0,0.0,1.0,0.0,0.0,0.5,0.0,1.0,0.0,1.0
VYW,0.0,0.0,0.0,0.0,0.0,0.0,0.0,0.0,0.0,0.0,0.0,0.0,0.0,0.0,0.0,0.0
VYY,0.0,0.0,0.25,0.0,0.0,0.0,0.0,0.0,0.0,0.0,0.11428571428571428,0.36363636363636365,0.0,0.0,0.2727272727272727,0.125
WAE,0.0,0.0,0.0,0.0,0.0,0.25,1.0,0.0,0.0,0.5,0.0,0.0,0.0,0.0,0.0,0.0
WAL,0.0,0.0,0.0,0.0,0.0,1.0,1.0,0.5,0.0,0.0,0.0,0.0,0.0,0.6666666666666666,0.0,1.0
WAS,0.0,0.0,0.0,0.0,0.0,0.9022556390977443,0.0,1.0,0.14285714285714285,0.896551724137931,0.8853503184713376,0.14285714285714285,0.0,0.0,0.14285714285714285,1.0
WCI,0.0,0.0,0.0,0.0,1.0,0.5,0.0,0.0,0.0,1.0,0.0,0.0,0.0,0.0,0.0,0.0
WCN,0.0,1.0,0.0,0.0,0.0,0.0,0.0,0.3333333333333333,0.0,0.0,0.0,0.0,0.5,0.0,0.0,0.0
WDA,0.0,0.0,0.0,0.0,0.0,0.0,0.0,0.0,0.0,0.0,0.0,0.0,0.0,0.0,0.0,0.0
WDD,0.0,0.0,0.0,0.0,0.0,0.0,0.0,0.0,0.0,0.0,0.0,0.0,0.0,0.0,0.0,0.0
WDI,0.0,0.0,0.0,0.0,0.0,0.0,0.0,0.0,0.0,0.0,0.0,0.0,0.0,0.0,0.0,0.0
WDK,0.0,0.0,0.0,0.0,0.0,0.0,0.0,0.0,0.0,0.0,0.0,0.125,0.75,0.0,0.0,0.0
WDW,0.0,0.0,0.0,0.0,0.0,0.0,0.0,0.0,0.0,0.0,0.0,0.0,0.0,0.0,0.0,0.0
WEA,1.0,0.5,0.0,0.0,0.0,0.6,0.5,0.0,0.6,0.0,0.0,0.0,0.0,0.0,0.0,0.0
WEC,0.0,0.0,0.0,0.0,0.0,0.0,0.0,0.0,0.0,0.0,0.0,0.0,0.0,0.0,0.0,0.0
WEF,0.0,0.7741935483870968,0.0,0.0,0.7741935483870968,0.25806451612903225,0.8,0.6666666666666666,0.7058823529411765,1.0,0.6052631578947368,1.0,0.0,0.0,0.9230769230769231,0.6764705882352942
WEG,0.0,0.0,0.0,0.0,0.0,0.0,0.0,0.0,0.0,0.0,0.0,0.0,0.0,0.0,0.0,0.0
WEH,0.0,0.0,0.0,0.0,0.0,0.0,0.0,0.0,0.0,0.0,0.0,0.0,0.0,0.0,0.0,0.0
WEP,0.0,0.8571428571428571,0.3333333333333333,1.0,0.125,1.0,0.25,0.0,1.0,0.0,0.0,0.0,1.0,0.0,0.0,1.0
WES,0.0,0.0,0.0,0.0,0.0,0.0,0.0,0.0,0.0,0.0,0.0,0.0,0.0,0.0,0.0,0.0
WET,0.7272727272727273,0.6,0.1,0.0,0.0,0.6071428571428571,0.5384615384615384,0.0,0.7857142857142857,0.0,0.07692307692307693,0.0,0.0,0.0,0.0,0.0
WEV,0.8571428571428571,0.5652173913043478,1.0,0.5,0.0,0.8303571428571429,0.17647058823529413,0.0,0.8,0.45,0.6956521739130435,0.0,0.0,0.45454545454545453,0.2727272727272727,0.1
WFL,0.0,0.0,0.0,0.0,0.0,0.0,0.0,1.0,0.0,0.0,0.0,0.0,0.0,0.6666666666666666,0.0,1.0
WFQ,1.0,0.0,0.6666666666666666,1.0,0.6,0.0,0.25,1.0,1.0,0.6,0.0,0.5,1.0,1.0,1.0,0.8333333333333334
WFS,0.0,0.0,0.0,0.0,0.0,0.0,0.0,0.0,0.0,0.0,0.0,0.0,0.0,0.0,0.0,0.0
WFT,1.0,0.0,1.0,1.0,0.0,1.0,0.6,0.0,0.5,0.0,1.0,0.5,0.0,0.2,0.5,1.0
WGE,1.0,0.2857142857142857,0.2857142857142857,0.0,1.0,0.16666666666666666,0.2,0.375,0.25,0.5,0.09090909090909091,0.13333333333333333,0.3333333333333333,0.4,0.2,0.1111111111111111
WGF,0.0,0.0,0.0,0.0,0.0,0.0,0.0,0.0,0.0,1.0,0.0,0.0,0.0,0.0,0.0,0.0
WGG,0.0,0.0,0.0,0.0,0.0,0.0,0.0,1.0,0.0,0.0,0.0,0.0,0.0,0.0,0.0,0.5
WGI,1.0,0.0,0.6666666666666666,0.0,0.0,0.0,0.0,0.0,0.5,1.0,0.5,0.0,0.0,0.0,0.0,0.0
WGK,0.0,0.0,0.0,0.0,0.0,0.4,0.0,0.0,0.0,0.0,0.0,0.0,0.0,0.0,0.0,0.0
WGL,0.0,0.0,0.0,0.0,0.0,0.0,0.0,0.0,1.0,0.0,0.1,0.0,0.0,0.0,0.0,0.0
WGN,0.0,0.0,0.0,0.0,0.0,0.0,0.0,0.0,0.0,0.0,0.4482758620689655,0.6666666666666666,0.0,0.0,0.4074074074074074,0.9
WGQ,0.9166666666666666,0.631578947368421,0.25,0.0,0.0,0.0,0.0,0.0,0.16666666666666666,0.0,0.47058823529411764,0.4782608695652174,0.0,0.0,0.4666666666666667,0.75
WGR,0.0,0.6666666666666666,0.0,0.0,1.0,0.5,0.0,1.0,1.0,0.0,1.0,0.0,0.0,1.0,0.5,0.0
WGS,0.0,0.0,0.0,0.0,0.0,0.0,0.0,0.0,0.0,0.0,0.0,0.0,0.0,0.0,0.0,0.0
WHV,0.3333333333333333,0.3333333333333333,0.8,0.6666666666666666,0.0,0.3333333333333333,0.5,0.0,0.9,0.0,0.6666666666666666,1.0,0.5,0.5,0.4,0.6666666666666666
WID,0.0,0.0,0.6666666666666666,0.0,1.0,0.9090909090909091,0.8,1.0,0.5,0.8571428571428571,0.0,0.0,0.0,0.3333333333333333,1.0,0.0
WIK,1.0,0.0,0.0,0.5,0.0,0.0,0.0,0.0,0.0,0.5,0.0,0.0,0.0,0.0,1.0,0.0
WIN,0.0,0.0,1.0,0.0,0.0,0.0,0.0,0.0,0.0,0.0,0.5,0.6666666666666666,1.0,0.0,0.5,0.3333333333333333
WIP,0.0,0.0,0.0,0.0,0.0,0.0,0.0,0.0,0.0,0.0,0.0,0.0,0.0,0.0,0.0,0.0
WIQ,1.0,1.0,1.0,0.0,1.0,0.0,0.0,0.0,0.4,0.0,0.8571428571428571,0.5,1.0,0.0,0.6,0.3
WIR,0.0,0.0,1.0,0.0,0.0,0.0,0.0,1.0,1.0,0.0,0.0,1.0,1.0,1.0,0.0,1.0
WIS,0.0,0.5714285714285714,0.3333333333333333,0.0,0.8,0.0,0.0,0.0,0.0,0.0,0.0,0.0,0.0,0.75,0.0,0.0
WIT,0.0,0.0,0.0,0.0,0.0,0.0,0.0,0.0,0.0,0.0,0.0,0.0,0.0,0.0,0.0,0.0
WIV,0.0,0.0,0.0,1.0,0.0,0.0,0.0,0.0,0.0,0.0,0.0,0.0,0.0,0.0,0.5,0.0
WKD,1.0,0.0,0.5,0.0,1.0,0.0,1.0,0.0,1.0,1.0,0.7272727272727273,0.0,0.0,0.0,0.0,0.0
WKG,0.0,0.8125,0.0,1.0,0.0,0.6633663366336634,0.125,0.0,0.3333333333333333,0.9,0.6060606060606061,0.0,0.875,0.5714285714285714,0.1875,0.3
WKN,0.0,0.0,0.0,0.0,0.0,0.0,0.0,0.0,0.0,0.0,0.0,0.0,0.0,0.0,0.0,0.0
WKP,0.0,0.0,0.0,0.0,0.0,0.0,0.0,0.0,0.0,0.0,0.0,0.0,0.0,0.0,0.0,0.0
WLD,0.0,0.0,0.0,0.0,0.0,0.0,0.0,0.0,0.0,0.0,0.0,0.0,0.0,0.0,0.0,0.0
WLG,0.0,0.0,0.0,0.0,0.0,0.0,0.0,0.0,0.0,0.0,0.0,0.0,0.0,0.0,0.0,0.0
WLM,0.0,1.0,1.0,0.0,1.0,1.0,0.5,0.0,0.9090909090909091,1.0,0.0,1.0,1.0,1.0,0.0,1.0
WLN,0.0,0.0,1.0,0.0,0.0,0.0,0.0,0.0,0.0,0.0,1.0,1.0,0.0,0.0,1.0,0.0
WLQ,0.0,0.0,0.0,0.0,0.0,0.0,0.0,0.0,0.0,0.0,0.0,0.0,0.0,0.0,0.0,0.0
WLS,0.0,0.0,0.0,0.0,0.0,0.0,0.0,0.0,0.0,0.0,0.0,0.0,0.0,0.0,0.0,0.0
WLY,0.0,0.0,0.0,0.0,0.0,0.0,1.0,0.0,1.0,1.0,1.0,0.75,0.0,0.0,0.6,1.0
WMG,0.0,1.0,0.0,0.0,0.0,0.9327731092436975,0.3,0.0,0.2,1.0,0.9489795918367347,0.0,0.3333333333333333,0.3333333333333333,0.0,0.1
WMI,0.0,0.0,0.0,0.0,0.0,0.0,0.0,0.0,0.0,0.0,0.0,0.0,0.0,0.0,0.0,0.0
WNK,1.0,1.0,1.0,0.0,0.0,0.0,1.0,1.0,1.0,0.0,1.0,1.0,0.5,0.0,0.0,1.0
WNL,0.0,0.0,0.0,0.0,0.0,0.0,0.0,0.0,0.0,0.0,0.0,1.0,0.0,0.0,0.0,1.0
WNR,0.0,0.3333333333333333,0.5,1.0,0.3333333333333333,0.6666666666666666,0.5,0.0,0.5,0.5,0.6666666666666666,1.0,0.5,0.0,1.0,0.0
WNS,0.0,0.0,0.0,0.0,0.0,0.0,0.0,1.0,0.0,0.0,0.0,0.5,0.0,0.0,1.0,0.5
WPG,0.0,0.0,0.5,0.5,0.0,0.5,0.0,0.0,0.0,0.25,0.0,0.0,0.3333333333333333,0.0,0.0,0.3333333333333333
WPK,0.0,0.0,0.0,1.0,0.0,0.0,0.0,0.0,0.0,0.0,0.0,0.0,0.0,1.0,0.0,1.0
WPL,0.6,0.8333333333333334,0.0,1.0,0.0,0.7720588235294118,0.5294117647058824,0.0,0.4375,0.3125,0.0,0.0,0.8333333333333334,0.3333333333333333,0.5,0.14285714285714285
WPP,0.0,0.0,0.0,1.0,0.0,0.0,0.2857142857142857,0.0,0.0,0.0,0.0,0.8,1.0,0.0,0.0,1.0
WPR,0.0,0.0,0.0,0.0,0.0,0.0,0.0,0.0,0.0,0.0,0.0,0.0,0.0,0.0,0.0,0.0
WQA,0.0,0.9230769230769231,0.0,0.0,0.8,0.24242424242424243,0.6666666666666666,0.6388888888888888,0.2,0.8333333333333334,0.0,0.0,0.0,0.0,0.5,0.8214285714285714
WQM,0.0,0.0,0.0,0.0,0.0,0.0,0.0,0.0,0.0,0.0,0.0,0.0,0.0,0.0,0.0,0.0
WQQ,0.0,0.0,0.0,0.0,0.0,0.0,0.0,0.0,0.0,0.0,0.0,0.0,0.0,0.0,0.0,0.0
WQV,0.0,0.0,0.0,0.0,0.0,0.0,0.0,0.0,0.0,0.0,0.05555555555555555,0.5365853658536586,0.0,0.0,0.09090909090909091,0.9444444444444444
WRC,0.0,0.0,0.0,0.0,0.0,0.0,0.0,0.0,0.0,0.0,0.0,0.0,0.0,0.0,0.0,0.0
WRE,0.8888888888888888,0.45454545454545453,0.75,1.0,0.6666666666666666,0.0,0.6666666666666666,0.6666666666666666,0.7777777777777778,0.8571428571428571,0.7647058823529411,0.4166666666666667,0.6,1.0,0.7692307692307693,0.2
WRF,0.0,0.0,0.3333333333333333,1.0,0.0,1.0,0.5,0.0,0.0,0.5,0.3333333333333333,0.6666666666666666,1.0,0.0,0.25,0.5
WRG,1.0,0.6666666666666666,0.0,0.0,0.0,1.0,1.0,0.0,1.0,0.0,1.0,0.5,0.0,1.0,0.0,1.0
WRK,0.2,1.0,0.0,1.0,0.0,0.37662337662337664,0.5,0.0,0.18181818181818182,0.9,0.4915254237288136,0.0,1.0,1.0,1.0,0.0
WRN,0.0,0.0,0.0,0.0,0.0,0.0,0.0,0.0,0.0,0.0,0.0,0.0,0.0,0.0,0.0,0.0
WRQ,1.0,0.0,0.0,1.0,0.0,0.0,0.0,0.5,1.0,0.0,0.0,0.0,0.0,0.0,1.0,0.0
WRS,1.0,0.8,1.0,1.0,1.0,1.0,0.0,0.0,0.6666666666666666,0.0,0.5,1.0,0.0,1.0,0.0,0.0
WSF,0.0,0.0,0.0,0.0,0.0,0.0,0.0,0.0,0.0,0.0,0.0,0.0,0.0,0.0,0.0,0.0
WSG,0.0,0.0,0.0,0.0,0.0,0.0,0.0,0.0,0.0,0.0,0.0,0.0,0.0,0.0,0.0,0.0
WSK,0.0,0.0,0.0,0.0,0.0,0.0,0.0,0.0,0.0,0.0,0.0,0.0,0.0,0.0,0.0,0.0
WSR,0.0,0.0,0.0,0.0,0.0,0.0,0.0,0.0,0.0,0.0,0.0,0.0,0.0,0.0,0.0,0.0
WST,1.0,0.0,0.8333333333333334,0.0,0.0,0.0,0.0,0.0,1.0,0.6666666666666666,0.0,0.0,0.0,0.0,0.0,0.0
WSV,0.0,1.0,1.0,0.0,1.0,1.0,0.0,0.0,0.5,0.0,0.0,0.0,0.0,0.0,0.0,0.0
WTA,0.0,0.0,0.0,0.0,0.0,0.0,0.0,0.0,0.0,0.0,0.0,0.0,0.0,0.0,0.0,0.0
WTE,0.0,0.0,0.0,0.0,0.0,0.0,0.0,0.0,0.0,0.0,0.0,0.0,0.0,0.0,0.0,0.0
WTF,0.0,0.0,1.0,0.0,0.0,0.0,0.0,0.0,0.0,0.0,0.0,1.0,1.0,0.0,0.0,1.0
WTH,0.0,0.0,0.0,0.0,0.0,0.0,0.0,0.0,0.0,0.0,0.0,0.0,0.0,0.0,0.0,0.0
WTI,0.0,0.0,0.0,0.0,0.0,0.0,0.0,0.0,0.0,0.0,0.0,1.0,0.0,0.0,1.0,1.0
WTK,0.0,0.3333333333333333,0.5,0.0,0.0,0.0,0.0,0.0,0.3333333333333333,0.0,0.0,0.0,0.0,0.0,0.0,0.0
WTL,0.0,0.0,0.0,0.0,0.0,0.0,0.0,0.0,0.0,0.0,0.0,0.0,0.0,0.0,0.0,0.0
WTP,0.3333333333333333,0.0,1.0,0.4,0.0,0.0,1.0,1.0,0.0,1.0,0.0,1.0,0.75,0.5,0.0,0.0
WTQ,0.0,0.0,0.0,0.0,0.0,0.0,0.0,0.0,0.0,0.0,0.0,0.0,0.0,0.0,0.0,0.0
WTV,0.0,0.0,0.7058823529411765,0.0,0.07692307692307693,0.5853658536585366,0.0625,0.5853658536585366,0.11764705882352941,0.14814814814814814,0.8697674418604651,0.0,0.0,0.6666666666666666,0.0,0.4444444444444444
WTY,0.0,0.0,0.0,0.0,0.0,0.8103448275862069,0.0,0.7272727272727273,0.0,0.0,0.0,0.0,0.0,0.0,0.0,0.0
WVA,1.0,0.6190476190476191,0.0,0.0,0.3888888888888889,0.0,0.0,0.0,0.2222222222222222,0.0,0.35714285714285715,0.4444444444444444,0.0,0.0,0.4,0.5
WVC,0.0,0.0,0.5,0.0,0.0,0.0,0.0,0.5,0.0,0.0,0.0,0.0,0.75,0.0,0.0,1.0
WVF,0.0,0.0,0.0,0.0,0.0,0.0,0.0,0.0,0.0,0.0,0.0,0.0,0.0,0.0,0.0,0.0
WVG,0.0,0.0,1.0,1.0,0.0,1.0,0.5,0.0,0.5,1.0,0.42857142857142855,0.42857142857142855,0.3333333333333333,0.0,0.4,0.4444444444444444
WVL,0.4,0.5,0.0,0.0,0.4,0.0,0.0,0.0,0.0,0.0,0.0,0.13043478260869565,0.0,0.0,0.0,0.3333333333333333
WVP,0.0,0.0,0.0,0.0,0.0,0.0,0.0,1.0,0.0,1.0,0.0,0.0,0.0,0.0,0.0,1.0
WVQ,0.0,1.0,1.0,0.0,1.0,1.0,0.3333333333333333,1.0,1.0,0.6666666666666666,0.0,1.0,0.0,1.0,1.0,0.0
WVR,1.0,0.631578947368421,0.125,0.0,0.0,0.0,0.0,0.0,0.2,0.0,0.0,0.16666666666666666,0.0,0.0,0.0,0.0
WVS,0.0,0.0,0.0,0.0,0.0,0.0,0.0,1.0,0.5,0.0,0.0,0.0,0.0,1.0,1.0,0.0
WWC,0.0,0.0,0.0,0.0,0.0,0.0,0.0,0.0,0.0,0.0,0.0,0.0,0.0,0.0,0.0,0.0
WWG,0.0,1.0,0.0,0.0,0.0,0.0,0.0,1.0,0.0,0.0,0.0,0.0,0.0,0.0,0.0,1.0
WWT,0.0,0.88,0.0,0.0,0.0,0.28205128205128205,0.0,0.0,0.0,0.0,0.0,0.0,0.0,0.0,0.0,0.0
WYA,0.0,0.0,0.0,0.0,0.0,0.0,0.0,0.0,0.0,0.0,0.0,0.0,0.0,0.0,0.0,0.0
WYF,0.0,0.5,0.3333333333333333,1.0,0.5,1.0,0.75,0.0,0.6666666666666666,0.0,0.6,1.0,1.0,0.5,0.6,1.0
WYQ,0.55,0.42857142857142855,0.2,0.0,0.0,0.0,0.0,0.15625,0.08333333333333333,0.0,0.0,0.16666666666666666,0.0,0.0,0.057692307692307696,0.13953488372093023
WYR,0.0,0.0,0.0,0.0,0.0,0.0,0.0,0.0,0.0,0.0,0.8,1.0,0.0,0.0,0.8333333333333334,1.0
WYV,0.0,0.0,0.0,0.0,0.0,0.0,0.0,0.0,0.0,0.0,0.0,0.0,0.0,0.0,0.0,0.0
YAA,0.0,0.0,1.0,0.0,0.0,0.0,0.0,0.0,0.0,0.0,0.0,0.25,0.0,0.0,0.0,0.0
YAD,0.8,0.6842105263157895,0.5555555555555556,1.0,0.6428571428571429,0.09090909090909091,0.08333333333333333,0.75,0.42857142857142855,0.0,1.0,0.0,0.75,0.5,0.3333333333333333,0.0
YAF,0.0,0.5,0.0,0.0,0.0,0.0,0.0,0.0,0.0,0.0,0.0,0.0,1.0,0.0,0.0,0.0
YAG,0.6666666666666666,0.0,0.16666666666666666,0.0,0.0,0.42857142857142855,0.0,0.42857142857142855,0.6666666666666666,0.5,0.8571428571428571,0.0,0.0,0.0,0.5,0.0
YAI,0.0,0.0,0.0,0.0,0.0,0.0,0.0,0.0,0.0,0.0,0.0,0.0,0.0,0.0,0.0,0.0
YAK,0.0,1.0,0.75,0.75,0.8571428571428571,0.2,0.2,0.6666666666666666,0.4,0.5454545454545454,0.2,0.25,0.14285714285714285,0.75,1.0,1.0
YAL,0.0,0.9615384615384616,0.35294117647058826,0.0,0.967741935483871,0.6666666666666666,0.5,0.6578947368421053,0.08333333333333333,0.9444444444444444,0.1111111111111111,0.8333333333333334,0.0,0.5555555555555556,1.0,0.8571428571428571
YAM,0.0,1.0,0.0,1.0,0.0,0.0,1.0,0.0,0.0,0.0,0.0,0.0,1.0,0.0,0.0,0.0
YAN,0.0,0.0,0.0,0.0,0.0,0.0,0.0,0.0,0.0,0.0,0.0,0.0,0.0,0.0,0.0,0.0
YAP,1.0,0.0,0.0,0.0,0.0,0.0,0.0,0.0,0.0,0.0,0.0,0.0,0.0,0.0,0.0,0.0
YAR,1.0,0.78125,0.9615384615384616,0.0,1.0,0.8278688524590164,0.9433962264150944,0.8571428571428571,0.9259259259259259,0.0,0.7647058823529411,1.0,0.0,1.0,0.0,0.5434782608695652
YAS,0.0,0.0,0.0,0.0,0.0,0.0,0.0,0.0,0.0,0.0,0.42857142857142855,0.5,0.0,0.0,0.5,1.0
YAT,0.0,0.0,0.0,0.0,0.0,0.0,0.0,0.0,0.0,0.0,0.0,0.0,0.0,0.0,0.0,0.0
YAV,0.0,0.3333333333333333,0.0,0.0,0.0,0.0,0.0,0.5,0.0,0.0,0.0,0.0,0.5,0.0,0.0,0.0
YAW,0.0,0.0,0.0,0.0,0.0,0.0,0.0,0.0,0.0,0.0,0.0,0.0,0.0,0.0,0.0,0.0
YCA,1.0,0.7058823529411765,0.25,0.0,0.0,0.0,0.0,0.0,0.6666666666666666,0.0,0.0,0.25,0.0,0.0,0.0,1.0
YCN,0.0,0.0,0.0,0.0,0.0,0.0,0.0,0.0,0.0,0.0,1.0,0.75,0.0,0.0,0.75,0.6666666666666666
YCQ,0.9166666666666666,0.7058823529411765,0.2,0.0,0.0,0.0,0.0,0.0,0.25,0.0,0.0,0.5,0.0,0.0,0.0,0.0
YCS,0.0,0.0,0.0,0.0,0.0,0.0,0.0,0.0,0.0,0.0,0.0,0.0,0.0,0.0,0.0,0.0
YCT,0.0,0.0,0.0,0.0,0.0,0.0,0.0,1.0,0.0,0.0,0.0,0.75,0.0,0.0,0.5,0.4
YDA,0.7142857142857143,0.0,1.0,0.0,0.0,0.0,1.0,0.5,1.0,0.0,0.5,0.0,0.5,1.0,0.0,0.0
YDD,0.0,0.0,0.5,0.5,1.0,0.0,0.0,0.5,0.25,0.0,0.5,0.6666666666666666,0.5,0.0,0.5,1.0
YDF,0.0,1.0,0.6,0.0,1.0,1.0,1.0,0.6666666666666666,0.0,0.6,0.0,0.0,0.6666666666666666,0.6666666666666666,0.0,0.0
YDG,0.6666666666666666,0.875,1.0,1.0,0.5,0.0,0.7142857142857143,0.0,0.8666666666666667,0.0,0.9333333333333333,1.0,0.0,0.0,1.0,1.0
YDK,0.5714285714285714,0.6,0.0,0.8333333333333334,1.0,0.18181818181818182,0.3333333333333333,0.1,0.8,0.8571428571428571,0.0,0.14285714285714285,0.16666666666666666,0.0,0.8333333333333334,0.8333333333333334
YDL,0.0,0.0,0.0,0.0,0.0,0.0,0.0,0.0,0.0,0.0,0.0,0.0,0.0,0.0,0.0,0.0
YDP,0.0,0.0,0.0,0.0,0.0,0.0,0.0,0.09090909090909091,0.0,0.0,0.0,0.0,0.0,0.0,0.0,0.2857142857142857
YDR,0.0,0.5,0.0,0.0,0.5,0.6666666666666666,0.5,0.0,0.0,1.0,0.0,0.0,0.0,0.0,0.0,0.0
YDS,1.0,0.3333333333333333,1.0,0.0,0.0,0.0,0.0,0.0,1.0,1.0,0.6666666666666666,1.0,0.0,0.0,1.0,1.0
YDT,0.0,0.0,0.5,0.0,0.0,0.0,0.0,0.0,0.6666666666666666,0.0,0.0,0.0,0.0,0.0,0.0,0.0
YDV,0.0,0.0,0.0,0.0,0.0,0.0,0.0,0.0,0.0,0.0,0.0,0.0,0.0,0.0,0.0,0.0
YDW,0.0,0.0,0.0,0.0,0.5,0.0,0.0,0.0,0.0,0.0,0.6666666666666666,0.5,0.0,0.0,0.0,0.0
YEC,0.0,0.0,0.0,0.0,0.0,0.0,0.0,0.0,0.0,0.0,0.0,0.0,0.0,0.0,0.0,0.0
YEE,1.0,0.0,0.0,0.0,0.0,0.0,0.0,0.5,1.0,0.0,0.0,0.0,0.0,0.0,0.5,0.0
YEF,0.5,0.0,0.5,1.0,1.0,0.8,0.3333333333333333,0.0,0.3333333333333333,0.0,0.8571428571428571,0.3333333333333333,0.5,0.0,0.0,0.0
YEG,0.0,0.0,0.0,0.0,0.0,0.0,0.0,0.0,0.0,0.0,0.0,0.0,0.0,0.0,0.0,0.0
YEK,0.0,0.0,0.0,0.0,0.0,0.0,0.0,0.0,0.0,0.0,0.0,0.0,0.0,0.0,0.0,0.0
YEL,0.0,0.0,0.0,0.0,0.0,0.9351851851851852,0.0,0.0,0.25,0.6,0.9230769230769231,0.0,0.0,0.0,0.0,0.0
YER,0.0,0.0,1.0,0.5,0.0,0.0,0.0,0.6,0.6666666666666666,0.6,0.9901960784313726,1.0,1.0,0.0,0.9753086419753086,1.0
YES,0.0,0.0,0.0,0.0,0.0,0.0,0.0,0.0,0.0,0.0,0.0,0.0,0.0,0.0,0.0,0.0
YET,0.0,0.5,0.4444444444444444,0.5,0.0,0.0,0.4,0.0,0.4444444444444444,0.0,0.2,0.0,0.0,0.0,0.2222222222222222,0.0
YFA,0.6666666666666666,1.0,0.0,0.0,0.0,0.0,1.0,0.0,0.0,0.0,0.0,1.0,0.0,0.0,0.0,1.0
YFC,0.0,1.0,0.0,1.0,1.0,0.0,0.0,1.0,1.0,0.0,0.0,0.0,0.0,1.0,1.0,1.0
YFD,0.0,1.0,1.0,0.0,0.5,0.5,1.0,0.0,0.0,0.0,1.0,0.6666666666666666,1.0,0.0,0.5,1.0
YFE,0.0,0.0,0.0,0.0,0.0,0.0,0.0,0.5,0.0,0.0,0.0,0.0,0.0,0.3333333333333333,0.0,0.0
YFF,0.0,0.0,0.0,0.0,0.0,1.0,1.0,0.0,0.0,1.0,0.5,1.0,1.0,0.0,0.4,1.0
YFI,0.0,1.0,0.0,0.0,1.0,0.0,0.0,0.0,0.0,1.0,0.0,0.0,0.0,0.0,0.0,0.0
YFP,1.0,1.0,0.0,0.0,1.0,1.0,1.0,0.0,0.8,0.0,0.6666666666666666,0.0,0.0,0.0,0.0,0.0
YFS,0.0,1.0,0.0,0.5,0.0,0.7972972972972973,0.375,0.0,0.125,1.0,0.7258064516129032,0.0,0.9285714285714286,1.0,1.0,0.2222222222222222
YFT,0.0,1.0,0.6666666666666666,0.0,0.0,0.0,1.0,0.0,0.0,1.0,1.0,1.0,1.0,0.0,1.0,1.0
YFV,0.0,0.0,0.3333333333333333,0.0,0.0,0.0,0.0,0.0,0.3333333333333333,0.0,0.0,0.0,0.0,0.0,0.0,0.0
YFY,1.0,0.0,1.0,1.0,1.0,1.0,0.6666666666666666,0.0,0.6,0.0,1.0,0.5,0.0,0.5,0.5,0.6666666666666666
YGA,0.0,0.25,0.0,0.0,0.16666666666666666,0.0,0.0,0.0,0.125,0.0,0.0,0.0,0.0,0.0,0.3333333333333333,0.0
YGC,0.0,1.0,0.0,1.0,0.0,0.0,1.0,0.0,0.0,0.0,0.0,0.0,1.0,0.0,0.0,0.0
YGD,0.0,0.0,0.0,0.0,0.0,0.0,0.0,0.0,0.0,0.0,0.0,0.0,0.0,0.0,0.0,0.0
YGE,0.0,0.0,0.0,0.0,0.0,0.0,0.0,0.0,0.0,0.0,0.0,0.0,0.0,0.0,0.0,0.0
YGF,0.5,0.4,0.25,0.0,1.0,0.0,0.4,0.0,0.375,1.0,0.0,0.17647058823529413,0.0,0.0,0.625,0.0
YGI,0.0,0.75,0.0,0.25,0.0,0.3333333333333333,0.0,0.4,0.0,0.0,0.0,0.0,0.75,0.5,0.0,1.0
YGK,0.8,1.0,1.0,0.0,0.0,1.0,1.0,0.0,0.5,0.0,0.0,1.0,0.5,0.0,0.0,1.0
YGL,0.0,0.75,0.8333333333333334,0.0,0.7142857142857143,1.0,1.0,0.0,0.0,0.8333333333333334,0.0,0.0,0.0,0.0,0.0,0.0
YGM,0.0,1.0,1.0,0.0,0.0,0.0,1.0,0.0,0.0,0.0,1.0,1.0,1.0,1.0,1.0,1.0
YGP,1.0,1.0,0.0,0.0,0.0,1.0,0.0,0.5,0.0,0.0,0.0,1.0,0.0,1.0,0.0,0.0
YGQ,0.0,0.0,1.0,0.0,0.0,0.0,1.0,0.0,1.0,0.5,1.0,0.0,0.0,0.0,0.0,0.0
YGR,0.0,0.0,0.0,0.0,0.0,0.0,0.0,0.0,0.0,0.0,0.0,1.0,1.0,0.0,0.0,0.0
YGS,0.0,1.0,1.0,0.0,0.0,0.0,1.0,0.0,0.0,0.0,1.0,1.0,1.0,0.0,1.0,1.0
YGV,0.0,0.0,0.0,0.0,0.0,0.0,0.0,0.0,0.0,0.0,0.0,0.0,0.0,0.0,0.0,0.0
YHC,0.0,0.0,0.6666666666666666,0.0,0.0,0.0,0.0,0.0,0.5,1.0,0.0,0.0,0.0,0.0,0.0,0.0
YHD,0.0,0.5,1.0,0.0,0.75,0.0,0.2857142857142857,0.0,0.5,0.5,0.6666666666666666,1.0,0.0,0.0,1.0,0.0
YHF,0.0,0.0,0.0,0.0,0.0,0.0,0.0,0.0,0.0,0.0,0.0,0.0,0.0,0.0,0.0,0.0
YHK,0.0,0.0,0.5,0.0,0.0,0.0,0.0,0.0,0.0,0.0,1.0,0.0,0.0,0.0,0.0,0.0
YHL,0.0,0.5,0.0,1.0,0.0,0.0,1.0,0.0,0.0,0.0,1.0,0.0,1.0,0.0,0.0,0.0
YHS,1.0,0.0,0.0,0.0,0.0,0.0,0.0,0.0,0.0,0.0,0.0,0.0,0.0,0.0,0.0,0.0
YIA,0.0,0.0,0.0,0.0,0.0,0.0,0.0,0.0,0.0,0.0,0.0,0.0,0.0,0.0,0.0,0.0
YID,0.6666666666666666,1.0,0.25,0.0,0.0,0.8571428571428571,0.0,0.0,0.6666666666666666,0.0,0.9166666666666666,0.5,1.0,0.0,0.0,0.0
YIE,0.0,0.0,0.0,0.5,0.0,0.5,0.0,1.0,0.5,1.0,0.0,0.0,0.0,1.0,0.5,0.0
YIG,0.0,0.0,0.0,0.0,0.0,0.0,0.0,0.0,0.0,0.0,0.0,0.0,0.0,0.0,0.0,0.0
YIH,0.6666666666666666,0.5714285714285714,0.7,1.0,1.0,0.0,0.75,0.3333333333333333,0.2,0.25,0.8607594936708861,0.7,0.625,0.0,0.6923076923076923,0.7777777777777778
YIK,0.0,0.0,1.0,0.0,0.0,0.0,0.0,0.0,0.0,0.5,0.0,1.0,1.0,0.0,0.0,0.0
YIL,1.0,0.0,0.5714285714285714,0.6666666666666666,1.0,1.0,1.0,0.0,1.0,0.3333333333333333,0.8,1.0,0.8571428571428571,0.5,0.8571428571428571,1.0
YIN,0.0,0.5555555555555556,0.0,1.0,1.0,0.0,0.0,0.5555555555555556,0.0,0.7142857142857143,0.0,0.0,0.0,0.0,1.0,0.7142857142857143
YIQ,0.0,0.0,1.0,1.0,0.0,0.0,1.0,0.0,1.0,0.0,0.0,1.0,0.0,1.0,1.0,1.0
YIR,0.0,0.8461538461538461,1.0,1.0,1.0,1.0,1.0,0.0,0.9090909090909091,0.8571428571428571,0.0,1.0,1.0,0.0,0.0,1.0
YIS,0.8148148148148148,0.7741935483870968,0.2,0.0,0.5454545454545454,0.14285714285714285,0.8333333333333334,0.0,0.6842105263157895,0.0,0.0,0.0,0.0,0.0,0.0,0.0
YIV,0.0,0.0,0.0,0.0,0.0,0.0,0.0,0.0,0.0,0.0,0.0,0.0,0.0,0.0,0.0,0.0
YKC,0.0,0.0,0.0,0.0,0.0,0.0,0.0,0.0,0.0,0.0,0.0,0.0,0.0,0.0,0.0,0.0
YKD,0.0,0.0,0.0,0.0,0.0,0.0,0.0,0.0,0.0,0.0,0.0,0.0,0.0,0.0,0.0,0.0
YKE,0.0,0.0,0.5,0.0,0.16666666666666666,0.25,0.2,0.0,0.5,0.3333333333333333,0.0,0.0,0.0,0.0,0.0,0.0
YKG,0.4,0.0,0.5,0.0,0.0,0.0,0.0,0.0,0.75,0.0,0.0,0.2777777777777778,0.3333333333333333,0.0,0.23076923076923078,0.0
YKH,0.0,0.0,0.6,1.0,0.0,0.0,0.5714285714285714,0.0,0.5454545454545454,0.0,0.6923076923076923,0.5555555555555556,0.0,0.0,0.5454545454545454,1.0
YKK,1.0,1.0,0.0,0.0,0.0,0.0,1.0,0.0,1.0,0.0,0.5,0.0,0.0,0.0,0.0,0.0
YKL,0.0,0.0,0.0,0.0,0.0,0.0,0.0,0.0,0.0,0.0,0.0,0.0,0.0,0.0,0.0,0.0
YKP,0.6666666666666666,0.0,0.5,0.0,0.0,0.0,0.0,0.0,1.0,0.0,0.0,0.2,0.0,0.0,0.8333333333333334,0.0
YKR,0.0,0.0,0.0,1.0,0.0,0.0,0.0,1.0,1.0,0.0,0.0,0.0,0.0,1.0,1.0,1.0
YKS,0.0,0.0,1.0,0.0,0.0,0.0,0.5,0.0,1.0,0.0,1.0,0.0,0.0,0.0,0.0,0.0
YKT,1.0,0.0,0.75,0.0,0.0,0.5,0.0,0.3333333333333333,0.8333333333333334,0.3333333333333333,0.5454545454545454,0.0,0.0,0.5,1.0,0.0
YKV,1.0,0.8,0.6666666666666666,1.0,1.0,1.0,0.0,1.0,1.0,0.0,0.25,1.0,0.0,1.0,0.0,0.0
YLA,0.0,0.0,0.0,0.0,0.0,0.0,0.0,0.0,0.0,0.0,0.07692307692307693,0.0,0.0,0.0,0.04,0.0
YLC,0.0,0.0,0.0,0.0,0.0,0.0,0.0,0.0,0.0,0.0,0.0,0.0,0.0,0.0,0.0,0.0
YLD,0.0,0.0,0.0,0.0,0.0,0.0,0.0,0.0,0.0,0.0,0.0,0.0,0.0,0.0,0.0,0.0
YLE,0.0,0.0,0.0,0.0,0.0,0.0,0.0,0.0,0.0,0.0,0.0,0.6666666666666666,0.5,0.0,0.0,0.0
YLG,0.3333333333333333,0.5,0.5,0.4,0.3333333333333333,0.0,0.3333333333333333,0.0,1.0,0.0,0.0,0.0,0.0,0.0,0.3333333333333333,1.0
YLH,0.0,0.6666666666666666,1.0,0.0,0.75,0.0,0.0,0.0,0.5,0.3333333333333333,0.0,0.0,0.0,0.0,0.0,0.0
YLK,0.0,0.0,0.0,0.0,0.0,0.0,0.0,0.0,0.0,0.0,0.0,0.0,0.0,0.0,0.0,0.0
YLL,0.0,0.16666666666666666,1.0,0.0,0.8333333333333334,0.0,0.0,0.0,0.25,0.0,1.0,0.6666666666666666,0.0,1.0,0.5,1.0
YLN,1.0,0.8333333333333334,0.8,1.0,0.8,1.0,0.0,0.5,1.0,0.5,0.6363636363636364,0.5,1.0,0.6,0.5,1.0
YLQ,0.0,0.0,0.14285714285714285,0.0,0.0,0.0,0.07692307692307693,0.0,0.0,0.0,0.125,0.1875,0.5,0.0,0.16666666666666666,0.4
YLR,0.0,0.0,0.0,0.0,0.0,0.0,0.0,0.0,0.0,0.0,0.0,0.0,0.0,0.0,0.0,0.0
YLS,0.0,0.0,0.0,0.0,0.0,0.0,0.0,0.0,0.0,0.0,0.0,0.0,0.0,0.0,0.0,0.0
YLT,1.0,0.0,0.0,0.0,0.0,1.0,0.0,1.0,0.3333333333333333,0.0,0.0,0.0,0.0,1.0,0.0,0.5
YLV,0.0,0.0,0.0,0.0,0.0,0.0,0.0,0.0,0.0,0.0,0.0,0.0,0.0,0.0,0.0,0.0
YLY,0.0,0.6666666666666666,0.0,0.0,1.0,1.0,0.5,0.0,0.0,0.0,0.0,0.0,0.0,0.0,0.0,0.0
YMA,0.0,1.0,0.0,1.0,0.5,0.0,1.0,0.0,0.0,0.0,0.6666666666666666,1.0,0.0,0.0,0.0,0.0
YMD,0.0,0.7857142857142857,0.0,0.2857142857142857,1.0,0.8888888888888888,0.12,0.16666666666666666,0.21428571428571427,0.8181818181818182,0.9629629629629629,0.0,0.8461538461538461,0.5333333333333333,0.5714285714285714,0.3333333333333333
YMI,0.0,0.0,0.0,0.0,0.0,0.0,0.0,0.0,0.0,0.0,0.0,0.0,0.0,0.0,0.0,0.0
YMK,0.0,0.0,0.0,0.0,0.0,0.0,0.0,0.0,0.0,0.0,0.0,0.0,0.0,0.0,0.0,0.0
YML,0.0,0.0,0.0,0.0,0.0,0.0,0.0,0.0,0.0,0.0,0.0,0.0,0.0,0.0,0.0,0.0
YMQ,0.0,0.0,0.0,0.0,0.0,0.0,0.0,0.0,0.0,0.0,0.0,0.0,0.0,0.0,0.0,0.0
YMR,0.0,0.0,0.0,0.0,0.0,0.0,0.0,0.0,0.0,0.0,0.0,0.0,0.0,0.0,0.0,0.0
YMY,0.0,0.0,0.0,0.0,0.0,0.0,0.0,0.0,0.0,0.0,0.0,0.0,0.0,0.0,0.0,0.0
YNA,0.0,0.0,0.0,0.0,0.0,0.0,0.0,0.3333333333333333,0.0,0.0,0.0,0.0,0.0,0.3333333333333333,0.0,0.0
YNF,0.0,0.0,0.75,0.0,0.3333333333333333,0.0,0.25,0.5,1.0,0.0,0.6666666666666666,0.5,0.0,0.5,0.3333333333333333,0.0
YNG,0.0,0.0,0.0,0.0,0.0,0.0,0.0,0.0,0.0,0.0,0.0,0.0,0.0,0.0,0.0,0.0
YNH,0.0,0.5,0.0,1.0,0.0,0.0,0.0,1.0,1.0,1.0,0.0,0.0,0.6666666666666666,0.0,1.0,0.0
YNL,0.0,0.0,0.0,0.0,0.0,0.0,0.0,0.0,0.0,0.0,0.0,0.0,0.0,0.0,0.0,0.0
YNN,1.0,0.6666666666666666,0.0,1.0,0.0,1.0,1.0,1.0,1.0,1.0,1.0,0.0,1.0,1.0,1.0,0.0
YNP,0.0,0.0,0.0,0.0,0.0,0.0,0.0,0.0,0.0,0.0,0.0,0.0,0.0,0.0,0.0,0.0
YNS,0.0,0.0,0.0,0.0,0.0,0.0,0.0,0.0,0.0,0.0,0.0,1.0,0.0,0.0,1.0,1.0
YNT,0.0,0.625,0.0,0.7,0.0,0.6759259259259259,0.42857142857142855,0.0,0.0,0.6666666666666666,0.0,0.0,0.7857142857142857,0.6666666666666666,0.375,0.25
YNV,0.0,0.7857142857142857,0.0,0.5,0.0,0.2807017543859649,0.5,0.0,0.5,0.75,0.0,0.5,0.9166666666666666,0.7777777777777778,0.6,0.6666666666666666
YNW,1.0,0.4,1.0,0.0,0.5,0.0,1.0,0.0,0.0,0.5,0.8823529411764706,0.5384615384615384,0.6,0.0,0.75,0.6
YNY,1.0,0.8333333333333334,0.0,0.0,0.8,0.8,0.5,0.0,0.0,0.8,0.0,0.0,0.0,0.0,0.0,0.0
YPD,0.0,0.0,0.0,0.0,0.0,0.0,0.0,0.0,0.0,0.0,0.0,0.0,0.0,0.0,0.0,0.0
YPE,0.0,0.0,0.0,0.0,0.0,0.0,0.0,0.0,0.0,0.0,0.0,0.0,0.0,0.0,0.0,0.0
YPG,0.42857142857142855,0.0,0.09090909090909091,0.5,0.25,0.45098039215686275,0.0,0.8235294117647058,0.2,0.07142857142857142,0.7843137254901961,0.0,0.14285714285714285,0.16666666666666666,0.0,0.08333333333333333
YPH,0.0,1.0,1.0,0.0,0.0,0.0,1.0,0.0,0.0,0.0,1.0,1.0,1.0,1.0,1.0,1.0
YPK,0.0,0.0,0.0,0.0,0.0,0.0,0.0,0.0,0.0,0.0,0.0,0.0,0.0,0.0,0.0,0.0
YPL,1.0,0.0,0.0,0.0,0.0,0.0,0.0,0.0,0.0,0.0,0.0,0.0,0.0,0.0,0.0,0.0
YPM,0.0,0.0,1.0,0.0,1.0,1.0,0.0,0.0,0.0,1.0,0.0,0.0,0.0,0.0,0.0,0.0
YPP,0.0,0.0,0.5,0.0,0.0,0.0,0.0,0.0,0.0,0.0,0.23076923076923078,0.25,0.5,0.0,0.0,0.0
YPQ,0.5,0.0,1.0,0.0,0.0,0.0,0.0,0.0,0.0,0.0,1.0,1.0,1.0,0.0,0.0,0.0
YPS,1.0,1.0,1.0,0.0,0.0,1.0,0.0,1.0,1.0,1.0,0.5,1.0,0.0,1.0,1.0,0.0
YPT,1.0,0.5,0.0,0.0,0.0,1.0,0.0,0.0,0.0,0.0,0.0,0.0,0.0,0.0,0.0,0.0
YPV,1.0,0.0,0.8,0.0,0.0,0.0,0.0,0.0,0.6,1.0,0.0,0.0,0.0,0.0,0.0,0.0
YPY,0.0,0.0,0.5,0.0,0.0,0.0,0.0,0.0,0.4,0.0,0.0,0.0,0.0,0.0,0.0,0.0
YQA,1.0,1.0,0.6666666666666666,0.6666666666666666,1.0,0.75,0.3333333333333333,0.6666666666666666,0.0,0.4,0.6666666666666666,0.0,0.5,0.0,0.0,1.0
YQD,0.0,0.0,0.0,0.0,0.0,0.0,0.0,0.0,0.0,0.0,0.0,0.0,0.0,0.0,0.0,0.0
YQE,0.0,0.0,0.0,0.0,0.0,0.0,0.0,0.6486486486486487,0.0,0.8,0.0,0.0,0.0,0.0,0.7741935483870968,0.7
YQG,0.0,0.0,0.0,0.0,0.0,0.0,0.0,0.0,0.0,0.0,0.0,0.0,0.0,0.0,0.0,0.0
YQI,0.0,0.0,0.0,0.0,0.0,0.7704918032786885,0.0,0.9032258064516129,0.0,0.125,0.0,0.0,0.0,0.0,0.0,0.21428571428571427
YQL,0.0,0.0,0.0,0.0,0.0,0.0,0.0,0.0,0.0,0.0,0.0,0.0,0.0,0.0,0.0,0.0
YQM,1.0,0.3333333333333333,0.4,0.0,1.0,0.0,0.0,0.0,1.0,0.0,0.15,0.25,0.3333333333333333,0.0,0.14285714285714285,0.0
YQN,0.0,0.0,0.0,0.0,0.0,0.0,0.0,0.0,0.0,0.0,0.0,0.0,0.0,0.0,0.0,0.0
YQP,0.0,0.4,0.0,0.0,0.6666666666666666,0.0,0.6666666666666666,0.0,0.0,1.0,0.8,0.0,0.0,0.0,0.0,0.0
YQQ,1.0,0.7058823529411765,0.3333333333333333,0.0,0.0,0.0,0.0,0.0,0.3333333333333333,0.0,0.0,0.4,0.0,0.0,0.0,1.0
YQR,0.0,0.0,0.0,0.0,0.0,0.0,0.0,0.0,0.0,0.0,0.0,0.0,0.0,0.0,0.0,0.0
YQS,0.0,0.0,0.25,0.0,0.5,0.0,0.0,0.3333333333333333,0.0,0.6666666666666666,0.6666666666666666,0.0,0.0,0.0,0.6666666666666666,0.0
YQT,0.0,0.0,0.0,0.0,0.0,0.0,0.0,0.0,0.0,0.0,0.0,0.0,0.0,0.0,0.0,0.0
YQY,0.0,0.8148148148148148,0.0,0.625,0.0,0.7192982456140351,0.1875,0.0,0.18181818181818182,0.6818181818181818,0.6357142857142857,0.0,0.8,0.47619047619047616,0.375,0.16666666666666666
YRA,0.0,0.0,1.0,0.0,0.0,0.0,1.0,0.0,1.0,1.0,1.0,1.0,0.0,0.0,0.8,0.0
YRD,0.0,1.0,0.0,1.0,0.3333333333333333,1.0,1.0,0.0,0.0,0.5,0.5,0.0,1.0,0.0,0.0,0.0
YRG,0.0,0.0,0.2,0.0,0.6666666666666666,1.0,0.0,0.0,0.0,0.5,1.0,0.0,0.0,0.0,0.0,0.0
YRH,0.0,0.0,0.0,0.0,0.0,0.0,0.0,0.0,0.0,0.0,0.0,0.0,0.0,0.0,0.0,0.0
YRI,0.0,0.0,1.0,0.0,1.0,1.0,0.0,0.0,0.0,1.0,0.0,0.0,0.0,0.0,0.0,0.0
YRL,1.0,1.0,0.0,0.0,0.8,1.0,1.0,0.0,0.0,0.0,0.0,0.0,0.0,0.0,0.0,0.0
YRM,0.0,0.0,0.0,0.0,0.0,0.0,0.0,0.0,0.0,0.0,0.0,0.0,0.0,0.0,0.0,0.0
YRN,0.0,0.0,0.0,0.0,0.0,0.0,0.0,0.0,0.0,0.0,0.0,0.0,0.0,0.0,0.0,0.0
YRP,0.0,0.0,0.0,0.0,0.0,0.0,0.0,0.0,0.0,0.0,0.0,0.0,0.0,0.0,0.0,0.0
YRQ,0.0,0.0,0.0,0.0,0.0,0.0,0.0,0.0,0.0,0.0,0.8,1.0,0.0,0.0,1.0,0.6666666666666666
YRR,0.8148148148148148,0.9375,0.6153846153846154,1.0,0.8064516129032258,0.6875,0.8484848484848485,0.6666666666666666,0.6071428571428571,0.8461538461538461,0.2857142857142857,0.46153846153846156,1.0,0.21428571428571427,0.8421052631578947,0.5555555555555556
YRT,0.0,1.0,1.0,0.0,1.0,0.0,1.0,0.0,1.0,0.0,1.0,0.0,0.0,1.0,0.0,0.0
YRV,0.0,0.0,0.0,0.0,0.0,0.0,0.0,0.0,0.0,0.0,0.0,0.0,0.0,0.0,0.0,0.0
YSA,1.0,0.65,0.4444444444444444,0.0,0.375,0.6666666666666666,0.7222222222222222,0.4,0.9166666666666666,0.8333333333333334,0.75,1.0,1.0,0.0,0.8666666666666667,0.6666666666666666
YSD,0.0,0.0,0.0,0.0,0.0,0.0,1.0,0.0,0.0,0.0,0.0,1.0,0.0,1.0,0.0,1.0
YSE,1.0,0.5,1.0,0.0,1.0,1.0,0.0,0.0,0.0,0.0,0.0,0.0,0.0,0.0,0.0,0.0
YSF,1.0,0.8620689655172413,0.7333333333333333,0.0,0.9047619047619048,0.6666666666666666,0.0,0.8,0.4,0.8235294117647058,0.0,0.6,0.0,0.0,0.7333333333333333,0.0
YSG,0.975609756097561,0.75,0.25,0.0,0.5555555555555556,0.5,0.8484848484848485,0.0,0.6086956521739131,0.6829268292682927,0.1111111111111111,0.07692307692307693,0.3333333333333333,0.25,0.09090909090909091,0.0
YSI,1.0,0.75,1.0,1.0,0.0,1.0,0.0,1.0,0.6666666666666666,0.0,0.0,1.0,0.75,1.0,1.0,1.0
YSK,1.0,0.0,0.75,0.0,1.0,0.0,1.0,0.0,0.6666666666666666,1.0,0.8,0.0,0.0,0.0,0.0,0.0
YSL,1.0,0.0,0.5,0.0,0.0,0.0,0.0,0.0,0.0,0.0,0.0,0.0,0.8,0.0,0.0,0.6666666666666666
YSN,0.0,0.0,0.0,0.0,0.0,0.0,0.0,0.0,0.0,0.0,0.0,0.0,0.0,0.0,0.0,0.0
YSR,0.0,0.0,0.0,0.0,0.0,0.0,0.0,0.0,0.0,0.0,0.0,0.0,0.0,0.0,0.0,0.0
YSS,0.9166666666666666,0.8571428571428571,0.2222222222222222,0.0,0.5454545454545454,0.42857142857142855,1.0,0.25,0.8125,0.2857142857142857,0.25,0.0,0.0,0.0,0.0,0.2
YST,0.0,1.0,1.0,0.0,0.0,0.0,0.0,0.0,0.0,0.0,0.0,1.0,1.0,0.0,0.0,0.3333333333333333
YSV,0.0,0.5,0.0,1.0,0.0,0.0,0.0,1.0,1.0,0.0,0.0,0.0,1.0,1.0,1.0,1.0
YTA,0.0,0.7142857142857143,0.0,1.0,1.0,0.11627906976744186,0.0,0.0,0.0,0.4,0.0,0.0,0.16666666666666666,1.0,0.0,0.3333333333333333
YTF,0.0,1.0,1.0,0.0,0.0,0.0,0.6666666666666666,0.0,0.0,0.0,1.0,1.0,1.0,1.0,1.0,1.0
YTG,0.0,0.0,1.0,0.0,0.0,0.0,0.0,0.0,0.0,0.0,0.5,0.6,1.0,0.0,1.0,0.3333333333333333
YTH,1.0,0.875,0.5714285714285714,0.0,0.5,0.5,1.0,1.0,0.8333333333333334,0.6666666666666666,0.5,0.2777777777777778,0.6666666666666666,0.0,0.5333333333333333,0.0
YTI,1.0,0.8,0.6,0.6666666666666666,0.875,0.8,1.0,1.0,1.0,0.6666666666666666,0.8571428571428571,1.0,0.0,1.0,1.0,0.0
YTK,0.75,0.42857142857142855,0.3333333333333333,0.5,0.0,0.45454545454545453,0.8,0.4,0.0,0.8,0.0,0.3333333333333333,0.6666666666666666,0.0,1.0,0.0
YTL,0.6666666666666666,0.6,0.6666666666666666,1.0,0.5,0.3,0.0,0.4,0.16666666666666666,0.5,0.0,0.3333333333333333,0.6666666666666666,0.2,0.2857142857142857,0.0
YTM,0.0,1.0,0.0,0.0,0.0,0.0,1.0,0.0,0.0,0.0,1.0,0.0,0.0,0.0,0.0,0.0
YTN,1.0,1.0,0.0,1.0,0.0,1.0,1.0,1.0,0.0,1.0,0.0,1.0,1.0,0.0,0.6666666666666666,0.0
YTQ,0.0,0.0,0.0,0.0,0.0,0.0,0.0,0.0,0.0,0.0,0.0,0.0,0.0,0.0,0.0,0.0
YTR,0.0,0.0,0.0,0.0,0.0,0.0,0.0,0.0,0.0,0.0,1.0,1.0,0.0,0.0,1.0,0.0
YTT,0.0,0.0,0.0,0.0,0.0,0.0,0.0,0.0,0.0,0.0,0.0,0.0,0.0,0.0,0.0,0.0
YTV,1.0,1.0,0.4,0.0,0.4,0.5,1.0,0.0,0.4,0.6666666666666666,0.2222222222222222,0.0,0.0,0.0,0.0,0.0
YTY,0.0,1.0,1.0,0.0,1.0,0.0,0.0,0.0,0.0,1.0,0.0,0.0,0.0,0.0,0.0,0.0
YVA,0.0,0.0,0.6666666666666666,1.0,0.0,0.5,0.0,0.5,0.5714285714285714,0.0,0.4444444444444444,1.0,0.6,1.0,0.9285714285714286,1.0
YVC,0.6666666666666666,1.0,0.8333333333333334,0.0,0.0,0.0,1.0,1.0,0.6,0.5,1.0,1.0,0.0,0.0,1.0,1.0
YVD,0.0,0.0,0.5,0.0,0.0,0.06666666666666667,0.0,0.8333333333333334,0.0,0.1,0.0,0.0,0.0,0.0,0.1111111111111111,1.0
YVE,0.0,0.0,0.0,0.0,0.5,0.5,0.0,0.0,0.0,0.0,0.0,0.0,0.0,0.0,0.0,0.0
YVF,0.0,0.0,0.0,0.0,0.0,0.0,0.0,0.0,0.0,0.0,0.0,0.0,0.0,0.0,0.0,0.0
YVG,0.0,0.0,0.0,0.0,0.0,0.0,0.0,0.0,1.0,0.42857142857142855,0.6714285714285714,0.0,0.0,0.0,0.0,0.0
YVI,0.0,0.5,0.0,0.0,0.0,0.0,1.0,1.0,0.0,0.0,0.0,0.0,0.0,0.3333333333333333,0.0,0.0
YVN,1.0,1.0,0.0,1.0,0.0,0.25,1.0,0.25,0.5,1.0,0.0,0.6666666666666666,1.0,1.0,0.5,1.0
YVQ,1.0,0.75,0.375,1.0,0.5,0.75,0.0,0.75,0.4,0.4,0.5,0.5,1.0,0.5,0.625,0.0
YVS,0.0,0.0,0.0,0.0,0.0,0.0,0.0,0.0,0.0,0.0,0.0,0.0,0.0,0.0,0.0,0.0
YVT,0.0,0.0,0.0,0.0,0.0,0.0,0.0,0.0,0.0,0.0,0.0,0.0,0.0,0.0,0.0,0.0
YVV,0.0,0.0,0.0,0.0,0.0,0.0,0.0,0.0,0.0,0.0,0.0,0.0,0.0,0.0,0.0,0.0
YVW,0.0,0.0,0.0,0.0,0.0,0.0,0.0,0.0,0.0,0.0,0.0,0.0,0.0,0.0,0.0,0.0
YWD,0.0,0.0,0.0,0.0,0.0,0.0,0.0,0.0,0.0,0.0,0.0,0.0,0.0,0.0,0.0,0.0
YWG,1.0,0.6818181818181818,0.3333333333333333,0.0,0.14285714285714285,0.3333333333333333,0.0,0.0,1.0,0.0,0.5714285714285714,0.5,0.0,0.0,0.42857142857142855,0.5
YWH,0.5,0.0,0.8,0.6666666666666666,0.0,0.0,0.0,0.0,0.8888888888888888,0.0,0.8,1.0,1.0,0.0,0.6666666666666666,1.0
YWP,0.0,0.0,0.0,0.0,0.0,0.0,0.0,0.0,0.0,0.0,0.0,0.0,0.0,0.0,0.0,0.0
YWQ,0.0,0.8275862068965517,0.0,0.0,0.9230769230769231,0.2891566265060241,0.6153846153846154,0.5348837209302325,0.25,0.8695652173913043,0.0,0.0,0.0,0.0,0.14285714285714285,0.6052631578947368
YWV,0.0,0.0,0.0,0.0,0.0,0.0,0.0,0.0,0.0,0.0,0.0,0.0,0.0,0.0,0.0,0.0
YYA,0.9565217391304348,0.7575757575757576,0.36363636363636365,0.0,0.8125,0.5,0.9375,0.0,0.36363636363636365,0.0,0.3333333333333333,0.0,0.0,0.0,0.0,0.0
YYC,0.42857142857142855,0.21428571428571427,0.25,0.0,0.0,0.0,0.0,0.0,0.0,0.0,0.36363636363636365,0.4444444444444444,0.0,0.0,0.21428571428571427,0.6666666666666666
YYD,0.0,0.0,0.0,0.0,0.0,0.0,0.0,0.0,0.0,0.0,0.0,0.0,0.0,0.0,0.0,0.0
YYG,0.0,1.0,1.0,0.0,0.0,0.0,1.0,0.0,0.0,1.0,1.0,1.0,1.0,1.0,1.0,1.0
YYH,0.0,0.0,0.0,0.0,0.0,0.0,0.0,0.0,0.0,0.0,0.0,0.0,0.0,0.0,0.0,0.0
YYI,0.0,0.0,0.0,0.0,0.0,0.0,0.0,0.0,0.0,0.0,0.0,0.0,0.0,0.0,0.0,0.0
YYL,0.5,0.5,0.3333333333333333,0.6666666666666666,0.5,1.0,0.0,0.0,0.6666666666666666,0.0,0.5,0.0,0.0,0.0,0.4,1.0
YYN,0.0,0.0,0.0,0.0,0.0,0.0,0.0,0.0,0.0,0.0,0.0,0.0,0.0,0.0,0.0,0.0
YYP,0.0,0.0,0.0,0.0,0.0,0.0,0.0,0.0,0.0,0.0,0.0,0.0,0.0,0.0,0.0,0.0
YYQ,0.0,0.0,0.0,0.0,0.0,0.0,0.0,0.0,0.0,0.0,0.0,0.0,0.0,0.0,0.0,0.0
YYR,0.0,0.3333333333333333,0.0,0.4,0.0,1.0,0.0,0.0,0.6,0.0,0.0,0.0,0.0,0.25,0.0,1.0
