aa_motif,A,C,G,T
AAA,1.0425908921668743,0.7393569925972749,1.3700350969755404,1.4335624767294521
AAD,0.0,0.891189232148501,0.29706307738283366,0.0
AAE,0.648636716351771,1.3862943611198906,0.891189232148501,0.0
AAF,0.0,0.0,0.0,0.0
AAH,1.0201312086692347,0.47957905455967414,0.0,0.6018196521073707
AAI,0.812017639881618,0.2030044099704045,1.1054100279471115,1.0624550040210812
AAK,1.218026459822427,0.0,1.6731049701126652,1.4962204585192298
AAL,0.0,0.0,0.0,0.0
AAM,1.4387371636790223,1.6094379124341003,1.297273432703542,1.5350567286626973
AAN,0.0,1.8872763037076763,1.976783494931689,3.3264648556980854
AAP,0.5493061443340549,0.0,1.0986122886681098,0.5493061443340549
AAQ,0.0,0.5493061443340549,0.0,0.40235947810852507
AAR,1.1989476363991853,0.5493061443340549,0.40235947810852507,1.3732653608351373
AAS,2.3548838738425864,0.6143175323067617,0.9647283594078171,1.5638863382503114
AAV,0.716703787691222,0.27465307216702745,1.0986122886681098,0.5493061443340549
AAW,1.1882523095313346,0.9591581091193483,0.2558427881104495,1.6479184330021646
AAY,0.0,0.0,0.0,0.46209812037329684
ACD,1.0986122886681098,0.6931471805599453,0.0,0.6931471805599453
ACE,0.0,0.0,0.0,0.0
ACF,0.7193685818395111,0.0,0.5493061443340549,0.8047189562170501
ACG,1.3732653608351373,1.3732653608351373,2.049711555589573,1.0986122886681098
ACI,0.0,0.0,0.0,0.0
ACK,1.6094379124341003,0.0,0.0,1.6094379124341003
ACL,0.40235947810852507,0.5941261547656673,0.3243183581758855,0.8047189562170501
ACN,0.0,0.0,0.0,0.0
ACQ,0.0,0.0,0.0,0.0
ACR,0.0,0.0,0.0,0.0
ACV,0.0,0.5493061443340549,0.7675283643313486,1.1989476363991853
ACY,0.0,0.0,0.0,0.0
ADC,0.0,0.0,0.0,0.0
ADD,0.0,0.0,0.0,0.0
ADE,0.716703787691222,1.2070784343255752,0.40235947810852507,1.0750556815368328
ADF,0.0,0.5493061443340549,0.5493061443340549,0.29706307738283366
ADG,0.0,0.0,0.0,0.0
ADI,0.0,0.0,1.1989476363991853,0.0
ADK,2.436052919644854,1.6479184330021646,1.433407575382444,1.7908995167731467
ADL,0.0,0.6931471805599453,0.0,0.0
ADM,0.6931471805599453,0.716703787691222,0.5941261547656673,1.0986122886681098
ADN,0.0,0.0,0.0,0.0
ADP,0.5493061443340549,0.9729550745276566,0.3243183581758855,1.0750556815368328
ADS,1.4073920199981333,0.0,0.15767011966073635,0.0
ADT,1.619117475568642,0.5887699911158697,0.34004373622307815,0.27465307216702745
ADV,0.716703787691222,0.0,0.0,0.0
ADW,0.0,0.0,0.0,0.0
ADY,1.6215917908794277,1.6479184330021646,0.511685576220899,0.9241962407465937
AEA,0.0,0.0,0.0,0.0
AEC,0.8047189562170501,0.0,0.0,0.0
AED,0.0,0.0,0.0,0.0
AEE,0.0,0.0,0.0,0.0
AEF,0.0,0.0,0.0,0.0
AEG,0.0,0.0,0.0,0.0
AEH,0.6931471805599453,0.9241962407465937,0.0,0.0
AEI,0.11728266833317777,1.494390531034327,1.7735205529712303,2.791619203157305
AEK,0.0,0.0,0.0,0.0
AEL,0.36078169606997934,0.7420987380060131,0.25782490720162615,2.736801091938045
AEM,1.0750556815368328,0.0,1.3732653608351373,0.0
AEN,0.0,2.034710951566199,0.0,0.0
AEP,0.0,0.6931471805599453,0.0,0.5493061443340549
AES,0.0,0.358351893845611,0.358351893845611,0.0
AET,0.6800874724461563,0.26823965207235,0.8290575209603337,0.32779758388748254
AEW,1.5813042316832728,1.6635532333438687,0.2558427881104495,0.46209812037329684
AFC,0.0,0.0,0.0,0.0
AFE,0.406008819940809,0.5493061443340549,0.40235947810852507,0.648636716351771
AFG,0.0,0.0,0.0,0.0
AFH,0.0,0.0,0.0,0.0
AFI,0.0,0.0,0.0,0.0
AFK,0.0,0.0,0.0,0.0
AFL,0.0,1.9183162182386966,0.5941261547656673,0.0
AFN,1.709966238307691,0.5941261547656673,1.2613609572858908,0.47957905455967414
AFP,0.0,0.0,0.0,0.0
AFQ,0.5493061443340549,0.6931471805599453,0.5493061443340549,1.6094379124341003
AFS,0.0,0.0,0.4790232251544668,2.8776117049213177
AFT,0.8853791700175675,2.204220443002444,0.1424716845805761,1.2395308380245946
AFV,0.6338147819239095,1.9360970220046918,0.6338147819239095,1.2341498185834088
AFY,0.0,0.9241962407465937,0.0,0.0
AGA,0.0,0.0,0.0,0.0
AGC,0.0,0.0,0.0,0.0
AGD,0.0,0.0,0.0,0.0
AGE,1.6215917908794277,0.0,0.5493061443340549,0.0
AGF,2.380306153561547,1.3817625349338893,2.284950741776536,2.780859035879416
AGG,0.0,0.0,0.0,0.0
AGI,0.0,1.1090354888959124,0.8239592165010823,0.0
AGK,0.0,0.0,0.0,0.0
AGL,0.5887699911158697,0.9411215456883741,0.09640951700341174,0.2763525069867779
AGN,0.0,0.0,0.0,0.0
AGP,0.0,0.0,0.0,0.0
AGQ,0.6931471805599453,0.8047189562170501,1.0750556815368328,1.3862943611198906
AGR,0.0,0.0,0.0,0.0
AGS,1.0986122886681098,1.2792139405522478,1.218026459822427,0.8047189562170501
AGT,0.0,0.0,0.0,0.0
AGV,0.9241962407465937,1.6094379124341003,1.4853153869141684,0.6931471805599453
AGY,1.1179793234837827,0.0,0.9640951700341174,0.7648610290707926
AHC,0.9460207179644181,0.3868643144431728,0.0,0.5570358100056462
AHG,0.0,0.0,0.0,0.0
AHI,0.0,0.40235947810852507,0.0,0.9241962407465937
AHK,0.0,0.0,0.0,3.9925108688464195
AHL,0.0,0.0,0.0,0.0
AHP,0.0,0.0,0.0,0.0
AHQ,0.0,0.0,0.0,0.0
AHS,0.648636716351771,0.0,1.0986122886681098,0.5493061443340549
AHT,2.509657455168998,3.7966675152640867,3.8445929257607863,3.6725113928509128
AIA,0.358351893845611,0.0,0.0,0.0
AIC,0.0,0.0,0.0,0.0
AIE,0.0,0.0,0.0,0.0
AIF,0.5936789904048105,2.747065969052408,2.1620596696426593,0.20913812126408315
AIG,0.7737286288863456,0.0,0.0,0.0
AIH,0.9241962407465937,0.648636716351771,0.0,0.5941261547656673
AII,0.2030044099704045,0.0,0.6777018135785455,0.358351893845611
AIK,2.284950741776536,1.8475164539748183,2.1891489176872274,2.4761533688963264
AIL,0.0,0.0,0.6931471805599453,0.0
AIN,0.40235947810852507,0.716703787691222,0.0,0.6931471805599453
AIP,0.0,0.0,0.0,0.0
AIQ,0.0,0.0,0.0,0.0
AIS,0.0,0.0,0.0,0.0
AIT,0.40235947810852507,0.8047189562170501,0.2558427881104495,0.5493061443340549
AIV,0.5941261547656673,0.0,1.6785266909588594,1.1989476363991853
AIY,0.5493061443340549,0.5212954460834371,0.26064772304171857,1.7776740307447068
AKA,1.0750556815368328,1.2070784343255752,0.8047189562170501,1.433407575382444
AKD,0.358351893845611,0.0,0.0,0.5493061443340549
AKE,0.5493061443340549,0.0,0.5941261547656673,0.46209812037329684
AKF,0.716703787691222,0.0,0.0,0.8047189562170501
AKG,1.0986122886681098,1.433407575382444,1.2792139405522478,1.2070784343255752
AKI,1.0750556815368328,0.716703787691222,1.4787139851945499,0.0
AKK,0.0,0.0,0.0,0.0
AKL,0.0,0.0,0.0,1.0986122886681098
AKM,0.6931471805599453,0.9241962407465937,0.0,0.46209812037329684
AKN,0.6931471805599453,0.0,0.7675283643313486,0.0
AKP,0.6931471805599453,0.40235947810852507,1.2070784343255752,0.40235947810852507
AKR,2.0794415416798357,0.9241962407465937,0.716703787691222,0.9241962407465937
AKS,0.7605777383086914,0.5527050139735558,0.5887699911158697,0.8239592165010823
AKT,1.068728898942307,1.87024054922693,1.0150220498520226,2.1277537294374507
AKV,0.0,0.0,0.0,1.0750556815368328
AKY,1.0150220498520226,0.0,2.1646901764198763,1.9237120180961527
ALA,1.030347484452772,0.9729550745276566,0.7883505983036818,0.46209812037329684
ALD,0.6777018135785455,0.648636716351771,1.1450596030091713,1.2792139405522478
ALE,1.700218681115391,1.4190310769466272,0.9620845228532783,0.9460207179644181
ALF,1.9459101490553132,1.0986122886681098,0.5493061443340549,0.5493061443340549
ALG,2.4572701292270467,3.531183163587345,2.200110252278059,3.137039483822477
ALH,0.0,1.3862943611198906,1.2070784343255752,0.6931471805599453
ALI,0.0,0.0,0.0,0.0
ALK,0.0,0.8239592165010823,1.1882523095313346,1.2070784343255752
ALL,0.945866526695881,0.0,0.5342970491842669,1.389172327879094
ALM,0.7675283643313486,0.5493061443340549,0.0,0.5784571020204704
ALN,0.8047189562170501,0.46209812037329684,0.0,0.40235947810852507
ALP,0.0,0.0,0.0,0.0
ALQ,0.0,0.12026056535665978,0.49073982986107334,0.5364793041447
ALR,1.6389879194374126,1.1054100279471115,1.0555440149986,2.064575928493354
ALS,0.0,0.0,0.0,0.5493061443340549
ALT,0.8209786783322445,1.8244130653113335,3.493443474301193,3.1665621943735487
ALV,1.2613609572858908,0.5775787525477929,0.4981301770114423,2.736801091938045
ALY,0.0,0.0,0.0,0.0
AMA,0.5493061443340549,0.6931471805599453,0.46209812037329684,0.5493061443340549
AMG,0.6931471805599453,0.0,0.46209812037329684,0.0
AMK,2.302585092994046,1.0150220498520226,0.9036024181047274,1.5813042316832728
AMN,0.0,0.0,0.0,0.0
AMQ,0.0,0.0,0.0,0.0
AMS,0.6931471805599453,1.6094379124341003,1.791759469228055,1.433407575382444
AMY,0.0,0.0,0.0,0.0
ANA,0.0,0.0,0.0,0.9241962407465937
AND,0.0,0.0,0.0,0.0
ANF,1.0986122886681098,0.511685576220899,0.0,2.436052919644854
ANG,2.030044099704045,1.1989476363991853,0.2558427881104495,0.0
ANI,0.9241962407465937,0.9241962407465937,0.716703787691222,0.6931471805599453
ANK,0.5100656043346173,0.2030044099704045,0.48104226142663914,0.0
ANL,0.708303336014054,1.5936825060316215,1.6119429067258124,0.8012636810465341
ANM,0.0,0.0,0.0,0.0
ANN,1.709966238307691,1.297273432703542,2.033105440735637,1.6635532333438687
ANR,0.36967849629863747,2.9265147899422237,2.513792845215855,3.6140840442389197
ANS,0.0,0.891189232148501,0.0,1.0986122886681098
ANV,0.0,0.0,0.0,0.0
APA,0.5941261547656673,0.42749155957692275,0.6777018135785455,0.6777018135785455
APD,1.3862943611198906,1.0986122886681098,1.4387371636790223,0.9241962407465937
APE,0.46209812037329684,0.21374577978846138,0.0,0.0
APG,0.8501093405576955,1.068728898942307,1.6581150419206674,1.4210308697928313
APH,0.0,0.0,0.0,0.0
APK,0.0,0.0,0.2558427881104495,0.358351893845611
APL,0.0,0.0,0.0,0.0
APN,1.0986122886681098,0.6931471805599453,1.2070784343255752,1.0750556815368328
APP,0.9241962407465937,1.3862943611198906,0.9241962407465937,0.9241962407465937
APR,1.4853153869141684,0.9729550745276566,1.9478341740386487,2.137457797884614
APS,2.030044099704045,0.0,0.648636716351771,0.46209812037329684
APT,0.0,1.0986122886681098,0.5493061443340549,0.9241962407465937
APV,0.0,0.0,0.0,0.0
APY,0.0,0.0,0.0,0.0
AQA,0.23978952727983707,0.0,0.0,0.0
AQD,0.0,0.0,0.0,0.0
AQE,1.0750556815368328,1.7908995167731467,1.4962204585192298,0.648636716351771
AQF,0.0,0.0,1.6094379124341003,1.0986122886681098
AQI,0.0,0.0,0.0,0.0
AQK,1.6094379124341003,1.068728898942307,2.453699149305367,2.302585092994046
AQL,0.0,0.0,0.0,0.0
AQM,0.0,0.0,0.0,0.0
AQN,1.3732653608351373,1.5936825060316215,0.8853791700175675,0.7675283643313486
AQP,2.564625836084481,2.1784625674741136,0.0,1.0685940983685338
AQS,0.0,0.6931471805599453,0.0,0.6931471805599453
AQT,0.0,0.0,0.0,0.0
AQY,0.0,0.0,0.0,0.0
ARA,0.0,0.0,1.354025100551105,2.2901192060183426
ARD,1.6094379124341003,0.0,1.3862943611198906,1.0986122886681098
ARE,0.7883505983036818,0.4518012090523637,0.27465307216702745,0.9671607861079322
ARG,0.5493061443340549,0.0,1.6479184330021646,1.9459101490553132
ARH,1.9343215722158644,1.5350567286626973,1.2070784343255752,2.033105440735637
ARI,0.0,0.0,0.0,0.0
ARK,0.9241962407465937,0.0,0.8047189562170501,0.9729550745276566
ARL,0.6931471805599453,0.5493061443340549,0.9729550745276566,1.433407575382444
ARM,4.073805656125332,4.136542787047156,3.2945875377571543,3.0229308932604946
ARQ,3.2744129289223403,2.3283619763817294,2.206672057727026,0.47957905455967414
ARR,2.995732273553991,2.355079964463479,2.9320667083294443,2.4356179501787385
ARS,0.0,0.0,0.9241962407465937,0.6931471805599453
ART,1.6215917908794277,0.8047189562170501,0.891189232148501,0.0
ARV,2.535259127695638,1.4787139851945499,2.4224215843992942,0.9133567313170269
ARY,0.716703787691222,1.3862943611198906,0.9241962407465937,1.0986122886681098
ASC,0.0,0.0,0.0,0.0
ASD,0.0,0.0,0.0,0.0
ASF,0.0,0.9241962407465937,0.0,1.3862943611198906
ASG,1.5651710528772957,0.5212954460834371,0.8290575209603337,1.218026459822427
ASI,3.366657777705761,1.3242131373742336,0.25352591276956377,0.0
ASK,1.0986122886681098,0.9591581091193483,1.218026459822427,1.6479184330021646
ASL,1.7102695723249906,1.3247324800107068,0.6564456928763699,0.6290921012358921
ASN,0.0,0.0,0.812017639881618,1.068728898942307
ASP,2.321185886659037,1.7102695723249906,2.7527679046578055,2.6064772304171857
ASQ,0.5858920263471828,3.5434073505161354,3.6265097799486368,2.9617675043268776
ASR,0.40235947810852507,0.0,0.6931471805599453,0.0
ASS,0.8549831191538455,1.6357994328702448,1.993805361664022,0.7737286288863456
AST,1.791759469228055,1.1295030226309093,1.5474572577726913,1.709966238307691
ASV,0.6777018135785455,0.5493061443340549,0.1934321572215864,0.40235947810852507
ASW,0.9591581091193483,0.46209812037329684,1.355403627157091,1.297273432703542
ASY,0.46209812037329684,0.358351893845611,0.3243183581758855,0.46209812037329684
ATC,1.2070784343255752,1.2792139405522478,0.5493061443340549,1.2070784343255752
ATD,0.5493061443340549,0.9241962407465937,1.0750556815368328,0.9591581091193483
ATE,0.0,1.5222612188617115,0.6777018135785455,0.0
ATF,0.6931471805599453,0.6931471805599453,0.0,1.6094379124341003
ATG,1.2070784343255752,1.0750556815368328,1.2792139405522478,0.9241962407465937
ATI,0.0,0.0,0.0,0.0
ATK,0.0,0.0,0.0,0.0
ATL,0.9036024181047274,0.3243183581758855,0.5545177444479562,0.4518012090523637
ATM,0.0,0.0,1.0986122886681098,1.6215917908794277
ATN,1.0150220498520226,0.134119826036175,0.15222612188617116,0.0
ATQ,0.3243183581758855,0.0,0.0,0.6931471805599453
ATR,1.5474572577726913,1.3086395462961955,1.3086395462961955,2.033105440735637
ATS,0.46209812037329684,0.46209812037329684,1.0750556815368328,1.4853153869141684
ATV,0.5941261547656673,0.0,0.0,0.8047189562170501
ATW,0.0,0.7719546231858978,0.0,0.0928393016676077
ATY,0.0,0.0,0.0,0.0
AVA,1.9241690457065566,2.1628890679454185,1.9234693770633606,1.4753180863979252
AVD,0.0,0.6931471805599453,0.0,0.5493061443340549
AVE,0.0,0.0,0.0,0.0
AVG,0.0,0.0,0.0,0.0
AVH,0.0,0.3243183581758855,0.5493061443340549,0.9241962407465937
AVI,0.0,0.3243183581758855,0.0,0.5493061443340549
AVK,0.9591581091193483,0.9591581091193483,1.1295030226309093,1.433407575382444
AVL,1.1882523095313346,1.6479184330021646,0.716703787691222,0.5493061443340549
AVP,0.0,0.0,0.0,0.0
AVQ,0.0,3.113381386524744,0.7695198844840598,1.037883654501345
AVR,0.0,0.0,0.0,0.0
AVS,0.0,0.0,0.0,0.0
AVT,0.8549831191538455,0.891189232148501,0.40235947810852507,0.47957905455967414
AVV,0.716703787691222,0.40235947810852507,0.0,0.358351893845611
AVY,0.0,0.0,0.7193685818395111,0.891189232148501
AWG,1.0986122886681098,0.40235947810852507,0.0,0.9729550745276566
AWI,0.716703787691222,0.0,0.9241962407465937,1.7908995167731467
AWN,0.0,0.0,0.0,0.0
AWR,2.033231729642506,1.4210308697928313,0.5802964716647593,1.8270396897336403
AWV,0.0,1.8267134626340538,0.0,3.4193204299338262
AWW,0.0,0.5802964716647593,0.0,0.0
AWY,2.0402624173384694,0.0,0.0,0.0
AYA,0.0,0.0,0.0,0.0
AYD,0.0,0.0,0.0,0.0
AYF,2.02820730215651,3.2863778491176094,2.8289032704856703,1.1882523095313346
AYH,0.0,0.0,0.0,0.0
AYI,0.40235947810852507,0.0,0.0,0.0
AYK,2.351203577673075,1.4210308697928313,1.5474572577726913,1.3862943611198906
AYL,0.0,0.0,0.16357994328702444,0.3243183581758855
AYN,0.0,0.0,0.0,0.6931471805599453
AYS,0.0,0.0,0.0,0.0
AYV,0.29706307738283366,0.8047189562170501,0.0,0.648636716351771
CAA,1.5936825060316215,0.0,0.22893248029900976,0.7737286288863456
CAD,0.0,0.9729550745276566,0.0,1.0986122886681098
CAG,1.4722194895832201,0.5493061443340549,0.7737286288863456,0.8290575209603337
CAK,0.46209812037329684,0.0,1.433407575382444,1.1882523095313346
CAL,0.0,0.0,0.0,0.0
CAM,0.5493061443340549,0.8047189562170501,0.0,0.0
CAR,3.0629131171912762,0.17002186811153908,0.25352591276956377,0.0
CAV,0.0,0.0,0.0,0.0
CCH,0.0,0.0,0.0,0.0
CCT,0.648636716351771,0.5493061443340549,0.9388387822532253,0.358351893845611
CCY,1.9343215722158644,0.8239592165010823,2.459252969409291,1.624035279763236
CDA,0.0,0.0,0.0,0.0
CDK,1.297273432703542,0.9241962407465937,1.3862943611198906,1.6479184330021646
CDL,0.0,0.0,0.0,0.0
CDN,0.0,0.0,0.0,0.0
CDR,0.716703787691222,1.2070784343255752,0.8239592165010823,0.358351893845611
CDS,0.5493061443340549,0.5493061443340549,1.1882523095313346,1.4853153869141684
CEC,0.0,0.0,0.0,0.0
CED,0.0,0.0,0.0,0.0
CEE,0.9241962407465937,0.46209812037329684,0.23978952727983707,0.3243183581758855
CEG,0.9036024181047274,0.5493061443340549,0.4163740232768238,0.4578649605980195
CEL,1.8072048362094548,0.8549831191538455,1.1090354888959124,2.321185886659037
CEN,0.0,0.0,0.0,0.0
CEQ,0.0,0.0,0.0,0.0
CFC,0.0,0.0,0.0,0.0
CFE,0.6412373393653842,0.0,0.40235947810852507,0.511685576220899
CFF,1.0750556815368328,1.791759469228055,1.791759469228055,1.0986122886681098
CFQ,0.0,0.5493061443340549,1.0986122886681098,0.5941261547656673
CFT,0.0,0.0,0.0,0.0
CFV,0.0,0.0,0.0,0.0
CGA,0.0,0.0,0.0,0.0
CGD,0.0,0.0,0.0,0.0
CGG,0.648636716351771,0.0,0.0,0.0
CGI,1.2792139405522478,1.0750556815368328,2.1581057455185335,1.0986122886681098
CGK,0.0,0.0,0.0,0.0
CGL,0.5493061443340549,1.0986122886681098,1.6094379124341003,0.6931471805599453
CGM,0.0,0.0,0.0,0.0
CGR,0.0,0.0,0.0,0.0
CGS,0.0,0.0,0.0,0.0
CGV,0.0,0.0,0.0,0.0
CHD,0.0,0.0,0.0,0.0
CHL,0.0,0.6931471805599453,0.5493061443340549,0.0
CHQ,0.8047189562170501,0.40235947810852507,0.716703787691222,0.0
CHY,1.433407575382444,0.0,1.8270396897336403,0.0
CIA,0.0,0.0,0.0,0.5493061443340549
CIN,0.0,0.0,0.0,0.0
CIP,0.5493061443340549,0.6931471805599453,0.0,0.0
CIR,1.023371152441798,1.1989476363991853,1.354025100551105,1.0986122886681098
CIS,0.6931471805599453,0.0,0.0,0.0
CIY,0.6931471805599453,1.0986122886681098,0.46209812037329684,0.0
CKA,0.0,0.0,0.648636716351771,0.0
CKD,2.1277537294374507,1.7908995167731467,1.4719249777896741,1.5350567286626973
CKG,0.0,0.0,0.0,0.0
CKK,1.2070784343255752,0.5493061443340549,0.0,1.0750556815368328
CKL,0.716703787691222,0.0,0.0,0.5493061443340549
CKN,0.8047189562170501,0.5493061443340549,1.0750556815368328,0.6931471805599453
CKR,1.433407575382444,1.433407575382444,0.8239592165010823,0.891189232148501
CKS,0.0,0.6931471805599453,0.0,0.46209812037329684
CKT,0.0,0.0,0.0,0.0
CKV,0.0,0.0,0.0,0.0
CLD,1.0986122886681098,0.0,0.0,0.40235947810852507
CLG,0.0,0.0,0.0,0.0
CLK,0.0,0.0,0.0,0.0
CLL,0.8239592165010823,0.0,0.0,0.6274143637922495
CLN,0.9241962407465937,0.0,0.0,0.0
CLP,0.9036024181047274,0.0,0.42756739308124764,0.5364793041447
CLR,1.782378464297002,1.6785266909588594,0.716703787691222,1.3862943611198906
CLV,0.0,0.0,0.0,0.648636716351771
CLY,1.1882523095313346,1.4387371636790223,0.716703787691222,1.433407575382444
CMG,0.0,0.0,0.0,0.0
CML,0.0,0.6931471805599453,0.0,0.0
CMS,0.6931471805599453,0.0,0.0,0.0
CND,0.5493061443340549,0.6931471805599453,0.0,0.0
CNG,0.5493061443340549,1.782378464297002,0.511685576220899,0.0
CNI,0.0,1.0986122886681098,1.0986122886681098,0.5493061443340549
CNK,0.46209812037329684,0.0,0.5493061443340549,0.8047189562170501
CNL,0.5493061443340549,0.0,1.1989476363991853,1.297273432703542
CNQ,0.0,0.0,0.0,0.0
CNS,0.0,0.0,0.0,0.0
CNY,0.0,0.0,0.0,0.0
CPA,0.0,0.0,0.0,0.0
CPF,0.40235947810852507,0.0,0.0,0.0
CPG,0.648636716351771,0.0,0.46209812037329684,0.0
CPI,0.0,0.0,0.0,0.0
CPK,0.0,0.27465307216702745,0.23978952727983707,0.0
CPN,0.0,0.0,0.0,0.0
CPR,0.0,0.0,0.0,0.0
CPS,0.8047189562170501,0.46209812037329684,0.0,0.0
CPW,0.0,0.0,0.0,0.0
CQD,0.716703787691222,0.0,0.0,0.0
CQG,0.716703787691222,0.47957905455967414,0.5493061443340549,0.0
CQI,0.0,0.0,1.0986122886681098,0.0
CQQ,1.9953145010458224,0.0,0.358351893845611,1.9183162182386966
CQT,0.0,0.0,0.0,0.0
CQW,0.0,0.0,0.0,0.0
CRA,0.0,0.0,0.0,0.0
CRC,0.0,0.0,0.0,0.0
CRD,0.3243183581758855,0.0,0.8551347861624953,0.8501093405576955
CRG,0.6931471805599453,0.5493061443340549,0.5941261547656673,1.4853153869141684
CRK,1.0750556815368328,0.6931471805599453,1.0150220498520226,0.0
CRL,2.030044099704045,1.782378464297002,1.709966238307691,2.436052919644854
CRN,0.0,0.0,0.0,0.0
CRS,2.5649493574615367,0.0,2.046742304883596,0.0
CSA,0.0,0.0,0.0,0.0
CSC,0.0,0.0,0.0,0.0
CSF,0.6931471805599453,0.0,0.40235947810852507,0.9241962407465937
CSG,0.0,0.0,0.0,0.0
CSH,0.0,0.5493061443340549,1.0986122886681098,0.0
CSL,0.8047189562170501,0.0,0.8047189562170501,0.0
CSR,1.433407575382444,0.8047189562170501,1.433407575382444,0.0
CST,0.0,0.0,0.0,0.0
CSV,0.8501093405576955,1.7102695723249906,0.29706307738283366,0.0
CTE,0.27465307216702745,0.0,0.0,0.0
CTI,0.511685576220899,0.648636716351771,0.3153402393214727,0.2558427881104495
CTK,0.0,0.0,0.0,0.0
CTL,1.297273432703542,1.355403627157091,0.9729550745276566,0.5493061443340549
CTP,0.8047189562170501,0.0,0.0,0.0
CTT,0.0,0.46209812037329684,0.29706307738283366,1.0750556815368328
CTV,0.0,0.6931471805599453,0.3243183581758855,0.0
CTY,0.0,0.6931471805599453,0.0,0.0
CVA,0.0,0.0,0.0,0.0
CVC,0.0,0.0,0.6777018135785455,1.3732653608351373
CVE,0.0,0.0,0.0,1.2824746787307684
CVI,0.0,0.0,0.0,0.0
CVL,0.0,0.0,0.648636716351771,1.297273432703542
CVN,0.0,0.0,0.0,0.0
CVS,0.0,0.0,0.0,0.0
CVT,0.0,0.0,0.0,0.0
CWT,0.0,0.0,0.0,0.0
CYD,2.5877494740904625,1.2070784343255752,3.332204510175204,1.9183162182386966
CYF,2.302585092994046,2.1972245773362196,1.5350567286626973,0.0
CYG,0.0,0.0,0.0,0.0
CYL,0.0,0.0,0.0,0.0
CYN,0.0,0.0,0.0,0.46209812037329684
CYT,0.0,0.0,0.0,0.0
DAC,0.0,0.0,0.0,0.0
DAD,0.5941261547656673,0.46209812037329684,0.40235947810852507,0.40235947810852507
DAE,0.0,0.0,1.67586189681057,2.599104386465068
DAF,0.3243183581758855,0.0,0.0,0.0
DAG,0.0,0.0,0.0,0.0
DAI,0.0,0.0,0.0,0.0
DAK,0.6931471805599453,0.0,1.2070784343255752,0.0
DAL,1.5936825060316215,0.648636716351771,0.3868643144431728,1.0750556815368328
DAN,0.0,0.0,0.0,0.0
DAQ,0.0,0.0,0.0,1.0986122886681098
DAR,1.0986122886681098,0.9241962407465937,0.0,0.9241962407465937
DAS,0.0,0.0,0.0,0.0
DAT,1.3732653608351373,0.648636716351771,0.3243183581758855,1.8072048362094548
DAV,0.0,0.0,0.0,0.0
DAY,1.945926082541583,3.406265579487976,2.774601007536752,1.0986122886681098
DCE,0.0,0.0,0.0,0.0
DCG,0.0,0.0,0.0,0.0
DCM,0.0,0.0,0.0,0.5493061443340549
DCP,0.6931471805599453,0.0,0.0,0.0
DCR,0.0,0.0,0.0,0.0
DCT,0.716703787691222,0.0,0.0,0.0
DDA,0.6931471805599453,0.0,1.2070784343255752,0.0
DDC,0.0,0.0,0.0,0.0
DDF,0.0,0.0,0.0,0.0
DDG,0.0,0.0,0.0,0.0
DDI,0.511685576220899,0.40235947810852507,0.358351893845611,0.891189232148501
DDK,0.0,0.46209812037329684,0.8047189562170501,1.0986122886681098
DDL,2.0424646366873693,2.642517374007695,3.112625983274581,2.1628890679454185
DDN,0.0,0.0,0.0,0.0
DDP,0.0,0.0,0.0,0.0
DDQ,0.5493061443340549,0.0,0.0,0.0
DDR,0.0,0.0,0.0,0.0
DDT,0.5493061443340549,0.716703787691222,0.6931471805599453,0.0
DDV,0.0,0.0,0.0,0.0
DEA,0.0,0.0,0.0,0.0
DED,0.1934321572215864,0.1891733053391762,0.3153402393214727,0.0
DEE,0.0,0.0,0.0,0.0
DEG,0.8047189562170501,0.0,0.0,0.0
DEH,0.6931471805599453,0.0,0.0,0.0
DEI,0.0,0.0,0.0,0.0
DEL,2.0809063587309384,0.6705991301808751,0.9620845228532783,0.8853791700175675
DEM,0.0,0.0,0.0,0.0
DER,0.0,0.0,0.0,0.0
DES,0.0,0.0,0.5493061443340549,0.0
DET,0.0,0.0,0.0,0.0
DEV,0.7675283643313486,1.1989476363991853,1.1882523095313346,0.9729550745276566
DFA,0.0,0.0,0.0,0.0
DFD,0.511685576220899,2.321185886659037,0.9729550745276566,0.9241962407465937
DFE,0.46209812037329684,0.5493061443340549,0.0,0.6931471805599453
DFF,1.3862943611198906,0.5493061443340549,1.6094379124341003,1.0986122886681098
DFG,0.0,0.0,0.0,0.0
DFH,0.8047189562170501,0.46209812037329684,1.2792139405522478,0.0
DFI,0.0,0.0,0.0,0.0
DFK,0.0,0.0,0.0,0.0
DFL,0.0,0.0,0.0,0.0
DFQ,0.0,0.0,0.6931471805599453,0.0
DFR,1.768793873919522,1.5306685703171599,1.4795575385217916,1.783808990044652
DFS,0.716703787691222,0.9729550745276566,0.9729550745276566,0.716703787691222
DFT,0.5802964716647593,0.5700898574416636,0.27465307216702745,0.716703787691222
DFW,2.462936034996733,3.4486567298637665,0.2195646376764627,0.26823965207235
DGA,1.9629593194442934,1.9959301048102787,2.4788618043737016,3.718292706560552
DGC,0.0,0.0,0.0,0.5941261547656673
DGD,0.0,0.6931471805599453,0.46209812037329684,1.0986122886681098
DGF,0.5493061443340549,0.8047189562170501,0.0,0.0
DGG,0.5493061443340549,0.6931471805599453,1.2070784343255752,1.0986122886681098
DGI,1.740889414994278,0.511685576220899,1.1401797148833273,2.3650517949110452
DGK,1.218026459822427,1.068728898942307,0.8501093405576955,1.416606672028108
DGL,1.2070784343255752,0.0,0.29706307738283366,0.0
DGN,0.0,0.0,0.0,0.0
DGP,0.6306804786429454,0.1424716845805761,0.0,0.2030044099704045
DGQ,0.0,0.0,0.0,0.0
DGR,0.9241962407465937,0.0,1.0986122886681098,0.5493061443340549
DGS,2.033105440735637,1.3032386152085929,1.945926082541583,1.4210308697928313
DGV,0.0,0.0,0.0,0.0
DGW,0.0,0.0,0.0,0.0
DHF,0.0,0.6931471805599453,0.0,0.0
DHG,1.0750556815368328,1.297273432703542,0.46209812037329684,0.0
DHI,0.7675283643313486,0.5941261547656673,0.648636716351771,0.0
DHL,0.5493061443340549,0.27465307216702745,0.29706307738283366,0.2558427881104495
DHY,0.0,0.0,0.0,0.0
DIA,1.5677471079645748,1.3411982603617503,1.4746970917809672,1.297725848785336
DIC,0.0,0.0,0.0,0.0
DID,2.1249100080421623,1.5813042316832728,1.1036908376251544,0.5493061443340549
DIE,1.782378464297002,0.648636716351771,0.0,0.46209812037329684
DIF,0.0,0.0,0.0,0.0
DII,0.354151668007027,0.9814796597221467,0.0,0.406008819940809
DIK,0.46209812037329684,0.9729550745276566,2.033231729642506,1.3732653608351373
DIL,0.8853791700175675,2.0477251076892053,0.9122670306460151,1.1295030226309093
DIM,0.0,0.0,0.0,0.0
DIP,0.6931471805599453,0.0,0.5493061443340549,0.6931471805599453
DIQ,2.5745466706512254,2.7751123224375784,3.677110123568531,2.989466755846091
DIR,2.3019858420456756,2.453699149305367,2.351203577673075,1.3732653608351373
DIS,0.0,0.0,0.0,0.0
DIT,1.3732653608351373,0.0,0.46209812037329684,1.7908995167731467
DIV,0.9591581091193483,0.17303011317137817,0.4182762425281663,1.0750556815368328
DKA,0.0,0.0,0.0,0.0
DKD,0.0,0.3868643144431728,0.0,0.0
DKE,1.9459101490553132,1.9183162182386966,2.1581057455185335,1.791759469228055
DKF,0.0,0.0,0.0,0.0
DKG,0.0,0.0,0.0,0.0
DKH,0.0,0.0,0.6931471805599453,0.0
DKI,3.312641704942455,2.049711555589573,2.4761533688963264,2.380306153561547
DKK,1.1989476363991853,0.31370718189612473,2.021525633917275,0.358351893845611
DKL,0.3243183581758855,0.0,0.0,1.7343713162681
DKM,0.0,0.6931471805599453,1.0750556815368328,1.2070784343255752
DKN,0.8047189562170501,0.0,0.0,0.5887699911158697
DKP,1.1450596030091713,0.22590060452618185,1.068728898942307,1.425224643604159
DKQ,1.2792139405522478,0.6777018135785455,1.8920414359288362,2.892296315837252
DKR,0.0,0.0,0.0,0.0
DKS,2.0763613580565377,2.9515019694617846,0.07219734406847411,0.33539379704513483
DKT,0.0,0.0,0.6338147819239095,1.7435577384702752
DKV,1.4387371636790223,1.6094379124341003,1.1295030226309093,1.6479184330021646
DKW,0.0,0.32057822951056014,2.771617752417481,0.0
DLA,0.27465307216702745,0.0,0.358351893845611,0.5493061443340549
DLE,0.5941261547656673,0.0,0.37024494557502263,0.0
DLF,0.0,0.0,0.0,0.0
DLG,0.9241962407465937,0.9241962407465937,0.6931471805599453,0.5493061443340549
DLH,0.9241962407465937,0.9241962407465937,1.0750556815368328,0.3243183581758855
DLI,0.0,1.3183347464017316,1.4002664152009656,0.6777018135785455
DLK,0.9729550745276566,0.4518012090523637,0.6777018135785455,0.9036024181047274
DLL,1.5211554766173827,0.8831549866738045,0.7921288775799258,2.376386632739777
DLM,0.6931471805599453,0.6931471805599453,0.0,0.0
DLN,1.297273432703542,1.2070784343255752,2.402910225941144,2.1581057455185335
DLR,0.6931471805599453,0.0,0.46209812037329684,0.0
DLS,0.9814796597221467,1.5350567286626973,1.3601749448923126,1.2824746787307684
DLT,0.46209812037329684,0.5493061443340549,0.8047189562170501,1.3862943611198906
DLV,0.0,0.0,0.0,0.0
DLY,0.7193685818395111,1.804268348589861,3.531183163587345,0.23978952727983707
DMA,0.6931471805599453,0.9241962407465937,1.433407575382444,0.0
DME,0.0,0.0,0.0,0.0
DMG,0.0,0.0,0.8047189562170501,0.0
DMI,0.0,0.8047189562170501,0.0,0.8047189562170501
DMK,0.40235947810852507,1.0986122886681098,0.40235947810852507,0.0
DML,0.46209812037329684,0.0,0.9241962407465937,1.0986122886681098
DMM,0.0,0.0,0.0,0.0
DMP,0.0,0.0,0.0,0.0
DMR,0.0,0.0,0.0,0.0
DMT,0.0,0.0,0.0,0.0
DMV,0.0,0.0,0.0,0.0
DNA,0.0,0.0,0.0,0.0
DND,0.46209812037329684,1.0986122886681098,1.433407575382444,1.6094379124341003
DNE,0.0,0.0,0.0,0.0
DNG,0.3243183581758855,0.5493061443340549,0.8047189562170501,1.0750556815368328
DNH,0.0,0.716703787691222,0.0,0.0
DNI,0.0,0.0,0.0,0.0
DNK,0.648636716351771,1.297273432703542,0.8047189562170501,0.8047189562170501
DNL,0.6931471805599453,0.0,0.0,0.5493061443340549
DNM,2.7635250698677787,2.3650517949110452,2.7081884344831684,2.8903717578961645
DNQ,0.0,0.0,0.0,0.0
DNR,0.8047189562170501,1.4853153869141684,1.6215917908794277,0.5493061443340549
DNS,0.0,0.0,0.0,0.0
DNT,1.6215917908794277,1.9183162182386966,1.782378464297002,0.8047189562170501
DNY,0.0,0.0,0.0,0.0
DPA,1.0986122886681098,0.716703787691222,1.1775399822317394,0.9241962407465937
DPI,1.1989476363991853,0.46209812037329684,0.9241962407465937,1.2070784343255752
DPK,1.4722194895832201,2.4761533688963264,1.4722194895832201,2.5654043584874864
DPL,0.0,0.0,0.0,0.0
DPN,0.0,0.0,0.0,0.0
DPP,1.6785266909588594,1.922571505169192,1.2824746787307684,0.0
DPQ,0.0,0.0,0.0,0.0
DPR,0.0,0.0,0.0,0.0
DPS,0.0,0.0,0.0,0.0
DPT,0.0,0.0,0.0,0.0
DPV,0.8047189562170501,1.2070784343255752,0.46209812037329684,0.648636716351771
DPY,0.0,0.0,0.6931471805599453,0.0
DQD,0.0,0.0,0.0,0.0
DQE,0.0,0.46209812037329684,0.0,0.0
DQF,1.4387371636790223,0.47957905455967414,1.4210308697928313,1.0201312086692347
DQG,0.0,0.0,0.0,0.0
DQH,0.0,0.0,0.0,0.0
DQI,0.6931471805599453,0.0,0.0,0.0
DQL,0.5493061443340549,0.0,0.0,0.0
DQM,0.0,0.6931471805599453,1.0986122886681098,1.0986122886681098
DQN,0.0,0.0,1.3862943611198906,1.0986122886681098
DRA,1.2070784343255752,2.0794415416798357,1.3862943611198906,1.4853153869141684
DRD,2.4141568686511503,1.6635532333438687,2.699466476095529,1.6942101997711707
DRE,2.436052919644854,0.716703787691222,2.012362782270809,1.1295030226309093
DRF,1.4853153869141684,0.4518012090523637,0.358351893845611,1.6479184330021646
DRG,0.0,0.0,0.0,0.0
DRH,0.0,0.0,0.0,0.0
DRK,0.0,0.0,0.0,0.0
DRL,0.40235947810852507,0.9729550745276566,0.46209812037329684,0.0
DRN,0.0,0.5493061443340549,0.0,0.6931471805599453
DRP,0.8047189562170501,0.0,0.358351893845611,0.0
DRR,0.0,1.0986122886681098,0.0,1.433407575382444
DRS,0.648636716351771,2.453699149305367,2.046742304883596,0.8047189562170501
DRT,0.6543197731480977,0.27465307216702745,0.34004373622307815,0.42749155957692275
DRV,0.0,0.0,0.0,0.0
DRW,0.0,0.0,0.0,0.33539379704513483
DRY,0.0,0.0,0.0,0.0
DSA,0.0,0.0,0.0,0.0
DSC,0.40235947810852507,0.40235947810852507,0.0,0.0
DSD,1.1036908376251544,2.345829507375467,0.5545177444479562,1.624035279763236
DSF,1.023371152441798,0.0,0.511685576220899,0.0
DSG,0.0,0.0,0.12595545388585394,0.37104936900300656
DSI,0.0,0.0,0.0,0.0
DSK,1.1989476363991853,1.433407575382444,1.355403627157091,1.0986122886681098
DSL,1.0750556815368328,1.0986122886681098,0.5493061443340549,0.9241962407465937
DSM,0.0,1.1989476363991853,1.1882523095313346,0.9241962407465937
DSN,0.0,0.0,0.46209812037329684,0.6931471805599453
DSQ,2.137457797884614,3.0715876615338082,1.8527920366854067,2.7851790500282307
DSR,0.0,0.0,0.0,0.0
DSS,1.297273432703542,1.2792139405522478,1.1882523095313346,0.716703787691222
DST,1.3575648004417495,0.589878836712387,1.8362556964254564,0.8853791700175675
DSV,0.21371881967370676,0.8012636810465341,1.2780708128768383,1.1295030226309093
DSW,0.0,0.0,2.662497195751219,0.0
DTA,0.3868643144431728,1.4962204585192298,1.0624550040210812,0.8501093405576955
DTG,0.0,0.0,0.0,0.0
DTK,1.0986122886681098,0.716703787691222,0.46209812037329684,0.6931471805599453
DTL,0.0,0.46209812037329684,0.0,0.0
DTM,1.0986122886681098,0.5493061443340549,0.0,0.0
DTN,0.6931471805599453,0.9241962407465937,0.6931471805599453,0.0
DTP,0.0,0.0,0.0,0.0
DTS,1.4854288266817233,0.21853172259165501,0.4718190759269191,0.7404898911500453
DTT,0.9729550745276566,0.9729550745276566,1.4853153869141684,2.1581057455185335
DTY,0.0,0.0,0.0,0.0
DVA,0.0,1.0986122886681098,0.0,1.0986122886681098
DVC,0.0,0.0,0.0,0.0
DVE,0.0,0.0,0.0,0.0
DVG,0.8047189562170501,0.37024494557502263,2.952699528345521,0.0
DVH,0.3243183581758855,0.0,0.8047189562170501,1.2070784343255752
DVI,0.0,0.0,0.0,0.0
DVK,2.2281432400225847,2.5624000764395065,0.0,0.9580464503089337
DVM,0.716703787691222,0.0,0.23978952727983707,1.1989476363991853
DVN,0.0,0.0,0.0,0.0
DVQ,0.9241962407465937,0.0,0.716703787691222,0.0
DVR,0.8047189562170501,0.0,0.22590060452618185,0.0
DVT,0.47957905455967414,0.5941261547656673,0.511685576220899,0.46209812037329684
DVV,1.7278097460167723,1.6581150419206674,1.98681215200879,2.3477565793159436
DVW,0.0,0.0,0.8047189562170501,1.2070784343255752
DVY,0.8047189562170501,0.5493061443340549,1.0750556815368328,0.40235947810852507
DWA,0.0,0.29706307738283366,0.0,0.0
DWG,0.716703787691222,0.6931471805599453,1.218026459822427,0.0
DWL,0.0,0.0,0.8047189562170501,0.6931471805599453
DWQ,0.0,0.0,0.0,0.0
DWR,0.0,0.0,0.0,0.0
DWS,0.0,0.0,0.0,0.0
DWV,0.0,0.0,1.0986122886681098,0.0
DYA,0.0,0.0,0.0,0.0
DYE,0.0,0.0,0.46209812037329684,1.2070784343255752
DYF,0.9241962407465937,1.2070784343255752,0.8047189562170501,0.5493061443340549
DYG,0.0,0.0,0.0,0.0
DYH,0.0,0.0,0.6931471805599453,0.0
DYI,0.46209812037329684,0.8047189562170501,3.3580842992958773,2.841633511014653
DYK,0.0,0.0,0.0,0.0
DYL,1.709966238307691,1.355403627157091,0.5493061443340549,1.791759469228055
DYN,1.6479184330021646,1.297273432703542,0.0,0.0
DYS,0.0,0.5493061443340549,0.6931471805599453,0.5493061443340549
DYT,0.0,0.0,0.0,0.0
DYW,2.9188652235829697,0.37024494557502263,0.15767011966073635,0.0
EAA,0.0,0.0,0.0,0.5493061443340549
EAC,0.0,0.0,0.0,0.0
EAD,0.0,0.0,0.0,0.0
EAE,0.0,0.5280264605467341,0.0,2.9506361727958503
EAF,0.0,0.0,0.0,0.0
EAG,1.023371152441798,0.5941261547656673,0.358351893845611,0.891189232148501
EAI,0.0,0.0,0.0,0.0
EAK,0.0,0.0,0.0,0.0
EAL,0.9671607861079322,0.5493061443340549,0.7675283643313486,0.9591581091193483
EAN,0.0,1.2070784343255752,1.6215917908794277,0.0
EAP,0.0,0.0,0.0,0.0
EAQ,0.0,0.0,0.0,0.0
EAR,0.0,0.6931471805599453,0.0,0.648636716351771
EAS,0.5493061443340549,0.0,0.0,0.0
EAT,0.0,0.0,0.0,0.0
EAV,2.270079664070115,3.633678256403844,0.41536084651571337,0.3932525578082579
EAW,0.8239592165010823,1.7102695723249906,0.7675283643313486,0.0
EAY,0.0,0.0,0.0,0.0
ECA,0.40235947810852507,0.648636716351771,0.0,0.0
ECC,0.47957905455967414,0.511685576220899,0.9976572505229112,0.3243183581758855
ECF,0.0,0.0,0.0,0.0
ECG,0.0,0.0,0.0,0.0
ECH,1.297273432703542,0.0,1.5936825060316215,0.0
ECL,0.0,0.0,0.0,0.0
ECP,0.358351893845611,0.46209812037329684,0.0,0.0
ECQ,0.0,0.0,1.0986122886681098,0.0
ECR,0.716703787691222,0.0,0.0,0.0
ECT,0.0,0.0,0.0,0.0
EDA,0.0,0.0,0.0,0.0
EDD,0.6931471805599453,0.6931471805599453,0.9241962407465937,1.3862943611198906
EDF,0.6013028267832989,0.928393016676077,0.13531588147688825,0.0
EDG,0.0,0.0,0.0,0.0
EDH,0.0,0.0,0.0,0.0
EDI,0.5493061443340549,1.0986122886681098,0.0,0.0
EDK,0.0,0.0,0.3044522437723423,1.6357994328702448
EDL,0.7193685818395111,0.9036024181047274,0.9591581091193483,0.9814796597221467
EDN,0.511685576220899,1.791759469228055,0.5493061443340549,0.8047189562170501
EDQ,0.0,0.0,0.0,0.0
EDR,0.0,0.0,0.0,0.0
EDS,0.0,0.0,0.0,0.0
EDT,0.47957905455967414,0.648636716351771,0.3243183581758855,0.8047189562170501
EDV,1.0986122886681098,0.6931471805599453,0.46209812037329684,0.0
EDY,0.9241962407465937,0.5493061443340549,0.6931471805599453,0.0
EEA,0.0,0.45158309961105,0.0693956705461373,2.7887850404652017
EEC,1.5813042316832728,0.5493061443340549,1.416606672028108,0.0
EED,1.0986122886681098,1.0986122886681098,0.6931471805599453,0.6931471805599453
EEE,0.0,0.0,0.0,0.0
EEF,0.0,0.0,0.0,0.0
EEG,0.0,0.9241962407465937,0.5493061443340549,0.0
EEI,0.0,0.0,0.0,0.0
EEK,2.1459172165788,0.27348802085000257,0.2927528502352836,2.8380621538932544
EEL,0.4518012090523637,0.27348802085000257,0.0,0.511685576220899
EEM,0.358351893845611,0.5493061443340549,0.5493061443340549,0.40235947810852507
EEN,1.2792139405522478,0.0,0.0,1.0986122886681098
EEQ,0.7883505983036818,0.21374577978846138,2.1073877981848996,2.344884655308477
EER,1.6094379124341003,0.6412373393653842,1.0729586082894,0.42749155957692275
EES,0.5493061443340549,0.0,0.6931471805599453,0.0
EET,0.9729550745276566,0.5493061443340549,1.433407575382444,0.3868643144431728
EEV,0.0,0.0,0.0,0.0
EFC,1.0750556815368328,0.7675283643313486,0.8239592165010823,0.46209812037329684
EFD,0.46209812037329684,0.3243183581758855,0.0,0.40235947810852507
EFE,0.0,0.0,0.0,1.2824746787307684
EFF,0.0,0.5493061443340549,0.8047189562170501,0.6931471805599453
EFG,0.0,0.0,0.0,0.0
EFI,0.0,0.0,0.46209812037329684,0.0
EFL,0.5941261547656673,0.46209812037329684,0.8501093405576955,1.8483924814931874
EFQ,1.2070784343255752,1.4853153869141684,1.2792139405522478,0.46209812037329684
EFS,1.8270396897336403,1.8270396897336403,1.416606672028108,1.624035279763236
EFV,2.961959564600181,2.858591034882599,3.9000736247717893,3.1686728254168925
EFY,0.8047189562170501,1.1882523095313346,1.3862943611198906,0.0
EGA,0.0,0.0,0.0,0.0
EGC,0.0,0.0,0.0,0.0
EGD,0.0,0.0,0.0,0.0
EGE,0.0,0.29706307738283366,0.0,0.0
EGF,2.1249100080421623,1.4787139851945499,1.1401797148833273,0.0
EGG,0.40235947810852507,0.716703787691222,0.0,0.0
EGH,1.782378464297002,1.1295030226309093,0.3243183581758855,0.0
EGI,0.40235947810852507,0.0,0.0,0.0
EGK,0.8549831191538455,0.1856786033352154,0.2006065507024569,0.0
EGL,2.3019858420456756,0.40235947810852507,1.9478341740386487,1.9343215722158644
EGN,0.46209812037329684,0.0,0.0,0.0
EGP,1.6215917908794277,1.6094379124341003,1.9183162182386966,1.782378464297002
EGQ,1.782378464297002,1.3862943611198906,1.4962204585192298,0.648636716351771
EGR,2.060694968905544,1.2824746787307684,1.7102695723249906,1.9789395845202251
EGS,0.0,0.0,0.0,0.09640951700341174
EGT,0.7193685818395111,0.7675283643313486,1.1989476363991853,1.1882523095313346
EGV,1.0750556815368328,0.0,0.0,0.0
EGW,0.0,0.0,0.0,0.0
EGY,0.9241962407465937,0.6931471805599453,0.46209812037329684,1.3862943611198906
EHG,0.5493061443340549,0.0,0.0,0.0
EHH,0.6931471805599453,0.6931471805599453,0.0,0.0
EHM,0.0,0.0,0.0,0.0
EHN,0.0,0.0,0.0,0.0
EHP,0.0,0.0,0.0,0.0
EHQ,0.0,0.0,0.0,0.0
EHR,0.0,0.0,0.0,0.0
EHS,0.0,0.0,0.0,0.0
EHT,0.0,0.0,0.0,0.0
EIA,0.8047189562170501,0.648636716351771,0.358351893845611,1.1882523095313346
EIC,0.891189232148501,0.19662627890412895,0.20477251076892056,0.5941261547656673
EID,0.0,0.0,0.0,0.0
EIE,0.6931471805599453,0.0,0.46209812037329684,0.0
EIF,0.0,0.0,0.0,0.0
EIG,0.47957905455967414,0.0,1.8893744550257563,2.979485723019716
EII,0.0,0.0,0.0,0.0
EIK,0.8047189562170501,0.0,0.0,0.0
EIL,0.29438499555793485,0.0,2.94798978986587,0.26823965207235
EIP,0.9241962407465937,0.0,0.5802964716647593,0.0
EIQ,0.0,1.6654960931072953,1.2693289304258046,2.1270229980494975
EIR,0.40235947810852507,0.0,0.0,0.0
EIS,0.0,0.0,0.0,1.433407575382444
EIT,0.0,0.0,0.0,0.0
EIV,2.131165706406396,1.6479184330021646,2.2283706983303775,2.7471897635881173
EIW,0.0,0.6931471805599453,0.0,0.0
EIY,1.0986122886681098,2.046742304883596,0.648636716351771,0.46209812037329684
EKC,0.0,0.0,0.0,0.0
EKD,0.0,0.12595545388585394,2.268834589323448,0.3403236796879196
EKE,0.3044522437723423,0.0,0.0,0.0
EKF,0.9241962407465937,1.0986122886681098,0.0,0.9241962407465937
EKG,0.0,0.0,0.0,0.0
EKI,2.5244681873046915,1.0130251458267034,2.7934179149966267,3.4531042589799794
EKK,0.6931471805599453,1.0986122886681098,0.7819431691251557,3.459371116130456
EKL,0.0,0.0,0.0,0.0
EKM,0.0,0.8047189562170501,0.0,0.0
EKN,1.6785266909588594,1.3732653608351373,2.321185886659037,1.0986122886681098
EKP,0.0,0.0,0.0,0.0
EKQ,0.9241962407465937,1.355403627157091,0.4518012090523637,0.8239592165010823
EKR,1.5813042316832728,1.0986122886681098,2.0402624173384694,0.0
EKT,0.0,0.8047189562170501,0.6777018135785455,0.46209812037329684
EKV,0.6412373393653842,0.3044522437723423,0.406008819940809,0.0
EKW,0.0,0.0,0.0,0.0
ELA,0.5469760417000051,1.9222964628803931,0.5280264605467341,2.756706044495027
ELC,1.0750556815368328,1.3732653608351373,0.0,0.0
ELD,0.0,0.0,0.0,0.0
ELE,0.4471917293935131,2.135610416145028,0.24906508850572115,2.0241014320958137
ELF,0.0,0.0,0.0,0.0
ELG,0.0,0.40235947810852507,0.3243183581758855,0.9241962407465937
ELH,0.0,0.2785179050028231,3.300914848274654,0.0
ELI,0.0,0.0,0.0,0.0
ELK,1.7887669175740524,1.7278097460167723,0.9388387822532253,0.36967849629863747
ELL,0.7605777383086914,0.6543197731480977,1.0238777018065288,2.382512354259646
ELM,0.0,0.0,0.0,0.8047189562170501
ELN,2.8828092634420464,2.4751001794713536,1.428202481278408,2.1080693281432556
ELP,0.0,0.0,0.0,0.6931471805599453
ELQ,2.1879041668000205,2.4013233976800725,2.1492572089677497,3.640295463637967
ELR,0.406008819940809,0.2892285510102352,0.43706344518331003,0.0
ELS,0.0,0.0,0.0,0.0
ELT,2.218070977791825,2.7400701939510808,2.833213344056216,0.5493061443340549
ELV,2.1492572089677497,2.5386578608516093,1.565395226210864,1.9453388523047452
ELY,0.0,0.0,0.0,0.0
EMA,0.9036024181047274,1.782378464297002,0.8549831191538455,0.27465307216702745
EMD,0.40235947810852507,0.46209812037329684,0.8047189562170501,0.6931471805599453
EME,1.5474572577726913,0.4095450215378411,0.6143175323067617,0.5100656043346173
EMG,0.5493061443340549,0.0,0.9729550745276566,0.9241962407465937
EMI,0.6931471805599453,0.6931471805599453,0.6931471805599453,0.6931471805599453
EMK,1.6479184330021646,1.0750556815368328,0.6931471805599453,1.791759469228055
EML,0.0,0.6931471805599453,0.0,0.0
EMN,0.0,0.0,0.0,0.0
EMP,0.0,0.0,0.0,0.0
EMQ,0.0,0.0,0.0,0.0
EMT,0.0,0.5493061443340549,0.0,0.6931471805599453
EMV,1.4962204585192298,1.6479184330021646,2.772588722239781,1.4853153869141684
ENA,0.5493061443340549,0.5493061443340549,0.0,1.3862943611198906
ENC,0.0,0.0,0.0,0.0
END,0.0,0.6931471805599453,0.0,0.8290575209603337
ENE,0.0,0.0,0.0,0.0
ENG,0.0,0.0,0.0,0.0
ENI,0.0,0.0,0.0,0.0
ENK,0.40235947810852507,0.358351893845611,0.0,0.0
ENL,1.700218681115391,0.5493061443340549,1.9629593194442934,0.891189232148501
ENN,0.0,0.0,0.0,0.6931471805599453
ENP,0.0,2.1452297205741955,0.0,0.0
ENQ,0.0,0.0,1.0750556815368328,0.0
ENR,0.0,1.9852436505583921,0.0,0.0
ENT,0.0,0.0,0.0,0.0
ENV,0.0,0.0,0.0,0.0
EPA,0.9241962407465937,0.0,0.5493061443340549,0.0
EPD,0.0,0.0,0.0,0.0
EPF,0.0,1.1724631696180654,1.182417259083458,3.7523485970433237
EPG,0.0,0.6931471805599453,0.0,0.0
EPI,0.0,0.0,0.0,0.0
EPK,0.0,0.0,1.791759469228055,0.9241962407465937
EPL,0.0,0.0,0.0,0.0
EPN,0.5493061443340549,0.9241962407465937,0.5493061443340549,0.0
EPP,0.0,0.15967440838482228,1.98681215200879,0.0
EPQ,1.922571505169192,2.5022724622424466,2.5482766946873254,2.137457797884614
EPR,1.9459101490553132,0.8239592165010823,0.648636716351771,1.5813042316832728
EPS,0.5493061443340549,0.6931471805599453,0.0,0.40235947810852507
EPT,0.6931471805599453,0.0,0.8047189562170501,0.716703787691222
EPV,0.0,0.0,0.0,0.0
EPY,0.0,1.2070784343255752,0.0,2.3978952727983707
EQA,0.6306804786429454,0.0,2.3359065278136053,2.345829507375467
EQD,0.0,0.0,0.0,0.0
EQE,0.0,0.0,0.0,0.0
EQF,0.0,0.0,0.0,0.0
EQH,0.0,0.0,0.0,0.0
EQI,0.6931471805599453,0.8047189562170501,0.6931471805599453,0.0
EQK,0.0,1.6094379124341003,1.6094379124341003,0.5493061443340549
EQL,0.0,0.0,0.22359586469675655,0.0
EQN,0.0,0.0,0.0,0.0
EQP,2.5917146190251588,1.6635532333438687,2.6457324378465152,2.033231729642506
EQQ,0.0,0.0,0.0,0.0
EQV,0.0,0.0,0.0,0.0
EQY,0.0,0.0,0.0,0.0
ERA,0.0,0.9241962407465937,0.0,0.9241962407465937
ERC,0.0,0.0,0.0,0.0
ERD,1.1882523095313346,1.1090354888959124,1.4210308697928313,0.5493061443340549
ERE,0.6931471805599453,0.5493061443340549,0.2030044099704045,1.0750556815368328
ERG,0.0,0.0,0.0,0.0
ERH,0.0,0.0,0.0,0.0
ERI,1.1605929433295186,0.648636716351771,1.5222612188617115,2.680392034232518
ERL,0.511685576220899,0.0,0.0,0.47957905455967414
ERM,0.0,0.0,0.0,0.0
ERN,0.9671607861079322,0.7675283643313486,5.140357675932679,4.328752682694872
ERP,1.9344675489074454,2.218070977791825,2.215505645854608,1.922571505169192
ERQ,1.4719249777896741,1.0150220498520226,2.348996309387612,1.416606672028108
ERR,1.2070784343255752,0.358351893845611,0.0,0.0
ERS,2.218070977791825,1.2792139405522478,0.9729550745276566,2.402910225941144
ERT,0.0,0.0,0.0,0.0
ERV,1.8483924814931874,0.6777018135785455,1.5633873496365773,0.8501093405576955
ERW,0.6931471805599453,0.0,0.0,0.0
ERY,0.0,0.0,0.46209812037329684,1.6094379124341003
ESC,0.648636716351771,1.791759469228055,1.2070784343255752,0.9241962407465937
ESD,0.0,0.0,0.0,0.0
ESE,3.2188758248682006,3.923659627371262,3.6053877243057304,3.7722520768729364
ESF,2.046742304883596,0.9241962407465937,2.1265392627313178,0.0
ESG,0.0,0.0,0.1770758340035135,0.9729550745276566
ESH,0.0,0.0,0.0,0.0
ESI,0.12341498185834088,3.4084251499727376,1.2513840036682808,0.0
ESK,1.433407575382444,0.0,0.0,0.0
ESL,0.0,0.0,0.0,0.0
ESM,0.358351893845611,0.0,0.9241962407465937,0.6931471805599453
ESN,0.9241962407465937,0.0,0.0,0.648636716351771
ESP,0.0,0.0,0.0,0.0
ESQ,0.0,0.0,0.9241962407465937,0.0
ESR,1.7102695723249906,1.1605929433295186,0.5493061443340549,1.2395308380245946
ESS,0.8047189562170501,0.0,1.4787139851945499,1.4387371636790223
EST,0.0,0.358351893845611,0.46209812037329684,0.0
ESW,0.0,0.0,0.0,0.0
ESY,0.5941261547656673,0.0,0.0,0.27465307216702745
ETA,1.700218681115391,0.716703787691222,1.9629593194442934,1.1989476363991853
ETC,0.511685576220899,0.2558427881104495,0.5545177444479562,0.6090132299112135
ETD,0.0,0.0,0.0,0.0
ETE,0.716703787691222,0.3243183581758855,0.47957905455967414,0.46209812037329684
ETF,0.0,0.0,0.0,0.0
ETG,0.5312275020105406,0.47957905455967414,0.8831549866738045,0.34004373622307815
ETH,0.0,0.0,1.0986122886681098,0.0
ETI,0.9241962407465937,1.0986122886681098,1.0986122886681098,0.0
ETK,0.48104226142663914,1.7374435949383846,1.9620802814148794,2.9172216983353447
ETL,1.023371152441798,0.8239592165010823,0.0,0.358351893845611
ETM,0.0,0.0,0.5493061443340549,0.0
ETN,0.0,1.0986122886681098,1.297273432703542,1.355403627157091
ETP,0.2030044099704045,3.755916083550883,2.826042882116693,0.1934321572215864
ETQ,0.0,0.0,0.0,0.0
ETR,0.0,0.0,0.0,0.0
ETS,0.0,0.0,0.5493061443340549,0.9241962407465937
ETT,0.0,1.0986122886681098,0.0,1.3862943611198906
ETV,0.15222612188617116,0.0,0.09831313945206448,0.5941261547656673
ETW,2.432967266852629,3.178500368627728,1.380708856725429,0.29311579240451635
ETY,1.297273432703542,1.6479184330021646,0.648636716351771,0.0
EVA,0.0,0.0,0.0,0.0
EVC,0.0,0.0,0.0,0.0
EVD,0.0,0.0,0.0,0.0
EVE,1.5350567286626973,0.9591581091193483,1.433407575382444,0.9241962407465937
EVF,0.0,0.0,0.0,0.0
EVG,1.4753180863979252,1.068728898942307,1.2827021792437432,1.5813042316832728
EVH,0.0,0.0,0.0,0.0
EVI,0.0,0.14841974760120263,1.7633763544019552,3.2330749570352357
EVK,0.0,0.46209812037329684,0.0,0.6931471805599453
EVL,1.355403627157091,0.8239592165010823,0.7611306094308558,1.218026459822427
EVM,0.6931471805599453,0.6931471805599453,0.358351893845611,0.716703787691222
EVN,0.0,0.0,0.0,0.0
EVP,1.700218681115391,1.9478341740386487,0.7737286288863456,1.7908995167731467
EVQ,1.6720837917313247,3.702583746479852,2.757166224639265,0.5675571268077997
EVR,0.5941261547656673,1.3732653608351373,1.0750556815368328,0.9241962407465937
EVS,0.5493061443340549,0.0,0.0,0.0
EVT,0.0,0.0,0.0,0.0
EVV,1.8920414359288362,1.8765226933308443,1.9241690457065566,2.680392034232518
EVW,0.0,1.3862943611198906,0.6931471805599453,1.0986122886681098
EVY,0.4518012090523637,0.358351893845611,0.0,1.1901530767807735
EWE,0.6412373393653842,2.785698378404051,3.131045022704113,3.044607333229986
EWI,1.1882523095313346,1.4962204585192298,0.23978952727983707,0.0
EWL,0.0,0.0,0.0,0.0
EWM,0.0,0.0,0.0,0.0
EWN,1.3862943611198906,1.2070784343255752,2.0794415416798357,1.2070784343255752
EWV,1.5638863382503114,0.6867974408970293,0.8676856530307057,1.1450596030091713
EWY,0.0,0.0,0.0,0.0
EYF,0.46209812037329684,0.0,0.0,0.0
EYH,0.0,0.29706307738283366,0.5941261547656673,0.0
EYI,0.40235947810852507,0.8047189562170501,0.46209812037329684,0.8047189562170501
EYK,0.0,0.0,0.9241962407465937,0.6931471805599453
EYL,0.0,0.0,0.1934321572215864,0.8047189562170501
EYR,0.9241962407465937,1.2070784343255752,1.0986122886681098,0.0
EYS,0.0,0.0,0.0,0.0
EYT,1.297273432703542,1.922571505169192,1.297273432703542,0.9241962407465937
EYV,1.6215917908794277,0.46209812037329684,0.0,0.0
EYW,2.1492572089677497,2.6822011161092156,0.10456906063204158,1.6833288888528806
FAA,0.0,0.0,0.0,0.0
FAC,1.782378464297002,0.891189232148501,0.0,1.9459101490553132
FAE,0.0,1.2070784343255752,0.0,0.46209812037329684
FAI,1.976783494931689,1.6321182397275011,2.1090710916753723,2.1492572089677497
FAN,2.0402624173384694,1.2792139405522478,0.6090132299112135,0.40235947810852507
FAP,0.0,0.6931471805599453,0.5493061443340549,0.6931471805599453
FAS,0.648636716351771,0.0,0.0,0.0
FAT,0.23978952727983707,0.34004373622307815,0.511685576220899,0.8047189562170501
FAW,0.6931471805599453,0.6931471805599453,0.0,1.0986122886681098
FCA,1.7102695723249906,0.891189232148501,1.463966848848582,1.1054100279471115
FCG,1.1882523095313346,0.0,0.0,0.0
FCK,1.4853153869141684,0.891189232148501,0.891189232148501,0.5493061443340549
FCL,0.6931471805599453,0.0,0.0,0.5493061443340549
FCQ,0.0,0.0,0.0,0.0
FCT,0.0,0.0,0.0,0.0
FDA,0.0,0.46209812037329684,0.0,0.716703787691222
FDC,0.0,0.0,0.0,0.0
FDD,0.5493061443340549,0.46209812037329684,0.0,0.0
FDE,0.0,0.0,0.0,0.0
FDG,0.0,0.40235947810852507,0.46209812037329684,0.46209812037329684
FDI,2.0402624173384694,2.1265392627313178,1.8072048362094548,1.0986122886681098
FDK,3.1354942159291497,2.030044099704045,2.780859035879416,2.137457797884614
FDM,0.0,0.0,1.0986122886681098,0.0
FDN,0.9241962407465937,0.46209812037329684,0.0,0.0
FDP,1.6479184330021646,0.6931471805599453,1.0150220498520226,0.40235947810852507
FDQ,0.6931471805599453,0.6931471805599453,0.0,0.0
FDR,0.0,0.0,0.0,0.0
FDS,1.6215917908794277,0.9241962407465937,0.5493061443340549,1.1882523095313346
FDV,2.033105440735637,2.033105440735637,1.974639709733454,2.2803594297666545
FDY,2.8741393509268014,0.5100656043346173,0.1934321572215864,0.0
FEA,0.0,0.46209812037329684,0.0,0.9241962407465937
FED,1.0986122886681098,0.46209812037329684,0.358351893845611,0.0
FEE,1.0986122886681098,1.3862943611198906,0.9241962407465937,1.0986122886681098
FEF,0.6931471805599453,0.5493061443340549,0.0,0.5493061443340549
FEG,0.0,0.0,0.0,0.0
FEH,0.0,0.0,0.0,0.0
FEI,1.1989476363991853,0.0,0.6800874724461563,1.433407575382444
FEK,1.425224643604159,0.6777018135785455,0.7941707847532152,2.1879041668000205
FEL,0.0,0.0,0.0,0.0
FEM,2.030044099704045,1.4853153869141684,2.436052919644854,1.2792139405522478
FEN,0.0,0.0,0.0,0.0
FEP,0.0,0.0,0.0,0.0
FER,0.8549831191538455,0.21374577978846138,0.5493061443340549,1.2792139405522478
FES,0.0,0.0,1.4210308697928313,0.9591581091193483
FET,0.9241962407465937,0.9729550745276566,1.6479184330021646,1.0986122886681098
FEV,0.29706307738283366,0.5493061443340549,0.0,0.9814796597221467
FFD,0.0,0.0,0.0,0.0
FFE,0.0,0.8047189562170501,1.3732653608351373,1.0986122886681098
FFF,0.0,0.0,0.0,0.0
FFG,0.0,0.0,0.9241962407465937,0.9241962407465937
FFH,0.0,0.0,0.0,0.0
FFK,1.3862943611198906,0.8047189562170501,1.0986122886681098,0.0
FFL,0.5493061443340549,0.9241962407465937,0.5493061443340549,1.3862943611198906
FFN,2.436052919644854,1.068728898942307,2.5146180438806236,1.9459101490553132
FFQ,1.297273432703542,1.6215917908794277,1.4853153869141684,1.0986122886681098
FFR,1.0986122886681098,0.0,0.9729550745276566,1.1882523095313346
FFW,0.0,0.0,0.9729550745276566,0.0
FGA,0.0,0.0,0.0,0.0
FGD,0.0,0.0,0.0,0.0
FGE,1.0750556815368328,1.782378464297002,1.0624550040210812,1.1090354888959124
FGF,0.0,0.0,0.0,0.0
FGG,0.0,0.5493061443340549,0.8047189562170501,0.648636716351771
FGH,0.0,0.0,0.0,0.0
FGI,0.0,0.0,0.0,0.0
FGK,0.0,0.0,0.0,0.0
FGL,0.0,0.0,0.0,0.0
FGN,0.0,0.0,0.0,0.0
FGP,0.0,0.0,0.0,0.0
FGQ,1.7102695723249906,0.0,0.0,0.0
FGR,1.709966238307691,1.0986122886681098,1.1882523095313346,2.2590060452618186
FGS,0.5493061443340549,0.716703787691222,0.716703787691222,1.0750556815368328
FGV,0.0,0.0,0.0,0.0
FHC,0.0,0.0,0.0,0.6931471805599453
FHE,0.0,0.5493061443340549,0.0,0.0
FHF,0.716703787691222,0.0,0.5941261547656673,0.0
FHK,1.3862943611198906,1.433407575382444,1.0986122886681098,0.5493061443340549
FHL,1.791759469228055,1.3862943611198906,1.3862943611198906,1.791759469228055
FHP,0.0,0.0,0.0,0.0
FHR,0.0,0.6931471805599453,2.1972245773362196,1.4853153869141684
FHT,0.0,0.0,0.0,0.0
FHV,0.0,0.0,0.0,0.0
FHW,0.0,0.0,0.0,0.0
FIA,0.0,0.0,0.0,0.0
FID,0.0,0.0,0.0,0.0
FIG,0.0,0.0,0.0,0.0
FII,0.29706307738283366,1.023371152441798,0.34004373622307815,0.0
FIL,0.6931471805599453,0.0,0.5493061443340549,0.6931471805599453
FIN,0.0,0.0,0.0,0.0
FIR,1.0150220498520226,0.8549831191538455,1.068728898942307,1.0624550040210812
FIS,0.6931471805599453,0.46209812037329684,0.5493061443340549,0.358351893845611
FIV,1.2070784343255752,1.1989476363991853,1.3732653608351373,0.0
FIY,0.0,0.0,0.0,0.0
FKC,0.0,0.0,0.0,0.0
FKD,0.0,0.0,0.0,0.0
FKE,1.1090354888959124,1.1090354888959124,0.3044522437723423,1.1401797148833273
FKH,0.0,0.0,0.0,0.0
FKK,1.6785266909588594,0.1928190340068235,0.6516193076042964,2.4849066497880004
FKL,0.4578649605980195,2.847546330680667,1.5272889596494668,2.9069983486441924
FKN,0.0,1.5843364127084463,0.2740582576115541,3.304211376958083
FKP,0.5493061443340549,0.6931471805599453,0.6931471805599453,0.0
FKQ,0.0,0.0,0.46209812037329684,1.3862943611198906
FKR,0.0,0.0,0.0,0.0
FKT,2.049711555589573,2.580218703329911,2.4141568686511503,1.7343713162681
FKV,1.8072048362094548,0.0,0.5493061443340549,1.0986122886681098
FKY,0.0,0.0,0.0,0.0
FLA,0.0,0.0,0.0,0.0
FLE,0.0,0.0,0.0,0.0
FLF,0.0,0.0,0.0,0.0
FLG,0.0,0.0,0.0,0.0
FLK,1.297273432703542,2.049711555589573,1.6635532333438687,0.9671607861079322
FLL,0.0,0.0,0.0,0.0
FLP,0.0,0.0,0.0,0.0
FLQ,1.4962204585192298,0.5941261547656673,1.4719249777896741,2.9017013233611677
FLS,0.9241962407465937,0.358351893845611,0.9036024181047274,0.9729550745276566
FLT,0.0,0.0,0.0,0.8047189562170501
FLV,1.782378464297002,0.648636716351771,0.716703787691222,2.5649493574615367
FLW,0.25352591276956377,2.4272669662954716,3.4032748295286726,0.0
FLY,0.0,0.29706307738283366,0.406008819940809,0.0
FMD,0.0,0.0,1.3862943611198906,1.0986122886681098
FML,1.1989476363991853,0.5941261547656673,0.27465307216702745,0.0
FMR,1.0986122886681098,0.6931471805599453,1.9459101490553132,0.0
FMY,0.716703787691222,0.0,0.0,0.0
FNA,0.0,0.0,0.0,0.0
FNC,2.137457797884614,2.046742304883596,1.8072048362094548,0.0
FNE,1.2827021792437432,0.4518012090523637,1.0823450882099381,0.6089044875446846
FNH,0.0,0.6931471805599453,0.0,1.0986122886681098
FNN,0.0,0.0,0.0,0.17002186811153908
FNP,0.0,0.0,0.0,0.6931471805599453
FNQ,0.0,0.0,0.0,0.0
FNR,0.46209812037329684,0.0,0.3243183581758855,0.0
FNT,1.433407575382444,0.716703787691222,0.0,1.782378464297002
FNW,0.0,0.0,0.0,0.0
FNY,2.046742304883596,1.4853153869141684,2.2330485096744495,1.791759469228055
FPC,0.0,0.0,0.0,0.0
FPF,0.0,0.0,0.9241962407465937,1.068728898942307
FPG,1.5474572577726913,0.8239592165010823,0.5941261547656673,1.2824746787307684
FPI,0.0,0.0,0.0,0.0
FPK,0.0,0.0,0.0,0.0
FPL,0.8047189562170501,1.782378464297002,0.0,0.0
FPN,2.2330485096744495,1.2792139405522478,0.23978952727983707,0.46209812037329684
FPP,0.6931471805599453,0.358351893845611,0.0,0.0
FPR,0.0,0.0,0.0,0.0
FPS,3.0853745464585223,2.1277537294374507,1.4387371636790223,0.29706307738283366
FPW,0.0,0.0,0.0,0.0
FQD,1.0750556815368328,1.4853153869141684,1.068728898942307,0.46209812037329684
FQE,0.0,1.3862943611198906,0.0,1.782378464297002
FQF,0.6931471805599453,0.5493061443340549,0.5493061443340549,1.6094379124341003
FQG,1.0986122886681098,1.6094379124341003,1.433407575382444,1.0986122886681098
FQI,1.7908995167731467,1.2792139405522478,1.354025100551105,0.891189232148501
FQK,0.0,0.0,0.0,0.0
FQN,2.9320667083294443,1.3601749448923126,1.0150220498520226,2.9155479968499836
FQP,0.5941261547656673,0.9241962407465937,0.5493061443340549,0.0
FQR,0.5493061443340549,0.0,0.0,0.0
FQS,0.3044522437723423,3.5799695001211718,3.130469014880105,0.5070518255391275
FRA,0.5493061443340549,0.0,0.8239592165010823,1.297273432703542
FRD,0.0,0.0,0.0,0.0
FRE,3.3309921862145906,1.8729995243539146,2.183509456972082,2.0036665926162356
FRF,1.433407575382444,0.6931471805599453,1.9459101490553132,1.6094379124341003
FRG,0.46209812037329684,0.0,0.0,0.0
FRH,0.0,0.0,0.0,0.0
FRK,0.9027294781610561,0.9783720163817898,1.0125409825110083,2.2795469532892176
FRL,2.6823965207235005,2.402910225941144,2.718795576433081,2.850449287208318
FRM,0.0,0.0,0.0,0.0
FRN,0.0,0.0,0.0,0.0
FRQ,0.0,1.2070784343255752,0.6931471805599453,1.3862943611198906
FRS,0.46209812037329684,0.0,0.0,0.0
FRV,1.9343215722158644,2.3650517949110452,2.7635250698677787,1.2792139405522478
FRY,1.433407575382444,0.716703787691222,1.782378464297002,1.3732653608351373
FSA,0.9591581091193483,0.9241962407465937,0.5493061443340549,1.2070784343255752
FSC,0.0,0.0,0.0,0.0
FSD,0.0,0.0,1.3879134109227458,3.1168146996252553
FSE,0.0,0.0,0.46209812037329684,0.0
FSF,0.0,0.0,0.0,0.0
FSG,1.4753180863979252,1.0624550040210812,1.065582853203198,0.3243183581758855
FSK,1.2070784343255752,0.27465307216702745,0.47957905455967414,0.648636716351771
FSL,0.5493061443340549,0.8047189562170501,1.1882523095313346,0.716703787691222
FSN,0.0,0.0,0.0,0.0
FSP,0.27465307216702745,0.0,0.27465307216702745,0.358351893845611
FSR,0.5700898574416636,0.8639048730083861,0.891189232148501,0.5493061443340549
FSS,1.922571505169192,0.0,1.3086395462961955,0.6931471805599453
FST,0.0,0.0,0.0,0.0
FSV,1.8245340612920302,1.732090798716683,1.3560753033383002,1.3601749448923126
FSY,2.4356179501787385,2.380306153561547,1.2792139405522478,2.5503280216730864
FTA,0.648636716351771,0.648636716351771,1.1090354888959124,1.0986122886681098
FTD,0.0,0.0,0.0,0.0
FTE,0.23978952727983707,0.0,0.0,0.4915656972603224
FTF,0.0,0.0,0.46209812037329684,0.0
FTG,0.0,0.0,0.0,0.0
FTH,0.5493061443340549,1.0986122886681098,0.46209812037329684,0.0
FTI,1.816816188299471,1.969876587896645,0.5626677367511742,1.7993793761572692
FTK,2.906746241057835,2.715129600883499,3.0280269804991176,2.344884655308477
FTL,0.21374577978846138,0.0,0.0,0.7193685818395111
FTN,1.3862943611198906,1.5474572577726913,1.740889414994278,1.8072048362094548
FTQ,1.023371152441798,0.0,0.0,0.0
FTR,0.0,0.0,0.0,0.0
FTS,0.6931471805599453,0.0,1.433407575382444,0.5493061443340549
FTT,0.0,1.0750556815368328,0.0,0.0
FTV,0.0,0.0,0.0,0.0
FVD,0.0,0.0,0.0,0.0
FVE,0.0,0.0,0.0,0.0
FVG,0.0,0.0,0.0,0.0
FVI,0.9672337744537227,2.1853172259165503,0.9976572505229112,1.4210308697928313
FVK,0.29706307738283366,0.4518012090523637,0.8178997164351224,0.9671607861079322
FVL,1.023371152441798,0.4518012090523637,0.0,0.0
FVM,0.0,0.0,0.134119826036175,0.32779758388748254
FVN,2.961959564600181,3.160719532982757,4.174888331871755,3.652708162689764
FVQ,0.0,0.0,0.0,0.40235947810852507
FVR,2.137457797884614,2.5878440720649096,2.7400701939510808,2.833213344056216
FVS,0.0,0.0,0.0,0.0
FVT,0.0,0.0,0.0,0.0
FVV,0.511685576220899,0.0,1.1295030226309093,0.0
FWE,2.2945830872123776,3.667676419970734,2.442753811201559,0.23456533666635554
FWG,0.0,0.0,0.0,0.0
FWS,0.46209812037329684,0.6931471805599453,0.0,0.0
FYA,0.0,0.40235947810852507,0.9591581091193483,0.0
FYD,0.6306804786429454,0.0,0.8853791700175675,1.1605929433295186
FYE,1.0150220498520226,0.511685576220899,0.8831549866738045,0.5941261547656673
FYI,3.486391516395377,1.6119429067258124,0.9460207179644181,0.0
FYK,0.27465307216702745,0.5941261547656673,0.358351893845611,0.0
FYL,0.0,0.0,0.0,0.0
FYP,1.0986122886681098,1.433407575382444,1.2070784343255752,1.3862943611198906
FYQ,0.0,0.0,0.0,0.0
FYR,0.0,0.0,0.0,0.0
FYS,0.0,1.0986122886681098,0.0,0.0
FYT,1.6785266909588594,1.1882523095313346,1.2070784343255752,0.5545177444479562
FYV,0.0,0.0,0.0,1.030347484452772
FYY,1.0986122886681098,0.6931471805599453,0.716703787691222,1.297273432703542
GAA,1.0986122886681098,1.8047743504113833,2.021525633917275,3.610516106370391
GAD,0.0,0.0,0.0,0.0
GAE,0.0,0.0,0.0,0.0
GAF,0.0,0.0,0.0,0.0
GAG,0.0,0.0,0.0,0.0
GAH,3.5675019399347407,3.9077157808167944,3.6915528724116675,3.8799576068457937
GAK,0.0,0.0,0.0,0.6777018135785455
GAL,0.0,0.0,0.0,0.0
GAN,0.40235947810852507,0.46209812037329684,0.46209812037329684,0.0
GAQ,0.0,0.0,0.0,0.0
GAR,2.3978952727983707,0.5493061443340549,2.487172562881001,0.9036024181047274
GAS,0.29706307738283366,0.0,0.07030236972251241,0.0
GAV,0.0,0.0,0.0,0.0
GAY,0.6931471805599453,0.0,1.433407575382444,0.0
GCA,0.0,0.0,0.0,0.0
GCD,0.0,0.0,0.0,0.0
GCF,0.0,0.6931471805599453,0.716703787691222,0.716703787691222
GCH,0.716703787691222,0.46209812037329684,1.2070784343255752,0.0
GCL,0.0,0.0,0.0,0.0
GCM,0.0,0.5493061443340549,0.0,0.0
GCR,1.9629593194442934,1.624035279763236,1.2026056535665979,1.993805361664022
GCT,0.0,0.6931471805599453,0.46209812037329684,0.0
GCV,0.0,0.0,0.0,0.0
GDA,1.2070784343255752,1.7096602149669131,1.2722785457885275,0.0
GDC,0.6931471805599453,0.0,0.0,0.0
GDE,0.716703787691222,0.8047189562170501,1.433407575382444,0.0
GDF,0.0,0.0,0.9729550745276566,1.0986122886681098
GDG,1.2070784343255752,1.3862943611198906,0.5493061443340549,0.9241962407465937
GDH,1.2070784343255752,1.6094379124341003,0.5493061443340549,0.40235947810852507
GDI,0.0,0.0,0.0,0.0
GDK,0.0,0.46209812037329684,0.9591581091193483,1.0986122886681098
GDL,0.8047189562170501,0.46209812037329684,0.716703787691222,0.5493061443340549
GDP,0.0,0.0,0.8047189562170501,0.0
GDQ,0.0,0.6931471805599453,1.0986122886681098,1.0986122886681098
GDR,0.0,0.0,0.0,0.0
GDS,0.0,0.0,0.0,0.0
GDV,0.0,0.0,0.0,0.0
GEA,0.0,0.0,0.0,0.0
GED,0.46209812037329684,0.0,0.8047189562170501,1.2070784343255752
GEE,0.5493061443340549,0.716703787691222,0.0,0.0
GEF,0.0,0.0,0.8047189562170501,1.3732653608351373
GEG,0.0,0.0,0.0,0.0
GEH,0.0,0.0,0.0,0.0
GEI,0.0,0.6931471805599453,0.0,0.0
GEK,0.716703787691222,1.2070784343255752,1.4387371636790223,0.0
GEM,0.46209812037329684,1.6215917908794277,0.9729550745276566,0.9729550745276566
GEP,0.46209812037329684,0.5493061443340549,0.5941261547656673,0.8239592165010823
GEQ,0.40235947810852507,1.0750556815368328,1.433407575382444,0.5493061443340549
GES,1.791759469228055,0.46209812037329684,0.5493061443340549,0.0
GET,0.46209812037329684,0.46209812037329684,0.0,0.6931471805599453
GEV,1.4387371636790223,1.2824746787307684,0.7393569925972749,1.4210308697928313
GFA,0.8047189562170501,0.0,0.6931471805599453,0.46209812037329684
GFC,1.1882523095313346,0.0,0.0,0.0
GFD,2.745765330622249,1.3943925202326009,0.8831549866738045,0.0
GFE,0.0,1.0750556815368328,0.0,0.0
GFG,0.716703787691222,1.3862943611198906,0.5493061443340549,0.46209812037329684
GFH,0.0,0.23978952727983707,0.0,0.40235947810852507
GFI,0.0,0.0,0.0,0.0
GFL,0.0,0.0,0.0,0.0
GFM,0.0,0.40235947810852507,0.27465307216702745,0.0
GFN,1.9478341740386487,1.9183162182386966,1.5936825060316215,0.0
GFP,0.0,0.0,0.0,1.1989476363991853
GFQ,0.716703787691222,0.716703787691222,0.648636716351771,0.0
GFR,1.6215917908794277,1.3862943611198906,1.782378464297002,1.1882523095313346
GFS,0.0,1.0986122886681098,1.0986122886681098,0.0
GFT,2.380306153561547,1.5677471079645748,2.5561416257536766,2.4084961713108557
GFV,0.0,0.0,0.0,0.0
GFW,0.0,0.5493061443340549,1.0986122886681098,0.0
GFY,2.762062409922433,0.9358901191417788,1.117720858693756,0.7215633921399587
GGD,1.3732653608351373,1.0986122886681098,1.1295030226309093,1.2070784343255752
GGE,1.922571505169192,1.6785266909588594,1.355403627157091,1.791759469228055
GGF,0.9241962407465937,1.6094379124341003,0.9241962407465937,0.6931471805599453
GGG,0.0,0.0,0.6090132299112135,0.5545177444479562
GGH,0.47957905455967414,0.0,0.0,1.6215917908794277
GGI,0.0,0.0,1.6785266909588594,1.433407575382444
GGK,0.0,0.6931471805599453,1.433407575382444,1.3862943611198906
GGL,0.7193685818395111,0.6412373393653842,0.7737286288863456,0.7393569925972749
GGM,0.0,0.0,0.0,0.0
GGN,0.5100656043346173,0.4936599274333635,0.34004373622307815,1.3247324800107068
GGP,0.0,0.0,0.0,0.0
GGQ,0.0,0.46209812037329684,1.0986122886681098,0.8047189562170501
GGR,0.8047189562170501,0.891189232148501,1.433407575382444,0.5493061443340549
GGS,0.0,0.0,0.0,0.18483924814931874
GGT,0.0,0.0,0.0,0.0
GGV,0.987319854866727,0.5802964716647593,1.0061813911354045,1.2178089750893693
GGY,0.9241962407465937,1.3862943611198906,0.9241962407465937,0.0
GHA,0.40235947810852507,0.40235947810852507,0.0,0.0
GHF,0.0,0.0,0.0,0.0
GHI,0.648636716351771,0.0,0.0,1.3732653608351373
GHK,0.9241962407465937,1.3862943611198906,0.46209812037329684,0.9241962407465937
GHL,1.5350567286626973,1.2792139405522478,0.3243183581758855,0.0
GHR,0.0,0.0,0.0,0.0
GHS,0.0,0.0,1.2070784343255752,0.0
GHV,0.6931471805599453,0.0,0.0,0.0
GIA,1.0926586129582752,0.44157749333690227,0.3868643144431728,0.6543197731480977
GID,0.0,0.0,0.5941261547656673,1.0750556815368328
GIE,1.7169936022425731,0.9671607861079322,2.3456533666635555,1.8483924814931874
GIF,0.0,0.0,0.0,0.0
GIG,0.0,0.26064772304171857,0.2850449287208318,0.0
GIH,1.1882523095313346,0.0,1.3732653608351373,0.0
GII,2.1270229980494975,3.378918936695986,2.5088106605683964,3.0339105662687587
GIK,0.0,2.4349233840158653,1.4349456240266252,2.0763613580565377
GIL,1.7908995167731467,1.0750556815368328,1.4962204585192298,1.782378464297002
GIP,0.4182762425281663,4.170472698944896,4.052857814226336,0.5342970491842669
GIQ,0.0,0.6931471805599453,0.0,0.0
GIR,0.0,2.96898379718913,0.0,0.0
GIS,1.4210308697928313,0.0,1.1450596030091713,2.3019858420456756
GIT,0.0,0.9241962407465937,0.0,0.8047189562170501
GIV,0.812017639881618,0.0,0.0,0.35184800499953334
GIY,1.354025100551105,0.3868643144431728,1.0729586082894,1.2824746787307684
GKA,1.2069109216789,1.7050719508165262,1.826354081344882,2.2238814317981506
GKC,1.2070784343255752,1.791759469228055,1.6479184330021646,0.9241962407465937
GKE,1.0750556815368328,1.1989476363991853,1.9953145010458224,1.5936825060316215
GKG,0.0,0.0,1.4960317377159473,0.1934321572215864
GKH,0.5493061443340549,0.9729550745276566,3.6555073394336786,3.9827105237090183
GKI,1.3086395462961955,0.5469760417000051,0.0,0.0
GKK,0.0,0.0,0.0,0.5493061443340549
GKL,0.24682996371668176,3.63071374671009,4.422719023647147,2.417914360088719
GKM,1.433407575382444,1.2070784343255752,0.0,0.9241962407465937
GKN,0.5493061443340549,0.0,0.9241962407465937,0.0
GKQ,0.5493061443340549,1.297273432703542,1.5813042316832728,2.046742304883596
GKR,0.8239592165010823,0.8047189562170501,0.8549831191538455,0.7611306094308558
GKS,1.297273432703542,1.433407575382444,2.0794415416798357,1.3862943611198906
GKT,0.13032386152085929,0.2548298557206646,0.0,0.6306804786429454
GKV,2.046742304883596,1.0750556815368328,0.8047189562170501,0.716703787691222
GKY,0.3271598865740489,3.5859421039759227,2.990163973025002,1.7098340781222046
GLA,0.8047189562170501,1.0750556815368328,0.358351893845611,0.9241962407465937
GLD,0.0,0.0,0.0,0.0
GLE,0.6516193076042964,0.4915656972603224,0.0,0.0
GLF,0.6931471805599453,0.5493061443340549,0.358351893845611,0.0
GLG,0.0,0.0,0.0,0.0
GLH,1.782378464297002,0.0,1.297273432703542,0.0
GLI,0.46209812037329684,0.716703787691222,0.5493061443340549,0.5493061443340549
GLK,1.6119429067258124,0.5958971446039432,1.0971191128725373,0.8290575209603337
GLL,0.2558427881104495,0.0,0.0,0.0
GLM,0.0,0.0,0.0,0.0
GLP,0.7819431691251557,0.6090132299112135,1.068728898942307,1.0624550040210812
GLR,1.9183162182386966,1.709966238307691,1.2297772558321611,1.8527920366854067
GLS,0.0,0.0,1.6215917908794277,0.5493061443340549
GLT,2.344884655308477,0.2892285510102352,1.9804205158855577,1.8527920366854067
GLV,0.29706307738283366,1.3862943611198906,0.7393569925972749,0.3243183581758855
GLY,0.0,0.0,0.0,0.0
GMD,0.9833927516624476,0.2979485723019716,0.04968998436317627,0.22359586469675655
GME,0.9241962407465937,0.9241962407465937,0.0,0.0
GMI,1.6635532333438687,1.1989476363991853,2.5482766946873254,3.0493493766626223
GMN,0.716703787691222,0.0,1.0986122886681098,0.9729550745276566
GMP,1.0750556815368328,0.5493061443340549,0.6931471805599453,0.0
GMS,0.0,0.0,1.4976546726100606,2.806639653362006
GMT,0.0,0.0,0.0,0.0
GMV,0.0,0.0,0.0,0.0
GNA,0.0,0.0,0.0,0.0
GND,0.6931471805599453,0.0,0.0,0.0
GNE,0.0,0.0,0.0,1.3700350969755404
GNF,0.0,0.0,0.0,0.0
GNG,0.0,0.0,0.0,0.0
GNH,0.0,0.0,0.0,0.0
GNI,0.0,0.0,0.0,0.0
GNK,0.5493061443340549,0.0,0.0,0.0
GNL,0.22590060452618185,0.0,0.08107958954397138,0.31370718189612473
GNN,0.5493061443340549,0.648636716351771,0.648636716351771,0.0
GNP,0.0,0.0,0.0,0.0
GNR,0.0,0.0,0.0,0.0
GNS,1.0986122886681098,1.2070784343255752,0.0,1.3862943611198906
GNT,0.0,0.0,0.0,0.0
GNV,0.0,0.0,0.0,0.0
GNW,0.8239592165010823,1.0750556815368328,1.6479184330021646,0.9241962407465937
GNY,0.9591581091193483,1.5350567286626973,0.0,0.0
GPA,0.0,0.0,0.0,0.0
GPC,0.0,0.0,0.0,0.0
GPE,0.42756739308124764,2.4208836293463136,0.10456906063204158,0.6089044875446846
GPF,0.2030044099704045,0.358351893845611,0.0,0.34339872044851466
GPG,0.0,0.0,0.0,0.0
GPH,0.0,0.8549831191538455,0.4518012090523637,1.023371152441798
GPK,2.1492572089677497,2.556153720359548,1.0971191128725373,0.5802964716647593
GPL,1.1605929433295186,1.355403627157091,0.8418239574966185,0.8549831191538455
GPM,0.0,0.0,0.0,1.0986122886681098
GPN,0.0,1.3862943611198906,1.0986122886681098,0.8047189562170501
GPP,1.218026459822427,0.648636716351771,0.0,0.5941261547656673
GPS,1.791759469228055,0.6931471805599453,1.297273432703542,1.297273432703542
GPV,0.0,0.0,0.0,0.0
GPY,0.0,0.0,0.0,0.0
GQA,2.124160714619187,2.6327235234386124,2.215505645854608,1.9629593194442934
GQC,0.0,0.0,0.0,0.0
GQD,0.0,0.0,0.0,0.0
GQF,0.0,0.0,0.0,0.0
GQG,0.0,1.9841072102009172,0.12069306914576586,1.84989323887799
GQH,0.0,0.0,0.0,0.0
GQI,0.7883505983036818,0.0,0.0,0.0
GQK,0.0,0.0,0.0,0.0
GQM,0.0,0.0,0.0,0.0
GQN,0.0,0.0,0.0,0.0
GQP,1.297273432703542,1.7908995167731467,2.48459109327648,2.3548838738425864
GQR,0.0,1.0986122886681098,0.9241962407465937,1.0986122886681098
GQT,0.8239592165010823,1.2792139405522478,0.8239592165010823,0.0
GQW,1.2161938431595707,2.55010321521291,1.2879974640880947,1.976783494931689
GRA,1.0986122886681098,0.5493061443340549,0.0,0.8047189562170501
GRC,1.624035279763236,1.0986122886681098,1.5350567286626973,1.9343215722158644
GRD,1.4853153869141684,1.0986122886681098,1.7908995167731467,1.433407575382444
GRE,1.297273432703542,0.40235947810852507,0.46209812037329684,1.3862943611198906
GRF,0.4691306733327111,0.6543197731480977,1.2533237210443526,1.355403627157091
GRG,3.4333798420269743,3.1686728254168925,3.053409504030041,1.8039084803498968
GRH,0.0,0.0,0.0,0.0
GRI,1.0750556815368328,0.5493061443340549,1.3862943611198906,1.6215917908794277
GRL,0.0,0.0,0.0,0.0
GRP,1.0986122886681098,1.3862943611198906,1.433407575382444,1.791759469228055
GRQ,0.0,0.0,0.0,0.0
GRR,2.4050883945369566,1.6479184330021646,1.1605929433295186,2.1371881967370676
GRS,1.433407575382444,1.922571505169192,1.922571505169192,1.297273432703542
GRT,0.0,0.0,0.0,0.0
GRV,0.5941261547656673,0.7737286288863456,0.18232534723333504,0.45667836565851344
GRW,0.0,0.0,0.0,0.0
GSA,0.0,1.2070784343255752,0.0,1.2070784343255752
GSC,0.716703787691222,0.0,0.5941261547656673,0.0
GSD,0.0,0.0,0.5801060412036589,2.1063687823757977
GSE,0.9241962407465937,0.8047189562170501,0.46209812037329684,0.0
GSF,1.297273432703542,1.2070784343255752,1.0750556815368328,1.3862943611198906
GSG,1.8920414359288362,1.068728898942307,1.7278097460167723,2.2800370426149756
GSH,0.46209812037329684,0.5941261547656673,0.4518012090523637,0.0
GSI,0.0,0.0,0.0,0.0
GSK,0.0,0.0,0.0,0.0
GSL,0.0,0.708303336014054,0.47957905455967414,0.511685576220899
GSN,1.3700350969755404,1.530196813003852,1.7776740307447068,1.7343713162681
GSP,1.6731049701126652,3.719450040238866,3.309766765401029,0.5700898574416636
GSQ,0.3868643144431728,1.068728898942307,1.354025100551105,0.7737286288863456
GSR,0.5545177444479562,1.5767011966073636,1.7776740307447068,1.7993793761572692
GSS,0.8047189562170501,0.9591581091193483,1.5767011966073636,1.5474572577726913
GST,3.2612400546059663,2.4272669662954716,1.1350398320350574,0.0
GSV,0.0,0.0,0.7193685818395111,0.3243183581758855
GSW,1.9183162182386966,0.0,0.648636716351771,0.0
GSY,0.0,0.0,0.0,0.0
GTD,0.14719249777896742,0.0,0.3271598865740489,0.0
GTE,0.0,0.0,0.9241962407465937,0.9241962407465937
GTF,0.0,0.0,0.8047189562170501,0.0
GTG,0.6777018135785455,0.2558427881104495,0.5941261547656673,0.5493061443340549
GTH,1.0986122886681098,1.3862943611198906,1.3862943611198906,0.6931471805599453
GTI,0.0,0.0,0.0,0.0
GTK,2.3509070164107744,2.1100040128169035,3.112040354322934,2.3055504144419454
GTL,0.6089044875446846,1.4962204585192298,1.5936825060316215,0.47957905455967414
GTN,0.0,0.0,0.0,0.0
GTP,0.0,0.0,0.0,0.0
GTQ,0.0,0.6931471805599453,1.0750556815368328,1.297273432703542
GTR,1.5767011966073636,0.7675283643313486,1.7278097460167723,1.7343713162681
GTS,0.0,0.0,0.0,0.0
GTT,0.0,0.0,1.068728898942307,1.2792139405522478
GTY,0.0,0.0,0.0,0.0
GVA,1.0150220498520226,1.5474572577726913,0.23978952727983707,0.0
GVC,0.0,0.0,0.0,0.0
GVE,2.02820730215651,1.9135024711265767,1.4431267842799174,1.0150220498520226
GVF,0.0,0.0,0.40235947810852507,0.0
GVG,1.0986122886681098,0.716703787691222,0.5941261547656673,0.0
GVH,0.0,0.0,0.0,0.0
GVI,0.358351893845611,0.46209812037329684,0.5493061443340549,1.433407575382444
GVK,0.0,0.40235947810852507,0.3243183581758855,0.5493061443340549
GVL,0.0,0.0,0.0,0.0
GVM,1.4190310769466272,1.2824746787307684,1.6581150419206674,1.9478341740386487
GVN,0.0,0.0,0.0,0.0
GVP,0.4518012090523637,0.7737286288863456,0.5887699911158697,0.5545177444479562
GVQ,0.2558427881104495,0.0,0.5941261547656673,0.0
GVS,0.8047189562170501,1.297273432703542,1.6479184330021646,0.8047189562170501
GVT,1.433407575382444,1.6215917908794277,1.782378464297002,0.891189232148501
GVV,0.0,0.0,0.0,0.0
GVW,0.0,0.0,0.0,0.0
GVY,0.0,0.0,0.0,0.0
GWD,0.0,0.0,0.0,0.0
GWE,0.0,0.0,0.0,0.0
GWG,0.0,0.6931471805599453,1.1248379155601986,2.2359586469675654
GWI,0.6931471805599453,0.0,0.9241962407465937,0.9729550745276566
GWK,2.2283706983303775,2.8982936881448573,2.4187911526491463,2.0087726617617694
GWL,2.7400701939510808,2.0402624173384694,2.402910225941144,2.6390573296152584
GWN,0.0,0.0,0.0,0.5493061443340549
GYA,0.0,0.0,0.0,0.0
GYD,0.0,0.0,0.0,0.0
GYE,0.29438499555793485,3.78141647725408,3.9411094632809016,0.0
GYF,1.0750556815368328,0.5493061443340549,0.8239592165010823,1.3862943611198906
GYG,0.0,0.0,0.0,0.0
GYI,0.9241962407465937,0.9241962407465937,1.2070784343255752,1.3862943611198906
GYK,1.3601749448923126,0.0,1.1401797148833273,0.8873406946934732
GYL,0.3243183581758855,1.1295030226309093,0.0,1.3862943611198906
GYM,0.6931471805599453,0.5493061443340549,1.2070784343255752,0.0
GYN,0.9241962407465937,0.9241962407465937,0.8047189562170501,0.0
GYP,0.40235947810852507,0.0,0.0,0.0
GYQ,0.8047189562170501,0.8047189562170501,1.6094379124341003,0.0
GYR,3.471039328447928,3.5538493101682715,3.014640833727095,1.8512247278751133
GYS,0.0,0.0,0.0,0.0
GYT,0.891189232148501,1.0986122886681098,1.922571505169192,1.7908995167731467
GYV,0.0,0.0,0.0,0.15222612188617116
GYY,0.891189232148501,0.0,0.0,0.716703787691222
HAH,0.8047189562170501,0.0,0.9241962407465937,0.46209812037329684
HAI,0.0,0.0,0.0,0.0
HAK,1.0750556815368328,0.8047189562170501,0.0,0.0
HAL,0.0,0.0,0.0,0.0
HAM,0.0,0.0,0.0,0.0
HAN,0.46209812037329684,1.355403627157091,1.7908995167731467,1.6479184330021646
HAR,0.0,0.6931471805599453,0.9241962407465937,1.0986122886681098
HAS,2.1581057455185335,1.2070784343255752,1.0986122886681098,1.2070784343255752
HAV,0.0,0.0,0.0,0.0
HAY,0.6931471805599453,0.40235947810852507,0.0,0.0
HCE,0.0,0.0,0.0,0.0
HCF,0.0,0.0,0.0,0.0
HCI,0.5493061443340549,0.6931471805599453,0.0,0.0
HCL,0.812017639881618,1.0986122886681098,0.21853172259165501,0.8024262028098276
HCP,0.0,0.0,0.0,0.0
HCQ,0.0,0.0,0.0,0.0
HCS,0.8047189562170501,0.0,0.8047189562170501,0.0
HCV,0.0,0.0,0.0,0.0
HCY,0.0,0.0,0.0,0.6931471805599453
HDD,0.0,0.0,0.0,0.0
HDF,0.0,0.0,0.0,0.0
HDG,0.9729550745276566,0.7193685818395111,1.416606672028108,0.8047189562170501
HDI,0.6931471805599453,0.40235947810852507,0.5493061443340549,1.0986122886681098
HDV,0.0,0.0,0.0,0.0
HDW,0.9241962407465937,0.6931471805599453,1.6479184330021646,0.0
HEA,0.0,1.0986122886681098,1.3862943611198906,1.0986122886681098
HEG,0.46209812037329684,0.6931471805599453,0.0,0.0
HEK,0.0,0.0,0.0,0.0
HEL,0.0,0.0,0.0,0.0
HER,0.0,0.6931471805599453,0.0,0.0
HEV,1.6479184330021646,0.9241962407465937,0.9241962407465937,0.9241962407465937
HFE,0.648636716351771,0.0,0.0,0.0
HFG,0.0,0.0,0.0,0.0
HFK,0.0,0.0,0.0,0.0
HFL,0.0,0.0,0.0,0.0
HFQ,0.0,0.0,0.0,0.0
HFT,0.0,0.0,0.0,0.0
HGA,0.0,0.0,0.0,0.0
HGF,1.433407575382444,1.0986122886681098,1.0750556815368328,0.40235947810852507
HGG,1.433407575382444,0.5493061443340549,1.433407575382444,1.433407575382444
HGH,0.6931471805599453,0.0,0.0,0.0
HGI,0.0,0.0,0.0,0.0
HGK,1.5350567286626973,0.716703787691222,1.4387371636790223,1.2070784343255752
HGL,1.0750556815368328,0.0,0.0,1.433407575382444
HGM,0.46209812037329684,1.0986122886681098,0.0,0.0
HGN,0.0,0.0,0.0,0.0
HGP,0.0,0.0,0.0,0.0
HGT,0.0,0.0,0.9241962407465937,0.0
HGV,0.0,0.0,0.07983720419241114,0.0
HGY,0.6931471805599453,1.0750556815368328,1.3862943611198906,0.6931471805599453
HHK,0.0,0.46209812037329684,0.0,0.0
HHN,0.0,0.0,0.46209812037329684,0.8047189562170501
HHQ,0.6931471805599453,0.5493061443340549,0.0,0.0
HHT,0.0,0.0,0.0,0.0
HIC,0.0,0.0,0.0,0.0
HIE,0.0,0.0,0.0,0.0
HIG,0.6777018135785455,0.5493061443340549,0.36967849629863747,0.716703787691222
HII,0.0,0.0,0.0,0.0
HIK,0.648636716351771,0.0,0.0,1.3732653608351373
HIP,0.0,0.0,0.0,0.0
HIQ,0.0,0.0,1.0986122886681098,0.9241962407465937
HIT,0.0,0.0,0.0,0.0
HIV,0.0,0.0,0.0,0.0
HIW,0.0,0.6931471805599453,0.0,1.2070784343255752
HKC,0.5493061443340549,0.3243183581758855,0.46209812037329684,0.0
HKG,0.47957905455967414,0.5700898574416636,0.354151668007027,3.562073942428863
HKM,0.0,0.0,0.0,0.0
HKP,0.0,0.0,0.0,0.0
HKQ,0.0,0.0,0.6931471805599453,0.0
HKR,0.0,0.0,0.6931471805599453,0.5493061443340549
HKY,1.0986122886681098,1.3862943611198906,0.46209812037329684,1.0986122886681098
HLA,0.0,0.0,0.0,0.0
HLD,0.6931471805599453,0.3243183581758855,0.3243183581758855,0.46209812037329684
HLG,0.0,0.0,0.0,0.0
HLH,0.46209812037329684,0.0,0.5493061443340549,0.0
HLI,0.0,0.0,0.8047189562170501,1.023371152441798
HLK,1.068728898942307,1.3732653608351373,1.3732653608351373,0.0
HLL,0.5700898574416636,0.10456906063204158,0.6682475365147633,0.18483924814931874
HLP,0.0,0.0,0.0,0.0
HLQ,1.709966238307691,1.068728898942307,0.40235947810852507,1.2792139405522478
HLR,2.046742304883596,1.6094379124341003,1.791759469228055,1.6215917908794277
HLS,0.5493061443340549,0.5493061443340549,0.8047189562170501,0.0
HLT,0.0,0.0,0.0,0.0
HLV,0.0,0.0,1.0986122886681098,0.5493061443340549
HLY,0.0,0.0,0.0,0.0
HMH,0.0,0.0,0.0,0.0
HMV,0.0,0.6931471805599453,0.5493061443340549,0.0
HNA,0.0,0.0,0.0,0.0
HNH,0.0,1.0986122886681098,0.0,0.6931471805599453
HNK,1.3732653608351373,0.0,0.6931471805599453,0.0
HNL,0.0,0.0,0.0,0.0
HNM,1.782378464297002,0.0,1.433407575382444,0.0
HNN,0.0,0.0,0.0,0.0
HNQ,0.0,0.0,0.0,0.0
HNR,1.782378464297002,3.1354942159291497,2.302585092994046,1.782378464297002
HNT,0.0,0.0,0.0,0.0
HNV,0.9241962407465937,0.5493061443340549,0.6931471805599453,0.0
HNY,0.0,0.0,0.40235947810852507,1.0986122886681098
HPA,0.0,3.503332044224324,3.7676241610498673,0.0
HPD,0.0,0.0,0.0,0.0
HPG,2.6390573296152584,2.060694968905544,1.709966238307691,2.3650517949110452
HPI,0.0,0.46209812037329684,1.0750556815368328,1.297273432703542
HPK,1.0986122886681098,0.0,1.5474572577726913,0.0
HPL,0.0,0.0,0.0,0.0
HPN,0.8047189562170501,1.0986122886681098,0.5493061443340549,1.791759469228055
HPQ,1.782378464297002,0.9241962407465937,0.9241962407465937,1.6215917908794277
HPR,2.9438499555793483,1.2824746787307684,3.1681587632804047,1.7102695723249906
HPT,0.0,0.0,0.0,0.0
HPV,0.0,0.0,0.0,0.5887699911158697
HQC,0.0,0.0,0.0,0.0
HQD,0.0,0.0,0.0,0.0
HQH,0.0,0.0,0.0,0.0
HQK,0.716703787691222,0.21659203220542234,2.6720680117126525,0.0
HQT,0.6931471805599453,0.6931471805599453,0.0,0.0
HQV,0.0,0.0,0.0,0.0
HQY,0.358351893845611,0.40235947810852507,0.46209812037329684,0.0
HRD,0.0,0.0,0.0,0.716703787691222
HRG,0.0,0.0,1.6094379124341003,1.297273432703542
HRI,0.6931471805599453,0.6931471805599453,0.0,0.6931471805599453
HRK,0.0,0.0,0.5493061443340549,0.0
HRL,0.0,0.6931471805599453,0.0,0.6931471805599453
HRP,0.0,0.0,0.0,0.0
HRQ,1.433407575382444,1.0986122886681098,0.9729550745276566,1.1882523095313346
HRR,0.891189232148501,1.433407575382444,1.2070784343255752,1.6215917908794277
HRS,0.0,0.0,0.0,0.0
HRT,0.0,0.0,0.0,0.0
HRW,0.0,0.6931471805599453,0.0,0.9241962407465937
HSD,0.0,0.0,0.0,0.0
HSG,0.0,1.0750556815368328,0.8239592165010823,0.648636716351771
HSH,0.0,0.0,0.0,0.0
HSI,0.3243183581758855,0.0,0.29706307738283366,0.0
HSL,0.891189232148501,0.0,0.648636716351771,0.40235947810852507
HSN,0.0,0.0,0.0,0.0
HSP,0.0,0.0,1.3862943611198906,0.0
HSR,0.46209812037329684,1.2070784343255752,4.419581812519123,4.0571334543625515
HSS,1.0986122886681098,0.5493061443340549,0.0,0.9241962407465937
HST,0.0,0.0,0.0,0.0
HSV,2.302585092994046,1.1882523095313346,2.4050883945369566,2.030044099704045
HTE,0.0,0.0,0.0,0.0
HTF,0.5493061443340549,1.0986122886681098,1.1295030226309093,0.9729550745276566
HTH,0.0,0.0,0.0,0.0
HTI,1.068728898942307,1.425224643604159,0.9241962407465937,0.0
HTL,0.0,0.0,0.0,0.0
HTM,0.0,0.0,0.0,0.0
HTN,2.0763613580565377,3.1977868073911315,2.4173516276900133,2.8147840399962667
HTP,0.0,0.0,0.0,0.0
HTQ,0.0,0.0,0.0,0.6931471805599453
HTR,0.6931471805599453,0.0,0.0,0.0
HTT,0.0,0.0,0.0,0.0
HTY,0.0,0.0,0.0,0.0
HVA,0.891189232148501,0.40235947810852507,1.2070784343255752,0.46209812037329684
HVE,0.0,0.0,0.0,0.0
HVF,2.3650517949110452,2.046742304883596,2.064575928493354,1.6357994328702448
HVG,0.0,0.0,0.0,0.0
HVI,1.2070784343255752,0.0,0.0,0.0
HVK,1.9241690457065566,0.0,1.5638863382503114,1.6215917908794277
HVP,0.0,0.5493061443340549,0.40235947810852507,0.6931471805599453
HVR,0.6931471805599453,0.5493061443340549,0.0,0.0
HVT,0.891189232148501,0.21374577978846138,1.023371152441798,0.891189232148501
HWG,0.0,0.0,0.0,0.0
HWN,0.0,0.0,0.648636716351771,0.891189232148501
HWS,0.0,0.0,0.0,0.0
HWV,2.7081884344831684,1.6043947641584313,0.26823965207235,0.2558427881104495
HWY,1.0986122886681098,0.0,1.2070784343255752,1.6094379124341003
HYA,0.0,0.0,0.0,0.0
HYG,0.0,0.0,0.0,0.0
HYH,0.9241962407465937,0.6931471805599453,0.9729550745276566,0.6931471805599453
HYL,0.0,0.0,0.0,0.0
HYN,0.0,0.0,0.0,0.0
HYT,1.297273432703542,0.0,1.2938747370452313,0.0
HYY,1.0986122886681098,1.3862943611198906,2.046742304883596,2.1972245773362196
IAA,0.9460207179644181,0.6090132299112135,0.21374577978846138,0.47957905455967414
IAD,1.9237120180961527,1.3732653608351373,0.511685576220899,1.297273432703542
IAE,0.1425224643604159,1.67586189681057,1.1816926491419,2.280458866980109
IAG,0.6931471805599453,0.5493061443340549,1.0986122886681098,1.3862943611198906
IAK,0.8047189562170501,0.9241962407465937,0.0,0.40235947810852507
IAL,0.8853791700175675,0.3868643144431728,0.7404898911500453,1.2036393042147413
IAN,0.406008819940809,0.0,0.2850449287208318,0.0
IAP,0.0,0.0,0.0,0.0
IAQ,0.648636716351771,0.27465307216702745,1.0750556815368328,0.46209812037329684
IAR,0.5493061443340549,1.0750556815368328,0.9241962407465937,0.9241962407465937
IAS,0.0,0.0,0.0,0.0
IAT,0.9241962407465937,1.2435862814405005,0.15767011966073635,0.4518012090523637
IAV,1.023371152441798,1.770758340035135,1.023371152441798,0.0
IAW,0.0,0.0,0.0,0.0
ICA,0.5493061443340549,0.716703787691222,0.5941261547656673,0.9241962407465937
ICD,0.0,0.0,0.0,0.0
ICI,0.0,0.0,0.0,0.46209812037329684
ICL,0.8047189562170501,0.0,0.0,0.0
ICN,0.0,0.0,0.0,0.0
ICS,0.0,0.0,0.0,0.0
ICT,0.511685576220899,0.0,0.0,0.0
ICY,0.0,0.0,0.0,0.0
IDD,0.5493061443340549,2.046742304883596,1.709966238307691,0.0
IDE,0.5493061443340549,0.8047189562170501,0.8047189562170501,0.0
IDG,1.0986122886681098,0.0,1.0986122886681098,0.0
IDH,0.0,0.0,0.0,0.0
IDI,0.0,0.0,0.0,0.0
IDK,1.433407575382444,0.716703787691222,1.9343215722158644,2.5654043584874864
IDL,0.0,0.0,0.0,0.0
IDM,0.5493061443340549,0.5493061443340549,1.3862943611198906,0.0
IDN,0.0,0.0,0.46209812037329684,0.9241962407465937
IDP,1.619117475568642,1.4962204585192298,1.1605929433295186,0.23978952727983707
IDQ,1.218026459822427,0.5941261547656673,0.9976572505229112,0.9814796597221467
IDR,0.9814796597221467,2.0980546915917953,1.6357994328702448,1.9135024711265767
IDS,0.0,0.891189232148501,0.42749155957692275,1.0750556815368328
IDT,0.46209812037329684,1.6215917908794277,0.8239592165010823,0.4518012090523637
IDW,0.0,0.0,0.0,0.0
IED,0.46209812037329684,0.9241962407465937,1.0986122886681098,1.433407575382444
IEE,1.7962912954140562,0.0945866526695881,1.4701445803324793,1.1989476363991853
IEG,1.6744873407478829,0.0,1.4753180863979252,1.9183162182386966
IEH,0.0,0.0,0.0,0.0
IEI,1.6357994328702448,0.812017639881618,1.8920414359288362,2.4052113071331958
IEK,1.4210308697928313,1.9789395845202251,4.633298085493032,3.827194408898327
IEL,0.0,0.0,0.0,0.0
IEM,0.708303336014054,1.2792139405522478,0.6543197731480977,0.0
IEQ,2.6223806710998603,0.1856786033352154,0.0,0.0
IER,0.0,0.6931471805599453,0.0,0.6931471805599453
IES,1.5813042316832728,0.46209812037329684,2.1249100080421623,0.0
IET,0.0,0.0,0.0,0.0
IEV,1.0986122886681098,1.1989476363991853,1.740889414994278,0.648636716351771
IEY,0.5493061443340549,0.46209812037329684,0.0,0.0
IFA,1.2792139405522478,1.0986122886681098,0.0,1.3862943611198906
IFC,0.46209812037329684,0.0,0.5545177444479562,0.0
IFD,0.0,0.0,0.0,0.0
IFE,2.030044099704045,1.6215917908794277,2.5649493574615367,1.4853153869141684
IFG,0.0,0.0,0.0,0.0
IFH,0.0,0.6931471805599453,2.1972245773362196,1.6215917908794277
IFK,1.8527920366854067,2.072643802400834,0.8551347861624953,1.8245340612920302
IFL,0.9729550745276566,0.40235947810852507,0.0,0.9729550745276566
IFQ,0.3271598865740489,3.674832774677366,2.9551754296556703,0.3044522437723423
IFS,0.5545177444479562,0.15767011966073635,0.34004373622307815,0.5941261547656673
IFV,0.0,0.0,0.0,0.0
IGA,0.0,0.0,0.0,0.0
IGD,0.0,0.0,0.0,0.0
IGE,0.0,0.6931471805599453,0.0,0.46209812037329684
IGG,1.3032386152085929,0.32057822951056014,1.3310213199979837,1.6409281251000154
IGH,0.40235947810852507,0.648636716351771,0.0,0.0
IGI,0.8549831191538455,0.0,0.0,0.648636716351771
IGK,0.3243183581758855,0.7675283643313486,3.5711988991139543,3.741414782072355
IGL,0.0,0.3243183581758855,0.0,0.22590060452618185
IGM,0.0,0.0,2.5533453476200982,2.952699528345521
IGP,0.9620845228532783,2.6592898033040364,1.0746286044838749,0.40235947810852507
IGQ,0.0,0.0,0.0,0.0
IGR,1.6479184330021646,1.433407575382444,2.033105440735637,1.6215917908794277
IGT,0.9671607861079322,0.0,1.3415751881805393,1.4719249777896741
IGV,1.1882523095313346,1.297273432703542,1.4853153869141684,0.716703787691222
IGY,0.40235947810852507,0.0,0.0,0.8047189562170501
IHA,0.0,0.0,0.0,0.0
IHC,0.0,0.0,0.0,0.0
IHI,0.0,0.0,1.0986122886681098,1.0986122886681098
IHL,0.8047189562170501,0.0,0.0,0.716703787691222
IHN,0.0,0.0,0.0,0.0
IHP,1.9344675489074454,1.023371152441798,1.639769483984817,2.9515019694617846
IHS,0.3243183581758855,0.3243183581758855,0.5941261547656673,0.0
IHV,1.6094379124341003,0.0,1.1295030226309093,0.0
IHW,3.223885813451625,1.3310213199979837,0.3271598865740489,0.8047189562170501
IIA,0.8047189562170501,0.9241962407465937,0.0,0.5493061443340549
IIC,0.0,0.0,0.0,0.0
IID,0.40235947810852507,0.358351893845611,0.716703787691222,0.46209812037329684
IIE,2.3138284080818816,1.0409350581920593,0.1647319579109741,0.0
IIF,0.0,0.0,0.0,0.0
IIG,1.2792139405522478,0.3243183581758855,1.3086395462961955,0.7675283643313486
III,1.1882523095313346,0.0,1.4210308697928313,1.2070784343255752
IIK,0.0,0.6931471805599453,1.297273432703542,0.0
IIL,0.0,0.0,0.358351893845611,0.0
IIN,0.40235947810852507,0.9729550745276566,0.46209812037329684,0.358351893845611
IIP,0.0,0.0,0.0,0.0
IIQ,2.1492572089677497,3.3014574078114234,2.9092914517530972,2.994250804717809
IIR,0.0,0.0,0.0,0.0
IIS,0.0,0.0,0.0,0.6931471805599453
IIT,0.0,1.023371152441798,0.511685576220899,0.0
IIV,0.29706307738283366,0.0,0.3868643144431728,0.8239592165010823
IIW,0.3243183581758855,0.46209812037329684,0.358351893845611,0.648636716351771
IIY,0.0,0.0,0.0,0.0
IKA,0.0,0.11728266833317777,0.0,1.416606672028108
IKD,0.0,0.0,0.0,0.0
IKE,0.0,0.0,1.922571505169192,0.40235947810852507
IKF,0.358351893845611,0.5941261547656673,0.3243183581758855,0.0
IKG,0.9729550745276566,1.922571505169192,0.9591581091193483,1.8072048362094548
IKH,1.6094379124341003,2.850449287208318,1.9183162182386966,1.6215917908794277
IKI,1.6094379124341003,0.6931471805599453,1.9183162182386966,0.0
IKK,2.8115411222052042,2.2684002553982774,2.273456178355218,2.3253839446470845
IKL,0.0,0.0,0.5493061443340549,0.0
IKM,1.6094379124341003,1.6215917908794277,0.9241962407465937,1.2070784343255752
IKN,1.0986122886681098,0.3243183581758855,0.0,0.0
IKQ,0.6931471805599453,0.0,0.5493061443340549,0.5493061443340549
IKR,0.0,0.0,0.6931471805599453,0.0
IKV,0.9214762984601425,3.0931530762041812,3.357053381917719,2.1073877981848996
IKY,0.0,0.5493061443340549,1.6094379124341003,0.0
ILA,0.0,0.0,0.6931471805599453,0.0
ILD,1.433407575382444,1.4809797823000905,0.9411215456883741,2.1748585628405928
ILE,0.0,0.0,0.4095450215378411,0.0
ILF,0.5493061443340549,0.0,0.5493061443340549,0.0
ILG,0.0,0.0,0.0,0.0
ILH,1.0750556815368328,0.9241962407465937,1.791759469228055,1.2070784343255752
ILK,0.0,0.0,2.8005328304019312,0.0
ILL,3.0715876615338082,3.4925429645725936,3.310008086590539,2.355079964463479
ILM,0.0,0.0,0.0,0.0
ILN,0.9241962407465937,0.5493061443340549,1.297273432703542,0.0
ILP,0.0,0.0,0.0,0.0
ILQ,0.5941261547656673,0.0,0.3243183581758855,0.9241962407465937
ILR,0.2558427881104495,0.5493061443340549,0.7883505983036818,1.0150220498520226
ILS,0.0,0.0,0.0,0.0
ILT,1.023371152441798,0.0,1.4210308697928313,0.40235947810852507
ILV,1.6043947641584313,2.1371881967370676,1.4431267842799174,1.530196813003852
ILY,0.0,0.0,0.5493061443340549,0.5493061443340549
IME,0.0,0.0,0.0,0.0
IMI,0.6777018135785455,0.27465307216702745,1.2435862814405005,1.7993793761572692
IML,0.5493061443340549,0.9241962407465937,0.648636716351771,1.0986122886681098
IMN,0.0,0.0,0.0,0.0
IMY,0.0,0.0,0.0,0.0
INA,0.5941261547656673,0.0,0.0,0.0
INC,0.46209812037329684,0.0,0.0,0.0
IND,0.0,0.0,0.0,0.0
INE,1.6215917908794277,0.0,0.0,0.9241962407465937
ING,0.40235947810852507,0.8047189562170501,0.8047189562170501,1.0750556815368328
INI,0.0,0.46209812037329684,0.46209812037329684,0.0
INK,0.3243183581758855,0.716703787691222,0.0,0.40235947810852507
INN,0.6411564590211203,3.615509820541053,3.203000095549383,1.6381800861513645
INP,0.0,0.0,0.0,0.0
INQ,0.0,0.0,0.0,0.0
INR,0.6931471805599453,0.0,0.8047189562170501,0.0
INS,0.0,0.0,0.0,0.0
INT,0.6931471805599453,0.0,0.9591581091193483,1.1882523095313346
INY,0.9241962407465937,1.0986122886681098,1.3862943611198906,0.0
IPA,0.0,0.0,0.0,0.0
IPC,0.6931471805599453,0.0,0.0,0.0
IPE,0.589878836712387,0.0461512051684126,0.3537587747839044,0.42181421833507443
IPF,0.9241962407465937,0.0,0.21374577978846138,0.0
IPG,0.0,0.0,0.0,0.6931471805599453
IPH,0.14719249777896742,4.030728529480069,4.209750742689697,0.16357994328702444
IPI,1.2792139405522478,1.1605929433295186,0.5493061443340549,1.2070784343255752
IPK,0.8047189562170501,0.5493061443340549,0.9729550745276566,0.6931471805599453
IPL,0.0,0.07219734406847411,0.09640951700341174,3.256163173371527
IPN,0.0,0.0,0.0,1.2070784343255752
IPP,0.0,0.0,0.0,0.0
IPQ,0.0,0.0,0.0,0.0
IPS,0.1770758340035135,2.1500640962883697,0.0,1.5767011966073636
IPV,0.9036024181047274,0.4518012090523637,0.36967849629863747,0.0
IPY,0.0,0.0,0.0,0.0
IQA,2.1879041668000205,2.662497195751219,0.0,1.7044580746821845
IQD,0.0,0.0,0.0,0.0
IQE,0.0,0.0,1.0986122886681098,1.0986122886681098
IQF,0.40235947810852507,0.0,1.8072048362094548,2.436052919644854
IQG,0.0,0.0,0.358351893845611,0.9241962407465937
IQI,2.3019858420456756,0.9591581091193483,0.5941261547656673,2.2330485096744495
IQK,3.0379441554104836,2.6977924155442317,3.292207161271201,2.6066067948913187
IQL,0.0,0.0,0.0,0.0
IQM,1.9344675489074454,0.23978952727983707,0.2030044099704045,1.8072048362094548
IQR,0.6931471805599453,0.6931471805599453,0.9729550745276566,0.5493061443340549
IQS,0.0,0.0,0.0,0.0
IQY,1.2792139405522478,1.5767011966073636,1.1605929433295186,1.068728898942307
IRA,0.8239592165010823,0.891189232148501,1.1401797148833273,1.1295030226309093
IRD,0.0,0.0,0.0,0.0
IRE,1.0986122886681098,2.046742304883596,1.4853153869141684,1.0986122886681098
IRF,0.0,0.0,0.0,0.0
IRG,1.5638863382503114,1.8527920366854067,1.709750557389654,2.281733214926074
IRI,2.2330485096744495,2.1249100080421623,2.315278921579923,1.8920414359288362
IRK,0.7193685818395111,0.648636716351771,0.6170749092917044,0.23978952727983707
IRL,0.9241962407465937,1.1450596030091713,0.7737286288863456,0.9591581091193483
IRN,2.1249100080421623,2.5654043584874864,2.5022724622424466,1.068728898942307
IRP,1.3862943611198906,0.6931471805599453,0.9241962407465937,1.2070784343255752
IRQ,1.6215917908794277,0.716703787691222,0.8047189562170501,0.9729550745276566
IRR,0.0,0.0,0.0,0.0
IRS,0.0,0.0,0.0,0.0
IRT,2.720349889784625,2.355079964463479,2.5654043584874864,2.70805020110221
IRY,1.1446624014950486,2.3005060878186407,1.0560529210934682,2.4761533688963264
ISA,2.62534881637439,0.26823965207235,0.8741268903666201,2.02820730215651
ISD,0.5802964716647593,0.47957905455967414,0.09831313945206448,0.11728266833317777
ISE,0.23978952727983707,0.0,0.27465307216702745,0.0
ISF,0.6931471805599453,0.0,0.40235947810852507,1.3862943611198906
ISG,0.0,0.0,0.0,0.0
ISH,0.6931471805599453,0.0,0.0,0.6931471805599453
ISI,0.0,0.0,0.0,0.0
ISK,1.619117475568642,0.2949394183561935,0.4691306733327111,0.9036024181047274
ISL,0.0,0.0,0.0,0.0
ISM,2.2330485096744495,1.0750556815368328,2.0763613580565377,2.6714900494554716
ISN,0.0,0.0,0.0,0.0
ISP,3.036644791024522,2.255967938014229,1.908794189207751,0.0
ISQ,0.0,0.0,0.0,0.0
ISR,0.8239592165010823,0.3243183581758855,0.5493061443340549,1.9183162182386966
ISS,0.8549831191538455,0.9036024181047274,0.0,0.0
IST,0.8239592165010823,0.891189232148501,0.358351893845611,0.0
ISV,1.023371152441798,1.4387371636790223,0.8549831191538455,0.9729550745276566
ISW,0.0,0.0,0.0,0.0
ISY,3.2886990913386493,2.1415154528426634,1.9548579228128893,0.0
ITA,1.433407575382444,0.0,0.0,0.648636716351771
ITC,0.0,0.0,0.0,0.0
ITD,2.5503280216730864,2.535259127695638,2.461392187650023,2.5877494740904625
ITE,0.0,0.0,0.0,0.0
ITF,0.0,0.0,0.0,0.0
ITG,0.22590060452618185,0.27465307216702745,0.22590060452618185,0.2558427881104495
ITH,0.0,0.0,0.358351893845611,0.358351893845611
ITI,0.0,0.0,0.0,0.0
ITK,0.0,1.0986122886681098,0.0,0.8047189562170501
ITL,0.8047189562170501,0.5493061443340549,0.6931471805599453,1.433407575382444
ITP,0.0,0.0,0.0,0.0
ITQ,0.0,1.1882523095313346,0.5941261547656673,0.0
ITR,0.0,1.6094379124341003,0.0,0.0
ITS,0.0,0.358351893845611,0.0,0.358351893845611
ITT,0.0,2.930675842081122,0.0,0.0
ITV,0.358351893845611,0.5493061443340549,0.891189232148501,0.0
IVA,0.9241962407465937,0.0,1.2070784343255752,0.8047189562170501
IVC,0.6931471805599453,0.5493061443340549,0.0,0.0
IVD,0.0,0.0,0.0,0.0
IVE,1.4210308697928313,0.8047189562170501,0.6682475365147633,0.4325752829284454
IVF,0.0,0.0,0.0,0.3243183581758855
IVG,0.22590060452618185,0.1425224643604159,0.0,0.17002186811153908
IVH,0.0,0.0,0.0,0.0
IVI,0.20913812126408315,2.735704003991599,0.056580634112851844,0.0
IVK,0.9591581091193483,0.406008819940809,1.1090354888959124,1.1882523095313346
IVL,0.4558133680833376,0.0,3.870867346055951,0.8522290373410922
IVM,0.9241962407465937,1.297273432703542,1.433407575382444,0.0
IVN,1.624035279763236,1.8920414359288362,2.4141568686511503,2.1249100080421623
IVQ,0.0,0.0,0.0,0.0
IVR,1.2824746787307684,0.4518012090523637,1.1295030226309093,2.380306153561547
IVS,0.42749155957692275,0.0,0.10926586129582751,0.31370718189612473
IVT,1.1605929433295186,0.21853172259165501,0.8800441009112234,3.2633369250524065
IVV,0.2558427881104495,0.29706307738283366,0.8239592165010823,1.8072048362094548
IWF,2.6064772304171857,1.1401797148833273,0.9591581091193483,2.765993003203175
IWG,0.0,2.895030840487711,0.2006065507024569,0.0
IWI,0.0,0.6931471805599453,0.0,0.0
IWT,0.0,0.0,0.0,0.0
IWV,0.5493061443340549,0.5493061443340549,0.46209812037329684,0.0
IYA,0.891189232148501,0.7675283643313486,0.8239592165010823,0.0
IYD,1.8270396897336403,0.0,1.782378464297002,0.891189232148501
IYF,0.6931471805599453,0.0,1.3862943611198906,1.3862943611198906
IYG,0.0,0.0,0.0,0.0
IYI,1.4073920199981333,1.4431267842799174,1.0814445339727092,1.6720837917313247
IYL,0.40235947810852507,0.0,0.0,1.5572710185424037
IYN,1.297273432703542,1.782378464297002,1.433407575382444,1.6215917908794277
IYP,0.14719249777896742,1.546652133895273,1.8042874341995696,0.0
IYQ,0.5021931654404423,2.9199237675491516,2.270499008837372,1.596744083848223
IYR,0.0,0.0,0.0,0.0
IYS,3.281856250200031,2.012362782270809,2.7316465323956876,2.380306153561547
IYT,0.0,0.47957905455967414,0.0,0.8239592165010823
IYV,0.0,0.4518012090523637,0.0,0.0
IYW,0.0,0.0,2.046742304883596,1.6215917908794277
KAA,0.6931471805599453,0.0,1.0986122886681098,0.46209812037329684
KAC,1.3732653608351373,1.433407575382444,1.9237120180961527,0.8047189562170501
KAD,1.3862943611198906,1.3862943611198906,0.648636716351771,1.0750556815368328
KAE,1.782378464297002,0.9241962407465937,0.5493061443340549,0.6931471805599453
KAF,0.3243183581758855,0.406008819940809,0.0,0.3243183581758855
KAG,0.0,0.0,0.17002186811153908,0.354151668007027
KAI,0.0,0.0,0.5802964716647593,0.716703787691222
KAK,0.9241962407465937,1.297273432703542,1.4853153869141684,1.2070784343255752
KAL,1.536952463735239,1.6917246050779422,2.7212088552608966,3.0933725052321543
KAM,0.0,0.7675283643313486,0.8549831191538455,0.9729550745276566
KAN,0.9241962407465937,1.6094379124341003,2.0794415416798357,1.6094379124341003
KAP,2.2078874666845114,1.624035279763236,2.866815150764888,2.1459172165788
KAQ,0.0,0.6931471805599453,1.6094379124341003,1.3862943611198906
KAR,1.6094379124341003,0.0,1.0750556815368328,1.0986122886681098
KAS,0.0,0.46209812037329684,0.0,1.0986122886681098
KAT,1.4853153869141684,0.0,0.3243183581758855,1.4853153869141684
KAV,0.0,0.0,0.0,0.0
KAW,0.9241962407465937,0.5493061443340549,0.0,0.891189232148501
KCC,2.6561375100527025,1.6094379124341003,3.1690739096195473,1.433407575382444
KCF,1.3862943611198906,1.9459101490553132,1.782378464297002,0.9241962407465937
KCG,0.0,0.0,0.0,0.0
KCI,0.0,0.0,0.0,0.0
KCK,0.3243183581758855,0.358351893845611,0.9036024181047274,0.0
KCL,0.9241962407465937,0.5493061443340549,0.0,0.6931471805599453
KCP,0.0,0.0,0.0,0.0
KCR,0.6931471805599453,0.5493061443340549,1.782378464297002,1.3732653608351373
KCY,0.0,0.0,0.0,0.0
KDA,0.7675283643313486,0.716703787691222,0.23978952727983707,1.3862943611198906
KDD,0.5493061443340549,0.23978952727983707,0.9671607861079322,0.716703787691222
KDE,2.7348802085000257,2.244047606573921,0.9133567313170269,1.3411982603617503
KDF,0.7675283643313486,0.358351893845611,1.425224643604159,0.0
KDG,0.21374577978846138,0.0,0.17002186811153908,0.6412373393653842
KDH,1.3862943611198906,0.716703787691222,0.648636716351771,0.0
KDI,0.0,0.0,0.46209812037329684,0.0
KDL,0.7126123218020795,0.400948521908858,0.30117367035324333,0.7611306094308558
KDM,0.0,0.0,0.0,0.0
KDN,1.0986122886681098,0.5493061443340549,0.5493061443340549,0.6931471805599453
KDQ,0.0,0.0,0.0,0.0
KDR,0.5941261547656673,0.5493061443340549,0.0,1.1882523095313346
KDS,1.712864110072213,0.9768542818762619,3.5041916336725203,0.8236597895548705
KDT,0.0,0.0,0.0,0.0
KDV,0.0,0.0,0.0,0.0
KDY,0.0,0.0,0.0,0.0
KEA,0.0,0.0,0.0,0.0
KEC,0.0,0.0,0.0,0.0
KED,0.46209812037329684,0.716703787691222,0.358351893845611,0.0
KEE,0.0,0.0,0.0,0.0
KEF,0.5493061443340549,0.8047189562170501,1.068728898942307,1.4210308697928313
KEG,1.0986122886681098,0.22359586469675655,0.7126123218020795,0.9591581091193483
KEH,0.0,0.0,0.0,0.0
KEI,1.4853153869141684,1.068728898942307,1.1605929433295186,1.624035279763236
KEK,0.0,0.0,0.0,0.1934321572215864
KEL,0.648636716351771,0.0,0.3243183581758855,0.0
KEM,0.46209812037329684,0.40235947810852507,1.4787139851945499,0.3243183581758855
KEN,0.0,0.6931471805599453,0.0,0.9241962407465937
KEP,0.406008819940809,0.0,0.40008734148652353,0.0
KEQ,0.0,0.0,0.0,0.0
KER,0.0,0.0,0.0,0.0
KES,0.0,0.0,0.0,0.0
KET,2.762062409922433,3.1760465471828505,2.0850435032129524,0.9339940818964543
KEV,0.5493061443340549,0.6777018135785455,0.47301035898220906,0.9241962407465937
KEW,1.3862943611198906,1.6215917908794277,2.0794415416798357,1.3862943611198906
KEY,0.9729550745276566,1.3862943611198906,1.6094379124341003,1.433407575382444
KFA,0.6931471805599453,1.0986122886681098,0.6931471805599453,0.0
KFD,0.0,0.0,0.0,0.0
KFE,0.716703787691222,0.0,0.0,0.8047189562170501
KFG,0.9241962407465937,1.0750556815368328,1.3862943611198906,1.3862943611198906
KFK,0.0,1.4409819632803424,1.5926865982541536,3.257854066390263
KFL,0.0,0.0,0.0,0.0
KFN,0.6931471805599453,1.0986122886681098,0.0,0.9241962407465937
KFP,0.0,0.0,0.0,0.0
KFR,0.0,0.0,0.0,0.0
KFS,1.416606672028108,0.891189232148501,0.8549831191538455,2.2330485096744495
KFT,1.3862943611198906,1.297273432703542,1.0986122886681098,1.2070784343255752
KFV,0.0,0.0,0.0,0.0
KFY,0.0,0.0,0.0,0.0
KGA,1.782378464297002,2.6494649600214135,2.0117973905426254,2.1581057455185335
KGE,0.0,0.0,0.0,0.0
KGF,0.3243183581758855,1.1882523095313346,1.6215917908794277,0.46209812037329684
KGG,0.0,0.0,0.0,0.0
KGI,0.0,0.0,0.0,0.0
KGK,1.0150220498520226,1.9135024711265767,1.87024054922693,2.02820730215651
KGL,0.0,0.21374577978846138,0.0,0.2558427881104495
KGQ,0.9729550745276566,1.782378464297002,2.0913812126408318,0.7737286288863456
KGR,0.8418239574966185,0.5104855195318794,0.5217984087369546,0.3099014681240335
KGS,2.044429611063216,2.996885321036519,2.2472210751012924,0.5463293064791376
KGT,0.0,0.0,0.5941261547656673,0.0
KGV,0.9729550745276566,0.891189232148501,1.0986122886681098,1.433407575382444
KHC,0.5493061443340549,0.0,0.0,0.5493061443340549
KHG,0.0,0.0,0.0,0.0
KHI,0.0,0.0,0.0,0.0
KHN,1.433407575382444,3.0398775768545567,2.046742304883596,1.782378464297002
KHP,2.046742304883596,1.433407575382444,1.3862943611198906,1.782378464297002
KHQ,0.6777018135785455,0.2686571511209687,2.752277942907028,0.0
KHS,1.4787139851945499,1.0150220498520226,4.512364487639041,4.00045086863612
KHT,0.0,0.0,0.0,0.0
KHV,0.0,0.0,0.0,0.0
KHW,0.0,0.0,0.648636716351771,0.9729550745276566
KIA,1.355403627157091,2.4141568686511503,1.0624550040210812,0.0
KID,1.297273432703542,0.648636716351771,1.2070784343255752,0.5493061443340549
KIE,1.945926082541583,0.3932525578082579,1.826862804446278,2.42288189412707
KIF,0.9241962407465937,0.6931471805599453,1.1989476363991853,0.0
KIG,0.0,0.0,0.0,0.0
KIH,0.0,0.0,0.0,0.0
KII,0.0,0.0,0.0,0.0
KIK,3.0603848938023406,1.0986122886681098,1.479209712752637,2.7434990746020165
KIL,2.697501371663089,1.5727302530897305,1.5902783572280677,2.6561375100527025
KIM,0.8239592165010823,0.7193685818395111,1.9241690457065566,2.42288189412707
KIN,0.5493061443340549,0.0,0.0,0.0
KIP,1.4853153869141684,0.0,0.2030044099704045,1.4853153869141684
KIR,0.7193685818395111,0.47957905455967414,0.6908812674669447,0.0
KIS,1.416606672028108,0.7920396908201012,1.9913552618545092,3.536521415817441
KIT,1.140866607463037,3.314327684177308,1.5001704251187444,1.1179793234837827
KIV,0.7883505983036818,0.0,1.2395308380245946,0.7737286288863456
KIY,2.210284285450008,0.9671607861079322,0.5342970491842669,1.7592400249976667
KKA,1.068728898942307,0.7193685818395111,1.9343215722158644,2.0117973905426254
KKC,2.6561375100527025,1.433407575382444,3.1666320449958,2.1972245773362196
KKD,3.036644791024522,2.529858830967244,3.306246816836254,2.1628890679454185
KKE,0.511685576220899,0.354151668007027,0.5941261547656673,0.8418239574966185
KKG,0.0,0.0,0.0,0.0
KKH,0.7675283643313486,0.26401323027336704,2.7281367128247926,0.0
KKI,0.0,0.0,0.0,0.0
KKK,2.722589437503357,1.2299952314570313,2.374043740280362,2.6865715112096873
KKL,1.8072048362094548,0.8549831191538455,1.2395308380245946,1.433407575382444
KKM,0.0,0.0,0.5493061443340549,0.5493061443340549
KKN,0.0,0.0,0.0,0.0
KKP,2.1265392627313178,1.8483924814931874,0.5421126066358379,1.5497654514833479
KKQ,0.0,0.0,0.0,0.0
KKR,1.2070784343255752,0.9729550745276566,0.29706307738283366,1.297273432703542
KKS,1.2297772558321611,0.891904495022326,0.46675547173365517,2.6774497014365024
KKV,1.6479184330021646,1.1989476363991853,0.8853791700175675,1.023371152441798
KKW,2.892296315837252,1.297273432703542,2.8165163467596757,2.5022724622424466
KKY,0.5493061443340549,0.5493061443340549,0.46209812037329684,0.6931471805599453
KLA,1.8765226933308443,1.068728898942307,2.535259127695638,2.1277537294374507
KLD,0.0,0.0,0.0,0.0
KLE,0.9241962407465937,0.648636716351771,0.648636716351771,0.0
KLF,0.0,0.0,0.0,0.0
KLG,0.9620845228532783,1.898163982507835,1.9804205158855577,2.3680279258455443
KLI,0.0,0.0,0.0,0.0
KLK,0.8178997164351224,1.5987014619448707,0.2911202895250994,0.40539794771985693
KLL,2.6027091691911846,2.551321535274459,3.1923369953482146,2.8014613361036798
KLN,0.18483924814931874,3.208771376471041,4.2264584696148555,2.679398779854541
KLP,0.1425224643604159,2.625470941726102,1.5393098703077388,3.2098325381307524
KLQ,0.0,0.0,0.0,0.0
KLR,0.0,0.0,0.46209812037329684,0.0
KLS,0.358351893845611,0.0,0.0,0.0
KLT,1.0986122886681098,0.358351893845611,0.8239592165010823,0.5941261547656673
KLV,1.546949443209757,2.5531311803885752,3.946440655407413,2.402288521825177
KLW,0.0,0.07747536703100838,0.0,0.827902349286925
KLY,0.6931471805599453,0.0,0.6931471805599453,0.5493061443340549
KMA,0.0,0.0,0.648636716351771,0.7737286288863456
KME,0.0,0.0,0.0,0.0
KMG,0.0,0.0,0.0,0.0
KMH,0.0,0.358351893845611,0.716703787691222,0.9241962407465937
KMK,1.7908995167731467,1.709966238307691,0.648636716351771,1.3862943611198906
KMR,2.866815150764888,2.9172055557333607,1.9005648499224306,2.794948308709457
KMS,0.0,0.0,0.0,0.0
KMV,0.0,0.0,0.0,0.0
KMY,0.6931471805599453,0.0,0.0,0.0
KNA,0.9729550745276566,0.0,0.0,0.0
KNC,0.0,0.0,0.0,0.0
KND,0.0,0.0,0.0,0.0
KNF,0.7193685818395111,0.46209812037329684,0.0,0.7215633921399587
KNG,0.0,0.0,0.0,0.0
KNI,0.0,0.0,0.0,0.0
KNK,2.0851817843337486,0.0,1.9234693770633606,2.2330485096744495
KNL,0.21374577978846138,0.0,0.07030236972251241,0.12026056535665978
KNM,2.5227219145717816,2.355079964463479,2.6327235234386124,2.8671249534589043
KNN,1.6215917908794277,1.3732653608351373,2.030044099704045,1.2070784343255752
KNQ,0.6931471805599453,1.0986122886681098,0.0,0.6931471805599453
KNS,1.0750556815368328,0.891189232148501,0.9729550745276566,0.5493061443340549
KNT,1.766309973347609,0.0,0.0,0.0
KNW,1.6215917908794277,0.46209812037329684,1.3862943611198906,0.5493061443340549
KNY,0.0,0.0,1.0986122886681098,0.0
KPA,0.9241962407465937,0.9241962407465937,1.2070784343255752,0.5493061443340549
KPC,0.0,0.0,0.0,0.0
KPD,1.0986122886681098,0.0,0.9241962407465937,0.6777018135785455
KPE,1.791759469228055,0.8047189562170501,0.8853791700175675,1.791759469228055
KPF,0.0,0.0,0.716703787691222,0.9241962407465937
KPG,0.7819431691251557,1.4195461110080434,0.22041645445575028,0.3403236796879196
KPH,0.0,0.0,0.0,0.0
KPI,2.302585092994046,1.433407575382444,1.0750556815368328,2.5649493574615367
KPK,1.700218681115391,0.0,2.5995004466930154,0.0
KPL,1.2070784343255752,1.0986122886681098,1.6094379124341003,1.6094379124341003
KPM,0.8853791700175675,0.9671607861079322,1.068728898942307,1.6357994328702448
KPP,0.0,0.0,0.0,0.0
KPR,0.9241962407465937,1.0986122886681098,0.8047189562170501,1.0986122886681098
KPS,2.4790616760491893,1.6094379124341003,2.765993003203175,0.648636716351771
KPV,0.46209812037329684,1.2070784343255752,0.0,0.6543197731480977
KPW,0.27465307216702745,0.0,0.0,0.0
KPY,0.0,0.0,0.0,0.0
KQA,1.2070784343255752,0.9241962407465937,0.6777018135785455,1.023371152441798
KQD,2.1972245773362196,2.1581057455185335,1.709966238307691,1.6094379124341003
KQF,1.5350567286626973,0.0,1.8270396897336403,0.0
KQG,0.5527050139735558,2.4382268592550886,0.21972245773362198,0.9850762207768854
KQH,0.0,0.0,0.0,0.0
KQI,1.6094379124341003,1.9478341740386487,2.4084961713108557,2.961959564600181
KQK,0.9241962407465937,2.046742304883596,0.42749155957692275,1.6094379124341003
KQL,1.976783494931689,3.4047424624938403,0.0,1.9432813729345428
KQN,0.0,0.0,0.12026056535665978,0.0
KQP,0.0,0.0,0.0,0.0
KQR,0.46209812037329684,0.0,2.351203577673075,1.4387371636790223
KQT,1.4853153869141684,0.0,1.6785266909588594,1.3862943611198906
KQW,3.3507674804377348,3.7360576638296927,1.5765563454446108,2.0087726617617694
KQY,0.5493061443340549,0.716703787691222,1.0201312086692347,1.2792139405522478
KRA,2.218070977791825,0.0,1.993805361664022,2.137457797884614
KRD,0.8047189562170501,0.40235947810852507,1.6094379124341003,0.0
KRE,0.40235947810852507,0.0,0.0,0.0
KRF,1.922571505169192,0.9241962407465937,0.716703787691222,1.0986122886681098
KRG,0.40235947810852507,0.0,0.42756739308124764,0.23978952727983707
KRH,1.6479184330021646,0.0,0.8047189562170501,1.1882523095313346
KRI,1.9237120180961527,1.354025100551105,0.8239592165010823,1.2824746787307684
KRK,0.9729550745276566,1.4387371636790223,1.023371152441798,1.433407575382444
KRL,0.46209812037329684,0.5493061443340549,0.46209812037329684,1.6215917908794277
KRM,0.0,0.0,0.0,0.0
KRN,0.0,0.0,0.0,0.0
KRP,0.511685576220899,0.9671607861079322,1.5813042316832728,0.716703787691222
KRQ,0.0,0.5493061443340549,0.0,0.5493061443340549
KRR,1.0986122886681098,0.0,1.2070784343255752,1.2070784343255752
KRS,0.0,0.0,0.0,0.0
KRT,3.044607333229986,1.8558918457225086,1.3302194164688905,1.626982707651176
KRV,0.6931471805599453,0.6931471805599453,1.3862943611198906,1.6094379124341003
KSD,0.812017639881618,1.023371152441798,1.354025100551105,0.7193685818395111
KSE,3.2188758248682006,4.0999311580977915,3.2731263485170996,3.4637749818609835
KSF,0.0,0.0,0.0,0.0
KSG,0.9241962407465937,0.716703787691222,1.3862943611198906,1.0986122886681098
KSH,0.0,0.0,0.0,0.0
KSI,1.3086395462961955,0.9036024181047274,1.4722194895832201,1.709966238307691
KSK,0.0,0.0,0.0,0.0
KSL,0.12341498185834088,0.39097158456257786,0.7185348377317003,2.970630773828337
KSM,0.0,0.0,0.0,0.0
KSN,0.9591581091193483,1.0986122886681098,0.0,0.0
KSP,0.9671607861079322,1.297273432703542,0.058344433966706896,1.826354081344882
KSQ,2.8903717578961645,2.7966574578003813,2.030044099704045,2.772588722239781
KSS,1.3862943611198906,0.0,1.6094379124341003,0.0
KST,0.0,0.0,0.648636716351771,0.716703787691222
KSV,0.0,0.0,0.0,0.0
KSY,0.716703787691222,0.46209812037329684,0.9241962407465937,0.8047189562170501
KTA,0.9241962407465937,1.4853153869141684,1.297273432703542,1.433407575382444
KTD,1.0150220498520226,1.6357994328702448,0.9241962407465937,1.9343215722158644
KTE,2.0087726617617694,2.601187679732959,1.5493325759702523,3.7980072230704263
KTF,1.7908995167731467,1.0750556815368328,1.355403627157091,0.5493061443340549
KTG,0.0,3.3934353534021726,1.3855099927443932,0.0
KTH,1.0986122886681098,1.3862943611198906,0.0,1.6094379124341003
KTI,0.5493061443340549,0.8501093405576955,1.3601749448923126,1.0750556815368328
KTK,1.709966238307691,0.8047189562170501,1.4962204585192298,0.46209812037329684
KTL,0.0,0.0,0.0,0.0
KTN,1.9237120180961527,0.0,3.1690739096195473,0.0
KTP,0.6013028267832989,0.47960195082021967,0.16015000477746916,0.3044522437723423
KTQ,0.0,0.0,0.0,0.0
KTR,2.0402624173384694,2.9974488149797636,2.62534881637439,1.3086395462961955
KTT,0.0,0.716703787691222,0.3243183581758855,0.5941261547656673
KTV,1.8072048362094548,0.0,1.433407575382444,0.0
KTY,1.2070784343255752,1.2070784343255752,0.0,1.6094379124341003
KVA,0.46209812037329684,1.1882523095313346,0.0,1.3862943611198906
KVC,0.0,0.6931471805599453,0.40235947810852507,0.0
KVD,0.46209812037329684,0.3243183581758855,0.0,0.0
KVE,1.9237120180961527,2.3019858420456756,1.624035279763236,1.297273432703542
KVF,2.3650517949110452,1.3732653608351373,1.6785266909588594,2.2590060452618186
KVG,0.4518012090523637,0.9241962407465937,0.0,0.0
KVH,0.0,0.0,0.0,0.9729550745276566
KVI,1.683647914993237,0.3044522437723423,1.578268128349331,0.7819431691251557
KVK,3.19664923613487,3.7325503068154307,1.5337724575978473,1.98681215200879
KVL,1.0986122886681098,0.7193685818395111,2.033231729642506,2.2833918282925674
KVM,0.0,0.0,0.0,0.0
KVN,0.0,0.0,0.0,0.0
KVP,0.0,0.9241962407465937,0.46209812037329684,0.8047189562170501
KVQ,1.2070784343255752,0.9241962407465937,1.433407575382444,1.433407575382444
KVR,0.3868643144431728,2.8774743273580445,2.713224775272863,2.596458208520107
KVS,1.5813042316832728,1.2938747370452313,1.1295030226309093,1.023371152441798
KVT,1.3086395462961955,1.3943925202326009,0.6800874724461563,0.7193685818395111
KVV,0.0,0.0,0.0,0.0
KVY,0.0,0.0,0.2850449287208318,0.13032386152085929
KWC,0.6931471805599453,0.9241962407465937,0.0,0.0
KWI,2.535259127695638,2.4356179501787385,2.9501782549873425,1.831459842392078
KWK,1.2792139405522478,0.5493061443340549,2.380306153561547,0.0
KWR,2.2359586469675654,2.0635928529061087,2.204220443002444,2.850449287208318
KWT,0.0,0.45158309961105,3.2422094173807703,0.0
KWV,1.0986122886681098,2.0794415416798357,1.3732653608351373,1.6094379124341003
KYA,1.5211554766173827,3.7919972684961865,3.3842733657292805,2.694415004754023
KYD,0.0,0.0,0.0,0.0
KYE,0.0,0.6931471805599453,1.297273432703542,0.0
KYG,0.9241962407465937,0.9460207179644181,0.8178997164351224,0.9976572505229112
KYH,0.0,0.0,0.0,0.0
KYK,1.3086395462961955,0.0,1.8480926119135692,1.6785266909588594
KYN,1.2070784343255752,0.46209812037329684,1.3732653608351373,1.0986122886681098
KYP,1.0986122886681098,0.5493061443340549,1.6479184330021646,1.791759469228055
KYT,1.8575196420290676,1.5114654466302473,1.1424827678092508,0.9241962407465937
KYV,0.0,0.0,0.0,0.0
KYY,1.1295030226309093,0.7193685818395111,0.708303336014054,0.0
LAA,1.355403627157091,1.5350567286626973,1.068728898942307,1.8072048362094548
LAC,0.9241962407465937,0.716703787691222,0.7193685818395111,0.9241962407465937
LAD,0.0,1.0986122886681098,0.40235947810852507,1.0750556815368328
LAE,0.0,0.0,0.0,0.0
LAG,0.358351893845611,0.0,0.0,0.46209812037329684
LAI,1.0750556815368328,0.0,0.648636716351771,0.0
LAK,0.5493061443340549,0.6931471805599453,0.8047189562170501,0.5493061443340549
LAL,0.648636716351771,0.21853172259165501,0.0,0.10926586129582751
LAP,0.5493061443340549,0.46209812037329684,0.3243183581758855,0.40235947810852507
LAQ,1.5651710528772957,0.6908812674669447,1.9014443457717283,1.5474572577726913
LAR,0.0,0.511685576220899,0.0,0.0
LAS,1.8267134626340538,1.9548579228128893,2.8549968673277397,3.0477073230139986
LAT,0.9729550745276566,1.3732653608351373,1.1295030226309093,1.1989476363991853
LAW,0.0,1.7102695723249906,0.0,3.3745137466805954
LAY,0.0,0.40235947810852507,0.0,0.0
LCD,0.46209812037329684,0.0,0.9729550745276566,1.0750556815368328
LCG,0.0,0.0,0.0,0.13817625349338894
LCI,0.8047189562170501,0.46209812037329684,1.1989476363991853,0.716703787691222
LCK,0.0,0.6931471805599453,0.0,0.0
LCL,0.0,0.0,0.0,0.0
LCN,0.0,0.0,0.0,0.0
LCP,0.0,0.0,0.0,0.0
LCR,0.9241962407465937,0.6931471805599453,1.2792139405522478,0.0
LCT,0.9241962407465937,1.297273432703542,0.8239592165010823,0.6931471805599453
LCY,0.0,0.0,0.0,0.0
LDA,0.9036024181047274,0.0,0.7193685818395111,1.6479184330021646
LDD,0.0,0.0,0.0,0.0
LDE,0.1934321572215864,0.21853172259165501,0.10238625538446028,0.0
LDG,1.8270396897336403,1.2792139405522478,1.6094379124341003,2.060694968905544
LDI,0.7611306094308558,1.425224643604159,0.0,0.23978952727983707
LDK,0.5312275020105406,0.23978952727983707,0.0,0.511685576220899
LDL,0.358351893845611,0.0,0.0,0.358351893845611
LDM,0.0,0.0,0.0,0.0
LDN,0.2558427881104495,0.2558427881104495,0.0,0.5493061443340549
LDP,0.0,0.0,0.0,0.0
LDR,2.4141568686511503,1.9183162182386966,2.866815150764888,2.1265392627313178
LDS,0.8549831191538455,1.2792139405522478,0.29706307738283366,0.648636716351771
LDT,0.7393569925972749,0.42749155957692275,0.8639048730083861,0.7819431691251557
LDV,1.4853153869141684,0.6013028267832989,2.964986432818701,0.7393569925972749
LDW,0.0,0.0,0.0,0.0
LDY,0.0,0.0,0.0,0.6931471805599453
LEA,0.0,1.023371152441798,0.5493061443340549,0.0
LED,0.0,0.0,0.12676295638478188,1.425224643604159
LEE,1.0986122886681098,0.0,0.5493061443340549,0.0
LEF,0.8549831191538455,1.6479184330021646,0.9241962407465937,0.2558427881104495
LEG,0.2558427881104495,0.0,0.0,0.0
LEH,0.0,0.0,0.0,0.0
LEI,1.4387371636790223,1.4787139851945499,1.2780708128768383,1.5350567286626973
LEK,0.0,0.24682996371668176,0.0,0.7077286138903786
LEL,0.385638068013647,1.8974416155492324,0.20477251076892056,2.457828486301612
LEN,0.0,0.0,0.7675283643313486,0.0
LEP,0.0,0.0,0.11179793234837827,0.0
LEQ,0.0,0.0,0.0,0.0
LER,0.648636716351771,0.5493061443340549,0.5493061443340549,0.0
LES,0.9036024181047274,1.218026459822427,0.7675283643313486,0.8239592165010823
LET,0.0,0.0,0.40235947810852507,0.0
LEV,0.29706307738283366,0.0,0.21374577978846138,0.15222612188617116
LEW,1.766309973347609,0.7404898911500453,0.10926586129582751,0.22590060452618185
LEY,1.4387371636790223,1.297273432703542,0.3868643144431728,0.648636716351771
LFC,0.6931471805599453,0.6931471805599453,0.46209812037329684,0.0
LFD,2.1581057455185335,0.716703787691222,1.0750556815368328,0.9729550745276566
LFE,0.29706307738283366,0.4518012090523637,2.3283619763817294,3.151669962532872
LFF,2.1249100080421623,1.1295030226309093,2.218070977791825,1.4853153869141684
LFI,0.0,0.0,0.0,0.0
LFK,0.6931471805599453,0.40235947810852507,0.891189232148501,0.0
LFN,0.0,0.0,0.0,0.0
LFP,0.0,0.0,0.0,0.0
LFQ,1.7908995167731467,1.1989476363991853,1.3732653608351373,1.0750556815368328
LFR,1.8575196420290676,3.127772676500623,2.274214333679567,2.7847624476014743
LFS,1.0986122886681098,0.8047189562170501,0.46209812037329684,1.0750556815368328
LFT,0.0,0.0,0.0,0.0
LFV,0.5493061443340549,0.6931471805599453,0.0,0.6931471805599453
LFY,1.355403627157091,0.891189232148501,0.46209812037329684,0.0
LGC,0.0,0.0,0.0,0.0
LGD,0.0,0.0,0.0,0.0
LGE,0.0,0.0,0.0,0.46209812037329684
LGF,0.0,0.21374577978846138,0.2558427881104495,0.0
LGG,0.0,0.3243183581758855,0.5941261547656673,0.8047189562170501
LGI,1.9684663522303476,4.290035590046957,4.119063695911543,2.4707204411875274
LGK,0.5802964716647593,1.65580469857385,2.3886133897091244,1.7300032783987034
LGL,0.511685576220899,0.6412373393653842,0.40235947810852507,0.358351893845611
LGN,0.5941261547656673,0.0,0.0,0.716703787691222
LGP,0.0,0.0,0.0,0.0
LGQ,0.0,0.0,0.0,0.0
LGR,0.9241962407465937,0.5493061443340549,0.46209812037329684,1.0986122886681098
LGS,0.891189232148501,0.0,0.0,0.0
LGT,0.7675283643313486,0.3243183581758855,0.36967849629863747,0.648636716351771
LGV,1.770758340035135,1.433407575382444,1.9343215722158644,1.8072048362094548
LGY,0.0,0.0,0.0,0.0
LHA,1.140866607463037,0.34004373622307815,1.030196161345544,0.47957905455967414
LHE,0.0,0.0,0.0,0.0
LHH,0.0,0.6931471805599453,0.0,0.0
LHI,0.40235947810852507,0.40235947810852507,0.0,0.0
LHK,0.0,0.0,0.0,0.0
LHL,0.5312275020105406,0.0,0.8290575209603337,0.0
LHN,1.5474572577726913,0.9729550745276566,1.1295030226309093,0.5493061443340549
LHP,0.0,0.2595451697570672,2.9265147899422237,0.0
LHQ,0.6931471805599453,0.0,0.0,0.6931471805599453
LHR,0.0,1.0986122886681098,0.0,0.46209812037329684
LHS,0.0,1.3862943611198906,1.2070784343255752,1.0986122886681098
LHV,1.3862943611198906,0.9241962407465937,1.297273432703542,1.2070784343255752
LHY,0.9241962407465937,0.5493061443340549,1.0750556815368328,0.40235947810852507
LIA,0.354151668007027,1.360098533106251,1.1634900875393808,0.5212954460834371
LIC,0.0,0.0,0.0,0.0
LID,1.0750556815368328,0.29706307738283366,0.21374577978846138,1.3732653608351373
LIE,0.8047189562170501,1.624035279763236,0.42749155957692275,1.0986122886681098
LII,0.0,0.0,0.0,0.0
LIK,0.0,0.0,0.0,0.24709793686646112
LIL,0.0,0.0,0.3243183581758855,0.9591581091193483
LIM,0.0,0.0,0.0,0.0
LIN,1.0986122886681098,0.0,0.0,0.0
LIP,0.0,0.0,0.0,0.0
LIQ,0.0,0.0,1.1882523095313346,2.4849066497880004
LIR,0.46209812037329684,0.46209812037329684,0.7193685818395111,0.5941261547656673
LIS,0.0,0.0,0.0,0.0
LIV,0.0,0.0,0.0,0.0
LIY,2.6484262747484673,1.9135024711265767,2.7471897635881173,0.891189232148501
LKA,0.0,0.0,0.0,0.0
LKC,0.0,0.0,0.0,0.0
LKD,0.0,0.0,0.0,0.0
LKE,0.1928190340068235,0.15270353513662008,2.0248353163751744,0.2775826821845492
LKF,0.4518012090523637,0.812017639881618,0.6777018135785455,2.207381675250309
LKG,0.8047189562170501,0.40235947810852507,1.355403627157091,1.9459101490553132
LKI,1.0750556815368328,0.0,1.3732653608351373,1.2070784343255752
LKK,2.3765046190626693,1.3222176358602133,1.3418386962832776,1.7591064591995471
LKL,0.0,0.0,0.27465307216702745,0.0
LKM,1.8512247278751133,3.0090982605368537,2.02820730215651,2.8671249534589043
LKN,1.0986122886681098,0.0,1.0986122886681098,0.0
LKP,1.8765226933308443,1.4769058147758416,0.5250988292101929,0.1856786033352154
LKQ,0.5493061443340549,1.530196813003852,1.2395308380245946,1.6479184330021646
LKR,1.068728898942307,0.22590060452618185,0.6412373393653842,0.891189232148501
LKS,0.46209812037329684,0.9729550745276566,0.46209812037329684,1.1882523095313346
LKT,1.179757673424774,3.113317321544196,1.847281148272224,0.5212954460834371
LKV,0.0,0.5493061443340549,0.5493061443340549,1.0986122886681098
LKW,1.023371152441798,2.321185886659037,1.9459101490553132,0.0
LKY,1.5767011966073636,0.9672337744537227,1.6043947641584313,1.3601749448923126
LLA,1.9237120180961527,1.9789395845202251,2.961959564600181,3.0185441734062133
LLC,0.3271598865740489,0.0,1.0239904792010273,1.7278097460167723
LLD,0.7126123218020795,0.48104226142663914,1.1036908376251544,1.619117475568642
LLE,0.354151668007027,0.0,0.0,0.354151668007027
LLF,1.7343713162681,2.1277537294374507,2.215505645854608,1.8270396897336403
LLG,0.0,0.6777018135785455,0.23978952727983707,0.27465307216702745
LLH,0.5493061443340549,0.0,0.0,0.6931471805599453
LLI,2.564625836084481,0.0,0.0,0.0
LLK,0.354151668007027,0.0,0.0,1.0624550040210812
LLL,1.4335624767294521,0.6908812674669447,1.1901530767807735,1.3247324800107068
LLM,2.033231729642506,2.509657455168998,3.1267746992731547,1.6785266909588594
LLN,0.9036024181047274,0.358351893845611,0.8239592165010823,1.2070784343255752
LLP,2.1277537294374507,0.4518012090523637,1.7993793761572692,2.210284285450008
LLQ,2.072643802400834,0.0,1.7435577384702752,0.9976572505229112
LLR,2.5279829608596995,2.8430713485320704,3.567711191544909,2.619742624226214
LLS,0.9729550745276566,0.0,0.9241962407465937,1.2938747370452313
LLT,0.0,0.0,0.0,0.0
LLV,0.5802964716647593,0.891189232148501,0.06445622680040654,2.0658394264183535
LLY,0.7193685818395111,0.0,0.0,0.5675199160175287
LMA,0.0,0.8549831191538455,0.891189232148501,0.716703787691222
LME,0.0,0.0,0.0,0.0
LMF,2.1277537294374507,2.765993003203175,3.0423109532347654,1.6479184330021646
LMG,0.5493061443340549,0.0,0.0,0.6931471805599453
LMI,0.0,0.0,0.0,0.0
LMK,0.648636716351771,0.47957905455967414,0.0,0.6274143637922495
LMN,0.358351893845611,0.358351893845611,0.0,0.0
LMR,2.7400701939510808,2.137457797884614,2.707926822847902,2.137457797884614
LMS,0.0,0.0,0.0,0.0
LMT,0.0,0.0,0.0,0.0
LMY,0.9241962407465937,0.0,0.0,0.0
LND,0.5493061443340549,0.46209812037329684,0.8047189562170501,0.40235947810852507
LNE,2.3069753330782543,1.9281903400682348,1.5840793816402023,1.8575196420290676
LNF,0.648636716351771,0.0,0.0,0.0
LNG,0.0,0.0,1.0750556815368328,0.29706307738283366
LNH,0.0,0.0,1.0986122886681098,1.0986122886681098
LNI,0.0,0.0,0.0,0.0
LNK,2.1501113630736657,2.543808055408063,1.7998970015680913,1.877130945780327
LNL,0.406008819940809,1.354025100551105,0.7193685818395111,0.23978952727983707
LNM,2.3978952727983707,2.402910225941144,2.3019858420456756,1.6094379124341003
LNN,2.030044099704045,0.6090132299112135,1.3943925202326009,1.9478341740386487
LNP,0.0,0.0,0.0,0.0
LNQ,0.5493061443340549,0.0,2.1581057455185335,1.433407575382444
LNR,0.9241962407465937,1.3862943611198906,0.9241962407465937,0.5493061443340549
LNT,0.46209812037329684,0.46209812037329684,0.0,0.0
LNV,1.0986122886681098,0.5493061443340549,1.3862943611198906,0.0
LNW,0.12026056535665978,4.16054983940389,4.556126859841092,3.6869706560985516
LPA,0.0,0.5493061443340549,0.0,0.6931471805599453
LPC,0.0,0.0,0.0,0.0
LPD,0.7393569925972749,0.0,1.1107348367250678,0.6338147819239095
LPE,0.5589896617418914,0.14841974760120263,3.388593942406297,0.3646506944666701
LPG,0.358351893845611,0.0,0.648636716351771,0.46209812037329684
LPH,0.0,0.0,0.0,0.0
LPI,0.7040352807289788,2.405879058755749,1.6310817629725518,0.9355465511206686
LPK,0.0,0.0,0.0,0.0
LPL,1.9343215722158644,0.47957905455967414,1.9478341740386487,2.137457797884614
LPM,0.0,1.6635532333438687,1.0986122886681098,1.2070784343255752
LPP,0.0,0.0,0.0,0.0
LPQ,1.8575196420290676,2.229761237555815,2.2671981699453707,2.6494649600214135
LPR,0.0,1.0986122886681098,0.0,0.0
LPS,0.0,1.0986122886681098,0.0,1.2070784343255752
LPV,0.40235947810852507,0.9591581091193483,0.0,0.9729550745276566
LPY,0.9729550745276566,0.40235947810852507,0.5493061443340549,0.40235947810852507
LQA,2.4932544801600818,1.7374435949383846,2.384880391615042,2.6645024365747845
LQD,0.0,0.0,0.0,0.0
LQE,1.297273432703542,0.0,0.5941261547656673,0.891189232148501
LQF,0.0,0.0,0.0,0.0
LQG,0.0,0.0,0.0,0.0
LQI,1.9478341740386487,1.4853153869141684,0.46209812037329684,1.1295030226309093
LQK,0.0,0.8047189562170501,1.3086395462961955,1.9343215722158644
LQL,0.8047189562170501,0.0,1.6479184330021646,1.297273432703542
LQM,0.17002186811153908,0.18483924814931874,0.0,0.0
LQN,0.0,0.0,0.2558427881104495,1.068728898942307
LQP,0.0,0.0,0.0,0.0
LQR,0.0,0.0,0.0,0.0
LQS,1.9183162182386966,2.2590060452618186,0.42749155957692275,1.9343215722158644
LQT,1.3862943611198906,1.2070784343255752,0.8047189562170501,1.6215917908794277
LQV,0.46209812037329684,0.0,0.5423275692170587,2.0809063587309384
LQW,0.0,0.0,2.0794415416798357,1.2070784343255752
LQY,0.0,0.0,0.0,0.0
LRA,1.4073920199981333,0.8639048730083861,0.7359624888948371,1.6028911475528007
LRD,1.433407575382444,2.1972245773362196,1.922571505169192,1.6479184330021646
LRE,0.0,0.0,0.0,0.0
LRF,0.46209812037329684,0.46209812037329684,0.46209812037329684,1.0750556815368328
LRG,2.634162479054285,3.2842578860674183,3.671421262357309,2.2316700241433196
LRH,0.6931471805599453,1.0986122886681098,0.5493061443340549,0.0
LRI,0.40235947810852507,0.0,0.716703787691222,0.46209812037329684
LRK,1.9183162182386966,1.416606672028108,1.9789395845202251,1.9789395845202251
LRL,0.7126123218020795,0.5100656043346173,0.7883505983036818,0.1770758340035135
LRM,0.0,0.0,0.0,0.6931471805599453
LRN,0.9241962407465937,0.9241962407465937,0.358351893845611,1.3862943611198906
LRP,0.2558427881104495,0.0,0.37024494557502263,1.9568611582055373
LRQ,2.024599857071647,0.8955238370698958,1.1467343507429906,2.2283706983303775
LRR,0.23978952727983707,0.29706307738283366,0.6090132299112135,0.7737286288863456
LRS,2.2283706983303775,2.3069753330782543,1.140866607463037,1.9789395845202251
LRT,0.6931471805599453,0.6931471805599453,0.0,0.0
LRV,1.4210308697928313,0.7737286288863456,0.6777018135785455,1.3732653608351373
LRW,2.072643802400834,1.3572324712709893,1.4080705614579576,2.453699149305367
LSC,0.0,0.0,0.13817625349338894,0.4518012090523637
LSE,0.0,0.0,0.648636716351771,0.0
LSF,0.5493061443340549,0.0,1.3732653608351373,1.355403627157091
LSG,0.0,0.6931471805599453,0.716703787691222,0.6931471805599453
LSH,0.8047189562170501,0.6931471805599453,0.46209812037329684,0.0
LSI,0.0,0.0,0.0,0.0
LSK,0.0,2.340033743823035,3.4550228812258763,2.4925998801793026
LSL,0.5493061443340549,0.29706307738283366,2.2590060452618186,0.9729550745276566
LSN,0.5493061443340549,0.0,1.0986122886681098,0.0
LSP,1.433407575382444,1.4853153869141684,1.1882523095313346,1.1295030226309093
LSQ,0.0,0.46209812037329684,1.6215917908794277,0.46209812037329684
LSR,0.0,0.0,0.9036024181047274,1.3732653608351373
LSS,0.716703787691222,0.9036024181047274,0.0,0.8549831191538455
LST,0.0,0.0,0.0,0.0
LSV,0.648636716351771,0.40235947810852507,1.1882523095313346,0.46209812037329684
LTA,1.0201312086692347,0.22590060452618185,0.0,0.3802888691543457
LTC,0.0,0.0,0.0,0.0
LTD,0.0,0.8239592165010823,0.9729550745276566,0.0
LTE,1.8703959489818391,2.6463314891524257,1.8731162243327117,2.8280122137214136
LTF,0.0,0.0,1.0986122886681098,0.46209812037329684
LTG,0.0,0.0,0.0,1.0986122886681098
LTI,0.6800874724461563,0.6777018135785455,0.6800874724461563,0.0
LTK,0.0,0.891189232148501,0.0,0.42749155957692275
LTL,1.0986122886681098,0.0,0.648636716351771,0.0
LTM,0.0,0.716703787691222,0.0,0.648636716351771
LTN,0.36967849629863747,1.495952688096049,1.7866993183615778,0.6555951677749651
LTP,0.5493061443340549,1.0986122886681098,0.5493061443340549,0.0
LTQ,1.0750556815368328,1.4853153869141684,1.416606672028108,1.1882523095313346
LTR,1.4387371636790223,1.5350567286626973,0.8853791700175675,1.416606672028108
LTS,1.3086395462961955,0.9036024181047274,1.9344675489074454,2.2833918282925674
LTT,2.4084961713108557,0.21853172259165501,2.122458164205806,1.9953145010458224
LTV,0.0,0.23978952727983707,0.0,0.0
LTY,0.0,0.6931471805599453,0.0,0.0
LVC,0.0,0.0,0.0,0.0
LVD,2.182651648120075,1.9986533320801372,1.8755591225039143,2.152418436039938
LVE,1.1450596030091713,0.0,0.11791959159463479,1.8512247278751133
LVF,0.0,0.0,0.0,0.0
LVG,0.5212954460834371,3.293802460687294,4.293771491059495,2.56763981020708
LVH,0.0,0.0,0.0,0.0
LVI,0.0,0.9671607861079322,1.023371152441798,1.023371152441798
LVK,0.6160308706378564,1.6832386386495524,0.44374953262520317,2.491484235438389
LVL,0.46209812037329684,0.0,0.9729550745276566,0.40235947810852507
LVN,2.459252969409291,2.376386632739777,1.6306200273029832,1.9241690457065566
LVP,1.0750556815368328,1.3862943611198906,1.6094379124341003,1.4853153869141684
LVQ,0.0,0.0,0.0,0.0
LVR,0.6931471805599453,0.9729550745276566,2.988781062068654,3.7206900945176358
LVS,2.123185841671136,2.127055484413416,1.2615678546102225,2.297184837893457
LVT,0.0,0.0,0.0,0.0
LVV,0.0,0.0,0.0,0.0
LVW,1.7993793761572692,1.068728898942307,1.8072048362094548,2.42288189412707
LVY,0.0,0.5493061443340549,0.8047189562170501,0.9241962407465937
LWD,0.0,0.0,0.0,0.0
LWI,0.0,0.0,0.0,0.0
LWM,0.45667836565851344,4.226119961905109,3.888100468972092,0.17002186811153908
LWY,0.0,0.0,0.0,0.6851456440288852
LYD,0.9241962407465937,0.7675283643313486,1.433407575382444,0.0
LYE,0.0,0.0,0.0,0.0
LYF,0.0,0.5493061443340549,0.0,0.0
LYG,0.0,0.0,0.0,0.6931471805599453
LYH,0.6931471805599453,0.0,0.0,0.0
LYK,0.0,0.0,0.0,0.0
LYL,0.0,0.0,0.0,0.0
LYN,0.5493061443340549,0.5493061443340549,0.0,0.6931471805599453
LYP,0.7193685818395111,0.0,0.45667836565851344,1.0201312086692347
LYQ,0.8549831191538455,1.4962204585192298,0.7675283643313486,1.297273432703542
LYR,1.6094379124341003,1.7908995167731467,0.9729550745276566,0.0
LYS,2.137836965406238,1.5474572577726913,2.359515346849548,1.1989476363991853
LYT,0.0,0.0,0.0,0.0
LYV,0.4518012090523637,0.35184800499953334,2.800716579638533,0.0
LYW,2.0402624173384694,0.0,1.770758340035135,1.782378464297002
LYY,0.0,0.0,0.0,0.0
MAA,0.0,0.0,0.0,0.0
MAE,0.0,0.0,0.0,0.4518012090523637
MAG,0.0,0.0,0.0,0.0
MAK,0.0,0.0,0.0,0.0
MAL,0.0,0.0,0.5493061443340549,0.6931471805599453
MAM,0.0,0.0,0.0,0.0
MAN,0.6931471805599453,0.0,0.0,0.0
MAP,0.0,0.0,1.0986122886681098,0.0
MAS,1.0986122886681098,1.3575648004417495,1.700218681115391,1.1989476363991853
MAT,0.8239592165010823,0.29706307738283366,1.4853153869141684,1.1901530767807735
MAV,0.0,0.9241962407465937,0.9241962407465937,1.0750556815368328
MAY,0.0,0.0,0.0,0.0
MDD,1.3497332380477645,3.55364279796777,3.3319884423677375,0.9241962407465937
MDE,0.0,0.0,0.0,0.0
MDG,0.10926586129582751,0.0,0.0,0.24052113071331957
MDH,0.6931471805599453,0.40235947810852507,0.46209812037329684,0.40235947810852507
MDI,2.1277537294374507,1.3732653608351373,0.29706307738283366,0.8047189562170501
MDL,1.0986122886681098,0.40235947810852507,1.0750556815368328,0.40235947810852507
MDN,0.0,0.6931471805599453,1.2070784343255752,1.0986122886681098
MDQ,0.6931471805599453,0.6931471805599453,1.3862943611198906,0.9241962407465937
MDR,0.0,0.0,0.0,0.716703787691222
MDT,1.0986122886681098,0.5493061443340549,0.0,0.0
MEA,0.0,0.0,0.0,0.0
MED,1.0986122886681098,0.8047189562170501,0.0,0.0
MEK,1.7908995167731467,0.0,0.27348802085000257,0.0
MEL,2.4849066497880004,2.4356179501787385,2.6561375100527025,0.6931471805599453
MEN,0.0,0.0,0.0,0.0
MER,0.40235947810852507,0.46209812037329684,0.358351893845611,0.6931471805599453
MEV,0.0,1.3862943611198906,0.46209812037329684,0.5493061443340549
MEY,0.0,0.0,0.0,0.0
MFC,2.2803594297666545,1.1090354888959124,2.244047606573921,1.5211554766173827
MFD,1.6635532333438687,1.709966238307691,1.87024054922693,2.321185886659037
MFK,2.033231729642506,2.7635250698677787,2.5877494740904625,2.1581057455185335
MFL,0.0,0.0,0.0,0.0
MFT,0.0,0.0,0.0,0.0
MGA,0.46209812037329684,0.0,1.297273432703542,0.0
MGG,0.0,0.0,0.0,0.0
MGH,0.0,0.0,0.0,0.0
MGI,1.1989476363991853,0.0,1.030347484452772,0.43706344518331003
MGK,0.9241962407465937,0.0,0.6931471805599453,0.46209812037329684
MGL,0.0,0.0,0.891189232148501,0.0
MGS,0.6931471805599453,0.0,0.0,1.0986122886681098
MGV,0.0,0.0,0.0,0.0
MGW,0.0,2.321185886659037,1.782378464297002,1.2070784343255752
MGY,0.45667836565851344,4.19325306926617,3.930562672963574,0.16357994328702444
MHA,0.0,0.6931471805599453,1.0986122886681098,0.5493061443340549
MHE,0.0,1.0986122886681098,1.3862943611198906,1.0986122886681098
MHI,0.0,0.0,0.0,0.0
MHN,0.0,0.0,0.0,0.0
MIA,0.0,0.0,0.0,0.0
MID,0.0,0.0,0.0,0.0
MIE,0.47957905455967414,0.0,1.3601749448923126,1.8270396897336403
MIG,2.033105440735637,1.0986122886681098,2.4141568686511503,2.961959564600181
MIK,0.0,1.3862943611198906,0.0,1.3862943611198906
MIL,0.0,0.0,0.0,0.0
MIN,0.0,0.0,0.0,0.0
MIP,1.0986122886681098,0.6931471805599453,0.6931471805599453,0.5493061443340549
MIS,0.0,0.0,0.0,0.0
MIT,0.0,0.0,0.0,0.0
MIY,0.0,0.0,0.0,0.0
MKA,0.0,0.0,0.0,0.0
MKC,1.0986122886681098,0.6931471805599453,0.0,0.5493061443340549
MKD,1.6215917908794277,1.782378464297002,0.648636716351771,0.9241962407465937
MKG,2.3978952727983707,2.736801091938045,1.2824746787307684,1.740889414994278
MKH,2.033105440735637,1.6094379124341003,1.3862943611198906,1.922571505169192
MKI,0.5493061443340549,0.716703787691222,0.0,0.0
MKK,0.8047189562170501,0.0,0.716703787691222,0.5493061443340549
MKL,0.0,0.0,0.0,0.3802888691543457
MKM,0.0,0.0,0.0,0.0
MKQ,0.9241962407465937,0.9241962407465937,0.0,0.46209812037329684
MKR,1.782378464297002,0.0,0.716703787691222,1.433407575382444
MKS,0.0,0.0,0.17002186811153908,0.37024494557502263
MKT,2.0794415416798357,1.433407575382444,1.2070784343255752,1.791759469228055
MLD,0.0,0.0,0.0,0.0
MLE,0.3243183581758855,1.2070784343255752,0.0,1.8765226933308443
MLF,0.9460207179644181,1.218026459822427,1.4586108491676724,3.2490806604384734
MLQ,0.0,0.0,0.0,0.0
MLR,0.0,0.0,0.0,0.0
MLS,0.6931471805599453,0.0,0.0,0.0
MLT,0.6931471805599453,0.40235947810852507,0.5493061443340549,0.648636716351771
MMA,0.0,0.0,0.0,0.0
MME,0.0,0.0,0.0,0.0
MNA,0.0,0.0,0.0,0.0
MND,0.0,0.0,0.0,0.0
MNE,0.0,0.0,0.0,0.0
MNG,0.6931471805599453,0.46209812037329684,0.46209812037329684,0.0
MNI,0.0,0.0,0.0,0.0
MNL,0.0,0.0,0.0,0.0
MNS,0.406008819940809,0.4518012090523637,1.1090354888959124,0.0
MNV,0.0,0.0,0.0,0.0
MNW,0.6931471805599453,0.0,0.9241962407465937,0.8047189562170501
MPC,0.0,0.0,0.0,0.0
MPE,0.0,0.0,0.0,0.0
MPH,1.3862943611198906,0.5493061443340549,1.3862943611198906,1.3862943611198906
MPK,1.791759469228055,1.7908995167731467,1.7908995167731467,1.3862943611198906
MPL,0.0,0.9241962407465937,0.0,0.6931471805599453
MPN,0.6931471805599453,0.46209812037329684,0.0,1.3862943611198906
MPQ,1.7908995167731467,2.1277537294374507,2.131165706406396,2.680392034232518
MPR,1.9459101490553132,0.46209812037329684,0.5493061443340549,0.0
MPT,0.0,0.0,0.0,0.0
MPV,0.0,0.0,0.0,0.0
MQG,0.0,0.6705991301808751,0.5312275020105406,0.9671607861079322
MQL,0.0,0.0,0.0,0.0
MQN,0.0,0.0,0.0,0.0
MQR,0.0,0.0,0.6931471805599453,0.6931471805599453
MQT,0.6931471805599453,0.5493061443340549,0.0,0.0
MQV,0.6931471805599453,0.0,0.5493061443340549,0.9241962407465937
MRA,0.0,0.9241962407465937,0.0,0.0
MRC,0.6931471805599453,0.0,0.5493061443340549,0.0
MRD,1.0986122886681098,0.8047189562170501,1.6094379124341003,0.0
MRF,0.0,0.0,0.0,0.0
MRG,4.44173832730843,4.326089691366457,3.379088312407725,3.8179497925533736
MRI,0.47957905455967414,1.0624550040210812,1.87024054922693,1.1090354888959124
MRP,0.0,0.0,0.0,0.46209812037329684
MRS,0.0,1.0986122886681098,0.6777018135785455,1.1882523095313346
MRV,0.0,0.0,0.0,0.0
MSC,0.0,0.0,0.0,0.0
MSK,0.358351893845611,1.433407575382444,0.46209812037329684,0.0
MSM,0.0,0.0,0.0,0.0
MSP,0.0,0.0,0.3294639158219482,1.8480926119135692
MSR,2.1972245773362196,2.765993003203175,2.66202208408042,2.402910225941144
MSS,0.6931471805599453,1.6094379124341003,1.791759469228055,1.433407575382444
MST,0.46209812037329684,0.0,1.354025100551105,2.5146180438806236
MSY,0.6931471805599453,0.0,0.0,0.0
MTD,0.9241962407465937,0.716703787691222,0.0,0.648636716351771
MTE,0.0,0.0,0.0,0.0
MTK,0.406008819940809,1.4187997900438216,1.5357938307669041,0.0
MTL,0.0,0.0,0.0,0.0
MTN,0.0,0.0,0.0,0.0
MTQ,1.87024054922693,0.0,0.0,0.0
MTT,0.0,0.0,0.0,0.0
MTV,0.0,0.0,0.0,0.0
MTW,0.0,0.0,0.891189232148501,1.9459101490553132
MVE,0.5493061443340549,0.0,0.0,0.6931471805599453
MVF,0.0,0.0,0.0,0.0
MVG,0.0,0.0,0.0,0.0
MVH,1.2792139405522478,1.791759469228055,1.2792139405522478,0.0
MVL,0.0,0.0,0.0,0.0
MVN,0.0,0.0,0.0,0.0
MVQ,0.4518012090523637,0.0,0.3243183581758855,1.4853153869141684
MVR,0.0,0.0,0.0,0.0
MVT,0.0,0.6931471805599453,0.0,0.0
MVV,0.0,0.0,0.0,0.0
MVW,0.0,0.0,0.0,0.0
MYA,0.6931471805599453,0.0,0.0,0.6931471805599453
MYD,1.297273432703542,1.2792139405522478,0.5493061443340549,1.3862943611198906
MYM,0.0,0.0,0.0,0.0
MYS,0.9241962407465937,0.0,0.0,0.0
MYT,0.0,0.0,0.0,0.0
MYW,0.0,0.0,0.0,0.0
NAA,1.023371152441798,0.0,1.624035279763236,1.5350567286626973
NAC,0.0,0.0,0.0,0.0
NAD,0.0,0.0,0.0,0.46209812037329684
NAE,0.0,0.0,0.0,0.0
NAF,0.0,0.0,0.0,0.0
NAG,0.0,0.0,0.0,0.0
NAK,0.6931471805599453,0.6931471805599453,0.358351893845611,0.29706307738283366
NAL,0.29438499555793485,1.068728898942307,0.0,0.4518012090523637
NAN,1.023371152441798,0.5493061443340549,0.0,2.046742304883596
NAP,0.5493061443340549,0.0,0.0,1.2070784343255752
NAQ,1.2070784343255752,0.0,0.0,0.0
NAS,0.46209812037329684,0.5493061443340549,1.023371152441798,0.9591581091193483
NAT,0.0,0.0,0.0,0.0
NAW,0.0,0.0,0.0,0.0
NAY,0.6931471805599453,0.6931471805599453,0.6931471805599453,1.0986122886681098
NCA,0.0,0.0,0.0,0.0
NCK,0.0,0.0,0.0,0.0
NCP,0.0,0.0,0.0,0.0
NCS,0.0,0.0,0.27465307216702745,0.0
NCY,1.922571505169192,2.046742304883596,1.9183162182386966,0.0
NDE,0.0,0.0,0.0,0.0
NDF,0.6931471805599453,0.0,0.0,0.0
NDG,0.46209812037329684,0.6931471805599453,0.0,0.0
NDI,0.13817625349338894,2.620204291913828,4.0398848057996295,2.8004432844865597
NDL,0.5941261547656673,1.1882523095313346,0.06682475365147633,1.0238625538446027
NDP,0.1934321572215864,0.23978952727983707,0.5941261547656673,2.5146180438806236
NDQ,0.0,0.0,0.0,0.0
NDR,0.0,0.0,0.0,0.0
NDV,1.894417515976202,1.2241735553814925,0.0,0.0
NEC,0.0,0.0,0.9976572505229112,0.511685576220899
NEE,1.4853153869141684,0.0,0.0,0.47957905455967414
NEH,0.0,0.0,0.0,0.0
NEK,2.518257283289107,1.254828727584499,1.8575196420290676,2.453699149305367
NEL,0.9671607861079322,1.068728898942307,0.0,0.0
NEN,0.8047189562170501,0.8047189562170501,0.46209812037329684,1.6094379124341003
NEQ,0.0,0.0,0.0,1.6635532333438687
NER,2.380306153561547,1.5813042316832728,1.0750556815368328,2.5146180438806236
NES,0.0,0.0,0.0,0.0
NET,0.0,3.7876585973580124,3.2872675668207334,1.416606672028108
NEV,1.354025100551105,0.0,0.5493061443340549,1.5350567286626973
NFA,1.709966238307691,0.6777018135785455,0.3243183581758855,0.0
NFG,0.0,0.0,0.0,0.0
NFI,1.1882523095313346,0.716703787691222,0.648636716351771,0.8047189562170501
NFK,0.0,0.0,0.0,0.0
NFL,1.782378464297002,0.648636716351771,0.716703787691222,2.5649493574615367
NFM,1.0986122886681098,0.6931471805599453,1.791759469228055,0.0
NFN,1.433407575382444,1.0986122886681098,0.0,1.355403627157091
NFP,0.0,0.0,0.0,0.0
NFR,0.0,0.0,0.0,0.0
NFS,0.0,0.0,0.0,0.0
NFT,1.1036908376251544,0.7737286288863456,0.17303011317137817,0.7021229274585992
NFV,2.0794415416798357,2.6823965207235005,2.2803594297666545,1.6635532333438687
NFY,1.1605929433295186,0.4518012090523637,0.9976572505229112,0.27465307216702745
NGA,0.0,0.0,0.0,0.0
NGD,0.0,0.0,0.0,0.0
NGE,0.0,0.0,0.0,0.0
NGG,0.40235947810852507,0.358351893845611,0.40235947810852507,0.5493061443340549
NGK,0.0,0.46209812037329684,0.9729550745276566,0.358351893845611
NGL,0.0,0.0,0.0,0.0
NGM,0.0,0.0,0.0,0.0
NGN,0.0,0.0,0.0,0.0
NGR,0.5493061443340549,0.46209812037329684,0.0,1.3862943611198906
NGS,0.8047189562170501,0.9241962407465937,0.40235947810852507,0.46209812037329684
NGT,0.0,0.0,0.9241962407465937,0.8047189562170501
NGV,1.8920414359288362,2.0980546915917953,0.5887699911158697,0.358351893845611
NGY,0.46209812037329684,0.40235947810852507,0.9729550745276566,0.0
NHD,0.8047189562170501,0.40235947810852507,0.5493061443340549,1.3862943611198906
NHI,0.0,0.0,0.0,0.0
NHL,0.0,0.0,1.0986122886681098,1.0986122886681098
NHP,1.8270396897336403,2.2833918282925674,1.624035279763236,2.850449287208318
NHR,0.0,0.6931471805599453,0.0,0.46209812037329684
NHT,1.1295030226309093,1.425224643604159,0.0,0.2558427881104495
NHY,0.0,0.0,0.0,0.0
NIE,0.9241962407465937,0.7193685818395111,5.007758269329667,4.134699540643003
NIF,1.2070784343255752,1.6094379124341003,1.1882523095313346,1.297273432703542
NIG,0.0,1.0986122886681098,1.0986122886681098,0.6931471805599453
NIH,0.0,0.0,0.0,0.0
NIK,0.0,0.8047189562170501,1.0986122886681098,0.5493061443340549
NIL,0.5941261547656673,0.8047189562170501,0.8047189562170501,0.5493061443340549
NIN,0.8047189562170501,0.0,0.9241962407465937,0.0
NIP,0.40235947810852507,0.0,0.0,0.0
NIR,0.0,0.40235947810852507,0.46209812037329684,0.0
NIS,0.0,0.0,0.0,0.0
NIT,0.0,0.0,0.0,0.0
NIV,0.0,0.0,0.0,0.0
NKA,0.6931471805599453,0.2558427881104495,0.0,0.0
NKC,0.0,0.0,0.0,0.0
NKD,0.2030044099704045,0.21374577978846138,0.2558427881104495,0.8047189562170501
NKF,1.782378464297002,0.6931471805599453,1.2070784343255752,0.9241962407465937
NKG,0.0,0.0,0.0,0.0
NKI,0.7883505983036818,0.2030044099704045,0.9580464503089337,1.3575648004417495
NKK,0.8047189562170501,0.0,0.716703787691222,0.46209812037329684
NKL,1.0986122886681098,0.6931471805599453,1.6094379124341003,0.0
NKM,0.0,0.0,0.0,0.0
NKP,2.2901192060183426,1.0986122886681098,2.8165163467596757,1.6215917908794277
NKQ,1.1882523095313346,1.782378464297002,1.5350567286626973,1.6094379124341003
NKR,3.732598840499866,2.3765734849131945,2.1507710362478156,2.2286851606140003
NKS,0.5493061443340549,0.0,0.0,0.9241962407465937
NKT,0.0,2.1581057455185335,1.297273432703542,0.0
NKV,0.8047189562170501,0.0,0.0,0.0
NKY,2.2330485096744495,0.9671607861079322,1.4853153869141684,0.46209812037329684
NLA,0.0,0.716703787691222,0.716703787691222,0.0
NLC,0.0,0.0,0.0,0.0
NLD,2.2078874666845114,1.6635532333438687,2.564625836084481,2.2330485096744495
NLE,0.716703787691222,1.6785266909588594,0.891189232148501,0.46209812037329684
NLF,0.5493061443340549,0.6931471805599453,0.0,0.5493061443340549
NLG,0.5941261547656673,0.8239592165010823,1.1090354888959124,0.29706307738283366
NLH,1.4210308697928313,0.4518012090523637,1.030196161345544,0.406008819940809
NLI,0.0,0.0,0.0,0.0
NLK,0.7164190696559166,2.9339076492956284,1.275051607606455,0.6089542681487593
NLL,1.740889414994278,2.2803594297666545,2.8147840399962667,3.0594441162831703
NLM,0.358351893845611,0.0,0.0,0.891189232148501
NLN,2.1646901764198763,1.8039084803498968,0.9133567313170269,1.4753180863979252
NLP,1.0986122886681098,0.0,0.0,0.4578649605980195
NLR,0.3243183581758855,0.0,1.4853153869141684,1.3732653608351373
NLS,0.5493061443340549,0.0,0.5493061443340549,0.0
NLT,0.6090132299112135,1.2178089750893693,1.1989476363991853,0.0
NLY,0.0,0.0,0.0,0.0
NME,2.1249100080421623,2.833213344056216,2.6561375100527025,1.433407575382444
NMF,2.8385445827418403,2.3456533666635555,2.988695027105764,2.5878440720649096
NMG,0.8047189562170501,0.0,0.8047189562170501,0.0
NMK,0.5493061443340549,0.5493061443340549,1.2070784343255752,0.0
NMP,1.8483924814931874,2.5877494740904625,2.2214696734501356,2.9929717515687337
NMR,0.0,0.0,0.0,0.0
NMV,0.0,0.0,0.0,0.0
NNA,1.6215917908794277,0.9241962407465937,1.6785266909588594,1.8072048362094548
NNE,0.7611306094308558,3.8507247475414146,3.1755798784479445,1.0201312086692347
NNG,0.0,0.0,0.0,0.0
NNK,1.4853153869141684,1.7993793761572692,2.355079964463479,1.9343215722158644
NNL,2.1628890679454185,2.1371881967370676,1.9281903400682348,1.3817625349338893
NNM,1.6094379124341003,1.791759469228055,1.2070784343255752,1.6215917908794277
NNP,0.0,0.0,0.6931471805599453,1.0986122886681098
NNR,0.0,0.0,0.15222612188617116,0.0
NNT,1.3862943611198906,1.0986122886681098,1.6094379124341003,1.3862943611198906
NNY,0.0,0.0,0.0,0.6931471805599453
NPA,1.922571505169192,1.433407575382444,1.9237120180961527,1.8072048362094548
NPD,0.0,0.0,0.0,0.0
NPE,0.27465307216702745,0.511685576220899,0.891189232148501,0.5493061443340549
NPG,0.0,1.4853153869141684,0.0,0.0
NPI,0.3243183581758855,0.0,0.0,0.0
NPL,0.0,0.46209812037329684,0.0,0.0
NPP,0.0,0.358351893845611,0.9729550745276566,0.8047189562170501
NPS,0.0,0.0,0.0,0.0
NPV,1.3732653608351373,0.891189232148501,1.2178089750893693,1.624035279763236
NPY,0.6705991301808751,1.9733082384752811,0.07420987380060132,0.3271598865740489
NQA,0.0,0.0,0.0,0.0
NQD,0.0,0.0,0.0,0.0
NQE,0.0,0.0,0.0,0.0
NQI,2.2945830872123776,0.7983720419241115,0.0,0.0
NQK,2.4072786084294826,2.94798978986587,3.130790452421728,3.6950539346358067
NQL,0.0,0.0,0.0,0.0
NQN,0.0,0.0,1.433407575382444,0.9241962407465937
NQS,0.0,0.0,0.0,0.0
NQV,1.5350567286626973,0.6931471805599453,1.433407575382444,0.0
NQW,0.0,0.0,0.0,0.0
NQY,0.6931471805599453,0.0,2.033105440735637,1.6094379124341003
NRA,0.0,0.9241962407465937,0.5493061443340549,0.9241962407465937
NRC,0.0,0.0,0.0,0.0
NRD,0.3243183581758855,0.3243183581758855,0.648636716351771,0.6931471805599453
NRE,0.0,2.8920445321629398,1.8684167224038069,2.9638565052294257
NRF,1.355403627157091,3.0398775768545567,1.5767011966073636,1.5767011966073636
NRK,2.380306153561547,2.9155479968499836,3.1354942159291497,1.4853153869141684
NRL,0.0,0.0,0.358351893845611,0.0
NRN,0.6931471805599453,0.0,0.9241962407465937,0.0
NRQ,0.0,0.6931471805599453,0.40235947810852507,0.0
NRR,3.1094015358880824,2.195950273272873,2.5946646881089523,2.6223806710998603
NRS,0.5493061443340549,0.0,0.6931471805599453,0.0
NRT,0.0,0.5493061443340549,0.358351893845611,0.5493061443340549
NRW,0.0,0.0,0.0,0.0
NRY,1.0986122886681098,0.6931471805599453,0.6931471805599453,0.0
NSA,0.5493061443340549,0.0,0.3243183581758855,0.0
NSC,0.0,0.0,0.0,0.0
NSD,0.0,0.0,0.0,0.0
NSE,0.6931471805599453,1.0986122886681098,0.6931471805599453,0.9241962407465937
NSF,0.0,0.0,0.0,0.0
NSG,0.40235947810852507,0.9729550745276566,0.0,1.0986122886681098
NSK,0.0,0.0,0.0,0.0
NSL,0.406008819940809,0.22590060452618185,0.8501093405576955,0.0
NSM,1.3862943611198906,1.297273432703542,0.0,1.0750556815368328
NSN,0.0,0.0,0.0,0.0
NSP,0.0,0.5493061443340549,0.0,0.0
NSQ,2.2901192060183426,3.2330749570352357,2.206672057727026,3.233909007235571
NSR,1.3086395462961955,1.3817625349338893,0.6777018135785455,0.7675283643313486
NSS,0.511685576220899,0.0,0.46209812037329684,0.0
NST,0.0,0.0,0.0,0.0
NSV,0.0,0.0,0.0,0.9241962407465937
NSW,0.0,0.0,0.0,0.0
NSY,0.511685576220899,1.5350567286626973,1.7993793761572692,1.6635532333438687
NTA,1.8575196420290676,0.6013028267832989,1.0685940983685338,1.3817625349338893
NTC,0.0,0.0,1.0986122886681098,1.0986122886681098
NTD,0.0,0.0,0.0,0.0
NTF,1.3862943611198906,0.7675283643313486,0.0,0.0
NTG,0.0,0.0,0.0,0.0
NTH,0.0,0.0,0.0,0.0
NTI,1.297273432703542,1.7908995167731467,1.0986122886681098,0.648636716351771
NTK,0.0,0.0,0.0,0.0
NTL,0.0,0.0,0.0,0.0
NTM,0.0,0.0,0.5941261547656673,1.433407575382444
NTN,0.716703787691222,0.0,0.3243183581758855,0.0
NTP,2.7707977672498387,3.3925580855647777,2.2338417738466267,3.5185109116718576
NTQ,0.716703787691222,0.0,0.0,1.0986122886681098
NTS,0.0,0.0,0.0,0.0
NTT,2.195950273272873,2.0241014320958137,2.024599857071647,3.6743187783095683
NTV,0.0,0.0,0.0,0.0
NTY,0.9729550745276566,0.0,1.433407575382444,1.6479184330021646
NVA,0.9241962407465937,0.5493061443340549,0.9729550745276566,0.0
NVC,0.0,0.0,0.0,0.0
NVD,0.5493061443340549,0.0,0.5493061443340549,1.3862943611198906
NVF,0.0,0.0,0.0,0.0
NVG,0.0,0.5493061443340549,0.5887699911158697,0.42749155957692275
NVI,0.0,0.0,0.0,0.0
NVK,0.0,0.0,0.46209812037329684,0.0
NVL,1.5297220581415851,2.3931536238312248,1.6215917908794277,0.5493061443340549
NVM,0.0,0.0,0.0,0.0
NVR,0.46209812037329684,0.0,0.0,0.0
NVS,0.0,0.0,0.0,0.0
NVT,0.0,0.0,0.0,0.0
NVV,0.9241962407465937,0.0,0.6931471805599453,0.0
NVY,0.0,0.0,0.0,0.0
NWA,0.12341498185834088,4.018818451916524,4.330885765683676,3.7053821912923093
NWG,1.3862943611198906,1.3862943611198906,1.5350567286626973,1.0986122886681098
NWI,0.9241962407465937,0.0,0.9241962407465937,0.6931471805599453
NWN,1.4853153869141684,0.6931471805599453,0.9729550745276566,1.0986122886681098
NWR,1.740889414994278,0.716703787691222,2.345829507375467,1.6785266909588594
NWV,0.648636716351771,0.0,0.23978952727983707,1.355403627157091
NWY,0.0,0.0,0.46209812037329684,0.40235947810852507
NYA,1.023371152441798,1.8072048362094548,1.4210308697928313,1.782378464297002
NYE,0.0,0.0,0.0,0.0
NYF,0.0,0.0,0.8047189562170501,0.0
NYG,1.0986122886681098,0.5493061443340549,1.922571505169192,2.1972245773362196
NYI,0.0,0.0,0.0,0.0
NYK,0.9241962407465937,0.648636716351771,0.40235947810852507,0.5493061443340549
NYL,1.0986122886681098,0.0,0.5941261547656673,0.40235947810852507
NYN,0.5941261547656673,1.0986122886681098,0.23978952727983707,0.8047189562170501
NYR,0.716703787691222,0.8047189562170501,0.9729550745276566,0.0
NYS,0.0,0.0,0.0,0.0
NYT,0.9241962407465937,0.0,0.0,0.0
PAA,0.716703787691222,0.8047189562170501,0.6090132299112135,0.5802964716647593
PAC,0.0,0.0,0.0,0.0
PAD,0.46209812037329684,0.9241962407465937,1.0986122886681098,0.9241962407465937
PAE,1.2792139405522478,0.0,1.4210308697928313,0.0
PAG,0.0,2.395116125772334,3.113843082211192,0.0
PAH,0.0,0.0,0.0,3.9925108688464195
PAI,1.578268128349331,3.8037175938787446,3.1576016545617946,0.5070518255391275
PAL,0.0,0.0,0.0,0.0
PAN,2.030044099704045,1.7908995167731467,1.87024054922693,2.137457797884614
PAQ,0.0,0.0,0.0,0.0
PAS,1.0750556815368328,1.433407575382444,0.716703787691222,0.9729550745276566
PAT,0.0,0.6931471805599453,0.0,0.0
PAV,0.0,0.0,0.0,0.0
PCL,0.0,0.0,0.0,0.0
PCN,0.358351893845611,1.782378464297002,0.648636716351771,0.0
PCP,0.0,0.0,0.0,0.0
PCS,0.6931471805599453,0.0,0.0,0.0
PCV,0.0,0.0,0.0,2.2590060452618186
PDD,1.297273432703542,0.46209812037329684,1.1882523095313346,1.0750556815368328
PDE,0.5941261547656673,0.0,0.0,0.0
PDF,0.47957905455967414,0.7193685818395111,0.511685576220899,0.46209812037329684
PDG,0.0,0.0,0.0,0.0
PDH,0.0,0.0,0.0,0.0
PDI,0.0,0.0,0.0,0.0
PDK,2.1415154528426634,1.4026488592783284,0.4621679963591435,0.10926586129582751
PDL,0.0,0.0,0.0,0.0
PDP,0.0,0.0,0.0,0.0
PDQ,0.0,0.0,0.0,0.0
PDR,2.210284285450008,0.8047189562170501,2.345829507375467,0.9241962407465937
PDS,1.0750556815368328,1.791759469228055,1.6094379124341003,1.0986122886681098
PEA,0.8549831191538455,0.4518012090523637,0.3243183581758855,0.8239592165010823
PEC,0.358351893845611,0.5493061443340549,0.0,0.0
PED,0.0,1.068728898942307,0.0,0.358351893845611
PEE,0.5493061443340549,0.3243183581758855,0.0,0.0
PEF,1.791759469228055,1.2070784343255752,0.46209812037329684,0.6931471805599453
PEG,1.4722194895832201,1.2178089750893693,1.3086395462961955,1.3601749448923126
PEI,0.0,0.0,0.46209812037329684,0.0
PEK,0.0,0.0,3.488075916970627,0.0
PEL,0.0,0.0,0.0,0.0
PEM,0.6931471805599453,0.46209812037329684,0.0,1.433407575382444
PEN,0.18483924814931874,2.5644903224503697,0.0,0.0
PEP,1.6479184330021646,0.8549831191538455,0.5941261547656673,1.5350567286626973
PEQ,0.6931471805599453,1.0986122886681098,0.5493061443340549,0.0
PER,0.9241962407465937,1.297273432703542,1.4853153869141684,0.0
PES,1.5350567286626973,0.5493061443340549,0.358351893845611,1.2938747370452313
PET,1.0986122886681098,1.0986122886681098,1.2070784343255752,0.0
PEV,0.0,0.0,0.0,0.0
PEW,0.0,1.191330983985256,2.0549471085243427,0.0
PFD,0.891189232148501,0.0,0.5941261547656673,0.0
PFE,0.0,0.0,0.0,0.0
PFF,0.0,0.0,0.0,0.0
PFG,0.6931471805599453,0.0,0.0,0.0
PFI,0.9729550745276566,1.297273432703542,1.1989476363991853,0.0
PFK,0.0,1.0990034407804208,1.2241735553814925,3.641342250457394
PFL,0.648636716351771,0.2510965827202212,3.378918936695986,0.1934321572215864
PFN,0.0,0.0,0.0,0.15222612188617116
PFP,0.0,0.0,0.0,0.0
PFR,0.0,0.0,0.0,0.0
PFS,0.0,0.46209812037329684,0.0,0.0
PFV,0.0,0.0,0.0,0.40235947810852507
PFY,0.49073982986107334,0.0,0.7883505983036818,1.1090354888959124
PGA,0.358351893845611,0.9729550745276566,0.9241962407465937,0.0
PGD,0.0,0.0,0.0,0.0
PGE,0.0,0.0,0.0,0.6931471805599453
PGF,0.0,0.0,0.0,0.0
PGG,0.0,0.0,0.0,0.0
PGH,0.0,0.0,0.0,0.0
PGI,0.891904495022326,3.177607893525937,2.2041645445575027,0.5955664394538592
PGK,0.8853791700175675,1.4853153869141684,2.3650517949110452,1.6479184330021646
PGL,0.9729550745276566,0.40235947810852507,0.716703787691222,0.891189232148501
PGM,0.6143175323067617,0.2519109077717079,0.06370746393016614,0.0
PGQ,0.0,0.8047189562170501,0.0,0.0
PGR,1.624035279763236,0.891189232148501,0.7675283643313486,0.9036024181047274
PGT,1.0986122886681098,1.2070784343255752,1.0986122886681098,1.6094379124341003
PGV,0.5493061443340549,0.8047189562170501,0.6931471805599453,0.648636716351771
PGW,2.380306153561547,2.2330485096744495,2.033105440735637,2.3978952727983707
PGY,0.0,0.0,0.0,0.0
PHA,0.0,0.9036024181047274,0.8239592165010823,1.0750556815368328
PHD,0.0,0.0,0.0,0.0
PHE,0.0,0.5493061443340549,0.0,0.0
PHG,0.716703787691222,0.0,0.46209812037329684,1.3862943611198906
PHH,0.0,0.0,0.46209812037329684,0.5493061443340549
PHI,0.0,0.0,0.0,0.0
PHP,0.24682996371668176,3.8726630097257075,3.926878853522649,0.0
PHR,0.0,0.0,0.0,0.0
PHV,0.0,0.0,0.0,0.5493061443340549
PHY,0.6931471805599453,1.3862943611198906,2.046742304883596,1.922571505169192
PIA,1.2070784343255752,0.46209812037329684,0.716703787691222,0.8047189562170501
PIC,0.0,0.0,0.0,0.0
PIE,0.0,0.0,0.0,0.0
PIF,1.9789395845202251,1.4210308697928313,1.8267134626340538,2.7635250698677787
PIG,0.891189232148501,0.716703787691222,1.8072048362094548,1.3862943611198906
PII,0.0,0.0,0.0,0.0
PIL,0.9241962407465937,0.0,1.3732653608351373,0.6931471805599453
PIM,0.0,0.0,0.0,0.0
PIN,0.0,0.0,0.0,0.716703787691222
PIP,0.3243183581758855,0.0,0.0,0.0
PIQ,2.1628890679454185,2.011650837081912,1.5744431735731743,1.4187997900438216
PIR,0.0,0.0,0.0,0.0
PIS,0.40235947810852507,0.0,0.0,0.8047189562170501
PIT,0.0,0.0,0.0,0.0
PIV,0.5268469495462249,0.07526384993517499,3.9035414946977185,0.3382897036922206
PKA,0.0,0.0,0.0,0.0
PKD,1.3732653608351373,0.891189232148501,0.5802964716647593,0.5493061443340549
PKE,0.8047189562170501,0.0,0.46209812037329684,0.0
PKF,0.0,1.2203112147193087,1.360098533106251,1.864830559511342
PKG,0.0,0.46209812037329684,1.6094379124341003,0.0
PKI,0.8047189562170501,0.0,0.40235947810852507,1.4387371636790223
PKK,2.5503280216730864,1.6094379124341003,3.295836866004329,1.8072048362094548
PKL,2.3456533666635555,0.0,0.0,0.0
PKM,0.0,0.0,0.0,0.5941261547656673
PKN,0.0,0.0,0.0,0.0
PKP,0.0,0.0,1.9629593194442934,0.648636716351771
PKQ,1.355403627157091,1.355403627157091,1.6744873407478829,1.6094379124341003
PKR,0.0,0.0,0.0,0.0
PKS,1.4787139851945499,2.680392034232518,1.5813042316832728,2.6561375100527025
PKT,1.9789395845202251,1.8072048362094548,2.7081884344831684,1.3862943611198906
PKV,2.6714900494554716,2.8582844319620415,1.0425217516064762,2.3069753330782543
PKW,1.0986122886681098,0.0,0.5493061443340549,0.5493061443340549
PKY,0.0,0.0,0.0,0.0
PLC,0.9241962407465937,0.46209812037329684,1.1989476363991853,0.648636716351771
PLD,0.7359624888948371,0.5212954460834371,0.5342970491842669,1.0150220498520226
PLF,0.0,0.0,2.3283619763817294,3.3531625760812678
PLG,0.0,0.6931471805599453,0.9241962407465937,1.0986122886681098
PLI,0.40235947810852507,0.358351893845611,0.6090132299112135,0.716703787691222
PLK,0.6931471805599453,0.5493061443340549,0.5493061443340549,0.0
PLL,0.0,0.0,0.0,0.0
PLM,0.0,0.0,0.0,0.0
PLN,1.9343215722158644,0.8239592165010823,1.87024054922693,1.87024054922693
PLQ,0.9241962407465937,2.046742304883596,0.0,0.0
PLR,1.9789395845202251,2.2078874666845114,1.218026459822427,0.716703787691222
PLS,0.0,0.0,0.0,0.0
PLT,1.1965768119156124,2.4046361124942717,0.9200453811406488,2.3633852982838
PLV,1.4746970917809672,1.635786701728107,0.7261541891580379,2.7003165368609108
PLW,0.0,0.0,0.0,0.0
PLY,0.5493061443340549,0.0,0.0,0.0
PMF,0.0,0.0,0.0,0.0
PMG,0.0,2.0402624173384694,1.2824746787307684,0.9729550745276566
PMQ,0.5493061443340549,0.0,0.0,0.9241962407465937
PMR,0.0,0.9671607861079322,1.068728898942307,1.1605929433295186
PMV,0.0,0.0,0.0,0.0
PMY,0.8047189562170501,1.6094379124341003,0.5493061443340549,0.0
PNA,0.46209812037329684,0.46209812037329684,0.9729550745276566,0.891189232148501
PNG,0.3243183581758855,0.27465307216702745,0.648636716351771,0.27465307216702745
PNH,1.1605929433295186,1.6744873407478829,0.0,1.0986122886681098
PNI,0.0,1.2070784343255752,1.0986122886681098,0.9241962407465937
PNK,0.8047189562170501,0.8047189562170501,0.358351893845611,1.791759469228055
PNL,0.0,0.6931471805599453,0.0,0.0
PNN,0.0,0.0,0.0,1.3862943611198906
PNP,0.358351893845611,1.354025100551105,0.812017639881618,0.5493061443340549
PNT,1.0750556815368328,1.2070784343255752,0.0,0.0
PPC,0.0,0.0,0.0,2.3978952727983707
PPD,0.891189232148501,0.8549831191538455,0.5493061443340549,0.5493061443340549
PPE,1.2938747370452313,0.9036024181047274,0.648636716351771,0.42749155957692275
PPF,0.0,0.23242610109302514,2.979485723019716,0.0
PPK,0.0,0.0,0.0,0.0
PPL,2.6723118648908515,2.9431603653917473,1.5566568031607573,2.829031705642592
PPN,0.0,0.716703787691222,0.8239592165010823,0.5941261547656673
PPP,0.0,0.29706307738283366,0.891189232148501,0.716703787691222
PPR,0.0,0.0,0.0,0.0
PPS,0.0,0.0,0.0,0.0
PPT,0.0,0.0,0.0,0.0
PPV,0.0,0.5493061443340549,0.5941261547656673,1.3862943611198906
PPW,0.8239592165010823,0.0,0.42756739308124764,0.5100656043346173
PQA,0.0,0.8047189562170501,1.6094379124341003,1.3862943611198906
PQD,0.0,0.0,0.0,0.0
PQE,1.218026459822427,1.3732653608351373,2.2053090920749043,2.413317640408415
PQG,1.9898463014708487,2.8171882085317392,2.250670947004697,2.595004917598055
PQI,0.0,0.0,0.0,0.0
PQK,0.0,0.0,0.0,0.0
PQR,1.9459101490553132,2.1459172165788,2.6064772304171857,2.351203577673075
PQS,0.0,0.0,0.0,0.0
PQV,0.0,1.0986122886681098,0.5493061443340549,0.46209812037329684
PRA,0.5493061443340549,0.5493061443340549,0.5493061443340549,1.6094379124341003
PRD,1.1882523095313346,0.6931471805599453,1.4962204585192298,1.4853153869141684
PRE,1.3862943611198906,1.791759469228055,1.6094379124341003,1.3862943611198906
PRG,0.0,0.0,0.0,0.0
PRI,1.782378464297002,0.5493061443340549,0.5493061443340549,0.0
PRL,0.6931471805599453,0.6931471805599453,0.6931471805599453,0.0
PRM,0.0,0.0,0.0,0.0
PRN,0.0,0.0,0.0,0.0
PRP,0.0,0.0,0.0,0.0
PRQ,1.0750556815368328,1.1882523095313346,1.297273432703542,1.0750556815368328
PRR,1.0750556815368328,1.7908995167731467,2.137457797884614,1.3862943611198906
PRS,0.0,0.0,0.0,0.0
PRV,1.5813042316832728,1.068728898942307,0.5493061443340549,1.3601749448923126
PRW,1.0750556815368328,1.0986122886681098,1.3732653608351373,1.4853153869141684
PRY,3.044522437723423,1.5350567286626973,3.440959880822257,2.0402624173384694
PSA,0.0,0.0,0.0,0.0
PSC,0.716703787691222,0.0,0.0,0.0
PSD,0.3243183581758855,0.9241962407465937,0.6777018135785455,1.0986122886681098
PSF,0.0,0.0,0.0,0.0
PSG,1.3862943611198906,1.4853153869141684,1.3862943611198906,0.8047189562170501
PSH,1.6094379124341003,0.6931471805599453,1.6094379124341003,1.297273432703542
PSI,0.1934321572215864,2.5085326534550396,0.08651505658568909,1.9629593194442934
PSK,1.4719249777896741,0.0945866526695881,1.2246683092077244,0.0
PSL,0.0,0.358351893845611,0.46209812037329684,0.5493061443340549
PSM,0.0,0.0,0.0,0.0
PSN,1.5350567286626973,0.891189232148501,0.3243183581758855,0.0
PSP,1.782378464297002,0.716703787691222,1.2070784343255752,1.0986122886681098
PSQ,1.023371152441798,0.0,0.0,0.47957905455967414
PSR,0.0,0.358351893845611,0.3243183581758855,0.8239592165010823
PSS,1.4853153869141684,0.0,0.0,0.0
PST,1.740889414994278,1.5936825060316215,0.0,0.0
PSV,0.0,0.0,3.7368334448076137,3.6579414078767862
PTA,0.0,0.0,0.0,0.0
PTD,0.6931471805599453,0.0,1.0986122886681098,0.8047189562170501
PTE,0.0,0.0,0.0,0.0
PTH,0.0,0.0,0.0,0.0
PTI,0.0,0.0,0.0,0.0
PTK,0.9241962407465937,1.0986122886681098,0.0,0.0
PTL,2.772588722239781,1.4962204585192298,2.380306153561547,1.4962204585192298
PTN,0.9241962407465937,0.716703787691222,0.5941261547656673,0.0
PTT,0.0,0.0,0.0,0.0
PTY,0.5493061443340549,0.0,0.40235947810852507,0.648636716351771
PVA,0.9671607861079322,1.5813042316832728,0.06851456440288853,0.6908812674669447
PVC,1.065582853203198,0.9671607861079322,0.5345980292118107,0.5373143022419374
PVD,0.0,0.0,0.511685576220899,0.0
PVE,0.716703787691222,0.0,1.297273432703542,0.648636716351771
PVF,2.1556045131951005,1.6085920557663616,0.8084035568534484,2.169310276868235
PVG,0.0,0.648636716351771,0.0,0.0
PVH,0.0,0.0,0.0,0.0
PVI,1.297273432703542,0.0,1.1882523095313346,0.0
PVK,0.1928190340068235,0.5212954460834371,0.2706317629537765,1.068728898942307
PVL,1.297273432703542,1.6479184330021646,0.9241962407465937,0.648636716351771
PVP,0.0,0.0,0.0,0.0
PVQ,1.0624550040210812,0.0,0.7193685818395111,1.1882523095313346
PVR,0.0,0.0,0.6931471805599453,1.0986122886681098
PVT,0.0,0.0,0.0,0.0
PVV,0.0,0.0,0.0,0.0
PVY,0.0,0.0,0.0,0.0
PWD,0.6777018135785455,0.0,0.15222612188617116,0.5802964716647593
PWL,0.0,0.0,0.0,0.0
PWP,0.27465307216702745,0.358351893845611,0.358351893845611,0.3243183581758855
PWQ,0.0,0.0,0.22262962140180395,1.7600882018224469
PWT,0.21374577978846138,0.0,0.2558427881104495,0.29706307738283366
PYA,0.0,0.0,0.0,0.0
PYE,0.0,0.0,0.6931471805599453,0.5493061443340549
PYG,0.716703787691222,0.40235947810852507,0.46209812037329684,0.0
PYI,0.5493061443340549,0.0,0.6931471805599453,0.0
PYL,0.0,0.0,0.0,0.0
PYM,0.0,0.0,0.0,0.0
PYN,0.15767011966073635,3.060433888453731,0.06765794073844413,1.3247324800107068
PYP,2.1581057455185335,0.716703787691222,0.29706307738283366,0.716703787691222
PYQ,0.0,0.0,0.0,0.0
PYR,0.716703787691222,0.40235947810852507,0.0,0.0
PYS,2.964986432818701,2.9013671675957813,1.877130945780327,0.0
PYV,1.6479184330021646,0.708303336014054,1.709750557389654,2.487172562881001
PYW,0.0,0.648636716351771,0.0,2.3978952727983707
PYY,0.0,0.0,0.0,0.0
QAA,0.6800874724461563,0.0,1.709750557389654,1.709966238307691
QAC,0.648636716351771,1.2070784343255752,1.1989476363991853,0.9241962407465937
QAF,1.5222612188617115,2.4052113071331958,1.3817625349338893,1.9548579228128893
QAG,1.9014443457717283,1.023371152441798,1.8920414359288362,1.1036908376251544
QAI,2.866815150764888,1.623790577722659,1.4484877196873203,1.6720837917313247
QAK,1.9237120180961527,0.9591581091193483,0.8549831191538455,1.3732653608351373
QAL,0.9591581091193483,0.5941261547656673,1.355403627157091,1.3862943611198906
QAM,0.6931471805599453,0.5493061443340549,0.5493061443340549,0.0
QAP,0.47957905455967414,0.7193685818395111,1.6635532333438687,1.4962204585192298
QAQ,2.4072786084294826,1.9760817390881644,0.0,1.596744083848223
QAR,2.6494649600214135,2.3650517949110452,3.1213595380964074,3.1739739169182686
QAT,2.1080693281432556,2.6726717495680776,0.0945866526695881,1.5169068796558116
QAV,0.0,0.0,0.9241962407465937,0.5493061443340549
QAW,0.9241962407465937,0.0,0.8047189562170501,1.0750556815368328
QAY,1.4853153869141684,1.0986122886681098,0.0,1.3862943611198906
QCG,0.0,0.0,0.0,0.0
QCN,0.0,0.0,0.0,0.0
QDA,0.0,0.0,0.0,0.0
QDC,0.0,0.0,0.0,0.0
QDD,0.0,0.0,0.0,0.0
QDE,0.0,0.0,0.0,0.0
QDF,0.8501093405576955,3.1295431123948187,0.22905530270493013,0.21371881967370676
QDG,0.0,0.0,0.0,0.0
QDI,0.5493061443340549,0.0,0.5493061443340549,0.5493061443340549
QDL,0.0,0.0,0.0,0.0
QDM,0.0,0.0,0.0,0.0
QDN,2.2590060452618186,2.355079964463479,1.8527920366854067,1.433407575382444
QDS,0.812017639881618,0.7883505983036818,0.7215633921399587,0.34339872044851466
QDT,0.0,0.0,0.0,0.0
QDV,0.0,0.0,0.0,0.0
QDW,0.0,0.0,0.0,0.358351893845611
QDY,0.0,0.0,0.0,0.0
QEA,0.0,0.0,0.0,0.0
QEC,0.0,0.0,0.6931471805599453,0.0
QED,0.0,0.0,0.0,0.0
QEE,0.0,0.0,0.0,0.0
QEF,0.0,0.0,0.0,0.0
QEG,0.5941261547656673,0.0,0.9241962407465937,0.0
QEH,0.0,0.0,0.0,0.0
QEK,0.5493061443340549,0.6931471805599453,0.5493061443340549,0.6931471805599453
QEL,0.5802964716647593,1.8270396897336403,2.7158704374168883,2.56763981020708
QEM,1.9459101490553132,0.9241962407465937,0.5493061443340549,1.4853153869141684
QEP,1.4387371636790223,1.6816019652776237,2.078752003337439,3.784703563830667
QEQ,0.0,0.0,1.0986122886681098,0.0
QER,0.5493061443340549,0.6931471805599453,1.0750556815368328,0.5493061443340549
QES,0.0,0.0,0.40235947810852507,0.9729550745276566
QET,0.0,1.3862943611198906,0.0,1.6094379124341003
QEV,0.0,0.0,0.0,0.0
QFA,1.6094379124341003,1.0986122886681098,1.297273432703542,1.782378464297002
QFE,0.5493061443340549,0.5493061443340549,0.46209812037329684,1.6094379124341003
QFG,0.5941261547656673,0.7675283643313486,1.6744873407478829,1.1054100279471115
QFH,0.0,0.0,0.0,0.0
QFI,0.0,0.0,0.0,0.0
QFL,0.3243183581758855,0.0,1.709966238307691,2.321185886659037
QFM,0.0,0.0,1.3862943611198906,1.0986122886681098
QFP,0.0,0.0,0.0,0.0
QFR,0.0,0.0,0.0,0.0
QFS,1.6479184330021646,0.0,1.4787139851945499,0.0
QFV,0.9591581091193483,0.0,0.0,0.0
QGA,0.0,0.0,0.5493061443340549,0.9241962407465937
QGC,1.2070784343255752,0.891189232148501,1.1882523095313346,0.0
QGD,0.891189232148501,1.1295030226309093,1.6094379124341003,0.716703787691222
QGE,0.6931471805599453,1.0986122886681098,0.0,0.5493061443340549
QGF,0.0,1.068728898942307,0.7193685818395111,0.9671607861079322
QGG,0.0,0.0,0.0,0.0
QGI,0.5941261547656673,1.297273432703542,0.8239592165010823,0.9241962407465937
QGK,1.782378464297002,1.7993793761572692,1.766309973347609,2.7400701939510808
QGL,1.4962204585192298,0.6306804786429454,1.1450596030091713,1.355403627157091
QGQ,0.0,2.7654299276424488,0.0,2.3253839446470845
QGR,0.0,1.2070784343255752,0.6931471805599453,1.0986122886681098
QGS,1.433407575382444,0.0,0.648636716351771,0.0
QGT,0.0,0.0,0.42756739308124764,0.6090132299112135
QGV,0.0,0.0,0.0,0.0
QGW,2.124160714619187,2.806757026277151,2.5191090777170784,2.2945830872123776
QGY,3.2201845269357605,2.508936640984983,2.2238814317981506,0.0
QHF,0.0,0.0,0.0,0.0
QHG,0.8047189562170501,1.0750556815368328,1.5350567286626973,0.0
QHL,0.0,0.0,0.0,0.0
QHR,0.648636716351771,0.4471917293935131,0.354151668007027,1.433407575382444
QHS,0.0,0.0,0.0,0.0
QHV,0.0,0.0,0.0,0.0
QIA,0.0,0.9241962407465937,0.0,0.0
QIF,1.433407575382444,0.716703787691222,0.5941261547656673,0.5941261547656673
QIG,0.0,0.0,0.0,0.0
QIH,0.46209812037329684,0.3243183581758855,0.891189232148501,0.0
QII,2.280458866980109,1.1647475948491048,0.28375995800876436,0.35184800499953334
QIL,1.6731049701126652,2.4038489485082053,1.3575648004417495,0.7883505983036818
QIM,0.0,0.0,0.0,0.0
QIN,0.0,0.0,0.0,0.0
QIQ,0.0,0.0,0.0,0.0
QIR,2.0402624173384694,2.049711555589573,2.1748585628405928,2.8862535685598347
QIT,0.0,0.0,0.0,0.0
QIV,0.0,0.0,0.0,0.0
QIW,3.0853745464585223,1.416606672028108,1.1295030226309093,3.0398775768545567
QIY,0.0,3.629950234501291,3.0463997770646514,3.2458484227365556
QKD,0.46209812037329684,0.9241962407465937,1.0750556815368328,0.9241962407465937
QKE,3.5617921145144025,3.0727447741941014,3.1150411208401945,1.8413749399482888
QKG,0.0,0.0,0.0,0.0
QKI,1.389172327879094,3.7400174293928896,1.7242353901853946,0.7635176756831005
QKK,0.0,0.7193685818395111,1.2395308380245946,1.2824746787307684
QKL,2.5308853100104467,3.037198322653083,4.079966364144414,3.233614227413794
QKN,0.0,0.0,0.0,0.0
QKP,0.0,0.0,0.0,0.0
QKQ,0.0,2.1862929165802054,0.0,1.4586027778666804
QKR,0.0,0.0,0.0,0.0
QKS,0.8047189562170501,0.8047189562170501,0.891189232148501,0.648636716351771
QKT,2.4072786084294826,2.8871555601908874,2.922980487114045,3.8255423605671646
QKV,1.4431267842799174,0.22893248029900976,2.1371881967370676,0.8047189562170501
QKW,0.716703787691222,2.046742304883596,1.3732653608351373,1.6094379124341003
QKY,0.0,0.0,0.0,0.0
QLA,0.0,0.0,0.0,0.0
QLD,0.0,0.0,0.0,0.0
QLE,0.0,0.0,0.0,0.0
QLF,0.0,0.0,0.0,0.0
QLG,0.5493061443340549,4.2326306494256665,3.7567025940507808,0.12676295638478188
QLH,0.5493061443340549,0.40235947810852507,0.0,0.6931471805599453
QLI,0.0,0.0,0.0,0.0
QLL,0.891189232148501,0.0,1.1989476363991853,1.709966238307691
QLM,0.0,0.0,0.0,0.0
QLN,0.0,0.0,0.0,0.0
QLP,0.0,0.0,0.9241962407465937,0.0
QLQ,1.0986122886681098,1.2070784343255752,1.1882523095313346,1.218026459822427
QLR,1.2613609572858908,1.4387371636790223,0.8239592165010823,0.9672337744537227
QLS,0.0,2.4403929224982095,3.5251426798531402,2.77245107152974
QLT,0.14719249777896742,2.9799870912262216,0.0,1.5267047520150205
QLV,0.27465307216702745,0.15222612188617116,0.34004373622307815,0.511685576220899
QLW,0.0,0.0,0.0,0.0
QLY,0.0,0.0,0.0,0.0
QMA,0.0,0.6931471805599453,0.9241962407465937,1.0986122886681098
QME,0.0,0.0,0.0,0.0
QMG,1.023371152441798,0.0,0.8873406946934732,0.48104226142663914
QML,0.0,0.0,0.0,0.0
QMN,0.3271598865740489,0.23978952727983707,0.7359624888948371,0.0
QMS,0.358351893845611,0.0,1.5813042316832728,2.3019858420456756
QMT,1.4753180863979252,0.0,0.0,0.0
QMV,0.0,0.0,0.0,0.0
QNC,0.0,0.0,0.3243183581758855,0.0
QNE,2.218070977791825,1.0986122886681098,1.0750556815368328,2.436052919644854
QNF,0.0,0.0,0.0,0.0
QNH,2.833213344056216,2.6561375100527025,1.9343215722158644,2.5503280216730864
QNL,0.0,0.891189232148501,0.5493061443340549,0.6931471805599453
QNM,0.0,1.6479184330021646,0.716703787691222,0.0
QNN,0.0,0.0,0.716703787691222,0.9241962407465937
QNP,0.0,0.0,0.0,0.0
QNQ,0.0,0.0,0.0,0.0
QNR,2.462936034996733,1.5677471079645748,0.8831549866738045,2.1748585628405928
QNT,0.0,0.0,1.6094379124341003,0.9241962407465937
QNV,0.0,0.0,0.0,0.0
QPD,2.364666316739703,1.8671609257241106,0.0,0.0
QPE,0.0,0.0,0.0,0.0
QPG,0.716703787691222,0.716703787691222,1.4853153869141684,0.0
QPI,0.15767011966073635,0.5312275020105406,4.275173037268702,0.0
QPK,0.6931471805599453,0.0,0.8047189562170501,0.0
QPL,1.0986122886681098,1.3732653608351373,1.9343215722158644,2.5503280216730864
QPQ,0.6931471805599453,1.0986122886681098,1.791759469228055,1.6094379124341003
QPR,1.3862943611198906,1.791759469228055,1.791759469228055,1.3862943611198906
QPS,0.0,0.40235947810852507,3.7368334448076137,3.7755164625223077
QPT,2.9017013233611677,1.4210308697928313,2.535259127695638,2.1581057455185335
QPV,0.6931471805599453,0.0,0.0,0.9241962407465937
QPY,0.716703787691222,0.8047189562170501,0.8047189562170501,0.0
QQG,0.0,0.0,0.0,0.0
QQI,0.0,0.0,0.0,0.0
QQK,0.0,0.0,0.0,0.0
QQL,0.0,0.0,0.0,0.0
QQP,0.0,0.5493061443340549,0.5493061443340549,0.6931471805599453
QQR,0.0,0.0,0.0,0.0
QQS,2.9320667083294443,2.2901192060183426,2.1459172165788,1.9237120180961527
QQT,0.0,0.5493061443340549,0.5493061443340549,0.0
QQY,0.6931471805599453,0.0,0.6931471805599453,0.5493061443340549
QRC,0.0,0.0,0.0,0.0
QRD,0.0,0.0,0.0,0.0
QRE,0.0,0.0,1.9237120180961527,1.7908995167731467
QRF,0.0,1.0986122886681098,1.0986122886681098,1.0986122886681098
QRG,1.0750556815368328,0.0,1.297273432703542,1.433407575382444
QRK,1.0750556815368328,1.2792139405522478,2.033105440735637,0.9241962407465937
QRL,1.3732653608351373,1.297273432703542,1.4853153869141684,0.9241962407465937
QRM,2.0794415416798357,2.4356179501787385,2.850449287208318,2.5649493574615367
QRQ,1.1882523095313346,0.3243183581758855,1.922571505169192,0.8047189562170501
QRR,0.8047189562170501,0.6931471805599453,1.2070784343255752,0.46209812037329684
QRT,0.0,0.0,0.0,0.0
QSA,0.6931471805599453,0.0,0.5493061443340549,0.0
QSE,0.8549831191538455,0.358351893845611,0.46209812037329684,0.4518012090523637
QSG,0.0,0.0,0.0,0.0
QSI,0.0,0.6931471805599453,0.0,0.46209812037329684
QSL,0.0,0.6931471805599453,1.3862943611198906,0.0
QSN,0.0,0.3243183581758855,0.5941261547656673,0.46209812037329684
QSP,0.0,0.0,0.0,0.0
QSS,1.7776740307447068,3.573238793603249,2.9755600321910927,1.1350398320350574
QST,0.0,0.0,0.0,0.0
QSV,1.9014443457717283,1.2395308380245946,2.2803594297666545,1.700218681115391
QSY,3.3422148600338772,2.595451697570672,2.1628890679454185,2.030044099704045
QTA,0.406008819940809,0.0,0.40235947810852507,0.5493061443340549
QTD,1.1295030226309093,0.40235947810852507,0.22590060452618185,1.2792139405522478
QTF,0.0,0.0,1.0986122886681098,0.0
QTG,1.3732653608351373,1.6785266909588594,0.8047189562170501,1.4853153869141684
QTI,0.8047189562170501,0.6931471805599453,1.3862943611198906,0.0
QTK,0.0,0.6931471805599453,0.6931471805599453,0.6931471805599453
QTL,0.6931471805599453,0.6931471805599453,1.297273432703542,0.0
QTR,1.433407575382444,0.0,1.6094379124341003,0.0
QTV,1.218026459822427,0.0,1.355403627157091,1.6094379124341003
QVA,0.0,0.6777018135785455,0.9460207179644181,0.9729550745276566
QVD,0.0,0.0,0.0,1.9478341740386487
QVE,0.0,0.0,0.0,0.0
QVF,0.0,0.0,0.0,0.0
QVI,0.0,0.0,0.0,0.0
QVK,0.46209812037329684,0.0,0.40235947810852507,0.2558427881104495
QVL,1.6094379124341003,1.297273432703542,2.0794415416798357,0.648636716351771
QVM,0.29706307738283366,1.0750556815368328,1.3185177403766084,3.2201845269357605
QVN,0.8047189562170501,0.0,0.8239592165010823,0.0
QVP,0.0,0.5493061443340549,0.0,0.0
QVQ,0.0,0.0,0.0,0.0
QVR,1.4387371636790223,0.0,1.433407575382444,2.3978952727983707
QVS,0.6931471805599453,0.6931471805599453,0.0,0.0
QVT,0.0,0.0,0.716703787691222,0.46209812037329684
QVV,0.0,0.0,0.2927528502352836,1.2320617412757129
QVY,0.0,1.0986122886681098,0.0,0.6931471805599453
QWK,0.0,0.0,0.0,0.0
QWL,0.0,0.0,1.0150220498520226,0.891189232148501
QWN,2.772588722239781,0.0,3.367295829986474,0.0
QWP,1.7837509699673704,3.128146156925619,0.672222746533388,2.0763613580565377
QWT,0.0,2.5192707630233278,0.0,1.9459101490553132
QYA,2.03876872195286,3.3210858172469955,2.7065157039101098,3.5817990335462935
QYE,1.433407575382444,0.9729550745276566,0.891189232148501,0.46209812037329684
QYF,0.0,0.46209812037329684,0.8239592165010823,1.1882523095313346
QYI,0.358351893845611,2.2330485096744495,2.1277537294374507,0.0
QYK,1.0986122886681098,0.9241962407465937,1.0750556815368328,1.6094379124341003
QYL,0.0,0.0,0.0,0.0
QYM,1.5651710528772957,3.697259347927473,3.9386741572582196,0.6516193076042964
QYN,1.6025273620930682,1.2615678546102225,0.5373143022419374,1.433407575382444
QYR,0.0,0.6931471805599453,2.351203577673075,1.3862943611198906
QYS,0.6931471805599453,0.0,0.40235947810852507,0.6931471805599453
QYV,0.6931471805599453,0.46209812037329684,0.6931471805599453,0.0
RAA,0.0,0.0,0.0,0.0
RAC,0.511685576220899,0.29706307738283366,0.40235947810852507,0.7675283643313486
RAD,0.0,0.9241962407465937,2.436052919644854,1.6094379124341003
RAE,0.0,0.0,0.0,0.0
RAF,1.3411982603617503,0.812017639881618,1.1107348367250678,0.6306804786429454
RAG,1.2070784343255752,2.046742304883596,1.782378464297002,1.433407575382444
RAI,0.40235947810852507,0.716703787691222,0.46209812037329684,0.5493061443340549
RAK,0.9729550745276566,0.9729550745276566,1.2938747370452313,0.0
RAL,1.5474572577726913,0.648636716351771,1.0729586082894,2.2803594297666545
RAM,0.6931471805599453,0.5493061443340549,0.6931471805599453,1.6094379124341003
RAN,0.0,0.0,0.0,0.0
RAP,0.0,1.0986122886681098,0.5493061443340549,0.9241962407465937
RAR,2.453699149305367,1.5813042316832728,1.1605929433295186,2.5878440720649096
RAS,0.0,0.0,0.0,0.0
RAT,1.2824746787307684,1.9478341740386487,1.8270396897336403,2.2330485096744495
RAV,0.0,0.0,1.5813042316832728,2.772588722239781
RCD,0.0,0.0,0.0,0.0
RCE,1.709966238307691,1.0986122886681098,1.782378464297002,2.321185886659037
RCF,0.0,0.0,0.0,0.0
RCK,0.0,0.0,0.0,0.0
RCS,0.29706307738283366,0.0,0.29706307738283366,0.21374577978846138
RCV,0.0,0.0,0.0,0.0
RCW,0.0,0.0,0.0,0.0
RDA,0.0,0.0,0.0,0.0
RDC,0.0,0.0,0.0,0.5493061443340549
RDD,1.4962204585192298,0.406008819940809,0.6908812674669447,1.1775399822317394
RDE,0.0,0.0,0.0,0.0
RDG,0.7393569925972749,0.648636716351771,1.5936825060316215,1.9183162182386966
RDH,0.0,0.6931471805599453,0.0,0.0
RDI,2.6494649600214135,1.530196813003852,2.7527679046578055,1.7962912954140562
RDK,0.0,0.0,0.0,0.0
RDL,0.8853791700175675,0.6090132299112135,1.5767011966073636,1.218026459822427
RDM,1.0986122886681098,0.8047189562170501,0.6931471805599453,0.0
RDN,0.0,0.0,0.47957905455967414,0.46209812037329684
RDP,0.9241962407465937,1.3862943611198906,1.433407575382444,0.0
RDR,0.0,0.46209812037329684,0.0,0.0
RDS,1.0986122886681098,0.0,1.4387371636790223,1.4853153869141684
RDT,1.6094379124341003,1.6215917908794277,2.0794415416798357,1.6215917908794277
RDV,0.0,0.716703787691222,0.0,0.0
RDW,0.0,1.1882523095313346,0.7193685818395111,0.0
RDY,0.0,0.0,0.0,0.0
RED,0.9241962407465937,1.3862943611198906,0.716703787691222,1.0750556815368328
REE,1.068728898942307,0.5312275020105406,0.511685576220899,1.1989476363991853
REF,0.8047189562170501,1.0750556815368328,0.8239592165010823,0.358351893845611
REG,0.716703787691222,0.358351893845611,0.40235947810852507,0.8239592165010823
REI,0.0,0.0,0.0,0.0
REK,1.433407575382444,1.0986122886681098,0.0,0.9241962407465937
REL,3.248880483081335,2.041605096896016,2.399862668757455,1.9567440327635797
REN,1.9237120180961527,0.9241962407465937,2.207381675250309,0.9729550745276566
REP,1.0986122886681098,1.791759469228055,1.6094379124341003,1.3862943611198906
RER,1.9953145010458224,1.6581150419206674,2.509657455168998,1.9135024711265767
RES,0.716703787691222,1.1882523095313346,1.2070784343255752,1.023371152441798
RET,1.5246746883313111,2.650328299108541,2.829004948861002,3.1617154199545725
REW,0.0,0.0,2.5649493574615367,2.046742304883596
REY,0.6931471805599453,1.3862943611198906,0.6931471805599453,0.0
RFA,0.46209812037329684,0.358351893845611,1.1882523095313346,0.5493061443340549
RFD,0.40235947810852507,0.40235947810852507,0.0,0.0
RFE,0.0,0.0,0.42749155957692275,1.1882523095313346
RFG,0.0,0.47957905455967414,0.648636716351771,1.068728898942307
RFI,0.9241962407465937,1.3862943611198906,0.8549831191538455,1.0986122886681098
RFK,1.9459101490553132,0.9241962407465937,0.716703787691222,0.9241962407465937
RFL,0.0,0.0,1.2070784343255752,1.3862943611198906
RFP,1.1090354888959124,0.6412373393653842,0.4518012090523637,1.4387371636790223
RFR,1.6094379124341003,1.6094379124341003,1.922571505169192,1.7908995167731467
RFS,0.0,0.0,0.29706307738283366,0.46209812037329684
RFT,0.9976572505229112,2.1748585628405928,1.463966848848582,0.6777018135785455
RFV,0.0,0.0,0.0,0.0
RFY,0.0,0.0,0.0,0.0
RGA,3.952163478176329,4.16222388359194,3.6837924159908417,3.9675967974043993
RGC,1.8072048362094548,1.5350567286626973,1.770758340035135,2.2590060452618186
RGD,0.7193685818395111,0.5941261547656673,0.9640951700341174,0.6170749092917044
RGE,0.716703787691222,0.0,1.0986122886681098,1.8072048362094548
RGF,3.775499641385267,3.22028135258812,3.1407634216193876,1.5638863382503114
RGG,1.0150220498520226,1.9343215722158644,1.2395308380245946,1.2824746787307684
RGH,0.0,0.0,1.0750556815368328,0.0
RGI,0.5493061443340549,0.358351893845611,0.716703787691222,1.6479184330021646
RGL,2.5254718724898555,1.700218681115391,2.8671249534589043,1.4853153869141684
RGN,1.3862943611198906,0.0,0.8047189562170501,1.297273432703542
RGP,0.6777018135785455,0.511685576220899,0.0,0.6090132299112135
RGQ,2.699466476095529,2.6865715112096873,1.6389617890579997,2.4682996371668176
RGR,2.033105440735637,1.4787139851945499,1.5813042316832728,2.321185886659037
RGS,1.068728898942307,2.1265392627313178,1.2613609572858908,1.1882523095313346
RGT,2.4682996371668176,3.0371650928191896,3.362450442441108,2.266299746576628
RGV,0.0,0.0,0.716703787691222,0.5493061443340549
RGW,0.0,0.0,0.0,0.0
RGY,0.2558427881104495,0.40235947810852507,0.0,0.0
RHE,0.0,0.0,0.0,0.0
RHG,1.9183162182386966,0.358351893845611,1.1295030226309093,1.7908995167731467
RHH,0.0,0.0,0.0,0.0
RHI,0.0,0.0,0.0,0.0
RHM,0.5493061443340549,1.0986122886681098,0.46209812037329684,0.0
RHP,2.033105440735637,1.5350567286626973,0.8047189562170501,1.9183162182386966
RHS,0.0,0.0,0.0,0.0
RHV,0.0,0.0,0.0,0.0
RIA,0.46209812037329684,0.0,0.40235947810852507,0.0
RID,1.6215917908794277,1.0986122886681098,1.766309973347609,2.6823965207235005
RIE,0.3243183581758855,1.3732653608351373,1.4853153869141684,1.922571505169192
RIF,0.0,0.0,0.0,0.0
RIG,1.2792139405522478,1.9183162182386966,3.4731508570891707,3.875818780327749
RII,0.5493061443340549,0.9241962407465937,1.3732653608351373,0.46209812037329684
RIK,1.2792139405522478,1.7908995167731467,0.9729550745276566,0.9729550745276566
RIL,0.23978952727983707,0.358351893845611,0.0,0.0
RIM,0.0,0.0,0.0,0.0
RIP,0.0,0.0,0.0,0.0
RIQ,2.0760513646207226,1.2435862814405005,1.2395308380245946,2.072643802400834
RIR,2.1646901764198763,2.2833918282925674,2.3702295140333556,2.4761533688963264
RIS,2.218070977791825,1.023371152441798,0.5941261547656673,1.1882523095313346
RIT,1.9478341740386487,1.8920414359288362,2.7958759930989405,2.030044099704045
RKA,1.3732653608351373,0.9036024181047274,1.0986122886681098,0.648636716351771
RKC,0.8047189562170501,0.6931471805599453,1.4853153869141684,0.0
RKD,0.0,0.0,0.0,0.6931471805599453
RKE,0.812017639881618,0.5493061443340549,1.0685940983685338,1.1901530767807735
RKG,0.0,0.6931471805599453,0.5493061443340549,0.0
RKI,2.5146180438806236,2.351203577673075,2.436052919644854,2.780859035879416
RKK,1.9183162182386966,1.1989476363991853,0.9729550745276566,2.5649493574615367
RKL,2.8339977124317137,2.2751846647737297,2.782639124337871,3.0280269804991176
RKP,0.9241962407465937,0.46209812037329684,1.0986122886681098,1.2070784343255752
RKQ,0.0,0.0,0.1934321572215864,0.0
RKR,1.770758340035135,1.4719249777896741,2.1249100080421623,1.709966238307691
RKS,0.9241962407465937,1.1989476363991853,0.0,1.986922367683767
RKT,1.0986122886681098,0.6931471805599453,0.6931471805599453,0.0
RKV,0.0,0.0,0.9241962407465937,0.0
RKY,1.6389617890579997,1.3842409053710254,1.0193194228826583,0.6412373393653842
RLA,1.0624550040210812,0.8549831191538455,1.1295030226309093,0.8239592165010823
RLD,0.0,0.0,0.0,0.0
RLF,2.5022724622424466,2.131165706406396,1.740889414994278,1.6215917908794277
RLG,0.0,0.0,0.0,0.0
RLH,1.3732653608351373,0.0,0.0,0.0
RLI,0.4518012090523637,1.065582853203198,0.3153402393214727,1.3086395462961955
RLK,2.654454765205741,2.0980546915917953,3.162103992214884,2.5970191275026977
RLL,0.8047189562170501,0.0,0.0,0.0
RLM,0.0,0.0,0.0,0.0
RLN,1.0986122886681098,1.709966238307691,1.1882523095313346,0.5493061443340549
RLP,0.0,0.0,0.0,0.0
RLR,0.8047189562170501,0.5941261547656673,1.0750556815368328,0.891189232148501
RLS,0.13817625349338894,0.8501093405576955,0.5887699911158697,0.47957905455967414
RLT,0.0,0.0,0.6931471805599453,1.3862943611198906
RLV,1.4787139851945499,1.4962204585192298,2.046742304883596,1.9629593194442934
RLY,0.9241962407465937,1.1882523095313346,1.3732653608351373,0.5493061443340549
RMD,0.0,0.0,0.5493061443340549,0.648636716351771
RMG,0.0,0.0,0.0,0.0
RMK,1.8270396897336403,2.1110880299972,1.2026056535665979,1.8483924814931874
RML,0.0,0.0,0.0,0.0
RMM,0.0,0.0,0.0,0.0
RMN,0.0,0.0,0.0,0.0
RMP,0.0,0.0,0.0,0.0
RMR,4.013570227600468,4.266862398071461,3.6223885387758075,3.5221392589744434
RMS,1.922571505169192,2.42288189412707,2.4682996371668176,2.218070977791825
RMT,0.0,0.0,0.0,0.0
RNA,0.40235947810852507,0.29706307738283366,0.23978952727983707,0.8239592165010823
RNE,0.0,0.0,0.0,0.0
RNF,2.1972245773362196,2.9320667083294443,3.0398775768545567,2.5146180438806236
RNG,0.0,0.0,0.0,0.0
RNI,1.6094379124341003,0.8239592165010823,5.202630529293718,4.543294782270004
RNL,0.6931471805599453,0.5493061443340549,0.0,0.6931471805599453
RNN,2.218070977791825,2.6494649600214135,2.9444389791664403,1.4853153869141684
RNP,1.7908995167731467,0.9729550745276566,1.530196813003852,1.624035279763236
RNQ,0.0,0.0,0.0,0.0
RNR,2.5022724622424466,2.2078874666845114,3.0185441734062133,1.9629593194442934
RNS,0.0,0.358351893845611,0.0,0.0
RNT,0.0,0.0,0.0,0.0
RPA,0.0,0.0,0.0,0.0
RPE,0.8239592165010823,1.3732653608351373,0.648636716351771,0.0
RPF,0.5493061443340549,0.0,0.0,0.0
RPG,0.0,0.0,0.0,0.6931471805599453
RPH,0.8047189562170501,0.0,0.9591581091193483,0.0
RPI,0.0,0.0,0.5493061443340549,0.0
RPK,1.433407575382444,0.0,0.9241962407465937,1.791759469228055
RPL,0.9241962407465937,0.9241962407465937,2.395116125772334,3.2652344472264576
RPN,1.3732653608351373,1.5767011966073636,0.0,0.0
RPR,1.297273432703542,1.922571505169192,2.2590060452618186,1.6094379124341003
RPS,0.0,0.0,0.6931471805599453,0.9241962407465937
RPT,0.0,0.0,0.0,0.0
RPV,2.0851817843337486,2.072643802400834,2.244047606573921,1.6094379124341003
RPW,0.29706307738283366,0.5941261547656673,0.5493061443340549,0.3243183581758855
RQA,2.1371881967370676,1.7962912954140562,2.41521101444109,2.403791043139602
RQF,1.791759469228055,0.9241962407465937,1.3732653608351373,2.0794415416798357
RQG,3.3001124227008054,2.280458866980109,2.297184837893457,0.0
RQH,1.1036908376251544,0.6707875940902697,0.5100656043346173,1.7908995167731467
RQI,1.3700350969755404,1.1450596030091713,1.6357994328702448,0.9591581091193483
RQK,0.8831549866738045,0.2763525069867779,1.2780708128768383,0.3783466106783524
RQL,1.5246746883313111,2.564341361820982,2.6088469387036626,2.6648223394926096
RQM,1.922571505169192,0.716703787691222,0.47957905455967414,1.9183162182386966
RQN,0.0,1.2070784343255752,0.8047189562170501,1.0750556815368328
RQP,1.023371152441798,1.1989476363991853,2.4790616760491893,2.3650517949110452
RQQ,0.0,0.0,0.0,0.0
RQR,1.770758340035135,0.8549831191538455,2.5654043584874864,1.4787139851945499
RQS,2.033105440735637,2.3650517949110452,2.351203577673075,1.0750556815368328
RQV,0.0,0.6931471805599453,0.0,0.6931471805599453
RQY,0.46209812037329684,0.648636716351771,0.716703787691222,0.5493061443340549
RRA,2.351203577673075,1.624035279763236,1.2824746787307684,2.4790616760491893
RRE,0.8239592165010823,1.023371152441798,0.891189232148501,1.3732653608351373
RRF,0.0,0.0,0.0,0.0
RRG,1.4210308697928313,0.7393569925972749,0.23978952727983707,1.7993793761572692
RRI,1.2824746787307684,1.416606672028108,1.4722194895832201,1.4190310769466272
RRK,1.8920414359288362,1.068728898942307,0.27465307216702745,1.354025100551105
RRL,1.6479184330021646,1.7343713162681,1.6043947641584313,2.289324802990097
RRN,2.9444389791664403,2.5022724622424466,3.0493493766626223,2.2901192060183426
RRP,1.6215917908794277,1.5350567286626973,2.3978952727983707,1.6215917908794277
RRQ,1.4387371636790223,1.4853153869141684,1.023371152441798,0.0
RRR,3.8482930241738758,3.7257339175265907,3.896639143101205,2.9068476009240243
RRS,3.176683139012861,2.6715554568216473,3.2006987318921882,1.9241690457065566
RRT,0.5493061443340549,0.5493061443340549,0.5941261547656673,0.3243183581758855
RRV,0.6931471805599453,0.6931471805599453,1.0986122886681098,0.0
RRW,2.355079964463479,2.2833918282925674,2.765993003203175,1.9629593194442934
RSA,1.0986122886681098,0.891189232148501,0.5941261547656673,0.46209812037329684
RSC,0.0,0.0,0.0,0.0
RSF,0.0,0.0,0.47957905455967414,1.782378464297002
RSG,2.8090971405184293,2.014359542806218,2.801189633484293,1.9234693770633606
RSI,0.0,0.0,0.8549831191538455,1.0986122886681098
RSK,0.0,0.0,0.0,0.0
RSL,2.706962007030946,2.79430214673439,1.797146400722174,2.7316465323956876
RSM,0.36967849629863747,1.9953145010458224,1.709966238307691,0.47957905455967414
RSN,0.716703787691222,1.354025100551105,0.9591581091193483,1.922571505169192
RSP,0.0,0.0,0.0,0.0
RSQ,1.4210308697928313,2.210284285450008,1.5222612188617115,1.433407575382444
RSR,2.131165706406396,1.3732653608351373,1.5350567286626973,2.380306153561547
RSS,0.0,0.0,0.0,0.0
RST,2.8903717578961645,1.023371152441798,2.1581057455185335,1.3732653608351373
RSV,0.0,1.0750556815368328,0.8047189562170501,0.9241962407465937
RSW,0.0,0.0,0.0,0.0
RSY,2.030044099704045,1.8072048362094548,0.7737286288863456,1.6094379124341003
RTA,1.2938747370452313,1.1295030226309093,0.8239592165010823,1.1989476363991853
RTC,2.046742304883596,0.0,1.1605929433295186,0.0
RTE,1.6785266909588594,0.8239592165010823,1.1882523095313346,0.0
RTF,1.0986122886681098,0.9241962407465937,1.3862943611198906,0.0
RTH,0.0,0.0,0.0,0.0
RTI,0.0,0.0,0.0,0.0
RTK,0.0,0.0,0.0,0.0
RTL,0.0,0.0,0.0,0.0
RTN,0.9729550745276566,0.9729550745276566,0.7675283643313486,0.8239592165010823
RTP,0.0,0.0,0.0,0.0
RTQ,2.7281367128247926,2.219792207628883,0.4396736886067745,0.3009098260536853
RTR,1.9459101490553132,0.891189232148501,5.255449113347462,4.61512051684126
RTS,2.995732273553991,2.2803594297666545,2.9444389791664403,2.70805020110221
RTT,0.0,0.0,0.0,0.0
RTV,0.5941261547656673,0.29706307738283366,0.18483924814931874,0.648636716351771
RTY,0.0,0.0,0.0,0.0
RVA,1.9478341740386487,1.2395308380245946,1.5211554766173827,0.42749155957692275
RVC,0.0,0.0,0.0,0.0
RVD,1.1882523095313346,0.9241962407465937,1.3862943611198906,1.1989476363991853
RVF,1.2070784343255752,1.6094379124341003,0.9241962407465937,0.0
RVG,0.0,0.0,0.0,0.0
RVH,0.0,0.0,0.0,0.0
RVI,1.1989476363991853,0.358351893845611,0.9460207179644181,0.8047189562170501
RVK,0.0,0.0,0.0,0.0
RVL,0.0,0.40235947810852507,0.0,0.9729550745276566
RVM,0.0,0.0,0.0,0.0
RVN,2.137457797884614,0.406008819940809,2.281733214926074,0.8549831191538455
RVP,0.0,0.0,0.40235947810852507,0.8047189562170501
RVQ,2.351203577673075,0.9591581091193483,0.9729550745276566,2.302585092994046
RVR,0.0,0.0,0.0,0.0
RVS,0.0,0.0,0.0,0.0
RVT,1.6357994328702448,1.5222612188617115,0.5288870543440853,0.30715876615338084
RVV,0.0,0.0,0.0,0.0
RVY,2.2833918282925674,2.62534881637439,2.8165163467596757,2.137457797884614
RWE,2.5503280216730864,2.5878440720649096,2.5227219145717816,2.6561375100527025
RWG,0.648636716351771,0.0,0.0,0.0
RWH,0.8047189562170501,0.5493061443340549,1.3862943611198906,0.5493061443340549
RWQ,0.6931471805599453,0.0,0.0,0.0
RWR,2.210284285450008,2.0402624173384694,2.697501371663089,1.5936825060316215
RWS,0.0,0.0,0.0,0.0
RWV,0.0,0.0,0.0,0.3802888691543457
RWW,0.0,0.6931471805599453,0.0,1.0986122886681098
RWY,0.6777018135785455,1.1882523095313346,0.6411564590211203,0.5463293064791376
RYA,0.0,0.0,1.9478341740386487,1.5813042316832728
RYE,1.9459101490553132,1.0750556815368328,5.27678838351878,4.599299725363301
RYG,1.0986122886681098,1.0750556815368328,0.9241962407465937,1.0986122886681098
RYI,2.137457797884614,0.9241962407465937,1.8920414359288362,2.892296315837252
RYN,2.9438499555793483,1.782378464297002,3.4707426121228226,2.2803594297666545
RYQ,0.0,2.0658394264183535,0.0,0.0
RYS,0.6931471805599453,0.5493061443340549,0.0,0.0
RYT,1.0750556815368328,0.358351893845611,0.40235947810852507,0.0
RYV,2.4790616760491893,2.4356179501787385,2.5482766946873254,2.7400701939510808
SAA,0.0,0.9241962407465937,0.6931471805599453,1.2070784343255752
SAD,0.358351893845611,0.0,0.0,0.0
SAE,0.0,0.0,0.0,0.0
SAF,0.0,0.0,0.0,0.0
SAG,0.0,0.0,0.0,0.0
SAI,0.46209812037329684,0.0,0.0,0.0
SAL,1.2435862814405005,0.716703787691222,1.3247324800107068,1.7435577384702752
SAM,0.6931471805599453,0.0,0.5493061443340549,0.0
SAN,0.0,0.6931471805599453,0.6931471805599453,0.6931471805599453
SAP,0.46209812037329684,1.3862943611198906,0.6931471805599453,1.0986122886681098
SAQ,1.354025100551105,2.210820055894223,1.4753180863979252,1.1882523095313346
SAR,0.40235947810852507,0.0,1.6785266909588594,1.4853153869141684
SAS,2.961959564600181,1.4809797823000905,1.8039084803498968,1.5474572577726913
SAT,1.6215917908794277,0.46209812037329684,0.0,0.0
SAV,2.210820055894223,2.7316465323956876,2.1646901764198763,2.218070977791825
SCA,0.0,0.0,0.15767011966073635,0.47957905455967414
SCC,0.0,0.0,0.0,0.0
SCE,0.0,0.0,0.0,0.0
SCI,0.8047189562170501,1.1295030226309093,1.0750556815368328,0.716703787691222
SCK,0.0,0.0,0.0,0.0
SCM,0.0,0.0,0.0,0.0
SCN,0.0,0.0,0.0,0.0
SCQ,1.1882523095313346,0.716703787691222,0.6931471805599453,0.0
SCS,0.8047189562170501,0.0,0.716703787691222,0.0
SCT,0.0,0.0,0.0,0.0
SDA,0.358351893845611,0.0,1.5843364127084463,2.07576730900269
SDC,0.0,0.0,0.0,0.0
SDD,0.0,0.0,0.0,0.0
SDE,0.0,0.0,0.0,0.0
SDF,0.0,0.0,0.0,0.0
SDG,0.648636716351771,1.2070784343255752,1.0750556815368328,1.0750556815368328
SDI,1.5730102312330316,1.98681215200879,0.2763525069867779,1.5685359094806235
SDK,1.6094379124341003,1.4853153869141684,2.0794415416798357,0.8047189562170501
SDL,0.9729550745276566,0.35184800499953334,0.35184800499953334,0.716703787691222
SDP,0.0,0.358351893845611,0.29706307738283366,0.9241962407465937
SDQ,0.0,0.0,0.0,0.0
SDR,0.0,0.0,0.0,0.0
SDS,0.0,0.0,0.0,0.0
SDT,0.0,0.0,0.0,0.0
SDV,0.0,0.0,0.0,0.0
SDY,0.46209812037329684,0.0,3.2731263485170996,2.952699528345521
SEA,0.5545177444479562,0.3243183581758855,0.27465307216702745,0.47957905455967414
SEE,0.0,0.0,1.700218681115391,2.033105440735637
SEF,0.0,0.358351893845611,0.716703787691222,0.0
SEI,0.0,0.0,0.0,0.0
SEK,1.6094379124341003,0.9241962407465937,1.433407575382444,0.46209812037329684
SEL,2.564625836084481,3.057958268647975,1.603794087635432,2.2803594297666545
SEN,0.0,0.0,0.0,0.0
SEP,0.0,0.0,1.791759469228055,0.648636716351771
SEQ,0.9241962407465937,1.0986122886681098,0.0,0.0
SER,0.8853791700175675,0.0,1.700218681115391,2.1249100080421623
SES,3.2188758248682006,4.015572667403838,3.5535546064447607,3.8110453394519714
SET,0.9241962407465937,0.9241962407465937,0.46209812037329684,0.9241962407465937
SEV,1.9183162182386966,1.2938747370452313,1.740889414994278,1.709966238307691
SEW,0.0,0.0,0.0,0.0
SEY,0.6931471805599453,0.0,0.0,0.0
SFC,0.0,0.0,0.0,0.0
SFD,2.6457324378465152,1.023371152441798,1.9478341740386487,1.9237120180961527
SFE,2.033105440735637,0.46209812037329684,1.530196813003852,1.0986122886681098
SFF,0.9241962407465937,0.9241962407465937,0.5493061443340549,1.3862943611198906
SFG,0.0,0.0,0.0,0.0
SFH,0.0,0.0,0.0,0.6931471805599453
SFI,0.46209812037329684,0.4518012090523637,0.40235947810852507,0.5493061443340549
SFK,0.46209812037329684,0.6931471805599453,0.4518012090523637,2.1972245773362196
SFL,0.0,0.0,0.0,0.6931471805599453
SFM,1.433407575382444,0.0,1.0986122886681098,0.0
SFN,0.6931471805599453,0.0,0.46209812037329684,0.8047189562170501
SFP,3.3027335314884336,2.1853172259165503,1.4431267842799174,1.5474572577726913
SFQ,0.0,1.2070784343255752,0.0,1.3862943611198906
SFR,1.1882523095313346,0.0,0.5493061443340549,0.0
SFS,0.0,0.0,0.0,0.0
SFV,1.297273432703542,0.358351893845611,1.4719249777896741,1.6094379124341003
SFY,0.0,0.0,0.0,0.0
SGA,0.0,0.0,0.0,0.0
SGC,0.0,0.0,0.0,1.0986122886681098
SGD,0.0,0.0,0.0,0.0
SGE,0.0,0.0,0.0,0.0
SGF,2.1879041668000205,0.5887699911158697,0.8047189562170501,0.0
SGG,0.0,0.0,0.0,0.0
SGH,1.0986122886681098,1.2070784343255752,0.5493061443340549,0.5493061443340549
SGI,0.40235947810852507,0.0,0.0,0.0
SGK,1.4853153869141684,1.068728898942307,1.6479184330021646,0.8239592165010823
SGL,0.2558427881104495,0.3153402393214727,0.0,0.12026056535665978
SGM,2.030044099704045,1.4387371636790223,2.535259127695638,3.0493493766626223
SGN,0.5493061443340549,0.0,0.0,0.0
SGQ,0.0,0.0,0.0,0.0
SGR,3.4480541094893353,3.391689656790205,2.893902556178549,1.7592400249976667
SGS,2.800716579638533,1.855246845015033,1.804933601711853,0.2850449287208318
SGT,0.2030044099704045,0.0,0.0,0.0
SGV,0.6543197731480977,1.8270396897336403,1.1450596030091713,0.5941261547656673
SGW,0.0,0.0,0.0,0.0
SGY,0.891189232148501,1.2938747370452313,1.5936825060316215,1.8483924814931874
SHA,0.6931471805599453,0.4518012090523637,0.0,0.0
SHD,0.9241962407465937,0.6931471805599453,1.4387371636790223,0.0
SHG,1.433407575382444,0.40235947810852507,1.433407575382444,1.297273432703542
SHL,0.9241962407465937,0.6931471805599453,0.6931471805599453,0.0
SHN,1.4853153869141684,0.0,0.6931471805599453,0.0
SHR,0.0,0.0,0.0,0.0
SHS,0.0,0.0,0.0,0.0
SHT,0.0,0.0,0.0,0.0
SHV,0.6931471805599453,0.0,0.0,0.0
SHW,1.0986122886681098,0.0,1.3862943611198906,1.433407575382444
SIC,0.40235947810852507,0.0,0.0,0.0
SID,0.0,0.0,0.0,0.0
SIE,0.6931471805599453,0.0,0.0,0.0
SIG,0.0,0.6931471805599453,0.5545177444479562,0.891189232148501
SIH,3.321077827149809,1.9160929006178673,1.4753180863979252,0.0
SII,1.0750556815368328,0.5941261547656673,1.355403627157091,1.297273432703542
SIK,0.5493061443340549,0.0,0.0,0.0
SIL,0.0,0.0,0.0,0.0
SIN,0.0,3.6777412173353694,1.3086395462961955,0.0
SIP,0.5493061443340549,0.5493061443340549,0.5493061443340549,0.0
SIQ,0.0,0.0,0.0,0.0
SIR,0.46209812037329684,0.27465307216702745,1.1882523095313346,0.9729550745276566
SIS,3.2490766082447085,2.1793734613978843,1.6409281251000154,1.2938747370452313
SIT,0.0,0.0,0.0,0.0
SIV,0.0,3.374180124324263,0.0,0.0
SKA,1.0986122886681098,1.297273432703542,2.046742304883596,1.2792139405522478
SKC,0.0,0.0,0.0,0.0
SKD,0.23978952727983707,0.08107958954397138,0.4915656972603224,0.0
SKF,0.0,0.0,0.0,0.0
SKG,1.6215917908794277,1.2070784343255752,1.433407575382444,1.6215917908794277
SKH,0.0,0.0,0.40235947810852507,0.9241962407465937
SKI,1.2435862814405005,0.31454605061794605,0.6056053960998236,1.1036908376251544
SKK,0.0,0.0,0.0,0.0
SKL,0.6543197731480977,2.2931683137695513,3.144656150572902,2.5386578608516093
SKN,1.7435577384702752,0.0,0.0,0.0
SKP,1.9629593194442934,0.716703787691222,2.4084961713108557,1.2070784343255752
SKR,0.46209812037329684,1.2070784343255752,0.40235947810852507,0.0
SKS,0.0,0.0,0.8047189562170501,0.5493061443340549
SKT,0.0,0.0,0.0,0.0
SKV,0.49073982986107334,0.511685576220899,0.2558427881104495,0.3243183581758855
SKW,1.791759469228055,1.0986122886681098,1.9789395845202251,0.0
SLA,0.0,1.0750556815368328,0.0,1.433407575382444
SLC,0.5493061443340549,0.46209812037329684,0.891189232148501,0.40235947810852507
SLD,0.6931471805599453,0.0,0.8047189562170501,0.9241962407465937
SLE,1.0986122886681098,1.297273432703542,0.6543197731480977,1.7343713162681
SLF,1.433407575382444,0.9241962407465937,0.40235947810852507,1.2070784343255752
SLG,0.716703787691222,0.0,0.0,0.8047189562170501
SLH,0.0,0.0,1.030347484452772,0.6777018135785455
SLI,0.0,0.0,0.0,0.0
SLK,2.0303287869002142,2.7094985976662995,1.5169068796558116,2.6620426399959674
SLL,1.87024054922693,0.0,1.6043947641584313,1.1036908376251544
SLP,0.0,1.0986122886681098,0.0,1.2070784343255752
SLQ,0.0,0.0,2.0794415416798357,1.0750556815368328
SLR,0.771276136027294,0.6800874724461563,0.5212954460834371,1.5199387884272784
SLS,0.0,0.891189232148501,1.4853153869141684,0.0
SLT,0.0,0.716703787691222,0.0,0.0
SLV,0.0,0.0,0.716703787691222,0.358351893845611
SLY,1.8920414359288362,1.4073920199981333,1.8267134626340538,0.0
SMD,0.0,0.8239592165010823,1.0750556815368328,0.5493061443340549
SMI,0.0,0.0,0.0,0.0
SMK,2.210284285450008,2.2803594297666545,1.8483924814931874,2.046742304883596
SML,0.29706307738283366,0.5493061443340549,0.0,1.6479184330021646
SMM,0.0,0.0,0.0,0.0
SMQ,0.2030044099704045,0.9814796597221467,0.7675283643313486,1.0150220498520226
SMT,0.354151668007027,1.578268128349331,1.4746970917809672,0.0
SMV,0.40235947810852507,0.0,0.0,0.6931471805599453
SMY,1.0986122886681098,0.9241962407465937,0.0,1.3862943611198906
SNC,0.0,0.0,0.0,0.0
SND,0.716703787691222,1.5813042316832728,0.8047189562170501,2.1581057455185335
SNF,1.9953145010458224,1.0150220498520226,0.1770758340035135,1.218026459822427
SNI,0.0,0.0,0.0,0.0
SNK,1.782378464297002,1.0986122886681098,1.709966238307691,0.6931471805599453
SNL,0.9036024181047274,0.5941261547656673,1.023371152441798,0.9036024181047274
SNN,0.0,0.0,0.0,0.0
SNP,0.0,0.27465307216702745,0.5493061443340549,0.40235947810852507
SNQ,0.0,0.0,1.6094379124341003,1.0986122886681098
SNS,0.5493061443340549,1.2613609572858908,1.1729147536877336,1.709966238307691
SNT,1.0986122886681098,0.0,0.5493061443340549,1.5350567286626973
SNV,0.0,0.0,0.0,0.0
SNW,0.0,0.0,0.46209812037329684,0.5493061443340549
SNY,0.716703787691222,0.0,0.9729550745276566,0.6931471805599453
SPA,1.5730102312330316,3.613264901442189,3.0807790305169287,0.708303336014054
SPD,0.0,0.0,0.0,0.0
SPE,1.6215917908794277,1.0750556815368328,0.40235947810852507,0.5493061443340549
SPF,0.5493061443340549,0.8239592165010823,0.6908812674669447,0.16357994328702444
SPG,0.0,0.0,0.0,0.0
SPI,0.358351893845611,0.0,0.17002186811153908,0.23978952727983707
SPL,0.0,0.0,0.0,0.0
SPQ,0.358351893845611,1.3862943611198906,2.529858830967244,2.594546865407084
SPR,0.891189232148501,1.297273432703542,1.1295030226309093,1.1989476363991853
SPS,1.1882523095313346,0.46209812037329684,0.358351893845611,0.0
SPT,0.6931471805599453,0.0,0.9241962407465937,0.648636716351771
SPV,0.0,0.0,0.9729550745276566,0.0
SPW,0.0,0.0,0.28120947889004966,1.8232534723333504
SPY,3.150599434202172,2.9554749509908587,2.6254995285018103,2.1063687823757977
SQA,1.9183162182386966,1.416606672028108,0.8239592165010823,1.3732653608351373
SQD,0.0,0.0,0.0,0.0
SQE,1.791759469228055,1.5936825060316215,2.1277537294374507,1.9183162182386966
SQF,0.0,0.0,1.2070784343255752,1.0986122886681098
SQH,0.0,0.5493061443340549,0.9241962407465937,0.0
SQI,0.31370718189612473,3.946404867405691,3.535282863122462,2.800716579638533
SQK,0.0,0.0,0.0,0.0
SQL,0.0,0.0,1.4853153869141684,1.922571505169192
SQN,2.5878440720649096,2.3650517949110452,2.2590060452618186,2.6561375100527025
SQQ,0.0,0.0,0.0,0.0
SQR,0.7675283643313486,1.4853153869141684,2.2330485096744495,1.3862943611198906
SQS,2.0303287869002142,1.2178089750893693,1.2026056535665979,1.5638863382503114
SQT,0.47957905455967414,0.0,0.5493061443340549,0.5493061443340549
SQV,0.8239592165010823,1.354025100551105,2.033231729642506,0.5941261547656673
SQW,0.0,0.0,0.0,0.0
SQY,2.0763613580565377,3.5776788741486913,3.1686728254168925,3.640295463637967
SRA,1.3862943611198906,1.791759469228055,1.9459101490553132,1.433407575382444
SRD,0.8047189562170501,0.0,0.708303336014054,0.9729550745276566
SRF,0.0,0.0,0.29438499555793485,0.16357994328702444
SRG,1.433407575382444,0.9241962407465937,1.433407575382444,0.0
SRH,0.0,0.0,0.0,0.0
SRI,1.9478341740386487,1.1295030226309093,0.511685576220899,1.6635532333438687
SRK,0.0,0.0,0.0,0.0
SRL,0.7126123218020795,1.8575196420290676,1.2341498185834088,1.6942101997711707
SRM,0.0,0.0,0.0,0.0
SRN,1.8072048362094548,2.9320667083294443,2.715129600883499,2.3019858420456756
SRP,0.23978952727983707,0.648636716351771,0.5802964716647593,0.0
SRQ,1.8270396897336403,1.5350567286626973,1.297273432703542,2.033231729642506
SRR,1.416606672028108,1.068728898942307,0.5493061443340549,1.9183162182386966
SRS,2.836073979217888,2.801982245689363,2.3902805705654218,2.9440639471783188
SRT,0.358351893845611,1.2070784343255752,4.505874581441925,4.072430318449457
SRV,0.0,0.0,0.0,0.0
SRW,0.0,0.0,0.0,0.0
SRY,0.9241962407465937,1.3862943611198906,1.6094379124341003,1.6094379124341003
SSA,2.8510810441098697,2.7781978493212343,2.22629621401804,1.7435577384702752
SSC,0.0,0.5493061443340549,0.0,0.0
SSD,0.9729550745276566,0.8239592165010823,0.0,1.1882523095313346
SSE,0.9036024181047274,0.0,1.8245340612920302,2.284950741776536
SSF,1.8270396897336403,0.0,1.3086395462961955,0.0
SSG,1.0986122886681098,0.46209812037329684,0.0,1.0986122886681098
SSH,1.7908995167731467,0.5493061443340549,1.0750556815368328,1.1882523095313346
SSI,3.192200845122316,2.270079664070115,1.6942101997711707,0.0
SSK,0.6931471805599453,0.0,1.3862943611198906,0.0
SSL,1.0425908921668743,1.5199387884272784,1.4187997900438216,1.8267134626340538
SSM,0.36967849629863747,2.4725158851046243,1.1551575050955858,0.0
SSN,0.0,0.0,0.0,0.6931471805599453
SSP,0.0,0.0,0.0,0.0
SSQ,0.0,0.6931471805599453,1.2070784343255752,1.0986122886681098
SSR,0.716703787691222,1.6635532333438687,1.6357994328702448,1.4387371636790223
SSS,0.0,0.0,0.0,0.0
SST,0.0,0.0,0.46209812037329684,0.0
SSV,0.46209812037329684,0.8047189562170501,0.5545177444479562,0.891189232148501
SSW,1.6094379124341003,1.6215917908794277,1.433407575382444,0.9241962407465937
STA,0.0,0.0,1.2070784343255752,0.9241962407465937
STD,0.0,0.0,0.0,0.0
STE,0.0,1.0986122886681098,0.0,0.0
STF,1.4722194895832201,0.0,0.0,0.0
STG,2.137457797884614,0.0,1.2070784343255752,0.0
STH,0.0,0.0,0.0,0.0
STK,1.770758340035135,0.5864133416658889,1.2112107921996471,2.3019858420456756
STL,1.6635532333438687,0.0,1.2395308380245946,0.0
STP,1.433407575382444,1.6094379124341003,0.648636716351771,0.0
STQ,0.0,0.0,0.0,0.0
STR,0.29706307738283366,0.891189232148501,0.4518012090523637,0.21374577978846138
STS,2.436052919644854,1.9478341740386487,2.1265392627313178,2.3019858420456756
STT,0.0,0.0,0.0,0.0
STV,0.6931471805599453,0.0,0.5493061443340549,0.6931471805599453
STW,1.0986122886681098,1.0986122886681098,0.0,0.0
STY,3.0447810460376457,2.4102379250852937,0.4691306733327111,0.0
SVA,0.0,0.0,0.22590060452618185,0.0
SVC,0.0,0.0,0.8239592165010823,1.2792139405522478
SVD,0.46209812037329684,0.716703787691222,0.0,0.0
SVE,0.0,0.0,0.708303336014054,1.0750556815368328
SVF,0.0,0.0,0.0,1.1882523095313346
SVG,0.8047189562170501,0.8047189562170501,1.0986122886681098,0.46209812037329684
SVH,0.0,0.0,0.0,0.0
SVI,0.0,0.27465307216702745,0.5493061443340549,0.5493061443340549
SVK,0.3802888691543457,0.3153402393214727,1.0823450882099381,0.29706307738283366
SVL,0.0,0.0,3.4487170056600864,3.6579414078767862
SVM,0.0,0.0,0.0,0.0
SVN,0.0,0.0,0.0,0.0
SVP,1.4753180863979252,0.6143175323067617,1.6706188412869083,1.1446624014950486
SVQ,1.6094379124341003,1.782378464297002,1.1882523095313346,0.9729550745276566
SVR,1.9183162182386966,2.4141568686511503,2.2901192060183426,1.4853153869141684
SVS,1.9662627890412896,3.0083682293500282,2.643717534883358,2.403791043139602
SVT,0.6800874724461563,0.6748666190238822,1.5065794963213273,0.46209812037329684
SVV,0.716703787691222,0.0,1.433407575382444,0.9241962407465937
SVW,1.0986122886681098,0.8047189562170501,1.6479184330021646,1.7908995167731467
SVY,0.716703787691222,0.0,0.0,0.0
SWD,0.0,0.0,0.0,0.0
SWF,1.0986122886681098,0.0,1.5813042316832728,1.297273432703542
SWG,0.23978952727983707,0.0,0.0,0.15767011966073635
SWK,0.0,0.0,0.0,0.0
SWL,0.0,0.0,0.0,0.0
SWR,1.297273432703542,1.791759469228055,1.2070784343255752,0.8047189562170501
SWS,1.6479184330021646,0.0,1.433407575382444,0.0
SWT,0.12026056535665978,0.0,3.3690379772941195,0.0
SWV,0.0,0.0,0.0,0.0
SYA,0.5493061443340549,0.0,0.46209812037329684,0.0
SYC,0.0,0.0,0.27465307216702745,0.9729550745276566
SYD,1.023371152441798,0.47957905455967414,0.7737286288863456,1.7908995167731467
SYG,0.5941261547656673,1.297273432703542,0.648636716351771,0.0
SYI,2.487172562881001,2.5877494740904625,1.4853153869141684,2.2833918282925674
SYL,1.8270396897336403,1.709966238307691,0.7393569925972749,1.0986122886681098
SYM,0.6931471805599453,0.5493061443340549,0.0,0.0
SYP,0.9241962407465937,0.0,0.46209812037329684,0.5493061443340549
SYR,0.0,0.40235947810852507,0.0,0.0
SYS,3.908210565393552,2.9198960085593217,2.7116378460852935,1.3228662189232576
SYV,0.0,0.0,0.0,0.0
TAA,1.709750557389654,0.5364793041447,0.709018494804472,0.9060257685103575
TAC,0.0,0.9241962407465937,0.8047189562170501,0.7675283643313486
TAD,0.0,0.0,0.0,0.0
TAE,1.2070784343255752,1.0986122886681098,1.791759469228055,1.0986122886681098
TAF,0.6338147819239095,1.1440573311845905,0.21555320038032189,0.9036024181047274
TAG,1.5936825060316215,0.9591581091193483,1.9135024711265767,2.380306153561547
TAH,0.0,0.0,0.0,0.0
TAI,0.0,0.0,0.0,0.0
TAL,1.014103651078255,1.6942101997711707,1.5246746883313111,1.5246746883313111
TAN,0.0,1.3862943611198906,0.0,0.47957905455967414
TAQ,0.0,0.0,0.0,0.0
TAR,0.0,0.0,0.0,0.0
TAS,1.023371152441798,0.5493061443340549,1.2824746787307684,1.355403627157091
TAT,0.40235947810852507,0.9241962407465937,0.648636716351771,0.40235947810852507
TAV,1.140866607463037,1.1901530767807735,1.354025100551105,1.4787139851945499
TAY,0.29706307738283366,0.0,0.16357994328702444,0.29706307738283366
TCC,0.0,0.0,0.0,0.0
TCD,1.0986122886681098,1.0750556815368328,1.2070784343255752,0.5493061443340549
TCE,0.8047189562170501,0.29706307738283366,0.21374577978846138,0.40235947810852507
TCI,0.0,0.0,0.6931471805599453,0.6931471805599453
TCK,0.0,0.0,0.0,0.0
TCL,0.7393569925972749,1.068728898942307,0.3243183581758855,0.6777018135785455
TCN,0.5493061443340549,0.9241962407465937,1.2070784343255752,0.8239592165010823
TCQ,0.0,0.0,0.0,0.0
TCR,1.6581150419206674,0.0,1.3601749448923126,0.0
TCS,1.7908995167731467,2.137457797884614,0.5493061443340549,0.0
TCV,0.0,0.0,0.0,0.0
TDA,0.9036024181047274,0.29706307738283366,0.27465307216702745,0.9036024181047274
TDE,0.0,0.0,0.0,0.0
TDF,0.2558427881104495,0.0,0.2558427881104495,1.0986122886681098
TDG,0.648636716351771,0.0,0.0,0.0
TDI,0.6931471805599453,0.9241962407465937,1.1882523095313346,1.3732653608351373
TDK,0.3243183581758855,0.8047189562170501,0.0,0.0
TDN,2.7400701939510808,2.137836965406238,3.0325027583292057,2.780859035879416
TDP,0.9241962407465937,0.46209812037329684,1.0750556815368328,0.9241962407465937
TDR,0.0,0.0,0.0,0.0
TDS,2.137836965406238,2.8828092634420464,1.267629563847819,2.6723118648908515
TDT,0.0,0.8239592165010823,0.9729550745276566,1.5350567286626973
TDV,0.5941261547656673,0.0,0.716703787691222,0.5941261547656673
TDY,1.4387371636790223,1.1989476363991853,0.7193685818395111,1.791759469228055
TEA,2.5075818837807113,3.5487143387660636,0.451085950651685,0.5190903395141344
TED,1.791759469228055,0.5493061443340549,0.9241962407465937,0.0
TEE,0.6621065686871168,0.0461512051684126,0.042508998840496345,3.1681587632804047
TEF,0.5493061443340549,0.40235947810852507,0.716703787691222,0.0
TEG,0.0,0.0,0.0,0.0
TEI,0.358351893845611,1.782378464297002,0.0,0.0
TEK,0.0,0.0,0.0,0.0
TEL,2.2281432400225847,2.6720680117126525,2.1121058421869363,3.5472517772503744
TEM,1.5813042316832728,0.0,0.39097158456257786,0.0
TEN,0.0,0.6931471805599453,0.0,0.8047189562170501
TEQ,0.0,0.0,0.0,0.0
TER,0.0,0.0,0.5312275020105406,0.4518012090523637
TES,0.0,3.3678005941517575,1.2002620244595708,0.0
TET,0.0,0.0,0.0,0.0
TEV,0.26401323027336704,0.23835885784157726,2.2892216408770065,2.510965827202212
TEY,2.0419420781275175,2.040431944343825,0.0,0.9139308063926613
TFE,1.6215917908794277,0.0,1.068728898942307,0.0
TFF,0.0,0.0,1.0986122886681098,0.6931471805599453
TFG,2.0402624173384694,0.0,0.23978952727983707,0.0
TFH,1.9459101490553132,1.0750556815368328,1.2070784343255752,1.4853153869141684
TFK,0.8047189562170501,1.0986122886681098,1.1882523095313346,0.5493061443340549
TFP,0.5493061443340549,1.0986122886681098,0.0,0.5493061443340549
TFR,0.0,0.0,0.0,0.0
TFS,0.0,0.0,0.29706307738283366,0.3243183581758855
TFT,1.0986122886681098,0.6931471805599453,1.6479184330021646,2.1972245773362196
TFV,0.5493061443340549,0.9241962407465937,1.4210308697928313,1.1882523095313346
TFY,0.0,0.0,0.0,0.0
TGA,0.0,0.0,0.0,0.0
TGC,0.0,0.0,0.0,0.0
TGD,0.0,0.0,0.0,0.0
TGE,0.5493061443340549,0.0,0.9729550745276566,1.2070784343255752
TGG,1.2070784343255752,1.0750556815368328,0.5941261547656673,1.2792139405522478
TGI,0.0,0.0,0.0,0.5941261547656673
TGK,0.8418239574966185,3.1123601735529838,3.0858303623805035,2.1121058421869363
TGL,0.15767011966073635,0.0,0.15767011966073635,0.18483924814931874
TGN,1.2070784343255752,1.3862943611198906,1.782378464297002,0.9241962407465937
TGP,0.9729550745276566,0.29706307738283366,0.29706307738283366,0.7675283643313486
TGQ,0.0,0.0,0.812017639881618,0.0
TGS,1.6094379124341003,0.7883505983036818,1.5677471079645748,1.5767011966073636
TGV,0.0,0.0,0.0,0.0
TGW,0.0,0.0,0.9902102579427788,1.8232534723333504
TGY,0.9241962407465937,0.9241962407465937,1.0750556815368328,1.3862943611198906
THC,0.6931471805599453,0.716703787691222,0.0,0.0
THD,0.0,0.0,0.0,0.0
THG,0.9241962407465937,1.2070784343255752,1.4853153869141684,0.6931471805599453
THK,0.0,0.0,0.6931471805599453,0.6931471805599453
THL,0.0,0.0,0.716703787691222,1.0986122886681098
THS,1.3862943611198906,0.40235947810852507,0.0,0.8047189562170501
THT,0.0,0.9241962407465937,0.29706307738283366,0.5941261547656673
THV,2.402910225941144,1.709966238307691,2.3477565793159436,1.6357994328702448
THW,0.0,0.0,0.0,0.0
THY,0.0,0.0,0.0,0.0
TIA,0.2558427881104495,0.0,0.3271598865740489,0.0
TID,0.0,0.8047189562170501,0.46209812037329684,0.0
TIE,1.433407575382444,1.709966238307691,1.0986122886681098,0.8047189562170501
TIF,0.0,0.0,0.0,0.0
TIG,1.9343215722158644,2.3978952727983707,1.5222612188617115,0.8239592165010823
TIH,0.0,0.0,0.6931471805599453,0.9241962407465937
TII,0.0,0.0,0.0,0.0
TIK,2.1581057455185335,2.720349889784625,2.0402624173384694,1.433407575382444
TIL,0.0,0.0,0.0,0.0
TIN,1.0986122886681098,1.0986122886681098,1.3862943611198906,0.0
TIP,0.0,2.339751002867763,0.31934881676964455,1.5677471079645748
TIQ,0.0,0.0,0.46209812037329684,1.0986122886681098
TIR,0.9241962407465937,0.5493061443340549,1.0986122886681098,0.0
TIS,1.5633873496365773,0.12341498185834088,0.8024262028098276,0.27465307216702745
TIT,0.0,0.2558427881104495,0.358351893845611,0.0
TIV,0.9241962407465937,0.358351893845611,0.9729550745276566,0.5941261547656673
TIW,0.0,0.0,0.6931471805599453,0.0
TIY,1.1054100279471115,2.02820730215651,1.6635532333438687,2.2078874666845114
TKA,2.830914455561514,2.514795636315662,3.6991267271851553,2.9535037670090816
TKC,0.0,0.6931471805599453,0.5941261547656673,1.3732653608351373
TKD,0.0,0.0,0.0,0.0
TKE,1.433407575382444,2.1277537294374507,1.0750556815368328,0.46209812037329684
TKF,1.0986122886681098,1.6094379124341003,0.46209812037329684,1.2070784343255752
TKG,0.6931471805599453,0.9241962407465937,0.5493061443340549,0.6931471805599453
TKI,0.0,0.8327480465536476,0.0,0.0
TKK,1.1295030226309093,1.0986122886681098,1.068728898942307,0.9729550745276566
TKL,0.23978952727983707,1.5561326369842148,1.9250738008550292,2.217643237132057
TKM,0.0,0.0,0.0,0.0
TKN,1.3862943611198906,1.2070784343255752,1.433407575382444,0.6931471805599453
TKP,0.0,0.0,0.0,0.0
TKQ,2.0402624173384694,1.8072048362094548,1.9789395845202251,1.5350567286626973
TKR,0.511685576220899,0.648636716351771,0.23978952727983707,0.5493061443340549
TKT,2.137457797884614,0.8047189562170501,1.023371152441798,0.0
TKV,0.2850449287208318,1.1901530767807735,1.6094379124341003,2.210820055894223
TKW,2.720349889784625,0.20477251076892056,0.385638068013647,2.5877494740904625
TKY,0.0,0.0,0.0,0.0
TLA,1.0986122886681098,1.0986122886681098,0.0,0.5493061443340549
TLD,0.0,0.0,0.0,0.0
TLE,0.9814796597221467,1.218026459822427,1.068728898942307,0.21374577978846138
TLF,2.0794415416798357,1.2792139405522478,0.9241962407465937,0.8239592165010823
TLG,0.8239592165010823,1.0986122886681098,0.648636716351771,0.648636716351771
TLH,0.0,0.9241962407465937,0.5493061443340549,0.40235947810852507
TLI,0.8239592165010823,0.29706307738283366,0.42749155957692275,0.2558427881104495
TLK,2.046742304883596,1.0986122886681098,1.2938747370452313,0.0
TLL,0.0,0.0,0.0,0.0
TLM,0.0,0.0,0.0,0.0
TLP,0.40235947810852507,0.0,0.3243183581758855,0.27465307216702745
TLQ,0.6931471805599453,0.0,0.3243183581758855,0.6931471805599453
TLR,1.4853153869141684,0.0,0.648636716351771,0.40235947810852507
TLS,0.46209812037329684,0.0,0.0,0.0
TLT,0.511685576220899,1.068728898942307,1.5474572577726913,0.5493061443340549
TLV,0.3868643144431728,0.2558427881104495,0.23978952727983707,0.9036024181047274
TLY,2.137836965406238,0.358351893845611,2.215505645854608,1.6479184330021646
TMA,1.0986122886681098,0.46209812037329684,0.0,0.0
TMD,0.6931471805599453,0.0,0.40235947810852507,0.8047189562170501
TMN,0.0,0.40235947810852507,0.6931471805599453,0.0
TMP,0.5493061443340549,0.5493061443340549,0.0,1.0986122886681098
TMQ,0.0,0.0,0.0,0.0
TMR,0.0,0.9241962407465937,0.9729550745276566,1.3732653608351373
TMT,0.0,0.0,1.0750556815368328,1.5350567286626973
TNA,0.5493061443340549,0.3868643144431728,0.0,1.2178089750893693
TND,2.1492572089677497,2.818888381620341,0.0,0.0
TNE,0.0,0.0,0.0,0.0
TNF,1.6094379124341003,0.716703787691222,0.891189232148501,0.716703787691222
TNG,0.5941261547656673,0.5493061443340549,0.648636716351771,0.0
TNI,1.3862943611198906,1.6094379124341003,1.6094379124341003,1.433407575382444
TNK,0.0,0.0,0.0,0.0
TNL,0.0,0.0,0.5941261547656673,0.46209812037329684
TNN,0.0,0.0,0.0,0.46209812037329684
TNP,1.218026459822427,0.6800874724461563,0.9833927516624476,1.4787139851945499
TNQ,2.1879041668000205,3.011736703532433,3.2886990913386493,4.080295599318753
TNR,0.9241962407465937,1.8072048362094548,1.6479184330021646,1.2070784343255752
TNS,2.0117973905426254,2.553839622078879,1.6048524056196551,3.22028135258812
TNT,0.354151668007027,1.8063323984442,1.8872763037076763,2.5745466706512254
TNV,0.46209812037329684,0.0,0.5493061443340549,0.5493061443340549
TNY,0.9241962407465937,0.5493061443340549,1.922571505169192,2.1972245773362196
TPC,0.716703787691222,1.6479184330021646,0.5493061443340549,0.0
TPD,0.5941261547656673,0.35184800499953334,1.1851147570166778,0.0
TPE,1.023371152441798,1.354025100551105,0.9036024181047274,0.5941261547656673
TPG,0.0,3.3186404207792526,2.280458866980109,0.0
TPI,0.40235947810852507,0.8047189562170501,1.1989476363991853,0.9241962407465937
TPK,0.32057822951056014,1.1628721619954618,1.1905870608454558,1.80863979105319
TPL,0.0,0.0,0.0,0.0
TPP,2.564625836084481,3.112040354322934,2.5244681873046915,3.2774342953216875
TPQ,0.0,0.0,0.0,0.0
TPR,0.0,0.0,0.0,0.0
TPS,1.023371152441798,0.6931471805599453,0.0,0.5493061443340549
TPV,2.0303287869002142,1.1602120824073179,0.3295836866004329,2.6831503763610787
TQA,0.716703787691222,0.0,0.0,1.0986122886681098
TQD,2.02820730215651,2.8481029223132555,0.3264236479455002,0.1891733053391762
TQF,0.9591581091193483,0.0,0.0,0.0
TQH,0.8047189562170501,0.9241962407465937,1.0986122886681098,1.1882523095313346
TQK,0.0,0.0,0.0,0.0
TQL,0.0,0.6931471805599453,0.0,0.5493061443340549
TQM,0.0,0.0,0.0,0.0
TQN,0.0,1.6479184330021646,0.716703787691222,0.0
TQP,0.5493061443340549,0.9241962407465937,1.2613609572858908,1.433407575382444
TQQ,0.0,0.6931471805599453,0.6931471805599453,0.0
TQS,0.0,0.0,0.0,0.0
TQT,0.358351893845611,0.0,0.0,0.5493061443340549
TQV,0.0,0.0,0.648636716351771,0.716703787691222
TQY,0.0,0.0,0.0,0.0
TRA,0.0,0.0,0.0,0.0
TRD,0.0,0.0,0.0,0.0
TRE,0.9729550745276566,1.023371152441798,0.8239592165010823,1.3732653608351373
TRF,0.3243183581758855,0.0,0.0,0.0
TRG,0.0,1.6094379124341003,0.0,0.0
TRH,1.0986122886681098,0.5493061443340549,1.2070784343255752,1.3862943611198906
TRI,0.3868643144431728,0.7193685818395111,0.45667836565851344,0.6800874724461563
TRK,2.5713524440127005,1.0986122886681098,2.4682996371668176,2.5649493574615367
TRL,1.1989476363991853,0.0,0.0,0.0
TRN,1.433407575382444,0.5493061443340549,1.5813042316832728,1.9459101490553132
TRP,1.068728898942307,2.0402624173384694,1.6357994328702448,0.0
TRQ,3.044522437723423,2.0402624173384694,2.715129600883499,2.5227219145717816
TRR,2.030044099704045,2.5022724622424466,2.207381675250309,2.210284285450008
TRS,0.0,0.0,1.3862943611198906,0.6931471805599453
TRT,1.9459101490553132,0.0,1.6479184330021646,0.0
TRV,0.0,0.5493061443340549,0.0,0.9729550745276566
TRY,1.782378464297002,1.0750556815368328,5.21080167366686,4.536821070101704
TSA,0.5941261547656673,1.782378464297002,1.297273432703542,0.6931471805599453
TSD,0.6931471805599453,0.5493061443340549,0.9241962407465937,0.6931471805599453
TSE,1.7908995167731467,1.6635532333438687,2.207381675250309,2.3978952727983707
TSF,2.4356179501787385,0.358351893845611,1.4853153869141684,1.922571505169192
TSG,0.0,0.46209812037329684,0.0,0.3243183581758855
TSH,0.7193685818395111,0.358351893845611,0.6412373393653842,0.2558427881104495
TSI,1.0986122886681098,1.0986122886681098,0.9241962407465937,0.0
TSK,2.281733214926074,0.39097158456257786,0.9460207179644181,1.354025100551105
TSL,0.0,0.0,0.0,0.0
TSN,0.0,0.0,0.0,0.0
TSP,0.0,0.0,0.0,0.0
TSR,0.0,0.3243183581758855,0.22590060452618185,0.7737286288863456
TSS,1.3732653608351373,0.0,1.1450596030091713,2.3019858420456756
TST,0.0,0.0,0.0,0.0
TSV,0.6931471805599453,0.0,0.716703787691222,0.0
TTA,0.0,0.0,0.0,0.0
TTD,0.0,0.0,0.9241962407465937,1.0986122886681098
TTE,0.0,3.3435567453520045,1.299552193232534,0.0
TTH,0.0,1.0986122886681098,0.5802964716647593,0.8178997164351224
TTI,0.0,0.0,0.0,0.0
TTK,0.0,0.0,0.0,0.0
TTL,0.0,0.0,0.0,0.0
TTN,2.4072786084294826,2.2702285072311987,2.4072786084294826,3.60868760521348
TTP,0.406008819940809,0.40235947810852507,1.3039425795659698,0.0
TTQ,0.0,0.0,0.0,0.0
TTR,2.961959564600181,1.4387371636790223,2.552127892642548,2.7887850404652017
TTT,0.0,0.5493061443340549,0.3243183581758855,0.46209812037329684
TTV,0.0,0.0,0.0,0.0
TVA,0.0,0.0,0.0,0.0
TVE,0.6931471805599453,0.0,0.40235947810852507,1.3862943611198906
TVF,0.0,0.0,0.0,0.0
TVG,0.511685576220899,0.511685576220899,0.3243183581758855,1.433407575382444
TVH,0.0,0.0,0.0,0.0
TVI,0.2558427881104495,0.0,0.648636716351771,0.0
TVK,0.8047189562170501,0.0,1.0986122886681098,0.8047189562170501
TVL,0.8501093405576955,0.2892285510102352,2.330175896888298,0.0
TVM,0.46209812037329684,1.0750556815368328,0.0,0.0
TVN,0.0,2.3055504144419454,3.6642133678021955,2.717965887329369
TVP,0.16357994328702444,0.0,0.10926586129582751,0.23978952727983707
TVQ,0.11446624014950488,0.4182762425281663,3.896065893812931,0.0
TVR,1.9183162182386966,0.0,0.8047189562170501,0.0
TVS,0.0,0.0,0.0,0.0
TVT,0.0,0.0,0.0,0.511685576220899
TVV,1.9343215722158644,0.7675283643313486,0.716703787691222,0.0
TVY,0.0,0.0,0.0,0.0
TWE,1.797146400722174,1.9141385264356794,1.344445493066776,0.0
TWG,0.0,0.0,0.0,0.0
TWI,0.0,0.06297772694292697,0.0,0.0
TWT,0.0,0.0,0.0,0.23978952727983707
TWV,0.0,0.0,0.0,0.0
TWW,0.0,1.5337724575978473,0.38175883784155024,0.0
TWY,0.0,0.0,1.7908995167731467,1.9459101490553132
TYA,0.5493061443340549,0.0,0.2558427881104495,0.716703787691222
TYD,1.1989476363991853,1.4962204585192298,0.5493061443340549,1.297273432703542
TYE,0.0,0.0,0.0,0.0
TYF,0.0,0.0,0.0,0.0
TYG,0.0,0.0,0.0,0.0
TYH,0.0,0.0,0.0,0.0
TYI,0.0,0.0,0.0,0.0
TYL,0.0,0.0,0.0,0.0
TYM,0.0,0.0,0.0,0.0
TYP,0.0,0.0,0.0,0.0
TYQ,0.0,3.1947003552962703,0.0,0.44157749333690227
TYS,0.46209812037329684,0.8047189562170501,0.8047189562170501,0.9729550745276566
TYT,0.6931471805599453,0.0,1.297273432703542,1.297273432703542
TYY,2.523135709220445,1.9659128163621629,0.134119826036175,0.0
VAA,0.708303336014054,0.812017639881618,0.22590060452618185,0.8239592165010823
VAD,0.0,0.5493061443340549,0.0,0.0
VAE,1.2792139405522478,1.2395308380245946,0.1770758340035135,0.0
VAF,0.40235947810852507,1.3862943611198906,0.0,0.7611306094308558
VAG,0.0,0.0,0.0,0.0
VAH,0.0,0.0,0.40235947810852507,0.0
VAI,0.46209812037329684,0.0,0.5493061443340549,0.6931471805599453
VAK,0.9591581091193483,0.0,0.8178997164351224,0.716703787691222
VAL,0.0,0.0,0.0,0.0
VAP,0.7737286288863456,0.7193685818395111,0.6705991301808751,0.8853791700175675
VAQ,0.0,0.0,0.0,0.0
VAR,2.1249100080421623,1.922571505169192,1.4809797823000905,1.068728898942307
VAS,2.7527679046578055,1.4187997900438216,1.1729147536877336,1.416606672028108
VAT,0.0,0.0,0.7393569925972749,1.5350567286626973
VAV,0.0,0.0,0.0,0.0
VAW,1.5651710528772957,0.0,1.700218681115391,1.5813042316832728
VAY,0.648636716351771,0.5941261547656673,0.0,0.891189232148501
VCA,0.5941261547656673,0.0,0.0,1.2792139405522478
VCD,0.5493061443340549,0.0,0.7193685818395111,1.4853153869141684
VCE,1.433407575382444,0.9241962407465937,1.9459101490553132,1.0986122886681098
VCH,0.0,0.6931471805599453,0.5493061443340549,0.0
VCK,2.351203577673075,1.6785266909588594,1.5767011966073636,1.218026459822427
VCL,0.716703787691222,0.0,0.0,0.26064772304171857
VCM,0.6931471805599453,0.5493061443340549,0.0,0.0
VCP,0.5941261547656673,0.0,0.0,0.0
VCS,0.0,0.0,0.0,0.0
VCT,0.0,0.0,0.0,0.0
VCV,0.0,0.0,0.5493061443340549,0.891189232148501
VDA,0.40235947810852507,0.9241962407465937,0.0,0.6931471805599453
VDC,1.0986122886681098,0.0,0.0,0.0
VDD,0.40235947810852507,0.0,1.3862943611198906,1.4853153869141684
VDE,0.0,0.46209812037329684,0.40235947810852507,0.0
VDF,2.2598692444819912,2.091296490443383,1.035222255852891,1.9028935265293434
VDG,0.5493061443340549,1.4506835837978906,0.8943834587870262,3.6579414078767862
VDI,1.9343215722158644,1.4787139851945499,1.218026459822427,0.0
VDK,0.0,0.0,0.0,1.9478341740386487
VDM,0.0,0.0,0.0,0.0
VDN,0.0,0.0,0.0,0.0
VDP,0.0,0.5493061443340549,0.0,0.5493061443340549
VDQ,0.0,0.0,0.0,0.0
VDR,0.891189232148501,1.6785266909588594,0.5941261547656673,1.433407575382444
VDV,0.0,0.5941261547656673,0.0,0.5941261547656673
VDY,0.0,0.6931471805599453,0.6931471805599453,0.46209812037329684
VED,0.5493061443340549,0.716703787691222,0.21374577978846138,0.0
VEE,0.0,0.0,0.0,0.0
VEG,0.9671607861079322,1.1090354888959124,0.6089542681487593,0.4820475850170587
VEI,1.2395308380245946,0.0,0.09831313945206448,0.511685576220899
VEK,0.0,0.0,0.0,0.0
VEL,0.0,0.0,0.0,0.5493061443340549
VEQ,2.707926822847902,1.4210308697928313,2.345829507375467,1.9343215722158644
VER,2.2803594297666545,2.321185886659037,2.154970258541292,1.1605929433295186
VES,0.1425224643604159,0.0,0.0,0.358351893845611
VET,0.0,0.0,0.0,0.0
VEV,2.0117973905426254,1.6942101997711707,0.9976572505229112,1.2792139405522478
VEW,0.0,0.0,0.0,0.0
VEY,0.29706307738283366,0.6090132299112135,0.4518012090523637,0.4518012090523637
VFA,2.417914360088719,1.4924456048260688,0.8168220755338965,2.461392187650023
VFD,0.0,0.6931471805599453,0.0,0.9241962407465937
VFE,0.47957905455967414,0.3243183581758855,0.9729550745276566,0.891189232148501
VFF,0.0,0.0,0.0,0.0
VFG,1.4387371636790223,1.0986122886681098,0.9241962407465937,1.9183162182386966
VFH,1.2070784343255752,0.891189232148501,0.716703787691222,0.40235947810852507
VFI,0.0,0.0,0.0,0.0
VFK,0.511685576220899,0.0,0.2558427881104495,1.0986122886681098
VFL,0.0,0.0,0.0,0.0
VFN,0.0,0.0,0.0,0.0
VFP,0.0,0.0,0.0,0.0
VFR,2.9506361727958503,2.402910225941144,2.9320667083294443,2.2800370426149756
VFS,0.0,0.0,0.5493061443340549,0.0
VFT,0.0,0.0,0.0,0.0
VFV,0.0,0.0,0.0,0.5493061443340549
VFW,0.0,0.0,0.0,0.0
VGA,0.7737286288863456,0.6090132299112135,0.9460207179644181,0.22590060452618185
VGD,1.5350567286626973,0.6555951677749651,2.127055484413416,0.6412373393653842
VGF,0.46209812037329684,0.0,0.358351893845611,0.0
VGG,0.812017639881618,1.1989476363991853,0.6090132299112135,0.5493061443340549
VGH,0.0,0.0,0.0,0.0
VGI,1.030347484452772,0.648636716351771,0.8178997164351224,1.4787139851945499
VGK,0.1934321572215864,3.4326775186996112,4.404184604840026,1.898163982507835
VGL,0.716703787691222,1.433407575382444,0.6931471805599453,1.6094379124341003
VGN,0.9241962407465937,1.3862943611198906,0.0,1.3862943611198906
VGP,0.5941261547656673,0.0,0.0,0.0
VGQ,0.0,0.0,0.0,0.0
VGR,0.0,0.0,0.0,0.0
VGS,1.2613609572858908,0.28375995800876436,0.9516656224425799,1.9789395845202251
VGT,0.9241962407465937,0.9241962407465937,0.9729550745276566,0.5493061443340549
VGV,0.0,0.0,0.0,0.0
VGW,0.6931471805599453,0.0,0.716703787691222,1.0750556815368328
VGY,0.716703787691222,0.5941261547656673,1.0986122886681098,0.0
VHA,0.0,0.0,0.0,0.0
VHE,0.8047189562170501,0.0,0.0,0.8047189562170501
VHG,0.0,0.0,0.0,0.0
VHI,0.0,0.0,0.0,0.0
VHK,0.0,0.0,0.0,0.0
VHL,0.7359624888948371,1.3732653608351373,0.8853791700175675,0.0
VHN,0.0,0.0,0.0,0.0
VHP,0.0,0.0,0.0,0.0
VHR,0.891189232148501,0.5493061443340549,0.891189232148501,1.0750556815368328
VHS,0.0,0.0,0.0,0.0
VHT,0.0,0.0,0.0,0.0
VHV,0.0,0.6931471805599453,0.6931471805599453,1.0986122886681098
VIA,0.0,0.0,0.0,0.0
VIC,0.0,0.0,0.0,0.0
VID,1.2824746787307684,0.716703787691222,0.8290575209603337,0.9122670306460151
VIE,1.355403627157091,0.0,0.7737286288863456,0.0
VIF,1.4461427550511763,1.9496253350197617,1.5638863382503114,1.4190310769466272
VIG,0.0,0.0,0.0,0.0
VIH,0.5493061443340549,0.8047189562170501,0.46209812037329684,1.297273432703542
VII,0.0,0.0,0.0,0.0
VIK,1.87024054922693,2.62534881637439,2.207381675250309,1.4387371636790223
VIL,0.0,0.0,0.648636716351771,0.0
VIN,0.1770758340035135,0.0,0.708303336014054,0.5493061443340549
VIP,0.13032386152085929,0.22262962140180395,0.07983720419241114,2.9999448131269415
VIQ,0.0,0.0,0.0,0.0
VIR,0.5941261547656673,0.5941261547656673,0.812017639881618,0.0
VIS,0.8047189562170501,0.0,0.0,0.0
VIT,0.0,0.5493061443340549,0.9241962407465937,0.40235947810852507
VIV,0.9591581091193483,0.0,0.9133567313170269,1.065582853203198
VIW,0.0,3.7380493450082333,0.07983720419241114,0.0
VIY,0.44157749333690227,1.2591286416445535,2.471877649503247,0.0
VKA,0.5493061443340549,0.4518012090523637,1.0729586082894,1.5813042316832728
VKD,0.0,0.0,0.0,0.0
VKE,0.3243183581758855,0.891189232148501,1.023371152441798,0.46209812037329684
VKF,0.0,0.0,0.0,0.0
VKG,0.5364793041447,0.6338147819239095,0.8012636810465341,0.358351893845611
VKH,0.0,0.0,0.0,0.0
VKI,0.0,0.0,0.0,0.0
VKK,0.6931471805599453,0.6931471805599453,1.2070784343255752,0.0
VKL,0.07526384993517499,0.5285034748015389,0.04105322357584273,1.8477795585221681
VKM,0.0,0.0,0.0,0.0
VKN,2.594546865407084,2.5254718724898555,2.3980097541010985,2.8780183516958386
VKQ,3.255617567505182,3.8343840012607333,0.831114984309531,2.465394139973423
VKR,0.0,0.46209812037329684,0.40235947810852507,1.3862943611198906
VKS,0.46209812037329684,0.6931471805599453,1.2070784343255752,1.2792139405522478
VKT,0.6090132299112135,0.648636716351771,0.708303336014054,0.648636716351771
VKV,0.0,0.0,0.9241962407465937,0.5493061443340549
VKY,1.354025100551105,0.0,1.0425908921668743,0.0
VLA,0.0,0.0,0.0,0.0
VLD,0.6543197731480977,0.6555951677749651,2.5352712192846485,0.36967849629863747
VLE,0.0,0.0,0.0,0.0
VLF,1.0986122886681098,0.0,0.0,0.9241962407465937
VLG,0.40235947810852507,0.0,0.2030044099704045,0.46209812037329684
VLH,0.0,0.0,0.0,0.0
VLI,0.716703787691222,0.3243183581758855,2.033231729642506,2.060694968905544
VLK,1.922571505169192,0.5802964716647593,0.8178997164351224,1.4962204585192298
VLL,0.0,0.0,0.0,0.0
VLN,0.6777018135785455,0.4518012090523637,0.5941261547656673,0.0
VLP,1.0685376343543207,1.724946923226575,3.4252467535829036,0.43706344518331003
VLQ,0.5493061443340549,0.0,3.29429392158337,3.2633369250524065
VLR,1.6785266909588594,1.9183162182386966,1.6215917908794277,1.297273432703542
VLS,0.0,0.511685576220899,0.47957905455967414,1.433407575382444
VLT,0.7193685818395111,0.47957905455967414,0.1673977218134808,0.7825855264386479
VLV,0.8549831191538455,0.0,0.9388387822532253,1.9478341740386487
VLY,1.3862943611198906,1.433407575382444,0.40235947810852507,0.5493061443340549
VMA,1.0201312086692347,0.7193685818395111,1.1054100279471115,1.3601749448923126
VMF,0.7675283643313486,0.46209812037329684,1.5474572577726913,1.624035279763236
VMH,0.0,0.9241962407465937,0.46209812037329684,0.6931471805599453
VMK,0.0,0.0,0.12676295638478188,0.3802888691543457
VML,0.23978952727983707,0.9729550745276566,1.2696703193780503,3.036644791024522
VMP,0.0,0.0,0.0,0.0
VMR,0.9241962407465937,1.6094379124341003,1.6094379124341003,0.0
VMS,0.46209812037329684,1.297273432703542,0.40235947810852507,0.0
VMT,0.9241962407465937,1.2070784343255752,0.46209812037329684,0.8047189562170501
VMV,0.6412373393653842,0.0,0.16357994328702444,1.4962204585192298
VNA,0.0,0.0,0.0,0.0
VNC,0.0,0.0,0.0,0.0
VND,0.0,1.9981666905790796,4.035410975111078,2.9554749509908587
VNE,0.0,0.0,0.0,0.0
VNF,1.2824746787307684,0.47957905455967414,1.3228662189232576,0.4518012090523637
VNG,0.0,0.0,0.0,0.0
VNI,0.406008819940809,0.0,0.40235947810852507,0.0
VNL,1.624035279763236,1.6581150419206674,1.299552193232534,1.4720319735891594
VNQ,2.3702295140333556,2.2849655356185017,1.7565171014117016,1.6381800861513645
VNR,0.0,0.0,0.0,0.0
VNS,0.0,0.0,0.0,0.5493061443340549
VNT,2.564625836084481,2.9173766269634624,3.9704873011167843,3.4886164859863853
VNV,0.0,0.0,0.0,0.0
VNW,0.9241962407465937,0.0,0.9241962407465937,0.6931471805599453
VNY,1.433407575382444,1.2070784343255752,1.0986122886681098,0.5493061443340549
VPA,0.511685576220899,0.4471917293935131,0.3044522437723423,3.653528799875983
VPF,0.0,0.6931471805599453,0.0,0.0
VPG,0.8047189562170501,1.0986122886681098,0.9241962407465937,1.6094379124341003
VPI,0.0,0.0,0.0,0.8047189562170501
VPK,2.380306153561547,1.4787139851945499,2.1879041668000205,1.7343713162681
VPL,0.5723312007475243,1.3261880183299504,0.3778663616575618,0.7920396908201012
VPN,0.0,1.6215917908794277,0.648636716351771,0.46209812037329684
VPP,0.0,0.0,0.0,0.0
VPQ,0.0,0.0,0.0,0.0
VPR,0.9241962407465937,1.0750556815368328,0.46209812037329684,0.8047189562170501
VPS,0.0,0.8239592165010823,0.8047189562170501,0.3243183581758855
VPV,0.0,0.0,0.0,0.0
VPW,0.6931471805599453,0.0,0.40235947810852507,0.5493061443340549
VPY,0.0,0.8047189562170501,0.5493061443340549,0.9241962407465937
VQA,0.5493061443340549,0.0,0.648636716351771,0.47957905455967414
VQD,0.0,1.2792139405522478,0.8047189562170501,1.2070784343255752
VQG,1.9459101490553132,1.1295030226309093,1.4210308697928313,1.922571505169192
VQI,2.321185886659037,0.8239592165010823,0.648636716351771,2.2590060452618186
VQK,1.1107348367250678,3.6514301064019503,1.556921541105596,0.9031661992221
VQL,1.197558062886167,3.7049238499644455,3.1276427763824732,0.6160308706378564
VQM,0.0,0.0,1.4962204585192298,2.70805020110221
VQP,0.12676295638478188,0.4578649605980195,3.841002602703777,0.0
VQQ,0.0,0.0,0.0,0.0
VQR,1.1295030226309093,0.9591581091193483,1.1989476363991853,0.406008819940809
VQS,0.0,0.0,0.0,0.0
VQT,1.4387371636790223,0.0,1.1901530767807735,0.0
VQV,0.0,0.0,0.0,1.6479184330021646
VRA,0.0,0.0,0.0,0.0
VRD,0.5493061443340549,1.0986122886681098,1.782378464297002,1.4853153869141684
VRH,0.0,0.0,0.0,0.0
VRI,0.5941261547656673,1.6357994328702448,3.3764955882988055,3.9725309054387696
VRK,2.4141568686511503,0.7193685818395111,1.218026459822427,3.044522437723423
VRL,0.0,0.358351893845611,0.358351893845611,0.716703787691222
VRM,0.0,0.0,0.9729550745276566,0.716703787691222
VRN,0.0,0.0,0.0,0.0
VRP,0.0,0.0,0.40235947810852507,1.0986122886681098
VRQ,1.495952688096049,2.91470672341437,2.9100223053526557,2.648387372690509
VRR,0.0,0.0,0.0,0.0
VRT,0.0,0.0,0.0,0.0
VRV,1.1605929433295186,0.0,0.1934321572215864,0.0
VRY,2.1581057455185335,2.380306153561547,1.9343215722158644,2.1581057455185335
VSA,0.0,0.0,0.0,0.0
VSC,0.0,0.0,0.0,0.0
VSD,0.0,0.0,0.0,0.0
VSE,0.46209812037329684,0.0,0.0,0.0
VSF,1.4853153869141684,0.8047189562170501,0.46209812037329684,1.791759469228055
VSG,0.0,0.0,0.9729550745276566,0.8047189562170501
VSI,0.5493061443340549,1.0986122886681098,0.6931471805599453,0.0
VSK,0.0,0.0,0.0,0.0
VSL,0.0,0.0,0.0,0.0
VSM,0.0,0.0,0.0,0.5493061443340549
VSP,0.0,0.0,0.0,0.0
VSQ,1.8270396897336403,2.060694968905544,1.5222612188617115,0.9591581091193483
VSR,3.0215393142093268,2.909550968216001,1.9701524415537708,2.823364637065122
VSS,2.02820730215651,2.382265757815437,1.9496253350197617,1.2341498185834088
VST,1.782378464297002,1.0750556815368328,0.8047189562170501,1.6094379124341003
VSV,0.9241962407465937,0.648636716351771,1.624035279763236,1.922571505169192
VSW,0.358351893845611,0.0,0.0,0.12341498185834088
VSY,0.0,0.0,0.0,0.0
VTA,1.5350567286626973,1.3700350969755404,1.6043947641584313,1.9629593194442934
VTC,1.740889414994278,1.9478341740386487,0.8501093405576955,0.3243183581758855
VTD,0.0,0.0,0.0,2.778344655758188
VTE,0.0,0.0,0.0,0.3243183581758855
VTF,0.0,0.0,0.0,0.0
VTG,0.5700898574416636,0.47301035898220906,0.06522480109211932,0.3243183581758855
VTH,0.0,0.0,0.0,0.0
VTI,1.8267134626340538,1.700218681115391,1.6581150419206674,0.6412373393653842
VTK,1.9183162182386966,1.9183162182386966,1.8270396897336403,1.3732653608351373
VTL,0.0,0.0,0.0,0.5941261547656673
VTM,0.0,0.6931471805599453,0.0,0.6931471805599453
VTN,1.0150220498520226,0.10238625538446028,0.731983424424291,2.6366694928034633
VTP,0.0,0.0,0.0,0.0
VTQ,0.0,0.6931471805599453,0.6931471805599453,0.0
VTR,0.8047189562170501,0.40235947810852507,1.2070784343255752,0.9729550745276566
VTS,0.511685576220899,1.5350567286626973,0.9591581091193483,0.46209812037329684
VTV,0.2850449287208318,0.2395116125772334,2.158744056768155,0.0
VTY,0.0,0.0,0.8047189562170501,0.0
VVA,0.9729550745276566,0.891189232148501,0.29706307738283366,1.1882523095313346
VVD,1.8483924814931874,0.6777018135785455,0.6412373393653842,0.0
VVE,0.40235947810852507,0.22590060452618185,0.7675283643313486,0.0
VVG,0.46209812037329684,0.8047189562170501,0.0,0.0
VVH,0.0,0.0,0.0,0.0
VVI,1.530196813003852,2.210820055894223,1.4190310769466272,1.7343713162681
VVK,2.402910225941144,2.5503280216730864,2.344884655308477,2.8380621538932544
VVL,1.0986122886681098,0.46209812037329684,0.0,0.8239592165010823
VVM,0.891189232148501,0.40235947810852507,0.9241962407465937,1.0986122886681098
VVN,0.0,0.0,0.0,0.26823965207235
VVP,0.0,0.0,0.0,0.589878836712387
VVQ,0.0,0.0,0.0,0.0
VVR,0.5493061443340549,0.0,0.5493061443340549,0.358351893845611
VVS,0.3243183581758855,0.0,0.27465307216702745,0.40235947810852507
VVT,0.8239592165010823,0.23978952727983707,1.4210308697928313,1.5474572577726913
VVV,0.358351893845611,0.0,0.358351893845611,0.6931471805599453
VVW,0.0,0.0,0.0,0.0
VVY,1.0986122886681098,0.5493061443340549,0.0,0.5493061443340549
VWA,0.0,1.3862943611198906,0.0,0.9241962407465937
VWE,0.0,0.0,0.0,0.0
VWG,0.0,0.0,0.9241962407465937,0.716703787691222
VWH,0.0,0.0,0.0,0.0
VWP,0.8047189562170501,0.0,0.716703787691222,2.5649493574615367
VWT,1.0150220498520226,0.8239592165010823,1.433407575382444,1.0986122886681098
VWV,0.8047189562170501,0.648636716351771,1.6479184330021646,1.782378464297002
VYA,1.355403627157091,0.891189232148501,0.5802964716647593,1.6215917908794277
VYE,0.0,0.0,0.0,0.0
VYG,1.4210308697928313,2.4790616760491893,1.791759469228055,0.40235947810852507
VYI,0.0,0.0,0.0,0.0
VYK,0.9241962407465937,0.5493061443340549,0.9241962407465937,0.0
VYL,0.0,0.0,0.0850809199219799,0.354151668007027
VYM,0.0,0.0,0.0,0.0
VYN,0.0,0.0,0.0,0.0
VYP,0.5493061443340549,0.46209812037329684,0.0,0.0
VYR,1.0986122886681098,0.5493061443340549,0.0,0.6931471805599453
VYT,0.0,0.0,0.0,0.5493061443340549
VYV,0.5493061443340549,0.6931471805599453,0.8047189562170501,0.9241962407465937
VYW,0.0,0.0,0.0,0.0
VYY,0.0,0.0,0.4921165880575869,0.6306804786429454
WAE,0.0,0.3243183581758855,0.46209812037329684,0.0
WAL,0.0,1.3862943611198906,0.0,0.9241962407465937
WAS,0.0,4.333670989613983,4.275480695716381,3.000340850237489
WCI,0.5493061443340549,1.0986122886681098,0.0,0.0
WCN,0.5493061443340549,0.6931471805599453,0.0,0.0
WDD,0.0,0.0,0.0,0.0
WDI,0.0,0.0,0.0,0.0
WDK,0.0,0.0,0.0,0.39097158456257786
WDW,0.0,0.0,0.0,0.0
WEA,1.2070784343255752,1.4722194895832201,0.8239592165010823,0.0
WEC,0.0,0.0,0.0,0.0
WEF,2.2281432400225847,2.530635093243197,3.4396304181238126,3.2615965156684528
WEG,0.0,0.0,0.0,0.0
WEH,0.0,0.0,0.0,0.0
WEP,1.1605929433295186,1.2938747370452313,0.0,2.030044099704045
WES,0.0,0.0,0.0,0.0
WET,1.4080705614579576,1.9705547316404508,1.445633617695568,0.0
WEV,2.244047606573921,3.4326775186996112,2.532004815380284,0.3009098260536853
WFL,0.0,0.6931471805599453,0.0,1.3862943611198906
WFQ,2.7635250698677787,1.1605929433295186,1.023371152441798,2.9506361727958503
WFS,0.0,0.0,0.0,0.0
WFT,1.0986122886681098,0.716703787691222,1.4962204585192298,1.0986122886681098
WGE,1.0150220498520226,0.8178997164351224,0.5364793041447,0.7126123218020795
WGF,0.0,0.648636716351771,0.0,0.0
WGG,0.0,0.0,0.0,0.6931471805599453
WGI,1.297273432703542,0.0,1.5350567286626973,0.0
WGK,0.0,0.541263525907553,0.0,0.0
WGL,0.5941261547656673,0.0,0.29438499555793485,0.0
WGN,0.0,0.0,1.1621305054651259,2.4052113071331958
WGQ,1.6581150419206674,0.0,1.239605872496134,1.1775399822317394
WGR,0.9241962407465937,1.2070784343255752,1.0986122886681098,0.0
WGS,0.0,0.0,0.0,0.0
WHV,1.740889414994278,0.358351893845611,1.8270396897336403,1.6215917908794277
WID,0.716703787691222,2.6561375100527025,1.6215917908794277,0.5493061443340549
WIK,0.5493061443340549,0.0,0.5493061443340549,0.5493061443340549
WIN,0.6931471805599453,0.0,0.8239592165010823,0.9729550745276566
WIP,0.0,0.0,0.0,0.0
WIQ,2.6390573296152584,0.5941261547656673,2.5654043584874864,1.2827021792437432
WIR,1.0986122886681098,0.0,1.433407575382444,2.137457797884614
WIS,1.0986122886681098,0.9036024181047274,0.0,0.0
WIT,0.0,0.0,0.0,0.0
WIV,0.0,0.0,0.0,0.5493061443340549
WKD,1.297273432703542,0.5493061443340549,1.8270396897336403,0.0
WKE,0.0,0.0,0.0,0.0
WKG,1.993805361664022,3.4228953985696435,2.266299746576628,1.4854288266817233
WKN,0.0,0.0,0.0,0.0
WKP,0.0,0.0,0.0,0.0
WLD,0.0,0.0,0.0,0.0
WLG,0.0,0.0,0.0,0.0
WLM,2.780859035879416,1.9343215722158644,2.5146180438806236,2.3978952727983707
WLN,0.0,0.0,0.716703787691222,0.5493061443340549
WLQ,0.0,0.0,0.0,0.0
WLS,0.0,0.0,0.0,0.0
WLY,0.0,0.6931471805599453,2.1972245773362196,1.6094379124341003
WMG,0.41452876048016685,4.0232159104325875,3.9411094632809016,0.134119826036175
WMI,0.0,0.0,0.0,0.0
WNK,2.9929717515687337,0.6931471805599453,3.2416408795932887,0.9241962407465937
WNL,0.0,0.0,0.0,0.6931471805599453
WNR,1.0750556815368328,0.8239592165010823,1.3732653608351373,1.0986122886681098
WNS,0.0,0.0,0.5493061443340549,1.3862943611198906
WPG,0.40235947810852507,0.3243183581758855,0.358351893845611,0.5493061443340549
WPK,0.0,0.0,0.0,1.0986122886681098
WPL,2.0424646366873693,3.131824491378398,0.6346644652129023,2.0809063587309384
WPP,0.0,0.0,0.4518012090523637,2.218070977791825
WQA,1.8594088087442011,2.417494134801674,0.16215917908794275,1.6833288888528806
WQQ,0.0,0.0,0.0,0.0
WQV,0.0,0.0,0.195674403276358,1.98681215200879
WRC,0.0,0.0,0.0,0.0
WRE,2.487172562881001,1.530196813003852,2.681966754156362,1.6581150419206674
WRF,0.5493061443340549,0.9241962407465937,1.0750556815368328,1.433407575382444
WRG,0.8047189562170501,1.6215917908794277,1.3862943611198906,1.0986122886681098
WRK,2.1646901764198763,2.085640006113801,2.3680279258455443,2.7966574578003813
WRN,0.0,0.0,0.0,0.0
WRQ,1.0986122886681098,0.0,0.6931471805599453,0.6931471805599453
WRS,2.033105440735637,1.1989476363991853,0.891189232148501,1.3862943611198906
WSF,0.0,0.0,0.0,0.0
WSG,0.0,0.0,0.0,0.0
WSK,0.0,0.0,0.0,0.0
WSR,0.0,0.0,0.0,0.0
WST,2.1972245773362196,0.0,1.4853153869141684,0.0
WSV,0.5493061443340549,1.0986122886681098,0.5493061443340549,0.0
WTA,0.0,0.0,0.0,0.0
WTE,0.0,0.0,0.0,0.0
WTF,0.6931471805599453,0.0,0.5493061443340549,0.5493061443340549
WTH,0.0,0.0,0.0,0.0
WTI,0.0,0.0,0.0,1.0986122886681098
WTK,0.5493061443340549,0.0,0.6931471805599453,0.0
WTL,0.0,0.0,0.0,0.0
WTP,1.1989476363991853,0.648636716351771,1.2070784343255752,1.0986122886681098
WTQ,0.0,0.0,0.0,0.0
WTV,0.0,1.9327625689610528,4.162464829028598,2.385119249432461
WTY,0.0,3.127448801056622,0.0,0.0
WVA,1.5246746883313111,0.7021229274585992,0.9833927516624476,0.7359624888948371
WVC,0.648636716351771,0.0,0.0,1.791759469228055
WVF,0.0,0.0,0.0,0.0
WVG,0.648636716351771,0.8047189562170501,1.355403627157091,1.2395308380245946
WVL,0.5493061443340549,0.358351893845611,0.0,0.36078169606997934
WVP,0.0,1.4809797823000905,0.0,3.3309921862145906
WVQ,0.5493061443340549,1.782378464297002,1.1295030226309093,1.433407575382444
WVR,1.5211554766173827,0.0,0.134119826036175,0.0
WVS,0.0,0.6931471805599453,0.5493061443340549,0.40235947810852507
WWC,0.0,0.0,0.0,0.0
WWG,0.0,0.6931471805599453,0.0,0.8047189562170501
WWT,0.0,1.122159092433035,0.0,0.0
WYF,1.3732653608351373,0.891189232148501,1.9237120180961527,1.9183162182386966
WYQ,1.4073920199981333,0.0,0.055468691578150396,0.5421126066358379
WYR,0.0,0.0,1.922571505169192,1.782378464297002
WYV,0.0,0.0,0.0,0.0
YAA,0.0,0.0,0.3243183581758855,0.0
YAD,2.024599857071647,1.2069109216789,0.8551347861624953,1.0986122886681098
YAF,0.6931471805599453,0.0,0.0,0.0
YAG,1.2792139405522478,0.5100656043346173,1.0201312086692347,0.0
YAI,0.0,0.0,0.0,0.0
YAK,1.740889414994278,1.683647914993237,1.770758340035135,2.033231729642506
YAL,1.9959301048102787,3.44989384645315,3.2490766082447085,3.810505301258713
YAM,0.46209812037329684,0.5493061443340549,0.0,0.6931471805599453
YAN,0.0,0.0,0.0,0.0
YAP,1.0750556815368328,0.0,0.0,0.0
YAR,3.7755164625223077,4.164304819174989,3.4216877039271005,3.196015253513847
YAS,0.0,0.0,1.1989476363991853,1.3732653608351373
YAT,0.0,0.0,0.0,0.0
YAV,0.0,0.5493061443340549,0.0,0.5493061443340549
YAW,0.0,0.0,0.0,0.0
YCA,1.945926082541583,0.0,0.1425224643604159,0.22590060452618185
YCN,0.0,0.0,1.6785266909588594,1.6215917908794277
YCQ,2.1249100080421623,0.0,0.358351893845611,0.0
YCS,0.0,0.0,0.0,0.0
YCT,0.0,0.0,0.3243183581758855,1.3862943611198906
YDA,1.5350567286626973,0.46209812037329684,0.8047189562170501,0.0
YDD,0.8047189562170501,0.0,0.8549831191538455,1.5936825060316215
YDF,1.4387371636790223,2.617279092592391,1.2070784343255752,0.716703787691222
YDG,2.617279092592391,0.891189232148501,3.3872417001706525,1.9183162182386966
YDK,1.5767011966073636,0.49073982986107334,0.9671607861079322,1.619117475568642
YDL,0.0,0.0,0.0,0.0
YDP,0.0,0.0,0.0,0.354151668007027
YDR,0.46209812037329684,0.9729550745276566,0.46209812037329684,0.0
YDS,1.0750556815368328,0.0,1.6215917908794277,1.2070784343255752
YDT,0.8047189562170501,0.0,0.0,0.0
YDW,0.46209812037329684,0.0,1.0986122886681098,0.0
YEC,0.0,0.0,0.0,0.0
YEE,0.46209812037329684,0.0,0.5493061443340549,0.6931471805599453
YEF,1.0986122886681098,1.3732653608351373,1.5350567286626973,0.6931471805599453
YEG,0.0,0.0,0.0,0.0
YEL,0.0,3.7213496452429022,3.836632436477393,0.0
YER,1.6094379124341003,1.0750556815368328,5.207993979456801,4.51213644485702
YES,0.0,0.0,0.0,0.0
YET,0.9591581091193483,0.5493061443340549,0.6867974408970293,0.47957905455967414
YFA,0.6931471805599453,0.6931471805599453,0.6931471805599453,0.5493061443340549
YFC,1.0986122886681098,0.0,0.0,1.3862943611198906
YFD,1.0986122886681098,0.6931471805599453,1.2070784343255752,1.1882523095313346
YFE,0.0,0.5493061443340549,0.0,0.0
YFF,0.0,0.8047189562170501,1.4853153869141684,1.3732653608351373
YFI,0.5493061443340549,0.6931471805599453,0.0,0.0
YFL,0.0,0.0,0.0,0.0
YFP,2.302585092994046,2.1972245773362196,1.5350567286626973,0.0
YFS,1.709750557389654,3.315470045824876,2.672608377752104,1.0986122886681098
YFT,0.5493061443340549,0.0,1.6479184330021646,1.2070784343255752
YFV,0.358351893845611,0.0,0.0,0.0
YFY,1.3732653608351373,0.9729550745276566,1.4387371636790223,1.1882523095313346
YGA,0.40235947810852507,0.358351893845611,0.46209812037329684,0.0
YGC,0.6931471805599453,0.5493061443340549,0.0,0.6931471805599453
YGD,0.0,0.0,0.0,0.0
YGF,0.8853791700175675,1.433407575382444,0.7126123218020795,0.6777018135785455
YGI,0.8047189562170501,0.42749155957692275,0.0,1.0986122886681098
YGK,1.9459101490553132,0.8047189562170501,0.9241962407465937,0.6931471805599453
YGL,1.4853153869141684,2.5146180438806236,1.791759469228055,0.0
YGM,1.0986122886681098,0.46209812037329684,1.922571505169192,1.9459101490553132
YGP,0.46209812037329684,1.0986122886681098,0.0,1.0986122886681098
YGQ,0.6931471805599453,0.5493061443340549,1.6094379124341003,0.0
YGR,0.0,0.0,0.0,0.6931471805599453
YGS,1.0986122886681098,0.6931471805599453,1.9183162182386966,1.9459101490553132
YGV,0.0,0.0,0.0,0.0
YHC,0.8047189562170501,0.0,0.8047189562170501,0.0
YHD,0.9729550745276566,0.6412373393653842,1.416606672028108,0.8047189562170501
YHF,0.0,0.0,0.0,0.0
YHK,0.0,0.0,0.6931471805599453,0.0
YHL,0.5493061443340549,0.5493061443340549,0.9241962407465937,0.46209812037329684
YHS,0.46209812037329684,0.0,0.0,0.0
YID,1.2070784343255752,2.1277537294374507,2.218070977791825,0.0
YIE,0.40235947810852507,0.8047189562170501,0.46209812037329684,0.9241962407465937
YIG,0.0,0.0,0.0,0.0
YIH,2.131165706406396,0.7393569925972749,3.55687798798425,3.2118640740892754
YIK,0.5493061443340549,0.0,0.46209812037329684,0.6931471805599453
YIL,1.8483924814931874,1.5350567286626973,2.42288189412707,2.892296315837252
YIN,0.7359624888948371,1.5222612188617115,1.0150220498520226,1.770758340035135
YIQ,1.0986122886681098,0.5493061443340549,1.3862943611198906,1.2070784343255752
YIR,2.892296315837252,2.348996309387612,2.7966574578003813,2.772588722239781
YIS,3.102658808220707,2.1415154528426634,1.3593977882165404,0.0
YIV,0.0,0.0,0.0,0.0
YKC,0.0,0.0,0.0,0.0
YKD,0.0,0.0,0.0,0.0
YKE,0.27465307216702745,0.47957905455967414,0.358351893845611,0.0
YKG,1.0986122886681098,0.0,0.45667836565851344,0.5364793041447
YKH,0.7675283643313486,0.648636716351771,2.284950741776536,1.9237120180961527
YKK,1.0986122886681098,0.46209812037329684,0.8047189562170501,0.0
YKL,0.0,0.0,0.0,0.0
YKN,0.0,0.0,0.0,0.0
YKP,1.0986122886681098,0.0,0.47957905455967414,0.6412373393653842
YKR,0.6931471805599453,0.40235947810852507,0.5493061443340549,1.6094379124341003
YKS,1.3862943611198906,0.0,1.6215917908794277,0.0
YKT,1.4387371636790223,0.9241962407465937,1.4787139851945499,0.46209812037329684
YKV,2.046742304883596,1.7908995167731467,0.5493061443340549,1.3862943611198906
YLA,0.0,0.0,0.07030236972251241,0.0
YLC,0.0,0.0,0.0,0.0
YLD,0.0,0.0,0.0,0.0
YLE,0.0,0.0,0.0,0.648636716351771
YLG,1.2070784343255752,0.29706307738283366,0.42749155957692275,0.716703787691222
YLH,1.0986122886681098,0.46209812037329684,0.40235947810852507,0.0
YLK,0.0,0.0,0.0,0.0
YLL,1.7993793761572692,1.068728898942307,1.5813042316832728,1.5474572577726913
YLN,2.351203577673075,2.5649493574615367,2.218070977791825,1.6215917908794277
YLQ,0.1934321572215864,0.22590060452618185,0.10238625538446028,0.7883505983036818
YLR,0.0,0.0,0.0,0.0
YLS,0.0,0.0,0.0,0.0
YLT,0.40235947810852507,1.2070784343255752,0.0,1.2070784343255752
YLV,0.0,0.0,0.0,0.0
YLY,0.648636716351771,1.433407575382444,0.0,0.0
YMA,0.5493061443340549,0.6931471805599453,1.2070784343255752,0.0
YMD,1.5685359094806235,3.8726630097257075,3.6391824282868033,0.7825855264386479
YMI,0.0,0.0,0.0,0.0
YMK,0.0,0.0,0.0,0.0
YML,0.0,0.0,0.0,0.0
YMY,0.0,0.0,0.0,0.0
YNA,0.0,0.0,0.0,0.3243183581758855
YNF,0.358351893845611,0.716703787691222,1.1989476363991853,0.8047189562170501
YNH,1.0986122886681098,0.46209812037329684,0.5493061443340549,1.3862943611198906
YNL,0.0,0.0,0.0,0.0
YNN,1.433407575382444,1.791759469228055,1.6094379124341003,1.791759469228055
YNP,0.0,0.0,0.0,0.0
YNQ,0.0,0.0,0.0,0.0
YNS,0.0,0.0,0.9241962407465937,1.6094379124341003
YNT,1.2823129180422406,2.472757741755947,0.34645866722290647,2.195950273272873
YNV,1.641957356664489,1.3905760386175972,0.49865089603201634,1.4387371636790223
YNW,1.740889414994278,0.648636716351771,2.736801091938045,1.6635532333438687
YNY,1.700218681115391,1.8483924814931874,0.3868643144431728,0.0
YPA,0.0,0.0,0.0,0.0
YPD,0.0,0.0,0.0,0.0
YPE,0.0,0.0,0.0,0.0
YPG,0.7126123218020795,1.3732653608351373,1.3705634325890692,0.2850449287208318
YPH,1.0986122886681098,1.0986122886681098,2.1972245773362196,2.0794415416798357
YPK,0.0,0.0,0.0,0.0
YPL,0.40235947810852507,0.0,0.0,0.0
YPM,1.0986122886681098,1.3862943611198906,0.5493061443340549,0.0
YPN,0.0,0.0,0.0,0.0
YPP,0.8239592165010823,0.0,0.44157749333690227,0.6412373393653842
YPQ,0.8047189562170501,0.0,0.6931471805599453,0.6931471805599453
YPS,1.0986122886681098,1.433407575382444,1.3862943611198906,1.3862943611198906
YPT,0.46209812037329684,0.6931471805599453,0.0,0.0
YPV,1.782378464297002,0.0,1.2070784343255752,0.0
YPY,0.9241962407465937,0.0,0.0,0.0
YQA,1.709966238307691,2.1249100080421623,0.8047189562170501,1.433407575382444
YQD,0.0,0.0,0.0,0.0
YQE,0.0,1.5289791343239876,1.445633617695568,2.462936034996733
YQG,0.0,0.0,0.0,0.0
YQI,0.0,3.001997837559481,0.0,0.39097158456257786
YQL,0.0,0.0,0.0,0.0
YQM,1.0986122886681098,0.0,0.7825855264386479,0.3582095348279583
YQN,0.0,0.0,0.0,0.0
YQP,0.716703787691222,0.9241962407465937,1.1882523095313346,0.0
YQQ,2.1249100080421623,0.0,0.21374577978846138,0.358351893845611
YQR,0.0,0.0,0.0,0.0
YQS,0.358351893845611,0.358351893845611,0.7193685818395111,0.40235947810852507
YQY,1.2979800486612707,3.5874044733058192,2.9500260744311015,0.8209786783322445
YRA,0.0,0.6931471805599453,2.4849066497880004,1.2070784343255752
YRD,1.0986122886681098,1.2070784343255752,0.46209812037329684,0.6931471805599453
YRG,0.5941261547656673,1.2070784343255752,0.648636716351771,0.0
YRH,0.0,0.0,0.0,0.0
YRI,0.6931471805599453,1.0986122886681098,0.5493061443340549,0.0
YRL,1.4387371636790223,1.5350567286626973,0.0,0.0
YRN,0.0,0.0,0.0,0.0
YRP,0.0,0.0,0.0,0.0
YRQ,0.0,0.0,2.033105440735637,1.782378464297002
YRR,3.4864754043825625,3.293673058926497,2.856946672766899,2.124160714619187
YRT,1.0986122886681098,1.0986122886681098,1.3862943611198906,0.0
YRV,0.0,0.0,0.0,0.0
YSA,2.654454765205741,1.6389879194374126,2.678363549015693,1.8920414359288362
YSD,0.0,0.0,0.5493061443340549,0.9241962407465937
YSE,0.9241962407465937,1.0986122886681098,0.0,0.0
YSF,3.3027335314884336,2.9155479968499836,2.0477251076892053,1.8483924814931874
YSG,3.1255214055146667,2.7091853717416203,2.22629621401804,0.15222612188617116
YSI,2.3978952727983707,1.433407575382444,1.0986122886681098,1.782378464297002
YSK,1.297273432703542,0.716703787691222,2.402910225941144,0.0
YSL,0.9591581091193483,0.0,0.0,0.8047189562170501
YSN,0.0,0.0,0.0,0.0
YSR,0.0,0.0,0.0,0.0
YSS,3.2201845269357605,2.3886133897091244,1.709750557389654,0.22590060452618185
YST,0.6931471805599453,0.0,0.5493061443340549,0.5493061443340549
YSV,0.5493061443340549,0.9241962407465937,0.46209812037329684,1.791759469228055
YTA,0.26823965207235,0.5190903395141344,0.0,0.406008819940809
YTF,1.0986122886681098,0.9241962407465937,1.7908995167731467,2.0794415416798357
YTG,0.6931471805599453,0.0,1.0750556815368328,1.0986122886681098
YTH,2.049711555589573,2.046742304883596,2.1063687823757977,1.1450596030091713
YTI,1.6785266909588594,2.5877494740904625,1.9343215722158644,0.6931471805599453
YTK,1.297273432703542,1.4210308697928313,1.4853153869141684,0.9591581091193483
YTL,1.4962204585192298,0.7611306094308558,0.8501093405576955,0.8549831191538455
YTM,0.0,0.5493061443340549,0.6931471805599453,0.0
YTN,1.0750556815368328,1.297273432703542,1.297273432703542,1.6094379124341003
YTQ,0.0,0.0,0.0,0.0
YTR,0.0,0.0,1.3862943611198906,0.6931471805599453
YTV,1.0150220498520226,1.0750556815368328,0.5545177444479562,0.0
YTY,1.0986122886681098,0.6931471805599453,0.6931471805599453,0.0
YVA,1.1605929433295186,0.8549831191538455,2.1459172165788,2.6494649600214135
YVC,1.5813042316832728,0.9241962407465937,1.782378464297002,1.433407575382444
YVD,0.0,0.11728266833317777,0.13817625349338894,2.7761238949166773
YVE,0.6931471805599453,0.46209812037329684,0.0,0.0
YVG,0.511685576220899,0.27348802085000257,2.8620850602991688,0.0
YVI,0.0,0.8047189562170501,0.0,0.0
YVN,0.9729550745276566,0.9729550745276566,1.297273432703542,1.4853153869141684
YVQ,1.3086395462961955,1.0201312086692347,1.030347484452772,1.624035279763236
YVS,0.0,0.0,0.0,0.0
YVT,0.0,0.0,0.0,0.0
YVV,0.0,0.0,0.0,0.0
YVW,0.0,0.0,0.0,0.0
YWD,0.0,0.0,0.0,0.0
YWG,2.8549968673277397,0.47301035898220906,1.140866607463037,1.068728898942307
YWH,1.9629593194442934,0.0,1.8483924814931874,1.6479184330021646
YWP,0.0,0.0,0.0,0.0
YWQ,2.1492572089677497,2.6822011161092156,0.1760088201822447,1.7068270974138304
YWV,0.0,0.0,0.0,0.0
YYA,2.9777189351640914,2.382265757815437,0.6908812674669447,0.0
YYC,0.45667836565851344,0.0,0.7648610290707926,0.812017639881618
YYD,0.0,0.0,0.0,0.0
YYG,1.0986122886681098,1.0986122886681098,2.046742304883596,2.0794415416798357
YYH,0.0,0.0,0.0,0.0
YYI,0.0,0.0,0.0,0.0
YYL,1.3732653608351373,0.5941261547656673,0.5941261547656673,0.9591581091193483
YYN,0.0,0.0,0.0,0.0
YYP,0.0,0.0,0.0,0.0
YYQ,0.0,0.0,0.0,0.0
YYR,0.891189232148501,0.8047189562170501,0.0,0.8047189562170501
