nt_motif,aa_motif,n_examples,positive_rate,mean_contact_score,mean_min_distance,specificity_score
CCC,Q,1375,0.6785454545454546,0.15929112072727272,13.05870269090909,4.903804585639446
GGG,L,1812,0.6120309050772627,0.13547213741721856,13.844174889624723,4.591907657686053
CCC,N,913,0.660460021905805,0.1575874446878423,13.398281380065718,4.5029045285726745
CCC,G,1099,0.635122838944495,0.15568301455868971,13.426176160145587,4.4478068154985895
TGG,R,555,0.6990990990990991,0.29515946846846847,11.3283981981982,4.418843420124731
AAA,Y,209,0.7894736842105263,0.2906814162679426,10.408972727272728,4.22140068214537
GGT,R,680,0.6411764705882353,0.2327366794117647,12.30142161764706,4.1827546551193935
AAA,S,326,0.7177914110429447,0.23374612883435583,11.711825153374233,4.155983680950789
CTT,A,448,0.6763392857142857,0.1293713125,13.578865401785714,4.130419497736391
ACA,Y,127,0.8503937007874016,0.3004646614173228,9.297638582677164,4.126135972467076
AAC,Y,179,0.7932960893854749,0.2892285139664804,10.179450837988826,4.119552362158715
GTG,R,476,0.6617647058823529,0.21331096428571428,12.52785924369748,4.081444736617285
TTG,R,471,0.6539278131634819,0.2903290212314225,11.575104883227176,4.026219803737475
CCC,M,383,0.6736292428198434,0.17559331592689295,12.792498955613578,4.00852683699121
CCC,R,700,0.61,0.1600629342857143,13.496765142857143,3.9970298110911
CAC,R,275,0.7054545454545454,0.18265431636363635,11.982445818181818,3.9649373379968256
ACA,S,267,0.7078651685393258,0.27246763670411983,11.346119101123595,3.957664941260494
GCA,N,287,0.6968641114982579,0.18830010452961674,12.265847735191638,3.946313923439684
GGG,Y,782,0.5907928388746803,0.17004807672634273,14.03820831202046,3.9365310812631082
CCC,Y,859,0.5797438882421421,0.1670372933643772,13.122345518044238,3.9172902559316434
TGC,S,398,0.6507537688442211,0.13322047989949748,13.445670854271357,3.897339213503705
CCC,W,974,0.5646817248459959,0.11662944661190966,14.617030492813141,3.8863866622677783
AAA,R,203,0.729064039408867,0.30962010837438425,10.680281773399015,3.877250044773123
CAC,S,412,0.6407766990291263,0.20435606067961165,12.563633009708738,3.859684865392507
CTT,Q,570,0.6070175438596491,0.13997114736842103,14.055534210526314,3.8529766079666308
GGG,W,720,0.5847222222222223,0.17162071805555557,13.678147083333334,3.847845939995783
TTT,A,205,0.7219512195121951,0.14311759024390244,12.296700487804879,3.8464666974676
AGA,R,233,0.703862660944206,0.25497821030042916,11.711337339055794,3.8397968365607857
TTG,N,356,0.651685393258427,0.2063693764044944,12.483453089887641,3.8304345544181917
GGG,N,650,0.5907692307692308,0.19635114923076924,13.767570769230769,3.827304157858601
CGA,R,257,0.688715953307393,0.2678988015564202,11.864922178988326,3.824411854206717
TTT,P,143,0.7692307692307693,0.15748327972027973,12.217886713286713,3.8229333073661547
TTG,H,148,0.7635135135135135,0.19382314864864864,12.017027027027027,3.8205806254853845
AAC,S,290,0.6724137931034483,0.26021878620689654,11.963048965517242,3.8148208175808316
CCC,S,835,0.5664670658682635,0.11492418323353293,15.02524011976048,3.8115465077713337
GAA,R,349,0.6504297994269341,0.22342660744985673,12.566592263610316,3.810174286727064
GTT,R,381,0.6377952755905512,0.27495902624671914,12.015281364829395,3.791961175567973
CCT,G,297,0.6599326599326599,0.16303214478114478,12.709906397306398,3.759698058434543
GGG,Q,1137,0.5338610378188214,0.1748659050131926,13.621146086191732,3.7567948655361207
GAC,R,174,0.7241379310344828,0.2521009195402299,11.262180459770116,3.7400174293928896
AAG,R,254,0.6732283464566929,0.15450881102362204,13.145487401574805,3.7305356937877594
TTT,N,165,0.7272727272727273,0.21884030303030302,11.596082424242423,3.717809300622941
GGG,K,1962,0.4877675840978593,0.13533739041794088,15.613673955147807,3.698365616168488
CCT,R,228,0.6798245614035088,0.28826653070175434,11.590085964912282,3.693977677854856
CCT,Q,361,0.6232686980609419,0.13409973684210527,13.83464459833795,3.6720774173429325
CAC,N,317,0.637223974763407,0.16180969085173502,13.55556403785489,3.67171728492617
CAG,R,301,0.6411960132890365,0.1873214850498339,12.929158803986711,3.66150303771877
ACC,Q,549,0.5774134790528234,0.14084407650273223,14.33918378870674,3.6434318655697737
TGG,I,368,0.6141304347826086,0.14283072826086957,13.926860054347825,3.630000112916193
GTT,K,338,0.621301775147929,0.1715430680473373,13.400717455621303,3.6197042087274984
AGG,R,302,0.6324503311258278,0.14017357284768212,13.763479470198677,3.6136522048089055
GTT,I,293,0.6348122866894198,0.22263740273037544,12.616940614334471,3.608006268685989
CCG,R,252,0.6507936507936508,0.2549729880952381,12.1243,3.601094746632196
CCC,K,2090,0.46842105263157896,0.14051920717703348,15.375254736842106,3.5812652381534127
GCG,S,288,0.6319444444444444,0.109984625,14.594456944444444,3.580866865404384
ACA,R,191,0.680628272251309,0.22058949214659687,12.033259162303665,3.5783999914325215
CCC,I,1352,0.496301775147929,0.11412853106508876,15.406684467455621,3.5783753184190816
CAC,Q,455,0.5824175824175825,0.14189817142857145,14.307624175824175,3.565847460486401
GCA,R,284,0.6302816901408451,0.19440952112676058,12.82454823943662,3.562660434042565
TAC,K,290,0.6275862068965518,0.1690367275862069,13.298897586206897,3.5604994297421095
GAG,R,233,0.6523605150214592,0.20544129613733905,12.96497381974249,3.5588360924221916
GAT,R,143,0.7132867132867133,0.2843872797202797,10.813092307692306,3.5449017941031618
GGG,V,1385,0.48953068592057764,0.11464505198555958,15.36735927797834,3.5413517168739332
GGA,R,229,0.6506550218340611,0.2327613231441048,12.544336681222708,3.538313611482778
TGG,Y,248,0.6411290322580645,0.2586960483870968,12.31354879032258,3.5373992360398727
CCC,P,1447,0.48306841741534207,0.09171115411195577,15.954220663441603,3.5157422684789337
CTT,G,439,0.5763097949886105,0.1388683507972665,14.280679954441913,3.507867895008687
CTT,N,294,0.6156462585034014,0.15869520408163265,13.87554149659864,3.501165100331658
TGC,N,342,0.5994152046783626,0.1796587485380117,13.589097953216374,3.499224390845081
TGC,F,191,0.6649214659685864,0.14778134031413612,13.260293193717278,3.4958215300917708
CTG,R,182,0.6703296703296703,0.26838656043956044,11.761234065934067,3.4920731354211725
GTT,Y,184,0.6684782608695652,0.296390902173913,11.440189673913045,3.489694383068662
TAC,F,173,0.6763005780346821,0.1822287225433526,13.039184971098265,3.489072080971676
TCG,R,237,0.6371308016877637,0.21334774261603376,12.778142194092826,3.4865522013687458
AAA,W,51,0.8823529411764706,0.21699639215686273,10.115521568627452,3.486391516395377
AAC,R,185,0.6648648648648648,0.2935447297297297,11.560704864864864,3.474415356036345
TTC,R,207,0.6473429951690821,0.2747591449275362,11.870737681159419,3.455217887342882
ACC,R,342,0.5877192982456141,0.20503960233918128,13.891752631578948,3.430946841755421
ATT,R,162,0.6728395061728395,0.2681973024691358,11.58160925925926,3.427276369678624
TTG,P,351,0.584045584045584,0.08890907407407407,15.038348433048432,3.424627894580085
TTG,T,485,0.5525773195876289,0.1482883505154639,14.683005360824742,3.418358579804809
GCT,Q,319,0.5924764890282131,0.13840091849529781,14.177470219435737,3.4175945711756204
CAC,I,402,0.5696517412935324,0.12820296517412935,14.572665174129353,3.417304658422364
TTT,Q,277,0.6064981949458483,0.17003466425992778,13.468762454873646,3.413142047292516
AGG,K,551,0.5390199637023594,0.11222132123411978,15.2535609800363,3.4031284387373817
TTG,I,440,0.5568181818181818,0.16055185,14.380514318181818,3.39049089655563
ACT,R,170,0.6588235294117647,0.20504672352941175,12.423334705882352,3.387448931342929
GGA,K,305,0.5901639344262295,0.17049306229508196,13.568735737704918,3.377853502791569
CTT,R,326,0.5828220858895705,0.24328931901840492,13.198685582822085,3.3745166640198714
CCC,V,1264,0.47151898734177217,0.11125340743670885,15.16842658227848,3.36797874295279
TTG,S,470,0.5446808510638298,0.14165195531914893,14.278018936170213,3.352433344825964
CCC,A,750,0.5053333333333333,0.108673784,15.3660564,3.346016989358142
ACC,W,280,0.5928571428571429,0.1153867607142857,14.606498928571428,3.342738839676435
CAC,Y,289,0.5882352941176471,0.24670009342560556,12.831940830449826,3.3352240723414823
ACG,R,201,0.6268656716417911,0.17820422885572137,13.516921890547264,3.3275707953858302
TAC,R,244,0.6024590163934426,0.20797630327868852,13.536217213114755,3.3142826104511265
GGT,M,236,0.6059322033898306,0.09922991949152543,14.525544491525423,3.313273729586118
GGG,M,353,0.5637393767705382,0.2235857535410765,13.622134844192633,3.3087537838912775
GGG,R,621,0.5136876006441223,0.1246705120772947,15.169474718196458,3.304521561326567
CCT,A,249,0.5983935742971888,0.15237144578313253,14.50709156626506,3.3040067339818258
TTA,R,157,0.6496815286624203,0.25210381528662423,12.101463694267517,3.2890744800557363
GAG,K,226,0.6061946902654868,0.16921017699115046,13.219361504424779,3.2885758955528863
CGG,R,251,0.5936254980079682,0.18035508366533864,13.465749003984065,3.2824100957737135
GGG,I,1338,0.45590433482810166,0.11646704035874439,15.65935284005979,3.2823645671686212
CTT,K,624,0.5096153846153846,0.1456157355769231,15.376701923076922,3.2807772830387427
GCG,R,197,0.6192893401015228,0.23824797461928934,12.881387817258885,3.274967399719458
GCT,F,139,0.6618705035971223,0.1297638129496403,13.940207194244604,3.2707273588493235
GCT,N,166,0.6385542168674698,0.1564405,13.102833132530119,3.2681165308203375
CCC,T,1258,0.45548489666136727,0.06467067408585056,16.642900953895072,3.251284458272982
TGG,H,133,0.6616541353383458,0.12727419548872182,13.469123308270676,3.2406759578622566
TTG,A,434,0.532258064516129,0.11613324884792627,15.20583202764977,3.2336519197730094
ACA,I,125,0.664,0.124513088,13.2394184,3.2112911862157816
TGC,A,463,0.5226781857451404,0.1024615917926566,15.144673866090713,3.2091837184422327
GGG,G,959,0.46715328467153283,0.17169712930135558,14.541569551616266,3.2079104394566453
CCT,K,498,0.5160642570281124,0.17749452610441768,14.700393172690763,3.2061039490123298
CCT,I,336,0.5505952380952381,0.08116683928571429,15.546964285714285,3.20450994677139
TGC,R,330,0.5515151515151515,0.22875352121212122,13.71435818181818,3.1999561949049258
GCA,T,390,0.5358974358974359,0.16708214615384614,14.497908461538461,3.1986150770177986
CCT,S,205,0.6,0.1894161463414634,13.765560487804878,3.1967257012737487
TGT,R,149,0.6375838926174496,0.19272276510067116,13.06318187919463,3.1947003552962703
GCC,R,179,0.6145251396648045,0.1955633966480447,13.263968715083799,3.1912025340666097
TTG,L,643,0.49300155520995337,0.09335747278382582,15.480195800933126,3.1885855305988806
TGC,H,113,0.672566371681416,0.15308371681415928,13.040332743362832,3.185407805999838
CTT,E,512,0.509765625,0.099301251953125,15.8825447265625,3.1810781163858803
TCA,R,144,0.6388888888888888,0.1823347777777778,13.130982638888888,3.1795798909909223
GAA,S,329,0.547112462006079,0.13828516109422492,14.366137082066869,3.1727558595832663
TTT,T,273,0.5641025641025641,0.13739489743589742,14.34470586080586,3.166379957449681
AGC,R,179,0.6089385474860335,0.19260551396648046,13.274345810055866,3.1621916019387313
TTT,F,90,0.7,0.16095884444444444,11.999917777777778,3.1576016545617946
GGT,E,627,0.48963317384370014,0.1309679553429027,15.284546889952153,3.1544813893233443
CAC,L,382,0.5287958115183246,0.10001034816753926,15.491703664921465,3.145295989043168
ACC,N,325,0.5415384615384615,0.1365220276923077,14.879514153846154,3.1338275049862787
GTA,R,175,0.6057142857142858,0.22355908,12.73974,3.1318360198516806
ACA,W,52,0.7884615384615384,0.17553401923076925,11.679450000000001,3.1304224703007115
GGG,S,714,0.47619047619047616,0.08419978291316527,16.046787535014005,3.129658353663813
TTG,Q,396,0.5227272727272727,0.16167367676767674,14.480483333333332,3.127966692177395
ATC,R,153,0.6209150326797386,0.2480247843137255,12.236935947712418,3.127519589733953
AGT,R,186,0.5967741935483871,0.20229873655913977,13.3114688172043,3.1217906261874147
CAC,T,418,0.5167464114832536,0.1743939976076555,14.82577129186603,3.120048130868856
TTG,K,561,0.4919786096256685,0.15105620677361853,15.053195900178252,3.114963476953046
GTT,S,341,0.533724340175953,0.14113987976539588,14.557678005865103,3.114180510690305
TTT,H,68,0.7352941176470589,0.13847354411764703,12.402360294117647,3.1133136063215145
CGC,R,195,0.5897435897435898,0.14665062051282052,14.335768205128204,3.112734286212869
CAC,A,365,0.5260273972602739,0.1400528794520548,15.04150493150685,3.104946849350855
ACG,Y,175,0.6,0.19099454857142856,13.382250285714285,3.1022903970228906
CGT,R,175,0.6,0.18128295428571428,13.312088571428571,3.1022903970228906
AAG,K,494,0.5,0.09932501619433198,16.03537024291498,3.102278881284345
TTG,Y,291,0.5463917525773195,0.24697707560137455,13.109231958762887,3.101731458971329
TCT,R,113,0.6548672566371682,0.22501917699115045,12.02769203539823,3.101581284789316
TTA,K,113,0.6548672566371682,0.22798505309734513,12.15154778761062,3.101581284789316
GCA,Q,346,0.5289017341040463,0.14270914450867053,14.956734971098268,3.093718019451663
GGT,K,771,0.46433203631647213,0.0988347691309987,16.260735927367058,3.0873365355497664
ACA,F,76,0.7105263157894737,0.2708204736842105,10.992007894736842,3.0863880628960385
GTT,E,275,0.5490909090909091,0.18706412363636363,13.843242545454546,3.086111020811962
GGA,N,168,0.6011904761904762,0.154727375,13.956664285714286,3.0840462512335143
CGA,S,262,0.5534351145038168,0.12839804580152672,14.941091221374046,3.0838257048312054
TGG,E,420,0.5095238095238095,0.13272544523809524,14.971704761904762,3.078865300971499
TAT,K,93,0.6774193548387096,0.2514061935483871,11.828793548387097,3.0777158202474215
ACC,S,374,0.5187165775401069,0.12991522459893048,15.241608021390373,3.0743947835247583
TTG,M,177,0.5932203389830508,0.11858746327683616,14.03812824858757,3.073939394241067
TTA,I,99,0.6666666666666666,0.1821681818181818,12.148156565656565,3.0701134573253945
TTG,F,212,0.5707547169811321,0.11963889622641509,14.847342924528302,3.059982792692644
ATT,P,115,0.6434782608695652,0.14720860869565217,13.305929565217392,3.0588319490597473
GCT,R,200,0.575,0.16761223,14.095045500000001,3.0494003221339683
TGC,P,271,0.5424354243542435,0.11684145018450184,14.948695571955719,3.0407856226771646
ACC,Y,312,0.5288461538461539,0.17121395833333333,14.77066826923077,3.038857456535658
CCG,W,210,0.5666666666666667,0.09226537619047619,15.072427142857142,3.032719608969771
GGT,Y,355,0.5154929577464789,0.19446397183098593,14.523303943661972,3.028485419002596
TGC,Q,561,0.47771836007130125,0.12712549376114082,15.90894028520499,3.0246746805196243
ATC,K,135,0.6148148148148148,0.15561085185185186,13.837525925925926,3.020373003822906
GTC,R,131,0.6183206106870229,0.1616863816793893,13.432864885496183,3.0191370666373745
CTT,L,558,0.4767025089605735,0.1128391523297491,15.594924372759857,3.0156913259126457
AAC,W,53,0.7547169811320755,0.17284103773584905,11.961649056603774,3.010553997407
CAC,E,386,0.5051813471502591,0.11036501813471504,15.919734196891191,3.0100850133181543
ACC,F,261,0.5402298850574713,0.16062008429118774,14.196727586206896,3.008186111227259
TGG,K,437,0.494279176201373,0.10274227917620136,15.966589931350114,3.0063141524972825
TTC,G,217,0.5576036866359447,0.15714750230414748,15.472987557603687,3.0024142976842385
AGA,L,341,0.5131964809384164,0.12096254252199413,15.037039882697949,2.9944043372022167
TAG,R,129,0.6124031007751938,0.2004965891472868,12.993909302325582,2.9808931905890774
TTT,S,99,0.6464646464646465,0.17003410101010102,13.50590404040404,2.9770797161943223
GGT,S,572,0.46853146853146854,0.11800858041958041,15.744513811188812,2.975589811327885
GCA,L,426,0.49061032863849763,0.10472582629107982,15.714993661971832,2.971520795222494
CCG,Q,402,0.49502487562189057,0.10129184825870648,15.51786616915423,2.9696228254412684
AGA,K,198,0.5606060606060606,0.18988814646464647,13.586298989898989,2.9674587653758513
GTT,Q,179,0.5698324022346368,0.13146202234636872,14.151996089385475,2.9591150770435832
TAC,W,92,0.6521739130434783,0.21876105434782608,12.38603260869565,2.9560431477086455
TAA,R,139,0.5971223021582733,0.22463881294964028,12.612197841726617,2.9507648998314546
ACC,M,137,0.5985401459854015,0.13551835036496349,14.267895620437956,2.9491591400211012
CCT,T,300,0.5166666666666667,0.0961129,16.023359333333335,2.948673636786919
ATT,M,60,0.7166666666666667,0.15405795,12.269881666666667,2.9461262693242065
CAC,M,60,0.7166666666666667,0.20031291666666667,11.882908333333335,2.9461262693242065
ACG,S,225,0.5422222222222223,0.1545158888888889,14.20271288888889,2.939134532938751
GAT,M,53,0.7358490566037735,0.187766320754717,11.870364150943397,2.9352901474718243
ACT,K,138,0.5942028985507246,0.1654006304347826,13.746666666666666,2.9320787138892515
CTT,S,217,0.543778801843318,0.17635412903225806,14.27641198156682,2.9279742737747116
GGG,P,1380,0.4043478260869565,0.08064404710144928,17.034978550724638,2.9236624924654966
AAA,F,126,0.6031746031746031,0.22057749999999998,13.25602619047619,2.921890623578198
TTT,W,143,0.5874125874125874,0.11309987412587413,14.206821678321678,2.9193308892614267
GAT,V,139,0.5899280575539568,0.1466975035971223,13.969805035971222,2.915213515496136
TTG,E,461,0.4750542299349241,0.16112753362255966,15.200719522776573,2.914726054548592
CCT,V,319,0.5047021943573667,0.13244285579937304,15.523870219435736,2.9112842643347876
CTA,R,94,0.6382978723404256,0.20460190425531916,12.24653404255319,2.906729930808856
GCT,P,192,0.5520833333333334,0.12826499479166667,14.415732291666666,2.905443541791239
TTT,L,242,0.5289256198347108,0.10335743388429752,14.71629173553719,2.9054209287090504
GGG,D,865,0.4277456647398844,0.12069354219653179,16.378644277456647,2.893222446437111
CTT,V,405,0.48148148148148145,0.12451212839506172,15.0653187654321,2.8919478175860194
GCA,A,324,0.5,0.1233908148148148,15.215973148148148,2.8919125911648687
AAA,I,171,0.5614035087719298,0.11853143274853802,15.035754970760232,2.8898214606672012
ACA,Q,107,0.616822429906542,0.21559842056074766,12.112143925233644,2.888043560656061
GAT,K,143,0.5804195804195804,0.1794338951048951,13.458588111888112,2.8845769501035528
TGC,Y,313,0.5015974440894568,0.17770575399361022,14.399052715654953,2.88388082679743
AAC,I,141,0.5815602836879432,0.1113152695035461,14.543000709219857,2.8821121895269743
GCT,A,219,0.5342465753424658,0.09449313242009132,15.66364109589041,2.881527045311536
TTA,L,139,0.5827338129496403,0.16498129496402877,13.513579856115108,2.8796621311608175
GCC,F,122,0.5983606557377049,0.12920990163934426,14.37371393442623,2.8794217864113643
GTG,S,430,0.4744186046511628,0.10477097441860465,15.746256511627907,2.87787453577015
AAA,Q,118,0.6016949152542372,0.19639614406779662,12.877027966101695,2.875574305177276
TTC,K,319,0.49843260188087773,0.11987625078369907,15.403742006269592,2.8751192424175853
CCA,R,153,0.5686274509803921,0.15732448366013072,14.600632679738561,2.8641495190195148
CCC,L,1338,0.3976083707025411,0.10896458370702541,15.901378998505232,2.8626523766126337
TGA,K,151,0.5695364238410596,0.1674722715231788,13.830701986754969,2.8612829456475484
CTG,K,92,0.6304347826086957,0.15214067391304348,13.57372608695652,2.8575083761183575
GCA,E,349,0.4871060171919771,0.11453915186246419,16.24021346704871,2.8534344878572724
GGC,R,145,0.5724137931034483,0.16839624827586208,14.017138620689654,2.852685169667531
TTT,V,215,0.5302325581395348,0.0897007023255814,15.097415813953488,2.8501476208185803
TGC,L,629,0.4419713831478537,0.08404792686804452,16.669528298887123,2.848823703957378
CCT,L,373,0.47989276139410186,0.13193248793565684,15.320753351206433,2.843007473826277
CAC,K,416,0.47115384615384615,0.15099305048076922,15.486695673076923,2.8425117775782813
TTG,V,452,0.4646017699115044,0.09380221902654867,15.661337168141593,2.8414543060872504
GGG,H,329,0.48936170212765956,0.09046994224924011,15.42886717325228,2.8378538521828105
AAC,F,118,0.5932203389830508,0.20616368644067795,12.696382203389831,2.8350732586254836
GTG,Y,355,0.48169014084507045,0.11684301126760564,15.840258591549295,2.8298962111991472
GGA,Q,140,0.5714285714285714,0.18468717857142858,13.368367857142857,2.82786279450181
GCG,Y,127,0.5826771653543307,0.13602967716535433,13.808906299212598,2.8271672403941075
AGG,N,222,0.5225225225225225,0.1756229054054054,14.468000900900902,2.825369033735918
ACC,K,695,0.4316546762589928,0.12114445179856115,16.219550071942447,2.8253307886335626
GCT,H,56,0.6964285714285714,0.13034353571428572,12.825630357142858,2.8156964186704903
TTC,Q,269,0.5018587360594795,0.09718922676579926,15.387690334572492,2.80961696827056
TAC,Q,126,0.5793650793650794,0.13790772222222222,13.904584126984126,2.8065528358053746
CCT,E,309,0.4886731391585761,0.09674742071197412,15.568817475728157,2.8033087926192817
ACC,P,427,0.4613583138173302,0.09663081264637001,16.250603278688523,2.795426860725091
ACC,L,570,0.44035087719298244,0.10243803859649123,16.17298403508772,2.7950784063572955
TAG,W,31,0.8064516129032258,0.2329873548387097,10.649216129032258,2.794948308709457
GGA,Y,140,0.5642857142857143,0.15098820000000002,14.529728571428572,2.792514509570538
TGC,E,504,0.44841269841269843,0.10077092063492064,16.65909464285714,2.7911710416988718
GAT,N,99,0.6060606060606061,0.1452982121212121,13.617636363636363,2.791012233932177
CGA,E,361,0.47368421052631576,0.10881855401662051,16.388302493074793,2.7907788371806284
GAA,E,402,0.4651741293532338,0.09888053482587064,16.269203980099505,2.79055009224883
GTT,H,97,0.6082474226804123,0.2460685463917526,13.222652577319586,2.788794651974884
ATT,N,114,0.5877192982456141,0.19950973684210527,13.495578070175437,2.7886881807047175
ACC,E,527,0.444022770398482,0.11526214800759013,16.325979506641367,2.783621499786082
GTT,L,352,0.4744318181818182,0.11141497443181819,15.263821306818182,2.783239106556422
GCT,I,243,0.5061728395061729,0.09216789711934156,15.524187654320986,2.7825172498397692
GCT,E,268,0.4962686567164179,0.11481557462686567,15.590010074626866,2.776479901071062
TTT,E,234,0.5085470085470085,0.11610297008547009,15.669533333333332,2.7764558811245936
GCC,M,59,0.6779661016949152,0.1821015593220339,13.02662372881356,2.7758268218454916
AAT,R,111,0.5855855855855856,0.2303914954954955,12.68607837837838,2.7630849246322624
ATT,Q,94,0.6063829787234043,0.14307118085106382,13.440889361702128,2.761393434268413
AAA,A,172,0.5348837209302325,0.09523717441860466,15.090881395348838,2.756411783103463
GAT,P,88,0.6136363636363636,0.14041447727272727,13.557679545454546,2.7543904996083586
CCT,N,163,0.5398773006134969,0.16189015337423313,14.675887116564418,2.753302120543126
ATC,Q,86,0.6162790697674418,0.15870368604651164,13.522872093023256,2.7522457010313133
CAG,F,177,0.5310734463276836,0.1501848757062147,14.897009604519774,2.7519076481777174
GTT,P,203,0.5172413793103449,0.08831111330049261,15.586886699507389,2.750751720953905
GCA,M,84,0.6190476190476191,0.13295485714285715,14.28180476190476,2.7502126825892437
ACA,A,145,0.5517241379310345,0.10119652413793104,14.75615172413793,2.7495760671494267
TTA,S,80,0.625,0.1729406,13.128567499999999,2.7465307216702746
TGC,T,514,0.4396887159533074,0.12699984241245135,16.189149999999998,2.7454897267509812
TTC,A,230,0.5043478260869565,0.09093752608695653,16.008028695652172,2.744871540958817
ATT,K,150,0.5466666666666666,0.16890623333333332,14.188699333333334,2.7427796441254917
GGA,W,74,0.6351351351351351,0.2167692972972973,12.879016216216217,2.742188396435224
TTA,F,74,0.6351351351351351,0.16325252702702703,12.421297297297297,2.742188396435224
CCC,E,1355,0.3800738007380074,0.09530239926199262,17.25016856088561,2.7412041706846315
CAG,M,70,0.6428571428571429,0.11805638571428571,13.779578571428573,2.740294206669417
CTC,R,110,0.5818181818181818,0.18161670909090907,13.401453636363636,2.7400902989453577
TTA,P,68,0.6470588235294118,0.1592686617647059,12.784951470588236,2.739715973562933
ATA,K,119,0.5714285714285714,0.17602629411764706,13.98668487394958,2.735709567304026
GGT,H,146,0.547945205479452,0.2039845684931507,14.42851917808219,2.734483609193828
GAT,A,165,0.5333333333333333,0.13094435757575756,14.754764848484848,2.72639348712349
TGC,I,424,0.45047169811320753,0.08563102358490567,16.650150471698115,2.726294885057933
AAA,T,113,0.5752212389380531,0.12238787610619468,14.13094778761062,2.7243619393419665
GCA,K,399,0.45363408521303256,0.14882115288220552,15.72828746867168,2.7179325389136455
ATT,G,145,0.5448275862068965,0.11793358620689656,14.71798,2.715206366310059
GAA,K,461,0.44251626898047725,0.14637737093275488,16.261595227765728,2.7150872836890994
CAC,H,75,0.6266666666666667,0.30964804,11.793585333333334,2.713926226579434
CGA,Y,286,0.479020979020979,0.1579721153846154,15.6650006993007,2.7110107117449935
GCT,W,202,0.5099009900990099,0.09134046039603962,15.569683168316832,2.7092089893133866
TCC,R,157,0.535031847133758,0.16951548407643313,14.26614076433121,2.7086495718106063
CTC,Q,55,0.6727272727272727,0.19228450909090908,12.794205454545454,2.7079638646763735
CTT,T,433,0.4457274826789838,0.1098777297921478,16.55498152424942,2.7069228523819358
AGT,M,61,0.6557377049180327,0.1738739344262295,12.558750819672131,2.706317629537765
TTT,G,155,0.535483870967742,0.10623586451612903,14.93362,2.7041164425916877
GGG,A,732,0.4098360655737705,0.08480266393442623,16.185875409836065,2.703748238478136
ATT,L,174,0.5229885057471264,0.13059249425287356,15.083039080459772,2.7011236990059757
GGT,I,605,0.4214876033057851,0.13295639008264462,16.50270661157025,2.7004204899961572
AGA,T,160,0.53125,0.14756000625000001,14.517045,2.699496068897996
GAT,G,151,0.5364238410596026,0.13509133774834436,15.03323178807947,2.6949292860168765
TGA,R,201,0.5074626865671642,0.19225948756218905,14.386350248756218,2.6937477867409103
AGT,F,126,0.5555555555555556,0.15664934126984126,14.285281746031746,2.691215048032551
CCC,F,578,0.42214532871972316,0.08553253806228374,16.29290224913495,2.6853941254806415
ATT,S,131,0.549618320610687,0.13986899236641223,14.298668702290078,2.683677392566555
TTT,D,102,0.5784313725490197,0.10642803921568628,14.582733333333332,2.6808726500543973
ATC,W,46,0.6956521739130435,0.19610404347826085,11.74521956521739,2.678363549015693
TAA,K,100,0.58,0.17593218,13.127557,2.6767698997679306
AGA,F,150,0.5333333333333333,0.14094674666666668,14.764978000000001,2.675882579634626
GCA,I,372,0.45161290322580644,0.10300406989247313,16.273640860215053,2.6742612217746267
GAT,Q,64,0.640625,0.175467109375,12.7341484375,2.6742168447768924
TAC,M,52,0.6730769230769231,0.14434067307692308,12.672103846153846,2.6723118648908515
GTT,F,186,0.510752688172043,0.12374025268817204,15.606435483870968,2.671802788178418
CCA,K,107,0.5700934579439252,0.16785071028037382,13.969773831775703,2.66925238181848
GCA,S,289,0.47058823529411764,0.12715531833910035,15.978182006920415,2.6681792578731858
CTT,I,392,0.44642857142857145,0.07626872704081633,16.25225918367347,2.666879291013063
GAC,F,114,0.5614035087719298,0.12099892105263158,14.558127192982457,2.6638215457477896
GGA,G,202,0.5,0.13330691584158416,15.20997920792079,2.6566029895208936
GTT,M,142,0.5352112676056338,0.08012069014084508,14.964669014084508,2.6561703654912177
CCA,Y,119,0.5546218487394958,0.1498292100840336,14.795064705882352,2.655247521206849
CAG,K,190,0.5052631578947369,0.13546422631578947,15.140898421052631,2.653780258381455
TCG,A,210,0.49523809523809526,0.07489278095238096,16.653251904761905,2.650444028007195
GCC,K,215,0.4930232558139535,0.12040183255813953,15.714306046511629,2.650137261462891
CGC,M,39,0.717948717948718,0.19639761538461536,11.834694871794872,2.6484262747484673
TAT,R,67,0.6268656716417911,0.24949713432835824,12.352786567164179,2.645064531602933
TTT,I,157,0.5222929936305732,0.09588099363057326,15.679368152866243,2.6441579153389254
AAA,K,155,0.5225806451612903,0.19735246451612903,14.441768387096774,2.638957010240081
ATT,Y,61,0.639344262295082,0.26865939344262296,11.362509836065573,2.6386596887993212
AAA,N,80,0.6,0.173659325,13.885454999999999,2.6366694928034633
CTT,H,102,0.5686274509803921,0.09700953921568628,14.68583137254902,2.6354341305619498
AAC,Q,123,0.5447154471544715,0.19363164227642277,13.387859349593496,2.6256818284190038
ACC,T,495,0.4222222222222222,0.07935542222222222,16.77235717171717,2.6205542801727475
GAA,Y,333,0.45045045045045046,0.14222984084084084,15.886004204204204,2.6176310779174328
GAT,T,112,0.5535714285714286,0.1681788035714286,13.944148214285715,2.6169468282157604
TAG,N,66,0.6212121212121212,0.1682396515151515,13.046380303030304,2.612006021136812
GCC,P,143,0.5244755244755245,0.137719993006993,14.614197202797202,2.60654543684056
GCC,N,90,0.5777777777777777,0.17741502222222222,13.883342222222222,2.6062743815430687
TAC,A,136,0.5294117647058824,0.13585022794117646,14.591417647058824,2.6046957842619487
TTG,D,317,0.45110410094637227,0.09004458990536278,16.13423785488959,2.599285008635853
GGA,P,180,0.5,0.11751545000000001,15.37375888888889,2.599248515632913
CTA,K,75,0.6,0.17700796,13.839989333333333,2.5984400041717985
TTA,W,42,0.6904761904761905,0.19191049999999998,12.65932142857143,2.5970191275026977
TGC,G,428,0.42757009345794394,0.08136560514018691,16.896280140186917,2.591697701317353
TGG,S,445,0.4247191011235955,0.08653428089887641,16.512866516853933,2.590921981869196
CAC,P,229,0.4759825327510917,0.10137048034934498,16.481829257641923,2.588430762762569
AAA,G,176,0.5,0.14923921590909092,14.58712215909091,2.5880748662869144
ATG,K,82,0.5853658536585366,0.18577673170731707,13.25870731707317,2.586638404563862
GCA,F,145,0.5172413793103449,0.1172186,15.826817931034483,2.577727562952588
AAA,D,112,0.5446428571428571,0.11547417857142858,14.598251785714286,2.5747380084058284
ATC,P,96,0.5625,0.12289685416666667,14.2437125,2.573274925408153
TAG,Y,61,0.6229508196721312,0.18727080327868853,12.923049180327869,2.5710017480608767
GGA,T,170,0.5,0.13734181764705883,15.233615882352941,2.57083177825133
GAA,F,211,0.4786729857819905,0.11894634597156398,15.764495260663507,2.564053145696082
TTT,R,122,0.5327868852459017,0.2294338032786885,14.115388524590164,2.5638687139279273
TGA,F,72,0.5972222222222222,0.16669680555555555,13.7264,2.5623577217969555
GTG,F,253,0.4624505928853755,0.1089723675889328,16.34181581027668,2.5607435147872284
GAA,H,70,0.6,0.17648954285714286,13.377252857142857,2.5576079262247893
TAC,Y,154,0.5064935064935064,0.14492515584415583,14.72990064935065,2.554462072205852
AAC,H,39,0.6923076923076923,0.32146007692307693,11.014010256410257,2.553839622078879
GCT,K,324,0.44135802469135804,0.10295320679012346,16.39870462962963,2.5527376576331866
TAT,F,41,0.6829268292682927,0.2075570975609756,12.965463414634147,2.5525548612666906
TGC,M,79,0.5822784810126582,0.14007939240506329,13.689677215189874,2.551559812594918
CCG,K,500,0.41,0.113857236,16.5457198,2.5488085014447943
CCT,M,66,0.6060606060606061,0.2050546212121212,12.822972727272727,2.548298557206646
TCA,F,77,0.5844155844155844,0.17079245454545455,13.737414285714285,2.5461285350783327
TAC,P,190,0.4842105263157895,0.13118646315789473,15.155253684210527,2.5432060809488943
GCA,Y,224,0.46875,0.18987888392857144,15.362712946428571,2.538797063533322
ATG,R,84,0.5714285714285714,0.21195208333333335,14.013894047619047,2.5386578608516093
ACT,I,107,0.5420560747663551,0.12223414953271028,14.923077570093458,2.537977674515932
CTT,F,178,0.4887640449438202,0.08366594382022471,16.74794213483146,2.5354076691468856
TAT,Q,60,0.6166666666666667,0.17769548333333332,13.074793333333334,2.5350388829068753
GCT,L,305,0.4426229508196721,0.080787,16.272412459016394,2.5333901270936767
GCC,S,146,0.5068493150684932,0.09935684246575342,15.87258630136986,2.529397338504291
GGT,F,314,0.4394904458598726,0.10042878343949045,16.844499044585987,2.5282007138787814
ACT,A,117,0.5299145299145299,0.12984895726495727,15.07576923076923,2.5280551001441984
ACC,A,370,0.42702702702702705,0.1251860891891892,16.19780054054054,2.5263781780864183
ACC,I,529,0.40264650283553877,0.09600408695652174,16.563389035916824,2.525751989403277
ATA,M,28,0.75,0.19995817857142859,11.593992857142856,2.5254718724898555
CGA,K,393,0.4223918575063613,0.12124066412213741,16.477971501272265,2.524361961688186
AAA,V,174,0.4885057471264368,0.08176814942528736,16.129409770114943,2.523027630939648
ATC,F,52,0.6346153846153846,0.204324,12.878523076923077,2.5196083297542313
CAC,G,360,0.42777777777777776,0.12292139166666666,16.84627,2.5191311266201764
TAT,I,67,0.5970149253731343,0.18491407462686568,13.873473134328359,2.5191090777170784
CTT,W,313,0.43769968051118213,0.07976354313099042,16.107150159744407,2.516507473065274
GAG,F,113,0.5309734513274337,0.13539489380530975,14.71525221238938,2.514795636315662
ATG,E,65,0.6,0.1456502153846154,13.579572307692308,2.513792845215855
CCA,G,130,0.5153846153846153,0.12888544615384614,15.951207692307694,2.5126016973421317
GAT,E,99,0.5454545454545454,0.16064682828282828,14.243678787878787,2.511911010538959
AGA,M,74,0.581081081081081,0.09943087837837837,14.115724324324324,2.5088106605683964
GAC,K,150,0.5,0.1713757,14.68104,2.508639918407462
GGA,F,116,0.5258620689655172,0.14086183620689655,15.04168275862069,2.504246638126406
CAG,L,329,0.4316109422492401,0.0968112887537994,16.521476291793313,2.5029518447823547
TTC,E,236,0.4576271186440678,0.07437819067796611,16.83350466101695,2.502332606960145
CGC,Y,153,0.49673202614379086,0.12804401960784312,15.138928758169936,2.5020156717871624
GAG,N,148,0.5,0.12721472972972975,15.03228918918919,2.5019731529727296
TGG,N,277,0.44404332129963897,0.1594163357400722,15.605740794223829,2.4989075703391634
ATA,R,70,0.5857142857142857,0.1600506857142857,14.231300000000001,2.4967124994099135
CTG,E,79,0.569620253164557,0.15237451898734178,14.249927848101267,2.496091121016768
TGA,E,119,0.5210084033613446,0.14459633613445377,14.679475630252101,2.4943234290124945
TAC,L,264,0.44696969696969696,0.12162809090909092,15.852002651515154,2.4939701494938418
GAG,G,172,0.48255813953488375,0.11411870348837208,15.923275,2.486762804321603
TCC,D,122,0.5163934426229508,0.10542367213114755,15.501190163934426,2.484980445807068
GAT,S,115,0.5217391304347826,0.14803779130434783,14.84952260869565,2.4801340127511464
AAG,N,170,0.4823529411764706,0.09136862941176471,16.143998235294116,2.4800965390189305
TGA,M,51,0.6274509803921569,0.14367156862745098,13.724507843137253,2.479211744992268
CCA,E,96,0.5416666666666666,0.14734482291666667,15.070013541666667,2.4779684466893324
AAT,K,89,0.550561797752809,0.10974587640449439,15.018316853932586,2.4774233016425056
TTT,K,258,0.44573643410852715,0.0932378914728682,17.02755852713178,2.4768807251761507
TGA,A,150,0.49333333333333335,0.14524607333333334,14.824030666666667,2.475191386162029
GCA,G,275,0.44,0.10430356727272727,16.633606545454544,2.472976380915546
GGT,Q,444,0.40540540540540543,0.09928676126126126,16.846304954954956,2.4721922765538813
GGA,M,80,0.5625,0.1549054,14.06442375,2.471877649503247
GTG,N,292,0.4349315068493151,0.0978631198630137,16.4897647260274,2.4704860320039987
ACA,H,27,0.7407407407407407,0.38804114814814816,8.925537037037039,2.4682996371668176
ATT,F,78,0.5641025641025641,0.13370615384615386,13.880078205128203,2.4648167372890892
CTC,K,126,0.5079365079365079,0.13751134126984127,15.362776984126985,2.460539472486903
TTT,Y,131,0.5038167938931297,0.16412259541984733,13.8957,2.460037609852675
GTG,E,432,0.4050925925925926,0.09261748148148147,17.127425462962965,2.459210885186194
GGA,A,201,0.4626865671641791,0.1013547263681592,16.192294527363185,2.456064158499065
CCG,S,234,0.44871794871794873,0.1054935170940171,16.50455170940171,2.4498140127569945
AAC,A,152,0.4868421052631579,0.09514165789473684,15.679788157894738,2.4490289880463174
CCG,Y,216,0.4537037037037037,0.08026767592592592,16.524826851851852,2.4408793548470604
CAC,F,166,0.4759036144578313,0.13681022891566266,15.221356024096385,2.43567175410195
ACT,V,91,0.5384615384615384,0.11604026373626374,14.952553846153846,2.434809233795637
TTA,V,77,0.5584415584415584,0.10857207792207792,14.880116883116884,2.432967266852629
ACC,D,236,0.4449152542372881,0.10451357203389831,16.13194279661017,2.4328233678779188
GAG,L,236,0.4449152542372881,0.08474202118644067,16.700018644067796,2.4328233678779188
ACT,L,108,0.5185185185185185,0.10854877777777777,15.27822037037037,2.4325507537484445
AAC,V,156,0.4807692307692308,0.07969257692307694,16.42301923076923,2.4308874064174555
AGT,V,164,0.47560975609756095,0.10453801219512196,16.038469512195125,2.4284374814893
GCA,P,196,0.45918367346938777,0.06966532142857143,17.239470918367346,2.4259608958490766
AAC,D,82,0.5487804878048781,0.09645017073170732,15.385976829268294,2.424973504278621
GTT,T,213,0.4507042253521127,0.12740397652582158,15.48934647887324,2.41846806310844
TTG,G,462,0.3939393939393939,0.09917173376623377,16.254430735930736,2.4178924758521525
GCT,S,165,0.4727272727272727,0.09602504242424242,16.007846666666666,2.4165760454049114
ATA,F,55,0.6,0.1907717818181818,12.893250909090908,2.41521101444109
CGT,K,109,0.5137614678899083,0.14773826605504586,15.221238532110092,2.414925692517205
GAC,N,114,0.5087719298245614,0.11662497368421053,15.641195614035087,2.4140882758339344
GAT,Y,64,0.578125,0.21714759375,13.1444671875,2.413317640408415
CAG,S,272,0.43014705882352944,0.08520150735294119,16.534352941176472,2.412897794252354
ATT,I,137,0.48905109489051096,0.1139234890510949,15.211172262773724,2.409678809529436
TAT,L,112,0.5089285714285714,0.13026444642857143,15.137816964285715,2.405902729166102
CTC,F,62,0.5806451612903226,0.1352070322580645,14.110301612903227,2.405691131453148
TGG,T,299,0.4214046822742475,0.1224944983277592,16.523477591973244,2.4036006414939175
GTG,Q,396,0.4015151515151515,0.08848773484848485,17.293961363636363,2.4026410823971296
TTA,Q,83,0.5421686746987951,0.13962740963855422,14.191169879518071,2.402250071662037
ACT,N,76,0.5526315789473685,0.13986897368421053,14.061509210526316,2.4005240489191415
GTA,K,125,0.496,0.13673871199999998,15.493519200000001,2.398795825847933
TGA,I,120,0.5,0.13451975833333335,15.0935525,2.3978952727983707
CCG,N,235,0.43829787234042555,0.12416694893617021,15.604487659574469,2.394785854968672
GTG,P,286,0.4230769230769231,0.06646156993006994,17.32266153846154,2.3943963220521476
ATA,A,67,0.5671641791044776,0.12391329850746269,14.58864776119403,2.3931536238312248
CCA,Q,67,0.5671641791044776,0.1304568358208955,14.008955223880598,2.3931536238312248
AGG,L,490,0.38571428571428573,0.0793366857142857,17.175453061224488,2.390057020720744
AAC,G,170,0.4647058823529412,0.16369904705882354,15.117600000000001,2.3893612997865303
GAC,M,47,0.6170212765957447,0.10894576595744682,14.641753191489363,2.3886133897091244
GGG,T,1110,0.34054054054054056,0.052123923423423424,17.840425315315315,2.3882161878232258
TTA,A,79,0.5443037974683544,0.13019583544303798,14.365337974683543,2.3851537378604672
ACT,H,45,0.6222222222222222,0.11803891111111112,13.97082888888889,2.382265757815437
AGT,K,147,0.47619047619047616,0.14416093197278912,15.424787755102042,2.379624892268626
TCC,K,190,0.45263157894736844,0.12389226315789473,15.974329473684211,2.3773448148000536
GCC,Q,129,0.4883720930232558,0.1704092093023256,14.911144186046512,2.377167987431796
TAC,N,119,0.4957983193277311,0.15373556302521008,14.467155462184873,2.3736303598667288
TGC,K,570,0.3736842105263158,0.14476719298245616,16.724194385964914,2.371919125713562
CCA,N,82,0.5365853658536586,0.17099524390243903,14.420017073170731,2.3710852041835406
CGC,S,199,0.4472361809045226,0.073289,16.763755276381907,2.3695992242350514
TGG,Q,227,0.43612334801762115,0.1194213436123348,15.36684757709251,2.367864393244448
GCA,H,75,0.5466666666666666,0.3107445066666667,12.490304,2.3674675593565273
CCA,F,87,0.5287356321839081,0.1668432643678161,14.499639080459769,2.36732751110342
AGA,W,52,0.5961538461538461,0.16250698076923076,12.93501923076923,2.366904794617611
TTC,L,296,0.4155405405405405,0.1302129864864865,16.643238513513516,2.3659765306511216
ACT,F,92,0.5217391304347826,0.13202453260869565,14.563109782608695,2.364834518166916
ACA,V,143,0.4755244755244755,0.08360145454545455,15.844044755244758,2.363267862735441
TAC,D,143,0.4755244755244755,0.13377236363636363,15.527211888111886,2.363267862735441
CCG,E,366,0.3989071038251366,0.10771609289617486,16.858711475409837,2.3556907918469054
ATT,W,35,0.6571428571428571,0.16673377142857143,12.367762857142857,2.3548838738425864
CAA,I,35,0.6571428571428571,0.149832,13.307894285714285,2.3548838738425864
TCC,Q,110,0.5,0.1374254,15.153118181818183,2.354765100656167
AAA,P,95,0.5157894736842106,0.16267255789473684,14.264316842105265,2.3542427513886737
TCA,L,123,0.4878048780487805,0.1050930650406504,15.047443089430894,2.35135686127075
AGA,V,190,0.4473684210526316,0.08462123684210526,16.53519947368421,2.3497012704419133
AGC,Q,83,0.5301204819277109,0.1537328795180723,14.130254216867469,2.3488667367362144
CCA,S,171,0.45614035087719296,0.08905424561403508,16.652119883040935,2.3479799367921013
GAG,Y,126,0.48412698412698413,0.11197172222222222,16.07231507936508,2.34520168471408
TGA,G,142,0.47183098591549294,0.11579071830985914,15.842430281690142,2.341623874840942
TAT,V,74,0.5405405405405406,0.16186972972972974,14.132594594594593,2.333777358668276
AGT,G,140,0.4714285714285714,0.11472741428571427,15.809399999999998,2.3329868054639937
TAA,Q,79,0.5316455696202531,0.12704940506329115,15.028944303797466,2.329685046282316
AGT,L,212,0.4339622641509434,0.09740201415094339,16.47329433962264,2.326598487005977
CGT,N,89,0.5168539325842697,0.09678429213483146,15.523485393258428,2.3257443239909237
AGA,Y,130,0.47692307692307695,0.14732663846153846,15.731124615384616,2.3250941079882415
GGC,K,187,0.44385026737967914,0.10494927272727272,16.225676470588237,2.3241961653202448
TCG,M,72,0.5416666666666666,0.15043708333333333,15.02058888888889,2.3239988639553784
ACG,F,125,0.48,0.106103856,15.31118,2.321415315336709
ACA,G,149,0.46308724832214765,0.12925044966442953,15.359683221476509,2.32036131068887
AAT,F,38,0.631578947368421,0.16185005263157895,13.201576315789474,2.3138284080818816
GAC,S,166,0.45180722891566266,0.12184938554216869,16.26360903614458,2.312346601995522
GCC,W,56,0.5714285714285714,0.15228676785714287,14.957278571428573,2.3103150101911716
ACT,Q,75,0.5333333333333333,0.13762878666666667,13.832598666666666,2.3097244481527097
TCG,K,287,0.4076655052264808,0.10185267944250871,15.999468641114982,2.308593645212215
GTA,E,95,0.5052631578947369,0.1265258,14.972321052631578,2.30619698095217
GGT,P,379,0.38786279683377306,0.07465675989445911,17.31652031662269,2.303971435751724
GCT,V,282,0.4078014184397163,0.07126217730496454,17.13900141843972,2.3022212525850083
ACA,D,61,0.5573770491803278,0.09361383606557377,15.649331147540984,2.3003699851071002
TTG,W,215,0.42790697674418604,0.09894722790697674,17.335536279069768,2.3001191325904333
AGA,Q,116,0.4827586206896552,0.13835634482758621,14.912968103448275,2.2989805202471927
AAA,H,45,0.6,0.2826507111111111,12.442802222222223,2.297184837893457
GTT,A,233,0.4206008583690987,0.07833908583690988,16.90045922746781,2.2945127437985184
TTC,M,71,0.5352112676056338,0.16876492957746478,14.95887605633803,2.288919894684649
TTA,G,76,0.5263157894736842,0.1596060394736842,14.212939473684209,2.2862133799229913
CTT,Y,306,0.39869281045751637,0.12302128104575163,15.84463823529412,2.2832530235478368
TAA,I,89,0.5056179775280899,0.12558412359550564,14.709757303370786,2.2751846647737297
TGA,N,79,0.5189873417721519,0.13288958227848102,15.026069620253166,2.274216354704166
ACC,G,420,0.3761904761904762,0.1270462761904762,17.12729761904762,2.2731809231471813
GTA,Y,55,0.5636363636363636,0.16369741818181818,14.651827272727273,2.268834589323448
AGA,G,187,0.43315508021390375,0.09643152941176471,16.740416577540106,2.2681914384450583
TAT,T,72,0.5277777777777778,0.1309102222222222,14.76850138888889,2.264409149494984
GGA,S,196,0.42857142857142855,0.1066443112244898,16.220273469387756,2.264230169459138
CAG,N,129,0.46511627906976744,0.13689302325581393,15.642035658914729,2.2639695118398055
CCG,P,291,0.39862542955326463,0.07077874226804123,17.987135051546392,2.262898422897322
GTT,V,276,0.40217391304347827,0.10546727536231884,16.025189492753622,2.2618331274883863
GTG,H,124,0.46774193548387094,0.1232960806451613,16.313403225806454,2.258404812609141
AGG,S,217,0.41935483870967744,0.09554298617511521,16.818519815668203,2.258014058588973
TTC,V,232,0.41379310344827586,0.09971425431034484,16.437656465517243,2.2556021187168414
TCA,A,85,0.5058823529411764,0.1117679411764706,15.21748588235294,2.2533756910458917
GCC,D,111,0.4774774774774775,0.10250463063063063,15.722244144144145,2.2529769385463063
TCA,N,80,0.5125,0.1525816875,14.767083750000001,2.2521551917696248
GTC,F,83,0.5060240963855421,0.1826719156626506,14.470293975903614,2.242100066884568
CGA,H,68,0.5294117647058824,0.09841204411764706,15.842876470588234,2.2415857965514903
AAG,G,261,0.40229885057471265,0.06923469731800766,17.06144865900383,2.240138593467108
AAG,E,249,0.40562248995983935,0.0627679718875502,17.498625702811246,2.2396287257192244
TGA,V,153,0.4444444444444444,0.11607972549019607,16.142617647058824,2.238645601072724
AGC,I,104,0.4807692307692308,0.10497424038461538,15.860078846153847,2.2374809375757323
GGA,V,214,0.4158878504672897,0.09232485046728972,16.54548364485981,2.2335831051558968
AGA,I,182,0.42857142857142855,0.06895702197802198,16.782197252747252,2.232636922646323
AGA,N,148,0.44594594594594594,0.10000077027027028,16.403771621621623,2.2314895688675698
AGT,S,191,0.42408376963350786,0.09940042408376963,16.314120942408376,2.229618456200263
GAA,G,375,0.376,0.09095821066666668,17.0834344,2.2295255179146003
ACG,H,40,0.6,0.1169564,14.487805,2.2281432400225847
GCG,K,105,0.47619047619047616,0.1152316380952381,16.320025714285713,2.220685282910508
TAA,L,105,0.47619047619047616,0.11065061904761905,15.842680000000001,2.220685282910508
GGC,P,92,0.4891304347826087,0.09299329347826088,15.531059782608697,2.217032360781484
TGA,P,92,0.4891304347826087,0.1247791847826087,15.673835869565217,2.217032360781484
AGC,N,69,0.5217391304347826,0.13733459420289854,15.041105797101448,2.216606213243144
GGC,Y,69,0.5217391304347826,0.16768402898550724,14.666146376811595,2.216606213243144
ATA,V,108,0.4722222222222222,0.11787190740740741,15.377874074074075,2.2153587221637623
GGC,Q,100,0.48,0.13986927999999998,15.097811,2.2152578480838048
ATG,I,52,0.5576923076923077,0.1569446346153846,14.41341923076923,2.214201259480991
TCC,F,87,0.4942528735632184,0.11292154022988506,15.664979310344828,2.21293658646624
AAG,V,312,0.38461538461538464,0.06181466666666667,17.33722115384615,2.2100781502077513
AGC,K,114,0.4649122807017544,0.11863526315789473,15.714636842105262,2.2059772175723884
AGT,Q,90,0.4888888888888889,0.08864303333333333,15.82910111111111,2.2053090920749043
GAT,L,142,0.44366197183098594,0.1070078028169014,16.11275281690141,2.201825434551931
TCG,G,206,0.41262135922330095,0.1641159854368932,16.335053398058253,2.200393676832798
GGA,I,209,0.41148325358851673,0.08650046889952152,16.73842727272727,2.2002452040272837
CCA,M,43,0.5813953488372093,0.10922518604651163,14.658174418604652,2.200110252278059
AGT,Y,109,0.46788990825688076,0.14974511926605505,15.704190825688075,2.199307327113883
TGA,T,109,0.46788990825688076,0.13578924770642203,15.961644954128442,2.199307327113883
GCG,G,131,0.45038167938931295,0.07653498473282443,17.14263358778626,2.1991245300198154
ATT,D,93,0.4838709677419355,0.1044619569892473,15.43123870967742,2.198368443033873
TGA,D,93,0.4838709677419355,0.15773143010752688,15.025406451612904,2.198368443033873
CCC,H,330,0.3787878787878788,0.08540248484848485,16.903989393939394,2.197772111885251
CCG,M,123,0.45528455284552843,0.09783240650406504,16.36833902439024,2.194599737186033
TGT,N,75,0.5066666666666667,0.13824426666666667,14.869077333333335,2.1942382257450745
TCC,M,65,0.5230769230769231,0.15310306153846154,15.034276923076922,2.1915117112138227
CGC,G,129,0.4496124031007752,0.09886799224806202,16.539648837209302,2.1885038614451457
GAC,P,107,0.4672897196261682,0.11997435514018692,15.64718598130841,2.1879117883758035
ATT,A,118,0.4576271186440678,0.12481559322033899,15.07329406779661,2.1870565137968017
GCC,Y,91,0.4835164835164835,0.13823076923076924,15.135432967032967,2.1863593119797557
TCA,Q,53,0.5471698113207547,0.10277471698113208,14.970616981132077,2.182651648120075
GTT,N,161,0.42857142857142855,0.15977008695652173,15.475916770186336,2.180398429385307
GTG,I,422,0.36018957345971564,0.07204367061611375,17.811840521327014,2.17820040572283
GCT,Y,173,0.42196531791907516,0.1555419768786127,15.101368786127166,2.1769424094951484
CGT,Q,105,0.4666666666666667,0.1364704095238095,15.710161904761906,2.176271577252298
CCG,H,81,0.49382716049382713,0.20807251851851855,14.888937037037037,2.1761576529700015
TAA,S,81,0.49382716049382713,0.10281085185185185,15.306886419753086,2.1761576529700015
TCT,F,39,0.5897435897435898,0.16556884615384615,13.561161538461539,2.1754930114005266
CAA,Q,30,0.6333333333333333,0.1269543,14.397336666666666,2.1748585628405928
AGC,S,153,0.43137254901960786,0.09997658823529411,16.344862091503266,2.1728030833941148
ACA,P,76,0.5,0.21051826315789474,14.281136842105262,2.171902710926842
ACT,D,76,0.5,0.18157418421052632,14.572401315789474,2.171902710926842
ATA,N,51,0.5490196078431373,0.1415576470588235,14.2976,2.169310276868235
CGG,M,100,0.47,0.08789042999999999,15.991149,2.169106642915392
TAC,T,171,0.42105263157894735,0.07836833333333333,16.223291228070174,2.167366095500401
CGA,W,219,0.4018264840182648,0.05058534703196347,17.42233378995434,2.1673023930548303
ATC,S,66,0.5151515151515151,0.12738642424242425,15.208666666666668,2.166053773625649
TAC,S,145,0.43448275862068964,0.11565702068965518,16.011718620689656,2.1652911528801737
ATG,T,61,0.5245901639344263,0.17833316393442622,14.345342622950819,2.165054103630212
CAT,S,61,0.5245901639344263,0.13615906557377047,14.880467213114754,2.165054103630212
GAT,I,128,0.4453125,0.1149961875,15.60351328125,2.164135211317307
GTG,K,548,0.34306569343065696,0.0823691094890511,17.839772262773725,2.1640921660653136
TCA,K,79,0.4936708860759494,0.14716941772151898,15.438126582278482,2.1632789715478653
TAT,P,44,0.5681818181818182,0.18293043181818183,13.208329545454546,2.1628764146422275
ACG,K,157,0.4267515923566879,0.11164804458598725,15.846380891719745,2.160470491801317
GGA,E,169,0.42011834319526625,0.09668034319526628,16.825744378698225,2.157643130358394
GCT,T,286,0.3811188811188811,0.09282824125874126,17.233320279720278,2.156935529782513
GAG,T,178,0.4157303370786517,0.10668194382022472,16.58786348314607,2.15655364961919
CTA,S,82,0.4878048780487805,0.09199831707317073,16.522710975609755,2.1555320038032186
GTT,W,112,0.45535714285714285,0.1514079375,15.627977678571428,2.1526498103065124
GAG,W,54,0.5370370370370371,0.19597553703703702,13.94757962962963,2.1520863402174384
ACG,T,104,0.46153846153846156,0.09957325,15.432397115384616,2.147981700072703
GGT,N,369,0.36314363143631434,0.10308252574525746,16.939030623306234,2.1474509559770407
ACG,G,121,0.4462809917355372,0.15384704958677686,15.374196694214877,2.1439432761619495
CGC,K,150,0.4266666666666667,0.10193912666666667,16.471304666666665,2.140706063707701
GAC,L,192,0.40625,0.10491908854166666,16.688,2.13796788924261
GGA,D,130,0.43846153846153846,0.1327249,16.43750230769231,2.137586518634351
GAG,V,174,0.41379310344827586,0.0926449827586207,16.942482183908044,2.137152816795937
CTC,L,102,0.46078431372549017,0.11298688235294117,16.20176470588235,2.135610416145028
CAA,K,40,0.575,0.204175525,13.6723775,2.135303938354977
CAG,Q,142,0.4295774647887324,0.0966414295774648,16.58182253521127,2.1319262144074247
GTG,M,145,0.42758620689655175,0.08975089655172414,16.644473103448277,2.130921452040806
ACC,V,396,0.3560606060606061,0.10144810606060607,16.70910606060606,2.13064397872953
GTT,D,196,0.4030612244897959,0.08227157142857143,16.59797551020408,2.129454564134189
ACT,E,65,0.5076923076923077,0.13460681538461539,15.15073076923077,2.127055484413416
GAC,D,128,0.4375,0.1012663828125,16.49196015625,2.1261679269082316
TAG,I,111,0.45045045045045046,0.11190772972972973,16.179681081081082,2.1254499420248174
CCG,T,337,0.3649851632047478,0.07758696142433234,16.824181008902077,2.125325356511606
GAA,W,237,0.3881856540084388,0.056287734177215186,17.60086751054852,2.1242569703703613
GAT,F,60,0.5166666666666667,0.12636753333333334,14.995915,2.1239514964895445
ACG,I,134,0.43283582089552236,0.07661794776119403,16.524479104477614,2.1231786354434994
AAT,Q,55,0.5272727272727272,0.16702243636363637,14.384532727272727,2.122458164205806
GTA,N,81,0.48148148148148145,0.12918276543209875,15.414748148148147,2.1217537116457517
ATA,L,117,0.4444444444444444,0.12220459829059829,15.836608547008547,2.1203042775402956
CGA,G,283,0.3745583038869258,0.09825440636042403,17.42129469964664,2.1158702093466
ATT,V,126,0.4365079365079365,0.10504906349206349,16.551866666666665,2.1145261091684326
AAT,W,29,0.6206896551724138,0.23472810344827585,12.787448275862069,2.1110880299972
CTT,P,307,0.36807817589576547,0.08332040716612378,16.90670260586319,2.1091246758176347
AGT,I,144,0.4236111111111111,0.08383870138888888,16.65012638888889,2.1081997103309376
TAG,K,115,0.4434782608695652,0.12240788695652174,16.309754782608696,2.1081139108384748
CTG,N,79,0.4810126582278481,0.15001163291139238,15.320629113924051,2.107810279969715
CAC,W,159,0.41509433962264153,0.06420223899371069,16.168670440251574,2.1066759233046075
TAT,Y,36,0.5833333333333334,0.19544908333333333,13.515966666666666,2.1063687823757977
GTA,P,74,0.4864864864864865,0.1307912027027027,15.38089054054054,2.100399622801448
ATG,L,85,0.47058823529411764,0.08429481176470588,16.29602117647059,2.0961634335310624
TTC,N,116,0.4396551724137931,0.08807394827586207,16.62809224137931,2.0937144023679792
CTC,T,77,0.4805194805194805,0.14907063636363635,15.289515584415584,2.093483462175518
TAT,A,69,0.4927536231884058,0.09878834782608696,15.219752173913044,2.093461423618525
TAT,E,69,0.4927536231884058,0.1488493043478261,14.449266666666666,2.093461423618525
CTC,N,51,0.5294117647058824,0.132603431372549,14.541129411764707,2.0918349098372264
GTC,A,105,0.44761904761904764,0.11183258095238095,16.489353333333334,2.0874441659358776
CCA,D,80,0.475,0.11643742500000001,15.2559625,2.0873633484694083
GGC,N,80,0.475,0.07762095,16.32336875,2.0873633484694083
TAG,H,25,0.64,0.14873896,13.812188,2.0851817843337486
TCG,L,379,0.35092348284960423,0.08343279947229551,17.757984432717677,2.0845455847277505
CGG,G,262,0.37404580152671757,0.0841411641221374,17.140534351145035,2.0842408211962633
ATC,A,97,0.4536082474226804,0.09921556701030929,16.24959587628866,2.0797790624897443
CTG,Q,75,0.48,0.12766630666666667,16.107425333333335,2.078752003337439
GAG,Q,123,0.43089430894308944,0.13055172357723577,15.955959349593497,2.077031894122496
ATC,V,100,0.45,0.11860231,15.790525,2.0768042325785667
AAG,S,199,0.39195979899497485,0.10450107537688443,16.67895376884422,2.0767274100037527
AGA,D,156,0.41025641025641024,0.09146090384615385,16.892607692307692,2.074357253476229
TCC,G,138,0.42028985507246375,0.1129318115942029,16.635497826086954,2.0739093342143486
TCC,N,70,0.4857142857142857,0.12539671428571428,15.621128571428573,2.070444511705782
TGA,Q,70,0.4857142857142857,0.15925317142857143,15.449511428571428,2.070444511705782
ACT,T,81,0.4691358024691358,0.18673943209876545,15.156453086419754,2.0673497703215014
TCC,L,160,0.40625,0.10724230000000001,16.158313749999998,2.064320523274938
CGC,F,98,0.4489795918367347,0.12523433673469386,15.905807142857142,2.0631150347543055
CCA,L,133,0.42105263157894735,0.10510001503759397,16.152892481203008,2.062248336821436
CAC,V,302,0.3609271523178808,0.09492528145695364,16.556291721854304,2.062241310597752
GGA,L,249,0.37349397590361444,0.08619375100401606,17.332242168674696,2.0622323910087905
CCT,Y,185,0.3945945945945946,0.12419051351351353,15.974162702702703,2.062051390167912
CCA,C,42,0.5476190476190477,0.10937759523809525,15.333569047619047,2.0597048252607606
AGC,P,76,0.47368421052631576,0.09729319736842106,15.401168421052633,2.0575920419306923
GGG,E,1136,0.29225352112676056,0.04535804665492958,18.380201320422536,2.0563391724693467
AGT,N,90,0.45555555555555555,0.12175,15.719913333333334,2.0549471085243427
AGT,A,158,0.4050632911392405,0.10800351898734177,16.221268987341773,2.0532270186208534
TAC,V,183,0.39344262295081966,0.10941783060109289,16.12333825136612,2.051778002993699
TGA,L,143,0.4125874125874126,0.10131561538461538,16.870147552447552,2.050482410314574
TGA,S,137,0.41605839416058393,0.08268702189781023,17.0547802919708,2.0500252558683263
CCC,D,719,0.31154381084840055,0.0517824742698192,18.22784478442281,2.049724995118585
TCT,W,19,0.6842105263157895,0.11995242105263158,12.453100000000001,2.049711555589573
ACG,P,99,0.4444444444444444,0.13958559595959594,15.909781818181816,2.046742304883596
TAG,M,40,0.55,0.122032375,15.49222,2.0424646366873693
GTC,Q,74,0.47297297297297297,0.1081201081081081,15.621855405405405,2.042055188834741
GAC,Y,108,0.4351851851851852,0.11682621296296297,15.654552777777779,2.041605096896016
TGT,K,111,0.43243243243243246,0.11819181981981981,16.41526126126126,2.040431944343825
GCC,L,147,0.40816326530612246,0.116302693877551,16.300525170068028,2.0396784790873936
ATA,Y,58,0.5,0.12210355172413792,15.121424137931035,2.03876872195286
TAT,S,58,0.5,0.13452232758620689,15.669591379310345,2.03876872195286
CGA,T,327,0.3516819571865443,0.05378445259938838,17.98581987767584,2.037298363804821
AGC,F,77,0.4675324675324675,0.09086206493506493,16.30724675324675,2.036902828062666
CAG,E,169,0.39644970414201186,0.08423862130177515,17.28733076923077,2.0360857709015834
AAC,P,94,0.44680851063829785,0.18239157446808513,14.339470212765958,2.034710951566199
AAC,T,100,0.44,0.1124263,15.588612000000001,2.030653027410154
AGG,V,353,0.34560906515580736,0.07702407082152975,17.704746458923513,2.0284822192700296
ATC,M,26,0.6153846153846154,0.18090653846153845,12.470926923076924,2.02820730215651
TCA,M,26,0.6153846153846154,0.08964246153846153,14.911226923076923,2.02820730215651
ACT,S,142,0.4084507042253521,0.12103714788732393,15.50246338028169,2.027077384190666
ATT,T,112,0.42857142857142855,0.12039449999999999,15.556284821428573,2.0260233508767174
AGC,L,118,0.423728813559322,0.1072364406779661,16.451539830508473,2.025052327589631
CGA,A,238,0.3697478991596639,0.0607862731092437,17.839387815126052,2.024910893151147
TGC,W,245,0.3673469387755102,0.05701268979591837,18.101175102040816,2.0223666866690313
CCG,I,345,0.34492753623188405,0.06637780869565217,17.427002898550725,2.0165977224112153
AAA,E,98,0.4387755102040816,0.12870291836734693,15.801505102040815,2.016226056691708
AGC,Y,98,0.4387755102040816,0.11342683673469389,15.470188775510206,2.016226056691708
TAG,P,67,0.47761194029850745,0.15423898507462686,15.181276119402984,2.015287262173663
AAC,K,107,0.42990654205607476,0.16706470093457945,15.82664953271028,2.0128788453057394
TCA,Y,46,0.5217391304347826,0.18524767391304348,14.5033,2.0087726617617694
CTC,I,87,0.4482758620689655,0.0972888275862069,16.027381609195402,2.007082020283334
ACA,K,73,0.4657534246575342,0.1561583561643836,15.169168493150686,2.0046330571087916
ATG,V,93,0.44086021505376344,0.10968869892473118,16.585744086021503,2.0029579147641954
GGT,L,716,0.30446927374301674,0.06716168715083798,18.17324525139665,2.0019085659926215
CCA,V,132,0.4090909090909091,0.09531525,17.177170454545454,2.000597370636172
TAC,I,199,0.3768844221105528,0.09820731658291457,16.92696130653266,1.9968532788497626
AAT,I,57,0.49122807017543857,0.1307798245614035,14.711268421052631,1.9946035841280654
AGA,S,190,0.37894736842105264,0.11280387894736842,17.26359684210526,1.9903351937860914
AGG,T,347,0.3400576368876081,0.06357958213256484,17.95422363112392,1.990086145859908
TCA,I,71,0.4647887323943662,0.10416585915492957,15.324866197183098,1.987746224331406
ATC,I,91,0.43956043956043955,0.13020465934065933,15.669907692307694,1.9875993745270508
GGT,T,475,0.32210526315789473,0.08101050315789475,17.883839157894737,1.9859135404155943
ACA,T,97,0.4329896907216495,0.11035624742268041,15.776742268041238,1.9852436505583921
TGT,Y,74,0.4594594594594595,0.1385140945945946,15.99086081081081,1.9837107548680344
TAC,G,143,0.3986013986013986,0.14649542657342657,16.292365734265736,1.9809745319988254
TCC,S,143,0.3986013986013986,0.13430055944055944,16.550302797202797,1.9809745319988254
TAA,F,63,0.47619047619047616,0.11131580952380951,15.318598412698412,1.9804205158855577
ATA,G,80,0.45,0.1404196625,15.86097125,1.9775021196025977
GCG,N,47,0.5106382978723404,0.09819476595744682,14.895674468085105,1.976783494931689
GTA,Q,83,0.4457831325301205,0.1280193253012048,16.380889156626505,1.975183392255453
CAG,I,182,0.3791208791208791,0.06730482417582417,17.246204395604398,1.975024970033286
GAG,C,66,0.4696969696969697,0.072479,16.78555303030303,1.9749313818351506
CAG,V,199,0.37185929648241206,0.08933888944723617,17.38133417085427,1.9702285684650989
CGT,H,42,0.5238095238095238,0.12014521428571429,15.549,1.9701524415537708
TCC,T,113,0.415929203539823,0.09006157522123893,16.43367610619469,1.969923248447268
TCC,A,101,0.42574257425742573,0.1016911188118812,16.595880198019803,1.9690478313982538
CTG,P,58,0.4827586206896552,0.12346768965517242,15.709912068965517,1.9684663522303476
AGG,G,288,0.3472222222222222,0.08233022569444444,17.328339583333335,1.9675092667057057
AAT,E,72,0.4583333333333333,0.08765397222222222,15.755313888888887,1.9664605771930124
TGG,F,167,0.38323353293413176,0.08483508982035928,16.528938323353294,1.9636748184539436
GAG,I,151,0.39072847682119205,0.07424324503311258,17.217033774834437,1.9629731836419226
CCG,A,303,0.3432343234323432,0.10266969306930694,17.92253696369637,1.962280135136129
GAC,I,129,0.40310077519379844,0.07275660465116279,17.115862015503875,1.9621069102611648
GAC,C,61,0.47540983606557374,0.07761954098360656,16.641126229508195,1.9620802814148794
CTC,Y,45,0.5111111111111111,0.0874799111111111,15.591177777777776,1.9568611582055373
CGC,T,114,0.41228070175438597,0.09182856140350877,16.81915,1.956243947658533
CAT,R,87,0.4367816091954023,0.1443239655172414,16.200106896551723,1.9556183787376078
TCA,S,87,0.4367816091954023,0.11394911494252873,16.092639080459772,1.9556183787376078
TTA,H,25,0.6,0.19518191999999998,13.369912,1.9548579228128893
TAC,E,191,0.3717277486910995,0.08464557068062828,16.86534397905759,1.9543569183977618
AGT,D,105,0.41904761904761906,0.10378490476190477,16.198978095238097,1.9542030489612472
GCC,V,165,0.38181818181818183,0.08740032121212121,16.85084,1.951849882827044
GGG,F,571,0.3064798598949212,0.05241245359019264,18.41731313485114,1.9458832285314618
ACA,M,35,0.5428571428571428,0.09268897142857144,15.996354285714284,1.9453388523047452
GGT,D,390,0.32564102564102565,0.06815334871794872,18.133215897435896,1.9436560515849781
ATC,D,59,0.4745762711864407,0.1336908813559322,15.128905084745764,1.9430787752918444
AAG,L,380,0.3263157894736842,0.0696145394736842,18.273833684210526,1.9392292697781868
TGT,Q,85,0.43529411764705883,0.10267571764705884,15.869390588235294,1.9389511760162326
CTC,S,103,0.4174757281553398,0.1443782233009709,15.785655339805825,1.9389204724570777
GAG,P,100,0.42,0.09188323000000001,17.036985,1.938350617073329
CGT,S,91,0.42857142857142855,0.1382594065934066,15.746780219780222,1.9379093901638744
GTC,L,160,0.38125,0.0769606125,17.41756625,1.9372854141503264
TAT,D,51,0.49019607843137253,0.14031311764705884,15.386850980392156,1.9368841757752095
CCA,H,43,0.5116279069767442,0.14111876744186047,14.290781395348837,1.9360970220046918
GGC,W,43,0.5116279069767442,0.14258016279069768,15.26843488372093,1.9360970220046918
GGC,L,170,0.3764705882352941,0.06843060588235295,17.57773176470588,1.9356851036245308
TTA,D,65,0.46153846153846156,0.1111376,16.04848923076923,1.9336868040121964
CAT,G,68,0.45588235294117646,0.13813908823529414,16.068072058823528,1.930254435919339
CTC,D,68,0.45588235294117646,0.1650238088235294,15.856014705882354,1.930254435919339
AGG,E,288,0.3402777777777778,0.06570071527777778,17.381906597222223,1.9281590813715916
GAG,A,161,0.37888198757763975,0.06434262111801242,17.595201863354035,1.9275986114855614
TCT,E,74,0.44594594594594594,0.10451427027027027,16.075797297297296,1.9253663209013274
TTC,S,107,0.411214953271028,0.2015935140186916,15.998767289719625,1.9253623737707073
CAT,P,46,0.5,0.09067508695652174,15.654686956521738,1.9250738008550292
CTA,N,46,0.5,0.1291775,15.379345652173912,1.9250738008550292
GAC,T,104,0.41346153846153844,0.08043128846153845,17.156509615384614,1.9242336063151295
GAC,Q,77,0.44155844155844154,0.17092616883116885,15.245523376623375,1.9237415598369625
AAT,N,33,0.5454545454545454,0.16472472727272727,13.926030303030304,1.9234693770633606
GTA,D,80,0.4375,0.11042885,16.53875375,1.922571505169192
TCA,V,80,0.4375,0.11261691250000001,15.55742875,1.922571505169192
GTA,S,95,0.42105263157894735,0.10194137894736842,16.926155789473682,1.9218308174601415
CGT,P,83,0.43373493975903615,0.08259484337349397,16.835540963855422,1.9218000573296299
TCT,P,49,0.4897959183673469,0.11679063265306122,15.86335306122449,1.9160929006178673
TAA,W,21,0.6190476190476191,0.22125361904761906,12.161871428571429,1.9135024711265767
TAT,M,21,0.6190476190476191,0.19381228571428574,12.640019047619049,1.9135024711265767
AGT,T,111,0.40540540540540543,0.10643958558558558,16.982095495495496,1.9129049478223357
TCC,P,111,0.40540540540540543,0.08475544144144144,17.16704234234234,1.9129049478223357
TAA,V,72,0.4444444444444444,0.07134468055555555,16.382866666666665,1.906870862732618
TGG,P,221,0.35294117647058826,0.06554788235294118,17.254104072398192,1.90682731124904
TGA,H,36,0.5277777777777778,0.17934319444444446,14.408805555555555,1.9057622316733407
CGA,V,285,0.3368421052631579,0.06922216842105264,17.738932631578948,1.9051761889077397
GAT,D,78,0.4358974358974359,0.12362607692307694,15.44503717948718,1.9046311151779325
ATA,I,84,0.42857142857142855,0.14355930952380952,16.446875,1.903993395638707
GAA,T,366,0.3224043715846995,0.06361060655737705,18.239636338797816,1.9039144756022934
ATA,S,55,0.4727272727272727,0.11990830909090909,16.098523636363637,1.9028935265293434
TGG,V,408,0.3161764705882353,0.0560816862745098,18.06325882352941,1.9013952331605917
CAA,T,31,0.5483870967741935,0.15537925806451613,14.252793548387096,1.9005648499224306
GAA,V,341,0.3255131964809384,0.05615530791788856,18.01043753665689,1.8993078938825487
TTA,Y,47,0.48936170212765956,0.25528614893617024,13.715702127659576,1.894417515976202
GTT,G,287,0.3344947735191638,0.10550760627177701,16.95143763066202,1.8942306832510483
GTA,I,122,0.39344262295081966,0.08294831967213115,17.545400819672132,1.8933184349006231
CGT,L,158,0.37341772151898733,0.07531208227848102,16.859691139240507,1.892818657791099
TCC,V,135,0.3851851851851852,0.08872554074074074,17.27126962962963,1.8922818819131462
CAT,N,39,0.5128205128205128,0.13322753846153845,15.587464102564104,1.891733053391762
TAT,N,39,0.5128205128205128,0.18801276923076923,15.068735897435898,1.891733053391762
CTG,S,165,0.3696969696969697,0.07768273333333334,17.00865696969697,1.8898863944833282
GTA,L,155,0.3741935483870968,0.07911165161290323,17.425595483870968,1.8896235381966011
AAG,M,88,0.42045454545454547,0.07288286363636363,16.471426136363636,1.8872675645464678
CGA,Q,318,0.3270440251572327,0.09218786792452831,17.084495283018867,1.8854713040554207
GTC,K,107,0.40186915887850466,0.10632929906542056,16.913083177570094,1.8816041380031912
CTG,F,53,0.4716981132075472,0.08493664150943397,16.407649056603773,1.881596248379375
GAA,Q,334,0.32335329341317365,0.07081083233532934,17.846376646706588,1.880018255799722
GGT,G,567,0.2962962962962963,0.07783289241622575,17.941354673721342,1.8791470870284892
TTA,N,56,0.4642857142857143,0.12549492857142858,15.706673214285715,1.877130945780327
CGG,K,335,0.32238805970149254,0.0755954447761194,18.14148865671642,1.875367179928436
CGG,A,266,0.33458646616541354,0.058750996240601504,18.56689398496241,1.8694177842015873
CTA,L,71,0.43661971830985913,0.08195704225352113,16.417618309859158,1.8672767561901085
CCA,I,121,0.3884297520661157,0.09915209917355372,16.666589256198346,1.866024703326141
CAG,D,161,0.36645962732919257,0.07270166459627328,17.79310745341615,1.8643986570106252
CAG,Y,168,0.3630952380952381,0.12551109523809525,17.359151785714285,1.8626417952994492
GTA,H,32,0.53125,0.12657625,15.757296875,1.8575196420290676
TGC,V,495,0.298989898989899,0.06964217373737373,18.542661616161617,1.8557035094046248
ATC,L,132,0.3787878787878788,0.09670885606060607,16.716737121212123,1.8524049728112704
ATG,N,43,0.4883720930232558,0.1436103953488372,15.178032558139535,1.8480926119135692
CTT,M,72,0.4305555555555556,0.15543127777777777,15.694365277777779,1.847281148272224
TCT,K,69,0.43478260869565216,0.1272331304347826,15.83781304347826,1.8471718443692866
GCC,T,146,0.3698630136986301,0.06479232876712329,17.546770547945204,1.8457764362058338
GCG,V,126,0.38095238095238093,0.07235312698412698,17.73776984126984,1.8454046043651775
CGC,P,136,0.375,0.08879714705882352,17.000434558823528,1.844992847185547
ATC,T,97,0.4020618556701031,0.07757317525773195,16.26655257731959,1.843440532661364
GCG,Q,97,0.4020618556701031,0.07340278350515464,17.55736082474227,1.843440532661364
ATG,P,35,0.5142857142857142,0.16394377142857142,14.663734285714284,1.842952596920285
CTC,H,35,0.5142857142857142,0.075954,16.277068571428572,1.842952596920285
CAA,R,88,0.4090909090909091,0.15738170454545453,15.725511363636365,1.8362603330722391
CGT,F,88,0.4090909090909091,0.10453665909090909,16.04110568181818,1.8362603330722391
GTA,T,88,0.4090909090909091,0.10715201136363638,16.476661363636364,1.8362603330722391
TAA,E,88,0.4090909090909091,0.08337765909090909,16.624860227272727,1.8362603330722391
CGA,N,147,0.3673469387755102,0.0959644149659864,16.880000000000003,1.8357106311786544
CGT,D,85,0.4117647058823529,0.08571082352941177,16.734175294117648,1.8341430043396794
ATC,E,101,0.39603960396039606,0.1049950891089109,16.444210891089106,1.8316724013007013
ACT,M,30,0.5333333333333333,0.21363243333333332,13.457673333333334,1.831459842392078
ACA,N,55,0.45454545454545453,0.1829856181818182,14.692405454545455,1.8297053139705226
AGA,H,76,0.42105263157894735,0.08523296052631579,17.014448684210524,1.8289707039383931
ATC,G,98,0.3979591836734694,0.14269532653061226,16.339713265306123,1.8286701444413163
TAG,F,58,0.4482758620689655,0.11795839655172413,15.834151724137932,1.8278616127853227
TAT,W,20,0.6,0.24575015000000003,13.247075,1.8267134626340538
TGT,T,92,0.40217391304347827,0.08624193478260869,16.756442391304347,1.8228932744203314
AGC,V,118,0.3813559322033898,0.12494865254237288,17.11367966101695,1.822547094830668
GCC,G,128,0.375,0.1134144609375,17.1249203125,1.8224296516356269
CAA,N,33,0.5151515151515151,0.194837,14.081624242424242,1.8166099672265075
CGT,M,33,0.5151515151515151,0.09904321212121213,15.045145454545455,1.8166099672265075
AGC,E,83,0.40963855421686746,0.08709809638554217,17.14666144578313,1.8150333874779838
CAT,Q,47,0.46808510638297873,0.10478921276595746,15.583797872340424,1.812051537020715
GAA,M,96,0.3958333333333333,0.07450055208333334,16.804389583333332,1.810823095657589
TTA,E,93,0.3978494623655914,0.1212316129032258,15.463370967741936,1.8075473864945175
GAG,E,164,0.35365853658536583,0.08190489634146342,17.605068902439022,1.8057612041843514
TAG,A,90,0.4,0.10010877777777778,16.45757777777778,1.80434380260674
TAT,G,59,0.4406779661016949,0.12313974576271186,15.910298305084744,1.8042874341995696
GAA,A,259,0.32432432432432434,0.05863979922779923,18.567787644787643,1.8034643127617929
GAA,D,211,0.33649289099526064,0.08361690047393365,18.182546445497632,1.8024532014299186
AGC,T,100,0.39,0.11716942,16.896684,1.7998970015680913
GTC,V,100,0.39,0.08309704999999999,16.768197,1.7998970015680913
AAA,C,18,0.6111111111111112,0.14082844444444442,14.222611111111112,1.7993793761572692
ACT,C,39,0.48717948717948717,0.11077305128205128,15.67028205128205,1.797146400722174
GAC,W,39,0.48717948717948717,0.11916387179487178,15.888264102564102,1.797146400722174
GAC,A,117,0.37606837606837606,0.0747521282051282,17.11146923076923,1.7941036194571731
TGC,D,180,0.34444444444444444,0.07494069444444444,17.225679444444445,1.7905934218804511
ACC,H,104,0.38461538461538464,0.23883552884615386,15.8260125,1.7899847500605859
CAA,Y,31,0.5161290322580645,0.13386593548387096,14.240274193548387,1.7887669175740524
CTA,Q,45,0.4666666666666667,0.15540764444444446,16.14319111111111,1.7866993183615778
TGT,A,111,0.3783783783783784,0.09933336036036035,16.37783243243243,1.7853779513008465
CAT,K,66,0.42424242424242425,0.1690239393939394,16.009748484848483,1.783808990044652
GAC,H,48,0.4583333333333333,0.10493741666666667,15.651364583333333,1.7837509699673704
TGT,S,135,0.362962962962963,0.10143802962962963,17.674507407407408,1.7831117733412338
CTA,V,60,0.43333333333333335,0.07433991666666667,16.645985,1.7813786744751017
GCT,G,256,0.3203125,0.0621761171875,17.99114765625,1.7774384334430002
CGG,S,189,0.3386243386243386,0.10372069312169312,18.050756084656086,1.7767700561813284
AGC,A,105,0.38095238095238093,0.08708937142857143,17.173001904761904,1.7765482263284063
AGG,I,295,0.31186440677966104,0.0603229627118644,18.2461993220339,1.7746205755858087
GTA,W,37,0.4864864864864865,0.15412797297297295,14.650918918918917,1.7696365101371607
GTC,M,37,0.4864864864864865,0.11978551351351352,15.882702702702701,1.7696365101371607
CTC,A,89,0.39325842696629215,0.08256173033707866,16.5955404494382,1.7695880726017896
ACA,L,109,0.3761467889908257,0.06703528440366972,17.875504587155962,1.7680705963072394
ATG,A,83,0.39759036144578314,0.105769,16.485030120481927,1.7616500525521608
TGA,Y,83,0.39759036144578314,0.11577501204819277,16.666614457831326,1.7616500525521608
TGG,G,394,0.29441624365482233,0.05736445177664974,18.481337817258883,1.7602810881434776
TCC,W,43,0.46511627906976744,0.10892218604651162,16.169711627906977,1.7600882018224469
CTT,D,188,0.3351063829787234,0.0670424840425532,17.956849468085107,1.7565428827061569
GCA,V,295,0.30847457627118646,0.07631279661016949,17.95011661016949,1.7553312215033543
AGT,E,90,0.3888888888888889,0.10440485555555556,16.833113333333333,1.7542231414232194
GGT,A,458,0.28602620087336245,0.06176316593886463,18.54024890829694,1.753068946545702
CGA,F,138,0.35507246376811596,0.11114871014492753,17.265239130434782,1.7520958168362601
CCA,T,107,0.37383177570093457,0.10119689719626168,17.324928037383177,1.750329430700643
AGA,P,114,0.3684210526315789,0.07934251754385965,17.49115789473684,1.7481328893969867
TAG,L,128,0.359375,0.0809376796875,17.257221875,1.746495082817476
GAA,I,354,0.2966101694915254,0.05766492655367232,18.49171525423729,1.7417298528105047
CTA,W,14,0.6428571428571429,0.20101521428571428,12.945142857142857,1.740889414994278
GCG,P,65,0.4153846153846154,0.10127233846153846,16.609463076923078,1.7403181236109768
CAG,G,194,0.32989690721649484,0.06205172164948453,18.119077835051545,1.7395462461241227
TTA,T,91,0.38461538461538464,0.10812054945054944,16.088323076923075,1.7391494527111695
GGA,H,59,0.423728813559322,0.12056738983050848,16.469427118644067,1.7348917636534322
GGT,V,602,0.2707641196013289,0.06032106312292359,18.578426245847176,1.733409473532444
CGG,F,140,0.35,0.06634939285714285,18.675294285714287,1.7320659616323588
CAT,I,50,0.44,0.10906776000000001,15.56145,1.7300032783987034
CCA,P,72,0.4027777777777778,0.08862555555555557,16.008754166666666,1.7281017193514352
CCT,W,155,0.3419354838709677,0.08302929032258065,16.82744064516129,1.7267249573175836
AAG,T,258,0.31007751937984496,0.07517562403100775,18.100072868217055,1.7230474609921045
AGG,W,152,0.34210526315789475,0.09279440789473684,17.74111644736842,1.7209392888974122
TGT,L,152,0.34210526315789475,0.06298828289473683,18.14765789473684,1.7209392888974122
GTC,D,89,0.38202247191011235,0.08266577528089888,17.417008988764046,1.7190284133845957
CAC,D,113,0.36283185840707965,0.10537225663716814,17.050438938053098,1.718443684815702
GGC,E,113,0.36283185840707965,0.09057845132743363,17.393677876106196,1.718443684815702
TGG,D,228,0.3157894736842105,0.06777543421052631,18.18242543859649,1.7159122116487073
CGC,Q,96,0.375,0.09846963541666666,17.937595833333333,1.7155166169387686
ATA,E,73,0.3972602739726027,0.08593642465753425,17.599352054794522,1.7098340781222046
ATG,G,73,0.3972602739726027,0.09801160273972603,17.20697123287671,1.7098340781222046
TCC,E,100,0.37,0.10238061,16.990284,1.707594591231266
ATA,P,54,0.42592592592592593,0.09647233333333334,16.737533333333335,1.7068270974138304
ATG,Y,39,0.46153846153846156,0.16183941025641024,14.956892307692309,1.702559748052586
ATG,C,17,0.5882352941176471,0.1459535882352941,14.040141176470588,1.700218681115391
GAC,G,147,0.3401360544217687,0.07997845578231293,17.37782721088435,1.6997320659061614
GCT,D,129,0.3488372093023256,0.0750017984496124,17.345474418604653,1.6979771338798544
ACG,V,140,0.34285714285714286,0.06536040714285714,17.944932857142856,1.6967176767010863
CCG,G,275,0.3018181818181818,0.10666916727272727,18.46487781818182,1.6963391703800852
ATT,H,25,0.52,0.1567212,13.89354,1.6942101997711707
GCC,E,119,0.35294117647058826,0.11880224369747898,16.709145378151263,1.689702968040722
CTA,F,58,0.41379310344827586,0.11345879310344828,15.933939655172413,1.6872568733402977
GTC,N,81,0.38271604938271603,0.11032243209876542,16.89970987654321,1.6865221810517512
GTG,T,368,0.28532608695652173,0.06950120380434784,18.23281711956522,1.6865044772398243
CCG,V,318,0.29245283018867924,0.054710440251572325,18.344061635220125,1.6860464545880205
GTG,A,381,0.28346456692913385,0.061302650918635175,18.377117322834646,1.6853160780302103
CAT,H,28,0.5,0.1724714642857143,14.947032142857143,1.683647914993237
TTA,C,28,0.5,0.17405189285714287,15.03315357142857,1.683647914993237
ATC,Y,55,0.41818181818181815,0.12226594545454546,15.866334545454546,1.6833288888528806
GGC,M,55,0.41818181818181815,0.13094376363636365,16.678523636363636,1.6833288888528806
TGT,V,116,0.35344827586206895,0.07836097413793104,17.058546551724138,1.6831821666095517
ACG,N,102,0.3627450980392157,0.1107170294117647,16.58909117647059,1.681225221220554
AGA,A,153,0.3333333333333333,0.053811477124183,18.25684640522876,1.678984200804543
AAC,C,31,0.4838709677419355,0.12310948387096773,14.970232258064517,1.6769689852256742
TAG,T,75,0.38666666666666666,0.08482352,16.81370666666667,1.6745502249107147
CCG,L,427,0.27634660421545665,0.05501946370023419,18.4592981264637,1.6744181196221357
TGG,L,506,0.26877470355731226,0.04369430830039526,18.882047826086954,1.6740661985936778
CAA,L,46,0.43478260869565216,0.09074028260869564,16.122671739130432,1.673977218134808
CTC,M,34,0.47058823529411764,0.11694655882352942,15.439055882352942,1.6731049701126652
CCG,F,165,0.32727272727272727,0.096766,17.471738181818182,1.6730141852803233
AGA,E,150,0.3333333333333333,0.08068751333333334,17.423606666666668,1.6724266122716414
ATG,Q,43,0.4418604651162791,0.17434320930232558,14.903541860465117,1.6720837917313247
AGC,H,37,0.4594594594594595,0.09425289189189189,15.601481081081083,1.6713233706850963
CAT,Y,40,0.45,0.1235455,16.138489999999997,1.6711074300169386
GAC,V,139,0.3381294964028777,0.06170489208633094,18.192335251798564,1.6709150637599806
AAC,N,62,0.4032258064516129,0.15359175806451614,15.764862903225808,1.6706188412869083
ACG,C,72,0.3888888888888889,0.07582345833333333,16.667079166666667,1.668512004891041
CTG,A,103,0.3592233009708738,0.08013095145631069,17.829587378640777,1.6683734297886483
CGT,I,96,0.3645833333333333,0.06297715625,17.873304166666667,1.6678633775793583
CTT,C,15,0.6,0.12043580000000001,14.353053333333332,1.6635532333438687
CGC,L,151,0.33112582781456956,0.0640263178807947,18.264768874172187,1.6635365963067141
TAG,G,93,0.3655913978494624,0.12613144086021505,16.639790322580644,1.6609894902922595
ATT,E,111,0.35135135135135137,0.10870390990990991,16.631665765765767,1.6578509547793574
GGC,V,133,0.3383458646616541,0.06411138345864661,18.337094736842104,1.657163842088654
CAG,A,167,0.32335329341317365,0.06372962874251498,17.789197005988026,1.6568506280705149
GTG,D,234,0.3034188034188034,0.07601602991452991,17.98316794871795,1.6565409038642531
AAT,P,66,0.3939393939393939,0.09976769696969696,16.38097878787879,1.6563940621843198
CTC,G,66,0.3939393939393939,0.10529336363636363,16.904799999999998,1.6563940621843198
CGC,N,97,0.36082474226804123,0.1037469175257732,16.94998144329897,1.6543697087986602
TGG,A,284,0.29225352112676056,0.05549586267605634,18.698642253521125,1.6519598660644297
AAA,M,50,0.42,0.056565019999999994,17.036886,1.6513667657442168
ACG,Q,101,0.3564356435643564,0.08914054455445544,17.480730693069304,1.648505161170631
ACT,Y,87,0.367816091954023,0.10840997701149425,16.276710344827585,1.6468365294632485
GTG,G,436,0.2706422018348624,0.06182012844036697,19.209877064220183,1.6454865069295403
TGG,M,138,0.3333333333333333,0.06734990579710146,18.228485507246376,1.644824644376897
GCC,H,44,0.4318181818181818,0.07600652272727272,17.389975,1.6437860751280926
GTA,M,44,0.4318181818181818,0.08485979545454546,16.948188636363636,1.6437860751280926
ATA,H,29,0.4827586206896552,0.09874648275862069,16.473910344827587,1.641957356664489
GCT,M,41,0.43902439024390244,0.0785760243902439,16.757180487804877,1.6409281251000154
CGT,Y,77,0.37662337662337664,0.060211259740259745,17.84355064935065,1.6408383892727034
TCT,Q,38,0.4473684210526316,0.1935195789473684,14.863057894736842,1.6389617890579997
CTA,E,57,0.40350877192982454,0.07322221052631579,16.29431052631579,1.6384243726766252
TCT,N,35,0.45714285714285713,0.16191374285714286,15.763585714285714,1.6381800861513645
TGT,P,67,0.3880597014925373,0.08766692537313432,17.499726865671644,1.6374209005161013
GAT,W,18,0.5555555555555556,0.19055616666666667,13.423,1.6357994328702448
AAC,E,74,0.3783783783783784,0.11332908108108108,16.71328918918919,1.633644151067793
ATC,N,54,0.4074074074074074,0.17607575925925925,15.461864814814815,1.6326172236132288
ACG,D,88,0.36363636363636365,0.09674372727272727,16.27866477272727,1.6322314071753234
CGC,D,99,0.35353535353535354,0.07943204040404041,17.428334343434344,1.62809046979377
AGC,D,71,0.38028169014084506,0.09918314084507042,16.98875352112676,1.626337819907514
AAT,L,85,0.36470588235294116,0.07608304705882353,17.32803294117647,1.6245266609865732
TCT,S,58,0.39655172413793105,0.08502015517241379,17.4425,1.6169545036177855
CTG,V,130,0.33076923076923076,0.06446085384615384,18.204406153846154,1.6125652684434577
CAT,M,24,0.5,0.16076133333333334,14.5771375,1.6094379124341003
TGT,I,79,0.3670886075949367,0.09867351898734178,17.065544303797466,1.6085920557663616
AAA,L,158,0.31645569620253167,0.052559487341772154,18.223267088607592,1.6040836082975418
TCC,Y,90,0.35555555555555557,0.09008241111111111,17.6939,1.6038611578726578
CAG,T,178,0.3089887640449438,0.06729923595505619,18.183907303370788,1.6028439287710197
CAA,D,30,0.4666666666666667,0.1241209,16.20084,1.6025273620930682
TAG,V,116,0.33620689655172414,0.06885991379310345,17.60864051724138,1.6010757194578664
TAG,D,49,0.40816326530612246,0.10666734693877551,16.933557142857143,1.596744083848223
TCG,Q,249,0.2891566265060241,0.05822971485943775,18.69124859437751,1.5965670123939024
TTC,Y,132,0.32575757575757575,0.057999272727272726,18.349439393939395,1.5930682766176925
GTA,A,73,0.3698630136986301,0.09521365753424657,17.433794520547945,1.5919144865275696
TCG,E,250,0.288,0.055005024,18.0972968,1.5913304464699536
GGA,C,46,0.41304347826086957,0.10425521739130436,16.617865217391305,1.5902783572280677
TCA,D,46,0.41304347826086957,0.09790536956521739,16.28421304347826,1.5902783572280677
GGC,T,106,0.33962264150943394,0.05761071698113207,17.933535849056604,1.5869984720814019
CGC,E,110,0.33636363636363636,0.07963376363636364,18.068499090909093,1.584114704077785
CTG,M,43,0.4186046511627907,0.09021297674418605,16.987534883720933,1.5840793816402023
TCT,D,43,0.4186046511627907,0.07976441860465117,16.796693023255813,1.5840793816402023
AGG,D,193,0.3005181347150259,0.05763552849740933,18.846047668393783,1.5830869079050418
AGG,Q,256,0.28515625,0.116280796875,17.16251171875,1.5823537273334025
GAG,D,118,0.3305084745762712,0.07969024576271187,18.13792372881356,1.5795408155199124
ATG,M,19,0.5263157894736842,0.11659357894736842,15.164247368421053,1.5767011966073636
GTG,V,520,0.2519230769230769,0.057023923076923076,19.458487884615383,1.575967798980175
ATA,D,60,0.38333333333333336,0.12714888333333332,17.29075,1.575834981266436
AAG,I,267,0.2808988764044944,0.05470038576779026,18.605371910112357,1.5705019608176565
CTA,Y,34,0.4411764705882353,0.12930811764705882,15.480817647058824,1.5685359094806235
TGT,D,71,0.36619718309859156,0.08182325352112677,17.359353521126764,1.5661030858368654
AAT,T,64,0.375,0.055884359375,17.1250765625,1.565395226210864
TAA,G,64,0.375,0.080399609375,17.0381328125,1.565395226210864
TAC,H,64,0.375,0.10585303125,18.12748125,1.565395226210864
AAG,D,147,0.3129251700680272,0.09090673469387754,18.60438299319728,1.5637535006336687
TGT,C,28,0.4642857142857143,0.07132578571428572,17.088271428571428,1.5633873496365773
CGA,P,222,0.2882882882882883,0.06339072072072072,19.306606756756757,1.5588242944749893
AAT,V,68,0.36764705882352944,0.09266030882352941,17.281747058823527,1.5566568031607573
AGC,G,113,0.3274336283185841,0.0890441592920354,17.706764601769912,1.550790642394658
CAT,D,51,0.39215686274509803,0.1027799019607843,16.19863725490196,1.5495073406201676
TCT,I,51,0.39215686274509803,0.09672698039215685,16.597574509803923,1.5495073406201676
CGT,T,83,0.3493975903614458,0.05616877108433735,17.75136265060241,1.5481167128488686
GGC,S,125,0.32,0.076411936,18.3105848,1.547610210224473
CTA,I,87,0.3448275862068966,0.07747867816091954,17.475505747126437,1.5439092463717956
ATA,T,76,0.35526315789473684,0.06845124999999999,17.835107894736844,1.5431940314480193
CCG,D,166,0.30120481927710846,0.056804596385542167,18.99204036144578,1.5415644013303482
AGG,Y,187,0.29411764705882354,0.061603641711229944,18.9341192513369,1.540129989067632
AGT,P,95,0.3368421052631579,0.0677986,18.389195789473685,1.5374646539681132
TCT,A,62,0.3709677419354839,0.08747093548387097,17.07357419354839,1.5369693339839556
TGA,C,62,0.3709677419354839,0.10072685483870968,17.10886129032258,1.5369693339839556
AGT,W,45,0.4,0.12840353333333332,16.097115555555554,1.5314565585956381
AAC,M,32,0.4375,0.04780796875,16.89296875,1.5297220581415851
CGA,C,32,0.4375,0.09368503125,15.998149999999999,1.5297220581415851
TCG,S,135,0.3111111111111111,0.07250531851851852,17.868182222222224,1.5283815200067719
CAG,H,77,0.35064935064935066,0.0819757922077922,16.787135064935065,1.5276771210469997
AAG,H,52,0.38461538461538464,0.14457776923076923,15.312288461538461,1.527035351366201
CAA,F,29,0.4482758620689655,0.1186978275862069,14.92326551724138,1.5246746883313111
GCC,I,160,0.3,0.08673959375,17.567769375,1.524421309495339
CAT,L,81,0.345679012345679,0.06840022222222222,18.151546913580248,1.523310357079001
TCT,L,70,0.35714285714285715,0.08196021428571429,16.99015142857143,1.5223856703718983
GGC,G,104,0.3269230769230769,0.07353674038461538,18.31804423076923,1.521487037551498
CAG,P,144,0.3055555555555556,0.05235249305555555,18.54416736111111,1.5206686435173977
AGT,H,23,0.4782608695652174,0.15274978260869565,15.335773913043479,1.5199387884272784
CGA,M,85,0.3411764705882353,0.07725861176470589,17.901529411764706,1.5197184893100202
CGC,I,112,0.32142857142857145,0.07203535714285714,17.974819642857145,1.5195175131575382
AAC,L,136,0.3088235294117647,0.04819677205882353,18.55901029411765,1.5194058741528034
CGG,E,247,0.27530364372469635,0.045968165991902836,19.2326979757085,1.5178670232357037
TAG,S,74,0.35135135135135137,0.08464627027027026,17.72872972972973,1.5169552831343793
TAA,D,56,0.375,0.10713848214285715,16.813801785714286,1.5161442254379565
TCC,I,145,0.30344827586206896,0.05812574482758621,18.329004137931033,1.5122668369321848
GAA,L,410,0.25121951219512195,0.0385440243902439,19.356056341463415,1.5119880514466149
AGA,C,82,0.34146341463414637,0.05906369512195122,18.74691707317073,1.508872402662253
CTC,P,53,0.37735849056603776,0.07612098113207547,16.8076,1.5052769987035
GTA,V,90,0.3333333333333333,0.08008917777777778,17.78519111111111,1.5036198355056165
CTG,I,106,0.32075471698113206,0.06357064150943396,18.268280188679245,1.4988318902991018
GTC,G,114,0.3157894736842105,0.0768739649122807,18.82432894736842,1.4983996194831315
GAG,M,57,0.3684210526315789,0.08614991228070175,17.240038596491228,1.495952688096049
GGC,I,152,0.29605263157894735,0.06494330263157895,18.733040789473684,1.4892743846227603
TGG,W,119,0.31092436974789917,0.09021794117647058,18.238502521008403,1.488547852797779
CGG,C,30,0.43333333333333335,0.10371136666666667,16.433003333333332,1.4880611219435633
CGT,V,107,0.3177570093457944,0.07330005607476635,17.778131775700935,1.4877800160955463
GGC,H,40,0.4,0.072841975,18.011385,1.4854288266817233
GGC,F,80,0.3375,0.054833125,18.030705,1.4831265897019483
CTC,E,65,0.35384615384615387,0.09095689230769231,18.040387692307693,1.4824932164093505
AGC,M,27,0.4444444444444444,0.1099094074074074,16.547737037037038,1.4809797823000905
CGG,N,179,0.2849162011173184,0.06722648044692738,17.814129608938547,1.4795575385217916
TGT,F,69,0.34782608695652173,0.08784781159420291,18.393553623188403,1.4777374754954293
GCC,A,141,0.2978723404255319,0.0727319219858156,18.19340709219858,1.4762038043918648
CAA,A,51,0.37254901960784315,0.07220737254901961,17.554801960784314,1.4720319735891594
ATA,C,21,0.47619047619047616,0.13582852380952382,14.659633333333334,1.4719249777896741
TAA,P,62,0.3548387096774194,0.08418067741935484,17.087279032258063,1.4701445803324793
CTG,L,113,0.30973451327433627,0.06276948672566372,18.33060442477876,1.4669641211841358
ACG,E,109,0.3119266055045872,0.0631223119266055,18.049742201834864,1.4662048847425888
GTC,T,101,0.31683168316831684,0.07066231683168317,17.773233663366337,1.465337921040561
TAA,N,55,0.36363636363636365,0.10191783636363637,17.224452727272727,1.4637642511764182
CGA,I,330,0.2515151515151515,0.05710117272727273,18.61293818181818,1.4593206822918068
GAG,S,201,0.2736318407960199,0.06465258208955224,18.769658706467663,1.4525110614779415
CGC,V,127,0.2992125984251969,0.07309239370078739,18.388027559055118,1.4517885829050823
GAG,H,52,0.36538461538461536,0.07563,17.74226923076923,1.4506835837978906
CGT,G,67,0.34328358208955223,0.09051531343283582,17.675180597014926,1.4484877196873203
TGT,M,45,0.37777777777777777,0.07633426666666666,17.922731111111112,1.4463756386736581
CTA,D,38,0.39473684210526316,0.11253863157894738,15.642113157894737,1.4461427550511763
TCG,V,189,0.2751322751322751,0.04941058201058201,18.649271957671957,1.4436256706473294
GGC,D,91,0.31868131868131866,0.11084767032967033,17.841,1.4410095465321118
TCA,T,60,0.35,0.1348231,16.09038333333333,1.4388058524606588
GAA,N,190,0.2736842105263158,0.06408453157894738,18.291178947368422,1.4374643066232882
GCG,H,25,0.44,0.07902552,16.535244,1.4335624767294521
GGC,C,35,0.4,0.07806034285714285,17.59214,1.433407575382444
CAT,F,42,0.38095238095238093,0.0810069761904762,16.859235714285713,1.4328381393118332
TGT,H,42,0.38095238095238093,0.15032695238095237,17.07925714285714,1.4328381393118332
AGC,C,46,0.3695652173913043,0.06593015217391304,18.021934782608696,1.4228806354145866
AAT,H,13,0.5384615384615384,0.11638746153846154,15.894007692307694,1.4210308697928313
TTC,F,61,0.3442622950819672,0.07335093442622952,18.481475409836065,1.4208167555073266
TGT,W,32,0.40625,0.104530375,17.25639375,1.4204561968457576
GAC,E,101,0.3069306930693069,0.06736280198019802,18.054331683168318,1.4195461110080434
ACT,P,65,0.3384615384615385,0.07368984615384615,17.30047846153846,1.418036989608944
CGA,D,131,0.2900763358778626,0.06995513740458015,18.686794656488548,1.4163852905212373
GTT,C,110,0.3,0.0605936,18.062995454545455,1.4128590603937001
TTC,I,222,0.26126126126126126,0.03877531531531531,19.31569954954955,1.412684516867959
GTA,G,102,0.30392156862745096,0.06409859803921569,18.815090196078433,1.4085941042658696
ACG,L,168,0.27380952380952384,0.057078916666666674,18.648851785714285,1.4046151243241751
ACG,M,36,0.3888888888888889,0.063079,16.859569444444443,1.4042458549171983
TTC,T,219,0.2602739726027397,0.08525031506849315,18.646752511415524,1.4038208682286968
CGG,Q,197,0.2639593908629442,0.05679769035532995,18.811047208121828,1.39588774414272
TGT,G,138,0.2826086956521739,0.08393689130434782,18.189039130434782,1.3945252419717171
CGG,T,269,0.24907063197026022,0.07088542379182157,18.8619063197026,1.3944024953639076
AGC,W,33,0.3939393939393939,0.07883463636363636,18.106251515151516,1.389172327879094
GAT,C,23,0.43478260869565216,0.10269739130434782,16.64206956521739,1.3817625349338893
ACT,G,92,0.30434782608695654,0.08572859782608697,17.706925000000002,1.3794868022640345
AGG,M,88,0.3068181818181818,0.03802493181818182,18.36966590909091,1.3771952498041793
TCG,F,88,0.3068181818181818,0.07686817045454546,19.06156931818182,1.3771952498041793
AAG,C,56,0.3392857142857143,0.08336889285714286,17.292830357142858,1.3717495373010082
CGG,H,41,0.36585365853658536,0.1100409512195122,17.477960975609758,1.3674401042500128
GGT,W,281,0.24199288256227758,0.05873498932384342,19.87034199288256,1.3653013552448106
CTC,V,81,0.30864197530864196,0.05735785185185185,18.702412345679015,1.360098533106251
ACT,W,27,0.4074074074074074,0.07751125925925927,17.430522222222223,1.3575648004417495
CGT,W,27,0.4074074074074074,0.17847866666666667,14.471951851851852,1.3575648004417495
CTA,M,27,0.4074074074074074,0.1431434074074074,16.439637037037038,1.3575648004417495
GTC,E,73,0.3150684931506849,0.05880335616438356,18.45498630136986,1.3560753033383002
CTG,D,65,0.3230769230769231,0.09045615384615384,18.70976,1.3535807628085375
TCA,E,82,0.3048780487804878,0.0955735487804878,18.10413292682927,1.3472075023770116
CCA,A,126,0.2777777777777778,0.06422257142857142,18.33966666666667,1.3456075240162755
TAA,Y,42,0.35714285714285715,0.08627128571428572,17.16542142857143,1.3432857556048436
AGG,H,70,0.3142857142857143,0.08258204285714286,17.269345714285713,1.3396993899272704
CGG,Y,132,0.2727272727272727,0.06486056818181818,19.074711363636364,1.3337315804241145
CAA,E,35,0.37142857142857144,0.06962265714285715,17.974065714285715,1.3310213199979837
CAA,S,35,0.37142857142857144,0.0736466857142857,16.60068,1.3310213199979837
AGG,A,224,0.24553571428571427,0.04268991071428572,18.713422767857143,1.3298460808984067
GCA,D,147,0.2653061224489796,0.07490380272108843,18.665454421768708,1.325791011406806
CAA,P,28,0.39285714285714285,0.10460567857142856,16.077989285714285,1.3228662189232576
TAG,Q,43,0.3488372093023256,0.08064732558139535,17.465711627906977,1.3200661513668352
CAT,E,51,0.3333333333333333,0.08835537254901961,18.375382352941177,1.3170812395271425
CTG,T,89,0.29213483146067415,0.09840021348314607,18.32877191011236,1.3145511396470437
CAT,W,18,0.4444444444444444,0.059813888888888896,17.46728333333333,1.3086395462961955
TCC,C,18,0.4444444444444444,0.07447972222222222,16.278827777777778,1.3086395462961955
TTG,C,94,0.2872340425531915,0.042548117021276595,18.471742553191486,1.3080284688639852
TCG,D,126,0.2698412698412698,0.057801031746031746,19.15619603174603,1.3071615947586674
CGG,L,345,0.22318840579710145,0.05489614782608696,20.01391536231884,1.304857349795492
ATG,D,36,0.3611111111111111,0.1272345,16.466013888888888,1.3039425795659698
TCT,G,56,0.32142857142857145,0.083047125,17.39247142857143,1.299552193232534
TAG,E,86,0.29069767441860467,0.08010912790697675,17.87728023255814,1.2982291042600536
TTC,C,15,0.4666666666666667,0.1049866,14.972973333333334,1.2938747370452313
TCA,W,29,0.3793103448275862,0.08534962068965517,16.77975172413793,1.2901093516649556
CAA,M,12,0.5,0.08322625,15.374891666666665,1.2824746787307684
CAA,G,33,0.36363636363636365,0.08120245454545455,16.996054545454545,1.2823129180422406
TAC,C,49,0.32653061224489793,0.08260936734693877,17.363373469387756,1.2773952670785782
TGT,E,97,0.27835051546391754,0.10413953608247423,18.605174226804124,1.2762280610732522
TCA,P,45,0.3333333333333333,0.06427397777777778,17.42529111111111,1.2762137988296982
GTG,W,186,0.24193548387096775,0.038219037634408606,19.48453494623656,1.2655907944003033
CTA,A,58,0.3103448275862069,0.06618432758620689,18.01388620689655,1.2654426550052233
TCG,N,117,0.26495726495726496,0.057816418803418805,18.693717094017096,1.2640275500720992
TCT,H,19,0.42105263157894735,0.11410157894736843,14.92208947368421,1.2613609572858908
TTA,M,19,0.42105263157894735,0.069655,15.621873684210527,1.2613609572858908
GTA,F,67,0.29850746268656714,0.08306910447761194,18.113838805970147,1.2595545388585392
AAG,A,229,0.2314410480349345,0.0424062096069869,19.239474672489084,1.2585947745542767
TCG,T,245,0.22857142857142856,0.07678798775510204,18.797413469387752,1.258361493927397
CTG,G,118,0.2627118644067797,0.05539319491525424,18.923312711864405,1.2555324431055714
AAG,F,148,0.25,0.06910223648648649,18.819947297297297,1.2509865764863648
GTG,L,565,0.19646017699115045,0.04468428672566371,20.106257522123894,1.2452813144788555
TCA,G,77,0.2857142857142857,0.06733755844155845,18.947154545454545,1.2447739504827404
CAG,W,73,0.2876712328767123,0.051710068493150685,17.743146575342468,1.2381557117436652
GTC,Y,87,0.27586206896551724,0.08172247126436781,18.989345977011496,1.2351273970974364
ATA,W,27,0.37037037037037035,0.08977544444444445,16.825196296296298,1.2341498185834088
CTG,W,35,0.34285714285714286,0.10499668571428572,18.17153714285714,1.2286350646135233
GAT,H,35,0.34285714285714286,0.08589728571428572,17.381134285714285,1.2286350646135233
ATG,S,56,0.30357142857142855,0.09544739285714286,18.408673214285717,1.2273548491640598
GTC,P,79,0.27848101265822783,0.05152608860759493,19.25977594936709,1.2203112147193087
AAT,A,61,0.29508196721311475,0.06612170491803279,17.962037704918032,1.2178429332919942
GTC,I,103,0.2621359223300971,0.05351363106796117,18.826970873786408,1.2174616920079326
GCG,A,138,0.2463768115942029,0.046035702898550725,19.004497826086958,1.2157399545394458
AGT,C,66,0.2878787878787879,0.07989883333333334,19.012874242424243,1.2104418146731568
GCG,L,119,0.25210084033613445,0.03793391596638655,19.47278487394958,1.2069306914576585
AAG,Y,166,0.23493975903614459,0.04582386144578313,19.24323614457831,1.2024202330376714
AAG,Q,238,0.2184873949579832,0.07146140336134453,18.96388613445378,1.1965382550438595
CTG,Y,86,0.26744186046511625,0.10047762790697674,17.914667441860466,1.194370775919249
TCT,T,45,0.3111111111111111,0.09812648888888889,17.07012222222222,1.1911328789077185
TCT,M,17,0.4117647058823529,0.13850052941176472,15.321135294117646,1.1901530767807735
GAA,P,275,0.2109090909090909,0.06619615272727274,19.52756509090909,1.1853936371330716
ATG,H,25,0.36,0.0905884,17.667116,1.1729147536877336
TCT,Y,25,0.36,0.10856864,16.715744,1.1729147536877336
CGT,C,29,0.3448275862068966,0.04933531034482759,18.710855172413794,1.1728266833317778
AAT,S,46,0.30434782608695654,0.07442732608695653,18.155597826086957,1.1717840526943657
CTA,P,46,0.30434782608695654,0.08977215217391304,17.844865217391305,1.1717840526943657
CAC,C,60,0.2833333333333333,0.07961290000000001,17.833728333333333,1.1647475948491048
CAT,V,60,0.2833333333333333,0.0587451,18.845899999999997,1.1647475948491048
GCG,T,99,0.25252525252525254,0.035995959595959595,19.43051616161616,1.162921764138407
GTC,S,125,0.24,0.072753464,18.6991696,1.1607076576683546
CTG,H,30,0.3333333333333333,0.07465046666666666,18.234563333333334,1.1446624014950486
AAT,Y,22,0.36363636363636365,0.09647472727272728,17.129768181818182,1.1401797148833273
TTC,D,83,0.25301204819277107,0.056245807228915666,18.83727951807229,1.121050033442284
TGA,W,31,0.3225806451612903,0.09558909677419355,17.681454838709676,1.1179793234837827
AGG,F,202,0.2079207920792079,0.045713034653465344,20.161889603960397,1.1047259956423516
CGC,H,36,0.3055555555555556,0.08353575,17.452977777777775,1.103336028863513
CCT,H,50,0.28,0.04862237999999999,19.085356,1.1009111771628113
TAA,A,75,0.25333333333333335,0.047649293333333335,18.667348,1.0971191128725373
CAA,V,32,0.3125,0.07872228125,18.057928125,1.0926586129582752
GCA,W,135,0.2222222222222222,0.03260552592592593,19.022197037037035,1.0917010857191227
CGT,A,86,0.2441860465116279,0.045844,18.291703488372093,1.090512447578445
CTA,G,51,0.27450980392156865,0.07121160784313725,18.34036274509804,1.0846551384341174
CGT,E,92,0.2391304347826087,0.0505595,19.167747826086956,1.08388248749317
ATG,F,28,0.32142857142857145,0.08421571428571428,18.898017857142857,1.0823450882099381
GGC,A,99,0.23232323232323232,0.048214262626262626,18.95073434343434,1.0698880230073344
CTA,T,33,0.30303030303030304,0.06644351515151514,17.914284848484847,1.0685940983685338
TCG,I,261,0.19157088122605365,0.032439957854406135,20.677341762452105,1.0667326635557657
ATG,W,16,0.375,0.09947112500000001,17.695525,1.0624550040210812
CGG,P,164,0.2073170731707317,0.0653909756097561,19.792481097560977,1.0585496714184128
ATA,Q,43,0.27906976744186046,0.08750323255813953,17.78710930232558,1.0560529210934682
AAG,W,159,0.20754716981132076,0.03899974213836478,20.26923081761006,1.0533379616523038
GTC,H,34,0.29411764705882354,0.07403944117647059,18.382723529411766,1.0456906063204159
GCG,E,102,0.22549019607843138,0.04198275490196078,20.107470588235294,1.0450859483262904
TCC,H,44,0.2727272727272727,0.05022045454545454,18.97167272727273,1.0381806790282688
ACC,C,49,0.2653061224489796,0.081086,19.28865918367347,1.037883654501345
ACA,E,65,0.24615384615384617,0.06943378461538462,18.26624307692308,1.0312996288065046
GAA,C,65,0.24615384615384617,0.08711347692307693,18.425295384615385,1.0312996288065046
TAG,C,21,0.3333333333333333,0.14997438095238097,17.347638095238093,1.030347484452772
TCT,V,50,0.26,0.0576536,19.164202,1.0222746645083247
AGG,P,290,0.1793103448275862,0.044180089655172415,19.850399655172414,1.0172855513548884
CGG,V,211,0.1895734597156398,0.0338006018957346,20.052204265402843,1.0154665923548838
CGC,W,56,0.25,0.09356580357142856,18.01410357142857,1.0107628169586376
TCG,Y,103,0.21359223300970873,0.05187133009708738,20.39568349514563,0.9920058231175747
AAG,P,218,0.1834862385321101,0.04022261926605504,20.04294862385321,0.9888205008837617
ACA,C,18,0.3333333333333333,0.06463055555555555,18.2182,0.9814796597221467
CGG,D,148,0.19594594594594594,0.04561385135135135,20.239152027027025,0.9805029923812049
CAA,C,14,0.35714285714285715,0.052167285714285715,17.703792857142854,0.9671607861079322
CTA,H,14,0.35714285714285715,0.10208521428571428,15.809235714285714,0.9671607861079322
CTC,W,10,0.4,0.09038660000000001,15.767170000000002,0.9591581091193483
GCG,D,66,0.22727272727272727,0.05756389393939394,19.788383333333336,0.9556119589524922
GCA,C,39,0.2564102564102564,0.050113,20.33199230769231,0.945866526695881
GCG,W,39,0.2564102564102564,0.04973064102564102,18.21326923076923,0.945866526695881
GGG,C,136,0.19117647058823528,0.03340898529411765,20.514858088235293,0.9405845887612592
ATC,H,15,0.3333333333333333,0.07409593333333334,19.56356,0.9241962407465937
TAT,C,15,0.3333333333333333,0.069481,16.95062,0.9241962407465937
GCG,I,88,0.20454545454545456,0.038444147727272726,19.58803977272727,0.9181301665361196
GCG,M,25,0.28,0.07919152,18.276536,0.9122670306460151
ACG,A,123,0.18699186991869918,0.04961860975609756,18.579076422764228,0.9013534634871208
AAT,M,16,0.3125,0.0394549375,19.011668750000002,0.8853791700175675
TAA,H,21,0.2857142857142857,0.07556871428571428,18.571709523809524,0.8831549866738045
TCA,H,21,0.2857142857142857,0.06779328571428571,17.818957142857144,0.8831549866738045
AAT,G,61,0.21311475409836064,0.05116331147540984,19.924716393442623,0.8795532295997736
GTG,C,93,0.1935483870967742,0.045518903225806456,19.614997849462366,0.879347377213549
TCA,C,32,0.25,0.0906200625,18.692996875,0.8741268903666201
CAA,H,12,0.3333333333333333,0.18402433333333335,16.286483333333333,0.8549831191538455
TTC,H,17,0.29411764705882354,0.08286670588235294,19.18735882352941,0.8501093405576955
CGC,A,112,0.17857142857142858,0.04029880357142857,19.933127678571427,0.8441763961986323
TAA,T,58,0.20689655172413793,0.029315844827586205,19.56739827586207,0.8436284366701489
CCT,D,136,0.16911764705882354,0.029515492647058824,20.846607352941177,0.8320555977503448
CTC,C,23,0.2608695652173913,0.044666565217391305,19.28183043478261,0.8290575209603337
GTC,W,23,0.2608695652173913,0.06867208695652174,18.69038695652174,0.8290575209603337
TTT,M,18,0.2777777777777778,0.08147933333333333,19.865666666666666,0.8178997164351224
TCG,P,178,0.15730337078651685,0.04605440449438203,21.357687640449438,0.8159932728288828
ATT,C,13,0.3076923076923077,0.04839838461538461,19.303261538461538,0.812017639881618
CGA,L,323,0.1393188854489164,0.020911244582043343,20.546036532507742,0.8053667436862377
AAT,D,37,0.21621621621621623,0.0815864054054054,17.526691891891893,0.7865051156165158
CAT,T,57,0.19298245614035087,0.03702129824561404,20.253175438596493,0.7835942651931685
CAT,A,51,0.19607843137254902,0.04558380392156863,19.315145098039217,0.7747536703100838
GCG,F,72,0.18055555555555555,0.026655972222222223,20.31143888888889,0.7746662879851262
TCG,H,38,0.21052631578947367,0.05814881578947367,20.472157894736842,0.771276136027294
CAA,W,9,0.3333333333333333,0.20207677777777777,16.33101111111111,0.7675283643313486
CGG,I,235,0.14042553191489363,0.028651263829787235,21.356377446808512,0.7672614875142347
CTG,C,20,0.25,0.05756750000000001,19.73087,0.7611306094308558
TAT,H,20,0.25,0.0409911,20.640225,0.7611306094308558
AGG,C,60,0.18333333333333332,0.04968335,19.6303,0.7536602084317737
CCT,F,131,0.15267175572519084,0.03350453435114504,21.080037404580153,0.7454659423795986
TCT,C,5,0.4,0.10808279999999999,17.376759999999997,0.716703787691222
TTC,P,177,0.13559322033898305,0.03254637288135593,21.076294915254238,0.7026147186836725
CCT,P,162,0.13580246913580246,0.030691790123456793,20.593456172839506,0.691743854430548
GCC,C,30,0.2,0.046105900000000005,19.857876666666666,0.6867974408970293
TGG,C,145,0.1310344827586207,0.021990889655172412,20.81288620689655,0.6530243159479889
GTC,C,33,0.18181818181818182,0.03360321212121212,20.68890303030303,0.6411564590211203
GGT,C,140,0.12857142857142856,0.03418008571428571,19.806456428571426,0.6362691287629073
TCG,W,135,0.1259259259259259,0.0369246962962963,21.310033333333333,0.6186306152408362
CCT,C,13,0.23076923076923078,0.03903361538461539,19.649207692307694,0.6090132299112135
TAA,M,22,0.18181818181818182,0.05774372727272727,19.08575,0.5700898574416636
CAG,C,57,0.14035087719298245,0.03625987719298246,21.182119298245613,0.5698867383223044
ATC,C,8,0.25,0.028262500000000003,19.938075,0.5493061443340549
CCA,W,32,0.15625,0.031212687500000003,20.310428125,0.5463293064791376
CTA,C,9,0.2222222222222222,0.02594188888888889,18.465922222222222,0.511685576220899
TTC,W,118,0.1016949152542373,0.02584272033898305,22.16440254237288,0.4860125586215115
TCG,C,11,0.18181818181818182,0.034067545454545455,21.19213636363636,0.4518012090523637
GCG,C,33,0.12121212121212122,0.01604630303030303,20.735200000000003,0.4274376393474135
ACG,W,35,0.11428571428571428,0.03142617142857143,19.741845714285716,0.4095450215378411
CAT,C,4,0.25,0.03379225,22.49135,0.40235947810852507
CGG,W,133,0.06766917293233082,0.011364616541353383,22.438083458646616,0.3314327684177308
CCG,C,37,0.08108108108108109,0.008513918918918919,22.218986486486486,0.2949394183561935
GTA,C,23,0.08695652173913043,0.015115,21.49141304347826,0.2763525069867779
CGC,C,60,0.06666666666666667,0.006633383333333334,21.431891666666665,0.2740582576115541
GCT,C,30,0.06666666666666667,0.0079726,22.693820000000002,0.22893248029900976
CCC,C,53,0.05660377358490566,0.005677358490566038,21.958416981132075,0.225791549805525
TAA,C,15,0.06666666666666667,0.015122733333333332,19.13744,0.18483924814931874
TGC,C,18,0.05555555555555555,0.007573388888888889,22.902966666666668,0.16357994328702444
TTT,C,12,0.0,0.0,21.417316666666665,0.0
AAT,C,5,0.0,0.0,20.8838,0.0
