aa_motif,A,C,G,T
AAA,0.32,0.26666666666666666,0.45,0.44
AAD,0.0,0.42857142857142855,0.14285714285714285,0.0
AAE,0.3333333333333333,1.0,0.42857142857142855,0.0
AAF,0.0,0.0,0.0,0.0
AAH,0.35294117647058826,0.2,0.0,0.16666666666666666
AAI,0.3076923076923077,0.07692307692307693,0.34782608695652173,0.375
AAK,0.46153846153846156,0.0,0.47058823529411764,0.5833333333333334
AAL,0.0,0.0,0.0,0.0
AAM,0.6,1.0,0.6666666666666666,0.6666666666666666
AAN,0.0,0.48,0.5106382978723404,0.796875
AAP,0.5,0.0,1.0,0.5
AAQ,0.0,0.5,0.0,0.25
AAR,0.5,0.25,0.25,0.625
AAS,0.6571428571428571,0.17142857142857143,0.24074074074074073,0.48
AAV,0.4,0.125,0.5,0.25
AAW,0.5714285714285714,0.4,0.1111111111111111,0.75
AAY,0.0,0.0,0.0,0.3333333333333333
ACD,1.0,1.0,0.0,1.0
ACE,0.0,0.0,0.0,0.0
ACF,0.3,0.0,0.5,0.5
ACG,0.625,0.625,0.6842105263157895,0.5
ACI,0.0,0.0,0.0,0.0
ACK,1.0,0.0,0.0,1.0
ACL,0.25,0.2857142857142857,0.16666666666666666,0.5
ACN,0.0,0.0,0.0,0.0
ACQ,0.0,0.0,0.0,0.0
ACR,0.0,0.0,0.0,0.0
ACV,0.0,0.5,0.3333333333333333,0.5
ACY,0.0,0.0,0.0,0.0
ADC,0.0,0.0,0.0,0.0
ADD,0.0,0.0,0.0,0.0
ADE,0.4,0.75,0.25,0.6
ADF,0.0,0.5,0.5,0.14285714285714285
ADG,0.0,0.0,0.0,0.0
ADI,0.0,0.0,0.5,0.0
ADK,0.9230769230769231,0.75,0.8,0.7777777777777778
ADL,0.0,1.0,0.0,0.0
ADM,1.0,0.4,0.2857142857142857,0.5
ADN,0.0,0.0,0.0,0.0
ADP,0.25,0.5,0.16666666666666666,0.6
ADS,0.41379310344827586,0.0,0.05263157894736842,0.0
ADT,0.5238095238095238,0.19047619047619047,0.11764705882352941,0.125
ADV,0.4,0.0,0.0,0.0
ADW,0.0,0.0,0.0,0.0
ADY,0.8333333333333334,0.75,0.2222222222222222,0.6666666666666666
AEA,0.0,0.0,0.0,0.0
AEC,0.5,0.0,0.0,0.0
AED,0.0,0.0,0.0,0.0
AEE,0.0,0.0,0.0,0.0
AEF,0.0,0.0,0.0,0.0
AEG,0.0,0.0,0.0,0.0
AEH,1.0,0.6666666666666666,0.0,0.0
AEI,0.034482758620689655,0.35294117647058826,0.3503184713375796,0.5862068965517241
AEK,0.0,0.0,0.0,0.0
AEL,0.10714285714285714,0.18518518518518517,0.06153846153846154,0.84
AEM,0.6,0.0,0.625,0.0
AEN,0.0,0.44680851063829785,0.0,0.0
AEP,0.0,1.0,0.0,0.5
AES,0.0,0.2,0.2,0.0
AET,0.23529411764705882,0.08333333333333333,0.2608695652173913,0.09375
AEW,0.6363636363636364,0.6,0.1111111111111111,0.3333333333333333
AFC,0.0,0.0,0.0,0.0
AFE,0.15384615384615385,0.25,0.25,0.3333333333333333
AFG,0.0,0.0,0.0,0.0
AFH,0.0,0.0,0.0,0.0
AFI,0.0,0.0,0.0,0.0
AFK,0.0,0.0,0.0,0.0
AFL,0.0,0.8,0.2857142857142857,0.0
AFN,0.6666666666666666,0.2857142857142857,0.42105263157894735,0.2
AFP,0.0,0.0,0.0,0.0
AFQ,0.5,1.0,0.5,1.0
AFS,0.0,0.0,0.12244897959183673,0.7
AFT,0.3125,0.5223880597014925,0.03508771929824561,0.4375
AFV,0.19230769230769232,0.5116279069767442,0.19230769230769232,0.37037037037037035
AFY,0.0,0.6666666666666666,0.0,0.0
AGA,0.0,0.0,0.0,0.0
AGC,0.0,0.0,0.0,0.0
AGD,0.0,0.0,0.0,0.0
AGE,0.8333333333333334,0.0,0.5,0.0
AGF,0.8235294117647058,0.43478260869565216,0.6785714285714286,0.9444444444444444
AGG,0.0,0.0,0.0,0.0
AGI,0.0,0.4,0.375,0.0
AGK,0.0,0.0,0.0,0.0
AGL,0.19047619047619047,0.2647058823529412,0.02631578947368421,0.08695652173913043
AGN,0.0,0.0,0.0,0.0
AGP,0.0,0.0,0.0,0.0
AGQ,1.0,0.5,0.6,1.0
AGR,0.0,0.0,0.0,0.0
AGS,0.5,0.5555555555555556,0.46153846153846156,0.5
AGT,0.0,0.0,0.0,0.0
AGV,0.6666666666666666,1.0,0.7142857142857143,1.0
AGY,0.3225806451612903,0.0,0.2631578947368421,0.21875
AHC,0.3157894736842105,0.14285714285714285,0.0,0.15
AHG,0.0,0.0,0.0,0.0
AHI,0.0,0.25,0.0,0.6666666666666666
AHK,0.0,0.0,0.0,0.9305555555555556
AHL,0.0,0.0,0.0,0.0
AHP,0.0,0.0,0.0,0.0
AHQ,0.0,0.0,0.0,0.0
AHS,0.3333333333333333,0.0,1.0,0.5
AHT,0.7058823529411765,0.7916666666666666,0.7936507936507936,0.9387755102040817
AIA,0.2,0.0,0.0,0.0
AIC,0.0,0.0,0.0,0.0
AIE,0.0,0.0,0.0,0.0
AIF,0.14814814814814814,0.5789473684210527,0.47368421052631576,0.058823529411764705
AIG,0.2857142857142857,0.0,0.0,0.0
AIH,0.6666666666666666,0.3333333333333333,0.0,0.2857142857142857
AII,0.07692307692307693,0.0,0.2727272727272727,0.2
AIK,0.6785714285714286,0.4393939393939394,0.5625,0.76
AIL,0.0,0.0,1.0,0.0
AIN,0.25,0.4,0.0,1.0
AIP,0.0,0.0,0.0,0.0
AIQ,0.0,0.0,0.0,0.0
AIS,0.0,0.0,0.0,0.0
AIT,0.25,0.5,0.1111111111111111,0.25
AIV,0.2857142857142857,0.0,0.7,0.5
AIY,0.5,0.16,0.08,0.5
AKA,0.6,0.75,0.5,0.8
AKD,0.2,0.0,0.0,0.5
AKE,0.5,0.0,0.2857142857142857,0.3333333333333333
AKF,0.4,0.0,0.0,0.5
AKG,1.0,0.8,0.5555555555555556,0.75
AKI,0.6,0.4,0.5333333333333333,0.0
AKK,0.0,0.0,0.0,0.0
AKL,0.0,0.0,0.0,1.0
AKM,1.0,0.6666666666666666,0.0,0.3333333333333333
AKN,1.0,0.0,0.3333333333333333,0.0
AKP,1.0,0.25,0.75,0.25
AKR,1.0,0.6666666666666666,0.4,0.6666666666666666
AKS,0.23076923076923078,0.17391304347826086,0.19047619047619047,0.375
AKT,0.4166666666666667,0.6470588235294118,0.38461538461538464,0.7857142857142857
AKV,0.0,0.0,0.0,0.6
AKY,0.38461538461538464,0.0,0.6428571428571429,0.75
ALA,0.3333333333333333,0.5,0.2631578947368421,0.3333333333333333
ALD,0.2727272727272727,0.3333333333333333,0.3888888888888889,0.5555555555555556
ALE,0.5882352941176471,0.47368421052631576,0.2857142857142857,0.3157894736842105
ALF,1.0,1.0,0.5,0.5
ALG,0.6857142857142857,0.7906976744186046,0.5813953488372093,0.717948717948718
ALH,0.0,1.0,0.75,1.0
ALI,0.0,0.0,0.0,0.0
ALK,0.0,0.375,0.5714285714285714,0.75
ALL,0.2564102564102564,0.0,0.15151515151515152,0.3939393939393939
ALM,0.3333333333333333,0.25,0.0,0.15789473684210525
ALN,0.5,0.3333333333333333,0.0,0.25
ALP,0.0,0.0,0.0,0.0
ALQ,0.0,0.03571428571428571,0.16666666666666666,0.16666666666666666
ALR,0.46875,0.34782608695652173,0.3103448275862069,0.5675675675675675
ALS,0.0,0.0,0.0,0.5
ALT,0.2413793103448276,0.3888888888888889,0.7111111111111111,0.7428571428571429
ALV,0.42105263157894735,0.14285714285714285,0.11764705882352941,0.84
ALY,0.0,0.0,0.0,0.0
AMA,0.5,1.0,0.3333333333333333,0.5
AMG,1.0,0.0,0.3333333333333333,0.0
AMK,1.0,0.38461538461538464,0.36363636363636365,0.6363636363636364
AMN,0.0,0.0,0.0,0.0
AMQ,0.0,0.0,0.0,0.0
AMS,1.0,1.0,1.0,0.8
AMY,0.0,0.0,0.0,0.0
ANA,0.0,0.0,0.0,0.6666666666666666
AND,0.0,0.0,0.0,0.0
ANF,0.5,0.2222222222222222,0.0,0.9230769230769231
ANG,0.7692307692307693,0.5,0.1111111111111111,0.0
ANI,0.6666666666666666,0.6666666666666666,0.4,1.0
ANK,0.17647058823529413,0.07692307692307693,0.14285714285714285,0.0
ANL,0.25,0.5625,0.42857142857142855,0.23333333333333334
ANM,0.0,0.0,0.0,0.0
ANN,0.6666666666666666,0.6666666666666666,0.8181818181818182,0.6
ANR,0.13333333333333333,0.6911764705882353,0.6,0.8450704225352113
ANS,0.0,0.42857142857142855,0.0,1.0
ANV,0.0,0.0,0.0,0.0
APA,0.2857142857142857,0.16666666666666666,0.2727272727272727,0.2727272727272727
APD,1.0,1.0,0.6,0.6666666666666666
APE,0.3333333333333333,0.08333333333333333,0.0,0.0
APG,0.29411764705882354,0.4166666666666667,0.5217391304347826,0.5384615384615384
APH,0.0,0.0,0.0,0.0
APK,0.0,0.0,0.1111111111111111,0.2
APL,0.0,0.0,0.0,0.0
APN,1.0,1.0,0.75,0.6
APP,0.6666666666666666,1.0,0.6666666666666666,0.6666666666666666
APR,0.7142857142857143,0.5,0.6875,0.8333333333333334
APS,0.7692307692307693,0.0,0.3333333333333333,0.3333333333333333
APT,0.0,1.0,0.5,0.6666666666666666
APV,0.0,0.0,0.0,0.0
APY,0.0,0.0,0.0,0.0
AQA,0.1,0.0,0.0,0.0
AQD,0.0,0.0,0.0,0.0
AQE,0.6,0.7777777777777778,0.5833333333333334,0.3333333333333333
AQF,0.0,0.0,1.0,1.0
AQI,0.0,0.0,0.0,0.0
AQK,0.5,0.4166666666666667,0.8333333333333334,1.0
AQL,0.0,0.0,0.0,0.0
AQM,0.0,0.0,0.0,0.0
AQN,0.625,0.5625,0.3125,0.3333333333333333
AQP,0.7272727272727273,0.5238095238095238,0.0,0.30303030303030304
AQS,0.0,1.0,0.0,1.0
AQT,0.0,0.0,0.0,0.0
AQY,0.0,0.0,0.0,0.0
ARA,0.0,0.0,0.5,0.7777777777777778
ARD,1.0,0.0,1.0,1.0
ARE,0.2631578947368421,0.18181818181818182,0.125,0.35714285714285715
ARG,0.5,0.0,0.75,1.0
ARH,0.7142857142857143,0.6666666666666666,0.75,0.8181818181818182
ARI,0.0,0.0,0.0,0.0
ARK,0.6666666666666666,0.0,0.5,0.5
ARL,1.0,0.5,0.5,0.8
ARM,0.935064935064935,0.7883597883597884,0.6716417910447762,0.7164179104477612
ARQ,0.7903225806451613,0.6190476190476191,0.6111111111111112,0.2
ARR,1.0,0.7619047619047619,0.8620689655172413,0.8
ARS,0.0,0.0,0.6666666666666666,1.0
ART,0.8333333333333334,0.5,0.42857142857142855,0.0
ARV,0.7692307692307693,0.5333333333333333,0.6363636363636364,0.3
ARY,0.4,1.0,0.6666666666666666,1.0
ASC,0.0,0.0,0.0,0.0
ASD,0.0,0.0,0.0,0.0
ASF,0.0,0.6666666666666666,0.0,1.0
ASG,0.45161290322580644,0.16,0.2608695652173913,0.46153846153846156
ASI,0.8363636363636363,0.358974358974359,0.07692307692307693,0.0
ASK,0.5,0.4,0.46153846153846156,0.75
ASL,0.5454545454545454,0.42857142857142855,0.14285714285714285,0.16
ASN,0.0,0.0,0.3076923076923077,0.4166666666666667
ASP,0.8571428571428571,0.5454545454545454,0.7567567567567568,0.8
ASQ,0.15217391304347827,0.6700507614213198,0.7218543046357616,0.6666666666666666
ASR,0.25,0.0,1.0,0.0
ASS,0.3333333333333333,0.5555555555555556,0.5862068965517241,0.2857142857142857
AST,1.0,0.45454545454545453,0.5714285714285714,0.6666666666666666
ASV,0.2727272727272727,0.5,0.07142857142857142,0.25
ASW,0.4,0.3333333333333333,0.5454545454545454,0.6666666666666666
ASY,0.3333333333333333,0.2,0.16666666666666666,0.3333333333333333
ATC,0.75,0.5555555555555556,0.5,0.75
ATD,0.5,0.6666666666666666,0.6,0.4
ATE,0.0,0.5,0.2727272727272727,0.0
ATF,1.0,1.0,0.0,1.0
ATG,0.75,0.6,0.5555555555555556,0.6666666666666666
ATI,0.0,0.0,0.0,0.0
ATK,0.0,0.0,0.0,0.0
ATL,0.36363636363636365,0.16666666666666666,0.2,0.18181818181818182
ATM,0.0,0.0,0.5,0.8333333333333334
ATN,0.38461538461538464,0.041666666666666664,0.05,0.0
ATQ,0.16666666666666666,0.0,0.0,1.0
ATR,0.5714285714285714,0.4444444444444444,0.4444444444444444,0.8181818181818182
ATS,0.3333333333333333,0.3333333333333333,0.6,0.7142857142857143
ATV,0.2857142857142857,0.0,0.0,0.5
ATW,0.0,0.1724137931034483,0.0,0.025
ATY,0.0,0.0,0.0,0.0
AVA,0.5714285714285714,0.5945945945945946,0.5454545454545454,0.4583333333333333
AVD,0.0,1.0,0.0,0.5
AVE,0.0,0.0,0.0,0.0
AVG,0.0,0.0,0.0,0.0
AVH,0.0,0.16666666666666666,0.5,0.6666666666666666
AVI,0.0,0.16666666666666666,0.0,0.5
AVK,0.4,0.4,0.45454545454545453,0.8
AVL,0.5714285714285714,0.75,0.4,0.5
AVP,0.0,0.0,0.0,0.0
AVQ,0.0,0.6097560975609756,0.16101694915254236,0.2653061224489796
AVR,0.0,0.0,0.0,0.0
AVS,0.0,0.0,0.0,0.0
AVT,0.3333333333333333,0.42857142857142855,0.25,0.2
AVV,0.4,0.25,0.0,0.2
AVY,0.0,0.0,0.3,0.42857142857142855
AWG,1.0,0.25,0.0,0.5
AWI,0.4,0.0,0.6666666666666666,0.7777777777777778
AWN,0.0,0.0,0.0,0.0
AWR,0.7333333333333333,0.5384615384615384,0.21428571428571427,0.6923076923076923
AWV,0.0,0.6,0.0,0.8421052631578947
AWW,0.0,0.21428571428571427,0.0,0.0
AWY,0.7058823529411765,0.0,0.0,0.0
AYA,0.0,0.0,0.0,0.0
AYD,0.0,0.0,0.0,0.0
AYF,0.6153846153846154,0.7303370786516854,0.6455696202531646,0.5714285714285714
AYH,0.0,0.0,0.0,0.0
AYI,0.25,0.0,0.0,0.0
AYK,0.9166666666666666,0.5384615384615384,0.5714285714285714,1.0
AYL,0.0,0.0,0.05555555555555555,0.16666666666666666
AYN,0.0,0.0,0.0,1.0
AYS,0.0,0.0,0.0,0.0
AYV,0.14285714285714285,0.5,0.0,0.3333333333333333
CAA,0.5625,0.0,0.06666666666666667,0.2857142857142857
CAD,0.0,0.5,0.0,1.0
CAG,0.5,0.25,0.2857142857142857,0.2608695652173913
CAK,0.3333333333333333,0.0,0.8,0.5714285714285714
CAL,0.0,0.0,0.0,0.0
CAM,0.5,0.5,0.0,0.0
CAR,0.8,0.058823529411764705,0.07692307692307693,0.0
CAV,0.0,0.0,0.0,0.0
CCH,0.0,0.0,0.0,0.0
CCT,0.3333333333333333,0.25,0.2916666666666667,0.2
CCY,0.7142857142857143,0.375,0.6666666666666666,0.6153846153846154
CDA,0.0,0.0,0.0,0.0
CDK,0.6666666666666666,0.6666666666666666,1.0,0.75
CDL,0.0,0.0,0.0,0.0
CDN,0.0,0.0,0.0,0.0
CDR,0.4,0.75,0.375,0.2
CDS,0.5,0.5,0.5714285714285714,0.7142857142857143
CEC,0.0,0.0,0.0,0.0
CED,0.0,0.0,0.0,0.0
CEE,0.6666666666666666,0.3333333333333333,0.1,0.16666666666666666
CEG,0.36363636363636365,0.25,0.1016949152542373,0.13333333333333333
CEL,0.7272727272727273,0.3333333333333333,0.4,0.8571428571428571
CEN,0.0,0.0,0.0,0.0
CEQ,0.0,0.0,0.0,0.0
CFC,0.0,0.0,0.0,0.0
CFE,0.25,0.0,0.25,0.2222222222222222
CFF,0.6,1.0,1.0,1.0
CFQ,0.0,0.5,1.0,0.2857142857142857
CFT,0.0,0.0,0.0,0.0
CFV,0.0,0.0,0.0,0.0
CGA,0.0,0.0,0.0,0.0
CGD,0.0,0.0,0.0,0.0
CGG,0.3333333333333333,0.0,0.0,0.0
CGI,0.5555555555555556,0.6,0.9,1.0
CGK,0.0,0.0,0.0,0.0
CGL,0.5,1.0,1.0,1.0
CGM,0.0,0.0,0.0,0.0
CGR,0.0,0.0,0.0,0.0
CGS,0.0,0.0,0.0,0.0
CGV,0.0,0.0,0.0,0.0
CHD,0.0,0.0,0.0,0.0
CHL,0.0,1.0,0.5,0.0
CHQ,0.5,0.25,0.4,0.0
CHY,0.8,0.0,0.6923076923076923,0.0
CIA,0.0,0.0,0.0,0.5
CIN,0.0,0.0,0.0,0.0
CIP,0.5,1.0,0.0,0.0
CIR,0.4444444444444444,0.5,0.5,0.5
CIS,1.0,0.0,0.0,0.0
CIY,1.0,1.0,0.3333333333333333,0.0
CKA,0.0,0.0,0.3333333333333333,0.0
CKD,0.7857142857142857,0.7777777777777778,0.47619047619047616,0.6666666666666666
CKG,0.0,0.0,0.0,0.0
CKK,0.75,0.5,0.0,0.6
CKL,0.4,0.0,0.0,0.5
CKN,0.5,0.5,0.6,1.0
CKR,0.8,0.8,0.375,0.42857142857142855
CKS,0.0,1.0,0.0,0.3333333333333333
CKT,0.0,0.0,0.0,0.0
CKV,0.0,0.0,0.0,0.0
CLD,1.0,0.0,0.0,0.25
CLG,0.0,0.0,0.0,0.0
CLK,0.0,0.0,0.0,0.0
CLL,0.375,0.0,0.0,0.17647058823529413
CLN,0.6666666666666666,0.0,0.0,0.0
CLP,0.36363636363636365,0.0,0.13636363636363635,0.16666666666666666
CLR,0.8571428571428571,0.7,0.4,1.0
CLV,0.0,0.0,0.0,0.3333333333333333
CLY,0.5714285714285714,0.6,0.4,0.8
CMG,0.0,0.0,0.0,0.0
CML,0.0,1.0,0.0,0.0
CMS,1.0,0.0,0.0,0.0
CND,0.5,1.0,0.0,0.0
CNG,0.5,0.8571428571428571,0.2222222222222222,0.0
CNI,0.0,1.0,1.0,0.5
CNK,0.3333333333333333,0.0,0.5,0.5
CNL,0.5,0.0,0.5,0.6666666666666666
CNQ,0.0,0.0,0.0,0.0
CNS,0.0,0.0,0.0,0.0
CNY,0.0,0.0,0.0,0.0
CPA,0.0,0.0,0.0,0.0
CPF,0.25,0.0,0.0,0.0
CPG,0.3333333333333333,0.0,0.3333333333333333,0.0
CPI,0.0,0.0,0.0,0.0
CPK,0.0,0.125,0.1,0.0
CPN,0.0,0.0,0.0,0.0
CPR,0.0,0.0,0.0,0.0
CPS,0.5,0.3333333333333333,0.0,0.0
CPW,0.0,0.0,0.0,0.0
CQD,0.4,0.0,0.0,0.0
CQG,0.4,0.2,0.5,0.0
CQI,0.0,0.0,1.0,0.0
CQQ,0.6363636363636364,0.0,0.2,0.8
CQT,0.0,0.0,0.0,0.0
CQW,0.0,0.0,0.0,0.0
CRA,0.0,0.0,0.0,0.0
CRC,0.0,0.0,0.0,0.0
CRD,0.16666666666666666,0.0,0.2727272727272727,0.29411764705882354
CRG,1.0,0.5,0.2857142857142857,0.7142857142857143
CRK,0.6,1.0,0.38461538461538464,0.0
CRL,0.7692307692307693,0.8571428571428571,0.6666666666666666,0.9230769230769231
CRN,0.0,0.0,0.0,0.0
CRS,1.0,0.0,0.8888888888888888,0.0
CSA,0.0,0.0,0.0,0.0
CSC,0.0,0.0,0.0,0.0
CSF,1.0,0.0,0.25,0.6666666666666666
CSG,0.0,0.0,0.0,0.0
CSH,0.0,0.5,0.5,0.0
CSL,0.5,0.0,0.5,0.0
CSR,0.8,0.5,0.8,0.0
CST,0.0,0.0,0.0,0.0
CSV,0.29411764705882354,0.5454545454545454,0.14285714285714285,0.0
CTE,0.125,0.0,0.0,0.0
CTI,0.2222222222222222,0.3333333333333333,0.10526315789473684,0.1111111111111111
CTK,0.0,0.0,0.0,0.0
CTL,0.6666666666666666,0.5454545454545454,0.5,0.5
CTP,0.5,0.0,0.0,0.0
CTT,0.0,0.3333333333333333,0.14285714285714285,0.6
CTV,0.0,1.0,0.16666666666666666,0.0
CTY,0.0,1.0,0.0,0.0
CVA,0.0,0.0,0.0,0.0
CVC,0.0,0.0,0.2727272727272727,0.625
CVE,0.0,0.0,0.0,0.5
CVI,0.0,0.0,0.0,0.0
CVL,0.0,0.0,0.3333333333333333,0.6666666666666666
CVN,0.0,0.0,0.0,0.0
CVS,0.0,0.0,0.0,0.0
CVT,0.0,0.0,0.0,0.0
CWT,0.0,0.0,0.0,0.0
CYD,0.9333333333333333,0.75,1.0,0.8
CYF,1.0,1.0,0.6666666666666666,0.0
CYG,0.0,0.0,0.0,0.0
CYL,0.0,0.0,0.0,0.0
CYN,0.0,0.0,0.0,0.3333333333333333
CYT,0.0,0.0,0.0,0.0
DAC,0.0,0.0,0.0,0.0
DAD,0.2857142857142857,0.3333333333333333,0.25,0.25
DAE,0.0,0.0,0.4,0.6428571428571429
DAF,0.16666666666666666,0.0,0.0,0.0
DAG,0.0,0.0,0.0,0.0
DAI,0.0,0.0,0.0,0.0
DAK,1.0,0.0,0.75,0.0
DAL,0.5625,0.3333333333333333,0.14285714285714285,0.6
DAN,0.0,0.0,0.0,0.0
DAQ,0.0,0.0,0.0,1.0
DAR,1.0,0.6666666666666666,0.0,0.6666666666666666
DAS,0.0,0.0,0.0,0.0
DAT,0.625,0.3333333333333333,0.16666666666666666,0.7272727272727273
DAV,0.0,0.0,0.0,0.0
DAY,0.5666666666666667,0.7647058823529411,0.6296296296296297,0.5
DCE,0.0,0.0,0.0,0.0
DCG,0.0,0.0,0.0,0.0
DCM,0.0,0.0,0.0,0.5
DCP,1.0,0.0,0.0,0.0
DCR,0.0,0.0,0.0,0.0
DCT,0.4,0.0,0.0,0.0
DDA,1.0,0.0,0.75,0.0
DDC,0.0,0.0,0.0,0.0
DDF,0.0,0.0,0.0,0.0
DDG,0.0,0.0,0.0,0.0
DDI,0.2222222222222222,0.25,0.2,0.42857142857142855
DDK,0.0,0.3333333333333333,0.5,1.0
DDL,0.55,0.5789473684210527,0.6384615384615384,0.5945945945945946
DDN,0.0,0.0,0.0,0.0
DDP,0.0,0.0,0.0,0.0
DDQ,0.5,0.0,0.0,0.0
DDR,0.0,0.0,0.0,0.0
DDT,0.5,0.4,1.0,0.0
DDV,0.0,0.0,0.0,0.0
DEA,0.0,0.0,0.0,0.0
DED,0.07142857142857142,0.05128205128205128,0.10526315789473684,0.0
DEE,0.0,0.0,0.0,0.0
DEG,0.5,0.0,0.0,0.0
DEH,1.0,0.0,0.0,0.0
DEI,0.0,0.0,0.0,0.0
DEL,0.5641025641025641,0.20833333333333334,0.2857142857142857,0.3125
DEM,0.0,0.0,0.0,0.0
DER,0.0,0.0,0.0,0.0
DES,0.0,0.0,0.5,0.0
DET,0.0,0.0,0.0,0.0
DEV,0.3333333333333333,0.5,0.5714285714285714,0.5
DFA,0.0,0.0,0.0,0.0
DFD,0.2222222222222222,0.8571428571428571,0.5,0.6666666666666666
DFE,0.3333333333333333,0.5,0.0,1.0
DFF,1.0,0.5,1.0,0.5
DFG,0.0,0.0,0.0,0.0
DFH,0.5,0.3333333333333333,0.5555555555555556,0.0
DFI,0.0,0.0,0.0,0.0
DFK,0.0,0.0,0.0,0.0
DFL,0.0,0.0,0.0,0.0
DFQ,0.0,0.0,1.0,0.0
DFR,0.410958904109589,0.29444444444444445,0.2849162011173184,0.42424242424242425
DFS,0.4,0.5,0.5,0.4
DFT,0.21428571428571427,0.18181818181818182,0.125,0.4
DFW,0.7241379310344828,0.7154471544715447,0.05454545454545454,0.08333333333333333
DGA,0.6666666666666666,0.5102040816326531,0.5609756097560976,0.8414634146341463
DGC,0.0,0.0,0.0,0.2857142857142857
DGD,0.0,1.0,0.3333333333333333,1.0
DGF,0.5,0.5,0.0,0.0
DGG,0.5,1.0,0.75,1.0
DGI,0.6428571428571429,0.2222222222222222,0.36363636363636365,0.7894736842105263
DGK,0.46153846153846156,0.4166666666666667,0.29411764705882354,0.5
DGL,0.75,0.0,0.14285714285714285,0.0
DGN,0.0,0.0,0.0,0.0
DGP,0.21052631578947367,0.03508771929824561,0.0,0.07692307692307693
DGQ,0.0,0.0,0.0,0.0
DGR,0.6666666666666666,0.0,1.0,0.5
DGS,0.8181818181818182,0.4,0.5666666666666667,0.5384615384615384
DGV,0.0,0.0,0.0,0.0
DGW,0.0,0.0,0.0,0.0
DHF,0.0,1.0,0.0,0.0
DHG,0.6,0.6666666666666666,0.3333333333333333,0.0
DHI,0.3333333333333333,0.2857142857142857,0.3333333333333333,0.0
DHL,0.5,0.125,0.14285714285714285,0.1111111111111111
DHY,0.0,0.0,0.0,0.0
DIA,0.5,0.4166666666666667,0.40540540540540543,0.3409090909090909
DIC,0.0,0.0,0.0,0.0
DID,0.75,0.6363636363636364,0.3684210526315789,0.25
DIE,0.8571428571428571,0.3333333333333333,0.0,0.3333333333333333
DIF,0.0,0.0,0.0,0.0
DII,0.125,0.3333333333333333,0.0,0.15384615384615385
DIK,0.3333333333333333,0.5,0.7333333333333333,0.625
DIL,0.3125,0.5714285714285714,0.28,0.45454545454545453
DIM,0.0,0.0,0.0,0.0
DIP,1.0,0.0,0.5,1.0
DIQ,0.6190476190476191,0.5692307692307692,0.7159763313609467,0.6746987951807228
DIR,0.8125,0.8333333333333334,0.9166666666666666,0.625
DIS,0.0,0.0,0.0,0.0
DIT,0.625,0.0,0.3333333333333333,0.7777777777777778
DIV,0.4,0.045454545454545456,0.11764705882352941,0.6
DKA,0.0,0.0,0.0,0.0
DKD,0.0,0.14285714285714285,0.0,0.0
DKE,1.0,0.8,0.9,1.0
DKF,0.0,0.0,0.0,0.0
DKG,0.0,0.0,0.0,0.0
DKH,0.0,0.0,1.0,0.0
DKI,0.9393939393939394,0.6842105263157895,0.76,0.8235294117647058
DKK,0.5,0.08823529411764706,0.5,0.2
DKL,0.16666666666666666,0.0,0.0,0.5789473684210527
DKM,0.0,1.0,0.6,0.75
DKN,0.5,0.0,0.0,0.19047619047619047
DKP,0.3888888888888889,0.09090909090909091,0.4166666666666667,0.45454545454545453
DKQ,0.5555555555555556,0.2727272727272727,0.631578947368421,0.95
DKR,0.0,0.0,0.0,0.0
DKS,0.5454545454545454,0.6901408450704225,0.017857142857142856,0.0967741935483871
DKT,0.0,0.0,0.19230769230769232,0.5416666666666666
DKV,0.6,1.0,0.45454545454545453,0.75
DKW,0.0,0.09090909090909091,0.6615384615384615,0.0
DLA,0.125,0.0,0.2,0.25
DLE,0.2857142857142857,0.0,0.1111111111111111,0.0
DLF,0.0,0.0,0.0,0.0
DLG,0.6666666666666666,0.6666666666666666,1.0,0.5
DLH,0.6666666666666666,0.6666666666666666,0.6,0.16666666666666666
DLI,0.0,0.3,0.32432432432432434,0.2727272727272727
DLK,0.5,0.18181818181818182,0.2727272727272727,0.36363636363636365
DLL,0.46153846153846156,0.2857142857142857,0.18181818181818182,0.5454545454545454
DLM,1.0,1.0,0.0,0.0
DLN,0.6666666666666666,0.75,0.8666666666666667,0.9
DLR,1.0,0.0,0.3333333333333333,0.0
DLS,0.3333333333333333,0.6666666666666666,0.47058823529411764,0.5
DLT,0.3333333333333333,0.5,0.5,1.0
DLV,0.0,0.0,0.0,0.0
DLY,0.3,0.43548387096774194,0.7906976744186046,0.1
DMA,1.0,0.6666666666666666,0.8,0.0
DME,0.0,0.0,0.0,0.0
DMG,0.0,0.0,0.5,0.0
DMI,0.0,0.5,0.0,0.5
DMK,0.25,1.0,0.25,0.0
DML,0.3333333333333333,0.0,0.6666666666666666,1.0
DMM,0.0,0.0,0.0,0.0
DMP,0.0,0.0,0.0,0.0
DMR,0.0,0.0,0.0,0.0
DMT,0.0,0.0,0.0,0.0
DMV,0.0,0.0,0.0,0.0
DNA,0.0,0.0,0.0,0.0
DND,0.3333333333333333,1.0,0.8,1.0
DNE,0.0,0.0,0.0,0.0
DNG,0.16666666666666666,0.5,0.5,0.6
DNH,0.0,0.4,0.0,0.0
DNI,0.0,0.0,0.0,0.0
DNK,0.3333333333333333,0.6666666666666666,0.5,0.5
DNL,1.0,0.0,0.0,0.5
DNM,0.8695652173913043,0.7894736842105263,0.75,1.0
DNQ,0.0,0.0,0.0,0.0
DNR,0.5,0.7142857142857143,0.8333333333333334,0.5
DNS,0.0,0.0,0.0,0.0
DNT,0.8333333333333334,0.8,0.8571428571428571,0.5
DNY,0.0,0.0,0.0,0.0
DPA,0.5,0.4,0.38095238095238093,0.6666666666666666
DPI,0.5,0.3333333333333333,0.3333333333333333,0.75
DPK,0.5,0.76,0.5,0.8181818181818182
DPL,0.0,0.0,0.0,0.0
DPN,0.0,0.0,0.0,0.0
DPP,0.7,0.875,0.5,0.0
DPQ,0.0,0.0,0.0,0.0
DPR,0.0,0.0,0.0,0.0
DPS,0.0,0.0,0.0,0.0
DPT,0.0,0.0,0.0,0.0
DPV,0.5,0.75,0.3333333333333333,0.3333333333333333
DPY,0.0,0.0,1.0,0.0
DQD,0.0,0.0,0.0,0.0
DQE,0.0,0.3333333333333333,0.0,0.0
DQF,0.6,0.2,0.5384615384615384,0.35294117647058826
DQG,0.0,0.0,0.0,0.0
DQH,0.0,0.0,0.0,0.0
DQI,1.0,0.0,0.0,0.0
DQL,0.5,0.0,0.0,0.0
DQM,0.0,1.0,1.0,1.0
DQN,0.0,0.0,1.0,1.0
DRA,0.75,1.0,1.0,0.7142857142857143
DRD,0.75,0.6,0.7368421052631579,0.52
DRE,0.9230769230769231,0.4,0.5806451612903226,0.45454545454545453
DRF,0.7142857142857143,0.18181818181818182,0.2,0.75
DRG,0.0,0.0,0.0,0.0
DRH,0.0,0.0,0.0,0.0
DRK,0.0,0.0,0.0,0.0
DRL,0.25,0.5,0.3333333333333333,0.0
DRN,0.0,0.5,0.0,1.0
DRP,0.5,0.0,0.2,0.0
DRR,0.0,1.0,0.0,0.8
DRS,0.3333333333333333,0.8333333333333334,0.8888888888888888,0.5
DRT,0.2222222222222222,0.125,0.11764705882352941,0.16666666666666666
DRV,0.0,0.0,0.0,0.0
DRW,0.0,0.0,0.0,0.0967741935483871
DRY,0.0,0.0,0.0,0.0
DSA,0.0,0.0,0.0,0.0
DSC,0.25,0.25,0.0,0.0
DSD,0.3684210526315789,0.72,0.2,0.6153846153846154
DSF,0.4444444444444444,0.0,0.2222222222222222,0.0
DSG,0.0,0.0,0.029850746268656716,0.09259259259259259
DSI,0.0,0.0,0.0,0.0
DSK,0.5,0.8,0.5454545454545454,0.5
DSL,0.6,1.0,0.5,0.6666666666666666
DSM,0.0,0.5,0.5714285714285714,0.6666666666666666
DSN,0.0,0.0,0.3333333333333333,1.0
DSQ,0.8333333333333334,0.8571428571428571,0.5909090909090909,0.75
DSR,0.0,0.0,0.0,0.0
DSS,0.6666666666666666,0.5555555555555556,0.5714285714285714,0.4
DST,0.4074074074074074,0.16216216216216217,0.46938775510204084,0.3125
DSV,0.06060606060606061,0.23333333333333334,0.35135135135135137,0.45454545454545453
DSW,0.0,0.0,0.6075949367088608,0.0
DTA,0.14285714285714285,0.5833333333333334,0.375,0.29411764705882354
DTG,0.0,0.0,0.0,0.0
DTK,1.0,0.4,0.3333333333333333,1.0
DTL,0.0,0.3333333333333333,0.0,0.0
DTM,1.0,0.5,0.0,0.0
DTN,1.0,0.6666666666666666,1.0,0.0
DTP,0.0,0.0,0.0,0.0
DTS,0.4,0.0625,0.12,0.2222222222222222
DTT,0.5,0.5,0.7142857142857143,0.9
DTY,0.0,0.0,0.0,0.0
DVA,0.0,1.0,0.0,1.0
DVC,0.0,0.0,0.0,0.0
DVE,0.0,0.0,0.0,0.0
DVG,0.5,0.1111111111111111,0.7241379310344828,0.0
DVH,0.16666666666666666,0.0,0.5,0.75
DVI,0.0,0.0,0.0,0.0
DVK,0.6,0.5783132530120482,0.0,0.24489795918367346
DVM,0.4,0.0,0.1,0.5
DVN,0.0,0.0,0.0,0.0
DVQ,0.6666666666666666,0.0,0.4,0.0
DVR,0.5,0.0,0.09090909090909091,0.0
DVT,0.2,0.2857142857142857,0.2222222222222222,0.3333333333333333
DVV,0.5185185185185185,0.5217391304347826,0.5588235294117647,0.6774193548387096
DVW,0.0,0.0,0.5,0.75
DVY,0.5,0.5,0.6,0.25
DWA,0.0,0.14285714285714285,0.0,0.0
DWG,0.4,1.0,0.46153846153846156,0.0
DWL,0.0,0.0,0.5,1.0
DWQ,0.0,0.0,0.0,0.0
DWR,0.0,0.0,0.0,0.0
DWS,0.0,0.0,0.0,0.0
DWV,0.0,0.0,1.0,0.0
DYA,0.0,0.0,0.0,0.0
DYE,0.0,0.0,0.3333333333333333,0.75
DYF,0.6666666666666666,0.75,0.5,0.5
DYG,0.0,0.0,0.0,0.0
DYH,0.0,0.0,1.0,0.0
DYI,0.3333333333333333,0.5,0.7444444444444445,0.6885245901639344
DYK,0.0,0.0,0.0,0.0
DYL,0.6666666666666666,0.5454545454545454,0.25,1.0
DYN,0.75,0.6666666666666666,0.0,0.0
DYS,0.0,0.5,1.0,0.5
DYT,0.0,0.0,0.0,0.0
DYW,0.75,0.1111111111111111,0.05263157894736842,0.0
EAA,0.0,0.0,0.0,0.5
EAC,0.0,0.0,0.0,0.0
EAD,0.0,0.0,0.0,0.0
EAE,0.0,0.13953488372093023,0.0,0.9166666666666666
EAF,0.0,0.0,0.0,0.0
EAG,0.4444444444444444,0.2857142857142857,0.2,0.42857142857142855
EAI,0.0,0.0,0.0,0.0
EAK,0.0,0.0,0.0,0.0
EAL,0.35714285714285715,0.25,0.3333333333333333,0.4
EAN,0.0,0.75,0.8333333333333334,0.0
EAP,0.0,0.0,0.0,0.0
EAQ,0.0,0.0,0.0,0.0
EAR,0.0,1.0,0.0,0.3333333333333333
EAS,0.5,0.0,0.0,0.0
EAT,0.0,0.0,0.0,0.0
EAV,0.6153846153846154,0.7083333333333334,0.09,0.10810810810810811
EAW,0.375,0.5454545454545454,0.3333333333333333,0.0
EAY,0.0,0.0,0.0,0.0
ECA,0.25,0.3333333333333333,0.0,0.0
ECC,0.2,0.2222222222222222,0.3181818181818182,0.16666666666666666
ECF,0.0,0.0,0.0,0.0
ECG,0.0,0.0,0.0,0.0
ECH,0.6666666666666666,0.0,0.5625,0.0
ECL,0.0,0.0,0.0,0.0
ECP,0.2,0.3333333333333333,0.0,0.0
ECQ,0.0,0.0,1.0,0.0
ECR,0.4,0.0,0.0,0.0
ECT,0.0,0.0,0.0,0.0
EDA,0.0,0.0,0.0,0.0
EDD,1.0,1.0,0.6666666666666666,1.0
EDF,0.17857142857142858,0.25,0.03278688524590164,0.0
EDG,0.0,0.0,0.0,0.0
EDH,0.0,0.0,0.0,0.0
EDI,0.5,1.0,0.0,0.0
EDK,0.0,0.0,0.1,0.5555555555555556
EDL,0.3,0.36363636363636365,0.4,0.3333333333333333
EDN,0.2222222222222222,1.0,0.25,0.5
EDQ,0.0,0.0,0.0,0.0
EDR,0.0,0.0,0.0,0.0
EDS,0.0,0.0,0.0,0.0
EDT,0.2,0.3333333333333333,0.16666666666666666,0.5
EDV,1.0,1.0,0.3333333333333333,0.0
EDY,0.6666666666666666,0.5,1.0,0.0
EEA,0.0,0.11320754716981132,0.01694915254237288,0.8461538461538461
EEC,0.6363636363636364,0.25,0.5,0.0
EED,1.0,1.0,1.0,1.0
EEE,0.0,0.0,0.0,0.0
EEF,0.0,0.0,0.0,0.0
EEG,0.0,0.6666666666666666,0.5,0.0
EEI,0.0,0.0,0.0,0.0
EEK,0.6666666666666666,0.07317073170731707,0.07272727272727272,0.9473684210526315
EEL,0.18181818181818182,0.07317073170731707,0.0,0.2222222222222222
EEM,0.2,0.5,0.5,0.25
EEN,0.5555555555555556,0.0,0.0,1.0
EEQ,0.2631578947368421,0.08333333333333333,0.5283018867924528,0.7037037037037037
EER,0.5,0.25,0.3333333333333333,0.16666666666666666
EES,0.5,0.0,1.0,0.0
EET,0.5,0.5,0.8,0.14285714285714285
EEV,0.0,0.0,0.0,0.0
EFC,0.6,0.3333333333333333,0.375,0.3333333333333333
EFD,0.3333333333333333,0.16666666666666666,0.0,0.25
EFE,0.0,0.0,0.0,0.5
EFF,0.0,0.5,0.5,1.0
EFG,0.0,0.0,0.0,0.0
EFI,0.0,0.0,0.3333333333333333,0.0
EFL,0.2857142857142857,0.3333333333333333,0.29411764705882354,0.6666666666666666
EFQ,0.75,0.7142857142857143,0.5555555555555556,0.3333333333333333
EFS,0.6923076923076923,0.6923076923076923,0.5,0.6153846153846154
EFV,0.8888888888888888,0.5950413223140496,0.8875,0.7619047619047619
EFY,0.5,0.5714285714285714,1.0,0.0
EGA,0.0,0.0,0.0,0.0
EGC,0.0,0.0,0.0,0.0
EGD,0.0,0.0,0.0,0.0
EGE,0.0,0.14285714285714285,0.0,0.0
EGF,0.75,0.5333333333333333,0.36363636363636365,0.0
EGG,0.25,0.4,0.0,0.0
EGH,0.8571428571428571,0.45454545454545453,0.16666666666666666,0.0
EGI,0.25,0.0,0.0,0.0
EGK,0.3333333333333333,0.05,0.05555555555555555,0.0
EGL,0.8125,0.25,0.6875,0.7142857142857143
EGN,0.3333333333333333,0.0,0.0,0.0
EGP,0.8333333333333334,1.0,0.8,0.8571428571428571
EGQ,0.8571428571428571,1.0,0.5833333333333334,0.3333333333333333
EGR,0.6666666666666666,0.5,0.5454545454545454,0.65
EGS,0.0,0.0,0.0,0.02631578947368421
EGT,0.3,0.3333333333333333,0.5,0.5714285714285714
EGV,0.6,0.0,0.0,0.0
EGW,0.0,0.0,0.0,0.0
EGY,0.6666666666666666,1.0,0.3333333333333333,1.0
EHG,0.5,0.0,0.0,0.0
EHH,1.0,1.0,0.0,0.0
EHM,0.0,0.0,0.0,0.0
EHN,0.0,0.0,0.0,0.0
EHP,0.0,0.0,0.0,0.0
EHQ,0.0,0.0,0.0,0.0
EHR,0.0,0.0,0.0,0.0
EHS,0.0,0.0,0.0,0.0
EHT,0.0,0.0,0.0,0.0
EIA,0.5,0.3333333333333333,0.2,0.5714285714285714
EIC,0.42857142857142855,0.05405405405405406,0.05714285714285714,0.2857142857142857
EID,0.0,0.0,0.0,0.0
EIE,1.0,0.0,0.3333333333333333,0.0
EIF,0.0,0.0,0.0,0.0
EIG,0.2,0.0,0.4148936170212766,0.6944444444444444
EII,0.0,0.0,0.0,0.0
EIK,0.5,0.0,0.0,0.0
EIL,0.09523809523809523,0.0,0.684931506849315,0.08333333333333333
EIP,0.6666666666666666,0.0,0.21428571428571427,0.0
EIQ,0.0,0.4067796610169492,0.2857142857142857,0.5555555555555556
EIR,0.25,0.0,0.0,0.0
EIS,0.0,0.0,0.0,0.8
EIT,0.0,0.0,0.0,0.0
EIV,0.7,0.5,0.6551724137931034,0.8
EIW,0.0,1.0,0.0,0.0
EIY,0.5,0.8888888888888888,0.3333333333333333,0.3333333333333333
EKC,0.0,0.0,0.0,0.0
EKD,0.0,0.029850746268656716,0.5636363636363636,0.08888888888888889
EKE,0.1,0.0,0.0,0.0
EKF,0.6666666666666666,1.0,0.0,0.6666666666666666
EKG,0.0,0.0,0.0,0.0
EKI,0.5942028985507246,0.2361111111111111,0.518348623853211,0.6746987951807228
EKK,1.0,1.0,0.24,0.8936170212765957
EKL,0.0,0.0,0.0,0.0
EKM,0.0,0.5,0.0,0.0
EKN,0.7,0.625,0.8571428571428571,0.5
EKP,0.0,0.0,0.0,0.0
EKQ,0.6666666666666666,0.5454545454545454,0.18181818181818182,0.375
EKR,0.6363636363636364,1.0,0.7058823529411765,0.0
EKT,0.0,0.5,0.2727272727272727,0.3333333333333333
EKV,0.25,0.1,0.15384615384615385,0.0
EKW,0.0,0.0,0.0,0.0
ELA,0.14634146341463414,0.3968253968253968,0.13953488372093023,0.7083333333333334
ELC,0.6,0.625,0.0,0.0
ELD,0.0,0.0,0.0,0.0
ELE,0.12903225806451613,0.46078431372549017,0.058823529411764705,0.5348837209302325
ELF,0.0,0.0,0.0,0.0
ELG,0.0,0.25,0.16666666666666666,0.6666666666666666
ELH,0.0,0.075,0.7282608695652174,0.0
ELI,0.0,0.0,0.0,0.0
ELK,0.5161290322580645,0.5185185185185185,0.2916666666666667,0.13333333333333333
ELL,0.23076923076923078,0.2222222222222222,0.23170731707317074,0.5892857142857143
ELM,0.0,0.0,0.0,0.5
ELN,0.7446808510638298,0.5076923076923077,0.3181818181818182,0.5416666666666666
ELP,0.0,0.0,0.0,1.0
ELQ,0.5853658536585366,0.5652173913043478,0.5714285714285714,0.8089887640449438
ELR,0.15384615384615385,0.07894736842105263,0.125,0.0
ELS,0.0,0.0,0.0,0.0
ELT,0.8,0.9,1.0,0.5
ELV,0.5714285714285714,0.5714285714285714,0.375,0.5428571428571428
ELY,0.0,0.0,0.0,0.0
EMA,0.36363636363636365,0.8571428571428571,0.3333333333333333,0.125
EMD,0.25,0.3333333333333333,0.5,1.0
EME,0.5714285714285714,0.11428571428571428,0.17142857142857143,0.17647058823529413
EMG,0.5,0.0,0.5,0.6666666666666666
EMI,1.0,1.0,1.0,1.0
EMK,0.75,0.6,1.0,1.0
EML,0.0,1.0,0.0,0.0
EMN,0.0,0.0,0.0,0.0
EMP,0.0,0.0,0.0,0.0
EMQ,0.0,0.0,0.0,0.0
EMT,0.0,0.5,0.0,1.0
EMV,0.5833333333333334,0.75,1.0,0.7142857142857143
ENA,0.5,0.5,0.0,1.0
ENC,0.0,0.0,0.0,0.0
END,0.0,1.0,0.0,0.2608695652173913
ENE,0.0,0.0,0.0,0.0
ENG,0.0,0.0,0.0,0.0
ENI,0.0,0.0,0.0,0.0
ENK,0.25,0.2,0.0,0.0
ENL,0.5882352941176471,0.25,0.6666666666666666,0.42857142857142855
ENN,0.0,0.0,0.0,1.0
ENP,0.0,0.5,0.0,0.0
ENQ,0.0,0.0,0.6,0.0
ENR,0.0,0.4329896907216495,0.0,0.0
ENT,0.0,0.0,0.0,0.0
ENV,0.0,0.0,0.0,0.0
EPA,0.6666666666666666,0.0,0.5,0.0
EPD,0.0,0.0,0.0,0.0
EPF,0.0,0.25806451612903225,0.2608695652173913,0.9591836734693877
EPG,0.0,1.0,0.0,0.0
EPI,0.0,0.0,0.0,0.0
EPK,0.0,0.0,1.0,0.6666666666666666
EPL,0.0,0.0,0.0,0.0
EPN,0.5,0.6666666666666666,0.5,0.0
EPP,0.0,0.04081632653061224,0.5588235294117647,0.0
EPQ,0.875,0.8095238095238095,0.7916666666666666,0.8333333333333334
EPR,1.0,0.375,0.3333333333333333,0.6363636363636364
EPS,0.5,1.0,0.0,0.25
EPT,1.0,0.0,0.5,0.4
EPV,0.0,0.0,0.0,0.0
EPY,0.0,0.75,0.0,1.0
EQA,0.21052631578947367,0.0,0.6136363636363636,0.72
EQD,0.0,0.0,0.0,0.0
EQE,0.0,0.0,0.0,0.0
EQF,0.0,0.0,0.0,0.0
EQH,0.0,0.0,0.0,0.0
EQI,1.0,0.5,1.0,0.0
EQK,0.0,1.0,1.0,0.5
EQL,0.0,0.0,0.06451612903225806,0.0
EQN,0.0,0.0,0.0,0.0
EQP,0.7777777777777778,0.6,0.7857142857142857,0.7333333333333333
EQQ,0.0,0.0,0.0,0.0
EQV,0.0,0.0,0.0,0.0
EQY,0.0,0.0,0.0,0.0
ERA,0.0,0.6666666666666666,0.0,0.6666666666666666
ERC,0.0,0.0,0.0,0.0
ERD,0.5714285714285714,0.4,0.5384615384615384,0.5
ERE,1.0,0.5,0.07692307692307693,0.6
ERG,0.0,0.0,0.0,0.0
ERH,0.0,0.0,0.0,0.0
ERI,0.42857142857142855,0.3333333333333333,0.5,0.8947368421052632
ERL,0.2222222222222222,0.0,0.0,0.2
ERM,0.0,0.0,0.0,0.0
ERN,0.35714285714285715,0.3333333333333333,0.9656862745098039,0.9320388349514563
ERP,0.6086956521739131,0.8,0.68,0.875
ERQ,0.47619047619047616,0.38461538461538464,0.7391304347826086,0.5
ERR,0.75,0.2,0.0,0.0
ERS,0.8,0.5555555555555556,0.5,0.8666666666666667
ERT,0.0,0.0,0.0,0.0
ERV,0.6666666666666666,0.2727272727272727,0.4642857142857143,0.29411764705882354
ERW,1.0,0.0,0.0,0.0
ERY,0.0,0.0,0.3333333333333333,1.0
ESC,0.3333333333333333,1.0,0.75,0.6666666666666666
ESD,0.0,0.0,0.0,0.0
ESE,1.0,0.7928571428571428,0.7685185185185185,0.868421052631579
ESF,0.8888888888888888,0.6666666666666666,0.7222222222222222,0.0
ESG,0.0,0.0,0.0625,0.5
ESH,0.0,0.0,0.0,0.0
ESI,0.037037037037037035,0.696969696969697,0.2916666666666667,0.0
ESK,0.8,0.0,0.0,0.0
ESL,0.0,0.0,0.0,0.0
ESM,0.2,0.0,0.6666666666666666,1.0
ESN,0.6666666666666666,0.0,0.0,0.3333333333333333
ESP,0.0,0.0,0.0,0.0
ESQ,0.0,0.0,0.6666666666666666,0.0
ESR,0.5454545454545454,0.42857142857142855,0.25,0.4375
ESS,0.5,0.0,0.5333333333333333,0.6
EST,0.0,0.2,0.3333333333333333,0.0
ESW,0.0,0.0,0.0,0.0
ESY,0.2857142857142857,0.0,0.0,0.125
ETA,0.5882352941176471,0.4,0.6666666666666666,0.5
ETC,0.2222222222222222,0.1111111111111111,0.2,0.23076923076923078
ETD,0.0,0.0,0.0,0.0
ETE,0.4,0.16666666666666666,0.2,0.3333333333333333
ETF,0.0,0.0,0.0,0.0
ETG,0.1875,0.2,0.2857142857142857,0.11764705882352941
ETH,0.0,0.0,1.0,0.0
ETI,0.6666666666666666,1.0,1.0,0.0
ETK,0.14285714285714285,0.41935483870967744,0.47540983606557374,0.6756756756756757
ETL,0.4444444444444444,0.375,0.0,0.2
ETM,0.0,0.0,0.5,0.0
ETN,0.0,1.0,0.6666666666666666,0.5454545454545454
ETP,0.07692307692307693,0.8840579710144928,0.7560975609756098,0.07142857142857142
ETQ,0.0,0.0,0.0,0.0
ETR,0.0,0.0,0.0,0.0
ETS,0.0,0.0,0.5,0.6666666666666666
ETT,0.0,1.0,0.0,1.0
ETV,0.05,0.0,0.02702702702702703,0.2857142857142857
ETW,0.5584415584415584,0.5562913907284768,0.2694610778443114,0.06451612903225806
ETY,0.6666666666666666,0.75,0.3333333333333333,0.0
EVA,0.0,0.0,0.0,0.0
EVC,0.0,0.0,0.0,0.0
EVD,0.0,0.0,0.0,0.0
EVE,0.6666666666666666,0.4,0.8,0.6666666666666666
EVF,0.0,0.0,0.0,0.0
EVG,0.4583333333333333,0.4166666666666667,0.4090909090909091,0.6363636363636364
EVH,0.0,0.0,0.0,0.0
EVI,0.0,0.037037037037037035,0.417910447761194,0.8444444444444444
EVK,0.0,0.3333333333333333,0.0,1.0
EVL,0.5454545454545454,0.375,0.25,0.46153846153846156
EVM,1.0,1.0,0.2,0.4
EVN,0.0,0.0,0.0,0.0
EVP,0.5882352941176471,0.6875,0.2857142857142857,0.7777777777777778
EVQ,0.4418604651162791,0.7192982456140351,0.5571428571428572,0.14583333333333334
EVR,0.2857142857142857,0.625,0.6,0.6666666666666666
EVS,0.5,0.0,0.0,0.0
EVT,0.0,0.0,0.0,0.0
EVV,0.631578947368421,0.5517241379310345,0.5714285714285714,0.8947368421052632
EVW,0.0,1.0,1.0,1.0
EVY,0.18181818181818182,0.2,0.0,0.4117647058823529
EWE,0.25,0.576,0.7125,0.7377049180327869
EWI,0.5714285714285714,0.5833333333333334,0.1,0.0
EWL,0.0,0.0,0.0,0.0
EWM,0.0,0.0,0.0,0.0
EWN,1.0,0.75,1.0,0.75
EWV,0.48,0.2,0.23684210526315788,0.3888888888888889
EWY,0.0,0.0,0.0,0.0
EYF,0.3333333333333333,0.0,0.0,0.0
EYH,0.0,0.14285714285714285,0.2857142857142857,0.0
EYI,0.25,0.5,0.3333333333333333,0.5
EYK,0.0,0.0,0.6666666666666666,1.0
EYL,0.0,0.0,0.07142857142857142,0.5
EYR,0.6666666666666666,0.75,1.0,0.0
EYS,0.0,0.0,0.0,0.0
EYT,0.6666666666666666,0.875,0.6666666666666666,0.6666666666666666
EYV,0.8333333333333334,0.3333333333333333,0.0,0.0
EYW,0.5714285714285714,0.5573770491803278,0.029411764705882353,0.41818181818181815
FAA,0.0,0.0,0.0,0.0
FAC,0.8571428571428571,0.42857142857142855,0.0,1.0
FAE,0.0,0.75,0.0,0.3333333333333333
FAI,0.5106382978723404,0.37037037037037035,0.5172413793103449,0.5714285714285714
FAN,0.7058823529411765,0.5555555555555556,0.23076923076923078,0.25
FAP,0.0,1.0,0.5,1.0
FAS,0.3333333333333333,0.0,0.0,0.0
FAT,0.1,0.11764705882352941,0.2222222222222222,0.5
FAW,1.0,1.0,0.0,1.0
FCA,0.5454545454545454,0.42857142857142855,0.4117647058823529,0.34782608695652173
FCG,0.5714285714285714,0.0,0.0,0.0
FCK,0.7142857142857143,0.42857142857142855,0.42857142857142855,0.5
FCL,1.0,0.0,0.0,0.5
FCQ,0.0,0.0,0.0,0.0
FCT,0.0,0.0,0.0,0.0
FDA,0.0,0.3333333333333333,0.0,0.4
FDC,0.0,0.0,0.0,0.0
FDD,0.5,0.3333333333333333,0.0,0.0
FDE,0.0,0.0,0.0,0.0
FDG,0.0,0.25,0.3333333333333333,0.3333333333333333
FDI,0.7058823529411765,0.7222222222222222,0.7272727272727273,0.5
FDK,1.0,0.7692307692307693,0.9444444444444444,0.8333333333333334
FDM,0.0,0.0,1.0,0.0
FDN,0.6666666666666666,0.3333333333333333,0.0,0.0
FDP,0.75,1.0,0.38461538461538464,0.25
FDQ,1.0,1.0,0.0,0.0
FDR,0.0,0.0,0.0,0.0
FDS,0.8333333333333334,0.6666666666666666,0.5,0.5714285714285714
FDV,0.8181818181818182,0.8181818181818182,0.5925925925925926,0.7272727272727273
FDY,0.7346938775510204,0.17647058823529413,0.07142857142857142,0.0
FEA,0.0,0.3333333333333333,0.0,0.6666666666666666
FED,1.0,0.3333333333333333,0.2,0.0
FEE,1.0,1.0,0.6666666666666666,1.0
FEF,1.0,0.5,0.0,0.5
FEG,0.0,0.0,0.0,0.0
FEH,0.0,0.0,0.0,0.0
FEI,0.5,0.0,0.23529411764705882,0.8
FEK,0.45454545454545453,0.2727272727272727,0.19642857142857142,0.5853658536585366
FEL,0.0,0.0,0.0,0.0
FEM,0.7692307692307693,0.7142857142857143,0.9230769230769231,0.5555555555555556
FEN,0.0,0.0,0.0,0.0
FEP,0.0,0.0,0.0,0.0
FER,0.3333333333333333,0.08333333333333333,0.25,0.5555555555555556
FES,0.0,0.0,0.5384615384615384,0.4
FET,0.6666666666666666,0.5,0.75,0.5
FEV,0.14285714285714285,0.25,0.0,0.3333333333333333
FFD,0.0,0.0,0.0,0.0
FFE,0.0,0.5,0.625,0.5
FFF,0.0,0.0,0.0,0.0
FFG,0.0,0.0,0.6666666666666666,0.6666666666666666
FFH,0.0,0.0,0.0,0.0
FFK,1.0,0.5,1.0,0.0
FFL,0.5,0.6666666666666666,0.5,1.0
FFN,0.9230769230769231,0.4166666666666667,0.9285714285714286,1.0
FFQ,0.6666666666666666,0.8333333333333334,0.7142857142857143,1.0
FFR,1.0,0.0,0.5,0.5714285714285714
FFW,0.0,0.0,0.5,0.0
FGA,0.0,0.0,0.0,0.0
FGD,0.0,0.0,0.0,0.0
FGE,0.6,0.8571428571428571,0.375,0.4
FGF,0.0,0.0,0.0,0.0
FGG,0.0,0.5,0.5,0.3333333333333333
FGH,0.0,0.0,0.0,0.0
FGI,0.0,0.0,0.0,0.0
FGK,0.0,0.0,0.0,0.0
FGL,0.0,0.0,0.0,0.0
FGN,0.0,0.0,0.0,0.0
FGP,0.0,0.0,0.0,0.0
FGQ,0.5454545454545454,0.0,0.0,0.0
FGR,0.6666666666666666,1.0,0.5714285714285714,0.9090909090909091
FGS,0.5,0.4,0.4,0.6
FGV,0.0,0.0,0.0,0.0
FHC,0.0,0.0,0.0,1.0
FHE,0.0,0.5,0.0,0.0
FHF,0.4,0.0,0.2857142857142857,0.0
FHK,1.0,0.8,1.0,0.5
FHL,1.0,1.0,1.0,1.0
FHP,0.0,0.0,0.0,0.0
FHR,0.0,1.0,1.0,0.7142857142857143
FHT,0.0,0.0,0.0,0.0
FHV,0.0,0.0,0.0,0.0
FHW,0.0,0.0,0.0,0.0
FIA,0.0,0.0,0.0,0.0
FID,0.0,0.0,0.0,0.0
FIG,0.0,0.0,0.0,0.0
FII,0.14285714285714285,0.4444444444444444,0.11764705882352941,0.0
FIL,1.0,0.0,0.5,1.0
FIN,0.0,0.0,0.0,0.0
FIR,0.38461538461538464,0.3333333333333333,0.4166666666666667,0.375
FIS,1.0,0.3333333333333333,0.5,0.2
FIV,0.75,0.5,0.625,0.0
FIY,0.0,0.0,0.0,0.0
FKC,0.0,0.0,0.0,0.0
FKD,0.0,0.0,0.0,0.0
FKE,0.4,0.4,0.1,0.36363636363636365
FKH,0.0,0.0,0.0,0.0
FKK,0.7,0.05263157894736842,0.2,1.0
FKL,0.13333333333333333,0.5859375,0.33695652173913043,0.6444444444444445
FKN,0.0,0.38095238095238093,0.06666666666666667,0.8103448275862069
FKP,0.5,1.0,1.0,0.0
FKQ,0.0,0.0,0.3333333333333333,1.0
FKR,0.0,0.0,0.0,0.0
FKT,0.6842105263157895,0.7586206896551724,0.75,0.5789473684210527
FKV,0.7272727272727273,0.0,0.25,1.0
FKY,0.0,0.0,0.0,0.0
FLA,0.0,0.0,0.0,0.0
FLE,0.0,0.0,0.0,0.0
FLF,0.0,0.0,0.0,0.0
FLG,0.0,0.0,0.0,0.0
FLK,0.6666666666666666,0.6842105263157895,0.6,0.35714285714285715
FLL,0.0,0.0,0.0,0.0
FLP,0.0,0.0,0.0,0.0
FLQ,0.5833333333333334,0.2857142857142857,0.47619047619047616,0.9130434782608695
FLS,0.6666666666666666,0.2,0.36363636363636365,0.5
FLT,0.0,0.0,0.0,0.5
FLV,0.8571428571428571,0.3333333333333333,0.4,1.0
FLW,0.07692307692307693,0.6304347826086957,0.7422680412371134,0.0
FLY,0.0,0.14285714285714285,0.15384615384615385,0.0
FMD,0.0,0.0,1.0,1.0
FML,0.5,0.2857142857142857,0.125,0.0
FMR,1.0,1.0,1.0,0.0
FMY,0.4,0.0,0.0,0.0
FNA,0.0,0.0,0.0,0.0
FNC,0.8333333333333334,0.8888888888888888,0.7272727272727273,0.0
FNE,0.4090909090909091,0.18181818181818182,0.32142857142857145,0.2
FNH,0.0,1.0,0.0,1.0
FNN,0.0,0.0,0.0,0.058823529411764705
FNP,0.0,0.0,0.0,1.0
FNQ,0.0,0.0,0.0,0.0
FNR,0.3333333333333333,0.0,0.16666666666666666,0.0
FNT,0.8,0.4,0.0,0.8571428571428571
FNW,0.0,0.0,0.0,0.0
FNY,0.8888888888888888,0.7142857142857143,0.8461538461538461,1.0
FPC,0.0,0.0,0.0,0.0
FPF,0.0,0.0,0.3333333333333333,0.4166666666666667
FPG,0.5714285714285714,0.375,0.2857142857142857,0.5
FPI,0.0,0.0,0.0,0.0
FPK,0.0,0.0,0.0,0.0
FPL,0.5,0.8571428571428571,0.0,0.0
FPN,0.8461538461538461,0.5555555555555556,0.1,0.3333333333333333
FPP,1.0,0.2,0.0,0.0
FPR,0.0,0.0,0.0,0.0
FPS,0.9259259259259259,0.7857142857142857,0.6,0.14285714285714285
FPW,0.0,0.0,0.0,0.0
FQD,0.6,0.7142857142857143,0.4166666666666667,0.3333333333333333
FQE,0.0,1.0,0.0,0.8571428571428571
FQF,1.0,0.5,0.5,1.0
FQG,1.0,1.0,0.8,1.0
FQI,0.7777777777777778,0.5555555555555556,0.5,0.42857142857142855
FQK,0.0,0.0,0.0,0.0
FQN,0.8620689655172413,0.47058823529411764,0.38461538461538464,0.8846153846153846
FQP,0.2857142857142857,0.6666666666666666,0.25,0.0
FQR,0.5,0.0,0.0,0.0
FQS,0.1,0.7692307692307693,0.6923076923076923,0.15384615384615385
FRA,0.5,0.0,0.375,0.6666666666666666
FRD,0.0,0.0,0.0,0.0
FRE,0.8135593220338984,0.39473684210526316,0.4636363636363636,0.5
FRF,0.8,1.0,1.0,1.0
FRG,0.3333333333333333,0.0,0.0,0.0
FRH,0.0,0.0,0.0,0.0
FRK,0.25,0.234375,0.2076923076923077,0.5614035087719298
FRL,0.8333333333333334,0.8666666666666667,0.7647058823529411,0.9090909090909091
FRM,0.0,0.0,0.0,0.0
FRN,0.0,0.0,0.0,0.0
FRQ,0.0,0.75,1.0,1.0
FRS,0.3333333333333333,0.0,0.0,0.0
FRV,0.7142857142857143,0.7894736842105263,0.8695652173913043,0.5555555555555556
FRY,0.8,0.4,0.8571428571428571,0.625
FSA,0.4,0.6666666666666666,0.5,0.75
FSC,0.0,0.0,0.0,0.0
FSD,0.0,0.0,0.3389830508474576,0.7777777777777778
FSE,0.0,0.0,0.3333333333333333,0.0
FSF,0.0,0.0,0.0,0.0
FSG,0.4583333333333333,0.375,0.35,0.16666666666666666
FSK,0.75,0.125,0.2,0.3333333333333333
FSL,0.5,0.5,0.5714285714285714,0.4
FSN,0.0,0.0,0.0,0.0
FSP,0.125,0.0,0.125,0.2
FSR,0.18181818181818182,0.25925925925925924,0.42857142857142855,0.25
FSS,0.875,0.0,0.4444444444444444,1.0
FST,0.0,0.0,0.0,0.0
FSV,0.56,0.4634146341463415,0.3150684931506849,0.47058823529411764
FSY,0.8,0.8235294117647058,0.5555555555555556,0.8823529411764706
FTA,0.3333333333333333,0.3333333333333333,0.4,0.5
FTD,0.0,0.0,0.0,0.0
FTE,0.1,0.0,0.0,0.13513513513513514
FTF,0.0,0.0,0.3333333333333333,0.0
FTG,0.0,0.0,0.0,0.0
FTH,0.5,1.0,0.3333333333333333,0.0
FTI,0.4772727272727273,0.43157894736842106,0.12244897959183673,0.6111111111111112
FTK,0.8387096774193549,0.8148148148148148,0.7954545454545454,0.7037037037037037
FTL,0.08333333333333333,0.0,0.0,0.3
FTN,1.0,0.5714285714285714,0.6428571428571429,0.7272727272727273
FTQ,0.4444444444444444,0.0,0.0,0.0
FTR,0.0,0.0,0.0,0.0
FTS,1.0,0.0,0.8,0.5
FTT,0.0,0.6,0.0,0.0
FTV,0.0,0.0,0.0,0.0
FVD,0.0,0.0,0.0,0.0
FVE,0.0,0.0,0.0,0.0
FVG,0.0,0.0,0.0,0.0
FVI,0.30434782608695654,0.625,0.3181818181818182,0.5384615384615384
FVK,0.14285714285714285,0.18181818181818182,0.2777777777777778,0.35714285714285715
FVL,0.4444444444444444,0.18181818181818182,0.0,0.0
FVM,0.0,0.0,0.041666666666666664,0.09375
FVN,0.8888888888888888,0.6291390728476821,0.8952380952380953,0.8656716417910447
FVQ,0.0,0.0,0.0,0.25
FVR,0.8333333333333334,0.85,0.9,1.0
FVS,0.0,0.0,0.0,0.0
FVT,0.0,0.0,0.0,0.0
FVV,0.2222222222222222,0.0,0.45454545454545453,0.0
FWE,0.65625,0.7559055118110236,0.5238095238095238,0.06896551724137931
FWG,0.0,0.0,0.0,0.0
FWS,0.3333333333333333,1.0,0.0,0.0
FYA,0.0,0.25,0.4,0.0
FYD,0.21052631578947367,0.0,0.3125,0.42857142857142855
FYE,0.38461538461538464,0.2222222222222222,0.2857142857142857,0.2857142857142857
FYI,0.8823529411764706,0.42857142857142855,0.3157894736842105,0.0
FYK,0.125,0.2857142857142857,0.2,0.0
FYL,0.0,0.0,0.0,0.0
FYP,0.5,0.8,0.75,1.0
FYQ,0.0,0.0,0.0,0.0
FYR,0.0,0.0,0.0,0.0
FYS,0.0,1.0,0.0,0.0
FYT,0.7,0.5714285714285714,0.375,0.2
FYV,0.0,0.0,0.0,0.3333333333333333
FYY,0.5,1.0,0.4,0.6666666666666666
GAA,0.5,0.4307692307692308,0.5,0.8170731707317073
GAD,0.0,0.0,0.0,0.0
GAE,0.0,0.0,0.0,0.0
GAF,0.0,0.0,0.0,0.0
GAG,0.0,0.0,0.0,0.0
GAH,0.9166666666666666,0.808,0.7397260273972602,0.8780487804878049
GAK,0.0,0.0,0.0,0.2727272727272727
GAL,0.0,0.0,0.0,0.0
GAN,0.25,0.3333333333333333,0.3333333333333333,0.0
GAQ,0.0,0.0,0.0,0.0
GAR,1.0,0.25,0.782608695652174,0.36363636363636365
GAS,0.14285714285714285,0.0,0.017241379310344827,0.0
GAV,0.0,0.0,0.0,0.0
GAY,1.0,0.0,0.8,0.0
GCA,0.0,0.0,0.0,0.0
GCD,0.0,0.0,0.0,0.0
GCF,0.0,1.0,0.4,0.4
GCH,0.4,0.3333333333333333,0.75,0.0
GCL,0.0,0.0,0.0,0.0
GCM,0.0,0.5,0.0,0.0
GCR,0.6666666666666666,0.6153846153846154,0.35714285714285715,0.5862068965517241
GCT,0.0,1.0,0.3333333333333333,0.0
GCV,0.0,0.0,0.0,0.0
GDA,0.375,0.42105263157894735,0.27450980392156865,0.0
GDC,1.0,0.0,0.0,0.0
GDE,0.4,0.5,0.8,0.0
GDF,0.0,0.0,0.5,0.5
GDG,0.75,1.0,0.5,0.6666666666666666
GDH,0.75,1.0,0.5,0.25
GDI,0.0,0.0,0.0,0.0
GDK,0.0,0.3333333333333333,0.4,0.5
GDL,0.5,0.3333333333333333,0.4,0.5
GDP,0.0,0.0,0.5,0.0
GDQ,0.0,1.0,1.0,1.0
GDR,0.0,0.0,0.0,0.0
GDS,0.0,0.0,0.0,0.0
GDV,0.0,0.0,0.0,0.0
GEA,0.0,0.0,0.0,0.0
GED,0.3333333333333333,0.0,0.5,0.75
GEE,0.5,0.4,0.0,0.0
GEF,0.0,0.0,0.5,0.625
GEG,0.0,0.0,0.0,0.0
GEH,0.0,0.0,0.0,0.0
GEI,0.0,1.0,0.0,0.0
GEK,0.4,0.75,0.6,0.0
GEM,0.3333333333333333,0.8333333333333334,0.5,0.5
GEP,0.3333333333333333,0.5,0.2857142857142857,0.375
GEQ,0.25,0.6,0.8,0.5
GES,1.0,0.3333333333333333,0.5,0.0
GET,0.3333333333333333,0.3333333333333333,0.0,1.0
GEV,0.6,0.5,0.26666666666666666,0.5384615384615384
GFA,0.5,0.0,1.0,0.3333333333333333
GFC,0.5714285714285714,0.0,0.0,0.0
GFD,0.6851851851851852,0.4230769230769231,0.2857142857142857,0.0
GFE,0.0,0.6,0.0,0.0
GFG,0.4,1.0,0.5,0.3333333333333333
GFH,0.0,0.1,0.0,0.25
GFI,0.0,0.0,0.0,0.0
GFL,0.0,0.0,0.0,0.0
GFM,0.0,0.25,0.125,0.0
GFN,0.6875,0.8,0.5625,0.0
GFP,0.0,0.0,0.0,0.5
GFQ,0.4,0.4,0.3333333333333333,0.0
GFR,0.8333333333333334,1.0,0.8571428571428571,0.5714285714285714
GFS,0.0,1.0,1.0,0.0
GFT,0.8235294117647058,0.5,0.7027027027027027,0.7307692307692307
GFV,0.0,0.0,0.0,0.0
GFW,0.0,0.5,1.0,0.0
GFY,0.717391304347826,0.24444444444444444,0.2857142857142857,0.21428571428571427
GGD,0.625,0.5,0.45454545454545453,0.75
GGE,0.875,0.7,0.5454545454545454,1.0
GGF,0.6666666666666666,1.0,0.6666666666666666,1.0
GGG,0.0,0.0,0.23076923076923078,0.2
GGH,0.2,0.0,0.0,0.8333333333333334
GGI,0.0,0.0,0.7,0.8
GGK,0.0,1.0,0.8,1.0
GGL,0.3,0.25,0.2857142857142857,0.26666666666666666
GGM,0.0,0.0,0.0,0.0
GGN,0.17647058823529413,0.14814814814814814,0.11764705882352941,0.42857142857142855
GGP,0.0,0.0,0.0,0.0
GGQ,0.0,0.3333333333333333,1.0,0.5
GGR,0.5,0.42857142857142855,0.8,0.5
GGS,0.0,0.0,0.0,0.06666666666666667
GGT,0.0,0.0,0.0,0.0
GGV,0.2962962962962963,0.21428571428571427,0.2903225806451613,0.4
GGY,0.6666666666666666,1.0,0.6666666666666666,0.0
GHA,0.25,0.25,0.0,0.0
GHF,0.0,0.0,0.0,0.0
GHI,0.3333333333333333,0.0,0.0,0.625
GHK,0.6666666666666666,1.0,0.3333333333333333,0.6666666666666666
GHL,0.6666666666666666,0.5555555555555556,0.16666666666666666,0.0
GHR,0.0,0.0,0.0,0.0
GHS,0.0,0.0,0.75,0.0
GHV,1.0,0.0,0.0,0.0
GIA,0.3125,0.14285714285714285,0.14285714285714285,0.2222222222222222
GID,0.0,0.0,0.2857142857142857,0.6
GIE,0.5,0.35714285714285715,0.6896551724137931,0.6666666666666666
GIF,0.0,0.0,0.0,0.0
GIG,0.0,0.08,0.09090909090909091,0.0
GIH,0.5714285714285714,0.0,0.625,0.0
GII,0.5555555555555556,0.7472527472527473,0.581081081081081,0.7027027027027027
GIK,0.0,0.5242718446601942,0.34375,0.5454545454545454
GIL,0.7777777777777778,0.6,0.5833333333333334,0.8571428571428571
GIP,0.11764705882352941,0.8391608391608392,0.8201438848920863,0.15151515151515152
GIQ,0.0,1.0,0.0,0.0
GIR,0.0,0.6794871794871795,0.0,0.0
GIS,0.5384615384615384,0.0,0.3888888888888889,0.8125
GIT,0.0,0.6666666666666666,0.0,0.5
GIV,0.3076923076923077,0.0,0.0,0.10344827586206896
GIY,0.5,0.14285714285714285,0.3333333333333333,0.5
GKA,0.325,0.4,0.43283582089552236,0.574468085106383
GKC,0.75,1.0,0.75,0.6666666666666666
GKE,0.6,0.5,0.6363636363636364,0.5625
GKG,0.0,0.0,0.42424242424242425,0.07142857142857142
GKH,0.25,0.5,0.8493150684931506,0.8941176470588236
GKI,0.4444444444444444,0.14634146341463414,0.0,0.0
GKK,0.0,0.0,0.0,0.5
GKL,0.07407407407407407,0.7424242424242424,0.8563218390804598,0.6428571428571429
GKM,0.8,0.75,0.0,0.6666666666666666
GKN,0.5,0.0,0.6666666666666666,0.0
GKQ,0.5,0.6666666666666666,0.6363636363636364,0.8888888888888888
GKR,0.375,0.5,0.3333333333333333,0.25
GKS,0.6666666666666666,0.8,1.0,1.0
GKT,0.04,0.06060606060606061,0.0,0.21052631578947367
GKV,0.8888888888888888,0.6,0.5,0.4
GKY,0.1111111111111111,0.6982248520710059,0.6,0.3972602739726027
GLA,0.5,0.6,0.2,0.6666666666666666
GLD,0.0,0.0,0.0,0.0
GLE,0.2,0.13513513513513514,0.0,0.0
GLF,1.0,0.5,0.2,0.0
GLG,0.0,0.0,0.0,0.0
GLH,0.8571428571428571,0.0,0.6666666666666666,0.0
GLI,0.3333333333333333,0.4,0.5,0.5
GLK,0.42857142857142855,0.1388888888888889,0.25333333333333335,0.2608695652173913
GLL,0.1111111111111111,0.0,0.0,0.0
GLM,0.0,0.0,0.0,0.0
GLP,0.24,0.23076923076923078,0.4166666666666667,0.375
GLR,0.8,0.6666666666666666,0.3548387096774194,0.5909090909090909
GLS,0.0,0.0,0.8333333333333334,0.5
GLT,0.7037037037037037,0.07894736842105263,0.47619047619047616,0.5909090909090909
GLV,0.14285714285714285,1.0,0.26666666666666666,0.16666666666666666
GLY,0.0,0.0,0.0,0.0
GMD,0.28125,0.06944444444444445,0.01098901098901099,0.06451612903225806
GME,0.6666666666666666,0.6666666666666666,0.0,0.0
GMI,0.6,0.5,0.7916666666666666,0.896551724137931
GMN,0.4,0.0,0.5,0.5
GMP,0.6,0.5,1.0,0.0
GMS,0.0,0.0,0.34177215189873417,0.6774193548387096
GMT,0.0,0.0,0.0,0.0
GMV,0.0,0.0,0.0,0.0
GNA,0.0,0.0,0.0,0.0
GND,1.0,0.0,0.0,0.0
GNE,0.0,0.0,0.0,0.45
GNF,0.0,0.0,0.0,0.0
GNG,0.0,0.0,0.0,0.0
GNH,0.0,0.0,0.0,0.0
GNI,0.0,0.0,0.0,0.0
GNK,0.25,0.0,0.0,0.0
GNL,0.09090909090909091,0.0,0.020833333333333332,0.08823529411764706
GNN,0.5,0.3333333333333333,0.3333333333333333,0.0
GNP,0.0,0.0,0.0,0.0
GNR,0.0,0.0,0.0,0.0
GNS,1.0,0.75,0.0,1.0
GNT,0.0,0.0,0.0,0.0
GNV,0.0,0.0,0.0,0.0
GNW,0.375,0.6,0.75,0.6666666666666666
GNY,0.4,0.6666666666666666,0.0,0.0
GPA,0.0,0.0,0.0,0.0
GPC,0.0,0.0,0.0,0.0
GPE,0.13636363636363635,0.5757575757575758,0.029411764705882353,0.2
GPF,0.07692307692307693,0.2,0.0,0.1
GPG,0.0,0.0,0.0,0.0
GPH,0.0,0.3333333333333333,0.18181818181818182,0.4444444444444444
GPK,0.5714285714285714,0.5666666666666667,0.25333333333333335,0.21428571428571427
GPL,0.42857142857142855,0.5454545454545454,0.25,0.3333333333333333
GPM,0.0,0.0,0.0,1.0
GPN,0.0,1.0,1.0,0.5
GPP,0.46153846153846156,0.3333333333333333,0.0,0.2857142857142857
GPS,1.0,1.0,0.6666666666666666,0.6666666666666666
GPV,0.0,0.0,0.0,0.0
GPY,0.0,0.0,0.0,0.0
GQA,0.6129032258064516,0.7666666666666667,0.68,0.6666666666666666
GQC,0.0,0.0,0.0,0.0
GQD,0.0,0.0,0.0,0.0
GQF,0.0,0.0,0.0,0.0
GQG,0.0,0.41739130434782606,0.025210084033613446,0.45
GQH,0.0,0.0,0.0,0.0
GQI,0.2631578947368421,0.0,0.0,0.0
GQK,0.0,0.0,0.0,0.0
GQM,0.0,0.0,0.0,0.0
GQN,0.0,0.0,0.0,0.0
GQP,0.6666666666666666,0.7777777777777778,0.5909090909090909,0.6571428571428571
GQR,0.0,1.0,0.6666666666666666,1.0
GQT,0.375,0.5555555555555556,0.375,0.0
GQW,0.3125,0.5230769230769231,0.2761904761904762,0.5106382978723404
GRA,1.0,0.5,0.0,0.5
GRC,0.6153846153846154,0.5,0.6666666666666666,0.7142857142857143
GRD,0.7142857142857143,0.5,0.7777777777777778,0.8
GRE,0.6666666666666666,0.25,0.3333333333333333,1.0
GRF,0.13793103448275862,0.2222222222222222,0.34210526315789475,0.5454545454545454
GRG,0.8028169014084507,0.7619047619047619,0.7457627118644068,0.5357142857142857
GRH,0.0,0.0,0.0,0.0
GRI,0.6,0.5,1.0,0.8333333333333334
GRL,0.0,0.0,0.0,0.0
GRP,1.0,1.0,0.8,1.0
GRQ,0.0,0.0,0.0,0.0
GRR,0.6764705882352942,0.5,0.42857142857142855,0.6060606060606061
GRS,0.8,0.875,0.875,0.6666666666666666
GRT,0.0,0.0,0.0,0.0
GRV,0.2857142857142857,0.2857142857142857,0.04878048780487805,0.15
GRW,0.0,0.0,0.0,0.0
GSA,0.0,0.75,0.0,0.75
GSC,0.4,0.0,0.2857142857142857,0.0
GSD,0.0,0.0,0.13846153846153847,0.5833333333333334
GSE,0.6666666666666666,0.5,0.3333333333333333,0.0
GSF,0.6666666666666666,0.75,0.6,1.0
GSG,0.631578947368421,0.4166666666666667,0.5185185185185185,0.7083333333333334
GSH,0.3333333333333333,0.2857142857142857,0.18181818181818182,0.0
GSI,0.0,0.0,0.0,0.0
GSK,0.0,0.0,0.0,0.0
GSL,0.0,0.25,0.2,0.2222222222222222
GSN,0.45,0.5294117647058824,0.5,0.5789473684210527
GSP,0.47058823529411764,0.794392523364486,0.7469879518072289,0.18181818181818182
GSQ,0.14285714285714285,0.4166666666666667,0.5,0.2857142857142857
GSR,0.2,0.5263157894736842,0.5,0.6111111111111112
GSS,0.5,0.4,0.5263157894736842,0.5714285714285714
GST,0.78125,0.6304347826086957,0.3076923076923077,0.0
GSV,0.0,0.0,0.3,0.16666666666666666
GSW,0.8,0.0,0.3333333333333333,0.0
GSY,0.0,0.0,0.0,0.0
GTD,0.047619047619047616,0.0,0.1111111111111111,0.0
GTE,0.0,0.0,0.6666666666666666,0.6666666666666666
GTF,0.0,0.0,0.5,0.0
GTG,0.2727272727272727,0.1111111111111111,0.2857142857142857,0.25
GTH,1.0,1.0,1.0,1.0
GTI,0.0,0.0,0.0,0.0
GTK,0.6666666666666666,0.45918367346938777,0.6363636363636364,0.5111111111111111
GTL,0.2,0.5833333333333334,0.5625,0.2
GTN,0.0,0.0,0.0,0.0
GTP,0.0,0.0,0.0,0.0
GTQ,0.0,1.0,0.6,0.6666666666666666
GTR,0.5263157894736842,0.3333333333333333,0.5185185185185185,0.5789473684210527
GTS,0.0,0.0,0.0,0.0
GTT,0.0,0.0,0.4166666666666667,0.5555555555555556
GTY,0.0,0.0,0.0,0.0
GVA,0.38461538461538464,0.5714285714285714,0.1,0.0
GVC,0.0,0.0,0.0,0.0
GVE,0.6153846153846154,0.6190476190476191,0.42857142857142855,0.38461538461538464
GVF,0.0,0.0,0.25,0.0
GVG,0.5,0.4,0.2857142857142857,0.0
GVH,0.0,0.0,0.0,0.0
GVI,0.2,0.3333333333333333,0.5,0.8
GVK,0.0,0.25,0.16666666666666666,0.5
GVL,0.0,0.0,0.0,0.0
GVM,0.47368421052631576,0.5,0.5217391304347826,0.6875
GVN,0.0,0.0,0.0,0.0
GVP,0.18181818181818182,0.2857142857142857,0.19047619047619047,0.2
GVQ,0.1111111111111111,0.0,0.2857142857142857,0.0
GVS,0.5,0.6666666666666666,0.75,0.5
GVT,0.8,0.8333333333333334,0.8571428571428571,0.42857142857142855
GVV,0.0,0.0,0.0,0.0
GVW,0.0,0.0,0.0,0.0
GVY,0.0,0.0,0.0,0.0
GWD,0.0,0.0,0.0,0.0
GWE,0.0,0.0,0.0,0.0
GWG,0.0,1.0,0.27586206896551724,0.6451612903225806
GWI,1.0,0.0,0.6666666666666666,0.5
GWK,0.6551724137931034,0.6033057851239669,0.5402298850574713,0.5217391304347826
GWL,0.9,0.7058823529411765,0.8666666666666667,1.0
GWN,0.0,0.0,0.0,0.5
GYA,0.0,0.0,0.0,0.0
GYD,0.0,0.0,0.0,0.0
GYE,0.09523809523809523,0.8247422680412371,0.8275862068965517,0.0
GYF,0.6,0.5,0.375,1.0
GYG,0.0,0.0,0.0,0.0
GYI,0.6666666666666666,0.6666666666666666,0.75,1.0
GYK,0.47058823529411764,0.0,0.36363636363636365,0.2692307692307692
GYL,0.16666666666666666,0.45454545454545453,0.0,1.0
GYM,1.0,0.5,0.75,0.0
GYN,0.6666666666666666,0.6666666666666666,0.5,0.0
GYP,0.25,0.0,0.0,0.0
GYQ,0.5,0.5,1.0,0.0
GYR,0.8142857142857143,0.8309859154929577,0.7333333333333333,0.5555555555555556
GYS,0.0,0.0,0.0,0.0
GYT,0.42857142857142855,0.5,0.875,0.7777777777777778
GYV,0.0,0.0,0.0,0.05
GYY,0.42857142857142855,0.0,0.0,0.4
HAH,0.5,0.0,0.6666666666666666,0.3333333333333333
HAI,0.0,0.0,0.0,0.0
HAK,0.6,0.5,0.0,0.0
HAL,0.0,0.0,0.0,0.0
HAM,0.0,0.0,0.0,0.0
HAN,0.3333333333333333,0.5454545454545454,0.7777777777777778,0.75
HAR,0.0,1.0,0.6666666666666666,1.0
HAS,0.9,0.75,0.5,0.75
HAV,0.0,0.0,0.0,0.0
HAY,1.0,0.25,0.0,0.0
HCE,0.0,0.0,0.0,0.0
HCF,0.0,0.0,0.0,0.0
HCI,0.5,1.0,0.0,0.0
HCL,0.3076923076923077,0.5,0.0625,0.2222222222222222
HCP,0.0,0.0,0.0,0.0
HCQ,0.0,0.0,0.0,0.0
HCS,0.5,0.0,0.5,0.0
HCV,0.0,0.0,0.0,0.0
HCY,0.0,0.0,0.0,1.0
HDD,0.0,0.0,0.0,0.0
HDF,0.0,0.0,0.0,0.0
HDG,0.5,0.3,0.5,0.5
HDI,1.0,0.25,0.5,1.0
HDV,0.0,0.0,0.0,0.0
HDW,0.6666666666666666,1.0,0.75,0.0
HEA,0.0,1.0,1.0,1.0
HEG,0.3333333333333333,1.0,0.0,0.0
HEK,0.0,0.0,0.0,0.0
HEL,0.0,0.0,0.0,0.0
HER,0.0,1.0,0.0,0.0
HEV,0.75,0.6666666666666666,0.6666666666666666,0.6666666666666666
HFE,0.3333333333333333,0.0,0.0,0.0
HFG,0.0,0.0,0.0,0.0
HFK,0.0,0.0,0.0,0.0
HFL,0.0,0.0,0.0,0.0
HFQ,0.0,0.0,0.0,0.0
HFT,0.0,0.0,0.0,0.0
HGA,0.0,0.0,0.0,0.0
HGF,0.8,1.0,0.6,0.25
HGG,0.8,0.5,0.8,0.8
HGH,1.0,0.0,0.0,0.0
HGI,0.0,0.0,0.0,0.0
HGK,0.6666666666666666,0.4,0.6,0.75
HGL,0.6,0.0,0.0,0.8
HGM,0.3333333333333333,1.0,0.0,0.0
HGN,0.0,0.0,0.0,0.0
HGP,0.0,0.0,0.0,0.0
HGT,0.0,0.0,0.6666666666666666,0.0
HGV,0.0,0.0,0.02040816326530612,0.0
HGY,1.0,0.6,1.0,1.0
HHK,0.0,0.3333333333333333,0.0,0.0
HHN,0.0,0.0,0.3333333333333333,0.5
HHQ,1.0,0.5,0.0,0.0
HHT,0.0,0.0,0.0,0.0
HIC,0.0,0.0,0.0,0.0
HIE,0.0,0.0,0.0,0.0
HIG,0.2727272727272727,0.25,0.13333333333333333,0.4
HII,0.0,0.0,0.0,0.0
HIK,0.3333333333333333,0.0,0.0,0.625
HIP,0.0,0.0,0.0,0.0
HIQ,0.0,0.0,1.0,0.6666666666666666
HIT,0.0,0.0,0.0,0.0
HIV,0.0,0.0,0.0,0.0
HIW,0.0,1.0,0.0,0.75
HKC,0.5,0.16666666666666666,0.3333333333333333,0.0
HKG,0.2,0.18181818181818182,0.125,0.8888888888888888
HKM,0.0,0.0,0.0,0.0
HKP,0.0,0.0,0.0,0.0
HKQ,0.0,0.0,1.0,0.0
HKR,0.0,0.0,1.0,0.5
HKY,1.0,1.0,0.3333333333333333,1.0
HLA,0.0,0.0,0.0,0.0
HLD,1.0,0.16666666666666666,0.16666666666666666,0.3333333333333333
HLG,0.0,0.0,0.0,0.0
HLH,0.3333333333333333,0.0,0.5,0.0
HLI,0.0,0.0,0.5,0.4444444444444444
HLK,0.4166666666666667,0.625,0.625,0.0
HLL,0.18181818181818182,0.029411764705882353,0.16129032258064516,0.06666666666666667
HLP,0.0,0.0,0.0,0.0
HLQ,0.6666666666666666,0.4166666666666667,0.25,0.5555555555555556
HLR,0.8888888888888888,1.0,1.0,0.8333333333333334
HLS,0.5,0.5,0.5,0.0
HLT,0.0,0.0,0.0,0.0
HLV,0.0,0.0,1.0,0.5
HLY,0.0,0.0,0.0,0.0
HMH,0.0,0.0,0.0,0.0
HMV,0.0,1.0,0.5,0.0
HNA,0.0,0.0,0.0,0.0
HNH,0.0,1.0,0.0,1.0
HNK,0.625,0.0,1.0,0.0
HNL,0.0,0.0,0.0,0.0
HNM,0.8571428571428571,0.0,0.8,0.0
HNN,0.0,0.0,0.0,0.0
HNQ,0.0,0.0,0.0,0.0
HNR,0.8571428571428571,1.0,1.0,0.8571428571428571
HNT,0.0,0.0,0.0,0.0
HNV,0.6666666666666666,0.5,1.0,0.0
HNY,0.0,0.0,0.25,1.0
HPA,0.0,0.7410714285714286,0.8,0.0
HPD,0.0,0.0,0.0,0.0
HPG,1.0,0.6666666666666666,0.6666666666666666,0.7894736842105263
HPI,0.0,0.3333333333333333,0.6,0.6666666666666666
HPK,1.0,0.0,0.5714285714285714,0.0
HPL,0.0,0.0,0.0,0.0
HPN,0.5,1.0,0.5,1.0
HPQ,0.8571428571428571,0.6666666666666666,0.6666666666666666,0.8333333333333334
HPR,0.9523809523809523,0.5,0.8372093023255814,0.5454545454545454
HPT,0.0,0.0,0.0,0.0
HPV,0.0,0.0,0.0,0.19047619047619047
HQC,0.0,0.0,0.0,0.0
HQD,0.0,0.0,0.0,0.0
HQH,0.0,0.0,0.0,0.0
HQK,0.4,0.05357142857142857,0.65,0.0
HQT,1.0,1.0,0.0,0.0
HQV,0.0,0.0,0.0,0.0
HQY,0.2,0.25,0.3333333333333333,0.0
HRD,0.0,0.0,0.0,0.4
HRG,0.0,0.0,1.0,0.6666666666666666
HRI,1.0,1.0,0.0,1.0
HRK,0.0,0.0,0.5,0.0
HRL,0.0,1.0,0.0,1.0
HRP,0.0,0.0,0.0,0.0
HRQ,0.8,1.0,0.5,0.5714285714285714
HRR,0.42857142857142855,0.8,0.75,0.8333333333333334
HRS,0.0,0.0,0.0,0.0
HRT,0.0,0.0,0.0,0.0
HRW,0.0,1.0,0.0,0.6666666666666666
HSD,0.0,0.0,0.0,0.0
HSG,0.0,0.6,0.375,0.3333333333333333
HSH,0.0,0.0,0.0,0.0
HSI,0.16666666666666666,0.0,0.14285714285714285,0.0
HSL,0.42857142857142855,0.0,0.3333333333333333,0.25
HSN,0.0,0.0,0.0,0.0
HSP,0.0,0.0,1.0,0.0
HSR,0.3333333333333333,0.75,0.9439252336448598,0.9156626506024096
HSS,1.0,0.5,0.0,0.6666666666666666
HST,0.0,0.0,0.0,0.0
HSV,1.0,0.5714285714285714,0.6764705882352942,0.7692307692307693
HTE,0.0,0.0,0.0,0.0
HTF,0.5,1.0,0.45454545454545453,0.5
HTH,0.0,0.0,0.0,0.0
HTI,0.4166666666666667,0.45454545454545453,0.3333333333333333,0.0
HTL,0.0,0.0,0.0,0.0
HTM,0.0,0.0,0.0,0.0
HTN,0.5454545454545454,0.6857142857142857,0.5616438356164384,0.8275862068965517
HTP,0.0,0.0,0.0,0.0
HTQ,0.0,0.0,0.0,1.0
HTR,1.0,0.0,0.0,0.0
HTT,0.0,0.0,0.0,0.0
HTY,0.0,0.0,0.0,0.0
HVA,0.42857142857142855,0.25,0.75,0.3333333333333333
HVE,0.0,0.0,0.0,0.0
HVF,0.7894736842105263,0.8888888888888888,0.5675675675675675,0.5555555555555556
HVG,0.0,0.0,0.0,0.0
HVI,0.75,0.0,0.0,0.0
HVK,0.5714285714285714,0.0,0.48,0.8333333333333334
HVP,0.0,0.5,0.25,1.0
HVR,1.0,0.5,0.0,0.0
HVT,0.42857142857142855,0.08333333333333333,0.4444444444444444,0.42857142857142855
HWG,0.0,0.0,0.0,0.0
HWN,0.0,0.0,0.3333333333333333,0.42857142857142855
HWS,0.0,0.0,0.0,0.0
HWV,0.75,0.48148148148148145,0.08333333333333333,0.1111111111111111
HWY,1.0,0.0,0.75,1.0
HYA,0.0,0.0,0.0,0.0
HYG,0.0,0.0,0.0,0.0
HYH,0.6666666666666666,1.0,0.5,1.0
HYL,0.0,0.0,0.0,0.0
HYN,0.0,0.0,0.0,0.0
HYT,0.6666666666666666,0.0,0.4666666666666667,0.0
HYY,1.0,1.0,0.8888888888888888,1.0
IAA,0.3157894736842105,0.23076923076923078,0.08333333333333333,0.2
IAD,0.75,0.625,0.2222222222222222,0.6666666666666666
IAE,0.045454545454545456,0.4,0.25773195876288657,0.58
IAG,1.0,0.5,1.0,1.0
IAK,0.5,0.6666666666666666,0.0,0.25
IAL,0.3125,0.14285714285714285,0.2222222222222222,0.3333333333333333
IAN,0.15384615384615385,0.0,0.09090909090909091,0.0
IAP,0.0,0.0,0.0,0.0
IAQ,0.3333333333333333,0.125,0.6,0.3333333333333333
IAR,0.5,0.6,0.6666666666666666,0.6666666666666666
IAS,0.0,0.0,0.0,0.0
IAT,0.3333333333333333,0.391304347826087,0.05263157894736842,0.18181818181818182
IAV,0.4444444444444444,0.625,0.4444444444444444,0.0
IAW,0.0,0.0,0.0,0.0
ICA,0.5,0.4,0.2857142857142857,0.6666666666666666
ICD,0.0,0.0,0.0,0.0
ICI,0.0,0.0,0.0,0.3333333333333333
ICL,0.5,0.0,0.0,0.0
ICN,0.0,0.0,0.0,0.0
ICS,0.0,0.0,0.0,0.0
ICT,0.2222222222222222,0.0,0.0,0.0
ICY,0.0,0.0,0.0,0.0
IDD,0.5,0.8888888888888888,0.6666666666666666,0.0
IDE,0.5,0.5,0.5,0.0
IDG,1.0,0.0,1.0,0.0
IDH,0.0,0.0,0.0,0.0
IDI,0.0,0.0,0.0,0.0
IDK,0.8,0.4,0.7142857142857143,0.8181818181818182
IDL,0.0,0.0,0.0,0.0
IDM,0.5,0.5,1.0,0.0
IDN,0.0,0.0,0.3333333333333333,0.6666666666666666
IDP,0.5238095238095238,0.5833333333333334,0.42857142857142855,0.1
IDQ,0.46153846153846156,0.2857142857142857,0.3181818181818182,0.3333333333333333
IDR,0.3333333333333333,0.6296296296296297,0.5555555555555556,0.6190476190476191
IDS,0.0,0.42857142857142855,0.16666666666666666,0.6
IDT,0.3333333333333333,0.8333333333333334,0.375,0.18181818181818182
IDW,0.0,0.0,0.0,0.0
IED,0.3333333333333333,0.6666666666666666,1.0,0.8
IEE,0.5652173913043478,0.02564102564102564,0.3548387096774194,0.5
IEG,0.55,0.0,0.4583333333333333,0.8
IEH,0.0,0.0,0.0,0.0
IEI,0.5555555555555556,0.3076923076923077,0.631578947368421,0.7142857142857143
IEK,0.5384615384615384,0.65,0.9210526315789473,0.8404255319148937
IEL,0.0,0.0,0.0,0.0
IEM,0.25,0.5555555555555556,0.2222222222222222,0.0
IEQ,0.75,0.05,0.0,0.0
IER,0.0,1.0,0.0,1.0
IES,0.6363636363636364,0.3333333333333333,0.75,0.0
IET,0.0,0.0,0.0,0.0
IEV,0.5,0.5,0.6428571428571429,0.3333333333333333
IEY,0.5,0.3333333333333333,0.0,0.0
IFA,0.5555555555555556,0.5,0.0,1.0
IFC,0.3333333333333333,0.0,0.2,0.0
IFD,0.0,0.0,0.0,0.0
IFE,0.7692307692307693,0.8333333333333334,1.0,0.7142857142857143
IFG,0.0,0.0,0.0,0.0
IFH,0.0,1.0,1.0,0.8333333333333334
IFK,0.5909090909090909,0.6521739130434783,0.2727272727272727,0.56
IFL,0.5,0.25,0.0,0.5
IFQ,0.1111111111111111,0.797979797979798,0.648936170212766,0.1
IFS,0.2,0.05263157894736842,0.11764705882352941,0.2857142857142857
IFV,0.0,0.0,0.0,0.0
IGA,0.0,0.0,0.0,0.0
IGD,0.0,0.0,0.0,0.0
IGE,0.0,1.0,0.0,0.3333333333333333
IGG,0.4,0.09090909090909091,0.37142857142857144,0.43902439024390244
IGH,0.25,0.3333333333333333,0.0,0.0
IGI,0.3333333333333333,0.0,0.0,0.3333333333333333
IGK,0.16666666666666666,0.3333333333333333,0.8405797101449275,0.8314606741573034
IGL,0.0,0.16666666666666666,0.0,0.09090909090909091
IGM,0.0,0.0,0.6595744680851063,0.7241379310344828
IGP,0.2857142857142857,0.6103896103896104,0.2857142857142857,0.125
IGQ,0.0,0.0,0.0,0.0
IGR,0.75,0.8,0.8181818181818182,0.8333333333333334
IGT,0.35714285714285715,0.0,0.3870967741935484,0.47619047619047616
IGV,0.5714285714285714,0.6666666666666666,0.7142857142857143,0.4
IGY,0.25,0.0,0.0,0.5
IHA,0.0,0.0,0.0,0.0
IHC,0.0,0.0,0.0,0.0
IHI,0.0,0.0,1.0,1.0
IHL,0.5,0.0,0.0,0.4
IHN,0.0,0.0,0.0,0.0
IHP,0.6086956521739131,0.4444444444444444,0.3626373626373626,0.6901408450704225
IHS,0.16666666666666666,0.16666666666666666,0.2857142857142857,0.0
IHV,1.0,0.0,0.45454545454545453,0.0
IHW,0.8571428571428571,0.37142857142857144,0.1111111111111111,0.5
IIA,0.5,0.6666666666666666,0.0,0.25
IIC,0.0,0.0,0.0,0.0
IID,0.25,0.2,0.4,0.3333333333333333
IIE,0.631578947368421,0.2542372881355932,0.0425531914893617,0.0
IIF,0.0,0.0,0.0,0.0
IIG,0.5555555555555556,0.16666666666666666,0.4444444444444444,0.3333333333333333
III,0.5714285714285714,0.0,0.5384615384615384,0.75
IIK,0.0,1.0,0.6666666666666666,0.0
IIL,0.0,0.0,0.2,0.0
IIN,0.25,0.5,0.3333333333333333,0.2
IIP,0.0,0.0,0.0,0.0
IIQ,0.5714285714285714,0.7411764705882353,0.7049180327868853,0.7121212121212122
IIR,0.0,0.0,0.0,0.0
IIS,0.0,0.0,0.0,1.0
IIT,0.0,0.4444444444444444,0.2222222222222222,0.0
IIV,0.14285714285714285,0.0,0.14285714285714285,0.375
IIW,0.16666666666666666,0.3333333333333333,0.2,0.3333333333333333
IIY,0.0,0.0,0.0,0.0
IKA,0.0,0.034482758620689655,0.0,0.5
IKD,0.0,0.0,0.0,0.0
IKE,0.0,0.0,0.875,0.25
IKF,0.2,0.2857142857142857,0.16666666666666666,0.0
IKG,0.5,0.875,0.4,0.7272727272727273
IKH,1.0,0.9090909090909091,0.8,0.8333333333333334
IKI,1.0,1.0,0.8,0.0
IKK,0.6145833333333334,0.45517241379310347,0.4782608695652174,0.5106382978723404
IKL,0.0,0.0,0.5,0.0
IKM,1.0,0.8333333333333334,0.6666666666666666,0.75
IKN,1.0,0.16666666666666666,0.0,0.0
IKQ,1.0,0.0,0.5,0.5
IKR,0.0,0.0,1.0,0.0
IKV,0.2571428571428571,0.6296296296296297,0.7,0.5283018867924528
IKY,0.0,0.5,1.0,0.0
ILA,0.0,0.0,1.0,0.0
ILD,0.4,0.4444444444444444,0.2647058823529412,0.6333333333333333
ILE,0.0,0.0,0.11428571428571428,0.0
ILF,0.5,0.0,0.5,0.0
ILG,0.0,0.0,0.0,0.0
ILH,0.6,0.6666666666666666,1.0,0.75
ILK,0.0,0.0,0.6486486486486487,0.0
ILL,0.8571428571428571,0.9285714285714286,0.9166666666666666,0.7619047619047619
ILM,0.0,0.0,0.0,0.0
ILN,0.6666666666666666,0.5,0.6666666666666666,0.0
ILP,0.0,0.0,0.0,0.0
ILQ,0.2857142857142857,0.0,0.16666666666666666,0.6666666666666666
ILR,0.1111111111111111,0.25,0.2631578947368421,0.38461538461538464
ILS,0.0,0.0,0.0,0.0
ILT,0.4444444444444444,0.0,0.5384615384615384,0.25
ILV,0.48148148148148145,0.6060606060606061,0.42857142857142855,0.5294117647058824
ILY,0.0,0.0,0.5,0.5
IME,0.0,0.0,0.0,0.0
IMI,0.2727272727272727,0.125,0.391304347826087,0.6111111111111112
IML,0.5,0.6666666666666666,0.3333333333333333,1.0
IMN,0.0,0.0,0.0,0.0
IMY,0.0,0.0,0.0,0.0
INA,0.2857142857142857,0.0,0.0,0.0
INC,0.3333333333333333,0.0,0.0,0.0
IND,0.0,0.0,0.0,0.0
INE,0.8333333333333334,0.0,0.0,0.6666666666666666
ING,0.25,0.5,0.5,0.6
INI,0.0,0.3333333333333333,0.3333333333333333,0.0
INK,0.16666666666666666,0.4,0.0,0.25
INN,0.18181818181818182,0.7404580152671756,0.7228915662650602,0.45714285714285713
INP,0.0,0.0,0.0,0.0
INQ,0.0,0.0,0.0,0.0
INR,1.0,0.0,0.5,0.0
INS,0.0,0.0,0.0,0.0
INT,1.0,0.0,0.4,0.5714285714285714
INY,0.6666666666666666,1.0,1.0,0.0
IPA,0.0,0.0,0.0,0.0
IPC,1.0,0.0,0.0,0.0
IPE,0.16216216216216217,0.01,0.0821917808219178,0.10344827586206896
IPF,0.6666666666666666,0.0,0.08333333333333333,0.0
IPG,0.0,0.0,0.0,1.0
IPH,0.047619047619047616,0.7961783439490446,0.8582089552238806,0.05555555555555555
IPI,0.5555555555555556,0.42857142857142855,0.25,0.75
IPK,0.5,0.5,0.5,1.0
IPL,0.0,0.017857142857142856,0.02631578947368421,0.8604651162790697
IPN,0.0,0.0,0.0,0.75
IPP,0.0,0.0,0.0,0.0
IPQ,0.0,0.0,0.0,0.0
IPS,0.0625,0.4935064935064935,0.0,0.5263157894736842
IPV,0.36363636363636365,0.18181818181818182,0.13333333333333333,0.0
IPY,0.0,0.0,0.0,0.0
IQA,0.5853658536585366,0.6075949367088608,0.0,0.43137254901960786
IQD,0.0,0.0,0.0,0.0
IQE,0.0,0.0,1.0,1.0
IQF,0.25,0.0,0.7272727272727273,0.9230769230769231
IQG,0.0,0.0,0.2,0.6666666666666666
IQI,0.8125,0.4,0.2857142857142857,0.8461538461538461
IQK,0.6212121212121212,0.48,0.5650887573964497,0.5058139534883721
IQL,0.0,0.0,0.0,0.0
IQM,0.6086956521739131,0.1,0.07692307692307693,0.7272727272727273
IQR,1.0,1.0,0.5,0.5
IQS,0.0,0.0,0.0,0.0
IQY,0.5555555555555556,0.5263157894736842,0.42857142857142855,0.4166666666666667
IRA,0.375,0.42857142857142855,0.36363636363636365,0.45454545454545453
IRD,0.0,0.0,0.0,0.0
IRE,0.5,0.8888888888888888,0.7142857142857143,0.5
IRF,0.0,0.0,0.0,0.0
IRG,0.48,0.5909090909090909,0.48484848484848486,0.6923076923076923
IRI,0.8461538461538461,0.75,0.5918367346938775,0.631578947368421
IRK,0.3,0.3333333333333333,0.18518518518518517,0.1
IRL,0.6666666666666666,0.3888888888888889,0.2857142857142857,0.4
IRN,0.75,0.8181818181818182,0.8095238095238095,0.4166666666666667
IRP,1.0,1.0,0.6666666666666666,0.75
IRQ,0.8333333333333334,0.4,0.5,0.5
IRR,0.0,0.0,0.0,0.0
IRS,0.0,0.0,0.0,0.0
IRT,0.9411764705882353,0.7619047619047619,0.8181818181818182,1.0
IRY,0.3333333333333333,0.5740740740740741,0.27906976744186046,0.76
ISA,0.8260869565217391,0.08333333333333333,0.25,0.6153846153846154
ISD,0.21428571428571427,0.2,0.02702702702702703,0.034482758620689655
ISE,0.1,0.0,0.125,0.0
ISF,1.0,0.0,0.25,1.0
ISG,0.0,0.0,0.0,0.0
ISH,1.0,0.0,0.0,1.0
ISI,0.0,0.0,0.0,0.0
ISK,0.5238095238095238,0.08108108108108109,0.13793103448275862,0.36363636363636365
ISL,0.0,0.0,0.0,0.0
ISM,0.8461538461538461,0.6,0.5454545454545454,0.6551724137931034
ISN,0.0,0.0,0.0,0.0
ISP,0.7301587301587301,0.5384615384615384,0.4807692307692308,0.0
ISQ,0.0,0.0,0.0,0.0
ISR,0.375,0.16666666666666666,0.25,0.8
ISS,0.3333333333333333,0.36363636363636365,0.0,0.0
IST,0.375,0.42857142857142855,0.2,0.0
ISV,0.4444444444444444,0.6,0.3333333333333333,0.5
ISW,0.0,0.0,0.0,0.0
ISY,0.8,0.5531914893617021,0.6,0.0
ITA,0.8,0.0,0.0,0.3333333333333333
ITC,0.0,0.0,0.0,0.0
ITD,0.8823529411764706,0.7692307692307693,0.6585365853658537,0.9333333333333333
ITE,0.0,0.0,0.0,0.0
ITF,0.0,0.0,0.0,0.0
ITG,0.09090909090909091,0.125,0.09090909090909091,0.1111111111111111
ITH,0.0,0.0,0.2,0.2
ITI,0.0,0.0,0.0,0.0
ITK,0.0,1.0,0.0,0.5
ITL,0.5,0.5,1.0,0.8
ITP,0.0,0.0,0.0,0.0
ITQ,0.0,0.5714285714285714,0.2857142857142857,0.0
ITR,0.0,1.0,0.0,0.0
ITS,0.0,0.2,0.0,0.2
ITT,0.0,0.6336633663366337,0.0,0.0
ITV,0.2,0.5,0.42857142857142855,0.0
IVA,0.6666666666666666,0.0,0.75,0.5
IVC,1.0,0.5,0.0,0.0
IVD,0.0,0.0,0.0,0.0
IVE,0.5384615384615384,0.5,0.16129032258064516,0.11363636363636363
IVF,0.0,0.0,0.0,0.16666666666666666
IVG,0.09090909090909091,0.045454545454545456,0.0,0.058823529411764705
IVH,0.0,0.0,0.0,0.0
IVI,0.058823529411764705,0.5245901639344263,0.012987012987012988,0.0
IVK,0.4,0.15384615384615385,0.4,0.5714285714285714
IVL,0.12195121951219512,0.0,0.7867647058823529,0.21568627450980393
IVM,0.6666666666666666,0.6666666666666666,0.8,0.0
IVN,0.6153846153846154,0.631578947368421,0.75,0.75
IVQ,0.0,0.0,0.0,0.0
IVR,0.5,0.18181818181818182,0.45454545454545453,0.8235294117647058
IVS,0.16666666666666666,0.0,0.03125,0.08823529411764706
IVT,0.42857142857142855,0.0625,0.23255813953488372,0.7681159420289855
IVV,0.1111111111111111,0.14285714285714285,0.375,0.7272727272727273
IWF,0.8,0.36363636363636365,0.4,0.8214285714285714
IWG,0.0,0.6068376068376068,0.05555555555555555,0.0
IWI,0.0,1.0,0.0,0.0
IWT,0.0,0.0,0.0,0.0
IWV,0.5,0.5,0.3333333333333333,0.0
IYA,0.42857142857142855,0.3333333333333333,0.375,0.0
IYD,0.6923076923076923,0.0,0.8571428571428571,0.42857142857142855
IYF,1.0,0.0,1.0,1.0
IYG,0.0,0.0,0.0,0.0
IYI,0.41379310344827586,0.42857142857142855,0.2972972972972973,0.4418604651162791
IYL,0.25,0.0,0.0,0.4090909090909091
IYN,0.6666666666666666,0.8571428571428571,0.8,0.8333333333333334
IYP,0.047619047619047616,0.3793103448275862,0.4406779661016949,0.0
IYQ,0.13043478260869565,0.5672514619883041,0.4431137724550898,0.40816326530612246
IYR,0.0,0.0,0.0,0.0
IYS,0.8780487804878049,0.5806451612903226,0.78125,0.8235294117647058
IYT,0.0,0.2,0.0,0.375
IYV,0.0,0.18181818181818182,0.0,0.0
IYW,0.0,0.0,0.8888888888888888,0.8333333333333334
KAA,1.0,0.0,1.0,0.3333333333333333
KAC,0.625,0.8,0.75,0.5
KAD,1.0,1.0,0.3333333333333333,0.6
KAE,0.8571428571428571,0.6666666666666666,0.5,1.0
KAF,0.16666666666666666,0.15384615384615385,0.0,0.16666666666666666
KAG,0.0,0.0,0.058823529411764705,0.125
KAI,0.0,0.0,0.21428571428571427,0.4
KAK,0.6666666666666666,0.6666666666666666,0.7142857142857143,0.75
KAL,0.38181818181818183,0.3333333333333333,0.5,0.631578947368421
KAM,0.0,0.3333333333333333,0.3333333333333333,0.5
KAN,0.6666666666666666,1.0,1.0,1.0
KAP,0.7142857142857143,0.6153846153846154,0.8,0.6666666666666666
KAQ,0.0,1.0,1.0,1.0
KAR,1.0,0.0,0.6,1.0
KAS,0.0,0.3333333333333333,0.0,1.0
KAT,0.7142857142857143,0.0,0.16666666666666666,0.7142857142857143
KAV,0.0,0.0,0.0,0.0
KAW,0.6666666666666666,0.5,0.0,0.42857142857142855
KCC,0.9375,1.0,0.9615384615384616,0.8
KCF,1.0,1.0,0.8571428571428571,0.6666666666666666
KCG,0.0,0.0,0.0,0.0
KCI,0.0,0.0,0.0,0.0
KCK,0.16666666666666666,0.2,0.36363636363636365,0.0
KCL,0.6666666666666666,0.5,0.0,1.0
KCP,0.0,0.0,0.0,0.0
KCR,1.0,0.5,0.8571428571428571,0.625
KCY,0.0,0.0,0.0,0.0
KDA,0.3333333333333333,0.4,0.1,1.0
KDD,0.25,0.1,0.35714285714285715,0.4
KDE,0.7317073170731707,0.6363636363636364,0.3,0.4166666666666667
KDF,0.3333333333333333,0.2,0.45454545454545453,0.0
KDG,0.08333333333333333,0.0,0.058823529411764705,0.25
KDH,1.0,0.4,0.3333333333333333,0.0
KDI,0.0,0.0,0.3333333333333333,0.0
KDL,0.22727272727272727,0.0967741935483871,0.07042253521126761,0.25
KDM,0.0,0.0,0.0,0.0
KDN,1.0,0.5,0.5,1.0
KDQ,0.0,0.0,0.0,0.0
KDR,0.2857142857142857,0.25,0.0,0.5714285714285714
KDS,0.4166666666666667,0.21212121212121213,0.7101449275362319,0.2127659574468085
KDT,0.0,0.0,0.0,0.0
KDV,0.0,0.0,0.0,0.0
KDY,0.0,0.0,0.0,0.0
KEA,0.0,0.0,0.0,0.0
KEC,0.0,0.0,0.0,0.0
KED,0.3333333333333333,0.4,0.2,0.0
KEE,0.0,0.0,0.0,0.0
KEF,0.5,0.5,0.4166666666666667,0.5384615384615384
KEG,0.5,0.06451612903225806,0.22727272727272727,0.4
KEH,0.0,0.0,0.0,0.0
KEI,0.7142857142857143,0.4166666666666667,0.42857142857142855,0.6153846153846154
KEK,0.0,0.0,0.0,0.07142857142857142
KEL,0.3333333333333333,0.0,0.16666666666666666,0.0
KEM,0.3333333333333333,0.25,0.5333333333333333,0.16666666666666666
KEN,0.0,1.0,0.0,0.6666666666666666
KEP,0.15384615384615385,0.0,0.09210526315789473,0.0
KEQ,0.0,0.0,0.0,0.0
KER,0.0,0.0,0.0,0.0
KES,0.0,0.0,0.0,0.0
KET,0.717391304347826,0.6149425287356322,0.4444444444444444,0.22058823529411764
KEV,0.25,0.2727272727272727,0.15789473684210525,0.3333333333333333
KEW,1.0,0.8333333333333334,1.0,1.0
KEY,0.5,1.0,1.0,0.8
KFA,1.0,1.0,1.0,0.0
KFD,0.0,0.0,0.0,0.0
KFE,0.4,0.0,0.0,0.5
KFG,0.6666666666666666,0.6,1.0,1.0
KFK,0.0,0.3218390804597701,0.3787878787878788,0.75
KFL,0.0,0.0,0.0,0.0
KFN,1.0,1.0,0.0,0.6666666666666666
KFP,0.0,0.0,0.0,0.0
KFR,0.0,0.0,0.0,0.0
KFS,0.5,0.42857142857142855,0.3333333333333333,0.8461538461538461
KFT,1.0,0.6666666666666666,1.0,0.75
KFV,0.0,0.0,0.0,0.0
KFY,0.0,0.0,0.0,0.0
KGA,0.8571428571428571,0.8571428571428571,0.625,0.9
KGE,0.0,0.0,0.0,0.0
KGF,0.16666666666666666,0.5714285714285714,0.8333333333333334,0.3333333333333333
KGG,0.0,0.0,0.0,0.0
KGI,0.0,0.0,0.0,0.0
KGK,0.38461538461538464,0.6190476190476191,0.6470588235294118,0.6153846153846154
KGL,0.0,0.08333333333333333,0.0,0.1111111111111111
KGQ,0.5,0.8571428571428571,0.5882352941176471,0.2857142857142857
KGR,0.25,0.13333333333333333,0.125,0.0784313725490196
KGS,0.6071428571428571,0.6293103448275862,0.4946236559139785,0.15625
KGT,0.0,0.0,0.2857142857142857,0.0
KGV,0.5,0.42857142857142855,0.5,0.8
KHC,0.5,0.0,0.0,0.5
KHG,0.0,0.0,0.0,0.0
KHI,0.0,0.0,0.0,0.0
KHN,0.8,0.9565217391304348,0.8888888888888888,0.8571428571428571
KHP,0.8888888888888888,0.8,1.0,0.8571428571428571
KHQ,0.2727272727272727,0.07142857142857142,0.7,0.0
KHS,0.5333333333333333,0.38461538461538464,0.9185185185185185,0.8686868686868687
KHT,0.0,0.0,0.0,0.0
KHV,0.0,0.0,0.0,0.0
KHW,0.0,0.0,0.3333333333333333,0.5
KIA,0.5454545454545454,0.75,0.375,0.0
KID,0.6666666666666666,0.3333333333333333,0.75,0.25
KIE,0.5666666666666667,0.10810810810810811,0.42857142857142855,0.7727272727272727
KIF,0.6666666666666666,1.0,0.5,0.0
KIG,0.0,0.0,0.0,0.0
KIH,0.0,0.0,0.0,0.0
KII,0.0,0.0,0.0,0.0
KIK,0.7066666666666667,0.25,0.32954545454545453,0.6785714285714286
KIL,0.7931034482758621,0.4,0.41304347826086957,0.9375
KIM,0.375,0.3,0.5714285714285714,0.7727272727272727
KIN,0.5,0.0,0.0,0.0
KIP,0.7142857142857143,0.0,0.07692307692307693,0.7142857142857143
KIR,0.3,0.2,0.21739130434782608,0.0
KIS,0.5,0.20930232558139536,0.4470588235294118,0.776595744680851
KIT,0.34615384615384615,0.6766917293233082,0.359375,0.3225806451612903
KIV,0.2631578947368421,0.0,0.4375,0.2857142857142857
KIY,0.7647058823529411,0.35714285714285715,0.15151515151515152,0.5172413793103449
KKA,0.4166666666666667,0.3,0.7142857142857143,0.625
KKC,0.9375,0.8,0.9310344827586207,1.0
KKD,0.7301587301587301,0.5915492957746479,0.7075471698113207,0.5945945945945946
KKE,0.2222222222222222,0.125,0.2857142857142857,0.25
KKG,0.0,0.0,0.0,0.0
KKH,0.3333333333333333,0.06976744186046512,0.7209302325581395,0.0
KKI,0.0,0.0,0.0,0.0
KKK,0.7111111111111111,0.25,0.46835443037974683,0.7142857142857143
KKL,0.7272727272727273,0.3333333333333333,0.4375,0.8
KKM,0.0,0.0,0.5,0.5
KKN,0.0,0.0,0.0,0.0
KKP,0.7222222222222222,0.6666666666666666,0.1267605633802817,0.4146341463414634
KKQ,0.0,0.0,0.0,0.0
KKR,0.75,0.5,0.14285714285714285,0.6666666666666666
KKS,0.3548387096774194,0.21212121212121213,0.10810810810810811,0.6323529411764706
KKV,0.75,0.5,0.3125,0.4444444444444444
KKW,0.95,0.6666666666666666,0.875,0.8095238095238095
KKY,0.5,0.5,0.3333333333333333,1.0
KLA,0.5517241379310345,0.4166666666666667,0.7692307692307693,0.7857142857142857
KLD,0.0,0.0,0.0,0.0
KLE,0.6666666666666666,0.3333333333333333,0.3333333333333333,0.0
KLF,0.0,0.0,0.0,0.0
KLG,0.2857142857142857,0.46551724137931033,0.47619047619047616,0.5737704918032787
KLI,0.0,0.0,0.0,0.0
KLK,0.2777777777777778,0.35106382978723405,0.05925925925925926,0.10416666666666667
KLL,0.5974025974025974,0.5140845070422535,0.6305732484076433,0.6375
KLN,0.06666666666666667,0.6346153846153846,0.8121546961325967,0.6285714285714286
KLP,0.045454545454545456,0.5328467153284672,0.36231884057971014,0.7283950617283951
KLQ,0.0,0.0,0.0,0.0
KLR,0.0,0.0,0.3333333333333333,0.0
KLS,0.2,0.0,0.0,0.0
KLT,1.0,0.2,0.375,0.2857142857142857
KLV,0.36923076923076925,0.4634146341463415,0.7268722466960352,0.5263157894736842
KLW,0.0,0.0196078431372549,0.0,0.20754716981132076
KLY,1.0,0.0,1.0,0.5
KMA,0.0,0.0,0.3333333333333333,0.2857142857142857
KME,0.0,0.0,0.0,0.0
KMG,0.0,0.0,0.0,0.0
KMH,0.0,0.2,0.4,0.6666666666666666
KMK,0.7777777777777778,0.6666666666666666,0.3333333333333333,1.0
KMR,0.8,0.7804878048780488,0.5483870967741935,0.8064516129032258
KMS,0.0,0.0,0.0,0.0
KMV,0.0,0.0,0.0,0.0
KMY,1.0,0.0,0.0,0.0
KNA,0.5,0.0,0.0,0.0
KNC,0.0,0.0,0.0,0.0
KND,0.0,0.0,0.0,0.0
KNF,0.3,0.3333333333333333,0.0,0.21428571428571427
KNG,0.0,0.0,0.0,0.0
KNI,0.0,0.0,0.0,0.0
KNK,0.64,0.0,0.5454545454545454,0.8461538461538461
KNL,0.08333333333333333,0.0,0.017241379310344827,0.03571428571428571
KNM,0.8421052631578947,0.7619047619047619,0.7666666666666667,0.88
KNN,0.8333333333333334,0.625,0.7692307692307693,0.75
KNQ,1.0,1.0,0.0,1.0
KNS,0.6,0.42857142857142855,0.5,0.5
KNT,0.5714285714285714,0.0,0.0,0.0
KNW,0.8333333333333334,0.3333333333333333,1.0,0.5
KNY,0.0,0.0,1.0,0.0
KPA,0.6666666666666666,0.6666666666666666,0.75,0.5
KPC,0.0,0.0,0.0,0.0
KPD,0.5,0.0,0.6666666666666666,0.2727272727272727
KPE,1.0,0.5,0.3125,1.0
KPF,0.0,0.0,0.4,0.6666666666666666
KPG,0.24,0.3069306930693069,0.04716981132075472,0.08888888888888889
KPH,0.0,0.0,0.0,0.0
KPI,1.0,0.8,0.6,1.0
KPK,0.5882352941176471,0.0,0.7,0.0
KPL,0.75,1.0,1.0,1.0
KPM,0.3125,0.35714285714285715,0.4166666666666667,0.5555555555555556
KPP,0.0,0.0,0.0,0.0
KPR,0.6666666666666666,1.0,0.5,1.0
KPS,0.875,1.0,0.8214285714285714,0.3333333333333333
KPV,0.3333333333333333,0.75,0.0,0.2222222222222222
KPW,0.125,0.0,0.0,0.0
KPY,0.0,0.0,0.0,0.0
KQA,0.75,0.3333333333333333,0.2727272727272727,0.4444444444444444
KQD,1.0,0.9,0.6666666666666666,1.0
KQF,0.6666666666666666,0.0,0.6923076923076923,0.0
KQG,0.17391304347826086,0.5306122448979592,0.05,0.2619047619047619
KQH,0.0,0.0,0.0,0.0
KQI,1.0,0.6875,0.7307692307692307,0.8888888888888888
KQK,0.6666666666666666,0.8888888888888888,0.16666666666666666,1.0
KQL,0.5106382978723404,0.704,0.0,0.4473684210526316
KQN,0.0,0.0,0.03571428571428571,0.0
KQP,0.0,0.0,0.0,0.0
KQR,0.3333333333333333,0.0,0.9166666666666666,0.6
KQT,0.7142857142857143,0.0,0.7,1.0
KQW,0.7625,0.7317073170731707,0.34782608695652173,0.5217391304347826
KQY,0.25,0.4,0.35294117647058826,0.5555555555555556
KRA,0.8,0.0,0.5862068965517241,0.8333333333333334
KRD,0.5,0.25,1.0,0.0
KRE,0.25,0.0,0.0,0.0
KRF,0.875,0.6666666666666666,0.4,1.0
KRG,0.25,0.0,0.13636363636363635,0.1
KRH,0.75,0.0,0.5,0.5714285714285714
KRI,0.75,0.5,0.375,0.5
KRK,0.5,0.6,0.4444444444444444,0.8
KRL,0.3333333333333333,0.5,0.3333333333333333,0.8333333333333334
KRM,0.0,0.0,0.0,0.0
KRN,0.0,0.0,0.0,0.0
KRP,0.2222222222222222,0.35714285714285715,0.6363636363636364,0.4
KRQ,0.0,0.5,0.0,0.5
KRR,1.0,0.0,0.75,0.75
KRS,0.0,0.0,0.0,0.0
KRT,0.7377049180327869,0.37777777777777777,0.29347826086956524,0.4117647058823529
KRV,1.0,1.0,1.0,1.0
KSD,0.3076923076923077,0.4444444444444444,0.5,0.3
KSE,1.0,0.835820895522388,0.7204301075268817,0.8208955223880597
KSF,0.0,0.0,0.0,0.0
KSG,0.6666666666666666,0.4,1.0,1.0
KSH,0.0,0.0,0.0,0.0
KSI,0.4444444444444444,0.36363636363636365,0.5,0.6666666666666666
KSK,0.0,0.0,0.0,0.0
KSL,0.037037037037037035,0.12,0.1836734693877551,0.7142857142857143
KSM,0.0,0.0,0.0,0.0
KSN,0.4,1.0,0.0,0.0
KSP,0.35714285714285715,0.6666666666666666,0.013513513513513514,0.43283582089552236
KSQ,1.0,0.9047619047619048,0.7692307692307693,1.0
KSS,1.0,0.0,1.0,0.0
KST,0.0,0.0,0.3333333333333333,0.4
KSV,0.0,0.0,0.0,0.0
KSY,0.4,0.3333333333333333,0.6666666666666666,0.5
KTA,0.6666666666666666,0.7142857142857143,0.6666666666666666,0.8
KTD,0.38461538461538464,0.5555555555555556,0.3333333333333333,0.7142857142857143
KTE,0.5217391304347826,0.6379310344827587,0.3611111111111111,0.826530612244898
KTF,0.7777777777777778,0.6,0.5454545454545454,0.5
KTG,0.0,0.6857142857142857,0.3283582089552239,0.0
KTH,1.0,1.0,0.0,1.0
KTI,0.25,0.29411764705882354,0.47058823529411764,0.6
KTK,0.6666666666666666,0.5,0.5833333333333334,0.3333333333333333
KTL,0.0,0.0,0.0,0.0
KTN,0.75,0.0,0.9615384615384616,0.0
KTP,0.17857142857142858,0.11666666666666667,0.03614457831325301,0.1
KTQ,0.0,0.0,0.0,0.0
KTR,0.7058823529411765,0.92,0.8260869565217391,0.4444444444444444
KTT,0.0,0.4,0.16666666666666666,0.2857142857142857
KTV,0.7272727272727273,0.0,0.8,0.0
KTY,0.75,0.75,0.0,1.0
KVA,0.3333333333333333,0.5714285714285714,0.0,1.0
KVC,0.0,1.0,0.25,0.0
KVD,0.3333333333333333,0.16666666666666666,0.0,0.0
KVE,0.75,0.8125,0.6153846153846154,0.6666666666666666
KVF,0.7894736842105263,0.625,0.7,0.9090909090909091
KVG,0.18181818181818182,0.6666666666666666,0.0,0.0
KVH,0.0,0.0,0.0,0.5
KVI,0.5,0.1,0.425,0.24
KVK,0.7176470588235294,0.75,0.34523809523809523,0.5588235294117647
KVL,0.5,0.3,0.7333333333333333,0.75
KVM,0.0,0.0,0.0,0.0
KVN,0.0,0.0,0.0,0.0
KVP,0.0,0.6666666666666666,0.3333333333333333,0.5
KVQ,0.75,0.6666666666666666,0.8,0.8
KVR,0.14285714285714285,0.6,0.5514705882352942,0.5813953488372093
KVS,0.6363636363636364,0.4666666666666667,0.45454545454545453,0.4444444444444444
KVT,0.4444444444444444,0.4230769230769231,0.23529411764705882,0.3
KVV,0.0,0.0,0.0,0.0
KVY,0.0,0.0,0.09090909090909091,0.04
KWC,1.0,0.6666666666666666,0.0,0.0
KWI,0.7692307692307693,0.8,0.84375,0.5333333333333333
KWK,0.5555555555555556,0.5,0.8235294117647058,0.0
KWR,0.6451612903225806,0.4794520547945205,0.5223880597014925,0.9090909090909091
KWT,0.0,0.11320754716981132,0.7241379310344828,0.0
KWV,1.0,1.0,0.625,1.0
KYA,0.46153846153846156,0.7453416149068323,0.6888888888888889,0.6097560975609756
KYD,0.0,0.0,0.0,0.0
KYE,0.0,1.0,0.6666666666666666,0.0
KYG,0.3333333333333333,0.3157894736842105,0.2777777777777778,0.3181818181818182
KYH,0.0,0.0,0.0,0.0
KYK,0.4444444444444444,0.0,0.4883720930232558,0.7
KYN,0.75,0.3333333333333333,0.625,1.0
KYP,1.0,0.5,0.75,1.0
KYT,0.53125,0.3582089552238806,0.25925925925925924,0.3333333333333333
KYV,0.0,0.0,0.0,0.0
KYY,0.45454545454545453,0.3,0.25,0.0
LAA,0.5454545454545454,0.6666666666666666,0.4166666666666667,0.7272727272727273
LAC,0.6666666666666666,0.4,0.3,0.6666666666666666
LAD,0.0,1.0,0.25,0.6
LAE,0.0,0.0,0.0,0.0
LAG,0.2,0.0,0.0,0.3333333333333333
LAI,0.6,0.0,0.3333333333333333,0.0
LAK,0.5,1.0,0.5,0.5
LAL,0.3333333333333333,0.0625,0.0,0.03125
LAP,0.5,0.3333333333333333,0.16666666666666666,0.25
LAQ,0.45161290322580644,0.21739130434782608,0.5769230769230769,0.5714285714285714
LAR,0.0,0.2222222222222222,0.0,0.0
LAS,0.6,0.6,0.75,0.8378378378378378
LAT,0.5,0.625,0.45454545454545453,0.5
LAW,0.0,0.5454545454545454,0.0,0.8275862068965517
LAY,0.0,0.25,0.0,0.0
LCD,0.3333333333333333,0.0,0.5,0.6
LCG,0.0,0.0,0.0,0.043478260869565216
LCI,0.5,0.3333333333333333,0.5,0.4
LCK,0.0,1.0,0.0,0.0
LCL,0.0,0.0,0.0,0.0
LCN,0.0,0.0,0.0,0.0
LCP,0.0,0.0,0.0,0.0
LCR,0.6666666666666666,1.0,0.5555555555555556,0.0
LCT,0.6666666666666666,0.6666666666666666,0.375,1.0
LCY,0.0,0.0,0.0,0.0
LDA,0.36363636363636365,0.0,0.3,0.75
LDD,0.0,0.0,0.0,0.0
LDE,0.07142857142857142,0.0625,0.02857142857142857,0.0
LDG,0.6923076923076923,0.5555555555555556,0.5,0.6666666666666666
LDI,0.25,0.45454545454545453,0.0,0.1
LDK,0.1875,0.1,0.0,0.2222222222222222
LDL,0.2,0.0,0.0,0.2
LDM,0.0,0.0,0.0,0.0
LDN,0.1111111111111111,0.1111111111111111,0.0,0.25
LDP,0.0,0.0,0.0,0.0
LDR,0.75,0.8,0.8,0.7222222222222222
LDS,0.3333333333333333,0.5555555555555556,0.14285714285714285,0.3333333333333333
LDT,0.26666666666666666,0.16666666666666666,0.25925925925925924,0.24
LDV,0.7142857142857143,0.17857142857142858,0.7076923076923077,0.26666666666666666
LDW,0.0,0.0,0.0,0.0
LDY,0.0,0.0,0.0,1.0
LEA,0.0,0.4444444444444444,0.5,0.0
LED,0.0,0.0,0.038461538461538464,0.45454545454545453
LEE,1.0,0.0,0.5,0.0
LEF,0.3333333333333333,0.75,0.3333333333333333,0.1111111111111111
LEG,0.1111111111111111,0.0,0.0,0.0
LEH,0.0,0.0,0.0,0.0
LEI,0.6,0.5333333333333333,0.35135135135135137,0.6666666666666666
LEK,0.0,0.07407407407407407,0.0,0.18
LEL,0.10526315789473684,0.4036697247706422,0.05714285714285714,0.6756756756756757
LEN,0.0,0.0,0.3333333333333333,0.0
LEP,0.0,0.0,0.03225806451612903,0.0
LEQ,0.0,0.0,0.0,0.0
LER,0.3333333333333333,0.5,0.5,0.0
LES,0.36363636363636365,0.46153846153846156,0.3333333333333333,0.375
LET,0.0,0.0,0.25,0.0
LEV,0.14285714285714285,0.0,0.08333333333333333,0.05
LEW,0.5714285714285714,0.2222222222222222,0.03125,0.09090909090909091
LEY,0.6,0.6666666666666666,0.14285714285714285,0.3333333333333333
LFC,1.0,1.0,0.3333333333333333,0.0
LFD,0.9,0.4,0.6,0.5
LFE,0.14285714285714285,0.18181818181818182,0.6190476190476191,0.7666666666666667
LFF,0.75,0.45454545454545453,0.8,0.7142857142857143
LFI,0.0,0.0,0.0,0.0
LFK,1.0,0.25,0.42857142857142855,0.0
LFN,0.0,0.0,0.0,0.0
LFP,0.0,0.0,0.0,0.0
LFQ,0.7777777777777778,0.5,0.625,0.6
LFR,0.53125,0.96,0.5119047619047619,0.6981132075471698
LFS,0.5,0.5,0.3333333333333333,0.6
LFT,0.0,0.0,0.0,0.0
LFV,0.5,1.0,0.0,1.0
LFY,0.5454545454545454,0.42857142857142855,0.3333333333333333,0.0
LGC,0.0,0.0,0.0,0.0
LGD,0.0,0.0,0.0,0.0
LGE,0.0,0.0,0.0,0.3333333333333333
LGF,0.0,0.08333333333333333,0.1111111111111111,0.0
LGG,0.0,0.16666666666666666,0.2857142857142857,0.5
LGI,0.4827586206896552,0.78099173553719,0.7703349282296651,0.5425531914893617
LGK,0.21428571428571427,0.41509433962264153,0.6170212765957447,0.44
LGL,0.2222222222222222,0.25,0.25,0.2
LGN,0.2857142857142857,0.0,0.0,0.4
LGP,0.0,0.0,0.0,0.0
LGQ,0.0,0.0,0.0,0.0
LGR,0.6666666666666666,0.5,0.3333333333333333,1.0
LGS,0.42857142857142855,0.0,0.0,0.0
LGT,0.3333333333333333,0.16666666666666666,0.13333333333333333,0.3333333333333333
LGV,0.625,0.8,0.7142857142857143,0.7272727272727273
LGY,0.0,0.0,0.0,0.0
LHA,0.34615384615384615,0.11764705882352941,0.3,0.2
LHE,0.0,0.0,0.0,0.0
LHH,0.0,1.0,0.0,0.0
LHI,0.25,0.25,0.0,0.0
LHK,0.0,0.0,0.0,0.0
LHL,0.1875,0.0,0.2608695652173913,0.0
LHN,0.5714285714285714,0.5,0.45454545454545453,0.5
LHP,0.0,0.06818181818181818,0.6911764705882353,0.0
LHQ,1.0,0.0,0.0,1.0
LHR,0.0,1.0,0.0,0.3333333333333333
LHS,0.0,1.0,0.75,1.0
LHV,1.0,0.6666666666666666,0.6666666666666666,0.75
LHY,0.6666666666666666,0.5,0.6,0.25
LIA,0.125,0.30864197530864196,0.25,0.16
LIC,0.0,0.0,0.0,0.0
LID,0.6,0.14285714285714285,0.08333333333333333,0.625
LIE,0.5,0.6153846153846154,0.16666666666666666,0.5
LII,0.0,0.0,0.0,0.0
LIK,0.0,0.0,0.0,0.06382978723404255
LIL,0.0,0.0,0.16666666666666666,0.4
LIM,0.0,0.0,0.0,0.0
LIN,0.5,0.0,0.0,0.0
LIP,0.0,0.0,0.0,0.0
LIQ,0.0,0.0,0.5714285714285714,1.0
LIR,0.3333333333333333,0.3333333333333333,0.3,0.2857142857142857
LIS,0.0,0.0,0.0,0.0
LIV,0.0,0.0,0.0,0.0
LIY,0.717948717948718,0.6190476190476191,0.8,0.42857142857142855
LKA,0.0,0.0,0.0,0.0
LKC,0.0,0.0,0.0,0.0
LKD,0.0,0.0,0.0,0.0
LKE,0.05263157894736842,0.038461538461538464,0.4214876033057851,0.06779661016949153
LKF,0.18181818181818182,0.3076923076923077,0.2727272727272727,0.7368421052631579
LKG,0.5,0.25,0.5454545454545454,1.0
LKI,0.6,0.0,0.625,0.75
LKK,0.5714285714285714,0.2976190476190476,0.2748091603053435,0.4262295081967213
LKL,0.0,0.0,0.125,0.0
LKM,0.5555555555555556,0.8333333333333334,0.6153846153846154,0.88
LKN,1.0,0.0,1.0,0.0
LKP,0.5517241379310345,0.3148148148148148,0.11214953271028037,0.05
LKQ,0.5,0.5294117647058824,0.4375,0.75
LKR,0.4166666666666667,0.09090909090909091,0.25,0.42857142857142855
LKS,0.3333333333333333,0.5,0.3333333333333333,0.5714285714285714
LKT,0.32432432432432434,0.640625,0.4305555555555556,0.16
LKV,0.0,0.5,0.5,1.0
LKW,0.4444444444444444,0.8571428571428571,1.0,0.0
LKY,0.5263157894736842,0.30434782608695654,0.48148148148148145,0.47058823529411764
LLA,0.75,0.65,0.8888888888888888,0.8709677419354839
LLC,0.1111111111111111,0.0,0.23943661971830985,0.5185185185185185
LLD,0.22727272727272727,0.14285714285714285,0.3684210526315789,0.5238095238095238
LLE,0.125,0.0,0.0,0.125
LLF,0.5789473684210527,0.7857142857142857,0.68,0.6923076923076923
LLG,0.0,0.2727272727272727,0.1,0.125
LLH,0.5,0.0,0.0,1.0
LLI,0.7272727272727273,0.0,0.0,0.0
LLK,0.125,0.0,0.0,0.375
LLL,0.44,0.21739130434782608,0.4117647058823529,0.42857142857142855
LLM,0.7333333333333333,0.7058823529411765,0.9285714285714286,0.7
LLN,0.36363636363636365,0.2,0.375,0.75
LLP,0.7857142857142857,0.18181818181818182,0.6111111111111112,0.7647058823529411
LLQ,0.6521739130434783,0.0,0.5416666666666666,0.3181818181818182
LLR,0.5617977528089888,0.547486033519553,0.6733668341708543,0.5390625
LLS,0.5,0.0,0.3333333333333333,0.4666666666666667
LLT,0.0,0.0,0.0,0.0
LLV,0.21428571428571427,0.42857142857142855,0.015384615384615385,0.5087719298245614
LLY,0.3,0.0,0.0,0.15384615384615385
LMA,0.0,0.3333333333333333,0.42857142857142855,0.4
LME,0.0,0.0,0.0,0.0
LMF,0.7857142857142857,0.8214285714285714,0.9230769230769231,0.75
LMG,0.5,0.0,0.0,1.0
LMI,0.0,0.0,0.0,0.0
LMK,0.3333333333333333,0.2,0.0,0.17647058823529413
LMN,0.2,0.2,0.0,0.0
LMR,0.9,0.8333333333333334,0.8636363636363636,0.8333333333333334
LMS,0.0,0.0,0.0,0.0
LMT,0.0,0.0,0.0,0.0
LMY,0.6666666666666666,0.0,0.0,0.0
LND,0.5,0.3333333333333333,0.5,0.25
LNE,0.6388888888888888,0.5263157894736842,0.4186046511627907,0.53125
LNF,0.3333333333333333,0.0,0.0,0.0
LNG,0.0,0.0,0.6,0.14285714285714285
LNH,0.0,0.0,1.0,1.0
LNI,0.0,0.0,0.0,0.0
LNK,0.6,0.5234375,0.39,0.4642857142857143
LNL,0.15384615384615385,0.5,0.3,0.1
LNM,1.0,0.8666666666666667,0.8125,1.0
LNN,0.7692307692307693,0.23076923076923078,0.4230769230769231,0.6875
LNP,0.0,0.0,0.0,0.0
LNQ,0.5,0.0,0.9,0.8
LNR,0.6666666666666666,1.0,0.6666666666666666,0.5
LNT,0.3333333333333333,0.3333333333333333,0.0,0.0
LNV,1.0,0.5,1.0,0.0
LNW,0.03571428571428571,0.7978142076502732,0.8709677419354839,0.8255813953488372
LPA,0.0,0.5,0.0,1.0
LPC,0.0,0.0,0.0,0.0
LPD,0.26666666666666666,0.0,0.3333333333333333,0.19230769230769232
LPE,0.16129032258064516,0.037037037037037035,0.7326732673267327,0.0975609756097561
LPG,0.2,0.0,0.3333333333333333,0.3333333333333333
LPH,0.0,0.0,0.0,0.0
LPI,0.18604651162790697,0.4827586206896552,0.3490566037735849,0.22580645161290322
LPK,0.0,0.0,0.0,0.0
LPL,0.7142857142857143,0.2,0.6875,0.8333333333333334
LPM,0.0,0.6,0.5,0.75
LPP,0.0,0.0,0.0,0.0
LPQ,0.53125,0.5303030303030303,0.5373134328358209,0.8571428571428571
LPR,0.0,1.0,0.0,0.0
LPS,0.0,1.0,0.0,0.75
LPV,0.25,0.4,0.0,0.5
LPY,0.5,0.25,0.25,0.25
LQA,0.6140350877192983,0.41935483870967744,0.5692307692307692,0.5851063829787234
LQD,0.0,0.0,0.0,0.0
LQE,0.6666666666666666,0.0,0.2857142857142857,0.42857142857142855
LQF,0.0,0.0,0.0,0.0
LQG,0.0,0.0,0.0,0.0
LQI,0.6875,0.7142857142857143,0.3333333333333333,0.45454545454545453
LQK,0.0,0.5,0.4444444444444444,0.7142857142857143
LQL,0.5,0.0,0.75,0.6666666666666666
LQM,0.058823529411764705,0.06666666666666667,0.0,0.0
LQN,0.0,0.0,0.1111111111111111,0.4166666666666667
LQP,0.0,0.0,0.0,0.0
LQR,0.0,0.0,0.0,0.0
LQS,0.8,0.9090909090909091,0.16666666666666666,0.7142857142857143
LQT,1.0,0.75,0.5,0.8333333333333334
LQV,0.3333333333333333,0.0,0.13725490196078433,0.5641025641025641
LQW,0.0,0.0,1.0,0.75
LQY,0.0,0.0,0.0,0.0
LRA,0.41379310344827586,0.25925925925925924,0.23809523809523808,0.45454545454545453
LRD,0.8,1.0,0.875,0.75
LRE,0.0,0.0,0.0,0.0
LRF,0.3333333333333333,0.3333333333333333,0.3333333333333333,0.6
LRG,0.6666666666666666,0.6896551724137931,0.7346938775510204,0.4766355140186916
LRH,1.0,1.0,0.5,0.0
LRI,0.25,0.0,0.4,0.3333333333333333
LRK,0.8,0.5,0.65,0.65
LRL,0.22727272727272727,0.17647058823529413,0.2631578947368421,0.0625
LRM,0.0,0.0,0.0,1.0
LRN,0.6666666666666666,0.6666666666666666,0.2,1.0
LRP,0.1111111111111111,0.0,0.1111111111111111,0.5111111111111111
LRQ,0.5526315789473685,0.23809523809523808,0.2727272727272727,0.6551724137931034
LRR,0.1,0.14285714285714285,0.23076923076923078,0.2857142857142857
LRS,0.6551724137931034,0.6388888888888888,0.34615384615384615,0.65
LRT,1.0,1.0,0.0,0.0
LRV,0.5384615384615384,0.2857142857142857,0.2727272727272727,0.625
LRW,0.6521739130434783,0.3469387755102041,0.37209302325581395,0.8333333333333334
LSC,0.0,0.0,0.043478260869565216,0.18181818181818182
LSE,0.0,0.0,0.3333333333333333,0.0
LSF,0.25,0.0,0.625,0.5454545454545454
LSG,0.0,1.0,0.4,1.0
LSH,0.5,1.0,0.3333333333333333,0.0
LSI,0.0,0.0,0.0,0.0
LSK,0.0,0.49137931034482757,0.7109375,0.5581395348837209
LSL,0.5,0.14285714285714285,0.9090909090909091,0.5
LSN,0.5,0.0,1.0,0.0
LSP,0.8,0.7142857142857143,0.5714285714285714,0.45454545454545453
LSQ,0.0,0.3333333333333333,0.8333333333333334,0.3333333333333333
LSR,0.0,0.0,0.36363636363636365,0.625
LSS,0.4,0.36363636363636365,0.0,0.3333333333333333
LST,0.0,0.0,0.0,0.0
LSV,0.3333333333333333,0.25,0.5714285714285714,0.3333333333333333
LTA,0.35294117647058826,0.09090909090909091,0.0,0.11538461538461539
LTC,0.0,0.0,0.0,0.0
LTD,0.0,0.375,0.5,0.0
LTE,0.3963963963963964,0.4570552147239264,0.3231707317073171,0.5629139072847682
LTF,0.0,0.0,1.0,0.3333333333333333
LTG,0.0,0.0,0.0,1.0
LTI,0.23529411764705882,0.2727272727272727,0.23529411764705882,0.0
LTK,0.0,0.42857142857142855,0.0,0.16666666666666666
LTL,1.0,0.0,0.3333333333333333,0.0
LTM,0.0,0.4,0.0,0.3333333333333333
LTN,0.13333333333333333,0.3684210526315789,0.4666666666666667,0.1875
LTP,0.5,1.0,0.5,0.0
LTQ,0.6,0.7142857142857143,0.5,0.5714285714285714
LTR,0.6,0.6666666666666666,0.3125,0.5
LTS,0.4444444444444444,0.36363636363636365,0.6086956521739131,0.75
LTT,0.7307692307692307,0.0625,0.5272727272727272,0.6363636363636364
LTV,0.0,0.1,0.0,0.0
LTY,0.0,1.0,0.0,0.0
LVC,0.0,0.0,0.0,0.0
LVD,0.5471698113207547,0.4146341463414634,0.40816326530612246,0.515625
LVE,0.3888888888888889,0.0,0.0273972602739726,0.5555555555555556
LVF,0.0,0.0,0.0,0.0
LVG,0.16,0.6556291390728477,0.8191489361702128,0.6271186440677966
LVH,0.0,0.0,0.0,0.0
LVI,0.0,0.35714285714285715,0.4444444444444444,0.4444444444444444
LVK,0.16279069767441862,0.375,0.10126582278481013,0.5483870967741935
LVL,0.3333333333333333,0.0,0.5,0.25
LVN,0.6666666666666666,0.5454545454545454,0.390625,0.5714285714285714
LVP,0.6,1.0,1.0,0.7142857142857143
LVQ,0.0,0.0,0.0,0.0
LVR,1.0,0.5,0.7058823529411765,0.8352941176470589
LVS,0.54,0.5076923076923077,0.3148148148148148,0.6
LVT,0.0,0.0,0.0,0.0
LVV,0.0,0.0,0.0,0.0
LVW,0.6111111111111112,0.4166666666666667,0.7272727272727273,0.7727272727272727
LVY,0.0,0.5,0.5,0.6666666666666666
LWD,0.0,0.0,0.0,0.0
LWI,0.0,0.0,0.0,0.0
LWM,0.15,0.8990825688073395,0.8135593220338984,0.058823529411764705
LWY,0.0,0.0,0.0,0.16666666666666666
LYD,0.6666666666666666,0.3333333333333333,0.8,0.0
LYE,0.0,0.0,0.0,0.0
LYF,0.0,0.5,0.0,0.0
LYG,0.0,0.0,0.0,1.0
LYH,1.0,0.0,0.0,0.0
LYK,0.0,0.0,0.0,0.0
LYL,0.0,0.0,0.0,0.0
LYN,0.5,0.5,0.0,1.0
LYP,0.3,0.0,0.15,0.35294117647058826
LYQ,0.3333333333333333,0.5833333333333334,0.3333333333333333,0.6666666666666666
LYR,1.0,0.7777777777777778,0.5,0.0
LYS,0.6818181818181818,0.5714285714285714,0.6486486486486487,0.5
LYT,0.0,0.0,0.0,0.0
LYV,0.18181818181818182,0.10344827586206896,0.6527777777777778,0.0
LYW,0.7058823529411765,0.0,0.625,0.8571428571428571
LYY,0.0,0.0,0.0,0.0
MAA,0.0,0.0,0.0,0.0
MAE,0.0,0.0,0.0,0.18181818181818182
MAG,0.0,0.0,0.0,0.0
MAK,0.0,0.0,0.0,0.0
MAL,0.0,0.0,0.5,1.0
MAM,0.0,0.0,0.0,0.0
MAN,1.0,0.0,0.0,0.0
MAP,0.0,0.0,1.0,0.0
MAS,0.5,0.4074074074074074,0.5882352941176471,0.5
MAT,0.375,0.14285714285714285,0.7142857142857143,0.4117647058823529
MAV,0.0,0.6666666666666666,0.6666666666666666,0.6
MAY,0.0,0.0,0.0,0.0
MDD,0.3684210526315789,0.77,0.75,0.3333333333333333
MDE,0.0,0.0,0.0,0.0
MDG,0.03125,0.0,0.0,0.07142857142857142
MDH,1.0,0.25,0.3333333333333333,0.25
MDI,0.7857142857142857,0.625,0.14285714285714285,0.5
MDL,1.0,0.25,0.6,0.25
MDN,0.0,1.0,0.75,1.0
MDQ,1.0,1.0,1.0,0.6666666666666666
MDR,0.0,0.0,0.0,0.4
MDT,1.0,0.5,0.0,0.0
MEA,0.0,0.0,0.0,0.0
MED,1.0,0.5,0.0,0.0
MEK,0.7777777777777778,0.0,0.07317073170731707,0.0
MEL,1.0,0.8,0.9375,1.0
MEN,0.0,0.0,0.0,0.0
MER,0.25,0.3333333333333333,0.2,1.0
MEV,0.0,1.0,0.3333333333333333,0.5
MEY,0.0,0.0,0.0,0.0
MFC,0.7272727272727273,0.4,0.6363636363636364,0.46153846153846156
MFD,0.6,0.6666666666666666,0.6470588235294118,0.8571428571428571
MFK,0.7333333333333333,0.8695652173913043,0.9333333333333333,0.9
MFL,0.0,0.0,0.0,0.0
MFT,0.0,0.0,0.0,0.0
MGA,0.3333333333333333,0.0,0.6666666666666666,0.0
MGG,0.0,0.0,0.0,0.0
MGH,0.0,0.0,0.0,0.0
MGI,0.5,0.0,0.3333333333333333,0.125
MGK,0.6666666666666666,0.0,1.0,0.3333333333333333
MGL,0.0,0.0,0.42857142857142855,0.0
MGS,1.0,0.0,0.0,1.0
MGV,0.0,0.0,0.0,0.0
MGW,0.0,0.8571428571428571,0.8571428571428571,0.75
MGY,0.15,0.8699186991869918,0.8181818181818182,0.05555555555555555
MHA,0.0,1.0,1.0,0.5
MHE,0.0,1.0,1.0,1.0
MHI,0.0,0.0,0.0,0.0
MHN,0.0,0.0,0.0,0.0
MIA,0.0,0.0,0.0,0.0
MID,0.0,0.0,0.0,0.0
MIE,0.2,0.0,0.47058823529411764,0.6923076923076923
MIG,0.8181818181818182,0.5,0.75,0.8888888888888888
MIK,0.0,1.0,0.0,1.0
MIL,0.0,0.0,0.0,0.0
MIN,0.0,0.0,0.0,0.0
MIP,1.0,1.0,1.0,0.5
MIS,0.0,0.0,0.0,0.0
MIT,0.0,0.0,0.0,0.0
MIY,0.0,0.0,0.0,0.0
MKA,0.0,0.0,0.0,0.0
MKC,1.0,1.0,0.0,0.5
MKD,0.8333333333333334,0.8571428571428571,0.3333333333333333,0.6666666666666666
MKG,1.0,0.84,0.5,0.6428571428571429
MKH,0.8181818181818182,1.0,1.0,0.875
MKI,0.5,0.4,0.0,0.0
MKK,0.5,0.0,0.4,0.5
MKL,0.0,0.0,0.0,0.11538461538461539
MKM,0.0,0.0,0.0,0.0
MKQ,0.6666666666666666,0.6666666666666666,0.0,0.3333333333333333
MKR,0.8571428571428571,0.0,0.4,0.8
MKS,0.0,0.0,0.058823529411764705,0.1111111111111111
MKT,1.0,0.8,0.75,1.0
MLD,0.0,0.0,0.0,0.0
MLE,0.16666666666666666,0.75,0.0,0.5517241379310345
MLF,0.3157894736842105,0.46153846153846156,0.33783783783783783,0.7727272727272727
MLQ,0.0,0.0,0.0,0.0
MLR,0.0,0.0,0.0,0.0
MLS,1.0,0.0,0.0,0.0
MLT,1.0,0.25,0.5,0.3333333333333333
MMA,0.0,0.0,0.0,0.0
MME,0.0,0.0,0.0,0.0
MNA,0.0,0.0,0.0,0.0
MND,0.0,0.0,0.0,0.0
MNE,0.0,0.0,0.0,0.0
MNG,1.0,0.3333333333333333,0.3333333333333333,0.0
MNI,0.0,0.0,0.0,0.0
MNL,0.0,0.0,0.0,0.0
MNS,0.15384615384615385,0.18181818181818182,0.4,0.0
MNV,0.0,0.0,0.0,0.0
MNW,1.0,0.0,0.6666666666666666,0.5
MPC,0.0,0.0,0.0,0.0
MPE,0.0,0.0,0.0,0.0
MPH,1.0,0.5,1.0,1.0
MPK,1.0,0.7777777777777778,0.7777777777777778,1.0
MPL,0.0,0.6666666666666666,0.0,1.0
MPN,1.0,0.3333333333333333,0.0,1.0
MPQ,0.7777777777777778,0.7857142857142857,0.7,0.8947368421052632
MPR,1.0,0.3333333333333333,0.5,0.0
MPT,0.0,0.0,0.0,0.0
MPV,0.0,0.0,0.0,0.0
MQG,0.0,0.20833333333333334,0.1875,0.35714285714285715
MQL,0.0,0.0,0.0,0.0
MQN,0.0,0.0,0.0,0.0
MQR,0.0,0.0,1.0,1.0
MQT,1.0,0.5,0.0,0.0
MQV,1.0,0.0,0.5,0.6666666666666666
MRA,0.0,0.6666666666666666,0.0,0.0
MRC,1.0,0.0,0.5,0.0
MRD,1.0,0.5,1.0,0.0
MRF,0.0,0.0,0.0,0.0
MRG,0.944954128440367,0.8027522935779816,0.6953125,0.8017241379310345
MRI,0.2,0.375,0.6470588235294118,0.4
MRP,0.0,0.0,0.0,0.3333333333333333
MRS,0.0,1.0,0.2727272727272727,0.5714285714285714
MRV,0.0,0.0,0.0,0.0
MSC,0.0,0.0,0.0,0.0
MSK,0.2,0.8,0.3333333333333333,0.0
MSM,0.0,0.0,0.0,0.0
MSP,0.0,0.0,0.0851063829787234,0.4883720930232558
MSR,1.0,0.8214285714285714,0.8076923076923077,0.8666666666666667
MSS,1.0,1.0,1.0,0.8
MST,0.3333333333333333,0.0,0.5,0.9285714285714286
MSY,1.0,0.0,0.0,0.0
MTD,0.6666666666666666,0.4,0.0,0.3333333333333333
MTE,0.0,0.0,0.0,0.0
MTK,0.15384615384615385,0.38461538461538464,0.42857142857142855,0.0
MTL,0.0,0.0,0.0,0.0
MTN,0.0,0.0,0.0,0.0
MTQ,0.6470588235294118,0.0,0.0,0.0
MTT,0.0,0.0,0.0,0.0
MTV,0.0,0.0,0.0,0.0
MTW,0.0,0.0,0.42857142857142855,1.0
MVE,0.5,0.0,0.0,1.0
MVF,0.0,0.0,0.0,0.0
MVG,0.0,0.0,0.0,0.0
MVH,0.5555555555555556,1.0,0.5555555555555556,0.0
MVL,0.0,0.0,0.0,0.0
MVN,0.0,0.0,0.0,0.0
MVQ,0.18181818181818182,0.0,0.16666666666666666,0.7142857142857143
MVR,0.0,0.0,0.0,0.0
MVT,0.0,1.0,0.0,0.0
MVV,0.0,0.0,0.0,0.0
MVW,0.0,0.0,0.0,0.0
MYA,1.0,0.0,0.0,1.0
MYD,0.6666666666666666,0.5555555555555556,0.5,1.0
MYM,0.0,0.0,0.0,0.0
MYS,0.6666666666666666,0.0,0.0,0.0
MYT,0.0,0.0,0.0,0.0
MYW,0.0,0.0,0.0,0.0
NAA,0.4444444444444444,0.0,0.6153846153846154,0.6666666666666666
NAC,0.0,0.0,0.0,0.0
NAD,0.0,0.0,0.0,0.3333333333333333
NAE,0.0,0.0,0.0,0.0
NAF,0.0,0.0,0.0,0.0
NAG,0.0,0.0,0.0,0.0
NAK,1.0,1.0,0.2,0.14285714285714285
NAL,0.09523809523809523,0.4166666666666667,0.0,0.18181818181818182
NAN,0.4444444444444444,0.25,0.0,0.8888888888888888
NAP,0.5,0.0,0.0,0.75
NAQ,0.75,0.0,0.0,0.0
NAS,0.3333333333333333,0.5,0.4444444444444444,0.4
NAT,0.0,0.0,0.0,0.0
NAW,0.0,0.0,0.0,0.0
NAY,1.0,1.0,1.0,1.0
NCA,0.0,0.0,0.0,0.0
NCK,0.0,0.0,0.0,0.0
NCP,0.0,0.0,0.0,0.0
NCS,0.0,0.0,0.125,0.0
NCY,0.875,0.8888888888888888,0.8,0.0
NDE,0.0,0.0,0.0,0.0
NDF,1.0,0.0,0.0,0.0
NDG,0.3333333333333333,1.0,0.0,0.0
NDI,0.043478260869565216,0.5882352941176471,0.8,0.723404255319149
NDL,0.2857142857142857,0.5714285714285714,0.016129032258064516,0.2857142857142857
NDP,0.07142857142857142,0.1,0.2857142857142857,0.9285714285714286
NDQ,0.0,0.0,0.0,0.0
NDR,0.0,0.0,0.0,0.0
NDV,0.48936170212765956,0.2727272727272727,0.0,0.0
NEC,0.0,0.0,0.3181818181818182,0.2222222222222222
NEE,0.7142857142857143,0.0,0.0,0.2
NEH,0.0,0.0,0.0,0.0
NEK,0.7333333333333333,0.35294117647058826,0.53125,0.8333333333333334
NEL,0.35714285714285715,0.4166666666666667,0.0,0.0
NEN,0.5,0.5,0.3333333333333333,1.0
NEQ,0.0,0.0,0.0,0.6
NER,0.8235294117647058,0.6363636363636364,0.6,0.9285714285714286
NES,0.0,0.0,0.0,0.0
NET,0.0,0.8155339805825242,0.7846153846153846,0.5
NEV,0.5,0.0,0.25,0.6666666666666666
NFA,0.6666666666666666,0.2727272727272727,0.16666666666666666,0.0
NFG,0.0,0.0,0.0,0.0
NFI,0.5714285714285714,0.4,0.3333333333333333,0.5
NFK,0.0,0.0,0.0,0.0
NFL,0.8571428571428571,0.3333333333333333,0.4,1.0
NFM,1.0,1.0,1.0,0.0
NFN,0.8,1.0,0.0,0.5454545454545454
NFP,0.0,0.0,0.0,0.0
NFR,0.0,0.0,0.0,0.0
NFS,0.0,0.0,0.0,0.0
NFT,0.3684210526315789,0.2857142857142857,0.045454545454545456,0.19444444444444445
NFV,1.0,0.8333333333333334,0.7272727272727273,0.6
NFY,0.42857142857142855,0.18181818181818182,0.3181818181818182,0.125
NGA,0.0,0.0,0.0,0.0
NGD,0.0,0.0,0.0,0.0
NGE,0.0,0.0,0.0,0.0
NGG,0.25,0.2,0.25,0.5
NGK,0.0,0.3333333333333333,0.5,0.2
NGL,0.0,0.0,0.0,0.0
NGM,0.0,0.0,0.0,0.0
NGN,0.0,0.0,0.0,0.0
NGR,0.5,0.3333333333333333,0.0,1.0
NGS,0.5,0.6666666666666666,0.25,0.3333333333333333
NGT,0.0,0.0,0.6666666666666666,0.5
NGV,0.631578947368421,0.6296296296296297,0.19047619047619047,0.2
NGY,0.3333333333333333,0.25,0.5,0.0
NHD,0.5,0.25,0.5,1.0
NHI,0.0,0.0,0.0,0.0
NHL,0.0,0.0,1.0,1.0
NHP,0.6923076923076923,0.75,0.6153846153846154,0.9090909090909091
NHR,0.0,1.0,0.0,0.3333333333333333
NHT,0.45454545454545453,0.45454545454545453,0.0,0.1111111111111111
NHY,0.0,0.0,0.0,0.0
NIE,0.6666666666666666,0.3,0.9761904761904762,0.9382716049382716
NIF,0.75,1.0,0.5714285714285714,0.6666666666666666
NIG,0.0,1.0,1.0,1.0
NIH,0.0,0.0,0.0,0.0
NIK,0.0,0.5,1.0,0.5
NIL,0.2857142857142857,0.5,0.5,0.5
NIN,0.5,0.0,0.6666666666666666,0.0
NIP,0.25,0.0,0.0,0.0
NIR,0.0,0.25,0.3333333333333333,0.0
NIS,0.0,0.0,0.0,0.0
NIT,0.0,0.0,0.0,0.0
NIV,0.0,0.0,0.0,0.0
NKA,1.0,0.1111111111111111,0.0,0.0
NKC,0.0,0.0,0.0,0.0
NKD,0.07692307692307693,0.08333333333333333,0.1111111111111111,0.5
NKF,0.8571428571428571,1.0,0.75,0.6666666666666666
NKG,0.0,0.0,0.0,0.0
NKI,0.2631578947368421,0.07692307692307693,0.24489795918367346,0.4074074074074074
NKK,0.5,0.0,0.4,0.3333333333333333
NKL,1.0,1.0,1.0,0.0
NKM,0.0,0.0,0.0,0.0
NKP,0.7777777777777778,1.0,0.875,0.8333333333333334
NKQ,0.5714285714285714,0.8571428571428571,0.6666666666666666,1.0
NKR,0.9272727272727272,0.4788732394366197,0.4418604651162791,0.5211267605633803
NKS,0.5,0.0,0.0,0.6666666666666666
NKT,0.0,0.9,0.6666666666666666,0.0
NKV,0.5,0.0,0.0,0.0
NKY,0.8461538461538461,0.35714285714285715,0.7142857142857143,0.3333333333333333
NLA,0.0,0.4,0.4,0.0
NLC,0.0,0.0,0.0,0.0
NLD,0.7142857142857143,0.6,0.7272727272727273,0.8461538461538461
NLE,0.4,0.7,0.42857142857142855,0.3333333333333333
NLF,0.5,1.0,0.0,0.5
NLG,0.2857142857142857,0.375,0.4,0.14285714285714285
NLH,0.5384615384615384,0.18181818181818182,0.3,0.15384615384615385
NLI,0.0,0.0,0.0,0.0
NLK,0.19047619047619047,0.5928571428571429,0.26153846153846155,0.14285714285714285
NLL,0.6428571428571429,0.7272727272727273,0.8275862068965517,0.875
NLM,0.2,0.0,0.0,0.42857142857142855
NLN,0.6428571428571429,0.5357142857142857,0.3,0.4583333333333333
NLP,0.5,0.0,0.0,0.13333333333333333
NLR,0.16666666666666666,0.0,0.7142857142857143,0.625
NLS,0.5,0.0,0.5,0.0
NLT,0.23076923076923078,0.4,0.5,0.0
NLY,0.0,0.0,0.0,0.0
NME,0.75,1.0,0.9375,0.8
NMF,0.8518518518518519,0.6896551724137931,0.8157894736842105,0.85
NMG,0.5,0.0,0.5,0.0
NMK,0.5,0.5,0.75,0.0
NMP,0.6666666666666666,0.9333333333333333,0.6666666666666666,0.9545454545454546
NMR,0.0,0.0,0.0,0.0
NMV,0.0,0.0,0.0,0.0
NNA,0.8333333333333334,0.6666666666666666,0.7,0.7272727272727273
NNE,0.25,0.822429906542056,0.75,0.35294117647058826
NNG,0.0,0.0,0.0,0.0
NNK,0.7142857142857143,0.6111111111111112,0.7619047619047619,0.7142857142857143
NNL,0.5945945945945946,0.6060606060606061,0.5263157894736842,0.43478260869565216
NNM,1.0,1.0,0.75,0.8333333333333334
NNP,0.0,0.0,1.0,1.0
NNR,0.0,0.0,0.05,0.0
NNT,1.0,1.0,1.0,1.0
NNY,0.0,0.0,0.0,1.0
NPA,0.875,0.8,0.75,0.7272727272727273
NPD,0.0,0.0,0.0,0.0
NPE,0.125,0.2222222222222222,0.42857142857142855,0.25
NPG,0.0,0.7142857142857143,0.0,0.0
NPI,0.16666666666666666,0.0,0.0,0.0
NPL,0.0,0.3333333333333333,0.0,0.0
NPP,0.0,0.2,0.5,0.5
NPS,0.0,0.0,0.0,0.0
NPV,0.625,0.42857142857142855,0.4,0.6153846153846154
NPY,0.20833333333333334,0.4418604651162791,0.018518518518518517,0.1111111111111111
NQA,0.0,0.0,0.0,0.0
NQD,0.0,0.0,0.0,0.0
NQE,0.0,0.0,0.0,0.0
NQI,0.65625,0.20408163265306123,0.0,0.0
NQK,0.6666666666666666,0.684931506849315,0.75,0.8152173913043478
NQL,0.0,0.0,0.0,0.0
NQN,0.0,0.0,0.8,0.6666666666666666
NQS,0.0,0.0,0.0,0.0
NQV,0.6666666666666666,1.0,0.8,0.0
NQW,0.0,0.0,0.0,0.0
NQY,1.0,0.0,0.8181818181818182,1.0
NRA,0.0,0.6666666666666666,0.5,0.6666666666666666
NRC,0.0,0.0,0.0,0.0
NRD,0.16666666666666666,0.16666666666666666,0.3333333333333333,1.0
NRE,0.0,0.5771812080536913,0.42168674698795183,0.6707317073170732
NRF,0.5454545454545454,0.9565217391304348,0.5263157894736842,0.5263157894736842
NRK,0.8235294117647058,0.8846153846153846,1.0,0.7142857142857143
NRL,0.0,0.0,0.2,0.0
NRN,1.0,0.0,0.6666666666666666,0.0
NRQ,0.0,1.0,0.25,0.0
NRR,0.8611111111111112,0.6176470588235294,0.6739130434782609,0.75
NRS,0.5,0.0,1.0,0.0
NRT,0.0,0.5,0.2,0.5
NRW,0.0,0.0,0.0,0.0
NRY,1.0,1.0,1.0,0.0
NSA,0.25,0.0,0.16666666666666666,0.0
NSC,0.0,0.0,0.0,0.0
NSD,0.0,0.0,0.0,0.0
NSE,1.0,1.0,1.0,0.6666666666666666
NSF,0.0,0.0,0.0,0.0
NSG,0.25,0.5,0.0,1.0
NSK,0.0,0.0,0.0,0.0
NSL,0.15384615384615385,0.09090909090909091,0.29411764705882354,0.0
NSM,1.0,0.6666666666666666,0.0,0.6
NSN,0.0,0.0,0.0,0.0
NSP,0.0,0.5,0.0,0.0
NSQ,0.7777777777777778,0.8444444444444444,0.6111111111111112,0.7931034482758621
NSR,0.4444444444444444,0.43478260869565216,0.2727272727272727,0.3333333333333333
NSS,0.2222222222222222,0.0,0.3333333333333333,0.0
NST,0.0,0.0,0.0,0.0
NSV,0.0,0.0,0.0,0.6666666666666666
NSW,0.0,0.0,0.0,0.0
NSY,0.2222222222222222,0.6666666666666666,0.6111111111111112,0.6
NTA,0.53125,0.17857142857142858,0.30303030303030304,0.43478260869565216
NTC,0.0,0.0,1.0,1.0
NTD,0.0,0.0,0.0,0.0
NTF,1.0,0.3333333333333333,0.0,0.0
NTG,0.0,0.0,0.0,0.0
NTH,0.0,0.0,0.0,0.0
NTI,0.6666666666666666,0.7777777777777778,0.5,0.3333333333333333
NTK,0.0,0.0,0.0,0.0
NTL,0.0,0.0,0.0,0.0
NTM,0.0,0.0,0.2857142857142857,0.8
NTN,0.4,0.0,0.16666666666666666,0.0
NTP,0.647887323943662,0.6135458167330677,0.4301675977653631,0.75
NTQ,0.4,0.0,0.0,1.0
NTS,0.0,0.0,0.0,0.0
NTT,0.6176470588235294,0.5348837209302325,0.5526315789473685,0.8591549295774648
NTV,0.0,0.0,0.0,0.0
NTY,0.5,0.0,0.8,0.75
NVA,0.6666666666666666,0.5,0.5,0.0
NVC,0.0,0.0,0.0,0.0
NVD,0.5,0.0,0.5,1.0
NVF,0.0,0.0,0.0,0.0
NVG,0.0,0.5,0.19047619047619047,0.16666666666666666
NVI,0.0,0.0,0.0,0.0
NVK,0.0,0.0,0.3333333333333333,0.0
NVL,0.4375,0.5671641791044776,0.4166666666666667,0.25
NVM,0.0,0.0,0.0,0.0
NVR,0.3333333333333333,0.0,0.0,0.0
NVS,0.0,0.0,0.0,0.0
NVT,0.0,0.0,0.0,0.0
NVV,0.6666666666666666,0.0,1.0,0.0
NVY,0.0,0.0,0.0,0.0
NWA,0.037037037037037035,0.7643979057591623,0.8181818181818182,0.8275862068965517
NWG,1.0,1.0,0.6666666666666666,1.0
NWI,0.6666666666666666,0.0,0.6666666666666666,1.0
NWN,0.7142857142857143,1.0,0.5,1.0
NWR,0.6428571428571429,0.4,0.72,0.7
NWV,0.3333333333333333,0.0,0.1,0.5454545454545454
NWY,0.0,0.0,0.3333333333333333,0.25
NYA,0.4444444444444444,0.7272727272727273,0.5384615384615384,0.8571428571428571
NYE,0.0,0.0,0.0,0.0
NYF,0.0,0.0,0.5,0.0
NYG,1.0,0.5,0.875,1.0
NYI,0.0,0.0,0.0,0.0
NYK,0.6666666666666666,0.3333333333333333,0.25,0.5
NYL,0.5,0.0,0.2857142857142857,0.25
NYN,0.2857142857142857,0.5,0.1,0.5
NYR,0.4,0.5,0.5,0.0
NYS,0.0,0.0,0.0,0.0
NYT,0.6666666666666666,0.0,0.0,0.0
PAA,0.4,0.5,0.23076923076923078,0.21428571428571427
PAC,0.0,0.0,0.0,0.0
PAD,0.3333333333333333,0.6666666666666666,1.0,0.6666666666666666
PAE,0.5555555555555556,0.0,0.5384615384615384,0.0
PAG,0.0,0.6122448979591837,0.6732673267326733,0.0
PAH,0.0,0.0,0.0,0.9305555555555556
PAI,0.425,0.8173076923076923,0.7,0.15384615384615385
PAL,0.0,0.0,0.0,0.0
PAN,0.7692307692307693,0.7777777777777778,0.6470588235294118,0.8333333333333334
PAQ,0.0,0.0,0.0,0.0
PAS,0.6,0.8,0.4,0.5
PAT,0.0,1.0,0.0,0.0
PAV,0.0,0.0,0.0,0.0
PCL,0.0,0.0,0.0,0.0
PCN,0.2,0.8571428571428571,0.3333333333333333,0.0
PCP,0.0,0.0,0.0,0.0
PCS,1.0,0.0,0.0,0.0
PCV,0.0,0.0,0.0,0.9090909090909091
PDD,0.6666666666666666,0.3333333333333333,0.5714285714285714,0.6
PDE,0.2857142857142857,0.0,0.0,0.0
PDF,0.2,0.3,0.2222222222222222,0.3333333333333333
PDG,0.0,0.0,0.0,0.0
PDH,0.0,0.0,0.0,0.0
PDI,0.0,0.0,0.0,0.0
PDK,0.5531914893617021,0.2846715328467153,0.09352517985611511,0.03125
PDL,0.0,0.0,0.0,0.0
PDP,0.0,0.0,0.0,0.0
PDQ,0.0,0.0,0.0,0.0
PDR,0.7647058823529411,0.5,0.72,0.3333333333333333
PDS,0.6,1.0,1.0,1.0
PEA,0.3333333333333333,0.18181818181818182,0.16666666666666666,0.375
PEC,0.2,0.5,0.0,0.0
PED,0.0,0.4166666666666667,0.0,0.2
PEE,0.25,0.16666666666666666,0.0,0.0
PEF,1.0,0.75,0.3333333333333333,1.0
PEG,0.5,0.4,0.4444444444444444,0.47058823529411764
PEI,0.0,0.0,0.3333333333333333,0.0
PEK,0.0,0.0,0.7659574468085106,0.0
PEL,0.0,0.0,0.0,0.0
PEM,1.0,0.3333333333333333,0.0,0.8
PEN,0.06666666666666667,0.631578947368421,0.0,0.0
PEP,0.75,0.3333333333333333,0.2857142857142857,0.6666666666666666
PEQ,1.0,1.0,0.5,0.0
PER,0.6666666666666666,0.6666666666666666,0.7142857142857143,0.0
PES,0.6666666666666666,0.25,0.2,0.4666666666666667
PET,1.0,1.0,0.75,0.0
PEV,0.0,0.0,0.0,0.0
PEW,0.0,0.2604166666666667,0.45555555555555555,0.0
PFD,0.42857142857142855,0.0,0.2857142857142857,0.0
PFE,0.0,0.0,0.0,0.0
PFF,0.0,0.0,0.0,0.0
PFG,1.0,0.0,0.0,0.0
PFI,0.5,0.6666666666666666,0.5,0.0
PFK,0.0,0.2376237623762376,0.2727272727272727,0.9215686274509803
PFL,0.3333333333333333,0.06521739130434782,0.7472527472527473,0.07142857142857142
PFN,0.0,0.0,0.0,0.05
PFP,0.0,0.0,0.0,0.0
PFR,0.0,0.0,0.0,0.0
PFS,0.0,0.3333333333333333,0.0,0.0
PFV,0.0,0.0,0.0,0.125
PFY,0.16666666666666666,0.0,0.2631578947368421,0.4
PGA,0.2,0.5,0.6666666666666666,0.0
PGD,0.0,0.0,0.0,0.0
PGE,0.0,0.0,0.0,1.0
PGF,0.0,0.0,0.0,0.0
PGG,0.0,0.0,0.0,0.0
PGH,0.0,0.0,0.0,0.0
PGI,0.21212121212121213,0.6086956521739131,0.4716981132075472,0.15555555555555556
PGK,0.3125,0.7142857142857143,0.7894736842105263,0.75
PGL,0.5,0.25,0.4,0.42857142857142855
PGM,0.17142857142857143,0.05970149253731343,0.015151515151515152,0.0
PGQ,0.0,0.5,0.0,0.0
PGR,0.6153846153846154,0.42857142857142855,0.3333333333333333,0.36363636363636365
PGT,1.0,0.75,1.0,1.0
PGV,0.5,0.5,1.0,0.3333333333333333
PGW,0.8235294117647058,0.8461538461538461,0.8181818181818182,1.0
PGY,0.0,0.0,0.0,0.0
PHA,0.0,0.36363636363636365,0.375,0.6
PHD,0.0,0.0,0.0,0.0
PHE,0.0,0.5,0.0,0.0
PHG,0.4,0.0,0.3333333333333333,1.0
PHH,0.0,0.0,0.3333333333333333,0.5
PHI,0.0,0.0,0.0,0.0
PHP,0.07407407407407407,0.796875,0.8260869565217391,0.0
PHR,0.0,0.0,0.0,0.0
PHV,0.0,0.0,0.0,0.5
PHY,1.0,1.0,0.8888888888888888,0.875
PIA,0.75,0.3333333333333333,0.4,0.5
PIC,0.0,0.0,0.0,0.0
PIE,0.0,0.0,0.0,0.0
PIF,0.65,0.5384615384615384,0.6,0.8695652173913043
PIG,0.42857142857142855,0.4,0.7272727272727273,1.0
PII,0.0,0.0,0.0,0.0
PIL,0.6666666666666666,0.0,0.625,1.0
PIM,0.0,0.0,0.0,0.0
PIN,0.0,0.0,0.0,0.4
PIP,0.16666666666666666,0.0,0.0,0.0
PIQ,0.5945945945945946,0.4180327868852459,0.373134328358209,0.38461538461538464
PIR,0.0,0.0,0.0,0.0
PIS,0.25,0.0,0.0,0.5
PIT,0.0,0.0,0.0,0.0
PIV,0.1320754716981132,0.018867924528301886,0.7969924812030075,0.08196721311475409
PKA,0.0,0.0,0.0,0.0
PKD,0.625,0.42857142857142855,0.21428571428571427,0.5
PKE,0.5,0.0,0.3333333333333333,0.0
PKF,0.0,0.27848101265822783,0.30864197530864196,0.4791666666666667
PKG,0.0,0.3333333333333333,1.0,0.0
PKI,0.5,0.0,0.25,0.6
PKK,0.8823529411764706,1.0,1.0,0.7272727272727273
PKL,0.6896551724137931,0.0,0.0,0.0
PKM,0.0,0.0,0.0,0.2857142857142857
PKN,0.0,0.0,0.0,0.0
PKP,0.0,0.0,0.6666666666666666,0.3333333333333333
PKQ,0.5454545454545454,0.5454545454545454,0.55,1.0
PKR,0.0,0.0,0.0,0.0
PKS,0.5333333333333333,0.8947368421052632,0.6363636363636364,0.9375
PKT,0.65,0.7272727272727273,0.75,1.0
PKV,0.6551724137931034,0.6276595744680851,0.2222222222222222,0.6388888888888888
PKW,1.0,0.0,0.5,0.5
PKY,0.0,0.0,0.0,0.0
PLC,0.6666666666666666,0.3333333333333333,0.5,0.3333333333333333
PLD,0.23809523809523808,0.16,0.15151515151515152,0.38461538461538464
PLF,0.0,0.0,0.6190476190476191,0.8571428571428571
PLG,0.0,1.0,0.6666666666666666,1.0
PLI,0.25,0.2,0.23076923076923078,0.4
PLK,1.0,0.5,0.5,0.0
PLL,0.0,0.0,0.0,0.0
PLM,0.0,0.0,0.0,0.0
PLN,0.7142857142857143,0.375,0.6470588235294118,0.6470588235294118
PLQ,0.6666666666666666,0.8888888888888888,0.0,0.0
PLR,0.65,0.7142857142857143,0.46153846153846156,0.4
PLS,0.0,0.0,0.0,0.0
PLT,0.2835820895522388,0.44545454545454544,0.17679558011049723,0.5154639175257731
PLV,0.40540540540540543,0.35294117647058826,0.1746031746031746,0.6046511627906976
PLW,0.0,0.0,0.0,0.0
PLY,0.5,0.0,0.0,0.0
PMF,0.0,0.0,0.0,0.0
PMG,0.0,0.7058823529411765,0.5,0.5
PMQ,0.5,0.0,0.0,0.6666666666666666
PMR,0.0,0.35714285714285715,0.4166666666666667,0.42857142857142855
PMV,0.0,0.0,0.0,0.0
PMY,0.5,1.0,0.5,0.0
PNA,0.3333333333333333,0.3333333333333333,0.5,0.42857142857142855
PNG,0.16666666666666666,0.125,0.3333333333333333,0.125
PNH,0.42857142857142855,0.55,0.0,0.5
PNI,0.0,0.75,1.0,0.6666666666666666
PNK,0.5,0.5,0.2,1.0
PNL,0.0,1.0,0.0,0.0
PNN,0.0,0.0,0.0,1.0
PNP,0.2,0.5,0.3076923076923077,0.25
PNT,0.6,0.75,0.0,0.0
PPC,0.0,0.0,0.0,1.0
PPD,0.42857142857142855,0.3333333333333333,0.25,0.25
PPE,0.4666666666666667,0.36363636363636365,0.3333333333333333,0.16666666666666666
PPF,0.0,0.058823529411764705,0.6944444444444444,0.0
PPK,0.0,0.0,0.0,0.0
PPL,0.6730769230769231,0.6046511627906976,0.36764705882352944,0.6493506493506493
PPN,0.0,0.4,0.375,0.2857142857142857
PPP,0.0,0.14285714285714285,0.42857142857142855,0.4
PPR,0.0,0.0,0.0,0.0
PPS,0.0,0.0,0.0,0.0
PPT,0.0,0.0,0.0,0.0
PPV,0.0,0.5,0.2857142857142857,1.0
PPW,0.375,0.0,0.13636363636363635,0.17647058823529413
PQA,0.0,0.5,1.0,1.0
PQD,0.0,0.0,0.0,0.0
PQE,0.46153846153846156,0.625,0.4888888888888889,0.578125
PQG,0.5227272727272727,0.6078431372549019,0.4897959183673469,0.66
PQI,0.0,0.0,0.0,0.0
PQK,0.0,0.0,0.0,0.0
PQR,1.0,0.6666666666666666,0.8,0.9166666666666666
PQS,0.0,0.0,0.0,0.0
PQV,0.0,1.0,0.5,0.3333333333333333
PRA,0.5,0.5,0.5,1.0
PRD,0.5714285714285714,1.0,0.5833333333333334,0.7142857142857143
PRE,1.0,1.0,1.0,1.0
PRG,0.0,0.0,0.0,0.0
PRI,0.8571428571428571,0.5,0.5,0.0
PRL,1.0,1.0,1.0,0.0
PRM,0.0,0.0,0.0,0.0
PRN,0.0,0.0,0.0,0.0
PRP,0.0,0.0,0.0,0.0
PRQ,0.6,0.5714285714285714,0.6666666666666666,0.6
PRR,0.6,0.7777777777777778,0.8333333333333334,1.0
PRS,0.0,0.0,0.0,0.0
PRV,0.6363636363636364,0.4166666666666667,0.25,0.47058823529411764
PRW,0.6,0.5,0.625,0.7142857142857143
PRY,1.0,0.6666666666666666,0.9459459459459459,0.7058823529411765
PSA,0.0,0.0,0.0,0.0
PSC,0.4,0.0,0.0,0.0
PSD,0.16666666666666666,0.6666666666666666,0.2727272727272727,1.0
PSF,0.0,0.0,0.0,0.0
PSG,1.0,0.7142857142857143,1.0,0.5
PSH,1.0,1.0,1.0,0.6666666666666666
PSI,0.07142857142857142,0.6031746031746031,0.022727272727272728,0.6666666666666666
PSK,0.47619047619047616,0.02564102564102564,0.2923076923076923,0.0
PSL,0.0,0.2,0.3333333333333333,0.5
PSM,0.0,0.0,0.0,0.0
PSN,0.6666666666666666,0.42857142857142855,0.16666666666666666,0.0
PSP,0.8571428571428571,0.4,0.75,1.0
PSQ,0.4444444444444444,0.0,0.0,0.2
PSR,0.0,0.2,0.16666666666666666,0.375
PSS,0.7142857142857143,0.0,0.0,0.0
PST,0.6428571428571429,0.5625,0.0,0.0
PSV,0.0,0.0,0.8433734939759037,0.8421052631578947
PTA,0.0,0.0,0.0,0.0
PTD,1.0,0.0,1.0,0.5
PTE,0.0,0.0,0.0,0.0
PTH,0.0,0.0,0.0,0.0
PTI,0.0,0.0,0.0,0.0
PTK,0.6666666666666666,1.0,0.0,0.0
PTL,1.0,0.5833333333333334,0.8235294117647058,0.5833333333333334
PTN,0.6666666666666666,0.4,0.2857142857142857,0.0
PTT,0.0,0.0,0.0,0.0
PTY,0.5,0.0,0.25,0.3333333333333333
PVA,0.35714285714285715,0.6363636363636364,0.016666666666666666,0.21739130434782608
PVC,0.35,0.35714285714285715,0.12903225806451613,0.14285714285714285
PVD,0.0,0.0,0.2222222222222222,0.0
PVE,0.4,0.0,0.6666666666666666,0.3333333333333333
PVF,0.5510204081632653,0.3670886075949367,0.18666666666666668,0.5490196078431373
PVG,0.0,0.3333333333333333,0.0,0.0
PVH,0.0,0.0,0.0,0.0
PVI,0.6666666666666666,0.0,0.5714285714285714,0.0
PVK,0.05263157894736842,0.16,0.06557377049180328,0.4166666666666667
PVL,0.6666666666666666,0.75,0.6666666666666666,0.3333333333333333
PVP,0.0,0.0,0.0,0.0
PVQ,0.375,0.0,0.3,0.5714285714285714
PVR,0.0,0.0,1.0,1.0
PVT,0.0,0.0,0.0,0.0
PVV,0.0,0.0,0.0,0.0
PVY,0.0,0.0,0.0,0.0
PWD,0.2727272727272727,0.0,0.05,0.21428571428571427
PWL,0.0,0.0,0.0,0.0
PWP,0.125,0.2,0.2,0.16666666666666666
PWQ,0.0,0.0,0.05555555555555555,0.46511627906976744
PWT,0.08333333333333333,0.0,0.1111111111111111,0.14285714285714285
PYA,0.0,0.0,0.0,0.0
PYE,0.0,0.0,1.0,0.5
PYG,0.4,0.25,0.3333333333333333,0.0
PYI,0.5,0.0,1.0,0.0
PYL,0.0,0.0,0.0,0.0
PYM,0.0,0.0,0.0,0.0
PYN,0.05263157894736842,0.6818181818181818,0.01639344262295082,0.42857142857142855
PYP,0.9,0.4,0.14285714285714285,0.4
PYQ,0.0,0.0,0.0,0.0
PYR,0.4,0.25,0.0,0.0
PYS,0.7076923076923077,0.7307692307692307,0.4642857142857143,0.0
PYV,0.75,0.25,0.48484848484848486,0.782608695652174
PYW,0.0,0.3333333333333333,0.0,1.0
PYY,0.0,0.0,0.0,0.0
QAA,0.23529411764705882,0.0,0.48484848484848486,0.6666666666666666
QAC,0.3333333333333333,0.75,0.5,0.6666666666666666
QAF,0.5,0.7142857142857143,0.43478260869565216,0.6
QAG,0.5769230769230769,0.4444444444444444,0.631578947368421,0.3684210526315789
QAI,0.8,0.39344262295081966,0.34328358208955223,0.4418604651162791
QAK,0.75,0.4,0.3333333333333333,0.625
QAL,0.4,0.2857142857142857,0.5454545454545454,1.0
QAM,1.0,0.5,0.5,0.0
QAP,0.2,0.3,0.6,0.5833333333333334
QAQ,0.6666666666666666,0.4909090909090909,0.0,0.40816326530612246
QAR,0.8571428571428571,0.7894736842105263,0.8461538461538461,0.8857142857142857
QAT,0.5416666666666666,0.5816326530612245,0.02564102564102564,0.3877551020408163
QAV,0.0,0.0,0.6666666666666666,0.5
QAW,0.6666666666666666,0.0,0.5,0.6
QAY,0.7142857142857143,0.5,0.0,1.0
QCG,0.0,0.0,0.0,0.0
QCN,0.0,0.0,0.0,0.0
QDA,0.0,0.0,0.0,0.0
QDC,0.0,0.0,0.0,0.0
QDD,0.0,0.0,0.0,0.0
QDE,0.0,0.0,0.0,0.0
QDF,0.29411764705882354,0.6370370370370371,0.057692307692307696,0.06060606060606061
QDG,0.0,0.0,0.0,0.0
QDI,0.5,0.0,0.5,0.5
QDL,0.0,0.0,0.0,0.0
QDM,0.0,0.0,0.0,0.0
QDN,0.9090909090909091,0.7619047619047619,0.5909090909090909,0.8
QDS,0.3076923076923077,0.2631578947368421,0.21428571428571427,0.1
QDT,0.0,0.0,0.0,0.0
QDV,0.0,0.0,0.0,0.0
QDW,0.0,0.0,0.0,0.2
QDY,0.0,0.0,0.0,0.0
QEA,0.0,0.0,0.0,0.0
QEC,0.0,0.0,1.0,0.0
QED,0.0,0.0,0.0,0.0
QEE,0.0,0.0,0.0,0.0
QEF,0.0,0.0,0.0,0.0
QEG,0.2857142857142857,0.0,0.6666666666666666,0.0
QEH,0.0,0.0,0.0,0.0
QEK,0.5,1.0,0.5,1.0
QEL,0.21428571428571427,0.6923076923076923,0.6233766233766234,0.6271186440677966
QEM,1.0,0.6666666666666666,0.5,0.7142857142857143
QEP,0.6,0.3684210526315789,0.48,0.9444444444444444
QEQ,0.0,0.0,1.0,0.0
QER,0.5,1.0,0.6,0.5
QES,0.0,0.0,0.25,0.5
QET,0.0,1.0,0.0,1.0
QEV,0.0,0.0,0.0,0.0
QFA,1.0,1.0,0.6666666666666666,0.8571428571428571
QFE,0.5,0.5,0.3333333333333333,1.0
QFG,0.2857142857142857,0.3333333333333333,0.55,0.34782608695652173
QFH,0.0,0.0,0.0,0.0
QFI,0.0,0.0,0.0,0.0
QFL,0.16666666666666666,0.0,0.6666666666666666,0.8571428571428571
QFM,0.0,0.0,1.0,1.0
QFP,0.0,0.0,0.0,0.0
QFR,0.0,0.0,0.0,0.0
QFS,0.75,0.0,0.5333333333333333,0.0
QFV,0.4,0.0,0.0,0.0
QGA,0.0,0.0,0.5,0.6666666666666666
QGC,0.75,0.42857142857142855,0.5714285714285714,0.0
QGD,0.42857142857142855,0.45454545454545453,1.0,0.4
QGE,1.0,1.0,0.0,0.5
QGF,0.0,0.4166666666666667,0.3,0.35714285714285715
QGG,0.0,0.0,0.0,0.0
QGI,0.2857142857142857,0.6666666666666666,0.375,0.6666666666666666
QGK,0.8571428571428571,0.6111111111111112,0.5714285714285714,0.9
QGL,0.5833333333333334,0.21052631578947367,0.3888888888888889,0.5454545454545454
QGQ,0.0,0.5384615384615384,0.0,0.5106382978723404
QGR,0.0,0.75,1.0,1.0
QGS,0.8,0.0,0.3333333333333333,0.0
QGT,0.0,0.0,0.13636363636363635,0.23076923076923078
QGV,0.0,0.0,0.0,0.0
QGW,0.6129032258064516,0.6222222222222222,0.5970149253731343,0.65625
QGY,0.7833333333333333,0.6590909090909091,0.574468085106383,0.0
QHF,0.0,0.0,0.0,0.0
QHG,0.5,0.6,0.6666666666666666,0.0
QHL,0.0,0.0,0.0,0.0
QHR,0.3333333333333333,0.12903225806451613,0.125,0.8
QHS,0.0,0.0,0.0,0.0
QHV,0.0,0.0,0.0,0.0
QIA,0.0,0.6666666666666666,0.0,0.0
QIF,0.8,0.4,0.2857142857142857,0.2857142857142857
QIG,0.0,0.0,0.0,0.0
QIH,0.3333333333333333,0.16666666666666666,0.42857142857142855,0.0
QII,0.58,0.2833333333333333,0.07692307692307693,0.10344827586206896
QIL,0.47058823529411764,0.6875,0.4074074074074074,0.2631578947368421
QIM,0.0,0.0,0.0,0.0
QIN,0.0,0.0,0.0,0.0
QIQ,0.0,0.0,0.0,0.0
QIR,0.7058823529411765,0.6842105263157895,0.6333333333333333,0.8571428571428571
QIT,0.0,0.0,0.0,0.0
QIV,0.0,0.0,0.0,0.0
QIW,0.9259259259259259,0.5,0.45454545454545453,0.9565217391304348
QIY,0.0,0.6536964980544747,0.5687203791469194,0.7127659574468085
QKD,0.3333333333333333,0.6666666666666666,0.6,0.6666666666666666
QKE,0.8771929824561403,0.5942857142857143,0.6451612903225806,0.4782608695652174
QKG,0.0,0.0,0.0,0.0
QKI,0.3939393939393939,0.7241379310344828,0.3620689655172414,0.19230769230769232
QKK,0.0,0.3,0.4375,0.5
QKL,0.6206896551724138,0.6311475409836066,0.7865168539325843,0.7466666666666667
QKN,0.0,0.0,0.0,0.0
QKP,0.0,0.0,0.0,0.0
QKQ,0.0,0.47474747474747475,0.0,0.3902439024390244
QKR,0.0,0.0,0.0,0.0
QKS,0.5,0.5,0.42857142857142855,0.3333333333333333
QKT,0.6666666666666666,0.6666666666666666,0.6857142857142857,0.8522727272727273
QKV,0.42857142857142855,0.06666666666666667,0.6060606060606061,0.25
QKW,0.4,0.8888888888888888,0.625,1.0
QKY,0.0,0.0,0.0,0.0
QLA,0.0,0.0,0.0,0.0
QLD,0.0,0.0,0.0,0.0
QLE,0.0,0.0,0.0,0.0
QLF,0.0,0.0,0.0,0.0
QLG,0.25,0.8602941176470589,0.7833333333333333,0.038461538461538464
QLH,0.5,0.25,0.0,1.0
QLI,0.0,0.0,0.0,0.0
QLL,0.42857142857142855,0.0,0.5,0.6666666666666666
QLM,0.0,0.0,0.0,0.0
QLN,0.0,0.0,0.0,0.0
QLP,0.0,0.0,0.6666666666666666,0.0
QLQ,1.0,0.75,0.5714285714285714,0.46153846153846156
QLR,0.42105263157894735,0.6,0.375,0.30434782608695654
QLS,0.0,0.5181818181818182,0.7230769230769231,0.6363636363636364
QLT,0.047619047619047616,0.6141732283464567,0.0,0.3728813559322034
QLV,0.125,0.05,0.11764705882352941,0.2222222222222222
QLW,0.0,0.0,0.0,0.0
QLY,0.0,0.0,0.0,0.0
QMA,0.0,1.0,0.6666666666666666,1.0
QME,0.0,0.0,0.0,0.0
QMG,0.4444444444444444,0.0,0.2692307692307692,0.14285714285714285
QML,0.0,0.0,0.0,0.0
QMN,0.1111111111111111,0.1,0.23809523809523808,0.0
QMS,0.2,0.0,0.6363636363636364,0.8125
QMT,0.4583333333333333,0.0,0.0,0.0
QMV,0.0,0.0,0.0,0.0
QNC,0.0,0.0,0.16666666666666666,0.0
QNE,0.8,0.5,0.6,0.9230769230769231
QNF,0.0,0.0,0.0,0.0
QNH,1.0,0.9375,0.7142857142857143,0.8823529411764706
QNL,0.0,0.42857142857142855,0.5,1.0
QNM,0.0,0.75,0.4,0.0
QNN,0.0,0.0,0.4,0.6666666666666666
QNP,0.0,0.0,0.0,0.0
QNQ,0.0,0.0,0.0,0.0
QNR,0.7241379310344828,0.5,0.2857142857142857,0.6333333333333333
QNT,0.0,0.0,1.0,0.6666666666666666
QNV,0.0,0.0,0.0,0.0
QPD,0.6410256410256411,0.42857142857142855,0.0,0.0
QPE,0.0,0.0,0.0,0.0
QPG,0.4,0.4,0.7142857142857143,0.0
QPI,0.05263157894736842,0.1875,0.8769230769230769,0.0
QPK,1.0,0.0,0.5,0.0
QPL,0.5,0.625,0.7142857142857143,0.8823529411764706
QPQ,1.0,1.0,1.0,1.0
QPR,1.0,1.0,1.0,1.0
QPS,0.0,0.25,0.8433734939759037,0.8857142857142857
QPT,0.9130434782608695,0.5384615384615384,0.7692307692307693,0.9
QPV,1.0,0.0,0.0,0.6666666666666666
QPY,0.4,0.5,0.5,0.0
QQG,0.0,0.0,0.0,0.0
QQI,0.0,0.0,0.0,0.0
QQK,0.0,0.0,0.0,0.0
QQL,0.0,0.0,0.0,0.0
QQP,0.0,0.5,0.5,1.0
QQR,0.0,0.0,0.0,0.0
QQS,0.8620689655172413,0.7777777777777778,0.6666666666666666,0.75
QQT,0.0,0.5,0.5,0.0
QQY,1.0,0.0,1.0,0.5
QRC,0.0,0.0,0.0,0.0
QRD,0.0,0.0,0.0,0.0
QRE,0.0,0.0,0.75,0.7777777777777778
QRF,0.0,1.0,1.0,1.0
QRG,0.6,0.0,0.6666666666666666,0.8
QRK,0.6,0.5555555555555556,0.8181818181818182,0.6666666666666666
QRL,0.625,0.6666666666666666,0.7142857142857143,0.6666666666666666
QRM,1.0,0.8,0.9090909090909091,1.0
QRQ,0.5714285714285714,0.16666666666666666,0.875,0.5
QRR,0.5,1.0,0.75,0.3333333333333333
QRT,0.0,0.0,0.0,0.0
QSA,1.0,0.0,0.5,0.0
QSE,0.3333333333333333,0.2,0.3333333333333333,0.18181818181818182
QSG,0.0,0.0,0.0,0.0
QSI,0.0,1.0,0.0,0.3333333333333333
QSL,0.0,1.0,1.0,0.0
QSN,0.0,0.16666666666666666,0.2857142857142857,0.3333333333333333
QSP,0.0,0.0,0.0,0.0
QSS,0.5,0.743801652892562,0.6355140186915887,0.3076923076923077
QST,0.0,0.0,0.0,0.0
QSV,0.5769230769230769,0.4375,0.7272727272727273,0.5882352941176471
QSY,0.9,0.6818181818181818,0.5945945945945946,0.7692307692307693
QTA,0.15384615384615385,0.0,0.25,0.25
QTD,0.45454545454545453,0.25,0.09090909090909091,0.5555555555555556
QTF,0.0,0.0,1.0,0.0
QTG,0.625,0.7,0.5,0.7142857142857143
QTI,0.5,1.0,1.0,0.0
QTK,0.0,1.0,1.0,1.0
QTL,1.0,1.0,0.6666666666666666,0.0
QTR,0.8,0.0,1.0,0.0
QTV,0.46153846153846156,0.0,0.5454545454545454,1.0
QVA,0.0,0.2727272727272727,0.3157894736842105,0.5
QVD,0.0,0.0,0.0,0.6875
QVE,0.0,0.0,0.0,0.0
QVF,0.0,0.0,0.0,0.0
QVI,0.0,0.0,0.0,0.0
QVK,0.3333333333333333,0.0,0.25,0.1111111111111111
QVL,1.0,0.6666666666666666,1.0,0.3333333333333333
QVM,0.14285714285714285,0.6,0.3220338983050847,0.7833333333333333
QVN,0.5,0.0,0.375,0.0
QVP,0.0,0.5,0.0,0.0
QVQ,0.0,0.0,0.0,0.0
QVR,0.6,0.0,0.8,1.0
QVS,1.0,1.0,0.0,0.0
QVT,0.0,0.0,0.4,0.3333333333333333
QVV,0.0,0.0,0.07272727272727272,0.32558139534883723
QVY,0.0,1.0,0.0,1.0
QWK,0.0,0.0,0.0,0.0
QWL,0.0,0.0,0.38461538461538464,0.42857142857142855
QWN,1.0,0.0,1.0,0.0
QWP,0.4583333333333333,0.6312056737588653,0.15384615384615385,0.5454545454545454
QWT,0.0,0.5151515151515151,0.0,0.5
QYA,0.5,0.6949152542372882,0.6,0.7777777777777778
QYE,0.8,0.5,0.42857142857142855,0.3333333333333333
QYF,0.0,0.3333333333333333,0.375,0.5714285714285714
QYI,0.2,0.8461538461538461,0.7857142857142857,0.0
QYK,1.0,0.6666666666666666,0.6,1.0
QYL,0.0,0.0,0.0,0.0
QYM,0.45161290322580644,0.753731343283582,0.8571428571428571,0.2
QYN,0.4666666666666667,0.3148148148148148,0.14285714285714285,0.8
QYR,0.0,1.0,0.9166666666666666,1.0
QYS,1.0,0.0,0.25,1.0
QYV,1.0,0.3333333333333333,1.0,0.0
RAA,0.0,0.0,0.0,0.0
RAC,0.2222222222222222,0.14285714285714285,0.25,0.3333333333333333
RAD,0.0,0.6666666666666666,0.9230769230769231,1.0
RAE,0.0,0.0,0.0,0.0
RAF,0.4166666666666667,0.3076923076923077,0.3333333333333333,0.21052631578947367
RAG,0.75,0.8888888888888888,0.8571428571428571,0.8
RAI,0.25,0.4,0.3333333333333333,0.5
RAK,0.5,0.5,0.4666666666666667,0.0
RAL,0.5714285714285714,0.3333333333333333,0.3333333333333333,0.7272727272727273
RAM,1.0,0.5,1.0,1.0
RAN,0.0,0.0,0.0,0.0
RAP,0.0,1.0,0.5,0.6666666666666666
RAR,0.8333333333333334,0.6363636363636364,0.42857142857142855,0.85
RAS,0.0,0.0,0.0,0.0
RAT,0.5,0.6875,0.6923076923076923,0.8461538461538461
RAV,0.0,0.0,0.6363636363636364,1.0
RCD,0.0,0.0,0.0,0.0
RCE,0.6666666666666666,0.5,0.8571428571428571,0.8571428571428571
RCF,0.0,0.0,0.0,0.0
RCK,0.0,0.0,0.0,0.0
RCS,0.14285714285714285,0.0,0.14285714285714285,0.08333333333333333
RCV,0.0,0.0,0.0,0.0
RCW,0.0,0.0,0.0,0.0
RDA,0.0,0.0,0.0,0.0
RDC,0.0,0.0,0.0,0.5
RDD,0.5833333333333334,0.15384615384615385,0.21739130434782608,0.38095238095238093
RDE,0.0,0.0,0.0,0.0
RDG,0.26666666666666666,0.3333333333333333,0.5625,0.8
RDH,0.0,1.0,0.0,0.0
RDI,0.8571428571428571,0.5294117647058824,0.7567567567567568,0.5652173913043478
RDK,0.0,0.0,0.0,0.0
RDL,0.3125,0.23076923076923078,0.5263157894736842,0.46153846153846156
RDM,1.0,0.5,1.0,0.0
RDN,0.0,0.0,0.2,0.3333333333333333
RDP,0.6666666666666666,1.0,0.8,0.0
RDR,0.0,0.3333333333333333,0.0,0.0
RDS,1.0,0.0,0.6,0.7142857142857143
RDT,1.0,0.8333333333333334,1.0,0.8333333333333334
RDV,0.0,0.4,0.0,0.0
RDW,0.0,0.5714285714285714,0.3,0.0
RDY,0.0,0.0,0.0,0.0
RED,0.6666666666666666,1.0,0.4,0.6
REE,0.4166666666666667,0.1875,0.2222222222222222,0.5
REF,0.5,0.6,0.375,0.2
REG,0.4,0.2,0.25,0.375
REI,0.0,0.0,0.0,0.0
REK,0.8,1.0,0.0,0.6666666666666666
REL,0.8035714285714286,0.4351851851851852,0.52,0.46875
REN,0.75,0.6666666666666666,0.7368421052631579,0.5
REP,1.0,1.0,1.0,1.0
RER,0.6363636363636364,0.5217391304347826,0.7058823529411765,0.6190476190476191
RES,0.4,0.5714285714285714,0.75,0.4444444444444444
RET,0.4482758620689655,0.6197183098591549,0.6419753086419753,0.7215189873417721
REW,0.0,0.0,1.0,0.8888888888888888
REY,1.0,1.0,1.0,0.0
RFA,0.3333333333333333,0.2,0.5714285714285714,0.5
RFD,0.25,0.25,0.0,0.0
RFE,0.0,0.0,0.16666666666666666,0.5714285714285714
RFG,0.0,0.2,0.3333333333333333,0.4166666666666667
RFI,0.6666666666666666,1.0,0.3333333333333333,0.5
RFK,1.0,0.6666666666666666,0.4,0.6666666666666666
RFL,0.0,0.0,0.75,1.0
RFP,0.4,0.25,0.18181818181818182,0.6
RFR,1.0,1.0,0.875,0.7777777777777778
RFS,0.0,0.0,0.14285714285714285,0.3333333333333333
RFT,0.3181818181818182,0.6333333333333333,0.4117647058823529,0.2727272727272727
RFV,0.0,0.0,0.0,0.0
RFY,0.0,0.0,0.0,0.0
RGA,0.9818181818181818,0.8132530120481928,0.7642276422764228,0.9402985074626866
RGC,0.7272727272727273,0.6666666666666666,0.625,0.9090909090909091
RGD,0.3,0.2857142857142857,0.2631578947368421,0.18518518518518517
RGE,0.4,0.0,0.5,0.7272727272727273
RGF,0.9298245614035088,0.8,0.7580645161290323,0.48
RGG,0.38461538461538464,0.7142857142857143,0.4375,0.5
RGH,0.0,0.0,0.6,0.0
RGI,0.5,0.2,0.4,0.75
RGL,0.75,0.5882352941176471,0.88,0.7142857142857143
RGN,1.0,0.0,0.5,0.6666666666666666
RGP,0.2727272727272727,0.2222222222222222,0.0,0.23076923076923078
RGQ,0.7368421052631579,0.7142857142857143,0.4473684210526316,0.7407407407407407
RGR,0.8181818181818182,0.5333333333333333,0.6363636363636364,0.8571428571428571
RGS,0.4166666666666667,0.7222222222222222,0.42105263157894735,0.5714285714285714
RGT,0.7407407407407407,0.6290322580645161,0.7254901960784313,0.5
RGV,0.0,0.0,0.4,0.5
RGW,0.0,0.0,0.0,0.0
RGY,0.1111111111111111,0.25,0.0,0.0
RHE,0.0,0.0,0.0,0.0
RHG,0.8,0.2,0.45454545454545453,0.7777777777777778
RHH,0.0,0.0,0.0,0.0
RHI,0.0,0.0,0.0,0.0
RHM,0.5,1.0,0.3333333333333333,0.0
RHP,0.8181818181818182,0.6666666666666666,0.5,0.8
RHS,0.0,0.0,0.0,0.0
RHV,0.0,0.0,0.0,0.0
RIA,0.3333333333333333,0.0,0.25,0.0
RID,0.8333333333333334,0.5,0.5714285714285714,0.8333333333333334
RIE,0.16666666666666666,0.625,0.7142857142857143,0.875
RIF,0.0,0.0,0.0,0.0
RIG,0.5555555555555556,0.8,0.7948717948717948,0.8571428571428571
RII,0.5,0.6666666666666666,0.625,0.3333333333333333
RIK,0.5555555555555556,0.7777777777777778,0.5,0.5
RIL,0.1,0.2,0.0,0.0
RIM,0.0,0.0,0.0,0.0
RIP,0.0,0.0,0.0,0.0
RIQ,0.59375,0.391304347826087,0.4375,0.6521739130434783
RIR,0.6428571428571429,0.75,0.6341463414634146,0.76
RIS,0.8,0.4444444444444444,0.2857142857142857,0.5714285714285714
RIT,0.6875,0.631578947368421,0.7631578947368421,0.7692307692307693
RKA,0.625,0.36363636363636365,0.5,0.3333333333333333
RKC,0.5,1.0,0.7142857142857143,0.0
RKD,0.0,0.0,0.0,1.0
RKE,0.3076923076923077,0.25,0.30303030303030304,0.4117647058823529
RKG,0.0,1.0,0.5,0.0
RKI,0.9285714285714286,0.9166666666666666,0.9230769230769231,0.9444444444444444
RKK,0.8,0.5,0.5,1.0
RKL,0.6716417910447762,0.5056179775280899,0.6153846153846154,0.7954545454545454
RKP,0.6666666666666666,0.3333333333333333,1.0,0.75
RKQ,0.0,0.0,0.07142857142857142,0.0
RKR,0.625,0.47619047619047616,0.75,0.6666666666666666
RKS,0.3333333333333333,0.5,0.0,0.48333333333333334
RKT,1.0,1.0,1.0,0.0
RKV,0.0,0.0,0.6666666666666666,0.0
RKY,0.4473684210526316,0.36363636363636365,0.24242424242424243,0.25
RLA,0.375,0.3333333333333333,0.45454545454545453,0.375
RLD,0.0,0.0,0.0,0.0
RLF,0.8095238095238095,0.7,0.6428571428571429,0.8333333333333334
RLG,0.0,0.0,0.0,0.0
RLH,0.625,0.0,0.0,0.0
RLI,0.18181818181818182,0.35,0.10526315789473684,0.4444444444444444
RLK,0.7297297297297297,0.6296296296296297,0.8125,0.6904761904761905
RLL,0.5,0.0,0.0,0.0
RLM,0.0,0.0,0.0,0.0
RLN,1.0,0.6666666666666666,0.5714285714285714,0.5
RLP,0.0,0.0,0.0,0.0
RLR,0.5,0.2857142857142857,0.6,0.42857142857142855
RLS,0.043478260869565216,0.29411764705882354,0.19047619047619047,0.2
RLT,0.0,0.0,1.0,1.0
RLV,0.5333333333333333,0.5833333333333334,0.8888888888888888,0.6666666666666666
RLY,0.6666666666666666,0.5714285714285714,0.625,0.5
RMD,0.0,0.0,0.5,0.3333333333333333
RMG,0.0,0.0,0.0,0.0
RMK,0.6923076923076923,0.6206896551724138,0.35714285714285715,0.6666666666666666
RML,0.0,0.0,0.0,0.0
RMM,0.0,0.0,0.0,0.0
RMN,0.0,0.0,0.0,0.0
RMP,0.0,0.0,0.0,0.0
RMR,0.9545454545454546,0.8417721518987342,0.7706422018348624,0.84375
RMS,0.875,0.7727272727272727,0.7407407407407407,0.8
RMT,0.0,0.0,0.0,0.0
RNA,0.25,0.14285714285714285,0.1,0.375
RNE,0.0,0.0,0.0,0.0
RNF,1.0,0.8620689655172413,0.9565217391304348,0.9285714285714286
RNG,0.0,0.0,0.0,0.0
RNI,1.0,0.375,0.9800995024875622,1.0
RNL,1.0,0.5,0.0,1.0
RNN,0.8,0.8571428571428571,1.0,0.7142857142857143
RNP,0.7777777777777778,0.5,0.5294117647058824,0.6153846153846154
RNQ,0.0,0.0,0.0,0.0
RNR,0.8095238095238095,0.7142857142857143,0.8709677419354839,0.6666666666666666
RNS,0.0,0.2,0.0,0.0
RNT,0.0,0.0,0.0,0.0
RPA,0.0,0.0,0.0,0.0
RPE,0.375,0.625,0.3333333333333333,0.0
RPF,0.5,0.0,0.0,0.0
RPG,0.0,0.0,0.0,1.0
RPH,0.5,0.0,0.4,0.0
RPI,0.0,0.0,0.5,0.0
RPK,0.8,0.0,0.6666666666666666,1.0
RPL,0.6666666666666666,0.6666666666666666,0.6122448979591837,0.8148148148148148
RPN,0.625,0.5263157894736842,0.0,0.0
RPR,0.6666666666666666,0.875,0.9090909090909091,1.0
RPS,0.0,0.0,1.0,0.6666666666666666
RPT,0.0,0.0,0.0,0.0
RPV,0.64,0.6521739130434783,0.6363636363636364,0.5
RPW,0.14285714285714285,0.2857142857142857,0.5,0.16666666666666666
RQA,0.6060606060606061,0.5652173913043478,0.6,0.7
RQF,1.0,0.6666666666666666,0.625,1.0
RQG,0.7794117647058824,0.58,0.6,0.0
RQH,0.3684210526315789,0.1935483870967742,0.17647058823529413,0.7777777777777778
RQI,0.45,0.3888888888888889,0.5555555555555556,0.4
RQK,0.2857142857142857,0.08695652173913043,0.35135135135135137,0.10256410256410256
RQL,0.4482758620689655,0.5544554455445545,0.5403225806451613,0.5714285714285714
RQM,0.875,0.4,0.2,0.8
RQN,0.0,0.75,0.5,0.6
RQP,0.4444444444444444,0.5,0.875,0.7894736842105263
RQQ,0.0,0.0,0.0,0.0
RQR,0.625,0.3333333333333333,0.8181818181818182,0.5333333333333333
RQS,0.8181818181818182,0.7894736842105263,0.9166666666666666,0.6
RQV,0.0,1.0,0.0,1.0
RQY,0.3333333333333333,0.3333333333333333,0.4,0.5
RRA,0.9166666666666666,0.6153846153846154,0.5,0.875
RRE,0.375,0.4444444444444444,0.42857142857142855,0.625
RRF,0.0,0.0,0.0,0.0
RRG,0.5384615384615384,0.26666666666666666,0.1,0.6111111111111112
RRI,0.5,0.5,0.5,0.47368421052631576
RRK,0.631578947368421,0.4166666666666667,0.125,0.5
RRL,0.5,0.5789473684210527,0.48148148148148145,0.6666666666666666
RRN,1.0,0.8095238095238095,0.896551724137931,0.7777777777777778
RRP,0.8333333333333334,0.6666666666666666,1.0,0.8333333333333334
RRQ,0.6,0.7142857142857143,0.4444444444444444,0.0
RRR,0.781021897810219,0.7465753424657534,0.7808219178082192,0.6354166666666666
RRS,0.7857142857142857,0.6666666666666666,0.7368421052631579,0.5714285714285714
RRT,0.5,0.5,0.2857142857142857,0.16666666666666666
RRV,1.0,1.0,1.0,0.0
RRW,0.7619047619047619,0.75,0.8214285714285714,0.6666666666666666
RSA,1.0,0.42857142857142855,0.2857142857142857,0.3333333333333333
RSC,0.0,0.0,0.0,0.0
RSF,0.0,0.0,0.2,0.8571428571428571
RSG,0.6833333333333333,0.5098039215686274,0.6571428571428571,0.5454545454545454
RSI,0.0,0.0,0.3333333333333333,0.5
RSK,0.0,0.0,0.0,0.0
RSL,0.6666666666666666,0.7142857142857143,0.48717948717948717,0.78125
RSM,0.13333333333333333,0.6363636363636364,0.6666666666666666,0.2
RSN,0.4,0.5,0.4,0.875
RSP,0.0,0.0,0.0,0.0
RSQ,0.5384615384615384,0.7647058823529411,0.5,0.8
RSR,0.7,0.625,0.6666666666666666,0.8235294117647058
RSS,0.0,0.0,0.0,0.0
RST,1.0,0.4444444444444444,0.9,0.625
RSV,0.0,0.6,0.5,0.6666666666666666
RSW,0.0,0.0,0.0,0.0
RSY,0.7692307692307693,0.7272727272727273,0.2857142857142857,1.0
RTA,0.4666666666666667,0.45454545454545453,0.375,0.5
RTC,0.8888888888888888,0.0,0.42857142857142855,0.0
RTE,0.7,0.375,0.5714285714285714,0.0
RTF,1.0,0.6666666666666666,1.0,0.0
RTH,0.0,0.0,0.0,0.0
RTI,0.0,0.0,0.0,0.0
RTK,0.0,0.0,0.0,0.0
RTL,0.0,0.0,0.0,0.0
RTN,0.5,0.5,0.3333333333333333,0.375
RTP,0.0,0.0,0.0,0.0
RTQ,0.7209302325581395,0.45185185185185184,0.0967741935483871,0.08333333333333333
RTR,1.0,0.42857142857142855,0.9900497512437811,1.0
RTS,1.0,0.7272727272727273,1.0,1.0
RTT,0.0,0.0,0.0,0.0
RTV,0.2857142857142857,0.14285714285714285,0.06666666666666667,0.3333333333333333
RTY,0.0,0.0,0.0,0.0
RVA,0.6875,0.4375,0.46153846153846156,0.16666666666666666
RVC,0.0,0.0,0.0,0.0
RVD,0.5714285714285714,0.6666666666666666,1.0,0.5
RVF,0.75,1.0,0.6666666666666666,0.0
RVG,0.0,0.0,0.0,0.0
RVH,0.0,0.0,0.0,0.0
RVI,0.5,0.2,0.3157894736842105,0.5
RVK,0.0,0.0,0.0,0.0
RVL,0.0,0.25,0.0,0.5
RVM,0.0,0.0,0.0,0.0
RVN,0.8333333333333334,0.15384615384615385,0.6923076923076923,0.3333333333333333
RVP,0.0,0.0,0.25,0.5
RVQ,0.9166666666666666,0.4,0.5,1.0
RVR,0.0,0.0,0.0,0.0
RVS,0.0,0.0,0.0,0.0
RVT,0.5555555555555556,0.5,0.11904761904761904,0.08571428571428572
RVV,0.0,0.0,0.0,0.0
RVY,0.75,0.8260869565217391,0.875,0.8333333333333334
RWE,0.8823529411764706,0.85,0.8421052631578947,0.9375
RWG,0.3333333333333333,0.0,0.0,0.0
RWH,0.5,0.5,1.0,0.5
RWQ,1.0,0.0,0.0,0.0
RWR,0.7647058823529411,0.7058823529411765,0.7931034482758621,0.5625
RWS,0.0,0.0,0.0,0.0
RWV,0.0,0.0,0.0,0.11538461538461539
RWW,0.0,1.0,0.0,1.0
RWY,0.2727272727272727,0.5714285714285714,0.18181818181818182,0.15625
RYA,0.0,0.0,0.6875,0.6363636363636364
RYE,1.0,0.6,0.995,0.9902912621359223
RYG,1.0,0.6,0.6666666666666666,1.0
RYI,0.8333333333333334,0.6666666666666666,0.631578947368421,0.95
RYN,0.9523809523809523,0.8571428571428571,0.9473684210526315,0.7272727272727273
RYQ,0.0,0.5087719298245614,0.0,0.0
RYS,1.0,0.5,0.0,0.0
RYT,0.6,0.2,0.25,0.0
RYV,0.875,0.8,0.7916666666666666,0.9
SAA,0.0,0.6666666666666666,1.0,0.75
SAD,0.2,0.0,0.0,0.0
SAE,0.0,0.0,0.0,0.0
SAF,0.0,0.0,0.0,0.0
SAG,0.0,0.0,0.0,0.0
SAI,0.3333333333333333,0.0,0.0,0.0
SAL,0.391304347826087,0.4,0.42857142857142855,0.5416666666666666
SAM,1.0,0.0,0.5,0.0
SAN,0.0,1.0,1.0,1.0
SAP,0.3333333333333333,1.0,1.0,1.0
SAQ,0.5,0.6956521739130435,0.4583333333333333,0.5714285714285714
SAR,0.25,0.0,0.7,0.7142857142857143
SAS,0.8888888888888888,0.4444444444444444,0.5357142857142857,0.5714285714285714
SAT,0.8333333333333334,0.3333333333333333,0.0,0.0
SAV,0.6956521739130435,0.78125,0.6428571428571429,0.8
SCA,0.0,0.0,0.05263157894736842,0.2
SCC,0.0,0.0,0.0,0.0
SCE,0.0,0.0,0.0,0.0
SCI,0.5,0.45454545454545453,0.6,0.4
SCK,0.0,0.0,0.0,0.0
SCM,0.0,0.0,0.0,0.0
SCN,0.0,0.0,0.0,0.0
SCQ,0.5714285714285714,0.4,1.0,0.0
SCS,0.5,0.0,0.4,0.0
SCT,0.0,0.0,0.0,0.0
SDA,0.2,0.0,0.38095238095238093,0.5306122448979592
SDC,0.0,0.0,0.0,0.0
SDD,0.0,0.0,0.0,0.0
SDE,0.0,0.0,0.0,0.0
SDF,0.0,0.0,0.0,0.0
SDG,0.3333333333333333,0.75,0.6,0.6
SDI,0.43243243243243246,0.5588235294117647,0.08695652173913043,0.4411764705882353
SDK,1.0,0.7142857142857143,1.0,0.5
SDL,0.5,0.10344827586206896,0.10344827586206896,0.4
SDP,0.0,0.2,0.14285714285714285,0.6666666666666666
SDQ,0.0,0.0,0.0,0.0
SDR,0.0,0.0,0.0,0.0
SDS,0.0,0.0,0.0,0.0
SDT,0.0,0.0,0.0,0.0
SDV,0.0,0.0,0.0,0.0
SDY,0.3333333333333333,0.0,0.7204301075268817,0.7241379310344828
SEA,0.2,0.16666666666666666,0.125,0.2
SEE,0.0,0.0,0.5882352941176471,0.8181818181818182
SEF,0.0,0.2,0.4,0.0
SEI,0.0,0.0,0.0,0.0
SEK,1.0,0.6666666666666666,0.8,0.3333333333333333
SEL,0.7272727272727273,0.7272727272727273,0.3870967741935484,0.7272727272727273
SEN,0.0,0.0,0.0,0.0
SEP,0.0,0.0,1.0,0.3333333333333333
SEQ,0.6666666666666666,1.0,0.0,0.0
SER,0.3125,0.0,0.5882352941176471,0.75
SES,1.0,0.8161764705882353,0.7545454545454545,0.88
SET,0.6666666666666666,0.6666666666666666,0.3333333333333333,0.6666666666666666
SEV,0.8,0.4666666666666667,0.6428571428571429,0.6666666666666666
SEW,0.0,0.0,0.0,0.0
SEY,1.0,0.0,0.0,0.0
SFC,0.0,0.0,0.0,0.0
SFD,0.7857142857142857,0.4444444444444444,0.6875,0.75
SFE,0.8181818181818182,0.3333333333333333,0.5294117647058824,1.0
SFF,0.6666666666666666,0.6666666666666666,0.5,1.0
SFG,0.0,0.0,0.0,0.0
SFH,0.0,0.0,0.0,1.0
SFI,0.3333333333333333,0.18181818181818182,0.25,0.5
SFK,0.3333333333333333,1.0,0.18181818181818182,1.0
SFL,0.0,0.0,0.0,1.0
SFM,0.8,0.0,1.0,0.0
SFN,1.0,0.0,0.3333333333333333,0.5
SFP,0.84,0.625,0.42857142857142855,0.5714285714285714
SFQ,0.0,0.75,0.0,1.0
SFR,0.5714285714285714,0.0,0.5,0.0
SFS,0.0,0.0,0.0,0.0
SFV,0.6666666666666666,0.2,0.47619047619047616,1.0
SFY,0.0,0.0,0.0,0.0
SGA,0.0,0.0,0.0,0.0
SGC,0.0,0.0,0.0,1.0
SGD,0.0,0.0,0.0,0.0
SGE,0.0,0.0,0.0,0.0
SGF,0.5853658536585366,0.19047619047619047,0.25,0.0
SGG,0.0,0.0,0.0,0.0
SGH,1.0,0.75,0.5,0.5
SGI,0.25,0.0,0.0,0.0
SGK,0.7142857142857143,0.4166666666666667,0.75,0.375
SGL,0.1111111111111111,0.10526315789473684,0.0,0.03571428571428571
SGM,0.7692307692307693,0.6,0.7692307692307693,0.896551724137931
SGN,0.5,0.0,0.0,0.0
SGQ,0.0,0.0,0.0,0.0
SGR,0.8115942028985508,0.8125,0.6811594202898551,0.5172413793103449
SGS,0.6527777777777778,0.46296296296296297,0.44642857142857145,0.09090909090909091
SGT,0.07692307692307693,0.0,0.0,0.0
SGV,0.2222222222222222,0.6923076923076923,0.3888888888888889,0.2857142857142857
SGW,0.0,0.0,0.0,0.0
SGY,0.42857142857142855,0.4666666666666667,0.5625,0.6666666666666666
SHA,1.0,0.18181818181818182,0.0,0.0
SHD,0.6666666666666666,1.0,0.6,0.0
SHG,0.8,0.25,0.8,0.6666666666666666
SHL,0.6666666666666666,1.0,1.0,0.0
SHN,0.7142857142857143,0.0,1.0,0.0
SHR,0.0,0.0,0.0,0.0
SHS,0.0,0.0,0.0,0.0
SHT,0.0,0.0,0.0,0.0
SHV,1.0,0.0,0.0,0.0
SHW,1.0,0.0,1.0,0.8
SIC,0.25,0.0,0.0,0.0
SID,0.0,0.0,0.0,0.0
SIE,1.0,0.0,0.0,0.0
SIG,0.0,1.0,0.2,0.42857142857142855
SIH,0.8214285714285714,0.4897959183673469,0.4583333333333333,0.0
SII,0.6,0.2857142857142857,0.5454545454545454,0.6666666666666666
SIK,0.5,0.0,0.0,0.0
SIL,0.0,0.0,0.0,0.0
SIN,0.0,0.8441558441558441,0.4444444444444444,0.0
SIP,0.5,0.5,0.5,0.0
SIQ,0.0,0.0,0.0,0.0
SIR,0.3333333333333333,0.125,0.5714285714285714,0.5
SIS,0.7435897435897436,0.5344827586206896,0.43902439024390244,0.4666666666666667
SIT,0.0,0.0,0.0,0.0
SIV,0.0,0.6808510638297872,0.0,0.0
SKA,0.5,0.6666666666666666,0.8888888888888888,0.5555555555555556
SKC,0.0,0.0,0.0,0.0
SKD,0.1,0.020833333333333332,0.13513513513513514,0.0
SKF,0.0,0.0,0.0,0.0
SKG,0.8333333333333334,0.75,0.8,0.8333333333333334
SKH,0.0,0.0,0.25,0.6666666666666666
SKI,0.391304347826087,0.08,0.1590909090909091,0.3684210526315789
SKK,0.0,0.0,0.0,0.0
SKL,0.2222222222222222,0.4789915966386555,0.6301369863013698,0.5714285714285714
SKN,0.5416666666666666,0.0,0.0,0.0
SKP,0.6666666666666666,0.4,0.7307692307692307,0.75
SKR,0.3333333333333333,0.75,0.25,0.0
SKS,0.0,0.0,0.5,0.5
SKT,0.0,0.0,0.0,0.0
SKV,0.16666666666666666,0.2222222222222222,0.1111111111111111,0.16666666666666666
SKW,1.0,1.0,0.65,0.0
SLA,0.0,0.6,0.0,0.8
SLC,0.5,0.3333333333333333,0.42857142857142855,0.25
SLD,1.0,0.0,0.5,0.6666666666666666
SLE,0.5,0.6666666666666666,0.2222222222222222,0.5789473684210527
SLF,0.8,0.6666666666666666,0.25,0.75
SLG,0.4,0.0,0.0,0.5
SLH,0.0,0.0,0.3333333333333333,0.2727272727272727
SLI,0.0,0.0,0.0,0.0
SLK,0.5757575757575758,0.6792452830188679,0.3877551020408163,0.7428571428571429
SLL,0.6470588235294118,0.0,0.48148148148148145,0.3684210526315789
SLP,0.0,1.0,0.0,0.75
SLQ,0.0,0.0,1.0,0.6
SLR,0.21052631578947367,0.23529411764705882,0.16,0.4782608695652174
SLS,0.0,0.42857142857142855,0.7142857142857143,0.0
SLT,0.0,0.4,0.0,0.0
SLV,0.0,0.0,0.4,0.2
SLY,0.631578947368421,0.41379310344827586,0.6,0.0
SMD,0.0,0.375,0.6,0.5
SMI,0.0,0.0,0.0,0.0
SMK,0.7647058823529411,0.7272727272727273,0.6666666666666666,0.8888888888888888
SML,0.14285714285714285,0.5,0.0,0.5
SMM,0.0,0.0,0.0,0.0
SMQ,0.07692307692307693,0.3333333333333333,0.3333333333333333,0.38461538461538464
SMT,0.125,0.425,0.40540540540540543,0.0
SMV,0.25,0.0,0.0,1.0
SMY,1.0,0.6666666666666666,0.0,1.0
SNC,0.0,0.0,0.0,0.0
SND,0.4,0.6363636363636364,0.5,0.9
SNF,0.6363636363636364,0.38461538461538464,0.0625,0.46153846153846156
SNI,0.0,0.0,0.0,0.0
SNK,0.8571428571428571,0.5,0.6666666666666666,1.0
SNL,0.36363636363636365,0.2857142857142857,0.4444444444444444,0.36363636363636365
SNN,0.0,0.0,0.0,0.0
SNP,0.0,0.125,0.25,0.25
SNQ,0.0,0.0,1.0,1.0
SNS,0.25,0.42105263157894735,0.36,0.6666666666666666
SNT,1.0,0.0,0.25,0.6666666666666666
SNV,0.0,0.0,0.0,0.0
SNW,0.0,0.0,0.3333333333333333,0.5
SNY,0.4,0.0,0.5,1.0
SPA,0.43243243243243246,0.7657657657657657,0.6813186813186813,0.25
SPD,0.0,0.0,0.0,0.0
SPE,0.8333333333333334,0.6,0.25,0.5
SPF,0.25,0.375,0.21739130434782608,0.05555555555555555
SPG,0.0,0.0,0.0,0.0
SPI,0.2,0.0,0.058823529411764705,0.1
SPL,0.0,0.0,0.0,0.0
SPQ,0.2,1.0,0.5915492957746479,0.6666666666666666
SPR,0.42857142857142855,0.6666666666666666,0.45454545454545453,0.5
SPS,0.5714285714285714,0.3333333333333333,0.2,0.0
SPT,1.0,0.0,0.6666666666666666,0.3333333333333333
SPV,0.0,0.0,0.5,0.0
SPW,0.0,0.0,0.06896551724137931,0.4878048780487805
SPY,0.7297297297297297,0.6956521739130435,0.6081081081081081,0.5833333333333334
SQA,0.8,0.5,0.375,0.625
SQD,0.0,0.0,0.0,0.0
SQE,1.0,0.5625,0.7857142857142857,0.8
SQF,0.0,0.0,0.75,1.0
SQH,0.0,0.5,0.6666666666666666,0.0
SQI,0.08823529411764706,0.7710843373493976,0.7218045112781954,0.6527777777777778
SQK,0.0,0.0,0.0,0.0
SQL,0.0,0.0,0.7142857142857143,0.875
SQN,0.85,0.7894736842105263,0.9090909090909091,0.9375
SQQ,0.0,0.0,0.0,0.0
SQR,0.3333333333333333,0.7142857142857143,0.8461538461538461,1.0
SQS,0.5757575757575758,0.4,0.35714285714285715,0.48
SQT,0.2,0.0,0.5,0.25
SQV,0.375,0.5,0.7333333333333333,0.2857142857142857
SQW,0.0,0.0,0.0,0.0
SQY,0.5454545454545454,0.7912087912087912,0.7619047619047619,0.8089887640449438
SRA,1.0,1.0,1.0,0.8
SRD,0.5,0.0,0.25,0.5
SRF,0.0,0.0,0.09523809523809523,0.05555555555555555
SRG,0.8,0.6666666666666666,0.8,0.0
SRH,0.0,0.0,0.0,0.0
SRI,0.6875,0.45454545454545453,0.2222222222222222,0.6
SRK,0.0,0.0,0.0,0.0
SRL,0.22727272727272727,0.53125,0.37037037037037035,0.52
SRM,0.0,0.0,0.0,0.0
SRN,0.7272727272727273,0.8620689655172413,0.8148148148148148,0.8125
SRP,0.1,0.3333333333333333,0.21428571428571427,0.0
SRQ,0.6923076923076923,0.6666666666666666,0.6666666666666666,0.7333333333333333
SRR,0.5,0.4166666666666667,0.25,0.8
SRS,0.676923076923077,0.6617647058823529,0.5862068965517241,0.7450980392156863
SRT,0.2,0.75,0.9411764705882353,0.9166666666666666
SRV,0.0,0.0,0.0,0.0
SRW,0.0,0.0,0.0,0.0
SRY,0.6666666666666666,1.0,1.0,1.0
SSA,0.7837837837837838,0.6842105263157895,0.5555555555555556,0.5416666666666666
SSC,0.0,0.5,0.0,0.0
SSD,0.5,0.375,0.0,0.5714285714285714
SSE,0.36363636363636365,0.0,0.56,0.6785714285714286
SSF,0.6923076923076923,0.0,0.4444444444444444,0.0
SSG,1.0,0.3333333333333333,0.0,1.0
SSH,0.7777777777777778,0.5,0.6,0.5714285714285714
SSI,0.7796610169491526,0.6153846153846154,0.52,0.0
SSK,1.0,0.0,1.0,0.0
SSL,0.32,0.4782608695652174,0.38461538461538464,0.6
SSM,0.13333333333333333,0.5967741935483871,0.2857142857142857,0.0
SSN,0.0,0.0,0.0,1.0
SSP,0.0,0.0,0.0,0.0
SSQ,0.0,1.0,0.75,1.0
SSR,0.4,0.6,0.5555555555555556,0.6
SSS,0.0,0.0,0.0,0.0
SST,0.0,0.0,0.3333333333333333,0.0
SSV,0.3333333333333333,0.5,0.2,0.42857142857142855
SSW,1.0,0.8333333333333334,0.8,0.6666666666666666
STA,0.0,0.0,0.75,0.6666666666666666
STD,0.0,0.0,0.0,0.0
STE,0.0,1.0,0.0,0.0
STF,0.5,0.0,0.0,0.0
STG,0.8333333333333334,0.0,0.75,0.0
STH,0.0,0.0,0.0,0.0
STK,0.625,0.1724137931034483,0.3181818181818182,0.8125
STL,0.6,0.0,0.4375,0.0
STP,0.8,1.0,0.3333333333333333,0.0
STQ,0.0,0.0,0.0,0.0
STR,0.14285714285714285,0.42857142857142855,0.18181818181818182,0.08333333333333333
STS,0.9230769230769231,0.6875,0.7222222222222222,0.8125
STT,0.0,0.0,0.0,0.0
STV,1.0,0.0,0.5,1.0
STW,1.0,1.0,0.0,0.0
STY,0.8095238095238095,0.6578947368421053,0.13793103448275862,0.0
SVA,0.0,0.0,0.09090909090909091,0.0
SVC,0.0,0.0,0.375,0.5555555555555556
SVD,0.3333333333333333,0.4,0.0,0.0
SVE,0.0,0.0,0.25,0.6
SVF,0.0,0.0,0.0,0.5714285714285714
SVG,0.5,0.5,0.5,0.3333333333333333
SVH,0.0,0.0,0.0,0.0
SVI,0.0,0.125,0.25,0.5
SVK,0.11538461538461539,0.10526315789473684,0.32142857142857145,0.14285714285714285
SVL,0.0,0.0,0.7608695652173914,0.8421052631578947
SVM,0.0,0.0,0.0,0.0
SVN,0.0,0.0,0.0,0.0
SVP,0.4583333333333333,0.17142857142857143,0.4032258064516129,0.3333333333333333
SVQ,1.0,0.8571428571428571,0.5714285714285714,0.5
SVR,0.8,0.75,0.7777777777777778,0.7142857142857143
SVS,0.5405405405405406,0.8048780487804879,0.7073170731707317,0.7
SVT,0.23529411764705882,0.18421052631578946,0.391304347826087,0.3333333333333333
SVV,0.4,0.0,0.8,0.6666666666666666
SVW,1.0,0.5,0.75,0.7777777777777778
SVY,0.4,0.0,0.0,0.0
SWD,0.0,0.0,0.0,0.0
SWF,0.5,0.0,0.6363636363636364,0.6666666666666666
SWG,0.1,0.0,0.0,0.05263157894736842
SWK,0.0,0.0,0.0,0.0
SWL,0.0,0.0,0.0,0.0
SWR,0.6666666666666666,1.0,0.75,0.5
SWS,0.75,0.0,0.8,0.0
SWT,0.03571428571428571,0.0,0.73,0.0
SWV,0.0,0.0,0.0,0.0
SYA,0.5,0.0,0.3333333333333333,0.0
SYC,0.0,0.0,0.125,0.5
SYD,0.4444444444444444,0.2,0.2857142857142857,0.7777777777777778
SYG,0.2857142857142857,0.6666666666666666,0.3333333333333333,0.0
SYI,0.782608695652174,0.9333333333333333,0.7142857142857143,0.75
SYL,0.6923076923076923,0.6666666666666666,0.26666666666666666,0.5
SYM,1.0,0.5,0.0,0.0
SYP,0.6666666666666666,0.0,0.3333333333333333,0.5
SYR,0.0,0.25,0.0,0.0
SYS,0.8602150537634409,0.6805555555555556,0.6862745098039216,0.39285714285714285
SYV,0.0,0.0,0.0,0.0
TAA,0.48484848484848486,0.16666666666666666,0.16923076923076924,0.23404255319148937
TAC,0.0,0.6666666666666666,0.5,0.3333333333333333
TAD,0.0,0.0,0.0,0.0
TAE,0.75,1.0,1.0,1.0
TAF,0.19230769230769232,0.3023255813953488,0.04878048780487805,0.36363636363636365
TAG,0.5625,0.4,0.6190476190476191,0.8235294117647058
TAH,0.0,0.0,0.0,0.0
TAI,0.0,0.0,0.0,0.0
TAL,0.3076923076923077,0.52,0.4482758620689655,0.4482758620689655
TAN,0.0,1.0,0.0,0.2
TAQ,0.0,0.0,0.0,0.0
TAR,0.0,0.0,0.0,0.0
TAS,0.4444444444444444,0.5,0.5,0.5454545454545454
TAT,0.25,0.6666666666666666,0.3333333333333333,0.25
TAV,0.34615384615384615,0.4117647058823529,0.5,0.5333333333333333
TAY,0.14285714285714285,0.0,0.05555555555555555,0.14285714285714285
TCC,0.0,0.0,0.0,0.0
TCD,1.0,0.6,0.75,0.5
TCE,0.5,0.14285714285714285,0.08333333333333333,0.25
TCI,0.0,0.0,1.0,1.0
TCK,0.0,0.0,0.0,0.0
TCL,0.26666666666666666,0.4166666666666667,0.16666666666666666,0.2727272727272727
TCN,0.5,0.6666666666666666,0.75,0.375
TCQ,0.0,0.0,0.0,0.0
TCR,0.5217391304347826,0.0,0.47058823529411764,0.0
TCS,0.7777777777777778,0.8333333333333334,0.25,0.0
TCV,0.0,0.0,0.0,0.0
TDA,0.36363636363636365,0.14285714285714285,0.125,0.36363636363636365
TDE,0.0,0.0,0.0,0.0
TDF,0.1111111111111111,0.0,0.1111111111111111,0.5
TDG,0.3333333333333333,0.0,0.0,0.0
TDI,1.0,0.6666666666666666,0.5714285714285714,0.625
TDK,0.16666666666666666,0.5,0.0,0.0
TDN,0.9,0.6818181818181818,0.8529411764705882,0.9444444444444444
TDP,0.6666666666666666,0.3333333333333333,0.6,0.6666666666666666
TDR,0.0,0.0,0.0,0.0
TDS,0.6818181818181818,0.7446808510638298,0.38461538461538464,0.6730769230769231
TDT,0.0,0.375,0.5,0.6666666666666666
TDV,0.2857142857142857,0.0,0.4,0.2857142857142857
TDY,0.6,0.5,0.3,1.0
TEA,0.6944444444444444,0.6878612716763006,0.1,0.13636363636363635
TED,1.0,0.5,0.6666666666666666,0.0
TEE,0.1794871794871795,0.01,0.009009009009009009,0.8372093023255814
TEF,0.25,0.25,0.4,0.0
TEG,0.0,0.0,0.0,0.0
TEI,0.2,0.8571428571428571,0.0,0.0
TEK,0.0,0.0,0.0,0.0
TEL,0.6,0.65,0.5581395348837209,0.782608695652174
TEM,0.6363636363636364,0.0,0.12,0.0
TEN,0.0,1.0,0.0,0.25
TEQ,0.0,0.0,0.0,0.0
TER,0.0,0.0,0.1875,0.18181818181818182
TES,0.0,0.6865671641791045,0.27631578947368424,0.0
TET,0.0,0.0,0.0,0.0
TEV,0.06976744186046512,0.05555555555555555,0.4824561403508772,0.6521739130434783
TEY,0.5333333333333333,0.43243243243243246,0.0,0.22413793103448276
TFE,0.8333333333333334,0.0,0.4166666666666667,0.0
TFF,0.0,0.0,1.0,1.0
TFG,0.7058823529411765,0.0,0.1,0.0
TFH,1.0,0.6,0.75,0.7142857142857143
TFK,0.5,1.0,0.5714285714285714,0.5
TFP,0.5,1.0,0.0,0.5
TFR,0.0,0.0,0.0,0.0
TFS,0.0,0.0,0.14285714285714285,0.16666666666666666
TFT,1.0,1.0,0.75,1.0
TFV,0.5,0.6666666666666666,0.5384615384615384,0.5714285714285714
TFY,0.0,0.0,0.0,0.0
TGA,0.0,0.0,0.0,0.0
TGC,0.0,0.0,0.0,0.0
TGD,0.0,0.0,0.0,0.0
TGE,0.5,0.0,0.5,0.75
TGG,0.75,0.6,0.2857142857142857,0.5555555555555556
TGI,0.0,0.0,0.0,0.2857142857142857
TGK,0.25,0.6125,0.660377358490566,0.5581395348837209
TGL,0.05263157894736842,0.0,0.05263157894736842,0.06666666666666667
TGN,0.75,1.0,0.8571428571428571,0.6666666666666666
TGP,0.5,0.14285714285714285,0.14285714285714285,0.3333333333333333
TGQ,0.0,0.0,0.3076923076923077,0.0
TGS,0.5,0.2631578947368421,0.5,0.5263157894736842
TGV,0.0,0.0,0.0,0.0
TGW,0.0,0.0,0.23809523809523808,0.4878048780487805
TGY,0.6666666666666666,0.6666666666666666,0.6,1.0
THC,1.0,0.4,0.0,0.0
THD,0.0,0.0,0.0,0.0
THG,0.6666666666666666,0.75,0.7142857142857143,1.0
THK,0.0,0.0,1.0,1.0
THL,0.0,0.0,0.4,0.5
THS,1.0,0.25,0.0,0.5
THT,0.0,0.6666666666666666,0.14285714285714285,0.2857142857142857
THV,0.8666666666666667,0.6666666666666666,0.6774193548387096,0.5555555555555556
THW,0.0,0.0,0.0,0.0
THY,0.0,0.0,0.0,0.0
TIA,0.1111111111111111,0.0,0.1111111111111111,0.0
TID,0.0,0.5,0.3333333333333333,0.0
TIE,0.8,0.6666666666666666,0.5,0.5
TIF,0.0,0.0,0.0,0.0
TIG,0.7142857142857143,1.0,0.5,0.375
TIH,0.0,0.0,1.0,0.6666666666666666
TII,0.0,0.0,0.0,0.0
TIK,0.9,0.9411764705882353,0.7058823529411765,0.8
TIL,0.0,0.0,0.0,0.0
TIN,1.0,1.0,1.0,0.0
TIP,0.0,0.5507246376811594,0.08163265306122448,0.5
TIQ,0.0,0.0,0.3333333333333333,1.0
TIR,0.6666666666666666,0.5,1.0,0.0
TIS,0.4642857142857143,0.037037037037037035,0.2222222222222222,0.125
TIT,0.0,0.1111111111111111,0.2,0.0
TIV,0.6666666666666666,0.2,0.5,0.2857142857142857
TIW,0.0,0.0,1.0,0.0
TIY,0.34782608695652173,0.6153846153846154,0.6,0.7142857142857143
TKA,0.72,0.5309734513274337,0.738255033557047,0.6372549019607843
TKC,0.0,1.0,0.2857142857142857,0.625
TKD,0.0,0.0,0.0,0.0
TKE,0.8,0.7857142857142857,0.6,0.3333333333333333
TKF,1.0,1.0,0.3333333333333333,0.75
TKG,1.0,0.6666666666666666,0.5,1.0
TKI,0.0,0.2033898305084746,0.0,0.0
TKK,0.45454545454545453,1.0,0.4166666666666667,0.5
TKL,0.1,0.3770491803278688,0.5,0.53125
TKM,0.0,0.0,0.0,0.0
TKN,1.0,0.75,0.8,1.0
TKP,0.0,0.0,0.0,0.0
TKQ,0.7058823529411765,0.7272727272727273,0.65,0.6666666666666666
TKR,0.2222222222222222,0.3333333333333333,0.1,0.25
TKT,0.8333333333333334,0.5,0.4444444444444444,0.0
TKV,0.09090909090909091,0.4117647058823529,0.5,0.6956521739130435
TKW,0.9411764705882353,0.05714285714285714,0.10526315789473684,0.9333333333333333
TKY,0.0,0.0,0.0,0.0
TLA,1.0,1.0,0.0,0.5
TLD,0.0,0.0,0.0,0.0
TLE,0.3333333333333333,0.46153846153846156,0.4166666666666667,0.08333333333333333
TLF,1.0,0.5555555555555556,0.3333333333333333,0.375
TLG,0.375,1.0,0.3333333333333333,0.3333333333333333
TLH,0.0,0.6666666666666666,0.5,0.25
TLI,0.375,0.14285714285714285,0.16666666666666666,0.1111111111111111
TLK,0.8888888888888888,1.0,0.4666666666666667,0.0
TLL,0.0,0.0,0.0,0.0
TLM,0.0,0.0,0.0,0.0
TLP,0.25,0.0,0.16666666666666666,0.125
TLQ,1.0,0.0,0.16666666666666666,1.0
TLR,0.7142857142857143,0.0,0.3333333333333333,0.25
TLS,0.3333333333333333,0.0,0.0,0.0
TLT,0.2222222222222222,0.4166666666666667,0.5714285714285714,0.25
TLV,0.14285714285714285,0.1111111111111111,0.1,0.36363636363636365
TLY,0.6818181818181818,0.2,0.68,0.75
TMA,1.0,0.3333333333333333,0.0,0.0
TMD,1.0,0.0,0.25,0.5
TMN,0.0,0.25,1.0,0.0
TMP,0.5,0.5,0.0,1.0
TMQ,0.0,0.0,0.0,0.0
TMR,0.0,0.6666666666666666,0.5,0.625
TMT,0.0,0.0,0.6,0.6666666666666666
TNA,0.25,0.14285714285714285,0.0,0.4
TND,0.5714285714285714,0.5867768595041323,0.0,0.0
TNE,0.0,0.0,0.0,0.0
TNF,1.0,0.4,0.42857142857142855,0.4
TNG,0.2857142857142857,0.25,0.3333333333333333,0.0
TNI,1.0,1.0,1.0,0.8
TNK,0.0,0.0,0.0,0.0
TNL,0.0,0.0,0.2857142857142857,0.3333333333333333
TNN,0.0,0.0,0.0,0.3333333333333333
TNP,0.46153846153846156,0.23529411764705882,0.28125,0.5333333333333333
TNQ,0.5853658536585366,0.704225352112676,0.8,0.9259259259259259
TNR,0.6666666666666666,0.7272727272727273,0.75,0.75
TNS,0.625,0.6923076923076923,0.4444444444444444,0.8
TNT,0.125,0.4528301886792453,0.48,0.6190476190476191
TNV,0.3333333333333333,0.0,0.5,0.5
TNY,0.6666666666666666,0.5,0.875,1.0
TPC,0.4,0.75,0.25,0.0
TPD,0.2857142857142857,0.10344827586206896,0.3170731707317073,0.0
TPE,0.4444444444444444,0.5,0.36363636363636365,0.2857142857142857
TPG,0.0,0.7530864197530864,0.58,0.0
TPI,0.25,0.5,0.5,0.6666666666666666
TPK,0.09090909090909091,0.25842696629213485,0.25742574257425743,0.46
TPL,0.0,0.0,0.0,0.0
TPP,0.7272727272727273,0.6363636363636364,0.5942028985507246,0.7638888888888888
TPQ,0.0,0.0,0.0,0.0
TPR,0.0,0.0,0.0,0.0
TPS,0.4444444444444444,1.0,0.0,0.25
TPV,0.5757575757575758,0.27692307692307694,0.075,0.7741935483870968
TQA,0.4,0.0,0.0,1.0
TQD,0.6153846153846154,0.6036036036036037,0.07407407407407407,0.05128205128205128
TQF,0.4,0.0,0.0,0.0
TQH,0.5,0.6666666666666666,0.5,0.5714285714285714
TQK,0.0,0.0,0.0,0.0
TQL,0.0,1.0,0.0,0.5
TQM,0.0,0.0,0.0,0.0
TQN,0.0,0.75,0.4,0.0
TQP,0.5,0.6666666666666666,0.42105263157894735,0.8
TQQ,0.0,1.0,1.0,0.0
TQS,0.0,0.0,0.0,0.0
TQT,0.2,0.0,0.0,0.5
TQV,0.0,0.0,0.3333333333333333,0.4
TQY,0.0,0.0,0.0,0.0
TRA,0.0,0.0,0.0,0.0
TRD,0.0,0.0,0.0,0.0
TRE,0.5,0.4444444444444444,0.375,0.625
TRF,0.16666666666666666,0.0,0.0,0.0
TRG,0.0,1.0,0.0,0.0
TRH,1.0,0.5,0.75,1.0
TRI,0.14285714285714285,0.3,0.15,0.23529411764705882
TRK,0.7419354838709677,0.5,0.7407407407407407,1.0
TRL,0.5,0.0,0.0,0.0
TRN,0.8,0.5,0.6363636363636364,1.0
TRP,0.4166666666666667,0.7058823529411765,0.5555555555555556,0.0
TRQ,1.0,0.7058823529411765,0.8148148148148148,0.8421052631578947
TRR,0.7692307692307693,0.8095238095238095,0.7368421052631579,0.7647058823529411
TRS,0.0,0.0,1.0,1.0
TRT,1.0,0.0,0.75,0.0
TRV,0.0,0.5,0.0,0.5
TRY,0.8571428571428571,0.6,0.967741935483871,0.956140350877193
TSA,0.2857142857142857,0.8571428571428571,0.6666666666666666,1.0
TSD,1.0,0.5,0.6666666666666666,1.0
TSE,0.7777777777777778,0.6,0.7368421052631579,1.0
TSF,0.8,0.2,0.7142857142857143,0.875
TSG,0.0,0.3333333333333333,0.0,0.16666666666666666
TSH,0.3,0.2,0.25,0.1111111111111111
TSI,1.0,1.0,0.6666666666666666,0.0
TSK,0.6923076923076923,0.12,0.3157894736842105,0.5
TSL,0.0,0.0,0.0,0.0
TSN,0.0,0.0,0.0,0.0
TSP,0.0,0.0,0.0,0.0
TSR,0.0,0.16666666666666666,0.09090909090909091,0.2857142857142857
TSS,0.625,0.0,0.3888888888888889,0.8125
TST,0.0,0.0,0.0,0.0
TSV,1.0,0.0,0.4,0.0
TTA,0.0,0.0,0.0,0.0
TTD,0.0,0.0,0.6666666666666666,1.0
TTE,0.0,0.7008547008547008,0.32142857142857145,0.0
TTH,0.0,1.0,0.21428571428571427,0.2777777777777778
TTI,0.0,0.0,0.0,0.0
TTK,0.0,0.0,0.0,0.0
TTL,0.0,0.0,0.0,0.0
TTN,0.6666666666666666,0.5833333333333334,0.6666666666666666,0.8
TTP,0.15384615384615385,0.125,0.3611111111111111,0.0
TTQ,0.0,0.0,0.0,0.0
TTR,0.8888888888888888,0.6,0.6744186046511628,0.8461538461538461
TTT,0.0,0.5,0.16666666666666666,0.3333333333333333
TTV,0.0,0.0,0.0,0.0
TVA,0.0,0.0,0.0,0.0
TVE,1.0,0.0,0.25,1.0
TVF,0.0,0.0,0.0,0.0
TVG,0.2222222222222222,0.2222222222222222,0.16666666666666666,0.8
TVH,0.0,0.0,0.0,0.0
TVI,0.1111111111111111,0.0,0.3333333333333333,0.0
TVK,0.5,0.0,0.5,0.5
TVL,0.29411764705882354,0.07894736842105263,0.5522388059701493,0.0
TVM,0.3333333333333333,0.6,0.0,0.0
TVN,0.0,0.5111111111111111,0.7142857142857143,0.620253164556962
TVP,0.05555555555555555,0.0,0.03125,0.1
TVQ,0.03333333333333333,0.11764705882352941,0.8272727272727273,0.0
TVR,0.8,0.0,0.5,0.0
TVS,0.0,0.0,0.0,0.0
TVT,0.0,0.0,0.0,0.2222222222222222
TVV,0.7142857142857143,0.3333333333333333,0.4,0.0
TVY,0.0,0.0,0.0,0.0
TWE,0.48717948717948717,0.3835616438356164,0.3076923076923077,0.0
TWG,0.0,0.0,0.0,0.0
TWI,0.0,0.014925373134328358,0.0,0.0
TWT,0.0,0.0,0.0,0.1
TWV,0.0,0.0,0.0,0.0
TWW,0.0,0.34523809523809523,0.09615384615384616,0.0
TWY,0.0,0.0,0.7777777777777778,1.0
TYA,0.5,0.0,0.1111111111111111,0.4
TYD,0.5,0.5833333333333334,0.25,0.6666666666666666
TYE,0.0,0.0,0.0,0.0
TYF,0.0,0.0,0.0,0.0
TYG,0.0,0.0,0.0,0.0
TYH,0.0,0.0,0.0,0.0
TYI,0.0,0.0,0.0,0.0
TYL,0.0,0.0,0.0,0.0
TYM,0.0,0.0,0.0,0.0
TYP,0.0,0.0,0.0,0.0
TYQ,0.0,0.6375838926174496,0.0,0.14285714285714285
TYS,0.3333333333333333,0.5,0.5,0.5
TYT,1.0,0.0,0.6666666666666666,0.6666666666666666
TYY,0.6296296296296297,0.5,0.041666666666666664,0.0
VAA,0.25,0.3076923076923077,0.09090909090909091,0.375
VAD,0.0,0.5,0.0,0.0
VAE,0.5555555555555556,0.4375,0.0625,0.0
VAF,0.25,1.0,0.0,0.25
VAG,0.0,0.0,0.0,0.0
VAH,0.0,0.0,0.25,0.0
VAI,0.3333333333333333,0.0,0.5,1.0
VAK,0.4,0.0,0.2777777777777778,0.4
VAL,0.0,0.0,0.0,0.0
VAP,0.2857142857142857,0.3,0.20833333333333334,0.3125
VAQ,0.0,0.0,0.0,0.0
VAR,0.75,0.875,0.4444444444444444,0.4166666666666667
VAS,0.7567567567567568,0.38461538461538464,0.36,0.5
VAT,0.0,0.0,0.26666666666666666,0.6666666666666666
VAV,0.0,0.0,0.0,0.0
VAW,0.45161290322580644,0.0,0.5882352941176471,0.6363636363636364
VAY,0.3333333333333333,0.2857142857142857,0.0,0.42857142857142855
VCA,0.2857142857142857,0.0,0.0,0.5555555555555556
VCD,0.5,0.0,0.3,0.7142857142857143
VCE,0.8,0.6666666666666666,1.0,0.5
VCH,0.0,1.0,0.5,0.0
VCK,0.9166666666666666,0.7,0.5263157894736842,0.46153846153846156
VCL,0.4,0.0,0.0,0.08
VCM,1.0,0.5,0.0,0.0
VCP,0.2857142857142857,0.0,0.0,0.0
VCS,0.0,0.0,0.0,0.0
VCT,0.0,0.0,0.0,0.0
VCV,0.0,0.0,0.25,0.42857142857142855
VDA,0.25,0.6666666666666666,0.0,1.0
VDC,1.0,0.0,0.0,0.0
VDD,0.25,0.0,1.0,0.7142857142857143
VDE,0.0,0.3333333333333333,0.25,0.0
VDF,0.5869565217391305,0.4659090909090909,0.24285714285714285,0.4727272727272727
VDG,0.5,0.36538461538461536,0.25806451612903225,0.8421052631578947
VDI,0.7142857142857143,0.5333333333333333,0.46153846153846156,0.0
VDK,0.0,0.0,0.0,0.6875
VDM,0.0,0.0,0.0,0.0
VDN,0.0,0.0,0.0,0.0
VDP,0.0,0.5,0.0,0.5
VDQ,0.0,0.0,0.0,0.0
VDR,0.42857142857142855,0.7,0.2857142857142857,0.8
VDV,0.0,0.2857142857142857,0.0,0.2857142857142857
VDY,0.0,1.0,1.0,0.3333333333333333
VED,0.5,0.4,0.08333333333333333,0.0
VEE,0.0,0.0,0.0,0.0
VEG,0.35714285714285715,0.4,0.14285714285714285,0.13157894736842105
VEI,0.4375,0.0,0.02702702702702703,0.2222222222222222
VEK,0.0,0.0,0.0,0.0
VEL,0.0,0.0,0.0,0.5
VEQ,0.8636363636363636,0.5384615384615384,0.72,0.7142857142857143
VER,0.7272727272727273,0.8571428571428571,0.6538461538461539,0.42857142857142855
VES,0.045454545454545456,0.0,0.0,0.2
VET,0.0,0.0,0.0,0.0
VEV,0.625,0.52,0.3181818181818182,0.5555555555555556
VEW,0.0,0.0,0.0,0.0
VEY,0.14285714285714285,0.23076923076923078,0.18181818181818182,0.18181818181818182
VFA,0.6428571428571429,0.3333333333333333,0.1891891891891892,0.6585365853658537
VFD,0.0,1.0,0.0,0.6666666666666666
VFE,0.2,0.16666666666666666,0.5,0.42857142857142855
VFF,0.0,0.0,0.0,0.0
VFG,0.6,1.0,0.6666666666666666,0.8
VFH,0.75,0.42857142857142855,0.4,0.25
VFI,0.0,0.0,0.0,0.0
VFK,0.2222222222222222,0.0,0.1111111111111111,0.5
VFL,0.0,0.0,0.0,0.0
VFN,0.0,0.0,0.0,0.0
VFP,0.0,0.0,0.0,0.0
VFR,0.9166666666666666,0.8666666666666667,0.8620689655172413,0.7083333333333334
VFS,0.0,0.0,0.5,0.0
VFT,0.0,0.0,0.0,0.0
VFV,0.0,0.0,0.0,0.5
VFW,0.0,0.0,0.0,0.0
VGA,0.2857142857142857,0.23076923076923078,0.3157894736842105,0.09090909090909091
VGD,0.6666666666666666,0.1875,0.5076923076923077,0.25
VGF,0.3333333333333333,0.0,0.2,0.0
VGG,0.3076923076923077,0.5,0.23076923076923078,0.5
VGH,0.0,0.0,0.0,0.0
VGI,0.3333333333333333,0.3333333333333333,0.2777777777777778,0.5333333333333333
VGK,0.07142857142857142,0.6956521739130435,0.837696335078534,0.46551724137931033
VGL,0.4,0.8,1.0,1.0
VGN,0.6666666666666666,1.0,0.0,1.0
VGP,0.2857142857142857,0.0,0.0,0.0
VGQ,0.0,0.0,0.0,0.0
VGR,0.0,0.0,0.0,0.0
VGS,0.42105263157894735,0.07692307692307693,0.25,0.65
VGT,0.6666666666666666,0.6666666666666666,0.5,0.5
VGV,0.0,0.0,0.0,0.0
VGW,1.0,0.0,0.4,0.6
VGY,0.4,0.2857142857142857,0.5,0.0
VHA,0.0,0.0,0.0,0.0
VHE,0.5,0.0,0.0,0.5
VHG,0.0,0.0,0.0,0.0
VHI,0.0,0.0,0.0,0.0
VHK,0.0,0.0,0.0,0.0
VHL,0.23809523809523808,0.625,0.3125,0.0
VHN,0.0,0.0,0.0,0.0
VHP,0.0,0.0,0.0,0.0
VHR,0.42857142857142855,0.5,0.42857142857142855,0.6
VHS,0.0,0.0,0.0,0.0
VHT,0.0,0.0,0.0,0.0
VHV,0.0,1.0,1.0,1.0
VIA,0.0,0.0,0.0,0.0
VIC,0.0,0.0,0.0,0.0
VID,0.5,0.4,0.2608695652173913,0.28
VIE,0.5454545454545454,0.0,0.2857142857142857,0.0
VIF,0.39473684210526316,0.525,0.48,0.47368421052631576
VIG,0.0,0.0,0.0,0.0
VIH,0.5,0.5,0.3333333333333333,0.6666666666666666
VII,0.0,0.0,0.0,0.0
VIK,0.6470588235294118,0.8260869565217391,0.7368421052631579,0.6
VIL,0.0,0.0,0.3333333333333333,0.0
VIN,0.0625,0.0,0.25,0.25
VIP,0.04,0.05555555555555555,0.02040816326530612,0.7708333333333334
VIQ,0.0,0.0,0.0,0.0
VIR,0.2857142857142857,0.2857142857142857,0.3076923076923077,0.0
VIS,0.5,0.0,0.0,0.0
VIT,0.0,0.5,0.6666666666666666,0.25
VIV,0.4,0.0,0.3,0.35
VIW,0.0,0.7741935483870968,0.02040816326530612,0.0
VIY,0.14285714285714285,0.36666666666666664,0.5625,0.0
VKA,0.25,0.18181818181818182,0.3333333333333333,0.6363636363636364
VKD,0.0,0.0,0.0,0.0
VKE,0.16666666666666666,0.42857142857142855,0.4444444444444444,0.3333333333333333
VKF,0.0,0.0,0.0,0.0
VKG,0.16666666666666666,0.19230769230769232,0.23333333333333334,0.2
VKH,0.0,0.0,0.0,0.0
VKI,0.0,0.0,0.0,0.0
VKK,1.0,1.0,0.75,0.0
VKL,0.018867924528301886,0.11578947368421053,0.008620689655172414,0.4266666666666667
VKM,0.0,0.0,0.0,0.0
VKN,0.6666666666666666,0.75,0.5833333333333334,0.775
VKQ,0.6776859504132231,0.6758620689655173,0.16091954022988506,0.5353535353535354
VKR,0.0,0.3333333333333333,0.25,1.0
VKS,0.3333333333333333,1.0,0.75,0.5555555555555556
VKT,0.23076923076923078,0.3333333333333333,0.25,0.3333333333333333
VKV,0.0,0.0,0.6666666666666666,0.5
VKY,0.5,0.0,0.32,0.0
VLA,0.0,0.0,0.0,0.0
VLD,0.2222222222222222,0.1875,0.589041095890411,0.13333333333333333
VLE,0.0,0.0,0.0,0.0
VLF,1.0,0.0,0.0,0.6666666666666666
VLG,0.25,0.0,0.07692307692307693,0.3333333333333333
VLH,0.0,0.0,0.0,0.0
VLI,0.4,0.16666666666666666,0.7333333333333333,0.6666666666666666
VLK,0.875,0.21428571428571427,0.2777777777777778,0.5833333333333334
VLL,0.0,0.0,0.0,0.0
VLN,0.2727272727272727,0.18181818181818182,0.2857142857142857,0.0
VLP,0.2631578947368421,0.3669724770642202,0.6610169491525424,0.125
VLQ,0.25,0.0,0.723404255319149,0.7681159420289855
VLR,0.7,0.8,0.8333333333333334,0.6666666666666666
VLS,0.0,0.2222222222222222,0.2,0.8
VLT,0.3,0.2,0.043478260869565216,0.22580645161290322
VLV,0.3333333333333333,0.0,0.2916666666666667,0.6875
VLY,1.0,0.8,0.25,0.5
VMA,0.35294117647058826,0.3,0.34782608695652173,0.47058823529411764
VMF,0.3333333333333333,0.3333333333333333,0.5714285714285714,0.6153846153846154
VMH,0.0,0.6666666666666666,0.3333333333333333,1.0
VMK,0.0,0.0,0.038461538461538464,0.11538461538461539
VML,0.1,0.5,0.3064516129032258,0.7301587301587301
VMP,0.0,0.0,0.0,0.0
VMR,0.6666666666666666,1.0,1.0,0.0
VMS,0.3333333333333333,0.6666666666666666,0.25,0.0
VMT,0.6666666666666666,0.75,0.3333333333333333,0.5
VMV,0.25,0.0,0.05555555555555555,0.5833333333333334
VNA,0.0,0.0,0.0,0.0
VNC,0.0,0.0,0.0,0.0
VND,0.0,0.42592592592592593,0.8053691275167785,0.6956521739130435
VNE,0.0,0.0,0.0,0.0
VNF,0.5,0.2,0.39285714285714285,0.18181818181818182
VNG,0.0,0.0,0.0,0.0
VNI,0.15384615384615385,0.0,0.125,0.0
VNL,0.6153846153846154,0.5217391304347826,0.32142857142857145,0.37254901960784315
VNQ,0.6341463414634146,0.5185185185185185,0.43636363636363634,0.45714285714285713
VNR,0.0,0.0,0.0,0.0
VNS,0.0,0.0,0.0,0.5
VNT,0.7272727272727273,0.5680473372781065,0.865979381443299,0.7752808988764045
VNV,0.0,0.0,0.0,0.0
VNW,0.6666666666666666,0.0,0.6666666666666666,1.0
VNY,0.8,0.75,1.0,0.5
VPA,0.2222222222222222,0.12903225806451613,0.1,0.8852459016393442
VPF,0.0,1.0,0.0,0.0
VPG,0.5,1.0,0.6666666666666666,1.0
VPI,0.0,0.0,0.0,0.5
VPK,0.8235294117647058,0.5333333333333333,0.5853658536585366,0.5789473684210527
VPL,0.16666666666666666,0.29545454545454547,0.08955223880597014,0.20930232558139536
VPN,0.0,0.8333333333333334,0.3333333333333333,0.3333333333333333
VPP,0.0,0.0,0.0,0.0
VPQ,0.0,0.0,0.0,0.0
VPR,0.6666666666666666,0.6,0.3333333333333333,0.5
VPS,0.0,0.375,0.5,0.16666666666666666
VPV,0.0,0.0,0.0,0.0
VPW,1.0,0.0,0.25,0.5
VPY,0.0,0.5,0.5,0.6666666666666666
VQA,0.25,0.0,0.3333333333333333,0.2
VQD,0.0,0.5555555555555556,0.5,0.75
VQG,1.0,0.45454545454545453,0.5384615384615384,0.875
VQI,0.8571428571428571,0.375,0.3333333333333333,0.9090909090909091
VQK,0.3333333333333333,0.7016574585635359,0.33663366336633666,0.22641509433962265
VQL,0.30612244897959184,0.725609756097561,0.6275862068965518,0.16279069767441862
VQM,0.0,0.0,0.5833333333333334,1.0
VQP,0.038461538461538464,0.13333333333333333,0.8125,0.0
VQQ,0.0,0.0,0.0,0.0
VQR,0.45454545454545453,0.4,0.5,0.15384615384615385
VQS,0.0,0.0,0.0,0.0
VQT,0.6,0.0,0.4117647058823529,0.0
VQV,0.0,0.0,0.0,0.75
VRA,0.0,0.0,0.0,0.0
VRD,0.5,1.0,0.8571428571428571,0.7142857142857143
VRH,0.0,0.0,0.0,0.0
VRI,0.2857142857142857,0.5555555555555556,0.803030303030303,0.8723404255319149
VRK,0.75,0.3,0.46153846153846156,1.0
VRL,0.0,0.2,0.2,0.4
VRM,0.0,0.0,0.5,0.4
VRN,0.0,0.0,0.0,0.0
VRP,0.0,0.0,0.25,1.0
VRQ,0.3684210526315789,0.577922077922078,0.58,0.5930232558139535
VRR,0.0,0.0,0.0,0.0
VRT,0.0,0.0,0.0,0.0
VRV,0.42857142857142855,0.0,0.07142857142857142,0.0
VRY,0.9,0.8235294117647058,0.7142857142857143,0.9
VSA,0.0,0.0,0.0,0.0
VSC,0.0,0.0,0.0,0.0
VSD,0.0,0.0,0.0,0.0
VSE,0.3333333333333333,0.0,0.0,0.0
VSF,0.7142857142857143,0.5,0.3333333333333333,1.0
VSG,0.0,0.0,0.5,0.5
VSI,0.5,1.0,1.0,0.0
VSK,0.0,0.0,0.0,0.0
VSL,0.0,0.0,0.0,0.0
VSM,0.0,0.0,0.0,0.5
VSP,0.0,0.0,0.0,0.0
VSQ,0.6923076923076923,0.6666666666666666,0.5,0.4
VSR,0.7647058823529411,0.74,0.5238095238095238,0.7941176470588235
VSS,0.6153846153846154,0.6222222222222222,0.525,0.37037037037037035
VST,0.8571428571428571,0.6,0.5,1.0
VSV,0.6666666666666666,0.3333333333333333,0.6153846153846154,0.875
VSW,0.2,0.0,0.0,0.037037037037037035
VSY,0.0,0.0,0.0,0.0
VTA,0.6666666666666666,0.45,0.48148148148148145,0.6666666666666666
VTC,0.6428571428571429,0.6875,0.29411764705882354,0.16666666666666666
VTD,0.0,0.0,0.0,0.7878787878787878
VTE,0.0,0.0,0.0,0.16666666666666666
VTF,0.0,0.0,0.0,0.0
VTG,0.18181818181818182,0.15789473684210525,0.015625,0.08333333333333333
VTH,0.0,0.0,0.0,0.0
VTI,0.6,0.5882352941176471,0.5217391304347826,0.25
VTK,0.8,0.8,0.6923076923076923,0.625
VTL,0.0,0.0,0.0,0.2857142857142857
VTM,0.0,1.0,0.0,1.0
VTN,0.38461538461538464,0.02857142857142857,0.20588235294117646,0.6
VTP,0.0,0.0,0.0,0.0
VTQ,0.0,1.0,1.0,0.0
VTR,0.5,0.25,0.75,0.5
VTS,0.2222222222222222,0.6666666666666666,0.4,0.3333333333333333
VTV,0.09090909090909091,0.061224489795918366,0.5,0.0
VTY,0.0,0.0,0.5,0.0
VVA,0.5,0.42857142857142855,0.14285714285714285,0.5714285714285714
VVD,0.6666666666666666,0.2727272727272727,0.25,0.0
VVE,0.25,0.09090909090909091,0.3333333333333333,0.0
VVG,0.3333333333333333,0.5,0.0,0.0
VVH,0.0,0.0,0.0,0.0
VVI,0.5294117647058824,0.6956521739130435,0.47368421052631576,0.5789473684210527
VVK,0.8666666666666667,0.8823529411764706,0.7037037037037037,0.9473684210526315
VVL,0.5,0.3333333333333333,0.0,0.375
VVM,0.42857142857142855,0.25,0.3333333333333333,0.5
VVN,0.0,0.0,0.0,0.08333333333333333
VVP,0.0,0.0,0.0,0.16216216216216217
VVQ,0.0,0.0,0.0,0.0
VVR,0.5,0.0,0.5,0.2
VVS,0.16666666666666666,0.0,0.125,0.25
VVT,0.375,0.1,0.5384615384615384,0.5714285714285714
VVV,0.2,0.0,0.2,1.0
VVW,0.0,0.0,0.0,0.0
VVY,1.0,0.5,0.0,0.5
VWA,0.0,1.0,0.0,0.6666666666666666
VWE,0.0,0.0,0.0,0.0
VWG,0.0,0.0,0.6666666666666666,0.4
VWH,0.0,0.0,0.0,0.0
VWP,0.5,0.0,0.4,1.0
VWT,0.38461538461538464,0.375,0.8,0.5
VWV,0.5,0.3333333333333333,0.75,0.8571428571428571
VYA,0.5454545454545454,0.42857142857142855,0.21428571428571427,0.8333333333333334
VYE,0.0,0.0,0.0,0.0
VYG,0.5384615384615384,0.875,1.0,0.25
VYI,0.0,0.0,0.0,0.0
VYK,0.6666666666666666,0.5,0.6666666666666666,0.0
VYL,0.0,0.0,0.022222222222222223,0.125
VYM,0.0,0.0,0.0,0.0
VYN,0.0,0.0,0.0,0.0
VYP,0.5,0.3333333333333333,0.0,0.0
VYR,1.0,0.5,0.0,1.0
VYT,0.0,0.0,0.0,0.5
VYV,0.5,1.0,0.5,0.6666666666666666
VYW,0.0,0.0,0.0,0.0
VYY,0.0,0.0,0.1206896551724138,0.21052631578947367
WAE,0.0,0.16666666666666666,0.3333333333333333,0.0
WAL,0.0,1.0,0.0,0.6666666666666666
WAS,0.0,0.8390804597701149,0.8363636363636363,0.71875
WCI,0.5,1.0,0.0,0.0
WCN,0.5,1.0,0.0,0.0
WDD,0.0,0.0,0.0,0.0
WDI,0.0,0.0,0.0,0.0
WDK,0.0,0.0,0.0,0.12
WDW,0.0,0.0,0.0,0.0
WEA,0.75,0.5,0.375,0.0
WEC,0.0,0.0,0.0,0.0
WEF,0.6,0.5106382978723404,0.7553191489361702,0.7966101694915254
WEG,0.0,0.0,0.0,0.0
WEH,0.0,0.0,0.0,0.0
WEP,0.42857142857142855,0.4666666666666667,0.0,0.7692307692307693
WES,0.0,0.0,0.0,0.0
WET,0.37209302325581395,0.41379310344827586,0.3380281690140845,0.0
WEV,0.6363636363636364,0.6956521739130435,0.5510204081632653,0.08333333333333333
WFL,0.0,1.0,0.0,1.0
WFQ,0.8695652173913043,0.42857142857142855,0.4444444444444444,0.9166666666666666
WFS,0.0,0.0,0.0,0.0
WFT,0.5,0.4,0.5833333333333334,0.5
WGE,0.38461538461538464,0.2777777777777778,0.16666666666666666,0.22727272727272727
WGF,0.0,0.3333333333333333,0.0,0.0
WGG,0.0,0.0,0.0,1.0
WGI,0.6666666666666666,0.0,0.6666666666666666,0.0
WGK,0.0,0.13114754098360656,0.0,0.0
WGL,0.2857142857142857,0.0,0.09523809523809523,0.0
WGN,0.0,0.0,0.29411764705882354,0.7142857142857143
WGQ,0.5217391304347826,0.0,0.3137254901960784,0.38095238095238093
WGR,0.6666666666666666,0.75,1.0,0.0
WGS,0.0,0.0,0.0,0.0
WHV,0.6428571428571429,0.2,0.6923076923076923,0.8333333333333334
WID,0.4,0.9375,0.8333333333333334,0.5
WIK,0.5,0.0,0.5,0.5
WIN,1.0,0.0,0.375,0.5
WIP,0.0,0.0,0.0,0.0
WIQ,1.0,0.2857142857142857,0.8181818181818182,0.4090909090909091
WIR,0.5,0.0,0.8,0.8333333333333334
WIS,0.5,0.36363636363636365,0.0,0.0
WIT,0.0,0.0,0.0,0.0
WIV,0.0,0.0,0.0,0.5
WKD,0.6666666666666666,0.5,0.6923076923076923,0.0
WKE,0.0,0.0,0.0,0.0
WKG,0.5862068965517241,0.7448979591836735,0.5,0.4
WKN,0.0,0.0,0.0,0.0
WKP,0.0,0.0,0.0,0.0
WLD,0.0,0.0,0.0,0.0
WLG,0.0,0.0,0.0,0.0
WLM,0.9444444444444444,0.7142857142857143,0.9285714285714286,1.0
WLN,0.0,0.0,0.4,0.5
WLQ,0.0,0.0,0.0,0.0
WLS,0.0,0.0,0.0,0.0
WLY,0.0,1.0,1.0,1.0
WMG,0.13043478260869565,0.8448275862068966,0.8275862068965517,0.041666666666666664
WMI,0.0,0.0,0.0,0.0
WNK,0.9545454545454546,1.0,0.9117647058823529,0.6666666666666666
WNL,0.0,0.0,0.0,1.0
WNR,0.6,0.375,0.625,1.0
WNS,0.0,0.0,0.25,1.0
WPG,0.25,0.16666666666666666,0.2,0.25
WPK,0.0,0.0,0.0,1.0
WPL,0.55,0.6434108527131783,0.14285714285714285,0.5641025641025641
WPP,0.0,0.0,0.18181818181818182,0.8
WQA,0.47058823529411764,0.4892086330935252,0.041666666666666664,0.41818181818181815
WQQ,0.0,0.0,0.0,0.0
WQV,0.0,0.0,0.046875,0.5588235294117647
WRC,0.0,0.0,0.0,0.0
WRE,0.782608695652174,0.5294117647058824,0.7045454545454546,0.5217391304347826
WRF,0.5,0.6666666666666666,0.6,0.8
WRG,0.5,0.8333333333333334,1.0,1.0
WRK,0.6428571428571429,0.4861111111111111,0.5737704918032787,0.9047619047619048
WRN,0.0,0.0,0.0,0.0
WRQ,1.0,0.0,1.0,1.0
WRS,0.8181818181818182,0.5,0.42857142857142855,1.0
WSF,0.0,0.0,0.0,0.0
WSG,0.0,0.0,0.0,0.0
WSK,0.0,0.0,0.0,0.0
WSR,0.0,0.0,0.0,0.0
WST,1.0,0.0,0.7142857142857143,0.0
WSV,0.5,1.0,0.5,0.0
WTA,0.0,0.0,0.0,0.0
WTE,0.0,0.0,0.0,0.0
WTF,1.0,0.0,0.5,0.5
WTH,0.0,0.0,0.0,0.0
WTI,0.0,0.0,0.0,1.0
WTK,0.5,0.0,1.0,0.0
WTL,0.0,0.0,0.0,0.0
WTP,0.5,0.3333333333333333,0.75,0.5
WTQ,0.0,0.0,0.0,0.0
WTV,0.0,0.4016393442622951,0.757201646090535,0.5274725274725275
WTY,0.0,0.6225165562913907,0.0,0.0
WVA,0.4482758620689655,0.19444444444444445,0.28125,0.23809523809523808
WVC,0.3333333333333333,0.0,0.0,1.0
WVF,0.0,0.0,0.0,0.0
WVG,0.3333333333333333,0.5,0.5454545454545454,0.4375
WVL,0.25,0.2,0.0,0.10714285714285714
WVP,0.0,0.4444444444444444,0.0,0.8135593220338984
WVQ,0.5,0.8571428571428571,0.45454545454545453,0.8
WVR,0.46153846153846156,0.0,0.041666666666666664,0.0
WVS,0.0,1.0,0.5,0.25
WWC,0.0,0.0,0.0,0.0
WWG,0.0,1.0,0.0,0.5
WWT,0.0,0.25,0.0,0.0
WYF,0.625,0.42857142857142855,0.75,0.8
WYQ,0.41379310344827586,0.0,0.012658227848101266,0.1267605633802817
WYR,0.0,0.0,0.875,0.8571428571428571
WYV,0.0,0.0,0.0,0.0
YAA,0.0,0.0,0.16666666666666666,0.0
YAD,0.5526315789473685,0.325,0.2727272727272727,0.5
YAF,1.0,0.0,0.0,0.0
YAG,0.5555555555555556,0.17647058823529413,0.35294117647058826,0.0
YAI,0.0,0.0,0.0,0.0
YAK,0.6428571428571429,0.5,0.625,0.7333333333333333
YAL,0.5102040816326531,0.7339449541284404,0.7435897435897436,0.8387096774193549
YAM,0.3333333333333333,0.5,0.0,1.0
YAN,0.0,0.0,0.0,0.0
YAP,0.6,0.0,0.0,0.0
YAR,0.8857142857142857,0.7936507936507936,0.7063492063492064,0.765625
YAS,0.0,0.0,0.5,0.625
YAT,0.0,0.0,0.0,0.0
YAV,0.0,0.5,0.0,0.5
YAW,0.0,0.0,0.0,0.0
YCA,0.5666666666666667,0.0,0.045454545454545456,0.09090909090909091
YCN,0.0,0.0,0.7,0.8333333333333334
YCQ,0.75,0.0,0.2,0.0
YCS,0.0,0.0,0.0,0.0
YCT,0.0,0.0,0.16666666666666666,1.0
YDA,0.6666666666666666,0.3333333333333333,0.5,0.0
YDD,0.5,0.0,0.3333333333333333,0.5625
YDF,0.6,0.8888888888888888,0.75,0.4
YDG,0.8888888888888888,0.42857142857142855,0.96875,0.8
YDK,0.5263157894736842,0.16666666666666666,0.35714285714285715,0.5238095238095238
YDL,0.0,0.0,0.0,0.0
YDP,0.0,0.0,0.0,0.125
YDR,0.3333333333333333,0.5,0.3333333333333333,0.0
YDS,0.6,0.0,0.8333333333333334,0.75
YDT,0.5,0.0,0.0,0.0
YDW,0.3333333333333333,0.0,1.0,0.0
YEC,0.0,0.0,0.0,0.0
YEE,0.3333333333333333,0.0,0.5,1.0
YEF,0.5,0.625,0.6666666666666666,1.0
YEG,0.0,0.0,0.0,0.0
YEL,0.0,0.8080808080808081,0.8,0.0
YER,1.0,0.6,0.9801980198019802,0.9797979797979798
YES,0.0,0.0,0.0,0.0
YET,0.4,0.25,0.2,0.2
YFA,1.0,1.0,1.0,0.5
YFC,1.0,0.0,0.0,1.0
YFD,1.0,1.0,0.75,0.5714285714285714
YFE,0.0,0.5,0.0,0.0
YFF,0.0,0.5,0.7142857142857143,0.625
YFI,0.5,1.0,0.0,0.0
YFL,0.0,0.0,0.0,0.0
YFP,1.0,1.0,0.6666666666666666,0.0
YFS,0.48484848484848486,0.7386363636363636,0.6,0.5
YFT,0.5,0.0,0.75,0.75
YFV,0.2,0.0,0.0,0.0
YFY,0.625,0.5,0.6,0.5714285714285714
YGA,0.25,0.2,0.3333333333333333,0.0
YGC,1.0,0.5,0.0,1.0
YGD,0.0,0.0,0.0,0.0
YGF,0.3125,0.8,0.22727272727272727,0.2727272727272727
YGI,0.5,0.16666666666666666,0.0,0.5
YGK,1.0,0.5,0.6666666666666666,1.0
YGL,0.7142857142857143,0.9285714285714286,1.0,0.0
YGM,1.0,0.3333333333333333,0.875,1.0
YGP,0.3333333333333333,1.0,0.0,1.0
YGQ,1.0,0.5,1.0,0.0
YGR,0.0,0.0,0.0,1.0
YGS,1.0,1.0,0.8,1.0
YGV,0.0,0.0,0.0,0.0
YHC,0.5,0.0,0.5,0.0
YHD,0.5,0.25,0.5,0.5
YHF,0.0,0.0,0.0,0.0
YHK,0.0,0.0,1.0,0.0
YHL,0.5,0.5,0.6666666666666666,0.3333333333333333
YHS,0.3333333333333333,0.0,0.0,0.0
YID,0.75,0.7857142857142857,0.8,0.0
YIE,0.25,0.5,0.3333333333333333,0.6666666666666666
YIG,0.0,0.0,0.0,0.0
YIH,0.7,0.26666666666666666,0.7416666666666667,0.7611940298507462
YIK,0.5,0.0,0.3333333333333333,1.0
YIL,0.6666666666666666,0.6666666666666666,0.7727272727272727,0.95
YIN,0.23809523809523808,0.5,0.38461538461538464,0.625
YIQ,1.0,0.5,1.0,0.75
YIR,0.95,0.7391304347826086,0.9047619047619048,1.0
YIS,0.746031746031746,0.5531914893617021,0.38235294117647056,0.0
YIV,0.0,0.0,0.0,0.0
YKC,0.0,0.0,0.0,0.0
YKD,0.0,0.0,0.0,0.0
YKE,0.125,0.2,0.2,0.0
YKG,0.5,0.0,0.15,0.16666666666666666
YKH,0.3333333333333333,0.3333333333333333,0.6785714285714286,0.75
YKK,1.0,0.3333333333333333,0.5,0.0
YKL,0.0,0.0,0.0,0.0
YKN,0.0,0.0,0.0,0.0
YKP,0.5,0.0,0.2,0.25
YKR,1.0,0.25,0.5,1.0
YKS,1.0,0.0,0.8333333333333334,0.0
YKT,0.6,0.6666666666666666,0.5333333333333333,0.3333333333333333
YKV,0.8888888888888888,0.7777777777777778,0.25,1.0
YLA,0.0,0.0,0.017241379310344827,0.0
YLC,0.0,0.0,0.0,0.0
YLD,0.0,0.0,0.0,0.0
YLE,0.0,0.0,0.0,0.3333333333333333
YLG,0.75,0.14285714285714285,0.16666666666666666,0.4
YLH,0.5,0.3333333333333333,0.25,0.0
YLK,0.0,0.0,0.0,0.0
YLL,0.6111111111111112,0.4166666666666667,0.6363636363636364,0.5714285714285714
YLN,0.9166666666666666,1.0,0.8,0.8333333333333334
YLQ,0.07142857142857142,0.09090909090909091,0.02857142857142857,0.2631578947368421
YLR,0.0,0.0,0.0,0.0
YLS,0.0,0.0,0.0,0.0
YLT,0.25,0.75,0.0,0.75
YLV,0.0,0.0,0.0,0.0
YLY,0.3333333333333333,0.8,0.0,0.0
YMA,0.5,1.0,0.75,0.0
YMD,0.4411764705882353,0.796875,0.7727272727272727,0.22580645161290322
YMI,0.0,0.0,0.0,0.0
YMK,0.0,0.0,0.0,0.0
YML,0.0,0.0,0.0,0.0
YMY,0.0,0.0,0.0,0.0
YNA,0.0,0.0,0.0,0.16666666666666666
YNF,0.2,0.4,0.5,0.5
YNH,1.0,0.3333333333333333,0.5,1.0
YNL,0.0,0.0,0.0,0.0
YNN,0.8,1.0,1.0,1.0
YNP,0.0,0.0,0.0,0.0
YNQ,0.0,0.0,0.0,0.0
YNS,0.0,0.0,0.6666666666666666,1.0
YNT,0.36363636363636365,0.5346534653465347,0.08,0.6176470588235294
YNV,0.4827586206896552,0.34545454545454546,0.12280701754385964,0.6
YNW,0.6428571428571429,0.3333333333333333,0.84,0.6
YNY,0.5882352941176471,0.6666666666666666,0.14285714285714285,0.0
YPA,0.0,0.0,0.0,0.0
YPD,0.0,0.0,0.0,0.0
YPE,0.0,0.0,0.0,0.0
YPG,0.22727272727272727,0.3125,0.3194444444444444,0.09090909090909091
YPH,1.0,1.0,1.0,1.0
YPK,0.0,0.0,0.0,0.0
YPL,0.25,0.0,0.0,0.0
YPM,1.0,1.0,0.5,0.0
YPN,0.0,0.0,0.0,0.0
YPP,0.375,0.0,0.14285714285714285,0.25
YPQ,0.5,0.0,1.0,1.0
YPS,1.0,0.8,1.0,1.0
YPT,0.3333333333333333,1.0,0.0,0.0
YPV,0.8571428571428571,0.0,0.75,0.0
YPY,0.6666666666666666,0.0,0.0,0.0
YQA,0.6666666666666666,0.75,0.5,0.8
YQD,0.0,0.0,0.0,0.0
YQE,0.0,0.36363636363636365,0.3380281690140845,0.7241379310344828
YQG,0.0,0.0,0.0,0.0
YQI,0.0,0.5900621118012422,0.0,0.12
YQL,0.0,0.0,0.0,0.0
YQM,0.5,0.0,0.22580645161290322,0.09523809523809523
YQN,0.0,0.0,0.0,0.0
YQP,0.4,0.6666666666666666,0.5714285714285714,0.0
YQQ,0.75,0.0,0.08333333333333333,0.2
YQR,0.0,0.0,0.0,0.0
YQS,0.2,0.2,0.3,0.25
YQY,0.3269230769230769,0.6864864864864865,0.5730994152046783,0.2413793103448276
YRA,0.0,1.0,1.0,0.75
YRD,1.0,0.75,0.3333333333333333,1.0
YRG,0.2857142857142857,0.75,0.3333333333333333,0.0
YRH,0.0,0.0,0.0,0.0
YRI,1.0,1.0,0.5,0.0
YRL,0.6,0.6666666666666666,0.0,0.0
YRN,0.0,0.0,0.0,0.0
YRP,0.0,0.0,0.0,0.0
YRQ,0.0,0.0,0.8181818181818182,0.8571428571428571
YRR,0.8026315789473685,0.735632183908046,0.6538461538461539,0.6129032258064516
YRT,1.0,1.0,1.0,0.0
YRV,0.0,0.0,0.0,0.0
YSA,0.7297297297297297,0.46875,0.6956521739130435,0.631578947368421
YSD,0.0,0.0,0.5,0.6666666666666666
YSE,0.6666666666666666,1.0,0.0,0.0
YSF,0.84,0.8846153846153846,0.5714285714285714,0.6666666666666666
YSG,0.7073170731707317,0.6376811594202898,0.5555555555555556,0.05
YSI,1.0,0.8,1.0,0.8571428571428571
YSK,0.6666666666666666,0.4,0.8666666666666667,0.0
YSL,0.4,0.0,0.0,0.5
YSN,0.0,0.0,0.0,0.0
YSR,0.0,0.0,0.0,0.0
YSS,0.7833333333333333,0.6170212765957447,0.48484848484848486,0.09090909090909091
YST,1.0,0.0,0.5,0.5
YSV,0.5,0.6666666666666666,0.3333333333333333,1.0
YTA,0.08333333333333333,0.13636363636363635,0.0,0.15384615384615385
YTF,1.0,0.6666666666666666,0.7777777777777778,1.0
YTG,1.0,0.0,0.6,0.5
YTH,0.6842105263157895,0.8888888888888888,0.5833333333333334,0.3888888888888889
YTI,0.7,0.9333333333333333,0.7142857142857143,1.0
YTK,0.6666666666666666,0.5384615384615384,0.7142857142857143,0.4
YTL,0.5833333333333334,0.25,0.29411764705882354,0.3333333333333333
YTM,0.0,0.5,1.0,0.0
YTN,0.6,0.6666666666666666,0.6666666666666666,1.0
YTQ,0.0,0.0,0.0,0.0
YTR,0.0,0.0,1.0,1.0
YTV,0.38461538461538464,0.6,0.2,0.0
YTY,1.0,1.0,1.0,0.0
YVA,0.42857142857142855,0.3333333333333333,0.6666666666666666,0.8571428571428571
YVC,0.6363636363636364,0.6666666666666666,0.8571428571428571,0.8
YVD,0.0,0.034482758620689655,0.043478260869565216,0.7380952380952381
YVE,1.0,0.3333333333333333,0.0,0.0
YVG,0.2222222222222222,0.07317073170731707,0.6714285714285714,0.0
YVI,0.0,0.5,0.0,0.0
YVN,0.5,0.5,0.6666666666666666,0.7142857142857143
YVQ,0.4444444444444444,0.35294117647058826,0.3333333333333333,0.6153846153846154
YVS,0.0,0.0,0.0,0.0
YVT,0.0,0.0,0.0,0.0
YVV,0.0,0.0,0.0,0.0
YVW,0.0,0.0,0.0,0.0
YWD,0.0,0.0,0.0,0.0
YWG,0.75,0.15789473684210525,0.34615384615384615,0.4166666666666667
YWH,0.6666666666666666,0.0,0.6666666666666666,0.75
YWP,0.0,0.0,0.0,0.0
YWQ,0.5714285714285714,0.5573770491803278,0.046511627906976744,0.42592592592592593
YWV,0.0,0.0,0.0,0.0
YYA,0.75,0.6222222222222222,0.21739130434782608,0.0
YYC,0.15,0.0,0.21875,0.3076923076923077
YYD,0.0,0.0,0.0,0.0
YYG,1.0,1.0,0.8888888888888888,1.0
YYH,0.0,0.0,0.0,0.0
YYI,0.0,0.0,0.0,0.0
YYL,0.625,0.2857142857142857,0.2857142857142857,0.4
YYN,0.0,0.0,0.0,0.0
YYP,0.0,0.0,0.0,0.0
YYQ,0.0,0.0,0.0,0.0
YYR,0.42857142857142855,0.5,0.0,0.5
