nt_motif,AA,AC,AD,AE,AF,AG,AH,AI,AK,AL,AM,AN,AP,AQ,AR,AS,AT,AV,AW,AY,CA,CC,CD,CE,CF,CG,CH,CI,CK,CL,CM,CN,CP,CQ,CR,CS,CT,CV,CW,CY,DA,DC,DD,DE,DF,DG,DH,DI,DK,DL,DM,DN,DP,DQ,DR,DS,DT,DV,DW,DY,EA,EC,ED,EE,EF,EG,EH,EI,EK,EL,EM,EN,EP,EQ,ER,ES,ET,EV,EW,EY,FA,FC,FD,FE,FF,FG,FH,FI,FK,FL,FM,FN,FP,FQ,FR,FS,FT,FV,FW,FY,GA,GC,GD,GE,GF,GG,GH,GI,GK,GL,GM,GN,GP,GQ,GR,GS,GT,GV,GW,GY,HA,HC,HD,HE,HF,HG,HH,HI,HK,HL,HM,HN,HP,HQ,HR,HS,HT,HV,HW,HY,IA,IC,ID,IE,IF,IG,IH,II,IK,IL,IM,IN,IP,IQ,IR,IS,IT,IV,IW,IY,KA,KC,KD,KE,KF,KG,KH,KI,KK,KL,KM,KN,KP,KQ,KR,KS,KT,KV,KW,KY,LA,LC,LD,LE,LF,LG,LH,LI,LK,LL,LM,LN,LP,LQ,LR,LS,LT,LV,LW,LY,MA,MC,MD,ME,MF,MG,MH,MI,MK,ML,MM,MN,MP,MQ,MR,MS,MT,MV,MY,NC,ND,NE,NF,NG,NH,NI,NK,NL,NM,NN,NP,NQ,NR,NS,NT,NV,NW,NY,PA,PC,PD,PE,PF,PG,PH,PI,PK,PL,PM,PN,PP,PQ,PR,PS,PT,PV,PW,PY,QA,QC,QD,QE,QF,QG,QH,QI,QK,QL,QM,QN,QP,QQ,QR,QS,QT,QV,QW,QY,RA,RC,RD,RE,RF,RG,RH,RI,RK,RL,RM,RN,RP,RQ,RR,RS,RT,RV,RW,RY,SA,SC,SD,SE,SF,SG,SH,SI,SK,SL,SM,SN,SP,SQ,SR,SS,ST,SV,SW,SY,TA,TC,TD,TE,TF,TG,TH,TI,TK,TL,TM,TN,TP,TQ,TR,TS,TT,TV,TW,TY,VA,VC,VD,VE,VF,VG,VH,VI,VK,VL,VM,VN,VP,VQ,VR,VS,VT,VV,VW,VY,WA,WC,WD,WE,WF,WG,WH,WI,WK,WL,WM,WN,WP,WQ,WR,WS,WT,WV,WW,WY,YA,YC,YD,YE,YF,YG,YH,YI,YK,YL,YM,YN,YP,YQ,YR,YS,YT,YV,YW,YY
AAA,0.631578947368421,0.0,0.9,0.0,0.0,1.0,1.0,0.0,0.0,0.5,0.0,0.0,0.4444444444444444,0.6,1.0,0.8571428571428571,0.0,0.6875,0.8461538461538461,0.0,1.0,0.0,1.0,0.25,0.0,0.0,0.0,0.0,1.0,1.0,0.0,0.0,0.0,1.0,0.5,1.0,1.0,0.0,0.0,0.0,0.3333333333333333,1.0,0.0,0.8,0.6666666666666666,0.0,0.0,0.5925925925925926,0.6,0.25,0.5,0.5,0.0,0.3333333333333333,0.7777777777777778,0.36363636363636365,0.7692307692307693,0.0,0.0,0.9333333333333333,0.0,0.0,0.3,0.0,1.0,0.5454545454545454,0.0,0.0,0.8,0.375,0.75,0.5,0.0,0.8571428571428571,1.0,0.35714285714285715,0.6,0.6190476190476191,1.0,1.0,0.0,1.0,1.0,0.4,1.0,0.6875,0.0,0.0,0.3,0.0,0.0,0.0,0.7777777777777778,1.0,1.0,0.3888888888888889,0.0,0.0,0.0,0.8333333333333334,0.1111111111111111,0.0,0.0,0.6,0.8461538461538461,0.041666666666666664,0.0,0.5384615384615384,0.21428571428571427,0.25,0.0,0.6666666666666666,0.5,0.45454545454545453,0.6666666666666666,0.6206896551724138,0.14285714285714285,0.2,0.0,0.8235294117647058,0.2,0.0,0.0,0.0,0.0,1.0,0.0,0.0,0.0,0.0,0.0,1.0,0.6666666666666666,0.0,0.3333333333333333,0.4,0.0,0.4444444444444444,1.0,0.0,0.2857142857142857,0.0,0.6666666666666666,0.5454545454545454,0.0,0.16666666666666666,0.875,0.25,0.6666666666666666,0.08333333333333333,0.0,0.1111111111111111,0.0,0.7222222222222222,0.4,0.8333333333333334,0.25,0.2857142857142857,0.0,0.8148148148148148,0.25,0.0,0.8333333333333334,0.0,0.5,0.0,1.0,0.6842105263157895,0.56,0.76,0.2,0.8260869565217391,0.0,0.25,0.4,0.125,0.5714285714285714,0.5625,1.0,0.75,0.08333333333333333,0.0,0.13333333333333333,0.25,0.8333333333333334,0.2,0.8,0.0,0.5416666666666666,0.5652173913043478,0.4,0.36363636363636365,0.4,0.5,0.35714285714285715,0.1,0.5454545454545454,0.2413793103448276,0.0,0.8235294117647058,0.0,0.0,0.5,0.0,1.0,0.5,0.0,0.0,0.6,0.0,0.0,0.0,0.6666666666666666,0.0,0.4,0.0,1.0,0.0,0.75,0.0,1.0,0.4,0.0,0.0,0.0,0.0,1.0,0.375,1.0,0.0,0.0,1.0,0.6666666666666666,0.0,0.875,0.0,1.0,0.8,0.0,0.0,0.6,0.5,0.0,0.15789473684210525,0.0,0.0,0.0,0.6666666666666666,0.0,0.6666666666666666,0.14285714285714285,1.0,1.0,0.5172413793103449,0.6666666666666666,0.3333333333333333,0.0,0.6875,0.375,0.0,0.0,0.4,0.0,0.5416666666666666,0.0,0.1111111111111111,0.625,0.3333333333333333,0.6470588235294118,0.0,1.0,0.8461538461538461,0.8888888888888888,0.7857142857142857,1.0,0.0,0.0,0.0,0.4166666666666667,0.0,0.4444444444444444,1.0,0.14285714285714285,0.8,0.0,0.625,0.8125,0.18181818181818182,0.0,1.0,0.5555555555555556,0.85,0.8571428571428571,0.7241379310344828,1.0,0.3333333333333333,0.5,0.9,0.71875,1.0,0.2857142857142857,0.5,0.9,0.7358490566037735,0.8,0.8387096774193549,0.75,0.20588235294117646,0.42857142857142855,0.0,0.7391304347826086,0.8571428571428571,0.47619047619047616,0.7105263157894737,0.7931034482758621,0.8,0.6666666666666666,0.7586206896551724,0.375,0.6666666666666666,0.4,0.2727272727272727,1.0,0.6666666666666666,1.0,0.5238095238095238,0.5833333333333334,0.21428571428571427,0.0,0.0,0.0,0.0,0.8571428571428571,0.7857142857142857,1.0,0.2857142857142857,0.0,0.5238095238095238,0.7333333333333333,1.0,1.0,0.25,0.6,0.3333333333333333,0.0,0.3125,0.2857142857142857,0.7142857142857143,0.0,0.75,0.0,0.5925925925925926,0.7222222222222222,0.75,0.25,0.4,0.0,0.0,0.0,0.0,0.0,0.0,0.0,1.0,0.0,0.6666666666666666,0.0,0.0,0.0,0.5,0.0,0.0,1.0,1.0,0.0,1.0,0.0,0.8461538461538461,0.8846153846153846,1.0,0.5454545454545454,0.0,1.0,0.75,0.5,0.5652173913043478,0.0,0.0,0.0,0.6666666666666666,0.5555555555555556,1.0,0.9166666666666666,0.9076923076923077,1.0,0.6666666666666666,0.9285714285714286,0.7333333333333333
AAC,0.125,0.0,0.9285714285714286,0.2222222222222222,0.0,0.5,1.0,0.0,0.3333333333333333,0.21428571428571427,0.0,0.0,0.4,0.2,0.7272727272727273,0.7058823529411765,0.0,0.5909090909090909,0.9230769230769231,1.0,1.0,0.0,0.5,0.25,0.2,0.0,0.0,0.0,0.0,0.0,0.0,1.0,0.0,1.0,0.0,1.0,0.0,0.0,0.0,1.0,0.0,0.0,0.3333333333333333,0.5,0.25,0.5714285714285714,1.0,0.6363636363636364,0.75,0.3333333333333333,0.0,0.6666666666666666,0.0,0.6666666666666666,0.7142857142857143,0.2857142857142857,0.0,0.5,0.0,0.875,0.3333333333333333,0.0,0.16666666666666666,0.0,0.3333333333333333,0.6363636363636364,0.0,0.5714285714285714,0.3333333333333333,0.38461538461538464,0.0,0.0,1.0,0.3333333333333333,0.5,0.0,0.16666666666666666,0.2222222222222222,0.9230769230769231,0.0,0.1111111111111111,0.0,1.0,0.125,1.0,1.0,1.0,0.0,0.0,0.3333333333333333,0.0,0.8,0.7619047619047619,0.2,0.8571428571428571,0.1111111111111111,0.3333333333333333,0.0,0.0,1.0,0.0,0.0,0.2857142857142857,0.0,0.8857142857142857,0.041666666666666664,1.0,0.3,0.4,0.0,1.0,0.3333333333333333,1.0,0.5714285714285714,0.6666666666666666,0.68,0.2,0.4166666666666667,0.0,0.6470588235294118,0.6666666666666666,0.0,0.0,1.0,0.0,0.75,0.0,0.0,1.0,0.3333333333333333,0.0,0.0,0.6666666666666666,0.0,0.0,1.0,0.0,0.6666666666666666,1.0,0.0,0.3333333333333333,0.0,1.0,0.0,0.2,0.0,1.0,0.0,0.45454545454545453,0.1875,0.0,0.0,0.0,0.8666666666666667,0.42857142857142855,0.9210526315789473,0.3333333333333333,0.25,0.5,0.85,0.5714285714285714,1.0,0.4,0.0,0.0,0.3,0.0,0.5714285714285714,0.5,0.5789473684210527,1.0,0.25,0.3333333333333333,0.5,0.4,0.375,0.25,0.5,1.0,1.0,0.0,0.0,0.46153846153846156,0.0,0.5,0.2,0.75,0.0,0.5238095238095238,0.5,1.0,0.625,0.0,0.46153846153846156,0.21739130434782608,0.13333333333333333,0.2857142857142857,0.2777777777777778,0.0,0.8181818181818182,0.0,0.0,0.0,1.0,0.0,0.0,1.0,0.0,0.0,0.0,0.0,0.0,0.0,0.25,0.4,0.0,1.0,0.0,0.0,1.0,0.0,0.5,0.0,0.0,0.0,0.0,0.0,0.375,1.0,0.0,0.0,1.0,0.45454545454545453,0.16666666666666666,0.5,1.0,1.0,0.3333333333333333,0.0,1.0,0.5,0.3333333333333333,0.25,0.2857142857142857,0.0,0.3333333333333333,0.5,0.5,0.0,1.0,0.4,0.5,0.6,0.7333333333333333,0.25,0.16666666666666666,0.0,0.8666666666666667,0.38461538461538464,0.0,0.0,0.0,0.5,0.5217391304347826,0.0,0.75,0.25,0.2,0.6666666666666666,0.75,0.2857142857142857,0.7857142857142857,0.6666666666666666,0.8055555555555556,0.8,1.0,0.0,0.0,0.07692307692307693,0.0,0.4,0.5,0.05555555555555555,0.782608695652174,1.0,0.6,0.7777777777777778,0.3076923076923077,0.0,1.0,0.0,0.6551724137931034,0.8333333333333334,0.7391304347826086,0.5,0.0,0.75,1.0,0.8888888888888888,0.0,0.5,0.16666666666666666,0.8,0.78125,0.5,0.92,0.2857142857142857,0.1935483870967742,0.4,0.45454545454545453,0.7333333333333333,0.7777777777777778,0.35,0.7931034482758621,0.8076923076923077,0.8,0.0,0.9583333333333334,0.25,0.4,0.5,0.2,0.9230769230769231,0.5,0.6666666666666666,0.5714285714285714,0.5555555555555556,0.23076923076923078,0.0,0.0,1.0,0.5,1.0,0.0,0.0,0.0,0.0,0.6875,0.9615384615384616,0.25,0.5,0.35294117647058826,0.6,0.125,0.0,0.25,0.5,0.2222222222222222,0.0,0.0,0.3333333333333333,0.09090909090909091,0.7857142857142857,0.5714285714285714,0.3333333333333333,0.0,0.0,0.2,0.0,0.0,0.0,0.0,0.0,0.7857142857142857,1.0,0.75,0.0,0.0,0.0,0.0,0.0,0.0,1.0,0.0,0.0,0.9565217391304348,0.0,0.9166666666666666,0.7333333333333333,1.0,1.0,0.0,1.0,0.2,0.0,0.8125,0.25,0.3333333333333333,0.0,0.75,1.0,0.8666666666666667,1.0,0.9818181818181818,1.0,0.5,0.8571428571428571,0.9166666666666666
AAG,0.2727272727272727,0.0,0.4,0.05714285714285714,0.0,0.38095238095238093,0.0,0.0,0.8,0.45901639344262296,0.0,0.3333333333333333,0.6,0.0,0.7878787878787878,0.2916666666666667,0.0,0.0,0.3333333333333333,0.0,0.6666666666666666,0.3333333333333333,0.0,0.2,0.0,0.0,1.0,1.0,0.75,0.14285714285714285,0.0,0.5,0.0,0.0,0.7142857142857143,0.4,0.5,0.0,0.0,0.5,0.0,1.0,0.375,0.4666666666666667,0.24,0.23809523809523808,0.6666666666666666,0.8125,0.16666666666666666,0.13333333333333333,0.0,0.75,0.6666666666666666,0.5,0.4375,0.25,0.0,0.21428571428571427,1.0,0.0,0.29411764705882354,0.3333333333333333,0.3,0.23809523809523808,0.6666666666666666,0.2777777777777778,0.0,0.17142857142857143,0.13793103448275862,0.2535211267605634,0.5714285714285714,0.17647058823529413,0.3333333333333333,0.6,0.6666666666666666,0.2857142857142857,0.8723404255319149,0.2857142857142857,0.0,0.18181818181818182,0.125,0.5714285714285714,0.7142857142857143,0.4444444444444444,0.0,0.0,0.5,0.6666666666666666,0.07692307692307693,0.0,0.0,0.0,0.25,0.1,0.5813953488372093,0.3684210526315789,0.16666666666666666,0.2857142857142857,0.8,0.3333333333333333,0.7241379310344828,0.0,0.0,0.3333333333333333,0.5454545454545454,0.1111111111111111,0.0,0.25,0.6341463414634146,0.13636363636363635,0.058823529411764705,0.0,0.19047619047619047,0.08333333333333333,0.3333333333333333,0.3181818181818182,0.7352941176470589,0.3125,0.0,0.18181818181818182,0.0,0.0,1.0,0.0,1.0,0.5,0.0,1.0,0.0,0.16666666666666666,0.0,0.75,0.26666666666666666,0.0,0.0,0.6666666666666666,0.0,0.6,0.0,1.0,0.09523809523809523,0.4,0.2857142857142857,0.5,0.1111111111111111,0.2727272727272727,0.5714285714285714,0.047619047619047616,0.19444444444444445,0.17647058823529413,1.0,0.0,0.13636363636363635,0.49056603773584906,0.5,0.5384615384615384,0.25,0.22580645161290322,0.0,0.10416666666666667,0.75,0.4,0.3548387096774194,0.6444444444444445,0.06666666666666667,0.45454545454545453,0.8333333333333334,0.3333333333333333,0.39473684210526316,0.5054945054945055,0.0,0.2222222222222222,0.3888888888888889,0.5396825396825397,0.9047619047619048,0.21428571428571427,0.24324324324324326,0.6666666666666666,0.2222222222222222,0.45,0.13333333333333333,0.0,0.3684210526315789,0.25,0.6666666666666666,0.3333333333333333,0.18181818181818182,0.07142857142857142,0.22916666666666666,0.6744186046511628,0.0,0.7,0.14285714285714285,0.3,0.75,0.8571428571428571,0.43636363636363634,0.43548387096774194,0.0,0.16666666666666666,0.0,0.0,0.0,0.0,1.0,0.14285714285714285,0.0,0.0,0.6363636363636364,0.0,0.0,0.0,0.6666666666666666,0.0,0.9130434782608695,0.0,0.0,0.0,0.5,0.0,0.6857142857142857,0.0,0.5,0.0,0.0,0.0,0.7586206896551724,0.12903225806451613,0.8,0.3333333333333333,0.6666666666666666,0.11764705882352941,0.06896551724137931,0.3333333333333333,0.08333333333333333,0.0,0.9642857142857143,0.6666666666666666,0.17391304347826086,0.0,0.3333333333333333,0.08823529411764706,0.09090909090909091,0.1,0.2,0.07142857142857142,0.5740740740740741,0.18181818181818182,0.0,0.0,0.0,0.13333333333333333,0.4,0.1875,1.0,0.2,0.0,0.0,0.20588235294117646,0.0,0.5384615384615384,0.5,0.42857142857142855,0.12195121951219512,0.0,0.07692307692307693,0.625,0.45161290322580644,0.3333333333333333,0.0,0.05263157894736842,0.0,0.42857142857142855,0.15384615384615385,0.5,0.0,0.10344827586206896,0.0,0.14285714285714285,0.0,0.5555555555555556,0.7719298245614035,0.5,0.8545454545454545,0.0,0.7272727272727273,0.3,0.6666666666666666,0.96,1.0,0.7142857142857143,0.4444444444444444,0.2222222222222222,0.8,0.8148148148148148,0.36363636363636365,0.0,0.5454545454545454,0.5,1.0,0.0,0.16666666666666666,0.8888888888888888,0.125,0.3333333333333333,0.1111111111111111,0.7837837837837838,0.38461538461538464,0.3,0.0,0.08,0.0,0.6,0.3,0.6,0.5,0.25,0.6,0.22727272727272727,0.5,0.8,0.21621621621621623,1.0,0.25,0.5714285714285714,0.3076923076923077,0.5555555555555556,0.7,0.0,0.2,0.029411764705882353,0.0,0.4,0.2,0.0,0.5283018867924528,0.0,0.0,0.3333333333333333,0.5,0.2,0.5,0.21739130434782608,0.8333333333333334,0.0,0.4117647058823529,0.42028985507246375,0.13043478260869565,0.2,0.5714285714285714,0.15384615384615385,0.15151515151515152,0.6363636363636364,0.0,0.46153846153846156,0.4,0.0,0.0,0.0,0.0,0.0,0.6727272727272727,0.5,0.16666666666666666,0.0,0.125,0.4,0.0,0.0,1.0,0.3,0.0,0.14285714285714285,0.6666666666666666,0.043478260869565216,0.4,0.0,0.0,0.29411764705882354,0.0,0.4,0.07142857142857142,0.0,0.75,0.0,0.5454545454545454,0.6363636363636364,0.2,0.0,0.13333333333333333,0.17647058823529413,0.0,0.0,0.6666666666666666,0.38095238095238093,0.4,0.0,0.2
AAT,0.2857142857142857,0.0,0.3333333333333333,0.0,0.6666666666666666,0.0,0.0,0.35714285714285715,0.4,0.3333333333333333,0.0,0.0,0.0,0.5,0.8333333333333334,0.0,0.3333333333333333,0.0,0.0,0.0,0.0,0.0,0.0,0.0,0.5,0.0,0.0,0.5,0.5,0.5,0.0,0.0,0.0,0.0,0.0,0.0,0.0,0.0,0.0,0.0,0.0,0.0,0.0,0.0,0.42857142857142855,0.0,0.0,0.5,0.3333333333333333,0.0,0.0,0.5,0.3333333333333333,0.0,0.8,0.0,0.0,0.0,0.0,0.0,0.5,0.0,0.0,0.7,0.5,0.0,0.0,0.0,0.5714285714285714,0.4166666666666667,0.16666666666666666,0.0,0.75,0.5,0.36363636363636365,0.42857142857142855,0.125,0.5714285714285714,0.0,1.0,1.0,0.0,0.3333333333333333,0.7142857142857143,0.0,0.0,0.5,0.0,1.0,0.3333333333333333,0.0,0.0,1.0,0.7272727272727273,0.6,0.0,0.0,0.3333333333333333,0.0,0.0,0.0,0.0,0.0,0.0,0.0,0.0,0.0,0.23529411764705882,0.5,0.0,0.0,0.0,0.0,0.0,0.5714285714285714,0.0,0.0,1.0,0.75,0.0,0.0,0.0,0.5,0.6666666666666666,0.0,0.0,1.0,0.0,0.0,1.0,0.0,1.0,1.0,0.0,0.0,1.0,0.0,0.0,0.0,0.0,0.5714285714285714,0.0,0.0,0.0,1.0,0.2,0.0,0.0,0.8888888888888888,0.0,0.0,0.0,0.7142857142857143,0.6666666666666666,0.0,0.0,0.0,0.25,0.8888888888888888,0.3333333333333333,0.0,0.0,0.5,1.0,0.5,0.5,0.4,0.5714285714285714,0.7,0.5,0.0,0.6,0.0,0.6666666666666666,0.7777777777777778,0.0,1.0,0.7,1.0,0.0,0.21428571428571427,0.0,0.2,0.0,0.5,0.0,0.0,0.0,0.3333333333333333,0.125,0.0,0.375,0.3,0.0,0.4375,0.0,0.6923076923076923,0.6666666666666666,0.0,0.5555555555555556,0.0,0.0,0.0,0.0,1.0,0.6,0.0,1.0,0.0,0.0,0.0,0.0,0.0,0.0,0.0,0.0,0.0,0.0,0.0,0.0,0.0,0.4,0.0,0.0,1.0,0.5,0.625,0.3333333333333333,0.5,0.3333333333333333,0.0,0.0,0.5714285714285714,1.0,0.75,0.0,1.0,1.0,0.5,0.0,0.0,0.6666666666666666,0.0,0.2222222222222222,0.16666666666666666,0.0,1.0,0.5,1.0,0.0,0.0,0.0,1.0,1.0,0.5,0.5,0.0,0.25,0.5,0.0,0.3333333333333333,0.0,0.0,0.0,0.0,0.8181818181818182,0.3333333333333333,0.75,0.0,0.8888888888888888,0.6666666666666666,0.0,0.0,0.3333333333333333,0.0,0.0,1.0,0.0,0.6666666666666666,0.0,0.0,0.5,1.0,0.2857142857142857,0.6666666666666666,0.625,1.0,0.3333333333333333,0.0,0.0,0.2,0.8571428571428571,0.6785714285714286,0.6666666666666666,0.5,1.0,0.0,0.3333333333333333,0.0,0.0,0.0,0.5,0.0,0.16666666666666666,0.0,0.0,0.0,0.0,0.0,0.0,0.0,0.2222222222222222,0.6428571428571429,0.3333333333333333,0.0,0.0,0.0,0.0,0.0,0.0,0.0,0.6666666666666666,0.5,0.09090909090909091,1.0,0.0,0.5,1.0,0.0,0.5,0.5,0.0,0.5,0.0,0.6666666666666666,0.0,0.0,0.0,0.0,0.0,0.5714285714285714,0.8,1.0,0.0,0.0,0.3333333333333333,0.625,0.2222222222222222,0.0,1.0,0.0,0.5714285714285714,0.3333333333333333,0.2,0.25,0.4,0.5,0.0,0.0,0.0,0.0,0.0,0.8571428571428571,0.0,0.0,1.0,1.0,0.0,0.0,0.0,1.0,0.0,1.0,0.0,0.5,0.0,0.0,0.0,0.0,0.0,0.0,0.0,0.0,0.0,0.0,0.0,0.0,0.0,0.0,1.0,1.0,0.4,0.0,0.0,0.5,0.3333333333333333,1.0,0.0
ACA,0.29411764705882354,0.0,0.9166666666666666,0.1111111111111111,0.0,0.4,1.0,0.0,0.0,0.5,0.3333333333333333,0.6666666666666666,0.0,0.3333333333333333,0.8823529411764706,0.6153846153846154,0.0,0.75,0.9230769230769231,1.0,1.0,0.0,0.0,0.0,0.0,0.0,0.0,0.0,1.0,1.0,0.0,0.0,0.0,1.0,0.0,1.0,0.0,0.0,0.0,0.0,1.0,0.0,0.0,0.0,0.0,0.6666666666666666,0.5,0.9285714285714286,0.5,0.25,0.0,0.5,0.0,1.0,0.4,0.0,0.0,0.0,0.0,0.8571428571428571,0.2,1.0,0.0,0.0,0.0,0.5,0.0,0.3333333333333333,0.0,0.16666666666666666,0.0,1.0,1.0,0.0,0.5,0.0,0.6666666666666666,0.25,0.9230769230769231,1.0,1.0,1.0,0.9230769230769231,0.0,0.0,0.9285714285714286,1.0,0.0,0.6666666666666666,0.6666666666666666,0.0,0.0,0.6470588235294118,0.5,0.5,0.25,0.25,0.6,0.0,0.75,0.25,0.0,0.6666666666666666,0.0,0.7058823529411765,0.19047619047619047,0.0,0.5,0.16666666666666666,0.45454545454545453,0.0,0.0,0.3333333333333333,0.0,0.6956521739130435,0.625,0.16666666666666666,0.16666666666666666,1.0,0.75,1.0,0.0,0.6666666666666666,0.0,0.0,0.0,0.0,0.0,0.5,0.0,0.0,0.5,0.75,0.0,0.0,0.0,0.0,1.0,0.8461538461538461,0.0,0.5,0.0,0.5,0.5,0.8,0.0,0.8125,0.3333333333333333,0.5,0.3333333333333333,0.0,0.0,0.0,0.8125,0.8571428571428571,0.7906976744186046,0.3333333333333333,0.5714285714285714,0.3333333333333333,0.7647058823529411,0.0,0.0,0.6666666666666666,0.0,0.4,0.25,0.0,0.8,0.9,1.0,0.6666666666666666,0.0,0.2857142857142857,0.5,0.5,1.0,0.0,0.625,1.0,0.5,0.0,0.0,0.6666666666666666,0.0,0.4,0.5,1.0,0.0,0.625,0.7777777777777778,0.75,0.6666666666666666,0.6666666666666666,0.2727272727272727,0.23529411764705882,0.14285714285714285,0.375,0.21428571428571427,0.0,0.0,0.0,0.0,0.0,0.5,0.6666666666666666,1.0,0.0,0.0,0.6,0.0,0.0,0.2,0.0,0.0,1.0,0.6666666666666666,0.8333333333333334,0.0,0.0,0.0,0.0,0.0,0.8,0.4,0.5,0.0,0.3333333333333333,0.4,0.75,0.5,0.16666666666666666,0.0,0.8571428571428571,0.3333333333333333,0.3076923076923077,1.0,1.0,0.0,0.5,0.0,0.4,0.2,0.0,0.08333333333333333,0.0,0.75,0.6,0.0,0.0,1.0,0.3333333333333333,1.0,0.75,0.47368421052631576,0.0,0.2,0.0,0.9285714285714286,0.42857142857142855,0.0,0.0,1.0,0.75,0.6086956521739131,0.0,0.75,0.6666666666666666,0.5,0.6875,0.75,0.0,0.7333333333333333,0.8,0.8064516129032258,1.0,0.2,0.0,0.0,0.125,0.0,0.6,0.5714285714285714,0.0,0.8235294117647058,1.0,0.5555555555555556,0.7777777777777778,0.18181818181818182,1.0,0.7142857142857143,0.3333333333333333,0.9090909090909091,0.8260869565217391,0.8421052631578947,0.5,0.16666666666666666,0.5714285714285714,0.8333333333333334,0.96,1.0,0.6666666666666666,0.3333333333333333,0.8571428571428571,0.5609756097560976,1.0,0.9565217391304348,0.16666666666666666,0.21428571428571427,0.0,0.5,0.8461538461538461,0.625,0.3125,0.8,0.9130434782608695,0.9230769230769231,0.0,0.9230769230769231,0.4,0.16666666666666666,0.5,0.0,1.0,0.3333333333333333,0.6666666666666666,0.5714285714285714,0.25,0.18181818181818182,0.0,0.0,1.0,0.3333333333333333,0.625,1.0,0.0,0.0,0.0,0.7857142857142857,0.8928571428571429,0.0,0.0,0.2222222222222222,0.6,1.0,0.0,0.6666666666666666,0.25,0.4444444444444444,0.0,0.0,0.25,0.2,0.9047619047619048,0.6111111111111112,0.23076923076923078,0.5,0.0,0.0,0.0,0.0,0.0,1.0,0.0,0.9166666666666666,0.0,0.75,0.0,0.5,0.0,0.0,0.0,0.0,0.6666666666666666,0.0,0.0,0.9583333333333334,0.0,0.8571428571428571,1.0,1.0,0.0,0.0,1.0,0.25,1.0,1.0,0.25,0.25,0.0,0.3333333333333333,0.0,0.8461538461538461,0.8461538461538461,0.9565217391304348,0.7142857142857143,1.0,1.0,0.8
ACC,0.06666666666666667,0.5,0.23076923076923078,0.0851063829787234,0.2631578947368421,0.15384615384615385,0.6857142857142857,0.5,0.1111111111111111,0.4745762711864407,0.0,0.6428571428571429,0.3076923076923077,0.7714285714285715,0.6808510638297872,0.15384615384615385,0.7083333333333334,0.25,0.5714285714285714,0.875,0.5,0.0,0.5,0.0,0.5,0.0,0.0,0.5,0.3333333333333333,0.125,0.0,0.5,0.0,0.5,0.0,0.6666666666666666,0.09090909090909091,0.0,0.0,0.6666666666666666,0.7692307692307693,0.0,0.7058823529411765,0.07692307692307693,0.55,0.09090909090909091,0.6666666666666666,0.1951219512195122,0.7446808510638298,0.36585365853658536,0.5,0.3333333333333333,0.4,0.0,0.7142857142857143,0.375,0.2857142857142857,0.25,0.0,0.5,0.54,0.0,0.3076923076923077,0.03571428571428571,0.6590909090909091,0.375,0.0,0.15789473684210525,0.3191489361702128,0.5739130434782609,0.6666666666666666,0.14814814814814814,0.15,0.1111111111111111,0.2222222222222222,0.5555555555555556,0.4491525423728814,0.32653061224489793,0.6511627906976745,0.8125,0.5925925925925926,0.6666666666666666,0.7142857142857143,0.0,0.3333333333333333,0.6,0.2,0.0,0.35714285714285715,0.3333333333333333,1.0,0.6666666666666666,0.26666666666666666,0.5925925925925926,0.5952380952380952,0.5384615384615384,0.55,0.627906976744186,0.5909090909090909,0.17647058823529413,0.5813953488372093,0.0,0.3333333333333333,0.6,0.625,0.07407407407407407,0.25,0.48484848484848486,0.09210526315789473,0.24324324324324326,0.23076923076923078,0.11764705882352941,0.56,0.18181818181818182,0.42857142857142855,0.5555555555555556,0.2,0.35294117647058826,0.8260869565217391,0.13793103448275862,0.14285714285714285,0.0,0.0,0.25,0.0,0.26666666666666666,0.0,0.0,0.1111111111111111,0.16666666666666666,0.0,0.0,0.3157894736842105,0.0,0.0,0.0,0.75,0.3333333333333333,0.25,0.0,0.06666666666666667,0.0,0.7692307692307693,0.5909090909090909,0.5769230769230769,0.0,0.5,0.7619047619047619,0.3181818181818182,0.3548387096774194,1.0,0.058823529411764705,0.24528301886792453,0.5903614457831325,0.5625,0.35,0.0,0.044444444444444446,0.0,0.1568627450980392,0.18181818181818182,0.5,0.4666666666666667,0.38235294117647056,0.2222222222222222,0.43243243243243246,0.3333333333333333,0.3670886075949367,0.39285714285714285,0.33613445378151263,0.5714285714285714,0.2,0.5,0.6891891891891891,0.48484848484848486,0.7391304347826086,0.41333333333333333,0.288135593220339,0.6842105263157895,0.6744186046511628,0.13793103448275862,0.0,0.1,0.16666666666666666,0.6666666666666666,0.6060606060606061,0.07142857142857142,0.043478260869565216,0.2765957446808511,0.2857142857142857,0.8461538461538461,0.4528301886792453,0.6862745098039216,0.8125,0.5,0.05,0.28,0.47474747474747475,0.0,0.3,0.3333333333333333,0.0,0.4166666666666667,0.6666666666666666,0.8571428571428571,0.8666666666666667,0.0,0.0,0.7,0.8571428571428571,0.0,0.0,0.5,0.5,0.673469387755102,0.5,1.0,0.0,0.0,0.4,0.6666666666666666,0.4857142857142857,0.7777777777777778,0.625,0.75,0.2,0.35,0.4782608695652174,0.8333333333333334,0.6206896551724138,0.36666666666666664,0.9375,0.25,0.5555555555555556,0.6727272727272727,0.16666666666666666,0.1111111111111111,0.6,0.3684210526315789,1.0,0.6341463414634146,0.3023255813953488,0.1,0.3442622950819672,0.5,0.3880597014925373,0.28,0.509090909090909,0.0,0.2857142857142857,0.64,0.7777777777777778,0.6666666666666666,0.19230769230769232,0.5,0.3793103448275862,0.0,0.4482758620689655,0.8681318681318682,0.0,0.4411764705882353,0.25,0.6666666666666666,0.41304347826086957,0.125,0.38461538461538464,0.549618320610687,0.5967741935483871,0.3333333333333333,0.6428571428571429,0.7142857142857143,0.3333333333333333,0.3333333333333333,0.8571428571428571,0.25,0.0,0.6363636363636364,0.7741935483870968,0.2857142857142857,0.0,0.375,0.3888888888888889,0.0,0.6164383561643836,1.0,0.5384615384615384,0.6,0.5,0.6578947368421053,0.8571428571428571,0.0,0.19444444444444445,0.42857142857142855,0.7407407407407407,0.5405405405405406,0.42857142857142855,0.5,0.6,0.5,0.14285714285714285,0.23076923076923078,1.0,0.7777777777777778,0.3,0.0,0.11627906976744186,0.0,0.30434782608695654,0.7692307692307693,0.631578947368421,0.6428571428571429,0.6862745098039216,0.48148148148148145,0.8260869565217391,0.4444444444444444,0.2857142857142857,0.06666666666666667,0.7368421052631579,0.3684210526315789,0.5555555555555556,0.0,0.4766355140186916,0.14285714285714285,0.05263157894736842,0.3333333333333333,0.3333333333333333,0.45454545454545453,0.42857142857142855,0.0,0.6710526315789473,0.5274725274725275,0.4482758620689655,0.7777777777777778,0.4375,0.6,0.06666666666666667,0.7419354838709677,0.058823529411764705,0.21739130434782608,0.0,0.4666666666666667,0.3333333333333333,0.6,0.11538461538461539,0.0,0.0,0.7424242424242424,0.3125,0.0,0.6025641025641025,0.18518518518518517,0.5066666666666667,0.2857142857142857,0.36363636363636365,0.15384615384615385,0.27586206896551724,0.0,0.2727272727272727,0.0,0.0,0.0,0.6633663366336634,0.0,0.05263157894736842,0.5,0.18181818181818182,0.6190476190476191,1.0,0.8125,0.6,0.875,0.8888888888888888,0.7647058823529411,1.0,0.025,0.2727272727272727,0.9166666666666666,0.2857142857142857,0.6944444444444444,0.0,0.15384615384615385,0.09090909090909091,1.0,0.8571428571428571,0.0,0.5263157894736842,0.75,0.2857142857142857,0.4166666666666667,0.68,0.07142857142857142,0.32558139534883723,0.5714285714285714,0.7142857142857143,0.45,0.06060606060606061,0.7222222222222222,0.1
ACG,0.16666666666666666,0.5,0.08333333333333333,0.5,1.0,1.0,0.0,0.0,0.2857142857142857,0.0,0.5,0.3,0.2,0.16666666666666666,0.7692307692307693,0.2,0.0,0.0,0.0,0.0,0.0,0.6,1.0,0.3333333333333333,1.0,0.0,1.0,1.0,0.5,0.3333333333333333,1.0,0.6,0.6666666666666666,0.0,0.25,0.0,0.3333333333333333,0.0,0.0,0.5384615384615384,0.6666666666666666,0.5,0.0,0.6,0.14285714285714285,0.7142857142857143,1.0,0.09090909090909091,0.8571428571428571,0.3076923076923077,0.0,0.0,0.06666666666666667,0.0,1.0,0.4,0.0,0.5,0.0,0.5454545454545454,0.2,0.16666666666666666,0.3333333333333333,0.38095238095238093,0.75,0.4,1.0,0.36363636363636365,0.1111111111111111,0.45454545454545453,1.0,0.0,0.0,0.0,0.5833333333333334,0.0,0.6,0.18181818181818182,0.0,0.0,0.14285714285714285,0.0,0.38461538461538464,0.4,0.4,0.16666666666666666,0.0,1.0,0.9090909090909091,0.5555555555555556,0.0,0.5384615384615384,0.75,0.8333333333333334,0.8181818181818182,0.2857142857142857,0.16666666666666666,0.2,0.0,0.2727272727272727,0.5,0.6,0.42857142857142855,0.16666666666666666,0.4444444444444444,0.4,0.75,0.25,0.7,0.15384615384615385,0.4,0.2,0.4,0.0,0.6666666666666666,0.72,0.5,0.3333333333333333,0.0,0.7,0.0,0.0,0.0,0.0,0.0,1.0,1.0,0.0,0.0,0.6,0.0,0.0,0.0,1.0,1.0,0.6666666666666666,0.0,1.0,1.0,0.6666666666666666,0.3,0.0,0.4,0.3333333333333333,0.3,1.0,0.0,0.125,0.0,0.9090909090909091,0.0,1.0,0.2,0.0,0.6,0.7692307692307693,0.0,0.2727272727272727,0.0,0.2727272727272727,0.0,0.9,0.0,0.14285714285714285,0.5,0.0,0.6666666666666666,0.4482758620689655,0.5625,0.25,1.0,0.25,0.7,0.0,0.42857142857142855,0.3333333333333333,0.9090909090909091,0.5,1.0,0.5,0.75,0.4,0.7272727272727273,0.1,0.625,0.5,0.4,0.2,0.13333333333333333,0.2916666666666667,0.8571428571428571,0.0,0.0,0.3333333333333333,0.5,0.23529411764705882,0.2222222222222222,0.1,0.0,0.2,0.0,0.0,0.6666666666666666,0.6666666666666666,1.0,0.0,0.0,0.0,0.3333333333333333,0.6666666666666666,0.0,0.25,1.0,0.0,0.0,0.25,0.0,0.8333333333333334,0.5,0.8,0.0,0.125,0.2857142857142857,0.23076923076923078,0.0,1.0,0.35714285714285715,0.25,0.0,0.6,0.0,0.0,0.3333333333333333,0.09090909090909091,0.0,0.0,1.0,0.8461538461538461,1.0,0.3333333333333333,1.0,0.8571428571428571,0.3333333333333333,0.23076923076923078,0.5,0.4,0.5384615384615384,0.29411764705882354,0.0,0.0,0.16666666666666666,0.0,1.0,0.2,0.6666666666666666,0.0,0.0,0.7368421052631579,0.38461538461538464,0.0,0.25,0.16666666666666666,0.0,0.7222222222222222,0.5,0.6,0.2,0.0,0.0,0.25,0.4444444444444444,0.0,0.5714285714285714,0.5,0.5,0.0,0.0,0.3333333333333333,0.2857142857142857,0.0,0.25,0.0,0.0,0.7727272727272727,0.0,0.5,0.75,0.4117647058823529,0.0,0.75,0.6666666666666666,0.6923076923076923,0.7954545454545454,0.35714285714285715,0.9090909090909091,0.85,1.0,0.6666666666666666,0.3333333333333333,0.0,0.2,0.0,0.8260869565217391,0.43243243243243246,1.0,0.9230769230769231,0.25,0.2,1.0,0.5,0.9230769230769231,0.45454545454545453,0.36363636363636365,0.6666666666666666,0.7619047619047619,0.44,0.25,0.7741935483870968,0.0,0.23076923076923078,0.5454545454545454,0.42857142857142855,0.375,0.3333333333333333,0.75,0.5384615384615384,0.3333333333333333,0.2,0.5,0.5454545454545454,0.3333333333333333,0.0,0.9090909090909091,0.5333333333333333,0.0,0.0,0.0,0.9166666666666666,0.2631578947368421,1.0,0.0,0.16666666666666666,0.16666666666666666,0.5,0.7142857142857143,0.2727272727272727,0.0,0.0,0.0,0.3333333333333333,0.75,0.2,0.3125,0.2,0.6666666666666666,0.0,0.5,0.6111111111111112,0.0,0.0,0.0,0.0,0.0,0.0,1.0,0.0,0.0,0.0,0.0,0.3333333333333333,0.0,0.0,0.3333333333333333,0.0,0.0,0.09090909090909091,0.0,0.2,0.3333333333333333,0.0,0.7,0.5,1.0,0.8333333333333334,0.5,1.0,0.3,0.23809523809523808,1.0,0.5625,0.5,0.4,0.8823529411764706,0.8181818181818182,0.6,1.0,0.25,0.7
ACT,0.65,0.2,0.2,1.0,0.7142857142857143,0.3333333333333333,0.6666666666666666,0.14285714285714285,0.9230769230769231,0.6666666666666666,0.7142857142857143,0.6,0.5,0.5,0.4444444444444444,0.125,0.6666666666666666,0.4444444444444444,0.2222222222222222,1.0,0.3333333333333333,0.0,0.3333333333333333,0.625,0.0,0.0,0.0,0.0,1.0,0.42857142857142855,0.0,0.5,0.0,0.3333333333333333,1.0,1.0,1.0,0.5,0.0,0.0,0.2222222222222222,0.0,1.0,0.0,0.0,0.2,0.0,0.7647058823529411,0.4,0.25,0.0,0.6,0.3333333333333333,1.0,0.75,0.75,0.16666666666666666,0.0,0.0,0.0,0.5,0.0,0.5,0.5,0.6666666666666666,0.3076923076923077,0.0,1.0,0.5,0.7142857142857143,0.5,0.0,0.5,1.0,0.38461538461538464,0.25,0.4444444444444444,0.8571428571428571,0.3333333333333333,0.0,0.6666666666666666,0.8,0.5,0.0,1.0,0.5,1.0,1.0,0.7272727272727273,0.16666666666666666,0.0,0.8,0.4,0.0,0.8333333333333334,0.2857142857142857,0.4,0.6666666666666666,0.0,0.16666666666666666,0.0,0.6,0.0,0.5,0.23076923076923078,0.16666666666666666,0.0,0.5,0.16666666666666666,0.14285714285714285,0.0,0.4,0.25,0.8571428571428571,0.5833333333333334,0.5,0.4,0.5,0.0,0.0,0.0,0.3333333333333333,1.0,0.25,0.0,0.75,0.0,0.0,1.0,0.5,0.0,1.0,0.6666666666666666,0.0,0.5,0.0,1.0,0.5714285714285714,0.25,0.0,0.5555555555555556,0.0,0.2,1.0,0.7777777777777778,0.0,0.25,0.36363636363636365,0.75,0.8125,0.0,0.7272727272727273,0.5,0.8333333333333334,0.36363636363636365,0.2222222222222222,0.7,0.07692307692307693,0.0,0.7142857142857143,0.375,0.5,0.8888888888888888,0.6666666666666666,0.75,0.2727272727272727,0.8333333333333334,0.3333333333333333,0.8095238095238095,0.0,0.75,0.3333333333333333,0.0,0.0,0.75,0.6666666666666666,0.9090909090909091,0.8333333333333334,0.6666666666666666,0.6666666666666666,0.8333333333333334,0.0,0.875,0.0,0.4,0.0,0.4,0.6,0.85,0.5,0.0,0.6666666666666666,1.0,0.5714285714285714,0.6666666666666666,0.42857142857142855,0.5,0.7777777777777778,0.0,0.25,0.0,0.0,0.3333333333333333,0.3333333333333333,0.6666666666666666,1.0,1.0,0.0,0.5714285714285714,0.0,0.0,0.0,0.0,0.0,1.0,1.0,0.0,0.0,1.0,0.0,0.3333333333333333,0.6666666666666666,0.5,0.6666666666666666,1.0,0.3333333333333333,1.0,0.2222222222222222,1.0,0.75,0.2,0.5,0.6428571428571429,0.3333333333333333,0.25,0.0,0.5,0.3333333333333333,0.0,0.5,0.5,0.3333333333333333,0.0,0.0,0.0,0.5,0.3333333333333333,1.0,0.0,0.7272727272727273,0.2222222222222222,0.8,0.75,0.375,0.0,0.6666666666666666,0.0,0.0,0.8260869565217391,0.0,0.0,1.0,0.6,0.125,0.0,0.5454545454545454,0.7142857142857143,0.0,0.5,0.5,0.25,0.0,0.3333333333333333,0.5,0.0,0.75,0.0,0.7142857142857143,0.3333333333333333,1.0,0.6666666666666666,0.7,0.625,0.6875,0.8,0.42857142857142855,0.6666666666666666,0.6923076923076923,0.0,0.5,0.9090909090909091,0.5,0.8518518518518519,0.5555555555555556,0.0,0.14285714285714285,0.36363636363636365,1.0,0.5714285714285714,0.0,0.6,0.5,0.8333333333333334,0.21428571428571427,0.6666666666666666,0.2222222222222222,0.4,0.5333333333333333,0.3333333333333333,0.6666666666666666,0.14285714285714285,0.6666666666666666,0.6666666666666666,0.5454545454545454,0.2857142857142857,0.6,0.0,0.5,0.5,0.4,0.6153846153846154,0.2,0.42857142857142855,0.2,0.42857142857142855,0.6363636363636364,0.7,0.16666666666666666,0.5,0.2,0.0,0.3333333333333333,0.8,0.16666666666666666,0.0,0.0,0.0,0.5,0.125,0.7142857142857143,0.4,0.4166666666666667,0.8,0.0,0.0,0.7,0.42857142857142855,0.6363636363636364,0.0,0.0,1.0,0.25,0.4,0.8571428571428571,0.2857142857142857,0.6,0.0,0.5,0.0,0.0,0.0,0.0,0.0,0.6,0.0,0.5714285714285714,0.0,0.0,0.0,0.5,0.0,0.0,0.375,0.0,0.0,0.4,1.0,0.0,0.5,0.5,0.625,0.0,0.5,0.0,0.0,0.7142857142857143,0.5,0.5,1.0,0.5,0.25,0.4,0.75,0.25,0.6666666666666666,1.0,0.0,0.0
AGA,0.1875,0.0,0.4,0.2727272727272727,0.25,0.3333333333333333,0.0,0.0,0.14285714285714285,0.42857142857142855,0.0,0.5555555555555556,0.1111111111111111,0.6,1.0,0.5,0.09090909090909091,0.14285714285714285,0.5,0.4,1.0,1.0,0.0,0.3,0.0,0.0,0.16666666666666666,0.3333333333333333,0.16666666666666666,0.0,0.0,0.0,0.6666666666666666,0.6,0.6666666666666666,0.2222222222222222,0.5,0.0,0.0,0.5,0.4,0.0,0.25,0.4444444444444444,0.2,0.5,0.5,0.6666666666666666,0.6842105263157895,0.2222222222222222,0.0,0.0,0.4444444444444444,0.0,0.09090909090909091,0.3076923076923077,0.4,0.3333333333333333,0.0,0.8888888888888888,0.2,0.5,0.23076923076923078,0.3076923076923077,0.125,0.5,0.0,0.75,0.5333333333333333,0.36,0.5833333333333334,0.0,0.0,0.8461538461538461,0.5714285714285714,0.25,0.25,0.6470588235294118,1.0,0.7142857142857143,0.0,0.0,0.6086956521739131,0.7857142857142857,1.0,0.5,0.5,0.0,0.8,0.0,0.5,0.8333333333333334,0.2,0.2,0.5652173913043478,0.3333333333333333,0.2222222222222222,0.1111111111111111,0.0,0.4375,0.21052631578947367,0.2727272727272727,0.2857142857142857,0.4444444444444444,0.4444444444444444,0.0,0.6666666666666666,0.5333333333333333,0.75,0.6904761904761905,0.8888888888888888,0.08333333333333333,0.5,0.38461538461538464,0.4444444444444444,0.22857142857142856,0.23076923076923078,0.4375,1.0,0.2,0.5,0.5,0.5,0.0,0.0,0.0,0.0,0.25,0.0,0.5454545454545454,0.0,0.6666666666666666,0.8333333333333334,0.14285714285714285,0.0,0.6,0.0,0.6666666666666666,1.0,0.0,0.25,0.0,0.6666666666666666,0.4444444444444444,0.5789473684210527,0.6,0.5,0.0,0.46153846153846156,0.5789473684210527,0.16666666666666666,0.16666666666666666,0.4,1.0,0.8709677419354839,0.4166666666666667,0.05,0.5,0.0,0.2222222222222222,0.4375,0.4444444444444444,0.375,0.09090909090909091,0.2857142857142857,0.0,1.0,0.72,0.6470588235294118,0.6363636363636364,0.25,0.75,0.1111111111111111,0.16666666666666666,0.75,0.21052631578947367,0.6071428571428571,0.3333333333333333,0.6666666666666666,0.6,0.5909090909090909,0.25,0.23809523809523808,0.21875,0.7878787878787878,0.05555555555555555,0.38095238095238093,0.0,0.6388888888888888,0.7317073170731707,0.88,0.5,0.0,0.5714285714285714,0.7419354838709677,0.0,0.6842105263157895,0.3125,0.0,0.6363636363636364,0.0,0.0,0.8888888888888888,0.0,0.7692307692307693,0.0,0.0,0.25,0.16666666666666666,0.5555555555555556,0.0,0.0,1.0,0.0,0.9285714285714286,1.0,0.5,0.625,0.6666666666666666,0.0,0.0,0.3333333333333333,0.5,0.0,0.7142857142857143,0.16666666666666666,0.7272727272727273,0.25,0.5714285714285714,0.782608695652174,0.25,0.4444444444444444,0.5,0.2,0.14285714285714285,0.14285714285714285,0.3333333333333333,0.25,0.5,0.0,0.0,0.3076923076923077,0.0,0.9285714285714286,0.0,0.25,0.25,0.625,0.0,0.0,0.5555555555555556,0.0,0.16666666666666666,0.23529411764705882,0.5,0.4,0.0,0.2,0.35,0.0,0.2222222222222222,0.23076923076923078,0.0,0.5555555555555556,0.0,0.8571428571428571,0.8,0.0,1.0,0.35714285714285715,0.8333333333333334,1.0,0.3333333333333333,0.4,0.5555555555555556,0.3333333333333333,0.0,0.2,0.5,0.25,0.25,0.75,0.5,0.5555555555555556,0.0,0.375,0.8421052631578947,0.5454545454545454,1.0,0.7894736842105263,0.23076923076923078,0.75,0.625,0.5882352941176471,0.8823529411764706,1.0,0.8571428571428571,0.5,0.25,0.5,0.2222222222222222,0.6,0.5625,0.4,0.14285714285714285,0.5714285714285714,0.3333333333333333,0.09090909090909091,0.0,0.0,0.4444444444444444,0.45454545454545453,0.4375,0.42857142857142855,0.7368421052631579,0.23333333333333334,0.42857142857142855,0.5833333333333334,0.16666666666666666,0.7142857142857143,0.2857142857142857,0.25,0.5,0.625,0.0,0.45454545454545453,0.6666666666666666,0.5357142857142857,0.0,0.42857142857142855,0.16666666666666666,0.0,0.7428571428571429,0.7647058823529411,0.8333333333333334,0.5,0.0,0.1,0.21052631578947367,0.18181818181818182,0.6666666666666666,0.4666666666666667,0.25,0.48,0.4166666666666667,0.041666666666666664,0.5,0.058823529411764705,0.0,0.5263157894736842,0.3333333333333333,0.6,0.8571428571428571,0.2,0.20833333333333334,0.8125,0.0,0.38461538461538464,0.0,0.0,0.0,0.625,0.5,1.0,0.6666666666666666,0.0,0.0,0.9166666666666666,0.0,1.0,0.0,0.0,0.4,0.45454545454545453,0.1111111111111111,0.6666666666666666,0.0,1.0,0.3076923076923077,0.0,0.3157894736842105,0.2857142857142857,1.0,0.4666666666666667,0.0,0.46153846153846156,1.0,0.4,0.0,0.25,0.6,0.1,0.3333333333333333,0.45454545454545453,0.6666666666666666,0.35714285714285715,0.6363636363636364,0.18181818181818182
AGC,0.5,0.42857142857142855,0.0,0.6,0.0,0.3333333333333333,0.6666666666666666,0.0,0.8333333333333334,0.38461538461538464,0.6666666666666666,0.0,1.0,0.4,0.2857142857142857,0.3333333333333333,0.3333333333333333,0.45454545454545453,0.0,1.0,0.0,0.0,0.0,0.0,0.5,0.5714285714285714,0.0,1.0,0.5,0.5,0.0,0.0,1.0,0.2222222222222222,0.5,0.6666666666666666,0.0,0.0,0.0,0.0,0.0,0.0,0.0,0.3333333333333333,0.6666666666666666,0.8,0.5,0.5,0.16666666666666666,0.0,0.5,0.5714285714285714,0.6666666666666666,0.0,0.4166666666666667,0.3333333333333333,0.42857142857142855,0.0,0.0,0.0,0.0,1.0,0.25,0.5,0.8333333333333334,0.3333333333333333,0.0,0.3,0.2,0.2,0.0,0.3333333333333333,0.3333333333333333,1.0,0.46153846153846156,0.3333333333333333,0.2,0.42857142857142855,0.0,1.0,0.5,0.75,0.4,0.4444444444444444,0.3333333333333333,0.0,0.5,0.625,0.6666666666666666,0.0,0.6666666666666666,0.0,0.75,1.0,0.6666666666666666,0.3333333333333333,0.36363636363636365,0.3333333333333333,0.0,0.4,0.0,0.0,0.0,0.4,0.38461538461538464,0.0,0.0,0.14285714285714285,0.6,0.5,0.0,0.3333333333333333,1.0,0.625,0.5652173913043478,0.14285714285714285,0.5,1.0,1.0,0.3333333333333333,0.0,0.6666666666666666,0.0,0.0,0.0,0.0,0.0,0.0,0.0,1.0,1.0,0.8571428571428571,0.6,0.0,0.5,0.0,1.0,0.42857142857142855,0.0,0.0,0.5,0.0,0.42857142857142855,0.8,1.0,0.5,0.2857142857142857,0.5,0.5333333333333333,0.4,0.0,1.0,0.0,0.42857142857142855,0.7,0.17647058823529413,0.3333333333333333,0.2222222222222222,0.75,0.4,0.8,0.0,0.3333333333333333,0.7142857142857143,0.3333333333333333,0.2,0.6666666666666666,0.4,0.4166666666666667,0.3333333333333333,0.25,0.2,0.4,0.6666666666666666,0.625,0.42857142857142855,0.8888888888888888,0.6666666666666666,1.0,0.2857142857142857,0.5,0.0,0.5,0.1875,0.16666666666666666,1.0,0.5,0.3333333333333333,0.5882352941176471,0.35714285714285715,0.0,0.5,0.2,0.75,0.5882352941176471,0.3333333333333333,0.5454545454545454,0.3076923076923077,0.0,0.4444444444444444,1.0,0.0,1.0,0.0,0.5,0.5,0.0,0.0,0.4,0.0,0.0,0.0,0.0,0.0,0.4,1.0,0.0,0.0,1.0,0.0,0.4,0.5714285714285714,0.16666666666666666,0.6666666666666666,1.0,0.6666666666666666,0.3333333333333333,0.6,0.5714285714285714,0.0,0.2857142857142857,1.0,0.6666666666666666,0.5,0.6666666666666666,0.0,0.75,0.0,0.0,0.0,0.0,0.5714285714285714,0.16666666666666666,0.7142857142857143,0.0,1.0,0.25,0.6666666666666666,1.0,0.5,0.14285714285714285,0.5,0.6666666666666666,0.2857142857142857,0.5,0.5,0.3333333333333333,0.5833333333333334,0.7692307692307693,0.0,0.625,0.25,0.0,0.25,0.3333333333333333,1.0,0.6666666666666666,0.5,0.0,1.0,0.75,0.5,0.3333333333333333,0.6153846153846154,0.6,0.5714285714285714,0.0,0.5,0.45454545454545453,0.0,0.4,0.5833333333333334,0.7142857142857143,0.5,0.2,0.625,0.8571428571428571,0.625,0.0,0.6,0.5,0.5789473684210527,0.75,0.5714285714285714,0.2857142857142857,0.6666666666666666,0.75,0.75,0.375,0.5,0.0,0.3333333333333333,0.5625,0.29411764705882354,1.0,0.0,0.25,0.45454545454545453,0.6,0.25,0.45454545454545453,0.45454545454545453,0.6111111111111112,0.5238095238095238,0.5,0.375,0.4,0.5,0.2857142857142857,0.5,0.42857142857142855,0.0,0.3333333333333333,0.14285714285714285,0.8,0.2727272727272727,0.5555555555555556,0.6,0.5,0.3333333333333333,0.6666666666666666,0.5,0.5454545454545454,0.0,0.0,0.2222222222222222,0.0,0.2,0.5,0.3333333333333333,1.0,0.36363636363636365,0.14285714285714285,0.2222222222222222,0.0,0.25,0.38461538461538464,0.3333333333333333,0.4,0.5714285714285714,0.0,0.4444444444444444,0.5,1.0,0.07692307692307693,0.3333333333333333,0.6666666666666666,0.0,0.0,1.0,0.0,0.5,1.0,0.2,0.0,1.0,0.0,0.0,0.0,0.0,1.0,0.0,1.0,0.5,0.5,0.3333333333333333,0.0,0.0,0.3333333333333333,0.0,0.8571428571428571,1.0,1.0,0.3333333333333333,0.0,0.4444444444444444,0.0,0.0,0.0,0.4,0.6666666666666666,0.3333333333333333,0.75,0.5,0.3333333333333333,0.6,0.0,0.0
AGG,0.42857142857142855,0.1111111111111111,0.42857142857142855,0.2222222222222222,0.09090909090909091,0.09090909090909091,0.0,0.11764705882352941,0.46153846153846156,0.5,0.0,0.2857142857142857,0.5,0.058823529411764705,0.8108108108108109,0.21428571428571427,0.07692307692307693,0.15384615384615385,0.0,0.2222222222222222,0.0,1.0,0.0,0.3333333333333333,0.0,0.16666666666666666,0.6,1.0,0.16666666666666666,0.0,0.0,0.0,0.0,0.0,0.2857142857142857,0.5,0.0,0.0,0.0,0.42857142857142855,0.1,0.0,0.1,0.09090909090909091,0.2857142857142857,0.43478260869565216,0.0,0.7058823529411765,0.11764705882352941,0.12903225806451613,1.0,0.7142857142857143,0.4444444444444444,0.75,0.5,0.13333333333333333,0.0,0.045454545454545456,0.5,0.8,0.058823529411764705,0.3333333333333333,0.08333333333333333,0.2972972972972973,0.2,0.09090909090909091,0.0,0.1794871794871795,0.45454545454545453,0.05555555555555555,0.35714285714285715,0.3333333333333333,0.1875,0.4,0.6470588235294118,0.29411764705882354,0.35,0.71875,0.125,0.18181818181818182,0.3076923076923077,0.2857142857142857,0.16666666666666666,0.45454545454545453,0.3333333333333333,0.5,0.3333333333333333,0.5,0.09090909090909091,0.14285714285714285,0.3333333333333333,0.25,0.0,0.06666666666666667,0.5384615384615384,0.2,0.3333333333333333,0.17647058823529413,0.25,0.375,0.45454545454545453,0.0,0.0,0.3333333333333333,0.25,0.3333333333333333,0.0,0.16129032258064516,0.7638888888888888,0.25,0.15,0.0,0.04,0.4827586206896552,0.46153846153846156,0.14814814814814814,0.9629629629629629,0.17647058823529413,0.0,0.06666666666666667,0.0,0.0,0.3333333333333333,1.0,0.3333333333333333,0.23076923076923078,0.0,0.0,1.0,0.16666666666666666,0.0,0.0,0.3103448275862069,0.0,0.0,0.6363636363636364,0.0,0.25,0.0,0.6666666666666666,0.10344827586206896,0.0,0.4166666666666667,0.4864864864864865,0.14285714285714285,0.46153846153846156,0.8,0.16666666666666666,0.3333333333333333,0.2631578947368421,0.0,0.18181818181818182,0.0967741935483871,0.6041666666666666,0.17391304347826086,0.3181818181818182,0.14285714285714285,0.05555555555555555,0.0,0.15625,0.7317073170731707,0.8,0.16666666666666666,0.2,0.0,0.8333333333333334,0.7,0.375,0.42105263157894735,0.6363636363636364,0.0,0.3,0.7804878048780488,0.5245901639344263,0.9230769230769231,0.22727272727272727,0.29545454545454547,0.717391304347826,0.45454545454545453,0.7037037037037037,0.08333333333333333,0.0,0.13333333333333333,0.25,0.45454545454545453,0.08695652173913043,0.0,0.17647058823529413,0.19672131147540983,0.5357142857142857,0.0,0.8205128205128205,0.03225806451612903,0.15789473684210525,0.75,0.8333333333333334,0.4307692307692308,0.34177215189873417,0.0,0.2631578947368421,1.0,0.0,0.0,0.4,0.0,0.1111111111111111,0.0,0.0,0.5714285714285714,0.0,0.0,1.0,0.0,0.0,0.9565217391304348,1.0,0.0,0.0,0.0,0.0,0.6578947368421053,0.1111111111111111,0.6923076923076923,0.4,0.0,1.0,0.7142857142857143,0.21428571428571427,1.0,0.0,0.0,0.0,0.4444444444444444,0.6,0.037037037037037035,0.1111111111111111,1.0,0.4,0.14285714285714285,0.0,0.0,0.09523809523809523,0.1,0.125,0.1111111111111111,0.23529411764705882,0.36538461538461536,0.19047619047619047,0.0,0.0,0.16666666666666666,0.26666666666666666,0.7272727272727273,0.6666666666666666,0.0,0.05714285714285714,0.42857142857142855,0.0,0.14814814814814814,0.0,0.6363636363636364,0.5,1.0,0.0,0.0,0.35714285714285715,0.5555555555555556,0.5476190476190477,0.3333333333333333,0.14285714285714285,0.11538461538461539,0.0,0.6666666666666666,0.15384615384615385,0.5,0.0,0.4444444444444444,0.0,0.4444444444444444,0.0,0.8461538461538461,0.5434782608695652,0.45454545454545453,0.875,0.6666666666666666,0.3684210526315789,0.18181818181818182,0.5384615384615384,0.9259259259259259,0.8888888888888888,0.2727272727272727,0.7391304347826086,0.2222222222222222,0.6153846153846154,0.5,0.5,0.0,0.7647058823529411,0.2,0.5,0.16666666666666666,0.3,0.5,0.2,0.6666666666666666,0.10526315789473684,0.9166666666666666,0.21739130434782608,0.0,0.625,0.09090909090909091,0.125,0.55,0.4230769230769231,0.15384615384615385,0.6666666666666666,0.0,0.42857142857142855,0.0,0.25,0.3333333333333333,0.4032258064516129,0.75,0.05555555555555555,0.25,0.3333333333333333,0.5833333333333334,0.2222222222222222,0.0,0.23529411764705882,0.0,0.0,0.4666666666666667,1.0,0.0,0.49122807017543857,0.0,0.0,0.35714285714285715,0.08333333333333333,0.0,0.18181818181818182,0.0,0.75,0.0,0.3225806451612903,0.36,0.16666666666666666,0.0,0.5531914893617021,0.5555555555555556,0.0,0.8,0.25,0.29411764705882354,0.14285714285714285,1.0,0.07692307692307693,1.0,0.0,0.0,0.13333333333333333,0.0,0.058823529411764705,0.0,0.3181818181818182,0.42857142857142855,1.0,0.0,1.0,0.0,0.0,0.5,0.0,0.5217391304347826,0.14285714285714285,0.0,0.0,0.29411764705882354,0.0,0.6666666666666666,0.3684210526315789,0.1,0.3333333333333333,0.5,0.7142857142857143,0.6666666666666666,0.2222222222222222,0.0,0.23333333333333334,0.2631578947368421,0.0,0.75,0.42857142857142855,0.14814814814814814,0.0625,0.0,0.3
AGT,0.5185185185185185,0.0,0.2222222222222222,0.5,0.0,0.7272727272727273,0.0,0.0,0.5,0.5,0.5714285714285714,0.4,0.26666666666666666,0.6666666666666666,0.3333333333333333,0.391304347826087,0.2727272727272727,0.46153846153846156,0.4,0.2,0.45454545454545453,0.0,0.0,0.6666666666666666,0.0,0.0,0.0,0.0,0.25,0.0,0.0,0.0,0.0,1.0,0.6666666666666666,0.0,0.0,0.0,0.0,0.0,0.0,0.0,0.6666666666666666,0.0,0.16666666666666666,0.7142857142857143,0.0,0.7307692307692307,0.6666666666666666,0.4,0.0,0.5,0.0,0.0,0.3333333333333333,0.3333333333333333,0.3076923076923077,0.5555555555555556,0.0,0.625,0.0,0.0,0.0,0.3333333333333333,0.0,0.0,0.0,0.5454545454545454,0.4166666666666667,0.3157894736842105,0.75,0.0,0.42857142857142855,1.0,1.0,0.125,0.4,0.5,0.3333333333333333,0.0,0.5,1.0,0.6875,0.625,0.8333333333333334,0.36363636363636365,0.0,0.0,1.0,0.0,0.0,0.8,0.6666666666666666,0.4,0.6666666666666666,0.375,0.75,0.5,0.0,0.42857142857142855,0.0,0.6,0.0,0.4,0.46153846153846156,0.23529411764705882,1.0,0.4444444444444444,0.7777777777777778,0.5384615384615384,0.5833333333333334,0.0,0.0,0.0,0.55,0.4782608695652174,0.0,0.625,1.0,0.625,0.6666666666666666,0.0,1.0,0.0,0.0,0.4444444444444444,0.0,0.5,0.0,0.0,0.0,0.0,0.25,0.0,0.0,0.0,0.0,0.6666666666666666,0.2,1.0,0.0,1.0,1.0,0.5714285714285714,0.5625,0.5714285714285714,0.0,0.16666666666666666,0.3333333333333333,0.75,1.0,0.125,0.0,0.75,0.8888888888888888,0.21052631578947367,0.3333333333333333,0.6111111111111112,0.0,0.2,0.6470588235294118,0.0,0.25,0.4,0.3333333333333333,0.14285714285714285,1.0,0.5652173913043478,0.5,0.0,0.0,0.5294117647058824,0.4,1.0,0.5714285714285714,0.2,0.4,0.5833333333333334,0.6666666666666666,0.7142857142857143,0.6428571428571429,0.0,0.4444444444444444,0.15384615384615385,0.7894736842105263,0.2222222222222222,0.5,0.0,0.41379310344827586,0.6888888888888889,0.6666666666666666,0.8571428571428571,0.7777777777777778,0.3333333333333333,0.3125,0.16666666666666666,0.25,0.47368421052631576,0.0,0.0,0.16666666666666666,0.0,0.6666666666666666,0.5,1.0,1.0,0.0,0.6,0.7777777777777778,0.0,0.0,0.2,1.0,0.0,0.625,0.5,0.0,0.42857142857142855,0.0,0.0,0.0,0.0,0.7142857142857143,0.0,0.0,0.0,0.5,0.14285714285714285,0.8888888888888888,0.5,0.8,0.2,0.3333333333333333,0.5,0.42857142857142855,0.0,0.3333333333333333,0.7777777777777778,0.6,0.0,0.5,0.0,0.5,0.75,1.0,0.42857142857142855,0.15384615384615385,0.45454545454545453,0.0,0.0,0.0,1.0,0.25,0.0,1.0,0.5555555555555556,0.25,0.25,0.6428571428571429,0.0,0.0,1.0,0.0,0.3,0.0,1.0,0.09090909090909091,0.2,0.5,0.2,1.0,1.0,1.0,0.65,1.0,0.0,0.0,1.0,0.4,0.8571428571428571,0.4444444444444444,0.75,0.0,0.5142857142857142,0.6666666666666666,0.5833333333333334,1.0,0.7368421052631579,1.0,0.6666666666666666,0.5,0.38461538461538464,0.6538461538461539,0.5,0.75,0.625,0.6666666666666666,0.6666666666666666,0.5769230769230769,0.5,0.15384615384615385,0.5,0.7333333333333333,0.42857142857142855,0.5,0.4,0.6666666666666666,0.38461538461538464,1.0,0.4,0.4444444444444444,0.45454545454545453,0.5294117647058824,0.6666666666666666,0.38461538461538464,0.47058823529411764,0.0,0.7692307692307693,0.5,0.16666666666666666,0.3333333333333333,0.0,0.3333333333333333,0.2,0.5,0.15384615384615385,0.38461538461538464,0.36363636363636365,0.0,0.8333333333333334,0.0,0.125,0.125,0.631578947368421,0.0,0.2,0.0,0.2222222222222222,0.52,0.5,0.5,0.375,0.8571428571428571,0.6,0.0,0.4375,0.36363636363636365,0.3888888888888889,0.6666666666666666,0.375,0.3333333333333333,0.4166666666666667,0.75,0.5,0.6,0.8,1.0,1.0,0.0,0.0,0.0,0.0,0.0,0.3333333333333333,0.0,0.75,0.0,1.0,0.0,0.5,0.0,0.0,0.3333333333333333,0.0,0.14285714285714285,0.3333333333333333,0.0,0.5,0.5,0.14285714285714285,0.6,0.0,0.5,0.4444444444444444,0.0,0.2,0.8571428571428571,0.3888888888888889,0.0,1.0,1.0,0.25,0.5833333333333334,0.5,0.875,0.5,0.0,0.18181818181818182
ATA,0.3333333333333333,1.0,0.6,0.6666666666666666,0.3333333333333333,0.25,0.5,0.4,0.8,0.5,1.0,0.42857142857142855,0.0,0.0,0.75,0.38461538461538464,0.7142857142857143,0.6,0.0,0.6666666666666666,0.3333333333333333,0.0,0.0,0.0,0.0,0.0,0.0,0.0,0.6666666666666666,0.5714285714285714,1.0,1.0,0.3333333333333333,0.0,1.0,0.0,0.0,0.0,0.0,0.0,0.5,0.5,0.5,0.3333333333333333,0.8,0.0,0.0,0.6,0.7142857142857143,0.7,0.0,0.0,0.0,0.0,0.2,0.5,0.5,0.2857142857142857,0.0,0.0,0.25,0.0,0.25,0.75,0.0,0.0,0.5,0.7,0.2727272727272727,0.5555555555555556,0.6666666666666666,0.0,0.0,0.0,0.5,0.0,0.75,0.4375,0.5,1.0,1.0,0.75,0.375,0.0,0.0,0.6666666666666666,1.0,0.6666666666666666,0.7142857142857143,0.6,0.0,0.0,0.0,0.0,0.5714285714285714,0.4,0.6666666666666666,0.0,0.0,0.0,0.0,1.0,0.42857142857142855,1.0,0.5454545454545454,0.625,1.0,0.2222222222222222,0.4,0.16666666666666666,0.8,0.0,0.0,0.0,0.5,0.75,0.3333333333333333,0.42857142857142855,1.0,0.75,0.6666666666666666,0.6666666666666666,0.0,0.5,0.0,0.4,0.0,0.3333333333333333,0.0,0.5,0.0,0.4,0.3333333333333333,0.0,1.0,0.0,0.0,0.6666666666666666,0.0,1.0,0.6666666666666666,0.0,0.3333333333333333,0.2727272727272727,0.42857142857142855,0.4444444444444444,0.0,0.25,0.6666666666666666,0.2857142857142857,0.5,0.16666666666666666,0.16666666666666666,0.0,0.0,0.3333333333333333,0.0,0.42105263157894735,0.0,0.4,0.75,1.0,0.2857142857142857,0.5,1.0,0.8333333333333334,0.5,0.38095238095238093,0.7272727272727273,0.42857142857142855,0.3333333333333333,0.6,0.42857142857142855,1.0,1.0,0.0,0.6,0.5,0.25,0.2857142857142857,1.0,0.0,0.45454545454545453,0.16666666666666666,0.5,0.16666666666666666,0.5,0.2222222222222222,0.26666666666666666,0.5333333333333333,0.5,0.8571428571428571,0.6,0.25,0.5,0.4,0.4444444444444444,0.8461538461538461,0.0,0.6,0.5,0.0,0.3333333333333333,0.5,1.0,1.0,0.0,0.8333333333333334,0.4444444444444444,1.0,0.0,1.0,0.6666666666666666,0.0,0.0,1.0,0.25,0.3333333333333333,1.0,0.0,0.0,0.6666666666666666,1.0,0.5,1.0,0.75,0.5555555555555556,0.5,0.75,0.6,0.25,0.0,0.4,1.0,0.5,0.0,0.0,0.0,0.8,0.0,0.0,0.0,0.25,0.0,0.6666666666666666,0.42857142857142855,0.3333333333333333,0.5555555555555556,0.0,0.0,0.0,1.0,0.0,0.5,0.5,0.3333333333333333,0.0,0.5,0.5,0.0,0.0,0.0,0.6666666666666666,0.75,0.0,0.0,0.14285714285714285,0.16666666666666666,0.0,0.0,0.0,0.0,0.0,0.0,1.0,0.0,1.0,0.6666666666666666,0.5,0.0,0.5,0.8571428571428571,1.0,0.6666666666666666,0.0,0.5714285714285714,0.7777777777777778,0.3333333333333333,0.0,0.0,0.0,0.5,0.8,0.5,0.3,0.4,0.5,0.5,0.3333333333333333,0.0,0.5,0.0,0.5,0.45454545454545453,0.0,0.16666666666666666,0.375,0.2,0.3333333333333333,0.2857142857142857,0.6363636363636364,0.0,1.0,0.0,0.5,0.5,0.0,0.3333333333333333,0.6666666666666666,0.5,1.0,0.26666666666666666,0.5,1.0,0.5,0.5,0.7,0.4,0.0,0.6666666666666666,0.375,0.6666666666666666,0.0,0.6666666666666666,0.0,0.0,0.0,1.0,0.6,0.3333333333333333,0.8333333333333334,0.2857142857142857,0.375,0.2857142857142857,1.0,0.3333333333333333,0.7142857142857143,0.3125,1.0,1.0,0.5,0.14285714285714285,0.8333333333333334,0.8,0.1875,0.7777777777777778,1.0,0.5,0.0,0.0,0.0,0.0,0.0,0.0,0.0,0.0,1.0,0.0,1.0,1.0,0.6666666666666666,0.0,1.0,0.0,0.0,0.0,0.0,0.0,0.8,0.0,0.75,0.0,0.75,1.0,1.0,0.5,0.0,0.0,1.0,0.5714285714285714,0.0,0.6666666666666666,0.6666666666666666,0.5714285714285714,0.6666666666666666,0.8,0.0,0.0
ATC,0.5,0.0,0.6,0.5,0.5,0.0,0.0,0.7692307692307693,1.0,0.5625,0.0,0.0,0.0,0.42857142857142855,0.75,0.2857142857142857,0.6666666666666666,0.0,1.0,1.0,0.0,0.0,0.0,0.0,0.0,0.0,0.0,0.0,0.0,0.0,0.0,0.0,0.0,0.0,0.0,1.0,0.0,0.0,0.0,0.0,1.0,0.0,0.5,1.0,0.7777777777777778,0.2857142857142857,0.0,0.0,0.2,0.3,1.0,0.3333333333333333,1.0,0.0,0.75,0.42857142857142855,0.0,0.0,0.0,0.0,0.0,0.0,0.2857142857142857,0.5,1.0,0.2857142857142857,0.0,0.5,0.5,0.5,1.0,0.0,0.5,0.0,0.3333333333333333,0.25,0.09090909090909091,0.8,0.6666666666666666,0.3333333333333333,0.8333333333333334,0.0,0.3333333333333333,0.6,0.0,0.0,0.0,0.5,0.0,0.0,0.0,0.0,0.6666666666666666,1.0,0.7142857142857143,0.8571428571428571,0.5,1.0,1.0,0.3333333333333333,0.0,0.0,0.6,1.0,0.25,0.5714285714285714,0.0,0.3684210526315789,0.38461538461538464,0.125,0.0,0.0,0.3,0.0,0.5384615384615384,0.45454545454545453,0.0,0.5555555555555556,1.0,0.0,0.0,0.0,0.0,0.0,0.0,1.0,0.0,0.0,0.0,0.0,0.0,0.0,0.5,0.0,0.0,1.0,0.0,0.0,0.0,0.0,0.8,0.0,0.0,0.2857142857142857,0.5,0.3,0.0,0.0,0.7857142857142857,0.07692307692307693,0.0,0.0,0.5384615384615384,0.8,0.5,0.36363636363636365,0.0,0.0,0.5454545454545454,0.0,1.0,0.0,0.6111111111111112,0.3333333333333333,0.0,0.6666666666666666,0.5,0.5333333333333333,0.7647058823529411,0.4375,1.0,0.0,0.6666666666666666,0.9090909090909091,0.6875,0.5,0.2,0.8,0.6666666666666666,0.5,0.3,0.0,0.0,0.14285714285714285,0.5,0.2,0.0,0.0,0.2,0.06666666666666667,0.0,0.6363636363636364,0.6,1.0,0.30434782608695654,0.3333333333333333,0.42857142857142855,0.7647058823529411,0.0,0.5,0.0,0.0,1.0,1.0,0.0,0.8,0.0,0.0,1.0,0.3333333333333333,0.0,0.0,0.0,0.0,0.0,0.0,0.4,0.0,0.0,0.0,0.0,0.75,0.3333333333333333,0.0,0.0,0.0,0.8571428571428571,1.0,0.4,0.6666666666666666,0.0,0.0,0.7,0.3333333333333333,0.8571428571428571,0.0,0.0,0.0,0.6666666666666666,0.0,0.0,0.5,0.0,0.5,0.6666666666666666,0.25,0.5555555555555556,1.0,1.0,0.0,0.4,0.6666666666666666,0.5714285714285714,0.4,0.0,0.875,0.0,0.4,0.42857142857142855,0.0,0.8333333333333334,0.0,0.0,0.4444444444444444,0.125,0.6666666666666666,0.0,0.6666666666666666,0.0,0.7692307692307693,0.0,0.0,1.0,0.75,0.2857142857142857,0.0,1.0,0.875,0.6153846153846154,0.0,0.5,0.5882352941176471,0.5,0.3076923076923077,0.8,0.75,0.6666666666666666,0.3333333333333333,0.0,0.14285714285714285,0.0,0.55,0.75,0.8888888888888888,0.7777777777777778,0.625,0.6666666666666666,0.0,0.3333333333333333,0.0,0.0,0.25,0.0,0.5,0.0,0.0,0.4,1.0,0.0,0.0,0.6666666666666666,0.3333333333333333,0.6,0.7142857142857143,1.0,0.5,0.0,0.6666666666666666,0.25,1.0,1.0,0.2727272727272727,0.0,0.1111111111111111,1.0,0.5,0.7777777777777778,0.3333333333333333,0.0,1.0,0.6428571428571429,0.75,0.4444444444444444,0.6666666666666666,0.0,0.0,0.0,0.0,0.6666666666666666,0.0,0.6666666666666666,0.5,0.8333333333333334,0.0,0.0,0.0,0.75,0.5454545454545454,0.5,0.0,0.5,0.6,0.2,0.6666666666666666,0.375,0.2857142857142857,0.4,0.5,0.0,0.0,0.0,0.6666666666666666,0.8571428571428571,0.0,0.0,0.6666666666666666,0.8333333333333334,0.0,1.0,0.0,0.8333333333333334,0.0,1.0,0.0,0.3333333333333333,0.0,0.0,1.0,0.5,0.0,0.0,0.3333333333333333,1.0,0.0,0.0,0.5,1.0,1.0,1.0,0.7142857142857143,0.6666666666666666,0.2,1.0,0.0,0.5,0.0,0.0,0.0
ATG,0.5714285714285714,0.5,0.75,1.0,0.6666666666666666,0.2857142857142857,0.0,0.5,0.16666666666666666,0.3181818181818182,0.0,0.2,0.0,1.0,0.8571428571428571,0.2222222222222222,0.0,0.6666666666666666,0.0,0.0,0.0,1.0,0.0,1.0,0.0,1.0,0.0,0.6666666666666666,0.0,0.0,0.0,0.0,0.0,0.0,0.0,1.0,0.5,0.0,0.0,1.0,0.5,1.0,0.0,0.0,0.0,0.4,0.0,0.375,0.3333333333333333,1.0,1.0,1.0,1.0,0.0,0.0,0.0,0.0,0.0,0.0,0.0,1.0,0.0,0.16666666666666666,0.8,0.0,0.9090909090909091,0.0,1.0,0.5,0.6666666666666666,0.14285714285714285,0.0,1.0,0.6666666666666666,0.5714285714285714,0.3333333333333333,0.5714285714285714,0.5454545454545454,0.0,1.0,0.0,0.0,0.0,1.0,0.0,0.3333333333333333,0.0,0.5,0.0,0.5,0.0,1.0,0.0,1.0,0.5,0.0,0.0,0.5,0.0,0.2857142857142857,0.4444444444444444,0.0,0.0,0.3333333333333333,0.3333333333333333,0.0,0.0,0.8,0.5555555555555556,0.5384615384615384,0.0,1.0,0.75,0.5,0.6666666666666666,0.0,0.2222222222222222,0.6666666666666666,0.5,0.3333333333333333,0.0,0.0,1.0,0.0,0.0,0.0,0.5,0.0,0.0,0.25,0.0,1.0,0.0,0.0,0.0,0.75,0.0,0.5,0.0,0.0,0.5714285714285714,0.0,0.0,0.7333333333333333,0.5,0.5555555555555556,1.0,0.5,1.0,0.6,0.0,0.0,0.0,0.5,0.6666666666666666,0.1111111111111111,0.0,0.3333333333333333,0.5,1.0,0.75,1.0,0.4,0.5,1.0,0.75,1.0,0.2857142857142857,0.625,0.5454545454545454,0.0,1.0,1.0,0.6666666666666666,0.875,0.5,0.5,0.25,0.0,0.42857142857142855,0.8571428571428571,0.5,0.3333333333333333,0.0,0.6666666666666666,0.18181818181818182,0.0,1.0,0.625,0.47058823529411764,0.6666666666666666,0.5,0.5,0.0,0.6666666666666666,0.0,0.6666666666666666,0.3333333333333333,0.0,0.5,0.0,0.0,0.0,1.0,1.0,0.5,0.0,0.0,0.3333333333333333,0.5,0.0,0.0,0.0,0.0,1.0,1.0,0.0,0.5,0.0,0.0,0.5,0.3333333333333333,1.0,0.0,1.0,0.6666666666666666,0.75,0.0,1.0,1.0,0.0,0.0,1.0,0.0,0.3333333333333333,0.5,1.0,1.0,0.5,0.0,0.0,0.5,0.0,0.3333333333333333,1.0,1.0,0.5,1.0,0.0,0.0,0.0,0.6666666666666666,0.3333333333333333,0.4,0.5714285714285714,1.0,0.0,1.0,1.0,0.0,0.0,0.5,0.0,0.3333333333333333,0.0,0.0,0.6,0.0,0.0,0.0,0.8571428571428571,0.0,1.0,0.0,1.0,0.3333333333333333,0.0,0.0,0.6,1.0,0.25,0.0,0.6666666666666666,0.3333333333333333,0.5,0.6666666666666666,0.875,0.6666666666666666,1.0,0.4,0.25,0.5,0.6666666666666666,0.0,1.0,0.5714285714285714,0.0,1.0,0.25,0.0,0.0,0.5,0.5,0.0,0.0,0.3333333333333333,0.4,0.3333333333333333,1.0,0.0,0.25,1.0,1.0,0.2857142857142857,0.25,0.6666666666666666,0.0,0.25,0.3333333333333333,0.25,0.6666666666666666,0.5,0.0,0.3333333333333333,0.0,0.6666666666666666,0.375,0.5555555555555556,0.0,1.0,0.0,0.0,0.7142857142857143,0.6666666666666666,0.7777777777777778,0.6666666666666666,0.0,0.0,0.5,0.0,0.0,0.6363636363636364,0.0,0.6,0.0,0.0,0.5714285714285714,0.1,0.6666666666666666,0.6,0.6,0.6666666666666666,0.5,0.5,0.6666666666666666,0.6666666666666666,0.5,0.0,0.0,0.0,0.0,0.0,0.0,0.5,0.5,0.5,0.0,0.0,0.0,0.0,0.0,0.0,1.0,0.0,0.0,0.4,0.0,0.0,0.0,0.0,1.0,1.0,0.0,0.0,0.0,0.6,1.0,0.0,0.0,0.6666666666666666,0.0,0.0,0.3333333333333333,0.25,1.0,1.0,0.6666666666666666,0.0
ATT,0.3,0.375,0.0,0.0,0.7,0.5555555555555556,0.0,0.18181818181818182,0.5,0.6470588235294118,1.0,0.75,0.6,0.0,0.8,0.6923076923076923,0.6666666666666666,0.5,1.0,0.3333333333333333,0.0,0.0,0.0,0.0,1.0,0.0,0.0,0.5,0.25,0.3333333333333333,0.0,0.0,0.0,0.0,0.0,0.0,0.0,0.0,0.0,0.0,0.6666666666666666,0.0,0.6666666666666666,0.0,0.6,0.6666666666666666,0.0,0.08333333333333333,0.9230769230769231,0.7857142857142857,0.0,0.0,0.5,0.0,0.16666666666666666,0.0,0.45454545454545453,0.5,0.0,0.0,0.4,0.0,0.4,0.0,0.3333333333333333,0.36363636363636365,0.0,0.5,0.4375,0.3076923076923077,0.2,0.16666666666666666,1.0,1.0,0.6666666666666666,0.2857142857142857,0.1111111111111111,0.2,0.0,0.0,0.75,0.5,0.5625,0.2727272727272727,0.0,0.0,0.0,0.0,0.3333333333333333,0.8,0.0,0.25,0.6666666666666666,1.0,0.4444444444444444,1.0,0.7777777777777778,0.0,0.0,0.875,0.0,0.0,0.25,1.0,0.8181818181818182,0.6666666666666666,1.0,0.625,0.7272727272727273,0.26666666666666666,1.0,0.5,0.4166666666666667,0.45454545454545453,0.6363636363636364,1.0,0.4,0.5333333333333333,1.0,0.75,0.0,0.0,0.0,0.0,0.0,1.0,0.0,1.0,0.0,0.0,0.0,0.0,0.6363636363636364,0.0,1.0,0.0,0.0,0.0,1.0,0.0,0.2,0.0,0.6666666666666666,0.2857142857142857,0.0,0.45454545454545453,1.0,0.2857142857142857,0.5,0.7,0.6666666666666666,0.625,0.6666666666666666,0.875,0.9,0.6,0.0,0.5,0.75,0.625,0.7142857142857143,0.0,0.3076923076923077,0.375,0.8333333333333334,0.8,0.0,0.56,0.23076923076923078,0.375,0.7,0.5454545454545454,0.5384615384615384,0.7142857142857143,0.8181818181818182,0.4666666666666667,0.625,0.6666666666666666,0.0,0.0,0.7777777777777778,0.0,0.6666666666666666,0.23076923076923078,0.3333333333333333,0.2222222222222222,0.0,0.2857142857142857,0.42424242424242425,0.6060606060606061,0.7142857142857143,0.875,0.5,0.5,0.782608695652174,0.25,0.8333333333333334,0.5,0.0,0.0,0.46153846153846156,0.0,0.6,0.0,0.8,1.0,0.0,1.0,0.4,0.0,0.0,0.0,1.0,1.0,0.8333333333333334,0.6666666666666666,0.0,0.6666666666666666,0.0,0.0,0.75,0.5,0.0,0.0,0.7,0.0,0.5384615384615384,0.5789473684210527,1.0,0.75,0.7,0.0,0.25,0.5,0.42857142857142855,0.0,0.5,0.0,0.75,0.0,0.16666666666666666,0.5833333333333334,0.7142857142857143,0.5333333333333333,0.0,0.3333333333333333,0.5833333333333334,0.875,1.0,0.4,0.3333333333333333,0.8888888888888888,0.5714285714285714,0.2,0.0,0.7142857142857143,0.3333333333333333,0.7692307692307693,0.7777777777777778,0.0,0.0,1.0,0.8,0.8571428571428571,1.0,0.5454545454545454,0.125,0.5,1.0,0.6923076923076923,0.75,0.0,0.0,0.3333333333333333,0.25,0.5,1.0,0.9,0.8,0.0,0.4,0.7692307692307693,0.2857142857142857,0.6111111111111112,1.0,0.9230769230769231,0.3333333333333333,0.3333333333333333,0.5,0.75,0.3333333333333333,0.75,0.7222222222222222,0.65,0.5,0.6,0.875,0.6666666666666666,0.25,0.5,0.0,0.5,1.0,0.7777777777777778,0.0,0.6666666666666666,0.0,0.6363636363636364,0.0,0.45454545454545453,0.9090909090909091,0.42857142857142855,0.5294117647058824,0.36363636363636365,0.6666666666666666,0.0,0.4,1.0,0.7647058823529411,0.0,0.5555555555555556,0.0,0.0,0.5,0.0,0.3333333333333333,0.6666666666666666,0.18181818181818182,1.0,0.3333333333333333,0.25,0.3333333333333333,0.46153846153846156,0.8181818181818182,0.0,0.06666666666666667,0.0,0.0,0.2857142857142857,0.0,0.42857142857142855,0.16666666666666666,0.75,0.5,0.0,0.36363636363636365,0.47058823529411764,0.6153846153846154,0.8,0.5,0.5,0.7142857142857143,0.6666666666666666,0.45454545454545453,0.47368421052631576,0.7058823529411765,0.0,0.0,0.0,0.0,0.0,1.0,1.0,0.0,0.0,0.0,1.0,0.8333333333333334,1.0,0.0,0.8,0.0,0.0,0.0,0.0,0.0,0.0,1.0,0.0,0.0,0.6363636363636364,0.0,0.8333333333333334,0.0,0.0,0.8,0.6666666666666666,0.5,1.0,0.6666666666666666,0.5,0.0,1.0,0.0,0.25,0.8,0.0,0.5714285714285714
CAA,0.5,0.0,0.6666666666666666,0.0,0.0,0.6666666666666666,1.0,0.0,0.5,0.3333333333333333,0.0,0.0,0.0,0.3333333333333333,0.3333333333333333,0.75,0.0,0.5,0.3333333333333333,1.0,0.0,0.0,0.0,0.0,0.0,0.0,0.0,1.0,1.0,1.0,0.0,1.0,0.0,0.0,0.0,0.0,1.0,0.0,0.0,0.6666666666666666,0.0,0.0,0.0,0.16666666666666666,0.0,0.0,0.0,1.0,0.0,0.0,0.0,1.0,0.0,1.0,0.8,0.0,0.0,0.0,0.0,0.6666666666666666,0.0,0.0,1.0,0.0,1.0,0.42857142857142855,0.0,0.0,0.0,0.25,1.0,0.6666666666666666,0.0,0.0,0.3333333333333333,0.25,0.5,0.5,0.0,0.5,0.0,0.75,0.0,0.0,0.0,1.0,0.0,1.0,0.0,0.0,0.0,0.5,0.0,0.3333333333333333,0.8,0.25,0.0,0.0,0.0,1.0,0.0,0.0,0.0,0.0,1.0,0.0,0.0,0.5,0.25,0.0,0.0,0.0,1.0,0.6666666666666666,0.5714285714285714,1.0,0.0,0.3333333333333333,0.0,0.0,0.0,0.0,0.0,0.0,0.0,0.0,0.0,1.0,0.0,0.0,0.0,0.0,0.6666666666666666,0.0,0.0,0.0,0.0,0.6666666666666666,0.0,0.0,0.6666666666666666,0.0,0.75,0.5,0.3333333333333333,0.4,0.5,0.5,0.5,0.0,0.0,0.0,0.0,1.0,1.0,0.5,0.6666666666666666,0.4,0.6666666666666666,0.8,0.0,0.0,0.2222222222222222,0.0,0.0,0.0,0.0,1.0,0.3333333333333333,0.0,0.0,0.0,0.0,0.2,0.75,0.5,1.0,0.8333333333333334,0.6666666666666666,0.3333333333333333,0.0,0.0,1.0,0.6,0.6666666666666666,0.0,0.0,0.0,0.6666666666666666,0.5,1.0,1.0,0.3333333333333333,0.6666666666666666,0.0,0.0,1.0,0.0,0.0,0.0,1.0,0.0,0.0,1.0,1.0,1.0,0.0,0.0,0.0,0.0,0.0,0.0,0.0,0.0,0.0,0.3333333333333333,0.0,0.0,0.0,1.0,0.0,0.0,0.25,0.0,0.0,0.0,0.0,0.8333333333333334,1.0,0.0,0.5,0.0,0.6,0.0,1.0,0.0,1.0,0.0,0.0,1.0,0.5,0.6666666666666666,0.0,0.6666666666666666,0.0,0.25,1.0,0.0,0.0,0.5,0.6666666666666666,0.0,0.4,0.0,0.0,0.5,0.0,0.6666666666666666,0.625,0.0,0.5,0.0,0.6666666666666666,0.0,0.0,1.0,0.6666666666666666,0.0,1.0,0.75,0.0,0.0,0.5,0.25,0.75,0.0,0.0,0.0,0.3333333333333333,0.0,0.5,0.5,0.0,0.4,1.0,0.625,0.6,0.5454545454545454,0.0,0.0,0.3333333333333333,0.3333333333333333,0.4,0.4,1.0,0.0,0.0,1.0,0.3333333333333333,1.0,0.0,0.0,0.0,0.0,0.0,0.0,0.0,1.0,0.0,0.6666666666666666,0.0,0.25,0.4,1.0,1.0,0.5,0.0,0.25,1.0,1.0,1.0,0.0,0.0,0.5,1.0,0.6666666666666666,1.0,1.0,0.0,0.5,1.0,0.5,0.6666666666666666,0.0,0.0,0.0,0.0,0.0,0.25,0.0,0.0,0.25,1.0,0.0,0.0,0.4,0.0,0.6666666666666666,0.5,0.0,1.0,0.6666666666666666,0.0,0.0,0.5714285714285714,0.0,0.0,0.0,0.0,0.0,0.0,0.0,0.0,0.0,0.0,1.0,0.0,0.0,0.0,0.0,0.0,0.0,1.0,0.0,0.0,0.0,0.0,0.0,0.0,0.0,0.0,1.0,0.6666666666666666,0.0,0.0,1.0,0.5,1.0,0.0,0.8,1.0,1.0,0.0,0.0,1.0,0.0,0.0,0.0
CAC,0.6888888888888889,0.0,0.14285714285714285,0.08823529411764706,0.7142857142857143,0.5714285714285714,0.6486486486486487,0.5384615384615384,0.5294117647058824,0.6458333333333334,0.5,0.825,0.0,0.90625,0.7714285714285715,0.3695652173913043,0.35,0.45454545454545453,0.46153846153846156,0.375,0.2,0.0,0.0,0.2857142857142857,1.0,0.0,0.0,1.0,1.0,0.5,0.0,0.5,0.0,0.5,0.4,0.42857142857142855,0.0,0.0,0.0,0.2857142857142857,0.5,0.0,0.0,0.5,0.0,0.5625,0.5,0.35714285714285715,0.8125,0.2857142857142857,0.0,0.2,0.0,1.0,0.2,0.5,0.45454545454545453,0.0,0.0,0.3,0.6222222222222222,0.3333333333333333,0.3333333333333333,0.06666666666666667,0.6944444444444444,1.0,0.0,0.15789473684210525,0.11764705882352941,0.7887323943661971,1.0,0.0,0.18181818181818182,0.06666666666666667,0.3333333333333333,0.5208333333333334,0.5901639344262295,0.16666666666666666,0.47368421052631576,0.8125,0.375,0.5,0.16666666666666666,0.0,0.0,0.18181818181818182,0.5,0.5,0.42857142857142855,0.0,0.0,0.6666666666666666,0.7647058823529411,1.0,1.0,1.0,0.5,0.7291666666666666,0.0,0.047619047619047616,0.7868852459016393,0.5,0.4,0.3333333333333333,0.3125,0.12121212121212122,0.0,0.3870967741935484,0.3076923076923077,0.2,0.0,0.25,0.2,0.25,0.5,0.5625,0.030303030303030304,0.5,1.0,0.782608695652174,0.5,0.0,0.3333333333333333,0.0,0.0,0.0,0.0,0.0,0.07692307692307693,1.0,0.0,0.5,1.0,0.0,0.0,0.0,0.8529411764705882,0.0,0.7333333333333333,0.0,0.23809523809523808,1.0,0.0,0.8709677419354839,0.8571428571428571,0.23076923076923078,0.8666666666666667,0.9629629629629629,0.2,0.9166666666666666,0.0,0.6,0.0,0.6091954022988506,0.5555555555555556,0.7045454545454546,0.05,0.0,0.125,0.3,0.07142857142857142,0.0,0.4666666666666667,0.423728813559322,0.15384615384615385,0.1724137931034483,0.0,0.3076923076923077,0.6071428571428571,0.42727272727272725,0.875,0.0,0.15384615384615385,0.6046511627906976,0.3,0.9642857142857143,0.5084745762711864,0.2982456140350877,1.0,0.78125,0.5714285714285714,0.0,0.875,0.07142857142857142,0.6,0.8269230769230769,0.3333333333333333,0.038461538461538464,0.34285714285714286,0.043478260869565216,0.3333333333333333,0.4666666666666667,0.6756756756756757,0.6923076923076923,0.4666666666666667,0.09090909090909091,0.4411764705882353,0.45,0.0,0.2857142857142857,0.3333333333333333,0.0,0.14285714285714285,0.7142857142857143,0.0,0.0,0.0,0.0,1.0,0.0,0.0,0.0,0.0,0.8333333333333334,0.9411764705882353,0.6666666666666666,0.0,0.0,0.0,1.0,0.6153846153846154,0.25,0.43478260869565216,0.7333333333333333,0.75,0.0,0.15,0.4666666666666667,1.0,0.38461538461538464,0.0,1.0,0.7441860465116279,0.5517241379310345,0.6891891891891891,0.5,0.09090909090909091,0.6666666666666666,0.0,0.4,0.9230769230769231,0.0625,0.0,0.09090909090909091,0.0,0.5178571428571429,0.16,0.6111111111111112,1.0,0.8888888888888888,0.7741935483870968,0.3333333333333333,0.3333333333333333,0.5,1.0,0.3333333333333333,0.0,0.875,0.85,0.0,0.045454545454545456,0.4444444444444444,0.5,0.391304347826087,0.0,0.5238095238095238,0.5673076923076923,0.5,0.0,0.5714285714285714,0.9655172413793104,0.0,0.8333333333333334,0.7692307692307693,0.6666666666666666,0.18181818181818182,0.0,0.8787878787878788,0.2,1.0,0.5,0.8387096774193549,0.0,0.9166666666666666,0.75,0.5833333333333334,0.6666666666666666,0.4117647058823529,0.8709677419354839,0.6,0.75,0.5681818181818182,0.7647058823529411,0.6363636363636364,0.3333333333333333,0.4444444444444444,0.6666666666666666,0.5,0.8,0.2857142857142857,0.38461538461538464,1.0,0.8,0.2807017543859649,1.0,0.6190476190476191,0.16666666666666666,0.23076923076923078,1.0,0.5,0.8461538461538461,0.6181818181818182,0.42857142857142855,0.7,0.8095238095238095,0.47619047619047616,0.0,0.8571428571428571,0.0,0.36363636363636365,0.5294117647058824,0.5494505494505495,0.0,0.13043478260869565,0.0,0.5185185185185185,0.75,0.07142857142857142,1.0,0.8409090909090909,0.54,0.0,0.6,0.6,0.6857142857142857,0.058823529411764705,0.6923076923076923,0.4444444444444444,0.34615384615384615,0.0,0.0,0.3684210526315789,0.3,0.2857142857142857,0.0,0.28,0.5,0.3333333333333333,0.0,0.6617647058823529,0.15789473684210525,0.4074074074074074,0.4583333333333333,0.7777777777777778,0.24,0.2,0.0,0.1111111111111111,0.0,0.0,0.0,0.6451612903225806,0.0,0.10526315789473684,0.0,0.2,0.0,1.0,0.0,0.0,0.0,0.9230769230769231,0.5,0.0,0.0,0.5,0.9166666666666666,0.0,0.8307692307692308,0.0,0.5,0.0,0.8,1.0,1.0,0.75,0.5,0.35294117647058826,0.3333333333333333,0.6666666666666666,0.0,0.17391304347826086,0.8636363636363636,0.8048780487804879,0.9,0.06666666666666667,0.7352941176470589,0.5
CAG,0.3,0.2222222222222222,0.1,0.5,0.0,0.2,0.5,0.2,0.3333333333333333,0.35294117647058826,0.25,0.5,0.08333333333333333,0.5833333333333334,0.2,0.24,0.3,0.6111111111111112,0.3333333333333333,0.07142857142857142,0.0,0.0,0.0,0.0,0.3333333333333333,0.375,0.16666666666666666,0.0,0.0,0.42857142857142855,0.0,0.0,0.0,0.0,0.5,0.1111111111111111,0.2,0.0,0.0,0.0,0.18181818181818182,0.0,0.0,0.5,0.42857142857142855,0.38461538461538464,1.0,0.5882352941176471,0.7142857142857143,0.09523809523809523,0.5,0.38461538461538464,0.6666666666666666,0.6,0.18181818181818182,0.2,0.3,0.0,0.2,0.8,0.0,0.0,0.35294117647058826,0.16666666666666666,0.5,0.4666666666666667,0.0,0.25,0.35,0.35714285714285715,0.6153846153846154,0.0,0.35714285714285715,0.8333333333333334,0.5,0.4,0.5,0.5416666666666666,0.16666666666666666,0.2,0.5,0.5,0.5,0.55,0.9166666666666666,0.25,0.25,0.5,0.7222222222222222,0.5,0.0,1.0,0.5333333333333333,0.4444444444444444,0.6470588235294118,0.18181818181818182,0.35714285714285715,0.2727272727272727,0.0,0.36363636363636365,0.0,0.14285714285714285,0.2857142857142857,0.25,0.23809523809523808,0.42857142857142855,0.875,0.23076923076923078,0.75,0.6153846153846154,1.0,0.25,0.0,0.25,0.6111111111111112,0.32142857142857145,0.13333333333333333,0.5384615384615384,0.9090909090909091,0.25,0.0,0.6666666666666666,0.6,0.2,0.0,0.3333333333333333,0.0,0.0,0.25,0.65,1.0,0.6,0.6923076923076923,0.0,0.0,0.0,0.0,0.0,0.0,0.0,0.38461538461538464,0.0,0.5238095238095238,0.4117647058823529,0.55,0.2,0.0,0.0,0.7777777777777778,0.75,0.0,0.2222222222222222,0.16666666666666666,0.45454545454545453,0.7777777777777778,0.1,0.09090909090909091,0.125,0.0,0.4,0.14285714285714285,0.5,0.07142857142857142,0.4375,0.3,0.16666666666666666,0.4,0.6956521739130435,0.35294117647058826,0.2631578947368421,0.0,0.75,0.5,0.7142857142857143,0.625,0.23076923076923078,0.5882352941176471,0.6842105263157895,0.875,0.5454545454545454,0.25,0.0,0.08333333333333333,0.16666666666666666,0.7419354838709677,0.043478260869565216,0.09090909090909091,0.2222222222222222,0.4666666666666667,0.5679012345679012,0.7419354838709677,0.5714285714285714,0.0,0.4444444444444444,0.6944444444444444,0.125,0.5238095238095238,0.4666666666666667,0.0,0.5,0.3333333333333333,0.0,0.8888888888888888,0.8,0.9090909090909091,0.3333333333333333,0.0,0.0,0.4,0.0,0.0,0.0,0.0,0.0,1.0,0.7142857142857143,0.0,0.625,1.0,0.0,0.2857142857142857,0.4666666666666667,0.3333333333333333,0.3333333333333333,0.375,0.0,0.35714285714285715,0.3333333333333333,0.3333333333333333,0.6956521739130435,0.18181818181818182,0.0,0.7692307692307693,0.2,0.1111111111111111,0.25,1.0,0.6666666666666666,0.5,0.0,0.14285714285714285,0.5263157894736842,0.5,0.6666666666666666,0.3333333333333333,0.42857142857142855,0.15384615384615385,1.0,1.0,0.16666666666666666,0.18181818181818182,0.75,0.6666666666666666,0.21428571428571427,0.5,0.3333333333333333,0.0,0.0,0.6363636363636364,0.0,0.2222222222222222,0.5454545454545454,0.6666666666666666,0.3888888888888889,0.0,0.7894736842105263,0.7,0.0,0.0,0.2777777777777778,1.0,0.2222222222222222,1.0,0.72,0.0,0.16666666666666666,0.0,0.2,0.4166666666666667,0.0,0.1111111111111111,0.375,0.3125,0.675,0.3333333333333333,0.5,0.6666666666666666,0.7083333333333334,0.75,0.8947368421052632,0.5833333333333334,0.5161290322580645,0.7631578947368421,0.5806451612903226,0.8571428571428571,0.8,0.8125,0.8571428571428571,0.375,0.0,0.1111111111111111,0.6363636363636364,0.6666666666666666,0.2692307692307692,0.5,0.07142857142857142,0.6666666666666666,0.23076923076923078,1.0,0.23076923076923078,0.2,0.7058823529411765,0.5833333333333334,0.47619047619047616,0.4166666666666667,0.34375,0.0,0.52,0.3076923076923077,0.25,0.6153846153846154,0.0,0.23076923076923078,0.3,0.0,0.16666666666666666,0.75,0.25,0.0,0.375,0.5,0.09090909090909091,0.6206896551724138,0.625,0.6666666666666666,0.07142857142857142,0.0,0.2222222222222222,0.24,0.0,0.625,0.4,0.0,0.2,0.5555555555555556,0.36363636363636365,0.25,0.5,1.0,0.0,0.26666666666666666,0.125,0.55,0.8571428571428571,0.14814814814814814,0.625,0.0,0.5833333333333334,0.0,0.0,0.0,0.3333333333333333,0.0,0.14285714285714285,0.0,0.6666666666666666,0.0,0.8571428571428571,0.0,0.0,0.0,0.0,0.75,0.3333333333333333,0.0,0.0,0.0,0.0,0.36363636363636365,0.0,0.5,0.3333333333333333,0.0,0.5555555555555556,0.0,0.23076923076923078,0.6,0.34615384615384615,0.0,0.0,0.2,0.2,0.9166666666666666,0.5454545454545454,0.5555555555555556,0.13333333333333333,0.1,0.0
CAT,0.0,0.3333333333333333,0.0,0.25,0.0,0.2,0.0,0.0,0.0,0.2857142857142857,1.0,0.2,0.0,0.0,0.0,0.5555555555555556,0.2,0.0,0.0,0.0,0.0,0.0,0.0,0.0,0.0,0.0,0.0,0.0,0.0,1.0,0.0,0.0,0.0,0.0,0.0,0.0,0.0,0.0,0.0,0.0,0.0,0.0,0.6666666666666666,0.0,0.0,1.0,0.0,0.23076923076923078,0.8,0.4666666666666667,0.0,1.0,0.7142857142857143,0.0,0.0,0.0,0.14285714285714285,0.5,0.0,0.0,0.0,0.0,0.5,0.0,0.0,0.0,0.0,0.5,0.25,0.0,0.0,0.0,1.0,0.0,0.3333333333333333,0.5,0.14285714285714285,0.5,1.0,1.0,1.0,0.0,0.25,0.0,0.0,0.5,0.0,1.0,0.25,0.0,0.0,0.0,0.5,1.0,0.0,0.625,1.0,0.25,0.0,0.0,0.0,0.0,1.0,0.6666666666666666,0.3333333333333333,0.75,0.5,0.2,0.5714285714285714,0.1,1.0,0.0,0.0,1.0,0.5,1.0,0.16666666666666666,0.25,1.0,0.5,1.0,0.0,1.0,0.0,0.0,0.5,0.0,0.5,0.0,0.0,0.0,0.0,0.8333333333333334,0.0,1.0,0.0,0.0,0.0,0.0,1.0,0.0,0.0,0.0,0.6666666666666666,0.0,0.5,0.0,0.2,0.6,0.625,1.0,1.0,0.0,0.5,0.7,0.3333333333333333,0.0,0.6666666666666666,0.3333333333333333,0.2,0.3333333333333333,0.5,0.375,0.0,0.8333333333333334,0.25,0.0,0.5,0.0,0.5,0.8,0.3333333333333333,0.2857142857142857,1.0,0.25,0.625,0.0,0.5,0.0,0.5,0.75,0.0,0.6666666666666666,0.0,0.4,0.14285714285714285,0.6,0.0,0.23076923076923078,0.46153846153846156,0.0,1.0,0.25,0.0,0.5454545454545454,0.6666666666666666,0.0,0.16666666666666666,0.0,0.0,0.2,0.0,0.0,0.0,0.0,0.0,0.0,1.0,1.0,0.0,0.0,0.0,1.0,0.0,0.4,1.0,0.0,0.3333333333333333,0.0,0.0,1.0,0.75,1.0,0.0,0.8333333333333334,0.5,0.4,0.6666666666666666,1.0,0.6,0.4,0.0,0.0,0.0,0.25,0.0,0.0,0.0,0.75,0.0,0.0,0.0,0.0,0.8333333333333334,0.3333333333333333,0.0,0.7142857142857143,1.0,0.0,0.0,0.0,1.0,0.6666666666666666,0.0,0.5,0.0,0.0,1.0,0.5,0.0,0.0,1.0,1.0,0.42857142857142855,1.0,0.8,0.3333333333333333,0.5,0.0,0.7,0.0,0.0,1.0,0.0,0.0,1.0,0.0,0.0,0.5,0.0,0.16666666666666666,0.3333333333333333,0.4,0.5714285714285714,0.0,0.6,0.0,0.3333333333333333,1.0,0.16666666666666666,0.2,1.0,0.5,0.625,0.625,0.5,0.8571428571428571,1.0,0.0,0.0,0.3333333333333333,0.25,1.0,0.6,1.0,0.0,0.3333333333333333,1.0,0.0,0.6666666666666666,1.0,0.75,0.5714285714285714,0.0,0.25,0.25,0.0,0.8333333333333334,0.125,0.0,0.25,0.0,0.0,0.0,0.5,0.0,0.4,0.5,0.0,0.14285714285714285,0.0,0.0,0.3333333333333333,0.6,0.0,0.0,0.0,0.5,0.5,0.0,0.0,0.25,0.0,0.5,0.3333333333333333,1.0,0.16666666666666666,0.3333333333333333,1.0,0.3333333333333333,0.5,0.6,1.0,0.5,0.2857142857142857,0.5,1.0,0.5,0.0,0.0,0.0,1.0,1.0,0.0,0.0,0.0,0.0,0.0,0.0,1.0,0.0,0.0,0.5,0.0,0.0,1.0,0.0,1.0,0.2,0.0,1.0,0.0,1.0,0.16666666666666666,1.0,0.6363636363636364,0.0,0.0,1.0,0.0,0.0,0.0,0.5,0.5,1.0,0.6,0.0,0.0
CCA,0.2857142857142857,0.6,0.0,0.6666666666666666,0.0,0.375,0.6666666666666666,0.0,0.75,0.4,0.5,0.5714285714285714,0.0,0.16666666666666666,0.14285714285714285,0.24,0.08333333333333333,0.8,0.3333333333333333,0.25,0.3333333333333333,0.0,1.0,0.0,1.0,0.6,0.0,1.0,0.3333333333333333,0.75,0.0,0.6666666666666666,0.0,0.2,0.0,1.0,1.0,0.0,0.0,1.0,0.3333333333333333,0.0,0.5,0.6,1.0,0.3333333333333333,1.0,0.375,0.7142857142857143,0.5555555555555556,0.6666666666666666,0.4444444444444444,0.4,0.0,1.0,0.2857142857142857,0.5,0.3333333333333333,0.0,0.5,0.0,1.0,0.5,0.5,1.0,0.5555555555555556,0.5,0.6,0.3333333333333333,0.26666666666666666,0.5,0.0,1.0,1.0,0.3333333333333333,0.2857142857142857,0.75,0.75,0.3333333333333333,0.6666666666666666,0.5,0.5,0.6363636363636364,0.3333333333333333,1.0,0.25,0.5,0.6,0.5,0.0,0.0,0.6666666666666666,0.5,0.875,0.6666666666666666,0.36363636363636365,0.42857142857142855,0.2857142857142857,0.0,0.75,0.5,0.0,0.45454545454545453,0.5,0.7058823529411765,0.5384615384615384,0.6,0.2,0.7142857142857143,0.09090909090909091,0.5,0.42857142857142855,0.3333333333333333,0.16666666666666666,0.5909090909090909,0.35294117647058826,0.5555555555555556,0.6923076923076923,0.0,0.4666666666666667,0.3333333333333333,0.75,0.0,1.0,0.0,0.6,1.0,1.0,1.0,0.5,0.0,1.0,0.0,1.0,1.0,1.0,0.0,0.5,0.0,1.0,0.5,0.0,0.6666666666666666,0.5,0.0,0.45454545454545453,0.0,0.25,0.8181818181818182,0.375,1.0,0.5,0.16666666666666666,0.75,0.5555555555555556,0.2857142857142857,0.0,0.5,1.0,0.6666666666666666,0.5714285714285714,1.0,0.0,0.8,0.75,0.25,1.0,0.45454545454545453,0.2,0.4444444444444444,0.5,0.3333333333333333,0.42857142857142855,0.5,0.5,0.8,0.5,1.0,1.0,0.7777777777777778,0.375,0.6666666666666666,0.5714285714285714,0.375,0.8,0.6,0.7142857142857143,0.25,0.2,0.2857142857142857,0.0,0.6,0.14285714285714285,0.5,0.5714285714285714,0.0,0.625,0.3,0.0,0.8888888888888888,0.6,0.0,0.0,0.6666666666666666,0.5,0.0,0.0,0.6666666666666666,0.75,0.0,0.0,0.0,0.25,0.25,0.5714285714285714,0.75,0.0,1.0,0.5,1.0,0.0,1.0,0.375,0.6666666666666666,0.0,0.3333333333333333,0.5,0.4166666666666667,0.7142857142857143,0.5,0.5,0.0,0.4,0.2857142857142857,0.42857142857142855,0.0,0.0,0.75,1.0,1.0,0.3333333333333333,0.42857142857142855,0.4,0.5714285714285714,0.3333333333333333,0.0,0.0,0.7142857142857143,1.0,0.5714285714285714,0.3333333333333333,1.0,0.3333333333333333,0.16666666666666666,0.75,0.42857142857142855,0.0,0.25,0.7,0.0,0.6666666666666666,0.0,0.0,0.3,0.5,0.7142857142857143,0.0,0.6666666666666666,0.0,0.5,1.0,0.6666666666666666,1.0,0.6,0.0,0.0,0.0,0.6666666666666666,0.4166666666666667,0.0,0.6666666666666666,0.6666666666666666,0.4,0.6842105263157895,0.0,1.0,0.6363636363636364,0.7857142857142857,0.5,0.3333333333333333,1.0,0.7142857142857143,0.52,0.7777777777777778,0.0,0.4,0.0,0.3333333333333333,0.35,0.25,0.5,0.5,0.625,0.34615384615384615,0.0,0.375,0.8,0.35294117647058826,0.6666666666666666,0.38461538461538464,0.2857142857142857,0.5,0.6111111111111112,0.4,0.5555555555555556,0.6666666666666666,0.0,0.7894736842105263,0.3,0.7142857142857143,0.0,0.5,0.2,0.0,0.6666666666666666,0.35294117647058826,0.8888888888888888,0.7,0.0,0.625,0.6666666666666666,0.14285714285714285,0.3333333333333333,0.25,0.0,0.14285714285714285,0.0,0.5,0.3157894736842105,0.0,0.42857142857142855,0.4117647058823529,0.2,0.5625,0.0,0.5,0.15384615384615385,0.46153846153846156,0.5555555555555556,0.0,0.6,0.5,0.5833333333333334,0.5384615384615384,0.5,0.5,0.0,0.6666666666666666,0.0,1.0,0.0,0.0,1.0,1.0,1.0,1.0,0.0,0.0,0.0,0.5,0.0,0.0,1.0,1.0,0.0,0.0,0.0,0.0,0.0,0.0,0.625,1.0,1.0,0.8,0.0,0.4,0.5,0.6666666666666666,0.5,0.875,1.0,0.75,1.0,0.6666666666666666,0.6666666666666666,0.3333333333333333,0.16666666666666666,0.2222222222222222
CCC,0.5714285714285714,0.0,0.2,0.08974358974358974,0.17857142857142858,0.6585365853658537,0.058823529411764705,0.6991869918699187,0.0,0.21649484536082475,0.0,0.0,0.3333333333333333,0.0,0.8735632183908046,0.926605504587156,0.1935483870967742,0.7835051546391752,0.0,0.8676470588235294,0.25,0.0,0.0,0.0,0.0,0.3333333333333333,0.0,0.0,0.0,1.0,0.0,0.0,0.0,0.0,0.0,0.0,0.043478260869565216,0.0,0.0,0.0,0.45652173913043476,0.0,0.8135593220338984,0.0,0.6299559471365639,0.0,1.0,0.48214285714285715,0.03,0.29850746268656714,0.0,1.0,0.0392156862745098,0.0,0.6666666666666666,0.029411764705882353,0.0,0.03076923076923077,0.5,0.0,0.6538461538461539,0.0,0.030303030303030304,0.0,0.07142857142857142,0.0,0.0,0.03488372093023256,0.0,0.3374485596707819,0.0,0.7017543859649122,0.0,0.0,0.625,0.8646616541353384,0.6804511278195489,0.7058823529411765,0.017857142857142856,0.016666666666666666,0.37142857142857144,0.0,0.5882352941176471,0.0,0.0,0.0,0.0,0.4,0.009174311926605505,0.12903225806451613,0.0,0.0,0.5,0.9761904761904762,0.3769230769230769,0.32608695652173914,0.7264150943396226,0.0,0.967741935483871,0.6666666666666666,0.24324324324324326,0.0,0.0,0.0,0.0,0.0,0.0,0.8373702422145328,0.8026905829596412,0.0,0.0,0.0,0.52,0.7457627118644068,0.25,0.5565217391304348,0.5102040816326531,0.0,0.6739130434782609,0.9830508474576272,0.0,0.0,0.0,0.0,0.0,0.0,0.0,0.0,0.0,0.030303030303030304,0.0,1.0,0.7169811320754716,0.0,0.034482758620689655,0.0,0.0,0.0,0.5,0.0,0.46875,0.023809523809523808,0.7647058823529411,0.021505376344086023,0.7971014492753623,0.0,0.3333333333333333,0.0,0.5276073619631901,0.02,0.0,0.9159663865546218,0.6326530612244898,0.5581395348837209,0.704225352112676,0.045454545454545456,0.7857142857142857,0.6502732240437158,0.9896907216494846,0.7837837837837838,0.1875,0.0,0.08653846153846154,0.3598130841121495,0.0,0.7373737373737373,0.17391304347826086,0.3745173745173745,0.12355212355212356,0.5640394088669951,0.0,0.04,0.5068493150684932,0.6568627450980392,0.5176470588235295,0.038461538461538464,0.7536231884057971,0.8164251207729468,0.3448275862068966,0.6666666666666666,0.1,0.6666666666666666,0.03571428571428571,0.46601941747572817,0.0,0.8582089552238806,0.0,0.0,0.6619047619047619,0.4807692307692308,0.0,0.8080808080808081,0.2556390977443609,0.0,0.3888888888888889,0.7402597402597403,0.17751479289940827,0.4251968503937008,0.8181818181818182,0.1724137931034483,0.2,0.0,0.6923076923076923,0.0,0.0,0.9831932773109243,0.0,0.0,0.625,0.0,0.0,0.0,0.5,0.0,0.828125,1.0,0.44680851063829785,0.0,1.0,0.0,0.35,0.9181818181818182,0.5,0.0,0.0,0.0,0.7692307692307693,0.23529411764705882,0.8571428571428571,0.92,0.5213675213675214,0.0,0.6625,0.4,0.5740740740740741,0.045454545454545456,0.9913793103448276,0.0,0.9573170731707317,0.0,0.007246376811594203,0.30864197530864196,0.020202020202020204,0.5857988165680473,0.9829059829059829,0.0,0.6595744680851063,0.4868421052631579,0.5714285714285714,0.6666666666666666,0.014084507042253521,0.578125,0.0,0.5891472868217055,0.0,0.13114754098360656,0.3333333333333333,0.6931818181818182,0.0,0.0,0.7717391304347826,0.0,0.0,0.6933962264150944,0.01694915254237288,0.8354430379746836,0.5855263157894737,0.7756653992395437,0.0,0.15625,0.04,0.0,1.0,0.9418604651162791,0.0,0.0,0.7958333333333333,0.6793478260869565,0.0,0.0,0.5555555555555556,0.3893805309734513,0.7272727272727273,0.7352941176470589,0.0,0.0,0.2916666666666667,0.5,0.9047619047619048,0.3333333333333333,1.0,0.5408163265306123,0.5833333333333334,0.9,0.5,0.0,0.0,0.6712328767123288,0.6666666666666666,0.0,0.02127659574468085,0.25,0.3333333333333333,0.2222222222222222,0.0,0.9467455621301775,0.38064516129032255,0.3333333333333333,0.5614035087719298,0.4,0.8252427184466019,0.9433962264150944,0.5,0.6710526315789473,0.023809523809523808,0.014084507042253521,0.0,0.625,0.2,0.0,0.0,0.4852941176470588,0.0,0.8761904761904762,0.0,0.6730769230769231,0.4,0.5555555555555556,0.0,0.017543859649122806,0.41706161137440756,0.6888888888888889,0.0,0.0,0.6666666666666666,0.3208955223880597,0.1610738255033557,0.9313725490196079,0.0,0.0,0.5211267605633803,0.0,0.4642857142857143,0.5808383233532934,0.0,0.6906077348066298,0.4627450980392157,0.3185840707964602,0.25,0.35294117647058826,0.02666666666666667,0.9134615384615384,0.8089887640449438,0.1,0.10714285714285714,0.4444444444444444,0.0,0.0,0.9829059829059829,0.0,0.0,0.6052631578947368,0.0,0.30357142857142855,0.0,0.1509433962264151,0.6836734693877551,0.0,1.0,1.0,0.8263888888888888,0.0,0.5,0.0,0.4695121951219512,0.5,0.0,0.0,0.7156862745098039,0.0,0.13559322033898305,1.0,0.8194444444444444,0.0,0.0,0.9,0.0,0.0,0.8981481481481481,0.6174496644295302,0.18181818181818182,0.6171003717472119,0.8333333333333334,0.5,0.09090909090909091,0.0,0.0,0.023255813953488372
CCG,0.15789473684210525,0.5,0.14285714285714285,0.07142857142857142,0.2727272727272727,0.0,0.5454545454545454,0.045454545454545456,0.14285714285714285,0.34285714285714286,0.0,0.3333333333333333,0.375,0.896551724137931,0.84375,0.15,0.53125,0.3333333333333333,0.21428571428571427,0.0,0.0,0.0,1.0,0.0,0.0,0.3333333333333333,0.0,0.0,0.0,0.0,0.0,0.25,0.0,0.0,0.5,0.2,0.0,0.6666666666666666,0.0,0.0,0.0,0.0,0.0,0.0,0.0967741935483871,0.125,0.0,0.3235294117647059,0.7857142857142857,0.058823529411764705,1.0,1.0,0.5454545454545454,0.0,0.7777777777777778,0.2,0.5,0.4,0.5,0.3333333333333333,0.6428571428571429,0.0,0.2857142857142857,0.0,0.631578947368421,0.0,0.0,0.16666666666666666,0.15384615384615385,0.18604651162790697,0.25,0.08333333333333333,0.26666666666666666,0.0,0.5,0.675,0.6575342465753424,0.05714285714285714,0.7741935483870968,0.8666666666666667,0.0,0.0,0.5555555555555556,0.25,0.6666666666666666,0.25,0.3333333333333333,0.5,0.4,0.5,1.0,0.0,0.09090909090909091,0.0,0.2571428571428571,0.3,0.36363636363636365,0.6904761904761905,0.0,0.25,0.6578947368421053,0.0,0.16666666666666666,0.0,0.2,0.125,0.0,0.3787878787878788,0.1016949152542373,0.08,0.0,0.05555555555555555,0.0,0.4,0.5714285714285714,0.2631578947368421,0.16666666666666666,0.0,0.375,0.0,0.0,0.0,0.0,0.0,0.0,0.5,0.0,0.0,0.0,0.0,0.0,0.75,0.5,0.0,0.0,0.0,0.9615384615384616,0.6666666666666666,0.0,0.0,0.08695652173913043,0.0,0.6470588235294118,0.3333333333333333,0.14285714285714285,0.05263157894736842,0.6,0.8235294117647058,0.3125,0.7222222222222222,0.0,0.14285714285714285,0.045454545454545456,0.5647058823529412,0.75,0.5,0.29411764705882354,0.057692307692307696,0.0,0.02857142857142857,0.25806451612903225,0.5,0.35294117647058826,0.38235294117647056,0.25,0.17142857142857143,0.75,0.6129032258064516,0.1891891891891892,0.2336448598130841,0.5,0.5714285714285714,0.043478260869565216,0.8360655737704918,0.2727272727272727,0.8787878787878788,0.2,0.6410256410256411,0.3333333333333333,0.7352941176470589,0.1,0.0,0.29411764705882354,0.15384615384615385,0.3333333333333333,0.52,0.0,0.09090909090909091,0.30612244897959184,0.3333333333333333,0.6875,0.1388888888888889,0.5217391304347826,0.23076923076923078,0.7333333333333333,0.14285714285714285,0.14893617021276595,0.4166666666666667,0.0,0.0,0.14285714285714285,0.0,0.0,1.0,0.875,0.0,0.0,0.0,0.9,0.5,0.0,0.0,0.6,0.0,0.7804878048780488,0.8,0.0,0.0,0.0,0.0,0.6153846153846154,0.25,0.5,0.0,0.75,0.1875,0.15789473684210525,0.46153846153846156,0.8888888888888888,0.5384615384615384,0.0,0.4,0.20833333333333334,0.23076923076923078,0.5333333333333333,0.0,0.13333333333333333,0.5,0.03571428571428571,0.0,0.8666666666666667,0.0,0.0,0.23529411764705882,0.0,0.5416666666666666,0.6666666666666666,0.3333333333333333,0.0,0.14285714285714285,0.7380952380952381,0.46153846153846156,0.7777777777777778,0.0,0.0,0.0,0.0,0.4,0.7464788732394366,0.0,0.0,0.6,0.0,0.1111111111111111,1.0,0.05263157894736842,0.5842696629213483,0.5,0.0,0.6923076923076923,0.96,0.0,1.0,0.16666666666666666,0.5,0.0,0.7777777777777778,0.6666666666666666,0.5,0.0,0.5625,0.32142857142857145,0.6,0.8723404255319149,0.5,0.4666666666666667,0.6,0.3888888888888889,0.9655172413793104,0.9,0.5714285714285714,0.42857142857142855,0.5384615384615384,0.6818181818181818,0.5263157894736842,0.6,0.875,0.6363636363636364,0.375,0.4,0.2222222222222222,1.0,0.2,0.1111111111111111,0.0,0.07692307692307693,0.0,0.4666666666666667,0.3333333333333333,0.7,0.26666666666666666,0.6170212765957447,0.4,0.17647058823529413,0.1111111111111111,0.4,0.1,0.5833333333333334,0.4,0.5,0.26666666666666666,0.44642857142857145,0.1,0.06666666666666667,1.0,0.3,0.3333333333333333,0.0,0.0,0.5531914893617021,0.4444444444444444,0.17647058823529413,0.7,0.42857142857142855,0.3333333333333333,0.0625,0.8064516129032258,0.17647058823529413,0.0,0.14285714285714285,0.07407407407407407,0.0,0.2,0.14285714285714285,0.0,0.125,0.7246376811594203,0.2222222222222222,0.0,0.5581395348837209,0.047619047619047616,0.5333333333333333,0.5,0.375,0.26666666666666666,0.2,0.5,0.4,0.0,0.0,0.0,0.7105263157894737,0.5,0.0,0.0,0.2857142857142857,0.0,0.75,0.0,0.5,1.0,0.8571428571428571,0.2222222222222222,0.0,0.0,0.05555555555555555,1.0,0.125,0.8225806451612904,0.0,0.375,0.0,0.16666666666666666,0.46153846153846156,0.0,0.8571428571428571,0.25,0.0,0.0,0.3,0.14285714285714285,0.0,0.3333333333333333,0.4,0.2,0.038461538461538464,0.8,0.2
CCT,0.16666666666666666,0.0,0.625,0.9523809523809523,0.18181818181818182,0.6666666666666666,0.0,0.0,0.25,0.5510204081632653,0.0,0.5,0.375,0.2,0.8387096774193549,0.7272727272727273,0.3125,0.8181818181818182,0.0,0.06666666666666667,0.5,0.0,0.0,0.0,0.0,0.0,0.0,0.0,0.0,0.5,0.0,0.0,0.0,0.0,0.0,0.0,0.0,0.0,0.0,0.0,0.16666666666666666,0.0,0.0,0.75,0.041666666666666664,0.3333333333333333,0.0,0.7878787878787878,0.21428571428571427,0.03333333333333333,0.0,0.0,0.1111111111111111,1.0,0.2,0.03225806451612903,0.4,0.18181818181818182,0.0,0.0,0.9038461538461539,0.0,1.0,0.2857142857142857,0.07692307692307693,0.3333333333333333,0.0,0.75,0.30434782608695654,0.390625,0.3333333333333333,0.71875,0.10714285714285714,0.14285714285714285,0.3333333333333333,0.9411764705882353,0.5555555555555556,0.4,0.0,0.0,0.0,1.0,0.42857142857142855,1.0,0.0,0.2,1.0,0.0,0.0,0.0,0.0,0.0,0.2,0.3076923076923077,0.0625,0.1111111111111111,0.6666666666666666,0.3125,0.0,0.0,0.9230769230769231,0.0,0.25,0.6,0.3076923076923077,0.5714285714285714,0.0,0.703125,0.8688524590163934,0.29411764705882354,0.42857142857142855,0.0,0.42857142857142855,0.9074074074074074,0.5714285714285714,0.1724137931034483,0.96,0.23076923076923078,0.0,0.7,0.18181818181818182,0.0,0.0,0.0,0.0,0.0,0.0,0.0,0.5,0.0,0.0,0.0,0.47619047619047616,0.0,0.5,0.0,0.0,0.25,0.0,0.0,0.21428571428571427,0.5,0.0,0.2,0.0,0.3,0.0,0.0,0.5882352941176471,0.0,1.0,0.0,0.6724137931034483,0.6190476190476191,0.21428571428571427,0.23076923076923078,0.9565217391304348,0.6046511627906976,1.0,0.6226415094339622,0.7297297297297297,0.0,0.16129032258064516,0.5102040816326531,0.5,0.4375,0.25,0.7380952380952381,0.22058823529411764,0.6371681415929203,0.0,0.15384615384615385,0.0,0.8461538461538461,0.1,0.14285714285714285,0.5652173913043478,0.7352941176470589,0.25,0.875,0.625,0.0,0.13636363636363635,0.8928571428571429,0.75,0.23076923076923078,0.08333333333333333,0.13043478260869565,0.5277777777777778,0.75,0.5,0.5531914893617021,0.041666666666666664,0.09090909090909091,0.8387096774193549,0.9629629629629629,0.6785714285714286,0.43661971830985913,0.0,0.0,0.8,0.0,0.0,0.5,1.0,0.0,0.0,0.6,0.6666666666666666,0.0,0.0,0.0,1.0,0.0,0.7878787878787878,0.75,0.08333333333333333,0.0,0.0,0.0,0.9047619047619048,0.0,0.8571428571428571,0.0,0.0,0.16666666666666666,0.07692307692307693,0.3333333333333333,0.75,0.2857142857142857,0.5,0.0,0.78125,0.6666666666666666,0.037037037037037035,0.0,1.0,0.0,0.07142857142857142,0.0,0.0,0.08695652173913043,0.0,0.8823529411764706,0.9166666666666666,0.0,0.125,0.21428571428571427,0.0,0.25,0.0,0.7,0.6666666666666666,0.06666666666666667,1.0,0.07407407407407407,0.0,0.2857142857142857,0.09375,0.0,0.125,0.2,0.0,0.835820895522388,0.0,0.75,0.6578947368421053,0.78125,0.3333333333333333,1.0,0.043478260869565216,0.5,0.8,0.38461538461538464,0.5,0.5,0.7142857142857143,0.0,0.75,0.0,0.2857142857142857,0.04,0.3333333333333333,0.9259259259259259,0.0,0.14285714285714285,0.3076923076923077,0.5,0.9642857142857143,0.8571428571428571,0.0,0.84375,1.0,0.7142857142857143,0.0,0.25,0.0,0.45454545454545453,0.4166666666666667,0.0,0.0,1.0,0.6,0.35,0.0,0.7352941176470589,0.6666666666666666,0.3333333333333333,0.08333333333333333,0.25,0.2222222222222222,0.7073170731707317,0.5416666666666666,0.2727272727272727,0.2857142857142857,0.25,0.0,0.375,0.4,0.5,0.14285714285714285,0.71875,0.0,0.8928571428571429,0.0,0.1,0.5625,0.6666666666666666,1.0,0.10526315789473684,0.030303030303030304,0.08333333333333333,0.75,0.4444444444444444,0.6470588235294118,0.6857142857142857,0.0,0.96,0.4666666666666667,0.0,0.08333333333333333,0.125,0.0,0.5714285714285714,0.07692307692307693,0.7,0.4117647058823529,0.14814814814814814,0.6666666666666666,0.5510204081632653,0.6666666666666666,0.8108108108108109,0.9090909090909091,0.5833333333333334,0.15384615384615385,0.5333333333333333,1.0,0.125,1.0,0.0,0.0,0.0,0.0,0.4,0.0,0.0,0.0,0.0,0.0,0.0,0.5,0.0,0.0,0.0,0.5581395348837209,0.3333333333333333,0.0,0.0,0.6046511627906976,0.0,0.09090909090909091,0.8333333333333334,0.0,0.5,0.0,0.0,0.0,0.08333333333333333,0.0,0.2222222222222222,1.0,0.4528301886792453,0.8333333333333334,0.5,0.0,0.3684210526315789,0.0,0.0
CGA,0.5555555555555556,1.0,0.5,0.03333333333333333,0.4,0.125,0.6666666666666666,0.030303030303030304,0.42857142857142855,0.02857142857142857,0.0,0.16666666666666666,0.25,0.0,0.8846153846153846,0.48148148148148145,0.7142857142857143,0.5789473684210527,0.0,0.0,1.0,0.8571428571428571,0.0,0.0,0.0,1.0,0.0,1.0,0.0,0.0,0.0,0.0,0.0,0.0,0.0,0.0,0.3333333333333333,0.0,0.0,1.0,0.3333333333333333,0.0,0.1111111111111111,0.6666666666666666,0.023809523809523808,0.21739130434782608,1.0,0.058823529411764705,0.16666666666666666,0.0,1.0,0.0,0.25,1.0,0.3333333333333333,0.08333333333333333,0.8571428571428571,0.2857142857142857,0.0,0.8666666666666667,0.6222222222222222,0.0,0.1,0.42857142857142855,0.8333333333333334,0.2,0.0,0.0625,0.2222222222222222,0.2898550724637681,0.0,0.0,0.0,0.0,0.8333333333333334,0.5869565217391305,0.7384615384615385,0.5588235294117647,0.631578947368421,0.8,0.0,0.0,0.9375,0.14285714285714285,0.5,0.0,0.0,0.0,0.3125,0.0,0.0,1.0,0.0,0.0,0.16666666666666666,0.1,0.15384615384615385,0.6666666666666666,0.8888888888888888,0.7727272727272727,0.6904761904761905,0.0,0.0,0.6666666666666666,0.7647058823529411,0.16666666666666666,0.0,0.047619047619047616,0.06818181818181818,0.13043478260869565,0.0,0.0,0.35714285714285715,0.037037037037037035,0.6190476190476191,0.48148148148148145,0.3125,0.1,0.0,0.5909090909090909,0.0,0.0,0.0,0.0,0.0,1.0,0.0,1.0,0.0,0.0,0.0,1.0,0.2222222222222222,0.0,0.0,0.5,0.8888888888888888,0.0,1.0,0.0,0.0,0.0,0.75,0.3333333333333333,0.0,0.4666666666666667,0.8571428571428571,0.2222222222222222,0.15789473684210525,0.14285714285714285,0.0,0.25,0.0,0.5319148936170213,0.21052631578947367,0.7027027027027027,0.0,0.0,0.0,0.21818181818181817,0.2777777777777778,1.0,0.25,0.4807692307692308,0.2,0.16666666666666666,1.0,0.40625,0.43478260869565216,0.2523364485981308,0.0,0.7391304347826086,0.1,0.704225352112676,0.84,0.25,0.11627906976744186,0.5,0.0,0.6511627906976745,0.13043478260869565,0.5,0.0,0.03225806451612903,0.3333333333333333,0.16666666666666666,0.0,0.05714285714285714,0.11428571428571428,0.14285714285714285,0.0,0.17647058823529413,0.5714285714285714,0.0,0.55,0.0,0.16129032258064516,0.046511627906976744,0.0,0.0,0.0,0.0,0.0,0.0,0.0,0.0,0.0,0.0,0.75,0.0,0.0,0.0,0.2,0.0,0.84,0.0,0.0,1.0,0.0,0.0,0.07692307692307693,0.0,0.6666666666666666,0.0,1.0,0.0,0.25,0.0,1.0,0.125,0.5,0.0,0.09090909090909091,0.1,0.5967741935483871,0.5,0.25,0.3333333333333333,0.09523809523809523,0.0,0.25,0.06896551724137931,0.0,0.0,0.0,0.5777777777777777,0.5660377358490566,0.12244897959183673,0.0,0.0,0.47368421052631576,0.0,0.5714285714285714,0.0625,0.0,0.0,0.0,0.6666666666666666,0.6170212765957447,0.0,0.2,0.0,0.0,0.2608695652173913,0.0,0.0,0.5595238095238095,0.3902439024390244,0.0,0.3333333333333333,0.0,0.0,1.0,0.0,0.5,0.0,0.4117647058823529,0.0,0.25,0.0,0.5,0.5,0.0,0.851063829787234,0.5,0.0,0.16666666666666666,0.2857142857142857,0.8571428571428571,0.5,1.0,0.6666666666666666,0.7777777777777778,0.9090909090909091,0.5882352941176471,0.7058823529411765,0.0,0.2,0.9565217391304348,0.0,0.0,1.0,0.0,0.74,1.0,0.5909090909090909,0.2,0.5238095238095238,0.375,0.5,0.48,0.07142857142857142,0.36363636363636365,0.7857142857142857,0.3333333333333333,0.4166666666666667,0.13333333333333333,0.8,0.23529411764705882,0.25,0.0,0.34210526315789475,0.0,0.1111111111111111,0.0,0.16,0.20588235294117646,0.0,0.0,0.5,0.49019607843137253,0.0,0.5,0.9285714285714286,0.0,0.037037037037037035,0.7045454545454546,0.0,0.5,0.0,0.0,0.2727272727272727,0.2,0.25,0.0,0.08695652173913043,0.5684210526315789,0.09523809523809523,0.0,0.5510204081632653,0.18518518518518517,0.6481481481481481,0.0,0.6428571428571429,0.22727272727272727,0.6363636363636364,0.0,0.06666666666666667,0.0,0.0,0.0,0.7674418604651163,1.0,0.0,0.0,0.0,0.0,0.0,0.0,0.5,0.4666666666666667,0.7741935483870968,0.09090909090909091,0.0,0.0,0.0,0.0,0.0,0.6666666666666666,0.0,0.6666666666666666,0.18181818181818182,0.0,0.25,0.0,0.8333333333333334,0.6666666666666666,0.0625,0.0,0.0,0.0,0.0,0.9230769230769231,0.9024390243902439,0.0,0.25,0.875,0.07142857142857142
CGC,0.08333333333333333,0.0,0.2222222222222222,0.6666666666666666,0.2857142857142857,0.0,0.0,0.75,0.0,0.1,0.0,0.2222222222222222,0.0,0.5,0.18181818181818182,0.05555555555555555,0.0,0.1111111111111111,0.0,0.5,0.0,0.16666666666666666,0.0,0.0,0.0,0.0,0.0,0.5,0.0,0.0,0.0,0.2,0.0,0.0,0.0,0.0,0.0,0.0,0.0,0.0,0.5,0.0,0.42857142857142855,0.6666666666666666,0.7333333333333333,0.0,0.0,0.25,0.18181818181818182,0.75,0.0,0.25,0.1111111111111111,0.0,0.8333333333333334,0.3076923076923077,0.0,0.5,0.5,0.23076923076923078,0.0,0.0,0.6,0.09090909090909091,0.3333333333333333,0.0,0.0,0.0,0.5,0.47619047619047616,0.8571428571428571,0.375,0.0,0.3333333333333333,0.25,0.25,0.625,0.32,0.0,0.6666666666666666,0.75,0.5,0.3,0.625,0.0,0.25,0.0,0.6666666666666666,0.625,0.6,0.25,0.0,0.0,0.8333333333333334,0.8461538461538461,0.8,0.18181818181818182,0.0,0.75,0.15789473684210525,0.0,0.0,0.75,0.3333333333333333,0.16,0.3333333333333333,0.0,0.5454545454545454,0.2,0.46153846153846156,0.0,1.0,0.45454545454545453,0.3,0.6,0.5862068965517241,0.0,0.4166666666666667,1.0,0.875,0.0,0.0,0.0,0.0,0.0,0.0,0.0,0.0,0.0,0.6666666666666666,0.0,1.0,0.3333333333333333,0.0,0.0,0.14285714285714285,0.0,0.0,0.0,0.3333333333333333,0.36363636363636365,0.0,0.36363636363636365,0.1,0.7,0.42857142857142855,0.0,0.3333333333333333,0.5454545454545454,0.7692307692307693,0.0,0.125,0.42857142857142855,0.0,0.5833333333333334,0.6341463414634146,0.4,0.0,0.0,0.25,0.0,0.75,0.375,0.1111111111111111,0.5,0.3,0.25,0.2777777777777778,0.6666666666666666,0.3157894736842105,0.0,0.46153846153846156,0.5,0.75,0.6666666666666666,0.0,0.6,0.625,0.8,0.2727272727272727,0.4,0.5,0.3333333333333333,0.23529411764705882,0.7272727272727273,0.7142857142857143,0.14285714285714285,0.09090909090909091,0.5,0.34375,0.6,0.5714285714285714,0.5,0.2,0.2962962962962963,0.1111111111111111,0.7142857142857143,0.17391304347826086,0.0,0.2,1.0,0.0,0.6,0.0,1.0,1.0,0.0,0.0,0.3333333333333333,1.0,0.0,0.0,0.6666666666666666,0.0,0.3333333333333333,0.0,0.5,1.0,0.0,0.0,0.0,0.5333333333333333,0.0,0.3333333333333333,0.3333333333333333,0.6,0.2727272727272727,0.45454545454545453,1.0,0.9285714285714286,0.4,0.0,0.6,0.25,0.36363636363636365,0.0,0.0,0.0,0.6,0.0,0.0,0.5,0.0,0.4444444444444444,0.8,0.0,0.3,0.5,1.0,0.125,0.1111111111111111,0.0,0.4,0.0,0.6666666666666666,0.5,0.0,0.7272727272727273,0.0,0.0,0.4,0.3333333333333333,0.0,1.0,0.0,0.2222222222222222,0.16666666666666666,0.375,0.0,0.375,1.0,0.0,0.5,0.625,0.5,0.0,0.5,0.5454545454545454,0.09090909090909091,0.0,0.42857142857142855,0.5,0.2222222222222222,0.7916666666666666,0.0,0.25,0.3181818181818182,0.3076923076923077,0.0,0.6666666666666666,0.5454545454545454,0.21052631578947367,0.8444444444444444,0.5384615384615384,0.6923076923076923,0.5625,0.7142857142857143,0.5714285714285714,0.1111111111111111,0.16666666666666666,0.0,0.0,0.0,0.5277777777777778,0.0,0.7058823529411765,0.16666666666666666,0.3333333333333333,1.0,0.5,0.7894736842105263,0.375,0.3333333333333333,0.5909090909090909,0.7,0.17647058823529413,0.0,1.0,0.3,0.25,0.0,0.0,0.0,0.3333333333333333,0.0,0.3181818181818182,0.8461538461538461,0.0,0.0,0.6,0.5,0.5,0.5555555555555556,0.3333333333333333,0.3333333333333333,0.16666666666666666,0.0,0.7777777777777778,0.2,0.0,0.625,0.15384615384615385,0.5,0.4444444444444444,0.7142857142857143,0.18181818181818182,0.3333333333333333,0.42857142857142855,0.0,0.0,0.6666666666666666,0.25,0.125,0.0,0.6428571428571429,0.25,0.0,0.5555555555555556,0.0,0.0,0.0,0.5714285714285714,0.0,0.0,0.0,0.5,1.0,1.0,1.0,0.0,0.6666666666666666,0.0,1.0,0.0,0.0,0.0,0.0,0.0,0.1,0.0,0.4,0.0,1.0,0.6666666666666666,0.0,0.875,0.14285714285714285,0.0,1.0,0.8,0.0,0.5833333333333334,1.0,0.7058823529411765,0.42857142857142855,0.0,0.0,0.4827586206896552
CGG,0.14285714285714285,0.6666666666666666,0.1111111111111111,0.1,0.125,0.2222222222222222,0.6052631578947368,0.08333333333333333,0.2727272727272727,0.5510204081632653,0.5,0.23809523809523808,0.375,0.3125,0.9642857142857143,0.25925925925925924,0.10344827586206896,0.05263157894736842,0.0,0.25,0.0,0.0,1.0,0.0,0.5,1.0,1.0,0.0,0.3333333333333333,0.0,1.0,0.5,0.3333333333333333,0.0,0.0,0.4,0.5,0.0,0.0,0.6666666666666666,0.0,0.0,0.7142857142857143,0.3333333333333333,0.037037037037037035,0.19230769230769232,0.25,0.13043478260869565,0.1111111111111111,0.5625,0.0,1.0,0.0,0.0,0.3333333333333333,0.0,0.25,0.15789473684210525,0.0,0.0,0.038461538461538464,0.6666666666666666,0.3333333333333333,0.0,0.8571428571428571,0.3333333333333333,0.0,0.1935483870967742,0.2857142857142857,0.07407407407407407,0.0,0.0,0.25,0.15384615384615385,0.3333333333333333,0.625,0.07142857142857142,0.23333333333333334,0.2,0.0,0.0,0.0,0.2222222222222222,0.0,0.3333333333333333,0.2,0.5,0.5,0.08333333333333333,0.5,0.5,0.6666666666666666,0.2857142857142857,0.2,0.10526315789473684,0.18181818181818182,0.5833333333333334,0.7666666666666667,0.0,0.8,0.6944444444444444,0.6,0.8333333333333334,0.5,0.5714285714285714,0.2727272727272727,0.3333333333333333,0.0,0.18,0.2857142857142857,0.0,0.5,0.0,0.24242424242424243,0.625,0.4,0.7142857142857143,0.35294117647058826,0.0,0.45454545454545453,0.0,0.0,0.6666666666666666,0.0,0.0,0.5,1.0,0.0,0.0,0.6,0.0,0.0,0.0,1.0,0.5,1.0,0.0,0.3333333333333333,0.5,1.0,0.0625,0.0,0.5,0.2,0.0,0.2222222222222222,0.0,0.10714285714285714,0.2857142857142857,0.125,0.5,0.0,0.1111111111111111,0.037037037037037035,0.6666666666666666,0.2857142857142857,0.07142857142857142,0.2727272727272727,0.0,0.1,0.7368421052631579,0.6,0.2962962962962963,0.7083333333333334,0.0,0.391304347826087,0.0,0.2962962962962963,0.38095238095238093,0.044444444444444446,0.5384615384615384,0.8,0.20833333333333334,0.10526315789473684,0.05,0.26666666666666666,0.20833333333333334,0.10526315789473684,1.0,0.47058823529411764,0.16129032258064516,0.0,0.11764705882352941,0.07407407407407407,0.3333333333333333,0.09090909090909091,0.23076923076923078,0.14285714285714285,0.16326530612244897,0.6666666666666666,0.3333333333333333,0.25806451612903225,0.07142857142857142,0.5,0.8157894736842105,0.5555555555555556,0.20454545454545456,0.1346153846153846,0.0,0.6666666666666666,0.2857142857142857,0.0,0.0,1.0,0.0,0.0,0.0,0.0,0.6666666666666666,1.0,0.0,1.0,0.7142857142857143,0.0,0.875,0.6,0.0,0.0,0.0,0.8,0.05263157894736842,0.5454545454545454,0.4,0.16666666666666666,0.0,0.3333333333333333,0.14285714285714285,0.25,1.0,0.4166666666666667,0.25,0.14285714285714285,0.15625,0.125,0.4444444444444444,1.0,0.058823529411764705,0.2222222222222222,0.26666666666666666,1.0,0.07142857142857142,0.14285714285714285,0.0,0.17647058823529413,1.0,0.2,0.42857142857142855,0.06451612903225806,0.0,0.0,0.0,0.7142857142857143,0.6363636363636364,0.25,0.5,0.25,0.0,0.0,0.34375,0.0,0.07142857142857142,0.5714285714285714,0.0,0.0975609756097561,1.0,0.08823529411764706,0.38636363636363635,0.05263157894736842,0.5,0.5,0.21052631578947367,0.0,0.5714285714285714,0.75,0.25,0.6,0.045454545454545456,0.125,0.625,0.0,0.75,0.06666666666666667,0.5,0.8028169014084507,0.0,0.5555555555555556,0.8181818181818182,0.38461538461538464,0.9629629629629629,0.5454545454545454,0.5,0.6666666666666666,0.4642857142857143,0.6666666666666666,0.15384615384615385,0.0,0.5,0.0,0.45454545454545453,0.0,0.3333333333333333,0.7647058823529411,0.0,0.4166666666666667,0.2,0.0,0.23076923076923078,0.47368421052631576,0.0,0.14285714285714285,0.35714285714285715,0.2222222222222222,0.5217391304347826,0.5333333333333333,0.3333333333333333,0.3076923076923077,0.14285714285714285,0.0,0.6666666666666666,0.3333333333333333,0.0,0.09803921568627451,0.0,0.13333333333333333,1.0,0.3,0.6341463414634146,0.36363636363636365,0.3333333333333333,0.10714285714285714,0.5,0.125,0.5,0.5,0.0,0.0,0.0,0.0,0.1875,0.5,0.041666666666666664,0.21428571428571427,0.125,0.07142857142857142,0.0,0.038461538461538464,0.1590909090909091,0.12,0.0,0.5,0.18181818181818182,0.03571428571428571,0.5714285714285714,0.3333333333333333,0.16666666666666666,0.2222222222222222,1.0,0.6,0.0,0.0,0.0,0.3,0.5,0.3333333333333333,0.5,0.0,0.1,0.0,0.0,0.3333333333333333,0.0,0.0,0.16666666666666666,0.0,0.0,0.0,0.0,0.13043478260869565,0.4444444444444444,0.0,0.0,1.0,1.0,0.6,0.5,0.0,0.5,0.0,0.3333333333333333,0.1,0.25,0.13333333333333333,0.3333333333333333,0.3333333333333333,0.2857142857142857,0.2,0.14285714285714285,0.5714285714285714
CGT,0.0,0.6666666666666666,0.5,0.0,0.0,0.0,0.0,0.0,0.0,0.5833333333333334,0.0,0.625,1.0,0.5,0.625,0.6,0.14285714285714285,0.3333333333333333,0.0,0.0,0.0,0.0,0.5,0.5,0.6666666666666666,0.0,0.0,0.0,1.0,0.0,0.0,0.4,0.0,0.0,1.0,0.0,1.0,1.0,0.0,0.0,0.0,0.0,1.0,0.0,0.14285714285714285,0.45454545454545453,0.16666666666666666,0.3333333333333333,0.9,0.08333333333333333,0.0,0.75,0.6666666666666666,0.5,0.3333333333333333,0.3333333333333333,1.0,0.0,0.0,0.5,0.5,0.0,0.14285714285714285,0.0,0.375,0.14285714285714285,0.0,0.8,0.0,0.0,0.6666666666666666,0.2,0.7142857142857143,0.0,0.5454545454545454,0.0,0.4,0.17647058823529413,0.0,0.14285714285714285,1.0,0.0,0.3333333333333333,0.2222222222222222,0.5,0.6666666666666666,1.0,0.3333333333333333,0.6875,0.7272727272727273,0.25,0.0,0.0,0.75,0.5555555555555556,0.4,0.0,0.2727272727272727,0.0,0.0,0.0,0.5,0.2857142857142857,0.4,0.0,0.5,0.0,0.5,0.5555555555555556,0.0,0.0,0.0,0.2,0.3333333333333333,0.3,0.16666666666666666,0.0,0.16666666666666666,1.0,0.4,0.5,0.0,0.0,0.0,0.0,0.0,0.0,1.0,0.0,0.3076923076923077,0.0,0.0,0.9,0.0,0.3333333333333333,0.0,1.0,0.8,0.0,1.0,0.0,0.0,0.46153846153846156,0.4444444444444444,0.5,0.0,0.8,0.0,0.3333333333333333,0.8,0.0,0.0,1.0,0.6666666666666666,0.8947368421052632,0.2727272727272727,0.4,0.3333333333333333,0.5,0.0,0.45454545454545453,1.0,0.0,0.46153846153846156,0.2857142857142857,0.6666666666666666,0.0,0.5555555555555556,0.42857142857142855,0.1,0.8333333333333334,0.4,0.5,0.7142857142857143,0.6666666666666666,0.625,0.6363636363636364,0.7,1.0,0.0,0.125,0.0,0.8,0.1111111111111111,0.0,0.4,0.6666666666666666,0.26666666666666666,0.42857142857142855,0.3870967741935484,0.7142857142857143,0.5,0.0,0.18181818181818182,0.6451612903225806,0.1111111111111111,0.3333333333333333,0.5,0.0,0.2,0.4444444444444444,0.0,0.6,1.0,0.7142857142857143,0.0,0.5,0.0,0.0,0.25,0.0,0.0,0.0,0.0,0.0,0.75,0.0,0.0,0.0,0.0,0.75,0.1,0.6,0.0,0.8571428571428571,0.42857142857142855,0.6666666666666666,0.6666666666666666,0.75,0.8571428571428571,0.0,0.16666666666666666,0.5,0.0,0.5,1.0,0.75,0.4,0.5,1.0,0.16666666666666666,0.14285714285714285,0.0,0.375,0.2,0.7142857142857143,0.5555555555555556,0.8888888888888888,0.0,0.4,0.5555555555555556,0.8,1.0,0.3333333333333333,0.5,0.0,0.0,1.0,0.4,0.0,0.2,0.8333333333333334,0.6666666666666666,0.6666666666666666,1.0,0.7,0.5714285714285714,0.1111111111111111,0.2857142857142857,0.6,0.42857142857142855,0.5,0.5384615384615384,0.8,0.25,0.2857142857142857,0.0,0.16666666666666666,0.5714285714285714,0.0,0.6666666666666666,0.6,0.6,0.3333333333333333,0.0,0.6428571428571429,0.5714285714285714,0.4375,1.0,0.9285714285714286,0.3333333333333333,0.5555555555555556,0.5652173913043478,0.7777777777777778,0.4,0.3333333333333333,0.5555555555555556,0.8571428571428571,0.75,0.0,0.125,0.5,0.4,0.6666666666666666,0.0,0.0,0.2,0.23076923076923078,0.5,0.5,0.0,0.8888888888888888,0.5,0.23529411764705882,0.36363636363636365,0.5555555555555556,0.3333333333333333,0.7142857142857143,0.4444444444444444,0.25,0.4444444444444444,0.125,0.6666666666666666,0.0,0.7142857142857143,0.3333333333333333,0.5,0.1,0.0,0.3333333333333333,0.5,0.2,0.6428571428571429,0.4444444444444444,0.2857142857142857,0.0,0.0,0.0,0.0,0.42857142857142855,0.5,0.0,0.25,0.25,0.2,0.2,0.2222222222222222,0.375,0.0,0.6666666666666666,0.5,0.3684210526315789,0.75,0.14285714285714285,0.08333333333333333,0.0,1.0,0.8571428571428571,1.0,0.0,0.0,0.0,0.5,0.0,0.0,0.0,0.0,0.0,0.0,0.5,1.0,0.0,1.0,0.0,0.14285714285714285,0.3333333333333333,0.0,0.0,0.14285714285714285,0.0,0.0,0.0,1.0,0.5833333333333334,0.0,0.8181818181818182,0.0,0.0,0.0,0.5,0.2,0.0,0.0,0.5,0.2,0.6666666666666666,0.0,1.0
CTA,0.25,0.0,0.6666666666666666,0.0,0.25,0.16666666666666666,0.0,0.2857142857142857,0.16666666666666666,0.36363636363636365,0.0,1.0,0.5,0.0,0.5555555555555556,0.5,0.25,0.4,0.5,0.0,1.0,0.0,0.0,0.0,1.0,0.0,0.0,0.0,0.0,1.0,0.0,0.0,0.0,1.0,0.0,0.0,0.0,0.0,0.0,0.0,0.0,0.0,0.0,0.8333333333333334,0.0,0.0,0.0,0.25,0.6666666666666666,0.3333333333333333,0.0,0.0,0.0,0.0,0.6,0.3333333333333333,1.0,0.5,0.0,0.0,0.25,0.0,0.0,1.0,0.5,0.0,0.0,0.3333333333333333,0.5714285714285714,0.6,1.0,1.0,1.0,0.0,0.5,0.5555555555555556,0.0,0.3333333333333333,0.0,1.0,0.0,0.5,0.6,0.6,0.0,0.25,0.0,0.0,0.0,0.5,0.0,0.0,0.375,1.0,0.0,0.8,0.6666666666666666,0.16666666666666666,0.0,0.0,0.0,0.0,0.0,0.0,0.2,0.2,0.0,0.45454545454545453,1.0,0.25,0.5,0.0,0.0,0.0,0.6428571428571429,0.16666666666666666,0.0,1.0,0.0,0.0,0.0,0.0,1.0,0.0,0.0,0.0,0.0,0.0,1.0,0.0,0.0,1.0,0.5714285714285714,0.0,0.0,0.0,0.0,0.0,0.0,0.0,0.3333333333333333,0.0,0.5,0.3333333333333333,0.25,0.2857142857142857,0.0,0.0,0.8571428571428571,0.0,0.0,0.3333333333333333,1.0,0.5,0.0,0.3333333333333333,0.0,0.3333333333333333,1.0,0.5384615384615384,0.6,0.0,0.875,0.2,0.75,1.0,0.6666666666666666,0.7,0.8333333333333334,0.0,0.25,0.75,0.0,0.5,0.3333333333333333,0.2,0.4,0.5555555555555556,0.0,0.42857142857142855,0.5555555555555556,0.0,0.3333333333333333,0.0,0.7142857142857143,0.0,0.0,0.3333333333333333,0.6470588235294118,0.5,0.0,0.7142857142857143,0.0,0.0,0.46153846153846156,0.0,0.0,0.6363636363636364,0.0,0.0,0.0,0.0,0.0,0.0,1.0,0.0,0.0,0.6666666666666666,0.8,0.0,0.0,0.0,1.0,0.0,0.6666666666666666,0.5,0.0,0.0,0.0,0.0,0.0,0.875,1.0,0.0,0.3333333333333333,1.0,0.75,0.4,1.0,0.4,1.0,0.0,0.75,0.0,0.0,0.0,1.0,1.0,0.5,0.0,0.3333333333333333,0.5555555555555556,0.0,0.2857142857142857,0.0,0.0,0.0,0.3333333333333333,0.0,0.0,0.0,1.0,0.8,0.3333333333333333,0.0,0.0,0.0,1.0,0.25,0.0,0.0,0.6666666666666666,0.0,0.3333333333333333,0.3333333333333333,0.75,0.0,1.0,0.0,1.0,0.0,0.0,0.0,0.3333333333333333,0.0,0.0,0.0,0.0,0.75,0.0,0.3333333333333333,0.5,0.5,0.5,0.6666666666666666,0.5,0.6666666666666666,0.42857142857142855,0.5,0.6,0.0,1.0,0.9230769230769231,1.0,0.0,1.0,0.0,1.0,0.75,0.0,0.0,0.4,1.0,0.2,0.0,0.6,0.25,0.7,0.6666666666666666,0.0,0.6666666666666666,0.2222222222222222,0.7058823529411765,0.3333333333333333,0.5,1.0,1.0,0.0,0.2222222222222222,1.0,0.0,0.0,0.0,0.0,0.0,0.25,0.5,0.5,0.0,1.0,0.25,0.0,1.0,0.3333333333333333,0.0,0.0,0.0,1.0,0.25,0.0,0.6666666666666666,0.0,0.0,0.2,0.0,0.18181818181818182,0.8,0.5,0.3333333333333333,0.5,0.0,0.6666666666666666,1.0,0.8181818181818182,0.3333333333333333,0.3076923076923077,1.0,0.0,0.0,0.0,0.0,0.0,0.8333333333333334,0.6666666666666666,0.0,0.0,0.0,0.0,0.0,0.5,0.0,0.0,0.0,0.0,1.0,0.0,0.0,0.0,0.2857142857142857,0.0,0.3333333333333333,0.0,0.0,0.0,0.0,0.0,0.0,0.0,0.0,0.6666666666666666,0.0,0.0,0.0,0.3333333333333333,0.6666666666666666,0.6666666666666666,0.0,0.0
CTC,0.0,0.0,0.5,0.3333333333333333,0.875,0.125,0.0,0.1111111111111111,0.8181818181818182,0.3333333333333333,0.5,1.0,0.2,1.0,0.6666666666666666,0.75,0.5,0.125,0.0,0.3333333333333333,1.0,0.0,1.0,0.0,1.0,0.0,0.0,0.0,0.0,0.3333333333333333,0.0,0.0,0.0,0.0,0.0,0.0,0.0,0.0,0.0,0.0,0.25,0.0,0.0,0.0,0.6,0.6,0.0,0.8333333333333334,0.16666666666666666,0.0,0.3333333333333333,0.3333333333333333,0.6666666666666666,1.0,0.6,0.8888888888888888,0.3333333333333333,0.16666666666666666,0.0,0.0,0.14285714285714285,0.3333333333333333,0.0,0.5,0.16666666666666666,0.3333333333333333,0.0,0.2857142857142857,0.3333333333333333,0.3333333333333333,1.0,0.0,0.8,0.0,0.5,0.0,1.0,0.3333333333333333,0.0,0.5,0.0,0.5,0.6,0.4,0.5,0.3333333333333333,0.6666666666666666,0.5,0.6666666666666666,0.6666666666666666,0.0,0.0,0.0,1.0,0.5,0.25,0.5714285714285714,0.8888888888888888,0.0,0.2857142857142857,0.0,0.0,1.0,0.6,0.6,0.2222222222222222,0.3333333333333333,0.4,0.5454545454545454,0.2857142857142857,0.0,0.0,0.5,1.0,0.6,0.3333333333333333,0.4,0.0,0.0,0.5,0.6,0.0,0.0,1.0,0.0,0.0,0.0,0.5,1.0,0.0,0.0,0.6,0.0,0.0,1.0,0.5,1.0,0.5,0.0,0.0,0.4,0.5,0.0,0.3,0.5454545454545454,0.3333333333333333,0.0,0.6666666666666666,0.5,0.8333333333333334,0.0,0.25,0.0,1.0,0.4,0.16666666666666666,0.5,0.0,1.0,0.7777777777777778,0.2727272727272727,0.25,0.6666666666666666,0.5,1.0,0.75,1.0,0.3,0.631578947368421,0.6666666666666666,1.0,0.75,0.125,0.8,0.2857142857142857,0.16666666666666666,0.5,0.0,1.0,0.3333333333333333,0.5714285714285714,0.0,0.6666666666666666,0.1111111111111111,0.25,0.2222222222222222,0.4,0.5,0.68,0.45454545454545453,0.5,0.4,0.3333333333333333,0.0,0.3333333333333333,0.0,0.25,0.4375,0.0,0.5,0.6,0.0,0.0,0.5,1.0,0.0,1.0,0.25,0.5,0.5,0.0,0.0,0.5,0.0,0.5,0.6666666666666666,0.0,0.0,0.0,0.0,0.0,0.25,1.0,0.2,0.8333333333333334,0.5,1.0,0.6,1.0,0.6666666666666666,0.0,1.0,1.0,0.6666666666666666,0.0,0.0,0.0,0.3333333333333333,0.5,0.0,0.0,0.3333333333333333,0.0,0.6666666666666666,0.2857142857142857,0.0,0.6666666666666666,0.4,0.0,0.8571428571428571,0.16666666666666666,1.0,0.75,0.8,1.0,0.25,0.0,0.0,0.9,0.0,0.3333333333333333,0.8,0.0,0.7142857142857143,0.0,0.3333333333333333,0.5,0.0,1.0,1.0,1.0,0.5,0.6666666666666666,0.3333333333333333,0.0,1.0,0.0,1.0,1.0,0.0,0.2857142857142857,0.75,0.3333333333333333,0.4,0.0,0.25,0.5714285714285714,0.75,1.0,0.8333333333333334,0.2,0.3,0.6,0.5714285714285714,0.0,0.4444444444444444,0.0,0.6,0.0,0.0,0.8181818181818182,0.5,0.6,1.0,0.0,0.0,0.3333333333333333,0.4375,0.14285714285714285,0.0,0.0,1.0,0.7142857142857143,0.1,0.75,0.4,0.0,0.0,0.5714285714285714,0.4,0.8333333333333334,0.14285714285714285,0.0,0.0,0.3333333333333333,0.6,0.6666666666666666,0.1111111111111111,1.0,0.5,0.3333333333333333,1.0,0.6666666666666666,0.6666666666666666,0.25,0.0,0.0,1.0,0.3333333333333333,0.0,0.5555555555555556,0.0,0.25,0.0,1.0,0.42857142857142855,1.0,0.5454545454545454,0.0,0.0,0.0,0.8,0.625,0.4166666666666667,0.0,0.0,0.3333333333333333,1.0,0.5,0.0,0.0,0.0,0.5,0.0,0.0,0.0,0.0,0.0,0.0,0.0,0.0,0.0,0.0,0.0,0.0,1.0,0.0,0.0,0.8333333333333334,0.0,0.3333333333333333,0.0,0.5,0.6666666666666666,0.0,1.0,0.3333333333333333,0.6666666666666666,0.0,0.5,1.0,0.0,0.0,0.16666666666666666,0.5,0.3333333333333333,0.0,0.0
CTG,0.0,0.0,1.0,0.25,0.3333333333333333,0.5714285714285714,0.0,0.25,0.5,0.2,0.2857142857142857,0.8333333333333334,0.42857142857142855,0.3333333333333333,0.4666666666666667,0.13636363636363635,0.25,0.38461538461538464,0.0,0.5,0.3333333333333333,0.0,0.0,0.25,0.0,0.0,0.0,0.0,0.6666666666666666,0.0,0.0,0.0,0.0,0.0,0.3333333333333333,0.5,0.0,0.0,0.0,0.0,0.2,0.0,0.3333333333333333,0.0,0.2857142857142857,0.16666666666666666,0.0,0.42857142857142855,0.6,0.5,0.0,0.6,0.0,0.25,0.5,0.5714285714285714,0.2857142857142857,0.1,0.0,0.0,0.25,0.0,0.4,0.75,1.0,0.4,0.0,0.5,0.8333333333333334,0.7142857142857143,0.5714285714285714,0.6666666666666666,0.6666666666666666,0.5,0.7857142857142857,0.0,0.3333333333333333,0.4,0.2857142857142857,0.3333333333333333,0.5,0.75,0.25,0.2,0.0,0.0,0.0,0.0,1.0,0.0,0.0,1.0,1.0,0.25,0.8888888888888888,0.75,0.3076923076923077,0.0,0.0,0.2,0.0,0.0,0.0,0.375,0.5833333333333334,0.125,0.0,0.14285714285714285,0.5384615384615384,0.23076923076923078,0.3333333333333333,0.3333333333333333,0.2,0.6666666666666666,0.5,0.2857142857142857,0.3333333333333333,0.75,1.0,0.5555555555555556,0.0,0.0,0.0,0.0,0.0,1.0,0.0,0.0,0.0,0.0,0.0,0.0,0.5,0.0,0.0,0.5,0.0,0.6666666666666666,0.16666666666666666,0.0,0.0,0.0,0.5,0.5714285714285714,0.0,0.375,0.4166666666666667,0.25,0.4,0.5,0.75,0.5,0.16666666666666666,0.3333333333333333,0.375,0.1875,0.3333333333333333,0.19230769230769232,0.5,0.3333333333333333,0.46153846153846156,0.3333333333333333,0.5,0.4,0.3333333333333333,0.3333333333333333,1.0,0.6,0.5555555555555556,0.4,0.0,0.16666666666666666,0.5555555555555556,0.75,0.375,0.5,0.25,0.3333333333333333,1.0,0.6666666666666666,0.6666666666666666,0.0,0.25,0.25,0.6666666666666666,0.4,0.5,0.0,0.45454545454545453,0.46153846153846156,0.0,0.8,0.0,1.0,0.5714285714285714,0.25,0.4,0.45454545454545453,0.0,0.16666666666666666,0.16666666666666666,0.0,1.0,0.5,0.6,0.25,0.0,0.3333333333333333,0.25,0.8571428571428571,0.0,0.0,0.6666666666666666,0.0,0.0,1.0,0.0,0.5,0.0,0.0,1.0,0.6666666666666666,0.3333333333333333,0.75,1.0,0.6666666666666666,0.5,0.3333333333333333,0.7142857142857143,0.5,0.7142857142857143,0.0,0.8333333333333334,0.3333333333333333,0.0,0.0,0.5,0.0,0.5,0.0,0.0,0.6666666666666666,0.2,0.0,0.0,0.5,0.5714285714285714,0.25,0.0,0.8,0.8,0.75,1.0,0.5555555555555556,0.0,0.5833333333333334,0.0,0.14285714285714285,0.6666666666666666,0.0,1.0,0.8333333333333334,0.2,0.25,0.0,0.5,0.75,0.0,0.0,0.0,0.6,0.6666666666666666,0.75,0.6428571428571429,0.0,0.6,0.0,0.5,0.4444444444444444,0.0,0.3333333333333333,0.8,0.14285714285714285,0.5,0.0,0.7777777777777778,0.8571428571428571,0.6,0.0,0.9090909090909091,0.7142857142857143,0.7727272727272727,0.6976744186046512,0.5,0.3333333333333333,0.0,0.5,0.625,0.5,0.0,0.125,0.3333333333333333,0.5,0.3076923076923077,1.0,0.3333333333333333,0.3333333333333333,0.3,0.6666666666666666,0.5,0.4444444444444444,0.6,0.5714285714285714,0.4,0.18181818181818182,0.5882352941176471,0.0,0.35294117647058826,0.1,0.2,0.3333333333333333,0.0,0.3333333333333333,0.25,1.0,0.25,0.6,0.1111111111111111,1.0,0.2857142857142857,0.0,0.0,0.8181818181818182,0.125,0.0,0.14285714285714285,0.0,0.2222222222222222,0.375,0.75,0.1,0.42857142857142855,0.0,0.6,0.0,0.42857142857142855,0.3333333333333333,0.46153846153846156,0.3333333333333333,0.375,0.16666666666666666,0.125,0.7,0.5,0.15789473684210525,0.09090909090909091,0.0,0.0,0.0,0.0,0.0,0.0,0.0,0.5714285714285714,0.0,0.3333333333333333,0.0,0.0,0.0,0.0,0.0,0.0,0.8571428571428571,0.0,0.0,0.18181818181818182,0.0,0.0,0.5,0.0,0.2857142857142857,0.6666666666666666,0.5,0.0,0.0,0.2222222222222222,1.0,0.125,1.0,0.3333333333333333,0.0,0.3333333333333333,0.5,0.5294117647058824,0.2,0.4,0.0,0.0
CTT,0.7380952380952381,0.3333333333333333,0.6666666666666666,0.6197183098591549,0.0,0.2,0.9594594594594594,0.2978723404255319,0.6666666666666666,0.6125,1.0,0.7142857142857143,1.0,0.4583333333333333,0.7631578947368421,0.8055555555555556,0.0625,0.6388888888888888,0.7714285714285715,0.0,0.0,0.0,0.6666666666666666,1.0,0.0,0.0,0.0,0.0,0.5,0.3333333333333333,0.0,1.0,0.0,0.0,0.8,0.0,1.0,1.0,0.0,0.0,0.5,0.0,0.1111111111111111,0.5,0.0,0.8620689655172413,0.0,0.7878787878787878,0.5,0.05,1.0,1.0,0.125,0.0,0.7142857142857143,0.35135135135135137,0.42857142857142855,0.045454545454545456,0.0,0.0,0.7619047619047619,0.0,0.25,0.2727272727272727,0.5952380952380952,0.0,0.0,0.5952380952380952,0.030303030303030304,0.51,1.0,0.7857142857142857,0.46153846153846156,0.04,0.5,0.9242424242424242,0.3103448275862069,0.49056603773584906,0.14285714285714285,0.48148148148148145,0.06666666666666667,0.0,0.3333333333333333,0.6666666666666666,0.0,0.6666666666666666,1.0,0.3333333333333333,0.64,0.1111111111111111,0.0,0.6,0.5,0.08333333333333333,0.1875,0.3333333333333333,0.0,0.6153846153846154,0.0,0.0,0.8780487804878049,1.0,0.0,0.42857142857142855,0.0,0.07142857142857142,0.0,0.6944444444444444,0.6625,0.0,0.0,1.0,0.0,0.6901408450704225,0.4,0.0,0.6764705882352942,0.0,0.0,0.17647058823529413,0.0,0.0,0.0,0.0,0.0,0.07692307692307693,0.0,1.0,1.0,0.3333333333333333,0.0,0.6666666666666666,0.07692307692307693,0.0,1.0,1.0,0.8,0.375,0.25,0.0,0.625,0.0,0.16666666666666666,0.1111111111111111,0.125,0.2,0.2857142857142857,0.5217391304347826,0.47619047619047616,0.0,0.0,0.0,0.37735849056603776,0.6416666666666667,0.5,0.75,0.2631578947368421,0.0,0.07142857142857142,0.5967741935483871,0.7,1.0,0.11363636363636363,0.16666666666666666,0.7142857142857143,0.32142857142857145,1.0,0.5,0.2564102564102564,0.612565445026178,0.0,0.0,0.0,0.7564102564102564,0.07407407407407407,0.6363636363636364,0.6122448979591837,0.4117647058823529,0.18181818181818182,0.631578947368421,0.3076923076923077,0.0,0.5,0.6,0.0,0.5434782608695652,0.08333333333333333,0.5333333333333333,0.14285714285714285,0.5681818181818182,0.0,0.6981132075471698,0.3770491803278688,0.5319148936170213,0.65,0.6341463414634146,0.475,0.5772357723577236,0.25,0.23076923076923078,0.0,0.0,0.14285714285714285,0.0,0.0,0.0,0.0,0.3333333333333333,0.7272727272727273,0.0,0.0,0.0,0.0,0.0,0.9428571428571428,1.0,0.5,0.0,1.0,0.0,0.6666666666666666,0.5625,1.0,0.25,1.0,0.0,0.0,0.058823529411764705,1.0,0.0,0.0,0.6153846153846154,0.765625,0.7272727272727273,0.5405405405405406,0.0,0.8888888888888888,0.0,0.5581395348837209,0.0,0.0,0.0,0.5333333333333333,0.5357142857142857,0.0,0.24489795918367346,0.5111111111111111,0.43103448275862066,0.0,0.5,0.631578947368421,0.25,0.5,0.1,0.0,0.09090909090909091,0.0,0.0,0.5903614457831325,0.0,0.0,0.75,0.3333333333333333,0.6805555555555556,0.0,0.8360655737704918,0.660377358490566,0.47115384615384615,0.0,0.0,0.03571428571428571,0.0,0.25,0.0,0.5,0.0,0.5454545454545454,0.5,0.6666666666666666,1.0,0.6,0.4461538461538462,0.75,0.8571428571428571,1.0,0.2857142857142857,0.25,0.5454545454545454,0.8888888888888888,0.2,0.5714285714285714,0.5370370370370371,0.6190476190476191,0.6666666666666666,0.0,0.4,0.2857142857142857,0.2857142857142857,0.125,0.0,1.0,0.9591836734693877,0.5,0.1,0.0,0.09523809523809523,0.7105263157894737,0.75,0.4,1.0,0.0,0.935064935064935,0.5,0.36363636363636365,0.3333333333333333,0.5555555555555556,0.0,0.5,0.16666666666666666,0.0,0.7647058823529411,0.6459627329192547,0.2222222222222222,0.8928571428571429,0.4,0.0,0.6,0.5,0.0,0.5428571428571428,0.4067796610169492,0.0,0.7142857142857143,0.14285714285714285,0.5434782608695652,0.625,0.0,0.8928571428571429,0.0,0.75,0.6346153846153846,0.6666666666666666,0.2727272727272727,0.78125,0.0,0.5526315789473685,0.6101694915254238,0.4,0.5,0.7191011235955056,0.8055555555555556,0.03225806451612903,0.6578947368421053,0.6363636363636364,0.6111111111111112,0.5833333333333334,0.5,0.038461538461538464,1.0,0.0,0.0,0.34782608695652173,1.0,0.14285714285714285,0.0,0.08695652173913043,0.0,0.0,0.0,0.5,0.0,0.696969696969697,0.09090909090909091,0.0,0.34285714285714286,0.896551724137931,0.041666666666666664,0.3181818181818182,0.7142857142857143,0.5,0.125,0.0,0.09090909090909091,0.0,0.0,0.16666666666666666,0.0,0.09090909090909091,0.0,0.0,0.0,0.5684210526315789,0.375,0.3,0.0,0.42105263157894735,0.575,0.0
GAA,0.52,0.25,0.36363636363636365,0.06818181818181818,0.0,0.391304347826087,0.7777777777777778,0.07407407407407407,0.375,0.28,0.0,0.18181818181818182,0.3333333333333333,0.2777777777777778,0.9111111111111111,0.574468085106383,0.0,0.07142857142857142,0.0,0.0,0.6,0.0,0.6666666666666666,0.5,0.5,0.3333333333333333,0.5,0.0,0.4,0.0,0.0,0.0,0.0,0.0,0.625,0.4,0.0,0.0,0.0,0.8,0.4444444444444444,0.0,0.2857142857142857,0.5,0.2222222222222222,0.2222222222222222,1.0,0.25,0.12,0.1111111111111111,0.3333333333333333,0.7142857142857143,0.36363636363636365,0.375,0.6428571428571429,0.1875,0.5263157894736842,0.16666666666666666,1.0,0.8,0.5,0.3333333333333333,0.125,0.2857142857142857,0.9642857142857143,0.7857142857142857,0.0,0.1111111111111111,0.21212121212121213,0.2972972972972973,0.4,0.0,0.375,0.42105263157894735,0.6666666666666666,0.6363636363636364,0.6410256410256411,0.625,0.6756756756756757,0.0,0.0,1.0,0.75,0.5555555555555556,0.5,0.0,0.75,0.0,0.2,0.16666666666666666,0.0,0.3333333333333333,0.8125,0.08333333333333333,0.37037037037037035,0.3333333333333333,0.17391304347826086,0.7647058823529411,0.7619047619047619,0.6818181818181818,0.7575757575757576,0.0,0.4,0.16666666666666666,0.8461538461538461,0.0,0.25,0.225,0.2,0.14285714285714285,0.07142857142857142,0.6666666666666666,0.2777777777777778,0.08571428571428572,0.6666666666666666,0.35294117647058826,0.5428571428571428,0.2,0.0,0.625,0.42857142857142855,0.0,0.3333333333333333,0.0,0.3333333333333333,0.5,0.0,0.3333333333333333,1.0,0.4444444444444444,0.0,0.3333333333333333,0.2,0.0,0.5,0.5,0.0,0.6666666666666666,1.0,1.0,0.0,0.25,0.4444444444444444,0.48,0.125,0.14285714285714285,0.8,0.125,0.16666666666666666,0.1875,0.0,0.1111111111111111,0.12903225806451613,0.5617977528089888,0.21428571428571427,0.6842105263157895,0.23076923076923078,0.15384615384615385,0.0,0.2777777777777778,0.38461538461538464,0.42857142857142855,0.3448275862068966,0.717948717948718,0.1111111111111111,0.2857142857142857,0.3333333333333333,0.41304347826086957,0.34146341463414637,0.23529411764705882,0.0,0.6538461538461539,0.4444444444444444,0.5686274509803921,0.9411764705882353,0.05,0.3023255813953488,0.6041666666666666,0.3333333333333333,0.625,0.391304347826087,0.0,0.25,0.24,0.5,0.14285714285714285,0.3076923076923077,0.0,0.3023255813953488,0.8035714285714286,0.0,0.36363636363636365,0.15625,0.11764705882352941,0.8529411764705882,0.25,0.23809523809523808,0.057692307692307696,0.0,0.6818181818181818,0.0,0.0,0.03571428571428571,0.5,0.6666666666666666,0.2,0.0,0.3333333333333333,0.5,0.0,0.0,0.0,0.5,1.0,0.7,0.0,0.0,0.0,0.0,0.6666666666666666,0.0,0.0,0.0,0.0,0.0,0.0,0.5789473684210527,0.13793103448275862,0.8333333333333334,0.2,0.25,0.0625,0.10714285714285714,0.21428571428571427,0.5428571428571428,0.1111111111111111,0.2857142857142857,0.4,0.25,0.0,0.5,0.06666666666666667,0.2222222222222222,0.075,0.09090909090909091,0.6136363636363636,0.5892857142857143,0.12121212121212122,0.0,0.3333333333333333,0.07142857142857142,0.1,0.8333333333333334,0.21052631578947367,0.6,0.21212121212121213,0.0,0.5714285714285714,0.19444444444444445,0.0,0.5,0.0,0.8,0.2545454545454545,0.0,0.05,0.7096774193548387,0.041666666666666664,0.15384615384615385,0.0,0.2903225806451613,0.0,1.0,0.55,0.6666666666666666,0.16666666666666666,0.2692307692307692,0.0,0.4166666666666667,0.0,0.75,0.5625,0.125,0.85,0.0,0.4,0.3939393939393939,0.4117647058823529,0.8571428571428571,0.6,0.5,0.6896551724137931,0.918918918918919,0.8260869565217391,0.8928571428571429,0.375,0.2727272727272727,0.4444444444444444,0.8461538461538461,0.3333333333333333,0.2,0.75,0.782608695652174,0.6851851851851852,0.2857142857142857,0.52,0.42857142857142855,0.2,0.5,0.4,0.4,0.0,0.3888888888888889,0.7307692307692307,0.875,0.4375,0.35294117647058826,0.8571428571428571,0.13333333333333333,0.45454545454545453,0.5,0.16666666666666666,0.2857142857142857,0.18518518518518517,0.75,0.05555555555555555,0.5365853658536586,0.4375,0.0,0.08571428571428572,0.034482758620689655,0.0,0.6,0.8,0.35294117647058826,0.3333333333333333,0.48333333333333334,0.4583333333333333,0.2857142857142857,0.42857142857142855,0.14285714285714285,0.45,0.2608695652173913,0.18181818181818182,0.0,0.21212121212121213,0.4722222222222222,0.12903225806451613,0.0,0.6585365853658537,0.08333333333333333,0.5869565217391305,0.14285714285714285,0.6666666666666666,0.11764705882352941,0.5,0.0,0.2,0.0,0.0,0.0,0.717391304347826,1.0,0.07142857142857142,0.8333333333333334,0.14285714285714285,0.3333333333333333,0.0,0.0,1.0,0.4375,0.16666666666666666,0.4444444444444444,1.0,0.0,0.25,0.0,0.0,0.4375,0.0,0.5,0.07692307692307693,0.15384615384615385,0.5714285714285714,0.0,0.65,0.8181818181818182,0.2222222222222222,0.0,0.0,0.2,0.0,0.8571428571428571,0.9166666666666666,0.2,0.2,0.5185185185185185,0.48
GAC,0.3333333333333333,0.0,0.4,0.5,0.5,0.6666666666666666,0.0,0.14285714285714285,0.1,0.2727272727272727,0.0,0.6,0.5,0.6666666666666666,1.0,0.4375,0.2,0.3333333333333333,1.0,0.3333333333333333,0.8333333333333334,0.875,0.5,0.25,1.0,0.0,0.4,1.0,0.5714285714285714,0.25,0.0,0.0,0.25,0.6666666666666666,0.5,0.0,0.375,0.0,0.0,0.7777777777777778,0.125,0.0,0.2,0.0,0.0,0.42105263157894735,1.0,0.5714285714285714,0.7142857142857143,0.09090909090909091,0.5,0.375,0.6363636363636364,0.0,0.7272727272727273,0.4375,0.25,0.5,0.0,0.6,0.25,0.25,0.2857142857142857,0.6363636363636364,0.3333333333333333,0.21428571428571427,0.0,0.2,0.1111111111111111,0.1875,0.5,0.6,0.75,0.0,0.5333333333333333,0.16666666666666666,0.625,0.3333333333333333,0.6666666666666666,0.0,0.0,0.6666666666666666,0.47368421052631576,0.16666666666666666,0.7777777777777778,0.6666666666666666,0.6666666666666666,0.0,0.6666666666666666,0.5,0.0,0.8571428571428571,0.125,0.6666666666666666,0.6,0.4166666666666667,0.375,0.3333333333333333,0.0,0.625,0.5454545454545454,0.4,0.1,0.2857142857142857,0.5333333333333333,0.25,0.16666666666666666,0.16666666666666666,0.3333333333333333,0.7142857142857143,0.4,0.14285714285714285,0.16666666666666666,0.0,0.45454545454545453,0.2857142857142857,0.5,0.0,0.6666666666666666,0.5555555555555556,0.6,0.0,1.0,0.0,0.0,0.2,0.5,0.0,1.0,0.08333333333333333,0.0,0.25,0.8,0.3333333333333333,0.0,0.375,0.0,0.75,0.5,0.0,0.25,0.0,0.5333333333333333,0.45454545454545453,0.6666666666666666,0.5,0.16666666666666666,0.07692307692307693,0.0,0.7058823529411765,0.0,0.42857142857142855,0.16666666666666666,0.3333333333333333,0.782608695652174,0.35294117647058826,0.375,0.3125,1.0,0.3076923076923077,0.5714285714285714,0.7,0.5,0.08333333333333333,0.6666666666666666,0.25,0.5714285714285714,0.625,0.6842105263157895,0.375,1.0,0.3333333333333333,0.4444444444444444,0.6,0.2857142857142857,0.5,0.4444444444444444,0.4444444444444444,0.0,0.46153846153846156,0.125,0.25,0.2222222222222222,0.3333333333333333,0.8,0.4,0.375,0.2857142857142857,0.5294117647058824,0.5263157894736842,0.6842105263157895,0.3333333333333333,0.5,0.4,0.7083333333333334,0.0,0.0,0.08333333333333333,0.0,0.16666666666666666,0.2,0.0,1.0,0.0,1.0,1.0,0.0,0.0,0.45454545454545453,0.75,0.0,0.5,1.0,0.0,1.0,0.3333333333333333,1.0,0.0,0.0,0.5,0.5,0.0,0.625,0.0,0.7272727272727273,0.0,0.4375,0.45,1.0,0.5333333333333333,0.4,0.0,0.7142857142857143,0.42857142857142855,0.4,0.5,0.3333333333333333,0.2857142857142857,0.2,0.0,0.2727272727272727,0.46153846153846156,0.0,1.0,0.0,0.6,0.8333333333333334,0.6428571428571429,0.0,0.25,0.4666666666666667,1.0,0.6666666666666666,0.3333333333333333,0.0,0.42857142857142855,0.0,0.4166666666666667,0.7692307692307693,0.0,0.0,0.5,0.0,0.7272727272727273,0.0,0.6,0.0,0.0,1.0,0.7,0.0,0.3333333333333333,1.0,0.4,0.0,0.0,0.0,0.1111111111111111,0.16666666666666666,0.0,0.45454545454545453,0.625,0.6666666666666666,0.4444444444444444,0.0,0.8333333333333334,0.8571428571428571,0.46153846153846156,0.6666666666666666,1.0,0.5,0.5454545454545454,0.6551724137931034,0.8333333333333334,0.7,0.85,0.8,0.8,0.6666666666666666,0.0,0.2,0.6666666666666666,0.5714285714285714,0.35714285714285715,0.5,0.5714285714285714,0.6666666666666666,0.21428571428571427,0.5,0.5294117647058824,0.3125,0.6923076923076923,0.5454545454545454,0.4166666666666667,0.5714285714285714,0.6428571428571429,0.2857142857142857,0.4444444444444444,0.3,0.75,0.8,0.2,0.3333333333333333,0.2,1.0,0.6,0.7777777777777778,0.14285714285714285,0.5,0.0,0.25,0.0,0.8181818181818182,0.75,0.0,0.0,0.0,0.14285714285714285,0.4,0.3333333333333333,0.5714285714285714,0.375,0.6666666666666666,0.0,0.0,0.16666666666666666,0.2222222222222222,0.125,0.0,0.5384615384615384,0.8333333333333334,0.5,0.5,0.375,0.5,0.7,0.0,0.5,0.0,0.0,0.0,0.8333333333333334,0.0,0.6,0.0,0.0,0.0,1.0,0.0,0.5,0.0,0.0,0.5,0.0,0.16666666666666666,0.42857142857142855,0.0,0.5,0.3333333333333333,0.0,0.5555555555555556,0.6666666666666666,0.6666666666666666,0.25,0.0,0.6666666666666666,0.6666666666666666,0.21428571428571427,0.0,0.375,0.0,0.125,0.3,0.6666666666666666,0.75,0.5,1.0,0.375
GAG,0.5789473684210527,0.4,0.4,0.4444444444444444,0.4,0.5,0.0,0.2,0.2727272727272727,0.37142857142857144,0.4,0.2857142857142857,0.2,0.6666666666666666,0.8333333333333334,0.3333333333333333,0.125,0.2,0.0,0.5,0.0,0.8571428571428571,0.0,0.7142857142857143,0.0,0.4,0.0,0.6666666666666666,0.0,0.0,0.0,0.0,0.5,0.6666666666666666,0.7857142857142857,0.18181818181818182,0.25,0.0,0.0,0.8,0.35714285714285715,0.0,0.6666666666666666,0.0,0.16666666666666666,0.9,1.0,0.3333333333333333,1.0,0.5,0.3333333333333333,0.0,0.5454545454545454,0.0,0.2,0.3333333333333333,0.3333333333333333,0.16666666666666666,0.0,0.5,0.1111111111111111,0.2857142857142857,0.0,0.47058823529411764,0.25,0.3076923076923077,0.0,0.5,0.7333333333333333,0.25,0.4375,0.6666666666666666,0.16666666666666666,0.6363636363636364,0.5714285714285714,0.09090909090909091,0.3076923076923077,0.5,0.0,0.5,0.0,0.0,0.7,0.6923076923076923,0.75,0.0,0.14285714285714285,0.2,0.6666666666666666,0.0,0.625,0.8461538461538461,0.2,0.3333333333333333,0.5333333333333333,0.2,0.2857142857142857,0.0,0.5,0.5882352941176471,0.5833333333333334,0.5714285714285714,0.6666666666666666,0.6666666666666666,0.45454545454545453,0.3333333333333333,0.25,0.4666666666666667,0.8333333333333334,0.7142857142857143,0.4,0.0,0.6666666666666666,0.7037037037037037,0.5,0.22727272727272727,0.23809523809523808,0.3076923076923077,1.0,0.5,0.0,0.2222222222222222,0.0,0.25,0.0,0.3333333333333333,0.0,1.0,0.25,0.23076923076923078,0.0,0.7142857142857143,0.25,0.0,0.0,0.6666666666666666,0.0,0.5714285714285714,1.0,0.0,0.2,0.0,0.4166666666666667,0.6538461538461539,0.6,0.42105263157894735,0.3333333333333333,0.21052631578947367,0.5263157894736842,0.4827586206896552,0.5,0.2857142857142857,0.16666666666666666,1.0,0.7272727272727273,0.11764705882352941,0.16666666666666666,0.36363636363636365,0.0,0.2222222222222222,0.6428571428571429,0.5714285714285714,0.3,0.1,0.0,0.5,1.0,0.5,0.3888888888888889,0.7058823529411765,0.0,0.7894736842105263,0.8846153846153846,0.4444444444444444,0.8823529411764706,0.29411764705882354,0.7,0.35714285714285715,0.6666666666666666,0.75,0.7222222222222222,0.6666666666666666,0.2727272727272727,0.35294117647058826,0.631578947368421,0.09090909090909091,0.35294117647058826,0.2222222222222222,0.5135135135135135,0.631578947368421,0.75,0.6363636363636364,0.2,0.16666666666666666,0.5769230769230769,0.25,0.4782608695652174,0.3333333333333333,0.0,0.5454545454545454,1.0,0.0,0.0,0.3333333333333333,0.7142857142857143,0.25,0.0,0.5,0.5,0.0,0.0,0.0,1.0,0.0,0.8,0.0,0.0,0.3333333333333333,0.6666666666666666,0.0,0.0,0.18181818181818182,0.6666666666666666,0.16666666666666666,0.0,0.5555555555555556,0.84,0.23076923076923078,0.7,0.25,0.5,0.8333333333333334,0.625,0.1111111111111111,0.14285714285714285,0.25,0.0,0.6666666666666666,1.0,0.0,0.0,0.0,0.0,0.7142857142857143,0.0,0.6,0.7083333333333334,0.26666666666666666,0.0,0.0,0.0,0.3333333333333333,0.42857142857142855,0.8,0.6666666666666666,0.3333333333333333,0.0,0.29411764705882354,0.37037037037037035,0.0,0.15384615384615385,0.0,0.6666666666666666,0.2222222222222222,0.0,0.16666666666666666,0.6363636363636364,0.0,0.0,0.0,0.7,0.0,0.75,0.42857142857142855,0.6,0.4444444444444444,1.0,0.5,0.5294117647058824,0.5714285714285714,0.4666666666666667,0.5714285714285714,0.4444444444444444,0.5,0.3333333333333333,0.4666666666666667,0.631578947368421,0.5263157894736842,0.0,0.6153846153846154,0.09090909090909091,0.7647058823529411,0.5172413793103449,0.42857142857142855,0.75,0.8181818181818182,1.0,0.5,0.07692307692307693,0.25,0.0,0.25,0.5217391304347826,0.2777777777777778,0.0,0.3,0.7777777777777778,0.21052631578947367,0.0,0.2,0.2727272727272727,0.5,0.19047619047619047,0.75,0.3333333333333333,0.3125,0.2857142857142857,0.3333333333333333,0.5714285714285714,0.38461538461538464,0.4,0.125,0.16666666666666666,0.2222222222222222,0.3333333333333333,0.6875,0.4,0.6,0.0,0.9285714285714286,0.0,0.0,0.6521739130434783,0.7777777777777778,0.5,0.3333333333333333,0.0,0.07692307692307693,0.21052631578947367,0.25,0.8333333333333334,0.38461538461538464,0.0,0.5882352941176471,0.0,0.4,0.46153846153846156,0.07142857142857142,0.5,0.6190476190476191,0.5555555555555556,0.5,0.6,0.14285714285714285,0.3181818181818182,0.6666666666666666,1.0,0.0,0.0,0.0,0.0,0.5,0.0,0.0,0.6666666666666666,0.0,0.0,1.0,0.0,0.9230769230769231,0.0,0.0,0.42857142857142855,0.4,0.0,0.3333333333333333,0.0,0.0,0.7,0.0,0.5,0.6,0.8,0.42857142857142855,0.5,0.5,0.625,0.0,0.0,0.6666666666666666,0.8333333333333334,0.0,0.2,0.2727272727272727,0.16666666666666666,0.2857142857142857,0.8333333333333334,0.42857142857142855
GAT,0.5789473684210527,0.6666666666666666,0.46153846153846156,0.25,0.5,0.8,0.0,0.42857142857142855,0.5,0.5294117647058824,0.2,0.36363636363636365,0.7777777777777778,0.6666666666666666,0.7857142857142857,0.6153846153846154,0.5,0.375,1.0,0.4,0.0,1.0,0.0,0.25,1.0,0.3333333333333333,0.0,1.0,0.0,0.0,0.0,0.0,0.0,0.0,0.0,0.2,0.5,0.0,0.0,1.0,0.5,0.3333333333333333,0.75,0.25,0.3333333333333333,0.6666666666666666,0.0,0.25,0.5714285714285714,0.6666666666666666,0.5,0.5,0.6666666666666666,0.0,0.3333333333333333,0.0,0.75,0.375,0.0,0.0,0.3333333333333333,0.0,1.0,0.5,0.0,0.5454545454545454,0.0,1.0,0.7777777777777778,0.5,0.3333333333333333,0.5,1.0,0.0,0.5384615384615384,0.3333333333333333,0.5454545454545454,0.5555555555555556,0.0,0.25,0.0,0.2,0.6,0.5714285714285714,0.0,0.25,0.0,0.0,0.14285714285714285,0.0,0.0,0.8,0.0,0.75,0.75,0.0,0.7272727272727273,0.0,0.0,0.5,0.42857142857142855,0.0,0.3333333333333333,0.5714285714285714,0.5625,0.6666666666666666,0.6666666666666666,0.4166666666666667,1.0,0.3125,0.8571428571428571,0.6,0.75,0.625,0.6363636363636364,0.7692307692307693,0.5,0.47058823529411764,0.0,0.8,0.0,0.0,0.0,0.0,0.0,1.0,0.0,0.3333333333333333,0.0,0.3333333333333333,0.0,0.0,0.75,0.0,0.0,0.5,0.0,0.0,1.0,0.0,0.4,0.0,0.3333333333333333,0.5,0.2222222222222222,0.7222222222222222,1.0,0.5,0.6666666666666666,0.3333333333333333,1.0,0.6666666666666666,0.25,0.6666666666666666,0.5,0.5,0.0,0.25,0.5,0.6666666666666666,0.6818181818181818,1.0,0.5555555555555556,0.5454545454545454,0.0,1.0,0.75,0.6666666666666666,0.6,0.42857142857142855,0.6666666666666666,0.5454545454545454,0.6153846153846154,0.5714285714285714,0.75,0.5714285714285714,0.5,0.8888888888888888,0.0,0.8,0.875,0.5,0.3,0.75,0.3333333333333333,0.2222222222222222,0.0,0.14285714285714285,0.35,0.6363636363636364,0.5,0.7058823529411765,1.0,0.8333333333333334,0.6666666666666666,0.3333333333333333,0.6666666666666666,0.9166666666666666,0.0,0.0,0.5,0.0,1.0,0.6,0.8,0.6666666666666666,0.0,0.8571428571428571,0.6,0.75,0.0,0.0,0.875,0.16666666666666666,1.0,0.0,0.5,0.2,0.0,0.0,1.0,0.8888888888888888,0.3333333333333333,0.0,0.3333333333333333,0.3333333333333333,0.375,0.5333333333333333,0.8,1.0,0.8333333333333334,0.0,0.42857142857142855,0.6666666666666666,0.42857142857142855,0.3333333333333333,0.5,0.0,0.7777777777777778,0.0,0.3333333333333333,0.8571428571428571,0.0,1.0,0.0,0.6,0.5,0.6,1.0,0.375,1.0,0.75,0.6923076923076923,0.42857142857142855,0.0,0.6666666666666666,0.0,0.625,0.9230769230769231,0.0,0.0,0.6666666666666666,1.0,0.38461538461538464,0.6666666666666666,0.5,0.25,0.42857142857142855,0.0,0.6666666666666666,1.0,0.0,0.75,0.2857142857142857,0.6666666666666666,1.0,0.0,1.0,0.9,1.0,0.5555555555555556,0.7142857142857143,0.2857142857142857,0.6153846153846154,0.5,0.75,1.0,0.5,0.5,0.875,0.2857142857142857,0.5,0.8235294117647058,0.8,0.5,0.6666666666666666,0.6,0.5,0.2857142857142857,1.0,0.0,0.3333333333333333,0.4,0.4666666666666667,0.0,0.5714285714285714,0.75,0.4166666666666667,0.42857142857142855,0.2222222222222222,0.5384615384615384,0.5,0.6666666666666666,0.375,0.2857142857142857,0.8333333333333334,0.5,0.4,0.8421052631578947,1.0,0.2,0.3333333333333333,0.5,0.5333333333333333,0.0,0.4444444444444444,1.0,0.2222222222222222,0.6666666666666666,0.3333333333333333,0.0,0.6666666666666666,0.8333333333333334,0.5,0.0,0.6,0.0,0.0,0.8125,0.0,0.0,0.4166666666666667,0.0,0.7272727272727273,0.0,0.2,0.8333333333333334,0.35,0.5714285714285714,0.6666666666666666,0.6666666666666666,0.2,1.0,1.0,0.875,0.875,0.0,1.0,0.0,0.0,0.0,0.0,1.0,0.0,0.0,0.0,0.0,0.0,0.0,0.0,0.0,0.0,1.0,0.0,0.0,1.0,0.0,0.6666666666666666,0.625,0.0,0.5714285714285714,1.0,0.75,0.0,0.0,0.5,1.0,0.6666666666666666,0.0,0.0,1.0,0.0,0.6666666666666666,0.0,0.6666666666666666,0.5,0.0,0.5
GCA,0.5952380952380952,0.25,0.09090909090909091,0.07692307692307693,0.7142857142857143,0.5,0.8571428571428571,0.4666666666666667,0.47058823529411764,0.5614035087719298,0.25,0.8666666666666667,0.0,0.8787878787878788,0.5217391304347826,0.15625,0.5454545454545454,0.0,0.0,0.0,0.1111111111111111,0.0,0.0,0.0,0.0,0.2,0.6666666666666666,1.0,0.6666666666666666,0.0,0.0,0.0,0.0,0.0,0.6666666666666666,0.16666666666666666,0.0,0.0,0.0,0.25,0.0,0.0,0.0,0.6666666666666666,0.14285714285714285,0.6206896551724138,0.0,0.41025641025641024,0.75,0.125,0.0,0.25,0.1,0.0,0.1111111111111111,0.47058823529411764,0.4166666666666667,0.0,1.0,0.375,0.6153846153846154,0.0,0.5,0.0,0.9615384615384616,0.4444444444444444,0.0,0.0,0.41379310344827586,0.7682926829268293,0.8571428571428571,0.0,0.1111111111111111,0.21428571428571427,0.375,0.7368421052631579,0.4262295081967213,0.21212121212121213,0.0,0.8064516129032258,0.0,0.6666666666666666,0.2857142857142857,0.42857142857142855,1.0,0.0,0.5,1.0,0.3225806451612903,0.0,0.3333333333333333,0.4,0.0,0.6666666666666666,0.6153846153846154,0.0,0.0,0.9166666666666666,0.0,0.25925925925925924,0.75,0.25,0.6666666666666666,0.2,0.23529411764705882,0.09090909090909091,0.0,0.45454545454545453,0.4146341463414634,0.42857142857142855,0.0,0.13333333333333333,0.0,0.1951219512195122,0.5,0.23076923076923078,0.0,0.46153846153846156,0.5,0.6,0.0,0.0,1.0,0.0,0.0,0.0,0.0,0.0,0.0,0.6363636363636364,1.0,0.6666666666666666,0.0,0.0,0.0,0.0,0.9354838709677419,0.0,0.0,0.0,0.1875,0.0,0.2222222222222222,0.8333333333333334,0.6875,0.1875,0.2857142857142857,0.9272727272727272,0.2,0.7727272727272727,0.0,0.7777777777777778,0.0,0.5795454545454546,0.6153846153846154,0.0,0.0,0.0,0.0,0.391304347826087,0.2,0.6666666666666666,0.46153846153846156,0.05263157894736842,0.0,0.14285714285714285,0.0,0.48484848484848486,0.4,0.38028169014084506,0.75,0.4117647058823529,0.5,0.5192307692307693,0.125,0.84375,0.7037037037037037,0.06976744186046512,1.0,0.3,0.23529411764705882,1.0,0.38461538461538464,0.11627906976744186,0.6190476190476191,0.8928571428571429,0.6363636363636364,0.06666666666666667,0.4117647058823529,0.36,0.5833333333333334,0.38095238095238093,0.0,0.6842105263157895,0.4074074074074074,0.0,0.3888888888888889,0.5737704918032787,0.0,0.4,0.3333333333333333,0.0,0.5714285714285714,0.0,1.0,0.5,0.0,0.0,0.42857142857142855,0.0,0.0,0.5,0.0,1.0,0.9428571428571428,0.75,0.0,1.0,0.0,0.6,0.6571428571428571,0.4583333333333333,0.2857142857142857,0.42857142857142855,0.5555555555555556,0.1,0.1111111111111111,0.5416666666666666,0.0,1.0,0.0,0.9375,0.9259259259259259,0.8421052631578947,0.9215686274509803,0.5,0.09090909090909091,0.0,0.25,0.0,0.8571428571428571,0.2727272727272727,0.4166666666666667,0.1111111111111111,0.0,0.1111111111111111,0.1111111111111111,0.5689655172413793,1.0,0.625,0.5581395348837209,0.6666666666666666,0.42857142857142855,0.0,1.0,0.0,0.0,0.7692307692307693,0.9418604651162791,0.0,0.0,0.5555555555555556,0.0,0.26666666666666666,0.0,0.8095238095238095,0.4642857142857143,0.034482758620689655,0.0,0.25,0.9142857142857143,0.0,0.75,0.1111111111111111,0.5,0.1111111111111111,0.0,0.90625,0.08333333333333333,0.0,0.5,0.6842105263157895,0.0,0.82,0.3333333333333333,0.5333333333333333,0.6923076923076923,0.45454545454545453,0.9629629629629629,0.9,0.7333333333333333,0.25,0.8,0.45,0.6666666666666666,0.8,0.0,1.0,0.38095238095238093,0.14285714285714285,0.5555555555555556,0.9622641509433962,0.25,0.3409090909090909,1.0,0.125,0.13043478260869565,0.4583333333333333,0.0,0.3333333333333333,0.8333333333333334,0.7,0.36666666666666664,0.15789473684210525,0.38461538461538464,0.13333333333333333,0.0,0.375,0.0,0.0,0.38095238095238093,0.46601941747572817,0.07142857142857142,0.17647058823529413,0.0,0.5,0.6666666666666666,0.25,0.5,0.8674698795180723,0.7647058823529411,0.0,0.5294117647058824,0.6,0.6190476190476191,0.09090909090909091,0.0,0.0,0.18181818181818182,0.0,0.07692307692307693,0.5714285714285714,0.0,0.19047619047619047,0.5555555555555556,0.17142857142857143,0.43103448275862066,0.5,0.0,0.5921052631578947,0.0,0.08333333333333333,0.23529411764705882,0.6666666666666666,0.45454545454545453,0.3,0.0,0.21739130434782608,0.0,0.0,0.0,0.12,0.0,0.375,0.0,0.0,0.5,1.0,0.0,0.0,0.0,0.9230769230769231,0.0,0.0,0.0,0.0,0.0,0.0,0.7209302325581395,0.0,1.0,0.0,1.0,0.7777777777777778,0.0,0.38461538461538464,0.14285714285714285,0.1,1.0,0.3333333333333333,0.0,0.16,0.8,0.6538461538461539,0.375,0.1111111111111111,0.75,0.0
GCC,0.0,0.6,0.0,0.125,0.5,0.4,0.0,0.7857142857142857,0.42857142857142855,0.2727272727272727,0.0,0.42857142857142855,0.2727272727272727,0.3333333333333333,0.5,0.3181818181818182,0.3333333333333333,0.2857142857142857,0.0,0.6363636363636364,0.0,0.0,0.0,0.0,1.0,0.3333333333333333,0.0,0.6666666666666666,0.25,0.6666666666666666,0.0,0.0,0.0,0.0,0.0,0.0,0.25,0.0,0.0,0.0,0.5454545454545454,0.0,1.0,0.8,0.8695652173913043,0.4444444444444444,0.0,0.2727272727272727,0.08333333333333333,0.46153846153846156,1.0,0.6666666666666666,0.2,0.0,0.5,0.2222222222222222,0.3,0.625,0.0,0.0,0.0,0.0,0.25,0.09090909090909091,1.0,0.25,1.0,0.2,0.2222222222222222,0.5,0.8,0.6,0.23076923076923078,1.0,0.375,0.25,0.4666666666666667,0.34615384615384615,0.0,0.5,0.8571428571428571,0.2,0.5454545454545454,0.6666666666666666,1.0,0.0,0.5,0.5,0.0,0.25,0.0,0.0,1.0,0.7857142857142857,0.7857142857142857,0.6923076923076923,0.8461538461538461,0.4375,1.0,0.2222222222222222,0.0,0.0,0.8,0.0,0.42857142857142855,0.0,0.3333333333333333,0.5172413793103449,0.4,0.14285714285714285,0.0,0.0,0.8,0.0,0.8571428571428571,0.5263157894736842,0.125,0.4,0.75,0.7142857142857143,0.3333333333333333,0.3333333333333333,0.5,0.0,0.0,0.0,1.0,1.0,0.0,0.0,0.0,1.0,0.4,0.25,0.6666666666666666,0.0,0.16666666666666666,0.0,0.0,0.0,0.0,0.0,0.7142857142857143,0.35714285714285715,0.4375,0.3076923076923077,0.0,0.0,0.5357142857142857,0.0,0.0,0.25,0.4782608695652174,0.2857142857142857,0.625,0.09090909090909091,0.0,0.3684210526315789,1.0,0.23076923076923078,0.6923076923076923,1.0,0.47058823529411764,0.14285714285714285,0.5,0.5,0.5714285714285714,0.26666666666666666,0.6666666666666666,0.36363636363636365,1.0,0.14285714285714285,0.5,0.4827586206896552,0.5625,0.2,0.2857142857142857,0.9,0.6666666666666666,0.3,0.3076923076923077,0.0,0.38461538461538464,0.75,0.6,0.5833333333333334,0.0,0.15384615384615385,0.4482758620689655,0.1111111111111111,0.5,0.6923076923076923,0.375,0.0,0.3076923076923077,0.4,0.25,0.42105263157894735,0.0,0.3333333333333333,0.4,0.0,1.0,0.5714285714285714,0.0,1.0,0.0,0.0,0.2857142857142857,0.0,0.0,0.0,0.75,0.0,0.2857142857142857,0.8,0.8571428571428571,0.0,0.5,0.0,0.0,0.7,0.5833333333333334,0.2,0.0,0.3333333333333333,0.42857142857142855,0.46153846153846156,0.6666666666666666,0.5833333333333334,0.5714285714285714,0.0,0.8,0.375,0.8333333333333334,0.75,1.0,0.0,0.5454545454545454,0.0,0.14285714285714285,0.38095238095238093,0.1,0.6153846153846154,0.8888888888888888,0.1111111111111111,0.36363636363636365,0.75,0.6666666666666666,0.5,0.2,0.5384615384615384,1.0,0.42857142857142855,0.5,0.5294117647058824,1.0,0.7142857142857143,0.5714285714285714,0.0,1.0,0.4,0.0,0.5833333333333334,0.14285714285714285,0.4166666666666667,0.1,0.5,0.0,0.3333333333333333,0.5,0.0,0.5,0.8181818181818182,0.0,0.5,1.0,0.8125,0.5,0.0,0.6666666666666666,0.7142857142857143,0.5384615384615384,0.4166666666666667,0.0,0.3333333333333333,0.8461538461538461,0.45,0.4,0.6923076923076923,1.0,0.6666666666666666,1.0,0.8823529411764706,0.6666666666666666,0.0,0.5,0.7857142857142857,0.2857142857142857,0.5,0.0,0.3333333333333333,0.6666666666666666,0.3,0.0,0.0,0.15384615384615385,0.6,0.9,0.3333333333333333,0.7857142857142857,0.3888888888888889,0.7407407407407407,0.5652173913043478,0.3333333333333333,0.4166666666666667,0.0,0.5,0.3076923076923077,0.5,0.25,0.0,1.0,0.0,0.6666666666666666,0.5,0.5714285714285714,0.5555555555555556,0.0,0.6,0.7222222222222222,0.7,0.5,0.4,0.3333333333333333,0.07692307692307693,0.0,0.0,0.15384615384615385,0.0,0.6153846153846154,0.125,0.5555555555555556,0.35714285714285715,0.0,0.2631578947368421,0.65,0.5789473684210527,0.3333333333333333,0.25,0.3333333333333333,0.625,0.5454545454545454,0.6666666666666666,0.07142857142857142,0.3076923076923077,0.5,0.0,0.75,1.0,0.0,0.75,1.0,0.0,0.0,0.5,0.8571428571428571,0.0,1.0,0.0,0.9,0.0,1.0,0.0,0.0,0.4,0.0,0.0,0.0,0.0,0.2,0.6,0.8888888888888888,0.0,0.5,0.3333333333333333,0.0,0.3333333333333333,0.8571428571428571,0.8333333333333334,0.5,0.5454545454545454,0.8,0.6,0.5,0.4,0.0,0.0
GCG,0.0,0.25,0.0,0.0,0.0,0.2,0.5,0.0,0.0,0.15384615384615385,0.3333333333333333,0.25,0.3333333333333333,0.3333333333333333,0.2857142857142857,0.4444444444444444,0.1,0.8,0.0,0.0,0.0,0.0,1.0,0.25,0.0,0.0,0.0,0.0,0.0,1.0,0.0,0.5,0.0,0.0,0.6666666666666666,0.5,0.0,0.0,0.0,0.0,0.0,0.0,0.6666666666666666,0.3333333333333333,0.0,0.4,0.0,0.5,0.75,0.5,0.0,0.3333333333333333,1.0,0.0,0.13333333333333333,0.3333333333333333,0.0,1.0,0.0,0.0,0.0,0.0,0.3333333333333333,0.0,0.5,0.23076923076923078,0.0,0.0,0.4,0.14285714285714285,0.3333333333333333,0.0,0.5,0.6666666666666666,0.2,0.16666666666666666,0.16666666666666666,0.3333333333333333,0.125,0.2,0.25,0.0,0.0,0.16666666666666666,0.0,0.0,0.0,0.3333333333333333,0.6666666666666666,0.0,0.0,0.0,0.0,0.0,0.75,0.5,0.1111111111111111,0.1,0.0,0.5714285714285714,0.0,0.0,0.2,0.6666666666666666,0.75,0.1,0.0,0.1,0.3333333333333333,0.17391304347826086,0.0,0.5,0.0,0.3333333333333333,0.6153846153846154,0.38461538461538464,0.16666666666666666,0.5,0.0,0.9333333333333333,0.0,0.4,0.6666666666666666,0.0,0.0,0.0,0.0,0.0,0.0,0.0,0.0,0.6666666666666666,0.5,0.0,0.3333333333333333,0.6666666666666666,0.0,0.2,0.5,1.0,0.2857142857142857,0.0,0.6,0.25,0.3333333333333333,0.16666666666666666,0.0,0.3333333333333333,0.38461538461538464,0.5,0.0,0.0,0.0,0.0,0.6,0.5581395348837209,0.0,0.25,0.5,0.8666666666666667,0.25,0.0,0.09090909090909091,0.5,0.3333333333333333,0.07692307692307693,0.5,0.45454545454545453,0.2,0.5714285714285714,0.0,0.125,0.5,0.3333333333333333,0.8333333333333334,0.4444444444444444,0.5384615384615384,0.5714285714285714,1.0,0.375,0.375,1.0,0.0,0.0,0.0,0.14285714285714285,0.6666666666666666,0.0,0.43478260869565216,0.14285714285714285,0.0,0.42857142857142855,0.16666666666666666,0.25,0.42857142857142855,0.3076923076923077,0.4166666666666667,0.1111111111111111,0.0,0.5,0.0,0.0,0.3333333333333333,0.5,0.0,0.0,0.0,0.0,0.6666666666666666,0.0,0.0,0.0,0.3333333333333333,0.0,0.0,1.0,0.0,0.0,0.0,0.0,1.0,0.14285714285714285,0.375,0.0,1.0,0.5,0.5,0.2,0.5,0.5,0.0,0.75,0.4,0.3333333333333333,0.1,0.0,0.6666666666666666,0.0,0.0,0.0,0.0,0.0,0.0,0.16666666666666666,0.3333333333333333,0.75,0.3,0.6666666666666666,0.0,1.0,0.0,0.6,0.25,0.0,0.6,0.3333333333333333,0.0,0.8125,0.3333333333333333,0.0,0.6666666666666666,0.42857142857142855,0.6666666666666666,0.46153846153846156,0.5,0.3333333333333333,0.6,0.0,0.0,0.6666666666666666,0.6666666666666666,0.0,0.5,0.8235294117647058,0.8,0.5714285714285714,1.0,1.0,0.5454545454545454,0.0,0.75,0.25,0.38461538461538464,0.6521739130434783,0.0,0.5,0.5625,0.2,0.4,0.25,0.25,0.6666666666666666,0.7884615384615384,0.7209302325581395,0.2,0.0,0.5,0.6666666666666666,0.6410256410256411,0.0,0.2,0.75,0.7,0.6382978723404256,0.3333333333333333,0.9166666666666666,0.09090909090909091,0.7894736842105263,1.0,0.2857142857142857,0.6,0.6153846153846154,0.6071428571428571,0.74,0.46153846153846156,0.55,0.0,0.96,0.0,0.25,0.4,0.0,0.0,0.3333333333333333,0.0,0.11764705882352941,0.46153846153846156,0.45454545454545453,0.0,0.3333333333333333,0.5,0.0,0.5,0.1111111111111111,0.25,0.0,0.0,0.0,0.5217391304347826,1.0,0.0,0.3157894736842105,0.1111111111111111,0.0,0.25,0.18181818181818182,0.25,0.4444444444444444,0.0,0.8,0.1111111111111111,0.18181818181818182,0.2857142857142857,0.5909090909090909,0.2,0.4,1.0,0.0,0.0,0.0,0.0,0.0,0.5,0.1111111111111111,0.0,0.3333333333333333,0.0,1.0,0.0,1.0,0.5,0.0,0.0,0.5,1.0,0.14285714285714285,0.0,1.0,0.09090909090909091,0.0,0.2,0.0,0.6666666666666666,0.6666666666666666,0.0,0.4444444444444444,0.0,0.0,0.0,0.5,0.25,0.0,0.8,0.9285714285714286,0.2,0.25,0.0,0.07142857142857142
GCT,0.1,0.0,0.0,0.65,0.4,0.25,0.8333333333333334,1.0,0.25,0.5510204081632653,0.5,0.5,0.5,1.0,0.25,0.23076923076923078,0.1111111111111111,0.1111111111111111,0.9230769230769231,0.0,0.0,0.0,0.0,0.0,0.0,0.5,0.0,0.0,1.0,0.0,0.0,0.0,0.0,0.0,0.0,0.0,0.0,0.0,0.0,0.0,0.0,0.0,0.4,0.0,0.07692307692307693,0.8260869565217391,0.0,0.6,0.2222222222222222,0.5,1.0,0.8333333333333334,0.2,0.0,0.36363636363636365,0.41935483870967744,0.16666666666666666,0.125,0.0,0.0,0.09090909090909091,0.0,0.3333333333333333,0.0,0.9259259259259259,0.1,0.0,0.6046511627906976,0.13636363636363635,0.7368421052631579,0.0,0.42857142857142855,0.7428571428571429,0.05263157894736842,0.8461538461538461,0.7307692307692307,0.05555555555555555,0.10526315789473684,0.75,0.8,0.0,0.5,0.5,0.0,1.0,0.0,1.0,0.5,0.96,0.75,0.0,0.0,0.0,1.0,0.38461538461538464,0.3333333333333333,0.5714285714285714,0.8275862068965517,0.0,0.08333333333333333,0.7692307692307693,0.0,0.0,0.0,0.5555555555555556,0.0,0.0,0.6428571428571429,0.18421052631578946,0.0,0.2857142857142857,0.0,0.0,0.07142857142857142,0.14814814814814814,0.2,0.08333333333333333,0.5,0.0,0.06666666666666667,0.0,0.3333333333333333,1.0,0.5,0.0,0.0,1.0,0.0,1.0,0.0,0.0,0.6,0.0,0.0,0.0,0.6,1.0,0.6666666666666666,0.0,0.0,0.7837837837837838,0.0,0.0,0.5,0.0,0.3333333333333333,0.6,0.8387096774193549,0.16666666666666666,0.15384615384615385,1.0,0.0,0.05555555555555555,0.6235294117647059,0.75,0.25,0.18181818181818182,0.12121212121212122,0.2,0.8421052631578947,0.25,0.0,0.5714285714285714,0.16216216216216217,1.0,0.3333333333333333,1.0,0.30434782608695654,0.2222222222222222,0.4444444444444444,0.0,0.375,0.125,0.5384615384615384,0.0,1.0,0.7027027027027027,0.06666666666666667,0.2222222222222222,0.0,0.3,0.0,0.75,0.16666666666666666,0.6,0.6666666666666666,0.0,0.6666666666666666,0.2,0.35555555555555557,0.0,0.3888888888888889,0.6388888888888888,0.7105263157894737,0.1875,0.0625,0.0,0.7205882352941176,0.6666666666666666,0.0,0.0,0.0,0.2,0.0,0.875,0.0,1.0,0.4,0.3333333333333333,1.0,0.0,0.0,0.75,0.0,0.9230769230769231,0.5,0.0,0.0,0.0,0.0,0.16666666666666666,1.0,0.0,0.5,1.0,0.3076923076923077,0.07142857142857142,0.2857142857142857,0.875,0.6666666666666666,0.8,0.96,0.7878787878787878,0.8421052631578947,0.7142857142857143,0.0,0.9642857142857143,1.0,0.9565217391304348,0.0,0.0,0.25,0.8888888888888888,0.0,0.5,0.4,0.78125,0.6046511627906976,0.0,1.0,0.9,0.75,1.0,0.5,0.0,0.4666666666666667,0.0,0.1111111111111111,0.88,0.0,0.04,0.9629629629629629,0.0,0.047619047619047616,1.0,0.967741935483871,0.6477272727272727,0.02631578947368421,0.0,1.0,0.4,0.0,0.6,0.8333333333333334,0.0,0.1111111111111111,0.0,0.8064516129032258,0.6666666666666666,0.0,0.5555555555555556,0.7297297297297297,0.5,0.5476190476190477,0.5,0.625,0.5555555555555556,0.375,0.0,0.7777777777777778,0.42857142857142855,0.23529411764705882,0.8076923076923077,0.4444444444444444,0.5,0.14285714285714285,0.6,0.8571428571428571,0.23076923076923078,0.0,0.5,0.8888888888888888,0.75,0.13333333333333333,0.0,0.0,0.1875,0.125,1.0,0.5,0.35714285714285715,1.0,0.5,0.6,0.16666666666666666,0.625,0.0,0.2222222222222222,0.2857142857142857,0.0,0.8125,0.43636363636363634,0.0,0.0,1.0,0.2,0.2413793103448276,0.2,0.0,0.7192982456140351,0.78125,0.2857142857142857,0.75,0.0,0.71875,0.0,0.0,0.2222222222222222,0.42857142857142855,0.4,0.5238095238095238,0.6,0.3333333333333333,0.3333333333333333,0.0,0.0,0.6610169491525424,0.3333333333333333,0.4444444444444444,0.7049180327868853,0.6896551724137931,0.043478260869565216,0.17647058823529413,0.4,0.6190476190476191,0.16666666666666666,0.5,0.0,0.9230769230769231,0.0,0.0,0.5714285714285714,0.5,0.0,0.0,0.13636363636363635,0.0,0.0,0.0,0.0,0.0,0.92,1.0,0.0,0.03571428571428571,0.8888888888888888,0.0,0.3333333333333333,0.625,0.0,0.4,1.0,1.0,0.0,0.0,0.36363636363636365,0.5,0.0,0.0,0.5714285714285714,0.1,0.6904761904761905,0.5,0.2857142857142857,0.0,0.05555555555555555,0.8846153846153846,0.0
GGA,0.5555555555555556,0.3333333333333333,0.18181818181818182,0.3333333333333333,0.2222222222222222,0.4,0.0,0.7857142857142857,0.5,0.3448275862068966,0.0,0.4166666666666667,0.6923076923076923,0.3333333333333333,0.8125,0.4583333333333333,0.46153846153846156,0.07692307692307693,0.5,0.6666666666666666,0.0,1.0,1.0,0.0,0.6666666666666666,0.5,0.75,1.0,0.0,0.14285714285714285,0.0,0.4,0.0,1.0,0.42857142857142855,0.0,0.0,0.0,0.0,0.6666666666666666,0.625,0.0,0.6,0.16666666666666666,0.6,0.5,0.25,0.08333333333333333,0.6666666666666666,0.6086956521739131,0.6666666666666666,0.2,0.625,0.6666666666666666,0.36363636363636365,0.38461538461538464,0.45454545454545453,0.45454545454545453,0.25,0.6666666666666666,0.0,0.5555555555555556,0.25,0.6,0.3333333333333333,0.45454545454545453,0.0,0.5,0.6,0.5,0.6,0.16666666666666666,0.25,0.4,0.55,0.09090909090909091,0.375,0.4444444444444444,0.0,0.6666666666666666,0.375,0.4,0.5833333333333334,0.5,0.6666666666666666,0.0,0.6666666666666666,0.0,0.16666666666666666,0.5,1.0,0.7777777777777778,0.0,0.42857142857142855,0.3333333333333333,0.5,0.625,0.2,0.3333333333333333,0.5,0.45454545454545453,0.0,0.6,0.6666666666666666,0.5833333333333334,0.4,0.25,0.4117647058823529,0.6,0.46153846153846156,0.5714285714285714,0.2,0.0,0.8214285714285714,0.5,0.5357142857142857,0.35294117647058826,0.3333333333333333,0.6666666666666666,0.3333333333333333,0.5,0.0,0.25,0.0,0.25,0.5,0.0,0.0,0.6,1.0,0.0,0.5,0.5714285714285714,0.5,0.0,0.5,0.0,0.5714285714285714,0.0,0.75,0.36363636363636365,1.0,0.3333333333333333,0.7894736842105263,0.23529411764705882,0.43478260869565216,0.4,0.4375,0.5652173913043478,0.3333333333333333,0.6666666666666666,0.42857142857142855,0.5,0.5,0.5333333333333333,0.3125,0.3333333333333333,0.56,0.0,0.5454545454545454,0.5416666666666666,0.5,0.30434782608695654,0.21428571428571427,0.25,0.7333333333333333,0.8333333333333334,0.5806451612903226,0.6666666666666666,0.5333333333333333,0.5454545454545454,0.3333333333333333,0.8125,0.6428571428571429,0.7272727272727273,0.23529411764705882,0.6666666666666666,0.47058823529411764,0.6666666666666666,0.6923076923076923,0.5,0.16666666666666666,0.38095238095238093,0.375,0.25,0.26666666666666666,0.5454545454545454,0.125,0.3333333333333333,0.475,0.3333333333333333,0.7142857142857143,0.3333333333333333,0.2727272727272727,0.47368421052631576,0.45454545454545453,0.35,0.47619047619047616,1.0,0.4444444444444444,0.6,0.0,1.0,1.0,0.5,0.75,0.0,0.6666666666666666,0.3333333333333333,1.0,0.0,1.0,1.0,0.0,0.6666666666666666,0.5,0.5,0.25,0.0,0.4,0.3333333333333333,0.6666666666666666,0.4,0.0,0.16666666666666666,0.6666666666666666,0.6666666666666666,0.44,0.8888888888888888,0.6470588235294118,0.625,0.6666666666666666,0.6923076923076923,0.3076923076923077,0.3333333333333333,0.6,0.5,0.3,0.6666666666666666,0.5,0.45454545454545453,0.5714285714285714,0.2727272727272727,0.3333333333333333,0.3333333333333333,0.45454545454545453,0.59375,0.38095238095238093,0.0,0.375,0.7777777777777778,0.5454545454545454,0.5294117647058824,0.65,0.5,0.3,0.0,0.4444444444444444,0.7894736842105263,0.0,0.0,0.4,0.4444444444444444,0.4,0.4,0.4,0.4,0.625,0.0,0.5,0.6,0.0,1.0,0.5,0.6,0.0,0.8888888888888888,0.7142857142857143,0.5833333333333334,0.0,0.6,0.6666666666666666,0.4,0.631578947368421,0.0,0.47058823529411764,0.7333333333333333,0.2222222222222222,0.3333333333333333,0.8125,0.375,0.85,0.8571428571428571,0.8,0.3,0.6470588235294118,0.6428571428571429,0.7142857142857143,0.2857142857142857,0.0,0.2,0.25,0.6666666666666666,0.4666666666666667,0.0,0.125,0.5625,0.5,0.4,0.36363636363636365,0.6428571428571429,0.375,0.38095238095238093,0.6666666666666666,0.6666666666666666,0.7,0.5,0.3333333333333333,0.48148148148148145,0.8,0.4,0.15384615384615385,0.5,0.1111111111111111,0.2,0.7333333333333333,0.5,0.375,0.0,0.7037037037037037,0.5454545454545454,0.25,0.75,0.38461538461538464,0.2222222222222222,0.4666666666666667,0.0,0.0,0.36363636363636365,0.0,0.5714285714285714,0.2777777777777778,0.5,0.375,0.0,0.42105263157894735,0.5,0.48,0.5294117647058824,0.6363636363636364,0.5833333333333334,0.4166666666666667,0.4117647058823529,0.4,0.5714285714285714,0.38095238095238093,0.0,0.6,0.6666666666666666,0.0,0.0,1.0,0.4,0.4444444444444444,1.0,0.5,0.8,0.0,1.0,0.9411764705882353,0.0,0.0,0.7142857142857143,0.0,0.6666666666666666,0.0,0.0,0.5,0.4,0.0,0.3076923076923077,0.75,0.8181818181818182,0.1111111111111111,0.5,0.42857142857142855,0.8333333333333334,0.2727272727272727,0.6666666666666666,0.45454545454545453,0.2,0.5,0.45454545454545453,0.18181818181818182,0.2777777777777778,0.6363636363636364,1.0,0.5
GGC,0.0,0.2,0.0,0.2,0.0,0.0,0.16666666666666666,0.75,0.14285714285714285,0.058823529411764705,0.0,0.4,0.2857142857142857,0.7142857142857143,0.3,0.5,0.0,0.0,0.0,0.6,0.5,0.0,1.0,0.25,0.0,1.0,1.0,0.5,1.0,0.0,0.0,0.0,0.0,0.0,0.5,1.0,0.5,0.0,0.0,0.0,0.23076923076923078,0.0,0.4444444444444444,0.0,0.5,0.16666666666666666,0.0,0.1875,0.4166666666666667,0.6,0.0,0.4,0.0,0.0,0.5,0.375,0.6666666666666666,0.5,0.4,0.0,0.0,0.0,0.2,0.0,0.3333333333333333,0.18181818181818182,0.0,0.0,0.4444444444444444,0.6,0.3333333333333333,0.2,0.1111111111111111,0.5714285714285714,0.7272727272727273,0.8,0.16666666666666666,0.4666666666666667,0.4,0.3333333333333333,0.6,0.6666666666666666,0.0,0.1111111111111111,0.0,0.0,1.0,0.0,0.0,0.42857142857142855,0.0,0.0,0.0,0.6,0.45454545454545453,0.45454545454545453,0.3333333333333333,0.2857142857142857,0.0,0.0,0.0,0.3333333333333333,0.3333333333333333,0.0,0.4666666666666667,0.0,0.0,0.375,0.5714285714285714,0.1111111111111111,0.0,0.0,0.14285714285714285,0.0,0.3333333333333333,0.3333333333333333,0.0,0.45454545454545453,1.0,0.875,0.0,0.0,0.5,0.0,0.0,0.3333333333333333,0.0,0.0,0.0,0.25,0.0,0.4,0.8571428571428571,1.0,0.5,0.5714285714285714,0.0,0.6,0.0,0.0,0.0,0.0,0.0,0.5714285714285714,0.5,0.4,0.375,0.0,0.7,0.2222222222222222,0.6666666666666666,0.375,0.375,0.5,0.14285714285714285,0.16666666666666666,0.0,0.36363636363636365,1.0,0.4117647058823529,0.29411764705882354,1.0,0.5,0.08333333333333333,0.0,0.5,0.7272727272727273,0.4583333333333333,0.6842105263157895,0.5652173913043478,0.0,0.375,0.3333333333333333,0.07142857142857142,0.16666666666666666,0.3333333333333333,0.2222222222222222,0.38461538461538464,0.875,0.4,0.625,0.75,0.25,0.3076923076923077,0.25,0.4,0.4444444444444444,0.0,0.35294117647058826,0.2692307692307692,0.3333333333333333,0.5833333333333334,0.5454545454545454,0.0,0.25,0.2857142857142857,0.25,0.5,1.0,0.6363636363636364,0.5,0.0,0.5714285714285714,0.3333333333333333,0.0,0.75,0.0,0.0,0.25,0.6666666666666666,0.0,1.0,0.25,0.0,1.0,0.0,1.0,0.0,0.0,0.3333333333333333,0.5,0.4444444444444444,0.4,0.6666666666666666,0.0,0.6,0.4444444444444444,0.21428571428571427,0.16666666666666666,0.6,0.18181818181818182,0.0,0.6666666666666666,0.4,0.5,0.0,1.0,0.0,0.6,0.0,0.75,0.5,0.2727272727272727,0.4444444444444444,0.75,0.375,0.42857142857142855,0.3333333333333333,1.0,0.5,0.8,0.375,1.0,0.0,0.5,0.25,0.0,0.16666666666666666,0.2222222222222222,0.0,0.14285714285714285,0.8333333333333334,0.3333333333333333,0.25,0.0,0.4,0.625,0.42857142857142855,0.0,0.2,0.8,0.0,0.75,1.0,0.6,0.0,0.0,0.8,0.0,0.0,0.125,0.8,0.6666666666666666,0.2727272727272727,0.0,0.5,0.9333333333333333,0.2222222222222222,0.125,0.8,0.25,0.6470588235294118,0.9,0.6,0.42857142857142855,0.0,0.2,0.6666666666666666,0.3333333333333333,0.3333333333333333,0.1111111111111111,0.14285714285714285,0.4,0.375,0.5,0.1111111111111111,0.36363636363636365,0.25,0.75,0.5714285714285714,0.4666666666666667,0.4444444444444444,0.5384615384615384,0.375,0.0,0.5,0.0,0.4,0.0,0.5,0.2857142857142857,0.0,0.0,0.0,0.0,0.5714285714285714,0.2857142857142857,0.5,1.0,0.25,0.5454545454545454,0.0,0.47058823529411764,0.14285714285714285,0.7777777777777778,0.5384615384615384,0.0,0.0,0.5,0.4,0.0,0.3125,0.16666666666666666,0.6153846153846154,0.16666666666666666,0.2,0.3,0.5625,0.42857142857142855,0.5,0.0,0.5,0.6363636363636364,0.16666666666666666,0.5,0.4,0.0,0.0,1.0,0.0,0.0,0.75,0.0,0.2857142857142857,1.0,0.6666666666666666,1.0,1.0,1.0,1.0,0.0,0.0,1.0,0.0,0.75,0.0,0.0,0.0,0.4,0.0,0.2222222222222222,1.0,1.0,0.0,0.0,0.15384615384615385,0.25,0.25,1.0,0.0,0.0,0.8,0.6666666666666666,0.625,0.3333333333333333,0.8,0.6666666666666666,0.14285714285714285
GGG,0.4166666666666667,0.05,0.3157894736842105,0.06870229007633588,0.03076923076923077,0.13043478260869565,0.0,0.6451612903225806,0.6470588235294118,0.5481927710843374,0.0,0.2222222222222222,0.5,0.2,0.7142857142857143,0.8680555555555556,0.0,0.0,0.0,0.8070175438596491,0.2857142857142857,1.0,0.2,0.0,0.0,0.125,0.7,0.3333333333333333,0.23076923076923078,0.0,0.0,0.0,0.0,0.0,0.38461538461538464,0.16666666666666666,0.05555555555555555,0.0,0.0,0.42857142857142855,0.39473684210526316,0.0,0.8289473684210527,0.07692307692307693,0.05714285714285714,0.09259259259259259,0.0,0.7875,0.125,0.4407894736842105,0.8,0.8461538461538461,0.08,0.2,0.6086956521739131,0.45454545454545453,0.0,0.40625,0.75,0.75,0.0,0.5333333333333333,0.045454545454545456,0.05384615384615385,0.25,0.0,0.0,0.05194805194805195,0.5290322580645161,0.3231441048034934,0.11904761904761904,0.1794871794871795,0.0072992700729927005,0.75,0.7931034482758621,0.6428571428571429,0.16091954022988506,0.8717948717948718,0.047619047619047616,0.0,0.1956521739130435,0.5,0.2222222222222222,0.3181818181818182,0.625,0.5,0.375,0.6666666666666666,0.017699115044247787,0.9178082191780822,1.0,0.5,0.0,0.8529411764705882,0.4375,0.4,0.04054054054054054,0.2,0.05263157894736842,0.1111111111111111,0.08,0.0,0.3387096774193548,0.18181818181818182,0.21428571428571427,0.2,0.3333333333333333,0.8301886792452831,0.76,0.11320754716981132,0.11864406779661017,0.0,0.0,0.011904761904761904,0.21428571428571427,0.3939393939393939,0.8805970149253731,0.0625,0.6865671641791045,0.9339622641509434,0.3333333333333333,0.0,0.6666666666666666,0.0,0.0,0.08571428571428572,0.0,0.0,0.0,0.0967741935483871,0.0,0.0,0.8015267175572519,0.6363636363636364,0.038461538461538464,1.0,0.0,0.6153846153846154,0.0,1.0,0.1232876712328767,0.0,0.7692307692307693,0.32038834951456313,0.6176470588235294,0.2711864406779661,0.5555555555555556,0.16,0.5497076023391813,0.7441860465116279,0.0,0.9333333333333333,0.5251141552511416,0.6875,0.19148936170212766,0.07462686567164178,0.1346153846153846,0.6976744186046512,0.42857142857142855,0.6444444444444445,0.5648854961832062,0.6363636363636364,0.7202380952380952,0.09259259259259259,0.0,0.6956521739130435,0.6805555555555556,0.275,0.39384615384615385,0.7202797202797203,0.0,0.018867924528301886,0.14754098360655737,0.1130952380952381,0.3088235294117647,0.04938271604938271,0.5109489051094891,0.6081871345029239,0.7350427350427351,0.660377358490566,0.14285714285714285,0.3333333333333333,0.4791666666666667,0.060240963855421686,0.6470588235294118,0.8932038834951457,0.7123287671232876,0.017543859649122806,0.698744769874477,0.6407185628742516,0.2,0.9215686274509803,0.6186046511627907,0.6521739130434783,0.6776315789473685,0.96,0.4605809128630705,0.5234657039711191,0.9230769230769231,0.6588235294117647,0.5714285714285714,0.0,0.5643564356435643,0.06060606060606061,0.75,0.9279279279279279,0.0,0.0,0.0,0.2631578947368421,0.0,1.0,0.0,0.0,0.17391304347826086,0.3333333333333333,0.3,0.0,0.0,0.5,0.6927710843373494,0.8870967741935484,0.16666666666666666,0.16666666666666666,0.0,0.85,0.6764705882352942,0.24,0.7272727272727273,0.8552631578947368,0.0,0.15,0.4,0.18181818181818182,0.010526315789473684,0.0,0.9763779527559056,0.25,0.8461538461538461,0.0,0.15079365079365079,0.6804733727810651,0.3897058823529412,0.288135593220339,0.9595959595959596,0.616580310880829,0.13114754098360656,0.03676470588235294,0.3333333333333333,0.0,0.29333333333333333,0.7068965517241379,1.0,0.18461538461538463,0.3333333333333333,0.026490066225165563,0.125,0.0,0.2,0.0,0.10256410256410256,0.1509433962264151,0.6,0.296,0.021739130434782608,0.7283950617283951,0.6821192052980133,0.7676767676767676,0.75,0.14285714285714285,0.8292682926829268,0.0,0.6666666666666666,0.8636363636363636,0.3,0.26666666666666666,0.012987012987012988,0.6620689655172414,0.38461538461538464,0.0,0.52,0.6351351351351351,0.5,0.4824561403508772,0.0,0.6296296296296297,0.375,0.6875,0.7209302325581395,0.9,0.6470588235294118,0.45614035087719296,0.4,0.2857142857142857,0.14583333333333334,0.2631578947368421,0.0,0.38028169014084506,0.6666666666666666,0.0,0.18181818181818182,0.015384615384615385,0.46153846153846156,0.0,0.2857142857142857,0.0,0.5942857142857143,0.3333333333333333,0.3333333333333333,0.125,0.5169491525423728,0.944,0.6451612903225806,0.3333333333333333,0.10810810810810811,0.27956989247311825,0.9696969696969697,0.125,0.06896551724137931,0.0,0.8888888888888888,0.4411764705882353,0.3333333333333333,0.18181818181818182,0.6153846153846154,0.14545454545454545,0.4127906976744186,0.5882352941176471,0.0,0.0,0.22872340425531915,0.05263157894736842,0.7307692307692307,0.6,0.20967741935483872,0.7950530035335689,0.0,0.0,0.05555555555555555,0.08333333333333333,0.2619047619047619,0.05660377358490566,0.3137254901960784,0.7263681592039801,0.0,0.20270270270270271,0.07096774193548387,0.7436974789915967,0.3684210526315789,0.7267080745341615,0.08571428571428572,0.7777777777777778,0.9180327868852459,0.15,0.2826086956521739,0.08695652173913043,0.6666666666666666,0.0,1.0,0.0,0.0,0.6714285714285714,0.0,0.125,0.0,0.13636363636363635,0.7931034482758621,0.0,1.0,0.2,0.0,0.07407407407407407,0.7021276595744681,0.0,0.7592592592592593,0.16666666666666666,0.0,0.0,0.3225806451612903,0.0,0.125,0.9666666666666667,0.78125,0.0,1.0,0.92,0.5,0.3333333333333333,0.9875,0.10204081632653061,0.9206349206349206,0.3202614379084967,0.4,0.6,0.1323529411764706,0.7384615384615385,0.0,0.03571428571428571
GGT,0.3148148148148148,0.12,0.125,0.4909090909090909,0.13043478260869565,0.21428571428571427,0.5714285714285714,0.07142857142857142,0.36,0.13793103448275862,0.3333333333333333,0.15625,0.4166666666666667,0.11764705882352941,0.8809523809523809,0.2909090909090909,0.20689655172413793,0.2631578947368421,0.1111111111111111,0.0,0.25,0.3333333333333333,0.09090909090909091,0.04,0.3333333333333333,0.06896551724137931,0.0,0.0,0.6,0.125,0.0,0.75,0.0,0.3333333333333333,0.0,0.0,0.14285714285714285,0.0,0.0,0.5,0.3561643835616438,0.0,0.14285714285714285,0.4,0.037037037037037035,0.41935483870967744,0.0,0.2682926829268293,0.3333333333333333,0.3902439024390244,0.0,0.5333333333333333,0.0,0.4444444444444444,0.3,0.05555555555555555,0.18181818181818182,0.3333333333333333,0.5,0.8947368421052632,0.034482758620689655,0.2,0.15789473684210525,0.25,0.8709677419354839,0.1044776119402985,0.0,0.7222222222222222,0.7395833333333334,0.30864197530864196,1.0,0.20833333333333334,0.4166666666666667,0.23076923076923078,0.8,0.5178571428571429,0.18181818181818182,0.17073170731707318,0.7142857142857143,0.23076923076923078,0.4,0.21428571428571427,0.375,0.8055555555555556,0.7142857142857143,0.3333333333333333,0.5,0.42857142857142855,0.6363636363636364,0.5714285714285714,1.0,0.15384615384615385,0.0,0.2857142857142857,0.6140350877192983,0.6086956521739131,0.2857142857142857,0.5166666666666667,0.0,0.20588235294117646,0.41379310344827586,0.0,0.061224489795918366,0.17647058823529413,0.23333333333333334,0.12727272727272726,1.0,0.18333333333333332,0.5447154471544715,0.16666666666666666,0.627906976744186,0.037037037037037035,0.02564102564102564,0.34545454545454546,0.32432432432432434,0.3181818181818182,0.625,0.3076923076923077,0.8529411764705882,0.5,0.2222222222222222,0.15,1.0,1.0,0.0,0.5,0.0,0.6666666666666666,0.125,0.21428571428571427,0.0,0.0,0.4117647058823529,0.0,0.2,0.9047619047619048,0.0,0.21052631578947367,0.3333333333333333,1.0,0.2777777777777778,0.0,0.26666666666666666,0.8292682926829268,0.0,0.7857142857142857,0.5636363636363636,0.15789473684210525,0.3181818181818182,0.375,1.0,0.16666666666666666,0.0,0.22641509433962265,0.3870967741935484,0.43548387096774194,0.2692307692307692,0.189873417721519,0.2,0.23404255319148937,0.5555555555555556,0.8333333333333334,0.42105263157894735,0.47058823529411764,0.92,0.3333333333333333,0.9,0.5686274509803921,0.5697674418604651,0.31313131313131315,0.3125,0.34615384615384615,0.20833333333333334,0.32,0.20833333333333334,0.5,0.3333333333333333,0.375,0.6,0.3225806451612903,0.25925925925925924,0.15,0.5185185185185185,0.23376623376623376,0.6944444444444444,0.025,0.2,0.24324324324324326,0.29069767441860467,0.39814814814814814,0.13636363636363635,0.19444444444444445,0.21052631578947367,0.5641025641025641,0.3404255319148936,0.21875,0.1125,0.28735632183908044,0.0,0.4,0.42857142857142855,0.0,0.16666666666666666,0.0,0.375,0.26666666666666666,0.0,0.4,0.20833333333333334,0.7105263157894737,0.0,0.4,0.5,0.0,0.84375,0.5882352941176471,0.4,0.2,0.0,0.0,0.09803921568627451,0.1875,0.2857142857142857,0.5,0.0,1.0,0.21052631578947367,0.2463768115942029,0.9,0.05,0.07692307692307693,0.3157894736842105,0.14705882352941177,0.18181818181818182,0.45,0.14285714285714285,0.21739130434782608,0.75,0.0625,0.0,0.10344827586206896,0.2,0.10869565217391304,0.21739130434782608,0.75,0.2631578947368421,0.6739130434782609,0.5,0.0,0.0,0.5,0.6458333333333334,0.7368421052631579,0.7962962962962963,0.16666666666666666,0.125,0.4098360655737705,0.0,0.3898305084745763,0.0,0.13793103448275862,0.7021276595744681,0.5,0.08333333333333333,1.0,0.3,0.38028169014084506,0.1206896551724138,0.20512820512820512,0.5,0.6785714285714286,0.0,0.5714285714285714,0.0,1.0,0.711864406779661,0.1111111111111111,0.17647058823529413,0.4444444444444444,0.0,0.34782608695652173,0.2619047619047619,0.5789473684210527,0.6181818181818182,0.6666666666666666,0.8533333333333334,0.42,0.4642857142857143,0.9,0.9696969696969697,0.7380952380952381,0.42857142857142855,0.3611111111111111,0.5454545454545454,0.7681159420289855,0.3103448275862069,0.05660377358490566,0.9302325581395349,0.2,0.16666666666666666,0.5436893203883495,0.8780487804878049,0.5714285714285714,0.14814814814814814,0.2857142857142857,0.09523809523809523,0.15789473684210525,0.3058823529411765,0.5652173913043478,0.5833333333333334,0.45454545454545453,0.2702702702702703,0.8354430379746836,0.6206896551724138,0.6666666666666666,0.7777777777777778,0.045454545454545456,0.2222222222222222,0.22641509433962265,0.1111111111111111,0.4,0.0594059405940594,0.75,0.15555555555555556,0.3076923076923077,0.125,0.5151515151515151,0.17647058823529413,0.75,0.12244897959183673,0.4166666666666667,0.2,0.935064935064935,0.625,0.125,0.038461538461538464,0.08888888888888889,0.29411764705882354,0.2857142857142857,0.10526315789473684,0.0,0.14285714285714285,0.19230769230769232,0.14634146341463414,0.16666666666666666,0.15,0.2222222222222222,0.5333333333333333,0.5529411764705883,0.352112676056338,0.25,0.23529411764705882,0.8,0.16363636363636364,0.2222222222222222,0.25,0.6666666666666666,0.16666666666666666,0.0,0.0,0.16666666666666666,0.5714285714285714,0.3333333333333333,0.6296296296296297,1.0,0.2564102564102564,0.0,0.2,0.0,0.5,0.0,0.5526315789473685,0.4444444444444444,0.0,0.0,0.1568627450980392,0.0,0.16216216216216217,0.15384615384615385,0.6,0.47368421052631576,0.9552238805970149,0.6,0.7333333333333333,0.5,0.7419354838709677,0.24324324324324326,0.14285714285714285,0.2,0.5454545454545454,0.35,0.10526315789473684,0.46153846153846156,0.17647058823529413,0.3333333333333333,0.125,0.16666666666666666,0.375
GTA,0.46153846153846156,0.0,0.25,0.6,0.0,0.4,0.6,0.125,0.0,0.23076923076923078,0.0,1.0,0.5,0.0,0.6428571428571429,0.3333333333333333,0.16666666666666666,0.5,0.0,0.0,0.0,0.0,0.0,0.2,1.0,0.0,0.0,0.0,0.75,0.0,0.0,1.0,0.0,0.0,0.0,0.0,0.5,0.0,0.0,0.0,0.4,0.0,0.3333333333333333,0.1,0.0,0.4444444444444444,0.0,0.3125,0.6363636363636364,0.375,0.0,1.0,0.0,0.0,0.4375,0.0,0.3333333333333333,0.3333333333333333,1.0,0.6666666666666666,0.5,0.0,0.0,0.6,0.2222222222222222,0.15384615384615385,0.0,0.625,0.5625,0.125,0.0,0.375,0.6666666666666666,0.75,0.5384615384615384,0.6666666666666666,0.16666666666666666,0.6666666666666666,1.0,0.75,0.5,0.4,1.0,0.5,0.0,0.0,0.0,0.42857142857142855,0.5,0.6666666666666666,0.0,0.3333333333333333,0.0,0.4,0.5714285714285714,0.2,0.25,0.0,0.0,0.16666666666666666,0.0,0.0,0.0,0.2,0.2857142857142857,0.25,1.0,0.625,0.75,0.3333333333333333,0.8,0.0,0.16666666666666666,0.1111111111111111,0.375,0.375,0.25,0.1,0.5,0.375,0.14285714285714285,0.5,0.0,0.0,0.0,1.0,0.0,0.5,0.0,0.0,0.0,0.0,0.625,0.0,0.0,0.4,0.0,1.0,1.0,1.0,0.7142857142857143,0.0,0.6,0.6,0.1,0.6153846153846154,0.5555555555555556,0.2,0.6,0.375,1.0,0.16666666666666666,1.0,0.2727272727272727,0.5,0.5,0.625,0.3684210526315789,0.5,0.42857142857142855,0.6666666666666666,0.0,0.375,0.2222222222222222,1.0,0.3333333333333333,0.75,0.5,0.5714285714285714,0.4,0.625,0.7272727272727273,0.0,0.8571428571428571,0.1,0.4,0.375,0.5555555555555556,0.8333333333333334,0.14285714285714285,0.5,0.14285714285714285,0.5,0.36363636363636365,0.3333333333333333,0.3333333333333333,0.3,0.2222222222222222,0.5652173913043478,0.3076923076923077,0.0,0.3,0.5,0.6,0.4666666666666667,0.5,0.2,0.26666666666666666,0.0,0.5,0.14285714285714285,0.0,0.0,0.0,0.8333333333333334,1.0,0.0,0.6666666666666666,0.3333333333333333,0.0,0.0,0.5,0.8,0.0,0.75,0.6,0.0,0.5,0.0,0.0,0.0,0.7,0.5714285714285714,0.0,0.0,0.8,0.5,0.4,1.0,0.14285714285714285,0.3333333333333333,0.0,0.375,0.6666666666666666,0.5,0.0,0.8,1.0,0.0,0.0,0.5,0.5,0.5,0.3333333333333333,0.4,0.75,0.5,0.75,0.0,0.0,0.42857142857142855,0.3333333333333333,0.8333333333333334,0.625,0.3333333333333333,0.2,0.8,1.0,0.5294117647058824,0.0,0.8333333333333334,0.0,0.5,0.125,1.0,0.5555555555555556,0.5,0.3333333333333333,0.8333333333333334,0.6666666666666666,0.8333333333333334,0.0,0.375,0.16666666666666666,0.0,0.16666666666666666,0.0,0.16666666666666666,0.45454545454545453,0.0,0.7,0.6153846153846154,0.2857142857142857,0.5,0.0,0.5454545454545454,0.375,0.5333333333333333,0.0,1.0,0.75,0.5217391304347826,0.8076923076923077,0.6666666666666666,0.5,0.2,0.0,1.0,0.5,0.0,0.1875,0.875,0.5,0.3333333333333333,1.0,0.0,1.0,0.39285714285714285,0.0,0.25,0.5,0.25,0.7058823529411765,0.875,0.6666666666666666,0.3333333333333333,0.0,0.5,0.2727272727272727,0.0,0.5555555555555556,0.0,1.0,0.16666666666666666,0.4,0.3333333333333333,0.875,0.6,0.0,0.5714285714285714,0.5,0.0,1.0,0.5,0.0,0.3333333333333333,0.0,0.42857142857142855,0.5,0.25,0.0,0.25,0.5,0.4,0.0,0.14285714285714285,0.6,0.5,0.3,0.4,0.3333333333333333,0.6,0.4,0.2,0.25,0.4444444444444444,0.5,0.0,0.0,0.0,0.6666666666666666,0.0,0.5,0.4,0.0,1.0,0.0,0.0,0.0,0.5,0.0,0.0,0.5714285714285714,0.0,0.6666666666666666,0.0,0.0,0.5,0.0,0.0,0.5,0.6,0.0,0.5,0.0,0.6923076923076923,0.6666666666666666,0.5,0.0,0.75,0.8333333333333334,0.0,0.0,0.0,0.6,0.5,0.0,0.14285714285714285
GTC,0.5,0.2,0.14285714285714285,0.3333333333333333,0.0,0.42857142857142855,0.0,0.5,0.5,0.5789473684210527,0.3333333333333333,0.42857142857142855,0.25,0.8,0.6666666666666666,0.23809523809523808,0.4444444444444444,0.375,1.0,0.3333333333333333,1.0,0.0,1.0,0.0,0.5,0.2,0.0,0.0,0.0,0.0,0.0,0.0,0.0,1.0,0.0,0.2,0.0,0.0,0.0,0.0,0.0,0.0,0.0,0.0,0.3333333333333333,0.36363636363636365,0.6,0.45454545454545453,0.8888888888888888,0.2727272727272727,0.0,0.6666666666666666,0.2,0.3333333333333333,0.0,0.125,0.375,0.4,0.0,0.8333333333333334,0.0,0.3333333333333333,0.2857142857142857,0.2857142857142857,0.16666666666666666,0.3333333333333333,0.0,0.42857142857142855,0.5,0.2,0.75,0.0,0.2,0.6666666666666666,0.5,0.0,0.5,0.125,0.2,0.0,0.5,0.5,0.6666666666666666,0.6666666666666666,0.7777777777777778,0.3333333333333333,0.0,0.0,0.6666666666666666,0.0,0.25,0.7142857142857143,0.0,0.2,0.7777777777777778,0.25,0.7142857142857143,0.2857142857142857,0.0,0.0,0.0,0.0,0.25,0.25,0.18181818181818182,0.42857142857142855,0.8571428571428571,0.2857142857142857,0.6,0.3684210526315789,1.0,0.14285714285714285,0.0,0.25,0.25,0.45,0.16666666666666666,0.5454545454545454,0.0,0.1111111111111111,0.0,0.0,0.0,0.0,0.0,0.0,0.0,0.3333333333333333,1.0,0.5454545454545454,0.0,0.0,0.16666666666666666,0.0,0.0,0.0,0.0,0.3333333333333333,0.0,0.0,0.3333333333333333,0.5,0.09090909090909091,0.5,0.5384615384615384,0.4444444444444444,0.0,0.0,0.4,0.5384615384615384,0.5,0.6666666666666666,0.0,0.14285714285714285,0.8181818181818182,0.2777777777777778,0.2222222222222222,0.5,0.0,0.0,0.75,0.2,0.09090909090909091,0.4,0.0,0.2,0.5,0.4666666666666667,0.18181818181818182,0.16666666666666666,0.2,0.5833333333333334,0.5,0.8333333333333334,0.4,0.1111111111111111,0.5,0.4,1.0,0.2,0.5,0.0,0.6363636363636364,0.08333333333333333,0.5789473684210527,0.0,0.0,0.16666666666666666,0.14285714285714285,0.5806451612903226,0.9090909090909091,1.0,0.1111111111111111,0.4666666666666667,0.07692307692307693,0.16666666666666666,0.2222222222222222,0.7272727272727273,0.0,0.14285714285714285,0.25,0.0,1.0,0.3333333333333333,1.0,0.0,0.0,1.0,0.6,0.0,0.0,0.0,1.0,0.0,0.8333333333333334,1.0,0.0,0.0,0.0,0.0,1.0,0.0,0.3333333333333333,0.25,0.0,0.0,0.2,0.15384615384615385,0.75,0.625,0.42857142857142855,0.2,0.4,0.14285714285714285,0.6,0.14285714285714285,1.0,0.75,0.8,0.0,0.0,0.25,0.0,0.25,0.0,0.25,0.15384615384615385,0.7,0.0,0.0,0.0,0.7142857142857143,0.6666666666666666,0.09090909090909091,0.0,0.16666666666666666,0.0,0.2857142857142857,0.4166666666666667,0.0,0.5,0.6666666666666666,0.5,0.2727272727272727,0.0,0.875,0.3333333333333333,0.2857142857142857,0.0,0.4,1.0,0.0,0.6666666666666666,0.25,0.25,0.5,0.0,0.0,0.25,0.0,0.5,0.0,0.16666666666666666,0.6111111111111112,1.0,0.4666666666666667,0.6666666666666666,0.7142857142857143,0.75,0.9090909090909091,0.8,0.7,0.4782608695652174,0.26666666666666666,1.0,0.7777777777777778,0.3333333333333333,1.0,0.4,0.0,0.16666666666666666,0.0,0.0,0.3333333333333333,0.0,0.1111111111111111,0.0,0.0,0.6666666666666666,0.42857142857142855,0.25,0.6666666666666666,0.625,0.21428571428571427,0.0,0.07692307692307693,0.3333333333333333,0.2727272727272727,0.75,0.6666666666666666,0.7777777777777778,0.3333333333333333,0.5,0.3,0.0,0.25,0.5,0.09090909090909091,0.0,0.5,0.5,0.25,0.7058823529411765,0.375,0.0,0.14285714285714285,0.0,0.3333333333333333,0.5,0.0,0.0,0.3333333333333333,0.0,0.6,0.0,0.6666666666666666,0.42857142857142855,0.21428571428571427,0.75,0.4,0.6,0.75,0.6666666666666666,0.3333333333333333,0.7,0.6,0.0,0.0,0.0,0.0,0.0,0.0,1.0,0.5,1.0,0.3333333333333333,0.0,1.0,0.0,0.0,0.0,0.0,0.3333333333333333,0.0,0.0,0.25,0.0,0.3333333333333333,0.3333333333333333,0.0,0.5,0.0,0.6666666666666666,1.0,0.0,0.3333333333333333,0.3333333333333333,0.5,0.0,0.0,0.0,0.0,0.3,0.2222222222222222,0.14285714285714285,0.6666666666666666,0.0,0.0
GTG,0.1282051282051282,0.375,0.125,0.543859649122807,0.0,0.36666666666666664,0.5789473684210527,0.0,0.46153846153846156,0.16326530612244897,0.0,0.17142857142857143,0.6,0.25,0.6363636363636364,0.4117647058823529,0.16,0.36363636363636365,0.0,0.0,0.25,0.0,0.1111111111111111,0.16666666666666666,0.0,0.125,0.0,0.0,0.3333333333333333,0.16666666666666666,0.0,0.0,0.0,1.0,0.5714285714285714,0.0,0.2,0.5,0.0,0.16666666666666666,0.26666666666666666,0.0,0.36363636363636365,0.0,0.09523809523809523,0.3103448275862069,0.0,0.34782608695652173,0.21951219512195122,0.23333333333333334,0.0,0.7,0.0,0.6666666666666666,0.36,0.23076923076923078,0.15384615384615385,0.21052631578947367,1.0,0.7,0.07142857142857142,0.0,0.125,0.21428571428571427,0.8387096774193549,0.07692307692307693,0.0,0.6938775510204082,0.25,0.13043478260869565,0.3333333333333333,0.18181818181818182,0.8378378378378378,0.07692307692307693,0.8448275862068966,0.4827586206896552,0.12903225806451613,0.175,0.88,0.13333333333333333,0.0,0.42857142857142855,0.5555555555555556,0.3157894736842105,0.8333333333333334,0.2857142857142857,1.0,0.0,0.90625,0.45454545454545453,1.0,0.0,0.8571428571428571,0.6666666666666666,0.38636363636363635,0.36,0.44,0.8372093023255814,0.0,0.18181818181818182,0.48936170212765956,0.23076923076923078,0.1111111111111111,0.3,0.5454545454545454,0.14634146341463414,0.0,0.48214285714285715,0.44,0.18181818181818182,0.35714285714285715,0.0,0.2222222222222222,0.24489795918367346,0.5294117647058824,0.3617021276595745,0.2222222222222222,0.25,0.47058823529411764,0.52,0.7142857142857143,0.0,0.8,0.5,0.0,0.14285714285714285,0.0,0.5,0.3,0.25,0.0,0.0,0.3157894736842105,0.0,0.5,0.6774193548387096,0.8181818181818182,0.5714285714285714,0.3333333333333333,0.5,0.6153846153846154,0.3333333333333333,0.4666666666666667,0.5957446808510638,0.36363636363636365,0.36666666666666664,0.44,0.6578947368421053,0.08,0.1,0.5,0.5,0.0,0.4482758620689655,0.4782608695652174,0.4482758620689655,0.2608695652173913,0.2153846153846154,0.0,0.5535714285714286,0.46,0.5,0.3333333333333333,0.4117647058823529,0.8888888888888888,0.2564102564102564,0.7222222222222222,0.26229508196721313,0.38095238095238093,0.2962962962962963,0.5714285714285714,0.21739130434782608,0.12,0.35135135135135137,0.3333333333333333,0.3783783783783784,0.21052631578947367,0.14634146341463414,0.4444444444444444,0.19444444444444445,0.2903225806451613,0.047619047619047616,0.44,0.09259259259259259,0.5,0.10714285714285714,0.1111111111111111,0.4262295081967213,0.2328767123287671,0.3013698630136986,0.18181818181818182,0.28125,0.4782608695652174,0.24489795918367346,0.125,0.3333333333333333,0.05555555555555555,0.14516129032258066,0.0,0.2,0.2857142857142857,0.0,0.1,1.0,0.625,0.375,1.0,0.7692307692307693,0.15789473684210525,0.2682926829268293,0.0,0.0,0.7777777777777778,0.0,0.7857142857142857,0.5185185185185185,1.0,0.3333333333333333,0.0,0.0,0.023255813953488372,0.0,0.2916666666666667,0.5,0.75,0.8181818181818182,0.12,0.24489795918367346,1.0,0.36363636363636365,0.5,0.7073170731707317,0.7272727272727273,0.5833333333333334,0.5833333333333334,0.0,0.25,0.25,0.07142857142857142,0.0,0.19047619047619047,0.42857142857142855,0.75,0.14285714285714285,0.5,0.3333333333333333,0.6756756756756757,0.3829787234042553,0.0,1.0,0.8666666666666667,0.5925925925925926,0.8181818181818182,0.6666666666666666,0.5,0.14285714285714285,0.14814814814814814,0.3,0.3684210526315789,0.0,0.0,0.5185185185185185,0.75,0.23076923076923078,0.0,0.391304347826087,0.569620253164557,0.07407407407407407,0.29411764705882354,0.8333333333333334,0.4772727272727273,0.5833333333333334,0.85,0.75,0.6666666666666666,0.29411764705882354,0.1111111111111111,0.8709677419354839,0.4,0.6666666666666666,0.46153846153846156,0.631578947368421,0.3333333333333333,0.5714285714285714,0.0,0.59375,0.2413793103448276,0.6,0.8260869565217391,0.9615384615384616,0.6428571428571429,0.5,0.7666666666666667,0.7037037037037037,0.6060606060606061,0.32142857142857145,0.07692307692307693,0.9180327868852459,0.6153846153846154,0.0,0.3617021276595745,0.9130434782608695,0.8181818181818182,0.3269230769230769,0.0,0.2,0.3333333333333333,0.2978723404255319,0.15384615384615385,0.42105263157894735,0.3333333333333333,0.7222222222222222,0.6610169491525424,0.5588235294117647,0.5238095238095238,0.6862745098039216,0.1,0.5,0.23333333333333334,0.2222222222222222,0.4,0.02857142857142857,0.21428571428571427,0.10714285714285714,0.5555555555555556,0.1875,0.47368421052631576,0.23076923076923078,0.2857142857142857,0.125,0.8571428571428571,0.125,0.9215686274509803,0.5714285714285714,0.1,0.043478260869565216,0.044444444444444446,0.11764705882352941,0.27906976744186046,0.7142857142857143,0.1111111111111111,0.19230769230769232,0.2222222222222222,0.15625,0.25,0.1875,0.2222222222222222,0.5094339622641509,0.4594594594594595,0.4307692307692308,0.07407407407407407,0.12244897959183673,0.4473684210526316,0.3235294117647059,0.15,0.20833333333333334,0.0,0.2,0.0,0.0,0.0,0.48,0.0,0.2619047619047619,0.0,0.125,0.0,0.75,0.0,0.6666666666666666,0.0,0.3333333333333333,0.6666666666666666,0.0,0.0,0.20833333333333334,0.0,0.15,0.6,0.5,0.375,0.9534883720930233,0.0,0.7142857142857143,0.6666666666666666,0.5517241379310345,0.42105263157894735,0.034482758620689655,0.0,0.46153846153846156,0.3333333333333333,0.4426229508196721,1.0,0.75,0.4117647058823529,0.30303030303030304,0.42857142857142855,0.13333333333333333
GTT,0.5263157894736842,0.10526315789473684,0.25,0.5806451612903226,0.3333333333333333,0.0,0.21428571428571427,1.0,0.6666666666666666,0.4482758620689655,1.0,0.26666666666666666,0.5714285714285714,0.6666666666666666,0.5714285714285714,0.25,0.5384615384615384,0.6153846153846154,0.375,0.5,0.17647058823529413,1.0,0.2222222222222222,0.22727272727272727,0.5,0.0,0.0,0.0,0.0,0.15789473684210525,0.0,0.6,0.0,0.3333333333333333,0.3333333333333333,0.0,0.2,0.8333333333333334,0.0,1.0,0.4418604651162791,0.0,0.0,0.0,0.4,0.7,0.0,0.35,0.5517241379310345,0.5294117647058824,0.0,0.75,0.25,0.42857142857142855,0.13636363636363635,0.29411764705882354,0.6,0.375,0.0,0.8260869565217391,0.0,1.0,0.13333333333333333,0.4117647058823529,0.42857142857142855,0.16666666666666666,0.0,0.96,0.6296296296296297,0.6538461538461539,0.0,0.4166666666666667,0.4,1.0,0.7551020408163265,0.2857142857142857,0.25,0.5555555555555556,0.5,0.0,1.0,0.0,1.0,0.7931034482758621,1.0,0.6363636363636364,1.0,0.6666666666666666,0.6923076923076923,0.9,0.0,0.2,0.0,0.6,0.75,0.6666666666666666,0.3,0.2631578947368421,0.0,0.0,0.0,0.3157894736842105,0.1,0.26666666666666666,0.07142857142857142,0.14285714285714285,0.3333333333333333,0.4,0.6181818181818182,0.4,0.7037037037037037,0.0,0.0625,0.5714285714285714,0.3,0.2631578947368421,0.26666666666666666,0.5,0.8636363636363636,0.3333333333333333,0.0,0.0,0.0,0.0,0.0,1.0,0.0,0.0,0.0,0.2,0.0,0.0,0.4375,0.0,0.4,1.0,0.5,0.42857142857142855,0.4,1.0,0.16666666666666666,0.0,0.5,0.9333333333333333,1.0,0.8620689655172413,0.7777777777777778,0.0,0.4,0.6666666666666666,0.0,0.125,0.0,0.3157894736842105,0.6666666666666666,0.47058823529411764,0.2857142857142857,0.20689655172413793,0.5,0.4090909090909091,0.6666666666666666,0.8333333333333334,0.25,0.2222222222222222,1.0,0.15384615384615385,0.9714285714285714,0.7142857142857143,0.65,0.4090909090909091,0.4,0.3888888888888889,0.43478260869565216,0.6666666666666666,0.5833333333333334,0.5636363636363636,0.8333333333333334,0.7777777777777778,0.5,0.8571428571428571,0.8,0.15384615384615385,0.625,0.41935483870967744,0.8333333333333334,0.3333333333333333,0.6,0.5,0.30434782608695654,0.4225352112676056,0.3333333333333333,0.25,0.1,0.6842105263157895,0.5161290322580645,0.45454545454545453,0.4074074074074074,0.5806451612903226,0.0,0.5,1.0,0.0,0.5,0.0,0.0,0.0,0.0,0.0,0.25,0.8163265306122449,0.0,0.16666666666666666,0.0,0.0,0.5,0.8695652173913043,0.6,0.0,0.0,0.0,0.2222222222222222,0.0,0.4,0.0,0.0,0.8648648648648649,0.5454545454545454,0.14814814814814814,1.0,0.0,0.0,0.5,0.14285714285714285,0.18181818181818182,0.5454545454545454,0.3333333333333333,0.7777777777777778,0.8333333333333334,0.3333333333333333,0.5714285714285714,0.08333333333333333,0.2,0.05263157894736842,0.375,0.75,0.3333333333333333,0.7777777777777778,0.8148148148148148,0.0,0.0,0.5,0.5454545454545454,0.5,0.9166666666666666,0.2857142857142857,0.13333333333333333,0.6333333333333333,0.16666666666666666,0.5185185185185185,0.0,0.0,0.6086956521739131,0.5384615384615384,0.2857142857142857,0.0,0.5555555555555556,0.6875,0.4,0.15,0.5,0.90625,0.25,0.42857142857142855,0.2222222222222222,1.0,0.7560975609756098,0.0,0.5714285714285714,0.631578947368421,0.5,0.3076923076923077,0.2857142857142857,0.6153846153846154,0.4583333333333333,0.75,0.926829268292683,0.6428571428571429,0.4375,0.5,0.85,0.6666666666666666,0.5294117647058824,0.4090909090909091,0.36363636363636365,0.85,0.05,0.13636363636363635,0.9591836734693877,0.3333333333333333,0.6666666666666666,0.6129032258064516,0.8333333333333334,0.375,0.15625,1.0,0.125,0.2857142857142857,0.35555555555555557,0.7058823529411765,0.6666666666666666,0.56,0.5,0.9302325581395349,0.5652173913043478,0.3076923076923077,0.8076923076923077,0.058823529411764705,0.0,0.3235294117647059,0.16666666666666666,0.5714285714285714,0.19230769230769232,1.0,0.11764705882352941,0.2857142857142857,0.3333333333333333,0.3076923076923077,0.2222222222222222,0.75,0.5714285714285714,0.0,0.5,0.82,0.5,0.5625,0.3333333333333333,0.3333333333333333,0.25,0.2857142857142857,0.16,0.0,0.09523809523809523,0.5882352941176471,0.5333333333333333,1.0,0.15789473684210525,0.75,0.6153846153846154,0.6904761904761905,0.05263157894736842,1.0,0.5,0.95,0.1111111111111111,0.13636363636363635,0.0,0.7272727272727273,1.0,1.0,0.0,0.0,0.0,0.5,0.5945945945945946,0.0,0.47058823529411764,0.0,1.0,0.0,1.0,1.0,0.7727272727272727,1.0,0.0,0.14285714285714285,0.4583333333333333,0.0,0.35294117647058826,0.4444444444444444,0.5,1.0,0.875,1.0,0.5,0.0,0.6756756756756757,0.19047619047619047,0.2857142857142857,1.0,0.8333333333333334,0.375,0.125,0.3,0.23076923076923078,0.36363636363636365,0.6666666666666666,1.0,0.5454545454545454
TAA,0.2857142857142857,0.0,0.6666666666666666,0.0,0.2,0.0,0.0,0.5,0.4,0.5,0.0,0.5,0.0,0.2,0.5,0.2,0.0,0.375,1.0,0.0,0.0,0.0,0.0,1.0,0.4,0.0,0.0,0.0,1.0,0.0,0.0,0.3333333333333333,0.0,0.0,0.0,0.0,0.0,0.0,0.0,0.0,0.0,0.0,0.0,1.0,0.3333333333333333,0.5,0.0,0.3333333333333333,0.75,0.0,0.0,0.0,0.0,0.0,0.5,0.0,0.0,0.0,0.0,0.0,0.375,0.0,0.0,0.25,0.5714285714285714,0.16666666666666666,0.0,0.0,0.6153846153846154,0.4444444444444444,0.5,0.25,1.0,1.0,0.6,0.5,0.2,0.36363636363636365,0.0,0.2,1.0,0.0,0.5,0.36363636363636365,0.0,0.0,0.0,1.0,0.6666666666666666,0.4444444444444444,0.0,0.0,0.5714285714285714,0.8181818181818182,0.625,0.2857142857142857,0.0,0.16666666666666666,0.0,0.5,0.5,0.0,0.0,0.0,0.2857142857142857,0.3333333333333333,0.0,0.5,0.16666666666666666,0.5,0.0,0.0,0.1111111111111111,0.6,0.6666666666666666,0.0,0.0,0.3333333333333333,0.0,0.0,0.0,0.0,0.0,1.0,0.0,1.0,0.0,0.0,0.0,0.6666666666666666,0.0,0.0,0.6,0.0,0.0,0.0,0.0,0.0,0.0,0.0,0.25,0.0,0.8333333333333334,0.5,0.3333333333333333,0.42857142857142855,0.0,0.0,1.0,0.46153846153846156,0.0,0.0,0.3333333333333333,0.4,0.6666666666666666,0.625,0.0,0.25,1.0,0.4,0.0,0.0,0.7777777777777778,0.6363636363636364,0.0,0.0,0.5,0.75,0.6666666666666666,0.6,0.25,1.0,0.0,1.0,0.5,0.5,0.5,0.42857142857142855,0.3333333333333333,0.6666666666666666,0.16666666666666666,0.0,0.36363636363636365,0.0,1.0,0.25,0.0,0.3333333333333333,0.8,0.0,0.0,0.36363636363636365,0.09090909090909091,0.5,0.75,0.0,0.6666666666666666,0.5555555555555556,0.0,0.0,0.0,0.0,0.0,0.0,0.0,0.0,0.0,0.0,0.5,0.0,0.0,0.0,0.0,0.0,0.6666666666666666,1.0,0.0,0.0,0.0,0.0,0.0,0.5625,0.6666666666666666,0.0,0.0,1.0,0.6,0.2222222222222222,0.0,0.25,0.0,0.0,0.2857142857142857,1.0,0.0,0.0,0.3333333333333333,0.0,0.0,0.0,0.0,0.5,0.0,0.45454545454545453,0.0,0.0,0.2,0.8333333333333334,0.0,0.0,0.0,1.0,1.0,0.6,0.0,0.75,0.0,0.5,0.375,0.0,0.16666666666666666,1.0,0.0,0.3333333333333333,0.5,0.7777777777777778,0.0,0.6,0.25,0.6666666666666666,0.0,0.0,0.0,0.46153846153846156,0.0,0.0,0.6,0.0,0.5882352941176471,0.0,0.0,0.6428571428571429,0.6363636363636364,0.375,0.5,0.7272727272727273,0.5714285714285714,0.3076923076923077,1.0,0.3333333333333333,0.16666666666666666,0.8181818181818182,0.75,0.8888888888888888,0.3333333333333333,0.6666666666666666,0.0,1.0,0.6666666666666666,0.0,0.0,0.46153846153846156,1.0,0.0,0.5,0.3333333333333333,0.2,0.7272727272727273,0.2,0.0,0.5,0.2222222222222222,0.75,0.6666666666666666,0.0,0.5,0.0,1.0,0.0,0.25,0.0,0.5555555555555556,0.0,0.0,0.5,0.0,0.16666666666666666,0.25,0.0,0.5,0.5555555555555556,0.0,0.0,0.25,0.0,0.0,0.0,0.0,0.0,0.0,1.0,0.2857142857142857,0.75,0.14285714285714285,0.0,0.5714285714285714,0.42857142857142855,0.4,0.0,0.5,0.0,0.6363636363636364,0.3333333333333333,0.8571428571428571,0.14285714285714285,0.375,0.5,0.0,0.0,0.0,0.0,0.0,1.0,1.0,0.0,1.0,0.0,0.0,0.0,0.0,0.75,0.0,0.75,0.0,0.4,0.0,0.0,0.0,0.2,0.0,0.6,0.0,0.0,0.0,0.0,0.5714285714285714,0.0,0.0,0.0,0.25,0.6666666666666666,0.0,0.0,1.0,0.3333333333333333,1.0,0.0,0.0
TAC,0.6428571428571429,0.3,0.42857142857142855,0.0,0.5,0.375,0.5,0.8695652173913043,0.5,0.6153846153846154,1.0,1.0,0.125,0.0,0.45454545454545453,0.3076923076923077,0.5,0.8,0.0,1.0,0.16666666666666666,0.0,0.0,0.6666666666666666,0.0,0.0,0.0,0.0,0.5,0.8,1.0,0.3333333333333333,1.0,0.0,1.0,0.0,0.0,1.0,0.0,0.0,0.7777777777777778,0.3333333333333333,0.8333333333333334,0.25,0.6666666666666666,0.0,0.0,0.17647058823529413,0.5882352941176471,0.5555555555555556,0.0,0.8333333333333334,0.6,0.0,0.6428571428571429,0.125,0.2,0.25,0.0,0.5,0.0,0.0,0.05555555555555555,0.6666666666666666,0.25,0.07692307692307693,0.5,0.7777777777777778,0.41379310344827586,0.5172413793103449,0.6666666666666666,0.0,0.29411764705882354,0.0,0.3333333333333333,0.125,0.2631578947368421,0.6129032258064516,0.0,0.5,1.0,0.6,0.6,0.25,0.0,0.8,0.3333333333333333,0.5,0.6,0.35714285714285715,0.0,0.8,0.25,1.0,0.8461538461538461,0.68,0.7333333333333333,0.0,0.9166666666666666,0.16666666666666666,0.5,1.0,0.2857142857142857,0.5,0.5454545454545454,0.2222222222222222,0.5,0.25,0.2,0.05263157894736842,0.3333333333333333,0.25,0.2857142857142857,0.0,0.625,0.56,0.15384615384615385,0.5,0.8571428571428571,0.625,0.0,0.6666666666666666,0.0,0.6666666666666666,0.0,0.75,0.0,0.0,0.0,0.18181818181818182,0.0,0.6666666666666666,0.36363636363636365,0.0,1.0,0.0,0.0,0.5,0.3333333333333333,0.5,0.6666666666666666,0.0,0.4444444444444444,0.2857142857142857,0.7777777777777778,0.16666666666666666,0.3333333333333333,0.5,0.6071428571428571,0.45,0.0,0.2,0.3333333333333333,0.0,0.4117647058823529,0.2857142857142857,0.5,0.20689655172413793,0.0,0.2608695652173913,0.5,1.0,0.52,0.17647058823529413,0.75,0.7058823529411765,0.5,0.41509433962264153,0.9375,0.5384615384615384,0.6666666666666666,0.3333333333333333,0.7058823529411765,0.8461538461538461,0.8260869565217391,0.8571428571428571,0.4444444444444444,0.7307692307692307,0.65,0.3076923076923077,0.6666666666666666,0.0,0.5454545454545454,0.07142857142857142,0.16666666666666666,0.42857142857142855,0.14285714285714285,0.4,0.4666666666666667,0.4,0.6,0.6666666666666666,0.5454545454545454,0.2857142857142857,0.37037037037037035,0.35714285714285715,0.4583333333333333,0.6,0.0,0.1875,0.0,0.0,0.75,0.7142857142857143,0.6,0.75,0.0,0.6666666666666666,0.6,0.6666666666666666,0.0,0.5,1.0,0.0,0.3333333333333333,1.0,0.0,0.0,0.5,0.0,1.0,0.6153846153846154,0.75,0.25,0.875,0.42857142857142855,0.7647058823529411,0.2222222222222222,0.8,0.4166666666666667,0.125,0.0,0.35714285714285715,0.3333333333333333,0.7222222222222222,0.125,0.25,0.5714285714285714,0.65,1.0,0.3333333333333333,0.23809523809523808,0.16666666666666666,0.3157894736842105,0.4,0.2,0.8,0.6086956521739131,0.0,0.4,0.23529411764705882,0.8571428571428571,1.0,0.3333333333333333,0.0,0.4782608695652174,0.0,0.7142857142857143,0.6,0.0,1.0,0.0,0.4,0.8235294117647058,0.2,0.06666666666666667,0.2857142857142857,0.6666666666666666,0.2,0.7142857142857143,0.0,0.0,0.21428571428571427,0.8333333333333334,0.0,0.5,0.7692307692307693,0.84,0.3333333333333333,0.25,0.6,0.5862068965517241,0.8,0.3684210526315789,1.0,0.4,0.8461538461538461,0.625,0.0,0.2857142857142857,0.5454545454545454,0.4117647058823529,0.7,0.75,0.5757575757575758,0.4,0.35,0.75,0.25,0.0,0.42857142857142855,0.0,0.8,0.46153846153846156,0.25,0.1,0.0,0.75,0.4,0.0,0.631578947368421,0.6153846153846154,0.8,0.5454545454545454,0.2,0.23076923076923078,0.14285714285714285,0.8181818181818182,0.6666666666666666,1.0,0.6923076923076923,0.39285714285714285,0.5,0.16666666666666666,0.6,0.2857142857142857,0.5,0.25,0.0,0.8,0.4230769230769231,1.0,0.5,0.5555555555555556,0.0,0.0,0.0,0.3333333333333333,0.0,0.4,0.6842105263157895,0.18181818181818182,0.7142857142857143,0.07692307692307693,0.3333333333333333,0.08,0.7857142857142857,0.4444444444444444,0.0,0.5,0.3333333333333333,0.5185185185185185,0.6923076923076923,0.5,0.05263157894736842,0.3076923076923077,1.0,0.5555555555555556,0.0,0.0,0.0,0.9444444444444444,0.0,0.0,0.0,1.0,1.0,1.0,1.0,0.5,0.875,0.0,0.8571428571428571,0.0,0.0,0.16666666666666666,1.0,0.3333333333333333,0.3076923076923077,0.0,0.6,0.0,1.0,0.6363636363636364,0.5,0.5384615384615384,0.16666666666666666,0.16666666666666666,1.0,0.8823529411764706,0.1111111111111111,0.14285714285714285,1.0,0.7777777777777778,0.6428571428571429,0.2,1.0,0.1111111111111111
TAG,0.6666666666666666,0.2,0.0,0.18181818181818182,0.0,0.3,0.6,0.0,0.7142857142857143,0.2727272727272727,1.0,0.6666666666666666,0.5714285714285714,0.0,0.6,0.5,0.6666666666666666,0.0,1.0,0.3333333333333333,0.6666666666666666,0.0,0.0,0.4,0.5,0.0,0.0,0.0,0.0,0.0,0.0,0.0,0.0,1.0,0.2857142857142857,0.0,0.0,0.0,0.0,0.0,0.0,0.0,0.4,0.2,0.0,0.3333333333333333,0.0,0.625,0.5,0.4,0.0,1.0,0.0,0.0,0.25,0.0,0.3333333333333333,0.4,0.0,0.6666666666666666,0.0,0.0,0.0,0.0,0.5,0.14285714285714285,0.0,0.6666666666666666,0.2,0.21428571428571427,0.0,0.75,0.6666666666666666,0.0,0.6153846153846154,0.2,0.0,0.125,1.0,0.0,0.0,0.0,0.6,0.16666666666666666,0.0,1.0,0.5,0.6666666666666666,0.75,1.0,0.0,0.6666666666666666,0.6666666666666666,1.0,0.0,0.25,0.8571428571428571,0.3333333333333333,0.0,0.0,0.0,0.5,0.0,0.3333333333333333,0.5,0.3333333333333333,0.3333333333333333,0.3333333333333333,0.6363636363636364,0.0,0.6666666666666666,0.0,0.5,0.125,0.6153846153846154,0.45454545454545453,0.0,0.3333333333333333,0.5,0.3333333333333333,0.5,1.0,0.0,0.0,0.0,0.6,0.0,0.3333333333333333,0.0,0.0,0.0,0.0,0.6,0.0,1.0,0.0,0.0,1.0,0.5,1.0,0.6666666666666666,0.0,0.0,0.75,0.2857142857142857,0.38461538461538464,1.0,0.0,0.5714285714285714,0.2,0.6666666666666666,0.25,0.0,0.4,1.0,0.2222222222222222,0.7142857142857143,0.4230769230769231,0.75,0.375,0.875,0.0,0.16666666666666666,0.42857142857142855,1.0,0.3333333333333333,0.0,0.5,0.42105263157894735,0.2857142857142857,0.0,0.75,0.3333333333333333,0.6666666666666666,0.2857142857142857,0.3333333333333333,0.0,0.3333333333333333,1.0,0.25,0.5,0.0,0.5555555555555556,0.3333333333333333,0.5,0.2,0.5,0.0,0.34782608695652173,0.34615384615384615,0.0,0.5,0.3333333333333333,0.14285714285714285,0.25,0.0,0.5,0.3888888888888889,0.0,1.0,1.0,0.0,1.0,0.0,1.0,0.0,0.0,0.875,0.4,0.0,0.0,0.3333333333333333,1.0,0.0,0.625,0.3333333333333333,0.0,0.25,0.0,0.0,0.0,0.42857142857142855,1.0,0.0,0.0,0.7142857142857143,0.16666666666666666,0.29411764705882354,0.875,0.4,0.5,0.0,0.3333333333333333,0.0,0.5,0.0,0.8333333333333334,1.0,1.0,0.0,0.0,0.6666666666666666,0.0,0.5,0.75,0.8,0.0,1.0,0.0,0.0,1.0,0.0,0.7142857142857143,0.5,0.5,0.0,0.625,0.8333333333333334,0.3333333333333333,0.0,1.0,0.0,0.0,0.0,1.0,0.6666666666666666,0.25,1.0,0.0,1.0,0.5,0.5,0.0,0.0,0.0,0.16666666666666666,0.0,0.42857142857142855,0.5,1.0,0.625,0.7,0.5714285714285714,0.6,0.75,0.5833333333333334,0.5555555555555556,0.5454545454545454,0.0,0.8571428571428571,0.16666666666666666,1.0,0.75,0.7,0.1,0.4,0.0,1.0,0.0,1.0,0.25,0.0,0.0,0.4444444444444444,0.5,0.6666666666666666,0.0,0.42105263157894735,0.0,0.5714285714285714,0.5,0.2,0.631578947368421,1.0,0.6666666666666666,0.0,0.0,0.0,0.3333333333333333,0.0,0.8,0.0,1.0,0.2,0.0,0.0,0.5555555555555556,0.42857142857142855,0.5,0.75,0.0,0.0,0.8571428571428571,0.4,0.0,0.2,0.0,1.0,0.375,0.3333333333333333,0.0,0.0,0.375,0.6,0.0,0.2,0.75,0.4444444444444444,0.4166666666666667,0.5,0.5,0.42857142857142855,1.0,0.14285714285714285,0.26666666666666666,0.5454545454545454,0.8333333333333334,0.0,0.0,0.0,1.0,0.0,0.6666666666666666,1.0,0.0,1.0,0.0,0.0,0.0,0.5,0.75,0.0,1.0,0.0,1.0,0.7142857142857143,0.0,0.5,0.6666666666666666,1.0,0.3333333333333333,1.0,0.75,0.5,0.0,0.6,0.0,0.5,0.0,1.0,0.8333333333333334,0.5,0.0,0.5,1.0,1.0,0.0,1.0
TAT,0.0,0.0,1.0,0.25,0.0,0.5,0.0,0.6666666666666666,0.75,0.8333333333333334,0.0,0.6666666666666666,0.0,0.5,0.8333333333333334,0.2857142857142857,1.0,0.75,1.0,1.0,1.0,0.0,0.0,0.0,0.0,0.0,0.0,0.0,0.0,0.3333333333333333,0.0,0.3333333333333333,0.0,0.0,0.0,0.0,0.3333333333333333,1.0,0.0,0.0,0.8,0.0,1.0,0.0,1.0,0.8,0.0,0.0,0.5,0.0,0.5,0.6666666666666666,0.5,0.0,0.3333333333333333,0.6,0.0,1.0,0.0,0.0,0.3333333333333333,0.0,0.0,0.5,0.5,0.5,0.0,1.0,0.25,0.7142857142857143,0.2,0.0,0.0,1.0,0.5,1.0,0.0,0.7142857142857143,0.0,1.0,1.0,0.5,0.6666666666666666,1.0,0.0,1.0,0.0,0.5,0.8,0.7,0.0,0.0,0.0,0.6,0.4,0.8,0.4,0.0,1.0,0.0,0.0,0.0,0.5,0.3333333333333333,0.3333333333333333,0.5,0.0,0.7272727272727273,0.25,0.5,1.0,0.0,0.3333333333333333,0.0,0.0,0.5,0.0,0.5714285714285714,1.0,1.0,0.0,0.0,0.5,0.0,0.0,0.0,0.0,0.0,0.0,0.0,0.0,1.0,1.0,0.0,0.0,0.0,0.0,1.0,0.0,0.0,0.5,0.0,1.0,0.5454545454545454,0.8333333333333334,0.5,0.0,0.5,0.42857142857142855,0.4,0.0,0.5,0.3333333333333333,0.3333333333333333,0.375,0.6,0.0,0.42857142857142855,0.0,0.5,0.625,0.0,0.3333333333333333,1.0,0.6666666666666666,1.0,0.6666666666666666,0.5555555555555556,1.0,0.5555555555555556,0.0,0.8,0.8,0.8333333333333334,0.9090909090909091,0.0,0.3333333333333333,0.7,1.0,0.6666666666666666,0.8333333333333334,0.3333333333333333,0.6,0.4444444444444444,1.0,0.0,0.0,0.5714285714285714,0.2857142857142857,0.5333333333333333,0.0,0.5,0.5,0.7272727272727273,0.5714285714285714,0.0,0.6428571428571429,0.5384615384615384,0.0,0.3333333333333333,0.0,0.0,0.6666666666666666,0.0,0.5,0.0,0.0,1.0,0.5,0.5,0.0,0.0,0.3333333333333333,0.0,0.0,1.0,0.3333333333333333,0.0,0.0,0.0,0.0,0.5,1.0,0.0,1.0,1.0,0.7,0.3333333333333333,0.6666666666666666,0.4,0.0,0.0,1.0,0.5,0.75,0.0,0.0,1.0,0.5,1.0,0.0,0.5,0.0,0.25,0.5,0.75,0.0,0.7142857142857143,0.0,0.0,0.5,1.0,0.0,0.5,0.5,1.0,0.0,0.3333333333333333,0.75,0.0,0.6666666666666666,1.0,0.6666666666666666,0.5,0.0,0.6,0.2857142857142857,0.25,0.75,0.75,0.6666666666666666,0.0,0.0,0.75,1.0,0.3333333333333333,0.6666666666666666,0.625,0.8888888888888888,0.0,0.5,0.5,0.5,0.0,0.0,0.5,0.9090909090909091,0.6666666666666666,0.0,0.0,0.0,0.6,1.0,0.3333333333333333,0.4,0.4,0.0,0.5,0.5714285714285714,0.0,0.0,0.7142857142857143,0.75,0.14285714285714285,0.0,1.0,0.375,0.5,1.0,0.5,0.5,0.0,1.0,0.8333333333333334,0.8333333333333334,0.3333333333333333,0.0,0.0,0.0,0.5,1.0,0.42857142857142855,0.0,0.4,0.0,0.6666666666666666,0.8181818181818182,0.42857142857142855,0.0,0.3333333333333333,0.4,0.6666666666666666,0.5714285714285714,0.6,0.36363636363636365,0.2857142857142857,0.0,0.5,0.25,0.0,0.5,1.0,0.6666666666666666,0.5714285714285714,0.0,0.0,1.0,0.4444444444444444,0.3333333333333333,0.5,0.6666666666666666,0.45454545454545453,0.8,1.0,0.5714285714285714,0.3333333333333333,1.0,1.0,0.0,0.0,0.0,1.0,0.0,0.5,0.5,0.0,1.0,0.0,0.0,0.0,1.0,0.0,1.0,0.0,0.0,0.0,0.0,0.0,0.6666666666666666,0.0,0.0,0.3333333333333333,1.0,1.0,0.0,1.0,0.0,0.5,1.0,0.8,0.0,0.0,0.0,0.4,1.0,0.6666666666666666,1.0,0.0
TCA,0.5,0.0,0.6666666666666666,0.6666666666666666,0.0,0.0,0.0,0.2,0.2,0.6666666666666666,1.0,0.6666666666666666,0.3333333333333333,0.4444444444444444,0.25,0.16666666666666666,0.2222222222222222,1.0,1.0,0.8,0.25,0.0,0.0,0.5,0.0,0.0,0.0,0.0,0.0,0.0,0.0,0.0,0.0,0.0,0.6666666666666666,0.6,0.0,0.0,0.0,0.0,0.0,0.0,0.0,0.0,0.0,0.2,0.0,1.0,0.7142857142857143,0.5,0.5,0.375,0.4444444444444444,0.0,0.0,0.16666666666666666,0.0,0.0,0.0,1.0,0.0,0.0,0.4,0.0,1.0,0.3333333333333333,0.0,1.0,0.375,0.4117647058823529,1.0,0.0,0.0,0.0,0.5,0.0,0.3333333333333333,0.5714285714285714,1.0,0.0,0.8888888888888888,0.3333333333333333,0.0,0.625,1.0,0.6,0.0,0.0,1.0,0.0,0.0,0.8333333333333334,0.0,1.0,0.5555555555555556,0.0,1.0,0.3333333333333333,0.0,0.0,0.0,0.5,0.0,0.2,0.0,0.2857142857142857,1.0,0.18181818181818182,1.0,0.15384615384615385,0.7142857142857143,0.0,1.0,0.0,0.625,0.5,0.14285714285714285,0.8571428571428571,1.0,0.0,0.0,0.0,0.0,0.0,0.0,0.0,0.0,0.0,0.0,0.625,0.0,0.0,1.0,0.0,0.0,0.0,0.0,0.0,0.0,0.0,0.5714285714285714,1.0,0.3333333333333333,0.0,0.8181818181818182,0.0,0.0,0.0,0.8333333333333334,0.7142857142857143,0.0,0.375,0.0,0.0,0.6363636363636364,0.6666666666666666,0.25,0.0,0.5,0.0,0.2,0.0,0.1111111111111111,0.5,0.0,0.5,0.0,0.8,1.0,0.0,0.3333333333333333,0.6,0.6,0.6666666666666666,0.75,0.5,0.0,0.7857142857142857,1.0,0.6,0.5,0.0,0.25,0.0,0.9166666666666666,0.0,0.0,0.0,0.07692307692307693,0.5517241379310345,0.8333333333333334,0.5714285714285714,0.25,0.625,0.6363636363636364,0.3333333333333333,0.6,0.5384615384615384,0.0,0.25,0.0,0.0,0.8333333333333334,0.75,1.0,0.0,0.0,0.0,1.0,0.3333333333333333,0.0,0.0,0.0,0.0,1.0,0.0,0.5,0.0,0.0,0.0,1.0,0.0,0.6923076923076923,0.6666666666666666,0.0,0.0,0.2,0.2857142857142857,1.0,0.625,0.0,0.0,0.9,0.14285714285714285,0.3333333333333333,0.0,0.0,0.8571428571428571,1.0,0.0,0.0,0.3333333333333333,0.0,0.5555555555555556,0.0,0.6666666666666666,0.5,0.8888888888888888,0.0,0.0,0.6666666666666666,0.0,0.0,0.375,0.0,0.75,0.0,0.3333333333333333,0.5,0.0,0.0,0.3333333333333333,1.0,0.3333333333333333,0.0,0.8,1.0,0.0,0.0,1.0,0.0,0.0,1.0,0.75,0.4,0.0,0.0,0.0,0.42857142857142855,0.4,0.0,0.125,0.3333333333333333,0.7368421052631579,1.0,0.6428571428571429,0.8888888888888888,0.6666666666666666,0.6666666666666666,0.7142857142857143,0.5,0.6428571428571429,0.4782608695652174,0.7272727272727273,0.75,0.6666666666666666,0.0,0.0,0.5,0.0,0.125,0.0,0.0,0.0,0.0,0.0,0.8333333333333334,0.0,1.0,0.5454545454545454,0.0,0.5,0.6666666666666666,0.7777777777777778,1.0,0.4166666666666667,0.0,0.5,0.5,0.75,0.5,1.0,0.5,0.2222222222222222,0.0,0.5,0.0,0.0,0.0,0.2,0.0,0.16666666666666666,0.7142857142857143,0.8,0.0,0.1111111111111111,0.0,0.0,0.5333333333333333,0.0,0.0,0.6,0.5,0.5,0.0,0.5454545454545454,0.16666666666666666,0.0,1.0,0.0,0.5,0.42857142857142855,0.9166666666666666,0.25,0.36363636363636365,0.25,0.0,0.5,0.0,0.0,0.0,0.0,0.4,0.0,0.0,1.0,0.0,1.0,0.0,0.0,0.0,0.0,0.6,0.0,0.0,0.3333333333333333,0.0,0.0,0.6,0.0,0.0,0.0,0.0,0.0,0.0,0.0,0.5,0.6666666666666666,0.0,0.0,1.0,0.0,0.3333333333333333,0.0,0.75,0.0,0.0,0.0
TCC,0.3333333333333333,0.5,0.46153846153846156,0.0,0.6,0.21428571428571427,0.0,0.6,0.8,0.46153846153846156,1.0,0.5714285714285714,0.75,0.5,0.5,0.4074074074074074,0.6,0.1,0.25,0.5714285714285714,0.375,0.0,0.0,0.0,1.0,0.0,0.0,1.0,0.3333333333333333,0.4,0.0,0.0,0.0,0.5,0.0,0.0,0.0,0.0,0.0,0.0,0.2,0.0,0.75,0.2222222222222222,0.8333333333333334,0.375,1.0,0.5,0.14285714285714285,0.3333333333333333,0.3333333333333333,0.7142857142857143,0.4,0.0,0.625,0.9,0.6666666666666666,0.375,0.0,0.0,0.21428571428571427,1.0,0.6,0.25,0.5,0.1,0.0,0.5,0.15384615384615385,0.35714285714285715,0.5,0.25,0.36363636363636365,0.0,0.8,0.25,0.125,0.5,0.0,0.5,1.0,1.0,0.25,0.2857142857142857,0.6,0.1,0.5,0.0,0.14285714285714285,0.0,0.0,0.0,0.0,1.0,0.9,0.25,0.45454545454545453,0.7,1.0,0.42857142857142855,0.0,0.0,0.2,0.5,0.25,0.4,0.0,0.391304347826087,0.47058823529411764,0.26666666666666666,0.6666666666666666,0.0,0.5555555555555556,0.7777777777777778,0.6,0.4166666666666667,0.25,0.3,1.0,0.4444444444444444,0.16666666666666666,0.0,0.0,0.5,0.0,0.0,0.0,0.0,0.6666666666666666,0.25,0.0,0.25,0.375,0.0,0.25,0.0,0.0,0.6666666666666666,0.0,0.0,0.0,0.16666666666666666,0.0,0.3333333333333333,0.4375,0.3333333333333333,0.0,0.5,0.23076923076923078,0.75,0.0,0.2222222222222222,0.38461538461538464,0.0,0.6666666666666666,0.2,0.5,0.3333333333333333,0.3333333333333333,0.3333333333333333,0.4375,1.0,0.47368421052631576,0.07142857142857142,0.3333333333333333,0.6190476190476191,0.0,0.043478260869565216,0.48484848484848486,0.36363636363636365,0.7777777777777778,0.18181818181818182,0.5,0.8125,0.4666666666666667,0.2,0.5625,0.45454545454545453,0.25,0.25,0.6,0.0,0.8666666666666667,0.2222222222222222,0.0,0.8571428571428571,0.2857142857142857,0.3333333333333333,0.7,0.42105263157894735,0.5,0.7777777777777778,0.46153846153846156,0.3333333333333333,0.2727272727272727,0.14285714285714285,0.23076923076923078,0.4827586206896552,1.0,0.0,0.75,0.0,0.75,0.25,1.0,1.0,0.5,0.75,0.3333333333333333,0.0,0.0,0.0,1.0,0.0,0.5,1.0,0.25,0.0,0.0,0.0,0.0,0.42857142857142855,0.75,0.5,0.3333333333333333,0.3333333333333333,0.6153846153846154,0.4444444444444444,0.8571428571428571,0.5555555555555556,0.5,0.0,0.5,1.0,0.8571428571428571,0.3333333333333333,0.6666666666666666,0.5,0.75,0.0,0.14285714285714285,0.38461538461538464,0.0,0.4444444444444444,0.75,0.0,0.4166666666666667,0.125,0.0,0.6666666666666666,0.14285714285714285,0.9,1.0,0.2857142857142857,0.5,0.26666666666666666,0.0,0.4,0.6363636363636364,0.0,0.6666666666666666,0.5,0.5,0.5238095238095238,0.0,0.38461538461538464,0.18181818181818182,0.46153846153846156,0.0,0.3333333333333333,0.4,0.0,0.6666666666666666,0.5,0.5,1.0,0.625,0.875,0.7142857142857143,0.0,0.75,0.7692307692307693,0.3333333333333333,0.4666666666666667,0.0,0.3125,0.4,0.7272727272727273,0.2,1.0,0.3,0.2727272727272727,0.4117647058823529,0.38095238095238093,0.5,0.3,0.2,0.875,0.375,0.5,0.7272727272727273,0.6666666666666666,1.0,0.3333333333333333,0.0,0.0,0.2222222222222222,0.4444444444444444,0.14285714285714285,0.25,0.5,0.5,0.45,0.23529411764705882,0.4444444444444444,0.09090909090909091,0.14285714285714285,0.1,0.5833333333333334,0.25,0.8181818181818182,0.06666666666666667,0.0,0.5,0.5,0.25,0.45454545454545453,0.25,1.0,0.4,0.5384615384615384,0.7142857142857143,0.5,0.5,0.16666666666666666,0.0,0.0,0.0,0.5555555555555556,0.0,0.875,0.0,0.75,0.5,0.0,0.2727272727272727,0.6,0.5333333333333333,0.6666666666666666,0.5,0.3333333333333333,0.75,0.5714285714285714,0.35294117647058826,0.375,0.625,0.5,0.375,1.0,0.0,0.0,0.625,1.0,0.25,0.0,0.0,1.0,0.0,0.8333333333333334,0.0,0.6666666666666666,0.0,1.0,0.0,0.0,0.25,0.0,0.3333333333333333,0.3333333333333333,0.0,0.0,0.6666666666666666,1.0,0.2857142857142857,0.0,0.2,0.14285714285714285,0.3333333333333333,0.8333333333333334,0.75,0.6666666666666666,0.16666666666666666,0.4,0.0,0.4,0.5555555555555556,0.0,0.3333333333333333
TCG,0.14285714285714285,0.3333333333333333,1.0,0.034482758620689655,0.0,0.06666666666666667,1.0,0.35,1.0,0.543859649122807,0.0,0.29411764705882354,0.3333333333333333,0.25,0.8,0.09090909090909091,0.09090909090909091,0.2,0.0,0.8,0.0,0.0,0.0,0.0,0.0,1.0,1.0,0.0,0.0,0.0,0.0,0.0,0.0,0.0,0.0,0.0,0.0,0.0,0.0,0.0,0.75,0.0,0.5,0.5,0.3333333333333333,0.2631578947368421,0.5,0.5454545454545454,0.26666666666666666,0.23529411764705882,0.0,0.25,0.0,0.3333333333333333,0.3333333333333333,0.07692307692307693,0.5,0.19047619047619047,0.0,1.0,0.0,0.3333333333333333,0.0,0.3333333333333333,0.25,0.3333333333333333,0.0,0.047619047619047616,0.16666666666666666,0.06666666666666667,0.6666666666666666,0.0,0.0,0.25,0.6,0.7428571428571429,0.25,0.6923076923076923,0.0,0.08333333333333333,0.23076923076923078,1.0,0.3333333333333333,0.125,0.0,0.5,0.0,0.3333333333333333,0.0,0.0,0.0,0.0,0.0,0.4,0.4375,0.6666666666666666,0.2857142857142857,0.0,0.375,0.25,0.6153846153846154,0.0,0.75,0.6666666666666666,0.4,0.42857142857142855,0.0,0.13636363636363635,0.2,0.23076923076923078,0.0,0.0,0.125,0.6666666666666666,0.5,0.2,0.75,0.3333333333333333,0.3333333333333333,0.2,0.2,0.0,0.0,0.0,0.0,0.6666666666666666,0.0,0.25,0.0,0.25,0.0,0.0,0.0,0.0,0.5,0.5,0.0,0.25,0.0,1.0,0.09090909090909091,0.0,0.25,0.1111111111111111,1.0,0.3333333333333333,0.0,0.0,0.41935483870967744,0.13043478260869565,0.0,0.0,0.6666666666666666,0.49056603773584906,0.42857142857142855,0.3333333333333333,0.09090909090909091,0.038461538461538464,0.0,0.0,0.6341463414634146,0.0,0.24,0.35294117647058826,0.0,0.5294117647058824,0.0,0.16666666666666666,0.5,0.3783783783783784,0.4,1.0,0.2222222222222222,0.32,0.24,0.0,0.10714285714285714,0.3,0.5714285714285714,0.0,0.1111111111111111,0.0,0.5555555555555556,0.14285714285714285,0.0,0.12121212121212122,0.16666666666666666,0.043478260869565216,0.175,0.78125,0.0,0.2727272727272727,0.08108108108108109,0.10526315789473684,0.8064516129032258,0.9615384615384616,0.48333333333333334,0.20408163265306123,0.0,0.3333333333333333,0.5,0.0,0.12,0.5,0.0,0.3333333333333333,1.0,0.0,0.7142857142857143,1.0,0.0,0.0,0.0,0.0,0.875,0.3333333333333333,0.0,0.0,0.0,0.0,0.0,0.0,0.16666666666666666,0.0,1.0,1.0,0.15,0.2857142857142857,1.0,0.4,0.25,0.07692307692307693,0.15384615384615385,0.3333333333333333,0.37037037037037035,1.0,0.0,1.0,0.38461538461538464,0.0,0.0,0.06666666666666667,0.0,0.0,0.05263157894736842,0.03571428571428571,0.07142857142857142,0.17142857142857143,1.0,0.3333333333333333,0.0,0.0,0.3333333333333333,0.25,1.0,0.3,0.0,0.0,0.17073170731707318,0.0,0.3125,0.2222222222222222,0.5,0.05263157894736842,0.3333333333333333,0.05714285714285714,0.4642857142857143,0.5178571428571429,0.25,0.4,0.3,1.0,0.3333333333333333,0.36363636363636365,1.0,0.0,0.16666666666666666,0.4,0.375,0.0,0.5,0.13043478260869565,0.4,0.8653846153846154,1.0,0.5,0.5555555555555556,0.5,0.9230769230769231,0.75,0.0,0.75,0.4827586206896552,0.6,0.26666666666666666,0.25,0.3333333333333333,0.3333333333333333,0.5,0.5,0.0,0.96,0.2,0.36363636363636365,0.0,0.0,0.7352941176470589,0.125,0.0,0.0,0.17391304347826086,0.0,0.2857142857142857,0.18181818181818182,0.0,0.16666666666666666,0.16666666666666666,0.0,0.5,0.0,0.0,0.4166666666666667,1.0,0.05555555555555555,0.0,0.5,0.6666666666666666,0.3333333333333333,0.0,0.09090909090909091,0.25,0.3333333333333333,0.75,0.0,0.0,0.6486486486486487,0.0,0.0,0.25,0.0,0.3,0.25,0.2,0.2,0.3333333333333333,0.6451612903225806,0.1794871794871795,0.25,0.0,0.8,0.4166666666666667,0.11764705882352941,0.8,0.0,0.15384615384615385,0.42857142857142855,1.0,0.0,0.0625,0.0,0.0,0.14285714285714285,0.6666666666666666,0.0,0.0,0.0,0.4,0.0,0.3333333333333333,0.0,0.2727272727272727,0.0,0.8333333333333334,0.0,0.0,0.0,0.0,0.1111111111111111,0.7419354838709677,0.0,0.0,0.0,0.8,0.5,0.0,0.75,0.0,0.05555555555555555,0.42857142857142855,0.4444444444444444,0.0,0.03125,0.0,0.6666666666666666,0.2222222222222222,0.0,0.0,0.16666666666666666
TCT,0.5714285714285714,0.0,1.0,0.3333333333333333,0.5,0.0,0.0,0.25,0.0,0.2,1.0,1.0,0.5,0.0,1.0,0.4,0.0,0.14285714285714285,1.0,1.0,0.0,0.0,1.0,0.0,1.0,0.0,0.0,0.0,0.0,0.0,0.0,0.0,0.0,0.0,0.0,0.0,0.0,0.0,0.0,0.0,0.6666666666666666,0.0,0.0,0.0,0.6666666666666666,0.0,0.0,0.0,0.5,0.3333333333333333,1.0,0.6666666666666666,0.2,0.0,0.8333333333333334,0.6666666666666666,0.6666666666666666,0.0,0.0,0.0,0.25,0.0,1.0,0.6666666666666666,0.3333333333333333,0.14285714285714285,0.0,0.5,0.0,1.0,1.0,1.0,0.6,0.0,0.42857142857142855,0.4,0.5714285714285714,0.5,0.0,0.0,0.0,1.0,0.8,1.0,0.5,0.0,0.0,0.0,0.0,0.6666666666666666,0.0,0.0,0.6666666666666666,1.0,0.5,0.5,0.0,0.3333333333333333,0.0,0.0,0.0,0.0,0.5,0.2,0.0,0.0,1.0,0.2222222222222222,0.6666666666666666,0.5,0.0,0.0,0.0,0.0,0.7777777777777778,0.2,0.0,0.5,0.0,0.6666666666666666,0.0,0.0,0.0,0.0,0.0,0.0,0.0,0.6666666666666666,1.0,0.0,0.0,0.0,1.0,0.0,0.0,1.0,0.0,1.0,1.0,0.0,0.3333333333333333,0.0,0.3333333333333333,0.2857142857142857,0.0,0.0,1.0,0.0,0.4,0.0,0.0,0.0,0.75,1.0,0.25,0.3333333333333333,0.3333333333333333,0.0,1.0,0.6666666666666666,0.4,1.0,0.375,0.16666666666666666,0.3333333333333333,0.4,1.0,0.5,1.0,0.375,0.0,0.0,0.5,0.6,0.4444444444444444,0.6,0.42857142857142855,0.25,0.5,0.5,0.5,0.0,0.4,0.0,0.42857142857142855,0.5,0.0,0.0,0.2857142857142857,0.14285714285714285,0.0,0.6666666666666666,0.5555555555555556,0.0,0.7777777777777778,0.0,0.3333333333333333,0.42857142857142855,0.0,0.4,0.5,0.0,0.0,0.0,0.0,1.0,0.0,0.6666666666666666,0.6,0.0,0.0,0.0,0.3333333333333333,0.0,0.0,0.0,0.0,1.0,0.0,0.0,0.0,0.8,0.0,0.6666666666666666,1.0,0.0,0.3333333333333333,0.3333333333333333,0.0,0.6666666666666666,0.5,0.0,0.7142857142857143,0.5,0.0,0.0,1.0,0.0,1.0,0.0,0.0,0.75,0.5,0.5,0.0,0.0,0.5,0.42857142857142855,0.0,1.0,0.0,0.3333333333333333,0.42857142857142855,0.6,0.0,0.0,0.0,0.0,0.3333333333333333,0.0,0.5,0.75,0.5,0.5,0.0,0.8333333333333334,1.0,0.3333333333333333,0.0,1.0,0.0,0.0,1.0,0.0,0.0,0.5,0.0,0.5,0.6666666666666666,0.0,0.42857142857142855,0.625,0.8,0.42857142857142855,0.5,0.5555555555555556,1.0,0.5454545454545454,0.0,0.42857142857142855,0.5,0.6666666666666666,0.7777777777777778,0.3333333333333333,0.0,0.8333333333333334,0.5,0.0,0.4,0.0,0.0,0.3333333333333333,1.0,0.5,0.0,1.0,0.0,0.7142857142857143,0.25,0.0,0.0,0.0,0.7,0.2857142857142857,0.0,0.5,0.0,0.0,0.0,1.0,0.0,0.5,0.0,0.0,1.0,0.0,0.5,0.2,1.0,0.3333333333333333,0.0,0.0,0.8333333333333334,0.0,1.0,0.25,0.0,0.6666666666666666,0.0,0.0,0.5,0.0,0.0,0.5,0.0,0.375,0.5,0.2857142857142857,0.0,0.0,0.3333333333333333,0.42857142857142855,0.5,1.0,0.2857142857142857,0.0,1.0,0.0,0.0,0.0,0.0,0.0,0.8333333333333334,1.0,1.0,0.5,0.0,0.0,0.0,1.0,0.0,0.0,0.6666666666666666,0.0,1.0,1.0,0.0,0.0,0.25,0.0,0.75,1.0,0.6666666666666666,1.0,0.0,0.0,1.0,0.5,0.0,0.0,0.0,0.0,0.0,0.5,0.0,1.0,0.0,0.0
TGA,0.4444444444444444,0.5,0.8333333333333334,0.2222222222222222,0.36363636363636365,0.6190476190476191,0.14285714285714285,0.3333333333333333,0.5454545454545454,0.6666666666666666,0.75,0.21428571428571427,0.6,0.0,0.6111111111111112,0.4583333333333333,0.4,0.5,0.0,1.0,1.0,0.5,0.25,0.2222222222222222,0.0,0.3333333333333333,0.0,0.4,1.0,0.3333333333333333,0.0,0.0,0.0,0.0,0.0,0.5,0.3333333333333333,0.0,0.0,0.75,0.2,0.0,0.4444444444444444,0.6666666666666666,0.5,0.5714285714285714,1.0,0.3,0.5,0.5,0.0,0.875,0.5,0.0,0.5833333333333334,0.7272727272727273,0.3333333333333333,0.16666666666666666,0.0,0.0,0.2857142857142857,0.0,0.4,0.6,0.0,0.5,0.0,0.4444444444444444,0.5,0.0,0.8333333333333334,0.6666666666666666,1.0,0.25,0.7857142857142857,0.5,0.6842105263157895,0.36363636363636365,0.25,0.0,1.0,1.0,0.25,0.5714285714285714,0.0,0.0,0.0,0.25,0.4,0.0,0.0,0.625,0.0,0.75,1.0,0.1111111111111111,0.375,0.5,0.0,0.7,0.36363636363636365,0.0,0.0,0.36363636363636365,0.5,0.42857142857142855,0.5,0.5714285714285714,0.3888888888888889,0.5555555555555556,0.4,0.4,0.5,0.5,0.6666666666666666,0.38461538461538464,0.4,0.4,0.0,0.8,0.6666666666666666,0.0,0.0,0.0,0.0,0.5,0.0,0.3333333333333333,0.0,0.2,0.0,0.0,0.5,0.0,0.3333333333333333,0.5714285714285714,0.0,0.6666666666666666,0.5,0.0,0.2,0.3333333333333333,0.4444444444444444,0.375,0.5,0.42857142857142855,0.2,0.8,0.6,0.5714285714285714,0.5,0.5,0.5,0.25,0.47619047619047616,0.26666666666666666,0.7142857142857143,0.6521739130434783,1.0,0.2222222222222222,0.8461538461538461,0.5714285714285714,0.75,0.5,0.0,0.8181818181818182,0.42857142857142855,0.35294117647058826,0.7647058823529411,0.6,0.0,0.25,0.7777777777777778,0.5,0.6,0.5,0.5714285714285714,0.3,1.0,0.5,0.6,0.2,0.75,0.45454545454545453,0.4,0.5,0.3333333333333333,0.14285714285714285,0.5294117647058824,0.46153846153846156,0.4,0.8333333333333334,0.7333333333333333,0.6363636363636364,0.43478260869565216,0.3333333333333333,0.2727272727272727,0.4,0.0,0.0,0.5,0.0,1.0,0.3333333333333333,0.8571428571428571,1.0,0.0,1.0,0.75,0.0,0.0,0.0,0.75,1.0,1.0,0.2857142857142857,0.0,0.6666666666666666,0.0,0.0,1.0,0.6,0.6,0.5,1.0,0.0,0.5,0.4666666666666667,1.0,0.3333333333333333,0.5,0.0,0.7142857142857143,0.6666666666666666,0.4,0.3333333333333333,1.0,0.0,0.4,0.0,1.0,0.7142857142857143,0.6,0.5,0.0,0.7777777777777778,0.6666666666666666,0.5555555555555556,0.0,0.75,0.25,0.8,0.42857142857142855,0.125,0.0,0.5625,0.0,0.4444444444444444,0.6875,0.0,0.0,0.3333333333333333,0.6666666666666666,0.14285714285714285,0.0,0.6666666666666666,0.36363636363636365,0.0,0.6,1.0,0.25,0.0,1.0,0.0,1.0,0.2857142857142857,0.0,0.5,0.4666666666666667,0.5,0.4666666666666667,0.8,0.5,0.17647058823529413,1.0,0.5882352941176471,0.5714285714285714,0.7647058823529411,0.0,0.6666666666666666,0.75,0.3684210526315789,0.5909090909090909,0.4444444444444444,0.25,0.6666666666666666,0.3333333333333333,1.0,0.0,1.0,0.1111111111111111,0.75,0.375,0.21052631578947367,0.0,0.625,0.5,0.5555555555555556,1.0,0.5,0.18181818181818182,0.6666666666666666,0.5555555555555556,0.75,0.6666666666666666,0.6923076923076923,1.0,0.5555555555555556,0.5238095238095238,0.2,0.6666666666666666,0.3333333333333333,0.3333333333333333,0.46153846153846156,0.8571428571428571,0.25,0.7,0.125,1.0,0.5,0.25,0.0,0.5,0.6,0.0,0.75,0.0,0.0,0.42857142857142855,0.75,0.0,0.6153846153846154,0.8,0.5,0.0,0.42857142857142855,0.8,0.25,0.625,0.5555555555555556,0.4,0.3333333333333333,0.5,0.6,0.4375,0.7272727272727273,0.3333333333333333,1.0,0.0,0.0,0.0,0.0,0.5,0.4,0.0,0.0,0.0,0.0,0.0,0.5,0.0,0.0,0.6,0.0,0.0,1.0,0.0,0.0,0.75,0.0,0.625,0.5,0.25,0.6666666666666666,0.0,0.2727272727272727,0.8461538461538461,0.3333333333333333,0.0,0.2,0.5,0.6,0.4,0.14285714285714285,1.0,0.4,0.0,0.2
TGC,0.6578947368421053,1.0,0.25,0.5681818181818182,0.5625,0.23809523809523808,0.8947368421052632,0.5,0.5384615384615384,0.5471698113207547,0.5,0.7692307692307693,0.26666666666666666,0.75,0.10526315789473684,0.5227272727272727,0.13513513513513514,0.2702702702702703,0.75,0.42857142857142855,0.0,0.0,0.0,0.0,0.0,0.25,0.0,0.5,0.0,1.0,0.0,0.0,0.0,0.0,0.0,0.0,0.0,0.0,0.0,0.0,0.5,0.0,0.5454545454545454,0.0,0.34375,0.6976744186046512,0.0,0.5769230769230769,0.5,0.4166666666666667,0.5,1.0,0.14285714285714285,0.0,0.1,0.574468085106383,0.2,0.12121212121212122,1.0,0.0,0.023255813953488372,0.0,0.5,0.13333333333333333,0.9230769230769231,0.2857142857142857,0.0,0.7073170731707317,0.2857142857142857,0.631578947368421,0.5,0.0,0.5535714285714286,0.02564102564102564,0.3333333333333333,0.7741935483870968,0.23958333333333334,0.1111111111111111,0.8181818181818182,0.5,0.42857142857142855,0.0,0.5714285714285714,0.0,0.6666666666666666,0.0,0.0,0.0,0.8727272727272727,0.5,0.0,0.0,0.6666666666666666,0.8333333333333334,0.2727272727272727,0.45454545454545453,0.6,0.926829268292683,0.13636363636363635,0.18181818181818182,0.8433734939759037,0.0,0.6,0.4,0.6296296296296297,0.0,0.0,0.6341463414634146,0.3013698630136986,0.12,0.3333333333333333,0.10526315789473684,0.18181818181818182,0.14,0.4482758620689655,0.48,0.0,0.14285714285714285,0.5,0.45454545454545453,0.2222222222222222,0.0,0.8,0.5,0.0,0.0,0.5,0.0,0.8076923076923077,0.0,0.0,0.3333333333333333,0.0,0.0,0.0,0.0,0.9791666666666666,0.0,0.0,0.0,0.6222222222222222,0.0,0.75,0.3,0.5789473684210527,0.2,0.0,0.8333333333333334,0.2826086956521739,0.2727272727272727,1.0,1.0,0.14893617021276595,0.4943820224719101,0.6,0.15384615384615385,0.0,0.09722222222222222,0.0,0.5555555555555556,0.2777777777777778,0.0,0.5,0.16981132075471697,0.8125,0.19148936170212766,0.0,0.27450980392156865,0.32558139534883723,0.39097744360902253,0.8333333333333334,0.2857142857142857,0.3684210526315789,0.21568627450980393,0.16666666666666666,0.84375,0.7948717948717948,0.08,0.5,0.06976744186046512,0.20930232558139536,0.0,0.17647058823529413,0.04,0.25,0.7640449438202247,0.8333333333333334,0.5490196078431373,0.34782608695652173,0.29545454545454547,0.5,0.25,0.7105263157894737,0.52,0.225,0.17142857142857143,0.31313131313131315,0.5535714285714286,0.0,0.16666666666666666,0.25,0.0,0.2727272727272727,0.75,1.0,0.0,1.0,0.8,0.0,1.0,0.0,0.0,1.0,0.75,0.8666666666666667,1.0,0.0,0.3333333333333333,0.0,0.0,0.045454545454545456,0.42857142857142855,0.7272727272727273,0.5,1.0,0.10526315789473684,0.2,0.5714285714285714,1.0,0.7692307692307693,0.18181818181818182,0.8771929824561403,0.8490566037735849,0.967741935483871,0.8068181818181818,0.6,0.5208333333333334,0.5,0.5882352941176471,0.0,0.3684210526315789,0.29411764705882354,0.90625,0.058823529411764705,0.42857142857142855,0.0975609756097561,0.7647058823529411,0.6625,0.8571428571428571,0.8333333333333334,1.0,0.8235294117647058,0.5,0.38461538461538464,0.0,0.375,0.0,0.8235294117647058,0.7288135593220338,0.0,0.14285714285714285,0.8529411764705882,0.0,0.32857142857142857,0.0,0.6825396825396826,0.3885350318471338,0.0449438202247191,0.0,0.0,0.3333333333333333,0.7272727272727273,0.9090909090909091,0.9166666666666666,0.25,0.16,0.12903225806451613,0.9230769230769231,0.6666666666666666,0.0,0.3,0.7903225806451613,0.09090909090909091,0.6290322580645161,0.0,0.47058823529411764,0.5714285714285714,0.4090909090909091,0.5625,0.9,0.875,0.24390243902439024,0.8888888888888888,1.0,0.15789473684210525,0.2222222222222222,0.5,0.7,0.7096774193548387,0.0,1.0,0.9642857142857143,0.9090909090909091,0.45454545454545453,0.0,0.4,0.11363636363636363,0.76,0.0,0.3333333333333333,0.85,0.9230769230769231,0.6976744186046512,0.96,0.75,0.5,0.0,0.7058823529411765,0.21428571428571427,0.3333333333333333,0.8333333333333334,0.291970802919708,0.0,0.125,0.0,0.625,0.515625,0.16666666666666666,0.0,0.7586206896551724,0.8125,0.16666666666666666,0.75,0.3888888888888889,0.5909090909090909,0.0,0.012048192771084338,0.0,0.4583333333333333,0.0,0.1724137931034483,0.09090909090909091,0.2727272727272727,0.16666666666666666,0.0,0.23333333333333334,0.3275862068965517,0.45161290322580644,0.5714285714285714,0.6886792452830188,0.05263157894736842,0.17777777777777778,0.17073170731707318,0.6470588235294118,0.19230769230769232,0.23333333333333334,0.0,0.0,0.8846153846153846,0.0,0.0,0.4426229508196721,0.0,0.1,0.0,0.047619047619047616,0.16666666666666666,1.0,0.0,0.0,0.42857142857142855,0.8333333333333334,1.0,0.0,0.0,0.5909090909090909,0.0,0.0,0.6666666666666666,0.0,0.5833333333333334,0.0,1.0,0.0,0.5,0.375,1.0,0.0,0.3,0.5882352941176471,0.125,0.4807692307692308,0.9230769230769231,0.9117647058823529,0.3125,0.21951219512195122,0.7407407407407407,0.0
TGG,0.21621621621621623,0.12,0.0,0.696969696969697,0.21739130434782608,0.13333333333333333,0.125,0.375,0.3076923076923077,0.375,0.0,0.16666666666666666,0.5714285714285714,0.5,0.7894736842105263,0.18867924528301888,0.5833333333333334,0.45,0.0,0.0,0.1111111111111111,0.4444444444444444,0.25,0.043478260869565216,0.6666666666666666,0.07407407407407407,0.0,0.5,0.0,0.029411764705882353,0.0,0.6,0.0,0.5,0.15384615384615385,0.0,0.0,0.0,0.0,0.5,0.28888888888888886,0.0,0.26666666666666666,0.0,0.125,0.4375,0.0,0.42857142857142855,0.2,0.2692307692307692,0.0,0.5,0.0,0.5714285714285714,0.2727272727272727,0.0967741935483871,0.5714285714285714,0.5555555555555556,0.0,0.868421052631579,0.0,0.6,0.0,0.3333333333333333,0.18181818181818182,0.07575757575757576,0.0,0.8444444444444444,0.7045454545454546,0.5,0.0,0.30434782608695654,0.6666666666666666,0.5333333333333333,0.78125,0.2857142857142857,0.0967741935483871,0.15384615384615385,0.6666666666666666,0.0,0.75,0.0,0.3333333333333333,0.25,0.8333333333333334,0.4,0.75,0.0,0.0,0.45454545454545453,1.0,0.25,0.0,1.0,0.5813953488372093,0.6578947368421053,0.17073170731707318,0.07407407407407407,0.0,0.0,0.10344827586206896,0.0,0.0,0.14285714285714285,0.3333333333333333,0.14754098360655737,0.75,0.27586206896551724,0.8068181818181818,0.043478260869565216,0.7450980392156863,0.0,0.041666666666666664,0.38461538461538464,0.13333333333333333,0.2,0.4,0.6153846153846154,0.6666666666666666,0.4,0.0,0.0,0.0,0.0,0.0,0.3333333333333333,0.0,1.0,0.6,0.3333333333333333,0.0,0.6666666666666666,0.35,0.0,0.5,0.9027777777777778,0.0,0.7,0.6666666666666666,0.6666666666666666,0.3125,0.0,0.5,0.8717948717948718,0.3333333333333333,0.8314606741573034,0.8,0.5384615384615384,0.375,0.25,0.5714285714285714,0.5,0.0,0.8571428571428571,0.5263157894736842,0.36231884057971014,0.4,0.1935483870967742,0.0,0.375,0.5714285714285714,0.8333333333333334,0.1,0.10810810810810811,0.25,0.24,0.9365079365079365,0.7402597402597403,0.4375,0.0625,0.16666666666666666,0.17391304347826086,0.06060606060606061,0.6923076923076923,0.45454545454545453,0.5189873417721519,0.0,0.6,0.75,0.25,0.5882352941176471,0.125,0.7272727272727273,0.058823529411764705,0.72,0.14285714285714285,0.5714285714285714,0.0,0.16363636363636364,0.41284403669724773,0.15789473684210525,0.625,0.05555555555555555,0.10526315789473684,0.2647058823529412,0.2,0.19444444444444445,0.4791666666666667,0.0,0.2857142857142857,0.25,0.0,0.75,1.0,0.7142857142857143,0.0,0.0,0.75,0.022222222222222223,0.36538461538461536,0.0,0.25,0.6666666666666666,0.0,0.75,0.3,0.5714285714285714,0.3333333333333333,0.0,0.0,0.047619047619047616,0.0,0.0,0.5,1.0,0.96875,0.38461538461538464,0.2413793103448276,0.9,0.15789473684210525,0.6666666666666666,0.6666666666666666,0.3333333333333333,0.15384615384615385,0.4166666666666667,0.0,0.8571428571428571,0.5,0.6666666666666666,0.0,0.0,0.2857142857142857,0.0,0.8,0.5,0.14285714285714285,0.23529411764705882,0.7017543859649122,0.0,0.6666666666666666,0.8571428571428571,0.6904761904761905,0.875,0.9245283018867925,0.5,0.0,0.03225806451612903,0.5555555555555556,0.46875,0.0,0.0,0.6666666666666666,0.7333333333333333,0.5,0.0,1.0,0.5714285714285714,0.3333333333333333,0.09090909090909091,0.375,0.8620689655172413,0.0,0.6666666666666666,0.16666666666666666,0.5,0.03125,0.0,0.0,0.47058823529411764,0.0,0.4444444444444444,0.6086956521739131,0.46153846153846156,0.2608695652173913,0.0,0.8805970149253731,0.5555555555555556,0.2777777777777778,0.2,0.9855072463768116,0.45454545454545453,0.7096774193548387,0.7692307692307693,0.45,0.9833333333333333,0.2222222222222222,0.1282051282051282,0.9759036144578314,0.5714285714285714,0.3333333333333333,0.417910447761194,0.5833333333333334,0.0,0.14814814814814814,0.6666666666666666,0.4,0.6666666666666666,0.041666666666666664,0.058823529411764705,0.5833333333333334,0.35185185185185186,0.375,0.8333333333333334,0.2631578947368421,0.5,0.8356164383561644,0.0,0.5,0.07317073170731707,0.2857142857142857,0.875,0.058823529411764705,0.4444444444444444,0.023809523809523808,0.5714285714285714,0.3076923076923077,0.5333333333333333,0.2631578947368421,0.7142857142857143,0.46153846153846156,0.0,0.16666666666666666,0.974025974025974,0.5384615384615384,0.3333333333333333,0.07692307692307693,0.15,0.42857142857142855,0.16666666666666666,0.07142857142857142,0.2857142857142857,0.19047619047619047,0.6,0.2631578947368421,0.3333333333333333,0.9,0.4117647058823529,0.5957446808510638,0.5,0.12903225806451613,0.5555555555555556,0.3333333333333333,0.8571428571428571,0.15384615384615385,0.16279069767441862,0.2564102564102564,0.4,0.3333333333333333,0.0,0.0,0.0,0.0,0.0,0.5185185185185185,1.0,0.8,0.0,0.0,0.0,0.5,0.0,0.0,0.8888888888888888,0.0,0.0,0.16216216216216217,0.0,0.16666666666666666,0.5714285714285714,0.3333333333333333,0.5,0.953125,0.5,0.6666666666666666,0.0,0.7636363636363637,0.2,0.2222222222222222,0.0,0.6363636363636364,0.3076923076923077,0.043478260869565216,0.5,0.3076923076923077,0.4375,0.625,0.5,0.5
TGT,0.5555555555555556,0.25,0.0,0.21428571428571427,0.0,0.4,0.0,0.3333333333333333,0.5,0.36363636363636365,0.0,0.46153846153846156,0.8333333333333334,0.5,0.5,0.5,0.5,0.3333333333333333,0.0,0.0,0.0,1.0,0.3333333333333333,0.25,0.0,0.0,0.0,0.0,0.0,0.0,0.0,0.0,0.0,0.0,1.0,0.0,0.5,1.0,0.0,1.0,0.4,0.0,0.3,0.0,0.4,0.42857142857142855,0.0,0.0,0.3333333333333333,0.35714285714285715,0.0,0.3333333333333333,0.0,0.5,0.0,0.3333333333333333,0.0,0.3333333333333333,0.0,0.375,0.0,1.0,0.1111111111111111,0.2857142857142857,1.0,0.4,0.0,0.4,0.3333333333333333,0.16666666666666666,0.0,0.0,0.0,0.8571428571428571,0.7727272727272727,0.0,0.09090909090909091,0.5,0.3333333333333333,0.0,1.0,0.0,0.2222222222222222,0.375,0.6,0.4,1.0,0.0,0.0,0.25,1.0,0.0,0.0,0.0,0.46153846153846156,0.3333333333333333,0.42857142857142855,0.5,0.0,0.2857142857142857,0.0,1.0,0.3,0.2,0.42857142857142855,0.25,0.0,0.6363636363636364,0.4782608695652174,0.45454545454545453,0.5454545454545454,0.0,0.6666666666666666,0.3333333333333333,0.18181818181818182,0.3076923076923077,0.5714285714285714,1.0,0.6666666666666666,0.0,1.0,0.0,0.0,0.0,0.0,0.5,0.0,0.3333333333333333,1.0,0.3333333333333333,0.0,0.0,0.3333333333333333,0.0,0.3333333333333333,0.7142857142857143,0.25,0.0,0.25,0.0,0.0,0.0,0.5,0.5,0.5,0.4117647058823529,0.3,0.0,0.3333333333333333,0.5,0.0,0.5,0.0,0.5,0.25,0.14285714285714285,0.0,0.2222222222222222,0.0,0.0,0.7692307692307693,1.0,0.0,0.0,0.0,0.2,0.7,0.25,0.35714285714285715,0.5714285714285714,0.6,0.75,0.0,0.25,0.75,0.13636363636363635,0.0,0.4,0.0,0.6666666666666666,0.875,0.125,0.5,0.07142857142857142,0.4,0.2,1.0,0.14285714285714285,0.0,0.2777777777777778,0.0,0.375,0.1,0.5384615384615384,0.2857142857142857,0.5714285714285714,0.6363636363636364,0.18181818181818182,0.0,0.5714285714285714,0.3333333333333333,0.0,0.5,0.0,0.0,0.0,1.0,0.6666666666666666,0.0,0.16666666666666666,0.0,0.0,0.8,0.0,0.0,0.3333333333333333,0.25,0.0,0.0,0.0,0.0,0.0,0.16666666666666666,0.6666666666666666,1.0,0.8,0.4,0.29411764705882354,1.0,0.7142857142857143,1.0,1.0,1.0,0.3333333333333333,0.4,0.0,1.0,0.0,0.6666666666666666,0.0,0.2,0.0,0.0,1.0,0.0,0.25,0.2857142857142857,0.7142857142857143,0.0,1.0,0.0,0.4444444444444444,1.0,0.45454545454545453,0.5,0.0,0.4,0.4,0.7142857142857143,0.0,0.0,0.2,1.0,0.2857142857142857,0.0,0.0,1.0,0.5,0.2,0.6666666666666666,0.8,0.0,0.8,0.0,0.0,0.29411764705882354,1.0,0.5,0.8181818181818182,0.0,1.0,0.375,0.5,0.3333333333333333,0.0,0.625,0.3076923076923077,0.125,1.0,0.8571428571428571,0.2222222222222222,0.6,0.5294117647058824,0.3333333333333333,0.75,0.25,0.5,0.9523809523809523,0.3333333333333333,0.0,0.4,0.0,0.4,0.2857142857142857,0.14285714285714285,0.0,0.4,0.2727272727272727,0.0,0.25,0.2857142857142857,0.5,0.5833333333333334,0.18181818181818182,0.0,0.7333333333333333,0.6666666666666666,0.5,0.5,0.5,0.125,0.2,0.0,0.15384615384615385,0.5,0.6666666666666666,0.8333333333333334,0.0,0.3333333333333333,0.0,0.0,0.2857142857142857,0.9655172413793104,0.2857142857142857,0.5454545454545454,0.0,0.25,0.0,0.06666666666666667,1.0,1.0,0.3,0.0,0.6,0.5,0.42857142857142855,0.75,0.4,0.2,0.3333333333333333,1.0,0.14285714285714285,0.7142857142857143,0.2,0.125,0.4,1.0,0.5,1.0,0.0,0.0,0.0,0.6666666666666666,0.3,0.0,0.0,0.0,0.6666666666666666,0.0,0.5,0.0,0.2857142857142857,0.0,0.0,0.0,0.3333333333333333,0.0,1.0,0.3333333333333333,1.0,0.6666666666666666,0.8181818181818182,1.0,0.0,0.0,0.18181818181818182,0.4,0.0,0.0,0.6666666666666666,1.0,0.0,0.6666666666666666,0.23076923076923078,0.0,0.8571428571428571,0.75,0.6
TTA,0.7142857142857143,0.2,0.0,0.0,0.0,0.0,0.0,0.0,0.8333333333333334,0.6521739130434783,1.0,1.0,0.0,0.5714285714285714,0.4,0.3333333333333333,0.5714285714285714,0.5714285714285714,0.42857142857142855,1.0,0.5,0.0,0.0,0.5714285714285714,1.0,0.0,0.0,0.0,0.0,0.0,0.0,0.4,0.0,0.0,0.6666666666666666,0.0,0.0,0.5,0.0,0.0,1.0,0.0,0.0,0.0,0.0,0.7,0.0,0.5,0.9090909090909091,0.0,0.0,1.0,0.8333333333333334,0.0,0.3333333333333333,0.0,0.5,0.6666666666666666,0.0,0.0,0.0,0.0,0.0,0.4,0.5,0.7142857142857143,0.0,1.0,0.0,0.5454545454545454,0.0,0.0,1.0,1.0,0.75,0.2,0.3,0.4,1.0,0.0,0.0,0.0,0.6666666666666666,0.25,1.0,0.8,0.0,1.0,0.8333333333333334,1.0,0.0,0.5,1.0,1.0,0.4,0.8571428571428571,0.5,0.6666666666666666,0.0,0.0,0.0,1.0,1.0,0.4,0.0,0.0,0.0,0.8571428571428571,0.3333333333333333,0.4,0.5,0.0,0.3333333333333333,0.0,0.8,0.25,0.0,1.0,1.0,0.16666666666666666,0.0,0.0,0.0,0.0,0.0,1.0,0.0,0.0,0.0,0.4,0.0,0.0,0.8333333333333334,0.0,0.6666666666666666,0.0,0.5,1.0,1.0,0.3333333333333333,0.6666666666666666,0.0,0.8571428571428571,0.8888888888888888,1.0,0.0,0.0,0.0,0.5,0.9285714285714286,0.0,0.25,0.6666666666666666,0.6666666666666666,1.0,0.75,0.4444444444444444,0.5,1.0,1.0,0.6,0.0,0.0,0.7,1.0,0.2,0.0,0.9,0.6923076923076923,0.5714285714285714,0.5,0.8,0.8,0.7142857142857143,0.8181818181818182,0.5,0.6666666666666666,0.6666666666666666,1.0,1.0,0.7272727272727273,0.0,0.75,0.0,0.0,0.7142857142857143,0.0,0.6666666666666666,0.5,0.5217391304347826,0.8333333333333334,0.0,0.3333333333333333,0.26666666666666666,0.6551724137931034,0.4,0.5833333333333334,0.4166666666666667,0.0,0.6666666666666666,1.0,0.0,0.5,0.0,0.0,0.0,0.0,0.0,0.8,0.0,0.0,0.5,0.0,0.0,0.0,1.0,0.0,0.0,0.0,0.0,1.0,0.3333333333333333,1.0,0.0,1.0,0.0,0.8333333333333334,0.0,1.0,0.0,0.25,0.0,0.125,0.5,0.75,0.0,0.5,0.5,0.0,0.8333333333333334,0.0,0.625,0.0,0.8,1.0,1.0,1.0,1.0,0.0,0.0,0.625,0.0,1.0,0.0,0.6,0.0,0.6666666666666666,0.6666666666666666,0.6428571428571429,0.0,0.0,0.0,1.0,0.0,1.0,0.8888888888888888,0.6666666666666666,0.4,0.4,0.6923076923076923,0.8333333333333334,0.0,0.0,0.6666666666666666,0.0,0.5,0.0,0.2857142857142857,0.75,0.4444444444444444,0.4444444444444444,0.42857142857142855,0.4,0.5,0.7142857142857143,0.8571428571428571,1.0,0.6153846153846154,0.0,0.16666666666666666,0.16666666666666666,0.7142857142857143,0.7647058823529411,1.0,0.42857142857142855,0.6666666666666666,0.8333333333333334,1.0,0.8333333333333334,0.0,0.25,0.5,1.0,0.2,0.3333333333333333,0.0,0.0,0.6923076923076923,0.0,0.8333333333333334,0.0,0.5555555555555556,0.7777777777777778,0.8181818181818182,0.5,0.25,0.0,0.8333333333333334,0.4,0.3333333333333333,0.6666666666666666,0.0,1.0,0.25,0.3333333333333333,0.0,0.0,0.2222222222222222,1.0,0.2222222222222222,0.0,0.6666666666666666,0.38461538461538464,1.0,0.3333333333333333,0.375,0.0,1.0,0.0,0.6,0.0,0.6666666666666666,0.5555555555555556,0.75,0.0,0.0,0.5714285714285714,0.375,0.5,0.0,0.5,0.5555555555555556,1.0,0.2,0.18181818181818182,0.0,1.0,0.0,0.0,0.0,0.0,1.0,1.0,0.0,0.6666666666666666,1.0,0.0,0.8333333333333334,0.0,0.0,0.8333333333333334,0.0,0.5,0.0,0.6666666666666666,0.625,0.0,0.5,0.0,0.0,0.0,0.0,1.0,0.2857142857142857,0.0,0.8181818181818182,0.0,0.25,0.0,0.0,0.6666666666666666,0.0,0.0,1.0,0.6666666666666666,0.0,1.0,0.5
TTC,0.2631578947368421,0.6666666666666666,1.0,0.525,1.0,0.07142857142857142,0.9583333333333334,0.1111111111111111,0.5,0.6666666666666666,1.0,0.05555555555555555,1.0,0.09090909090909091,0.9,0.6,0.0,0.0,0.3333333333333333,0.25,0.0,0.0,0.0,1.0,0.0,0.0,0.0,1.0,0.5,0.5,0.0,0.0,0.0,0.0,1.0,0.0,0.0,0.0,0.0,0.0,1.0,0.0,1.0,0.5,0.2608695652173913,0.0,0.0,0.9230769230769231,0.5,0.07142857142857142,1.0,0.5,0.5,0.0,0.3333333333333333,0.09090909090909091,0.6666666666666666,0.07142857142857142,0.0,0.5,0.9032258064516129,0.0,0.2,0.5,0.1111111111111111,0.3333333333333333,0.0,0.03333333333333333,0.0,0.4666666666666667,0.5714285714285714,0.25,0.1111111111111111,0.09090909090909091,0.6,0.78125,0.17142857142857143,0.6904761904761905,0.0,0.0,0.36363636363636365,0.0,0.3333333333333333,0.6666666666666666,0.0,0.0,0.0,0.0,0.0,0.3333333333333333,0.0,0.0,0.0,0.3076923076923077,0.2857142857142857,0.6,0.16666666666666666,0.0,0.2,0.0,0.8,1.0,0.0,0.42857142857142855,0.3333333333333333,0.5,0.0,0.04,0.6710526315789473,0.21428571428571427,0.0,0.0,0.3333333333333333,0.9795918367346939,0.8333333333333334,0.4,0.8518518518518519,0.5,0.25,0.3,0.0,0.0,0.0,0.0,0.0,0.0,0.0,0.3333333333333333,0.0,0.0,0.0,0.0,0.21428571428571427,0.0,0.0,1.0,0.0,0.0,0.5,1.0,0.0,0.0,0.2,0.0,0.25,0.0,0.3333333333333333,0.0,0.6590909090909091,0.0,0.0,0.0,0.4878048780487805,0.43636363636363634,0.3,0.5,0.09090909090909091,0.0,0.125,0.06666666666666667,0.8620689655172413,0.0,0.0,0.4375,0.0,0.4666666666666667,0.3333333333333333,0.5238095238095238,0.23809523809523808,0.5365853658536586,0.0,0.0,0.3333333333333333,0.9259259259259259,0.4,0.5,0.09375,0.7297297297297297,0.0,0.8571428571428571,0.4,0.0,0.3333333333333333,0.8928571428571429,0.4,0.03225806451612903,0.0,0.0,0.13513513513513514,0.7027027027027027,0.0,0.7073170731707317,0.14285714285714285,0.08333333333333333,0.8285714285714286,0.9230769230769231,0.5352112676056338,0.4393939393939394,0.0,0.2,1.0,0.0,0.16666666666666666,0.5,0.0,0.25,0.0,1.0,1.0,0.0,0.0,0.0,0.5,0.0,0.9166666666666666,0.0,0.0,0.5,0.0,0.0,0.6666666666666666,0.3333333333333333,0.0,0.5,1.0,0.0,0.2857142857142857,0.09090909090909091,0.0,0.0,0.0,0.0,0.0,0.2,0.047619047619047616,0.3333333333333333,0.9230769230769231,0.6666666666666666,0.16666666666666666,0.0,0.07692307692307693,0.09090909090909091,0.5,0.14285714285714285,0.08333333333333333,0.0,0.1111111111111111,0.05,0.0,0.7142857142857143,0.05555555555555555,0.6,1.0,0.125,0.0,0.13333333333333333,0.0,0.25,0.0,0.0,0.2222222222222222,1.0,1.0,0.8461538461538461,0.0,0.05263157894736842,0.546875,0.6533333333333333,0.0,1.0,0.0,0.0,0.0,0.0,0.5,1.0,0.7714285714285715,0.21052631578947367,0.75,1.0,0.75,0.18181818181818182,1.0,0.9056603773584906,0.0,0.2857142857142857,0.6,0.5,0.8571428571428571,0.4,0.0,0.9,0.3076923076923077,0.0,0.16666666666666666,0.5,0.0,0.08333333333333333,0.6666666666666666,0.5,0.3333333333333333,0.96,1.0,0.42857142857142855,0.0,0.058823529411764705,0.78125,0.3333333333333333,0.5,0.0,0.1111111111111111,0.0,0.4,0.2,0.0,0.3333333333333333,0.3333333333333333,0.0,0.6,0.0,0.0,0.5774647887323944,1.0,0.5,0.0,0.08333333333333333,0.8214285714285714,0.6666666666666666,1.0,0.058823529411764705,0.07692307692307693,0.14285714285714285,0.6,0.3333333333333333,0.047619047619047616,0.625,0.0,0.2222222222222222,0.5,0.0,0.2777777777777778,0.25,0.25,0.8064516129032258,0.0,0.5789473684210527,0.125,0.13333333333333333,0.0,0.5555555555555556,0.8571428571428571,0.13043478260869565,0.8387096774193549,0.16666666666666666,0.25,0.75,0.5,0.5,0.3333333333333333,0.0,0.0,0.08333333333333333,1.0,0.1,0.0,0.1875,0.3333333333333333,0.0,0.2,1.0,0.2,0.0,0.16666666666666666,0.0,0.0,0.2,0.0,0.0,0.6923076923076923,0.0,0.25,0.0,0.36363636363636365,0.5,0.0,0.0,1.0,0.1,0.42857142857142855,0.375,0.0,0.0,0.0,0.75,0.3333333333333333,0.4,0.0,0.3333333333333333
TTG,0.6981132075471698,0.2,0.0,0.5263157894736842,0.47368421052631576,0.2692307692307692,0.7878787878787878,0.68,0.5882352941176471,0.5342465753424658,0.6666666666666666,0.7777777777777778,0.6923076923076923,0.0,0.48,0.4444444444444444,0.35,0.25925925925925924,0.8571428571428571,0.0,0.14285714285714285,1.0,0.3076923076923077,0.1111111111111111,0.3333333333333333,0.0,0.0,0.0,0.0,0.10344827586206896,0.0,1.0,0.0,0.0,0.19047619047619047,0.3333333333333333,0.6666666666666666,0.8,0.0,1.0,0.46153846153846156,0.0,0.3,0.0,0.2857142857142857,0.8918918918918919,0.0,0.2692307692307692,0.5686274509803921,0.5277777777777778,0.0,0.6,0.0,0.5,0.2857142857142857,0.48484848484848486,0.5,0.30434782608695654,0.0,0.9090909090909091,0.07692307692307693,0.75,0.25,0.5,0.4,0.1320754716981132,0.0,0.8,0.5342465753424658,0.75,0.3333333333333333,0.25,0.6046511627906976,0.28,0.7169811320754716,0.7,0.35365853658536583,0.12,0.42857142857142855,0.0,1.0,0.0,0.4166666666666667,0.7878787878787878,0.8333333333333334,0.23076923076923078,0.6,0.0,0.7619047619047619,1.0,0.0,0.1875,0.2,0.5,0.6896551724137931,0.6764705882352942,0.3333333333333333,0.34782608695652173,0.0,0.22580645161290322,0.6818181818181818,0.07142857142857142,0.05405405405405406,0.375,0.3870967741935484,0.23529411764705882,1.0,0.6530612244897959,0.6666666666666666,0.08333333333333333,0.8666666666666667,0.5714285714285714,0.17391304347826086,0.2857142857142857,0.21621621621621623,0.32,0.23333333333333334,0.5,0.9545454545454546,0.2,0.2,0.0,0.0,0.0,0.0,0.25,0.0,0.5,0.9583333333333334,0.42857142857142855,0.0,1.0,0.5714285714285714,0.0,0.8,0.925,1.0,0.35714285714285715,0.75,0.5,0.21739130434782608,0.0,0.4444444444444444,0.6666666666666666,0.4,0.8591549295774648,0.696969696969697,0.90625,0.391304347826087,0.4166666666666667,0.5,0.625,0.125,0.38235294117647056,0.5294117647058824,0.4117647058823529,0.3076923076923077,0.22950819672131148,0.16666666666666666,0.6153846153846154,0.5,0.7777777777777778,0.36363636363636365,0.10416666666666667,0.0,0.17391304347826086,0.9024390243902439,0.6282051282051282,0.6862745098039216,0.3829787234042553,0.5555555555555556,0.20833333333333334,0.3333333333333333,0.16666666666666666,0.2,0.5862068965517241,0.7222222222222222,0.2631578947368421,0.42857142857142855,0.46153846153846156,0.28,0.125,0.47058823529411764,0.2978723404255319,0.8888888888888888,0.8727272727272727,0.7333333333333333,0.125,0.4,0.43956043956043955,0.2,0.8275862068965517,0.0967741935483871,0.7083333333333334,0.325,0.34615384615384615,0.43661971830985913,0.7741935483870968,0.0,0.42857142857142855,0.3076923076923077,0.0,0.6,0.0,0.2222222222222222,0.0,0.0,0.7692307692307693,0.11538461538461539,0.7272727272727273,0.0,0.0,1.0,0.75,0.65,0.7666666666666667,0.6,0.2857142857142857,1.0,0.0,0.16666666666666666,0.7,0.1111111111111111,0.0,0.0,0.868421052631579,0.10526315789473684,0.3333333333333333,0.7,0.6,0.75,0.9615384615384616,0.6976744186046512,0.6666666666666666,0.8596491228070176,0.18181818181818182,1.0,0.3333333333333333,0.9655172413793104,0.0,0.07142857142857142,0.3333333333333333,0.5178571428571429,0.2,0.3333333333333333,0.2,0.2916666666666667,0.8852459016393442,0.8571428571428571,0.6,0.92,0.6666666666666666,0.8,0.8333333333333334,0.25,0.22727272727272727,0.6,0.6153846153846154,0.7272727272727273,0.0,0.0,0.64,0.5714285714285714,0.2702702702702703,0.0,0.7297297297297297,0.5223880597014925,0.05,0.16666666666666666,0.5,0.7441860465116279,0.0,0.5,0.0,0.6666666666666666,0.7560975609756098,0.06666666666666667,1.0,0.6190476190476191,1.0,0.2777777777777778,0.7,0.5333333333333333,0.3541666666666667,1.0,0.86,0.5,0.4666666666666667,0.15384615384615385,0.95,0.7857142857142857,0.37142857142857144,0.7,0.6470588235294118,0.8461538461538461,0.125,0.1935483870967742,0.92,0.13333333333333333,1.0,0.5737704918032787,0.95,0.6,0.16,0.6666666666666666,0.3333333333333333,0.08333333333333333,0.40425531914893614,0.65,0.375,0.546875,0.9433962264150944,0.8301886792452831,0.4,0.3333333333333333,0.9583333333333334,0.25,0.23076923076923078,0.4090909090909091,0.0,0.782608695652174,0.4057971014492754,0.14285714285714285,0.2222222222222222,0.26666666666666666,0.7,0.6923076923076923,0.16666666666666666,1.0,0.7222222222222222,0.5897435897435898,0.375,0.9574468085106383,0.5,0.7435897435897436,0.16666666666666666,0.07317073170731707,0.0,0.3157894736842105,0.22727272727272727,0.9393939393939394,0.15,0.42857142857142855,0.3,0.5,0.30434782608695654,0.4444444444444444,0.6231884057971014,0.6428571428571429,0.5733333333333334,0.8,0.1875,0.6530612244897959,0.4166666666666667,0.5396825396825397,0.4166666666666667,0.75,0.1,1.0,0.0,0.0,0.0,0.6,0.6410256410256411,0.0,0.1875,0.0,1.0,0.0,0.5,0.0,0.7391304347826086,0.5,0.0,0.0,0.6888888888888889,0.0,0.2608695652173913,0.7209302325581395,0.5714285714285714,0.7222222222222222,0.875,0.625,0.25,0.0,0.6739130434782609,0.17391304347826086,0.26666666666666666,0.0,0.5,0.1111111111111111,0.13333333333333333,1.0,0.08333333333333333,0.25,0.5862068965517241,0.4,0.3684210526315789
TTT,0.9629629629629629,0.0,0.0,0.6666666666666666,0.0,0.0,0.9411764705882353,1.0,0.0,0.8181818181818182,0.0,0.8928571428571429,0.0,1.0,0.5,0.5,0.3333333333333333,0.2,0.9259259259259259,0.0,0.0,0.0,0.0,0.0,0.0,0.0,0.0,0.0,0.0,0.0,0.0,0.0,0.0,0.0,0.0,0.0,0.0,0.0,0.0,0.0,1.0,0.0,1.0,0.0,0.3333333333333333,0.9285714285714286,0.0,0.42857142857142855,0.8666666666666667,0.25,0.0,0.5,0.25,0.0,0.0,0.4583333333333333,1.0,0.0625,0.0,1.0,0.0,0.0,0.6666666666666666,0.75,0.92,0.0,0.0,0.7272727272727273,0.09090909090909091,0.7575757575757576,0.0,0.0,0.631578947368421,0.2,0.6,0.6333333333333333,0.43103448275862066,0.25,0.0,0.8666666666666667,0.0,0.0,0.4,1.0,1.0,0.0,1.0,1.0,1.0,0.5,0.0,0.3333333333333333,1.0,0.0,0.16666666666666666,0.0,0.0,0.9642857142857143,0.0,0.0,0.8275862068965517,0.0,1.0,0.5,0.0,0.0,0.0,0.8620689655172413,0.15,0.0,0.0,1.0,0.0,0.0,0.25,0.0,0.0,0.0,0.0,0.0,0.0,0.0,0.0,0.0,0.0,0.0,0.0,0.0,1.0,0.4,0.0,0.0,0.0,0.0,1.0,0.0,0.8064516129032258,0.0,0.0,0.0,0.5,0.0,0.75,0.2857142857142857,0.0,0.0,1.0,0.9230769230769231,0.07692307692307693,0.2857142857142857,0.0,0.0,0.11764705882352941,0.7567567567567568,0.8333333333333334,0.5,0.14285714285714285,0.0,0.0,1.0,0.2222222222222222,0.0,0.0,0.07407407407407407,1.0,0.5,0.0,0.15384615384615385,0.2,0.6867469879518072,0.0,0.0,0.2857142857142857,0.46875,0.0,0.75,0.78125,0.043478260869565216,0.0,0.0,0.0,0.0,1.0,0.0,0.0,1.0,0.0,0.16666666666666666,0.0,0.05263157894736842,0.0,0.6666666666666666,0.6111111111111112,0.6585365853658537,0.23529411764705882,0.11764705882352941,0.2,0.8214285714285714,0.5555555555555556,0.3333333333333333,0.0,0.0,0.25,0.0,0.0,0.0,0.0,0.0,1.0,0.0,0.0,0.0,0.0,0.0,0.9230769230769231,1.0,0.0,0.0,1.0,0.0,0.0,0.9,0.0,0.0,1.0,0.0,0.0,0.0,0.0,0.0,0.0,0.9615384615384616,0.8064516129032258,1.0,0.9782608695652174,1.0,0.9259259259259259,0.0,0.96,0.0,0.0,0.0,1.0,0.5,0.0,0.25,0.25,0.8484848484848485,0.0,1.0,1.0,0.0,0.0,0.0,0.0,0.18181818181818182,0.0,0.0,1.0,0.0,0.0,1.0,0.5,0.0625,0.0,1.0,0.6086956521739131,0.027777777777777776,1.0,0.5,0.5,0.0,0.0,0.0,0.0,0.0,0.07692307692307693,0.9259259259259259,0.5714285714285714,0.0,0.5,0.7878787878787878,0.6666666666666666,0.6857142857142857,0.0,0.8333333333333334,0.6,0.5,0.0,0.0,0.6666666666666666,0.10526315789473684,0.0,0.0,0.0,0.0,1.0,1.0,1.0,0.0,0.0,1.0,0.3333333333333333,0.0,0.0,0.0,0.058823529411764705,0.5,0.5,1.0,0.0,1.0,0.5,1.0,1.0,0.4,0.0,1.0,0.0,0.0,0.9230769230769231,0.42105263157894735,0.3076923076923077,0.0,0.0,1.0,0.6756756756756757,0.5,0.5,0.8333333333333334,0.7741935483870968,0.0,0.0,0.75,0.6756756756756757,0.0,0.0,0.0,0.0,0.0,0.9142857142857143,0.0,0.6666666666666666,0.2727272727272727,0.0,0.0,0.6271186440677966,0.4,1.0,0.7272727272727273,0.7647058823529411,0.1875,0.05263157894736842,0.8571428571428571,0.6363636363636364,0.0,0.5,0.0,1.0,0.0,0.0,0.65625,0.0,0.2,0.0,0.0,0.0,0.3333333333333333,0.0,0.0,0.0,0.7931034482758621,1.0,0.0,0.0,0.9615384615384616,0.25,0.4375,0.7272727272727273,0.0,0.5,1.0,1.0,0.0,0.0,1.0,0.0,0.0,0.0,0.5,0.0,0.6111111111111112,0.0,1.0,0.0,0.5,0.8214285714285714,0.0
