nt_motif,aa_motif,n_examples,positive_rate,mean_contact_score,mean_min_distance,specificity_score
GG,YE,220,0.9227272727272727,0.2879075,7.888964545454546,4.981031947309562
GG,NW,166,0.9156626506024096,0.46456394578313254,6.440054819277108,4.6863557800442575
GG,WA,152,0.9144736842105263,0.42920778947368415,7.31516644736842,4.600203099168082
CC,WM,115,0.9652173913043478,0.2056522347826087,8.96619043478261,4.588247923589622
TG,RY,111,0.963963963963964,0.49649254054054054,6.242309009009009,4.548462875933109
GG,RN,127,0.9291338582677166,0.4229732598425197,6.848733070866142,4.50818559954736
AA,YS,124,0.9274193548387096,0.38226117741935484,8.13064112903226,4.477871611207779
CC,GI,383,0.7519582245430809,0.22268193472584857,11.64278093994778,4.474634608734374
CC,MG,127,0.9212598425196851,0.19529944094488189,9.664979527559055,4.469980636839332
GT,RN,107,0.9532710280373832,0.32916425233644864,7.815820560747664,4.463340048286639
GT,RY,125,0.92,0.440074616,7.077171999999999,4.44937935439536
CC,VQ,276,0.7898550724637681,0.25226323188405797,10.54424275362319,4.4421587548871
GG,NI,105,0.9523809523809523,0.30201589523809524,7.993355238095239,4.441370565821016
CC,WA,134,0.9029850746268657,0.24447350000000004,8.784,4.429389911873508
GG,GK,441,0.7256235827664399,0.2370606462585034,11.583343764172335,4.4199981003738396
TG,RN,101,0.9504950495049505,0.4954270396039604,6.296810891089109,4.396013763121683
GG,VR,193,0.8186528497409327,0.12116474093264248,11.67300414507772,4.312547093948217
CC,YE,115,0.9043478260869565,0.16735231304347825,10.665002608695653,4.2988989554353205
GG,PH,107,0.9158878504672897,0.18884045794392523,9.492285046728972,4.2883071052165755
TG,TR,123,0.8861788617886179,0.4563040975609756,7.3195292682926825,4.271631631308529
GG,TR,148,0.8513513513513513,0.4283386959459459,7.49991081081081,4.26011644965627
GG,WM,101,0.9207920792079208,0.4795986435643565,6.318307920792079,4.25863833302413
CC,YM,106,0.9056603773584906,0.39054012264150945,7.910693396226415,4.231995925550406
CC,PH,142,0.852112676056338,0.182049,10.892777464788733,4.228902818742597
CC,LG,182,0.8021978021978022,0.3485746868131868,9.290832967032966,4.179038342389272
CC,QW,231,0.7662337662337663,0.13852684848484847,12.347453246753247,4.173474089978082
CC,NN,140,0.8428571428571429,0.19502060714285716,10.454736428571428,4.171097621890171
CC,NW,143,0.8391608391608392,0.364596020979021,8.1905,4.170472698944896
CC,QL,321,0.719626168224299,0.2638011246105919,11.259779439252336,4.1555184019338265
GG,LN,215,0.772093023255814,0.23540068372093023,10.41086046511628,4.150214956630565
TT,NW,82,0.9390243902439024,0.1520673536585366,10.307512195121951,4.149399107321195
GG,KL,539,0.6586270871985158,0.26399353988868274,12.301747866419294,4.143797856295369
TT,AH,112,0.875,0.14049925892857143,11.36939732142857,4.136464341373298
GT,TR,127,0.8503937007874016,0.3665693858267717,8.734677952755906,4.126135972467076
GG,HS,101,0.8910891089108911,0.2280858910891089,9.242752475247524,4.121262902926578
TT,SQ,120,0.8583333333333333,0.30280209166666666,9.323501666666665,4.116386884970536
GG,MG,122,0.8524590163934426,0.42099468852459015,8.369327049180328,4.102189942284683
GG,ER,157,0.8089171974522293,0.36392385350318474,8.994201910828025,4.09522018595175
CA,QA,112,0.8660714285714286,0.16099479464285715,11.03425,4.094255521563367
CC,AR,127,0.84251968503937,0.3126135826771654,8.787835433070866,4.087931009759047
GG,YM,88,0.9090909090909091,0.5102422045454545,6.590454545454546,4.080578517938308
GA,AR,84,0.9166666666666666,0.3130650238095238,7.984260714285715,4.072430318449457
GC,RR,119,0.8487394957983193,0.3350031344537815,9.2323512605042,4.063333327907451
CC,RM,125,0.84,0.298043928,8.9554904,4.062476801839241
CC,LN,237,0.7341772151898734,0.2987300886075949,10.377606751054852,4.017616443961336
CC,SQ,179,0.770949720670391,0.2008787430167598,11.104488268156423,4.003508633647201
CC,SI,191,0.7591623036649214,0.08523740837696335,13.606643455497382,3.991292298136274
CC,IN,107,0.8504672897196262,0.10854831775700935,12.210071028037383,3.9819994548439626
GG,VL,324,0.6882716049382716,0.1354693950617284,13.126742901234568,3.9808426409244793
GG,GY,133,0.8120300751879699,0.3995593157894737,8.577206766917293,3.9771932210127696
GG,SQ,168,0.7738095238095238,0.19561936904761906,11.065105952380952,3.969564481785712
CC,IW,114,0.8333333333333334,0.14216490350877192,11.644019298245615,3.954110106969375
CC,KQ,377,0.6657824933687002,0.19850523607427054,12.94841273209549,3.951348655439036
CG,RG,142,0.795774647887324,0.254017338028169,10.751298591549297,3.9493059381645743
CC,PA,179,0.7597765363128491,0.2219215195530726,11.278964804469274,3.9454867693914446
GG,VG,253,0.7114624505928854,0.2973538537549407,10.84880790513834,3.939605407364967
AC,QA,127,0.8110236220472441,0.17221705511811025,11.123714173228347,3.9351111589269334
CC,NE,131,0.8015267175572519,0.1787224351145038,11.42524961832061,3.9136961974928925
CC,ES,193,0.7409326424870466,0.217493103626943,10.935113989637305,3.9031280660417402
CC,TG,115,0.8173913043478261,0.14908368695652174,11.24872,3.8855432866434634
TT,FK,109,0.8256880733944955,0.14895438532110092,11.628665137614679,3.881130577259794
TT,WA,47,1.0,0.1649352340425532,9.512506382978724,3.871201010907891
AC,RR,114,0.8157894736842105,0.26879600877192983,9.73329649122807,3.8708656836647566
TG,SR,108,0.8240740740740741,0.22925775925925926,10.092687037037036,3.8660181622073497
GT,YE,78,0.8846153846153846,0.4525219615384615,7.945214102564103,3.8652807925669803
TG,ER,124,0.7983870967741935,0.4073139274193548,8.788258870967743,3.8548633870397406
CC,FW,110,0.8181818181818182,0.19772930909090908,9.797732727272727,3.85325198289191
CC,ET,314,0.6687898089171974,0.09906013694267517,14.283474203821656,3.847261955902493
CC,FQ,109,0.8165137614678899,0.2803139266055046,9.762722935779816,3.838006904179129
GG,RY,182,0.7362637362637363,0.3608593296703297,9.866765934065935,3.8355557389052226
GG,QP,177,0.7401129943502824,0.2684304858757062,10.65168418079096,3.8351053394817125
CC,WP,136,0.7794117647058824,0.13265732352941176,12.309575735294118,3.8346910157189797
AA,RR,100,0.83,0.46860925000000003,7.844765,3.8305500289782453
GG,TV,347,0.654178674351585,0.1523751469740634,12.934178386167146,3.8283860602559243
GC,SQ,108,0.8148148148148148,0.17725087037037038,11.053005555555556,3.822579755890413
GG,SR,121,0.7933884297520661,0.18974704132231407,11.168426446280991,3.811454713176799
GC,QY,81,0.8641975308641975,0.4193544814814815,8.087914814814814,3.8082758926975027
TG,YE,84,0.8571428571428571,0.3847979166666667,8.377488095238094,3.807986791277414
GT,ER,115,0.8,0.3916494608695652,8.762874782608696,3.802872152885092
GG,PA,196,0.7193877551020408,0.14329803061224491,12.386633673469388,3.800672070163553
GT,NI,68,0.8970588235294118,0.35704441176470586,8.428151470588235,3.798242599712248
CC,GY,138,0.7681159420289855,0.14533298550724638,12.670839130434784,3.7902480935641543
CC,RG,218,0.7018348623853211,0.2047557155963303,12.2321623853211,3.7822384158803883
GG,AS,205,0.7073170731707317,0.14928833170731706,13.106275121951219,3.768497777924338
CC,QS,117,0.7863247863247863,0.26505717094017095,10.427259829059828,3.7513075679559074
CT,SQ,98,0.8163265306122449,0.2531667142857143,10.335660204081632,3.7511182450078286
GC,SE,59,0.9152542372881356,0.19653805084745765,9.542445762711864,3.747366209491414
TT,AW,59,0.9152542372881356,0.20394750847457627,9.193079661016949,3.747366209491414
GG,LS,140,0.7571428571428571,0.13186832142857144,11.756071428571428,3.7469182027148986
CT,WA,52,0.9423076923076923,0.17176705769230768,9.685784615384616,3.7412366108471917
TT,GA,124,0.7741935483870968,0.11737136290322579,12.314429032258065,3.7380493450082333
CC,YA,169,0.727810650887574,0.23197152071005916,11.582514201183432,3.7378888032969364
GC,NR,71,0.8732394366197183,0.3001173661971831,9.191470422535211,3.734553512380217
GG,KH,134,0.7611940298507462,0.14052066417910447,12.312448507462685,3.7338658761247747
TT,HK,48,0.9583333333333334,0.12091675,10.832650000000001,3.729661119022684
TT,DG,70,0.8714285714285714,0.16025817142857143,10.872555714285713,3.7146210357074323
AC,YS,104,0.7980769230769231,0.32879739423076926,9.368055769230768,3.714218356375716
GA,WE,90,0.8222222222222222,0.14695136666666667,11.980699999999999,3.7089289275805206
GC,NQ,57,0.9122807017543859,0.425107350877193,7.100715789473684,3.7042637990949787
TT,RY,60,0.9,0.5849472333333333,6.481071666666667,3.69978647775598
CG,AH,50,0.94,0.1532649,10.65155,3.695916094760866
TG,QY,68,0.8676470588235294,0.2192652205882353,9.714298529411765,3.673710055459387
AA,AR,79,0.8354430379746836,0.22186177215189876,9.584884810126583,3.660933644157926
CC,KV,242,0.6652892561983471,0.1616335785123967,12.912539256198347,3.6544747618918523
TT,NT,121,0.7603305785123967,0.19782347107438017,11.799370247933885,3.6526441001277656
GG,QK,387,0.6124031007751938,0.2433765400516796,12.70904031007752,3.65053815372278
CC,MR,123,0.7560975609756098,0.2617242520325203,10.949443902439025,3.644603134969662
GC,HT,51,0.9215686274509803,0.2697734509803921,9.083054901960784,3.641342250457394
GC,GA,86,0.813953488372093,0.15089432558139534,11.559041860465117,3.6350414919281495
TG,NQ,60,0.8833333333333333,0.39408964999999996,7.69861,3.6312719133530917
GG,VQ,254,0.6535433070866141,0.23797096456692915,11.34533188976378,3.621455702741333
GT,SR,114,0.7631578947368421,0.23544627192982456,11.340645614035088,3.621132413750902
GA,RR,101,0.7821782178217822,0.4286174455445545,9.083231683168316,3.617552992568885
AC,NQ,50,0.92,0.19395852000000002,9.50801,3.61727958210638
GG,GI,260,0.65,0.21393122307692308,12.746574615384615,3.616938264759751
AG,RG,111,0.7657657657657657,0.1998261801801802,11.595577477477478,3.613264901442189
CT,NW,56,0.8928571428571429,0.3345915714285714,8.283928571428572,3.609867203423706
CA,SE,62,0.8709677419354839,0.32923059677419353,8.304214516129033,3.608536697179722
CG,YS,76,0.8289473684210527,0.18686477631578946,10.870776315789474,3.600786073378712
CT,RG,110,0.7636363636363637,0.26214445454545454,10.926581818181818,3.5963685173657822
CA,NQ,49,0.9183673469387755,0.38319785714285715,8.141916326530612,3.5926741886585014
TT,LV,178,0.6910112359550562,0.15916243820224718,12.539919101123594,3.5845418770697353
CA,RG,86,0.8023255813953488,0.26128823255813954,10.142475581395349,3.5831123277577475
GC,LG,99,0.7777777777777778,0.10925959595959595,12.493184848484848,3.5817990335462935
CC,TY,131,0.732824427480916,0.18513267175572518,11.288578625954198,3.578236523422073
TC,RG,83,0.8072289156626506,0.33164460240963856,9.921327710843373,3.576683440030145
CC,QY,228,0.6578947368421053,0.2154750701754386,12.779339473684212,3.574817107601474
TG,HT,45,0.9333333333333333,0.09799306666666667,11.58154888888889,3.5733986367231556
CG,RR,121,0.743801652892562,0.33477842148760334,10.797664462809918,3.573238793603249
AA,IS,88,0.7954545454545454,0.25983256818181816,10.202229545454545,3.57050620319602
CG,RM,63,0.8571428571428571,0.2668849047619048,9.683961904761905,3.564756928594004
TT,RI,63,0.8571428571428571,0.2380525396825397,9.410528571428571,3.564756928594004
CC,WE,280,0.6321428571428571,0.22577416428571428,12.300674642857143,3.5642456302574033
CC,GK,317,0.6182965299684543,0.2418195141955836,12.17626403785489,3.5626563754729172
TT,WV,74,0.8243243243243243,0.19596083783783783,9.99863918918919,3.5590104719691205
GC,NT,100,0.77,0.21151319000000002,10.682467999999998,3.55364279796777
CT,QK,155,0.7032258064516129,0.18025542580645162,12.231529677419354,3.5511890631625778
AG,MR,44,0.9318181818181818,0.23947413636363635,9.6962,3.547117320013252
AA,RG,97,0.7731958762886598,0.19839467010309278,11.642378350515465,3.5450779474257
AG,SK,56,0.875,0.1621561607142857,10.99627142857143,3.5376698593552316
CC,QI,215,0.6558139534883721,0.1300288651162791,13.610512558139536,3.525182583644034
AC,SY,75,0.8133333333333334,0.30023916,9.605736,3.5223297834328826
GG,DI,203,0.6600985221674877,0.15123604926108375,13.087525615763546,3.510483148645936
AC,RG,100,0.76,0.3602666,10.126065,3.5074915927993575
TT,PA,66,0.8333333333333334,0.15542307575757575,11.572739393939393,3.5039105161591384
GG,QL,251,0.6334661354581673,0.1196521155378486,14.385120717131475,3.502706075355842
CT,SE,63,0.8412698412698413,0.13987768253968252,11.556001587301587,3.498742911397819
CC,QK,387,0.58656330749354,0.21472619121447029,13.279208010335918,3.49650700799608
CC,AS,169,0.6804733727810651,0.1568205147928994,12.666926627218935,3.4947740843833146
CT,MR,48,0.8958333333333334,0.22512810416666665,9.476697916666668,3.48642235039077
TT,IG,73,0.8082191780821918,0.35249057534246575,8.778669863013699,3.4786279520417267
TG,RI,91,0.7692307692307693,0.1705332857142857,11.566285714285714,3.478298905422339
GC,FK,70,0.8142857142857143,0.26834647142857143,9.926707142857143,3.471039328447928
TT,VD,88,0.7727272727272727,0.10764073863636363,13.319451136363636,3.4684917402475626
GT,HS,75,0.8,0.3202078666666667,10.133761333333334,3.464586672229065
CC,VR,119,0.7226890756302521,0.26092507563025213,11.166320168067227,3.459867982178621
CA,MR,47,0.8936170212765957,0.2679405957446809,9.165648936170212,3.459371116130456
TT,LN,85,0.7764705882352941,0.13233958823529413,13.020520000000001,3.4586696653262528
GG,DY,61,0.8360655737704918,0.17658422950819672,10.367245901639345,3.4505549776606506
CC,QG,258,0.6201550387596899,0.14443477519379846,13.628067441860466,3.446094921984209
CC,IP,322,0.5962732919254659,0.20070834472049687,13.268006211180124,3.445059770368789
GG,PQ,111,0.7297297297297297,0.14232185585585586,11.91410990990991,3.4432289060802037
AC,II,66,0.8181818181818182,0.28795600000000005,10.11399090909091,3.440203052228972
GC,AH,55,0.8545454545454545,0.2344981090909091,10.03780181818182,3.4398459902645824
GC,TN,113,0.7256637168141593,0.2565898407079646,11.088069026548673,3.436887369631404
GG,HP,180,0.6611111111111111,0.11155687222222223,13.626560555555557,3.4367841484479627
CT,AH,52,0.8653846153846154,0.1398336153846154,11.772378846153845,3.435829540573952
TT,HS,40,0.925,0.44310497499999996,6.765385,3.435054161701485
TG,RR,101,0.7425742574257426,0.29407846534653465,10.306614851485149,3.4343857524388146
TG,KH,68,0.8088235294117647,0.21169317647058822,10.387805882352941,3.424644966953666
TT,EL,135,0.6962962962962963,0.20840642962962963,12.421427407407409,3.420663401919918
CT,KQ,93,0.7526881720430108,0.1159362688172043,13.494738709677419,3.419684244719358
AC,SE,65,0.8153846153846154,0.3065557384615385,9.203199999999999,3.4161800204215464
GG,SW,100,0.74,0.0752687,14.193219,3.415189182462532
AG,LR,90,0.7555555555555555,0.16531795555555556,11.433152222222223,3.4082049604793974
TG,NI,85,0.7647058823529411,0.31714563529411766,10.299183529411765,3.406265579487976
TT,VP,80,0.775,0.1092014,12.25646375,3.4056980948711404
CA,NT,67,0.8059701492537313,0.25248719402985076,10.014543283582091,3.4007972549180563
GG,FL,99,0.7373737373737373,0.21497170707070706,11.269142424242423,3.395731551284148
TT,AA,99,0.7373737373737373,0.1624110909090909,12.062178787878787,3.395731551284148
CT,IQ,113,0.7168141592920354,0.1248899646017699,13.531814159292036,3.3949741090261427
GC,RE,82,0.7682926829268293,0.3018534268292683,10.823069512195122,3.3949629059900697
CT,NR,77,0.7792207792207793,0.14554587012987014,12.564548051948051,3.3948380467711106
GG,QI,202,0.6386138613861386,0.14898308415841585,12.719585148514852,3.3930869866157947
TT,SE,74,0.7837837837837838,0.1462436081081081,11.164343243243243,3.3839771700689996
TG,SV,112,0.7142857142857143,0.15755819642857144,12.293890178571429,3.376705584794529
AC,QY,66,0.803030303030303,0.3726687727272727,9.741918181818182,3.3764955882988055
CA,QP,38,0.9210526315789473,0.18423871052631577,10.14123947368421,3.374333095119411
TG,RE,81,0.7654320987654321,0.3837112716049383,10.174740740740742,3.3730443621035024
TT,LG,100,0.73,0.13061011,12.827556999999999,3.3690379772941195
AA,SI,63,0.8095238095238095,0.310326746031746,9.133444444444445,3.3667148770054482
AA,GF,73,0.7808219178082192,0.20798509589041095,11.364904109589041,3.360708360447092
TT,AN,73,0.7808219178082192,0.15575275342465755,11.724749315068493,3.360708360447092
GG,GT,111,0.7117117117117117,0.12919125225225225,13.17179009009009,3.358210908399211
TG,NT,111,0.7117117117117117,0.15277054954954955,12.1228990990991,3.358210908399211
TT,RG,140,0.6785714285714286,0.2688653642857143,11.857739285714285,3.3580870684709003
GG,YI,97,0.7319587628865979,0.1807397319587629,11.640938144329898,3.356007123562996
CT,GA,85,0.7529411764705882,0.0997202,13.762811764705882,3.3538614936496995
TT,TR,65,0.8,0.5192469692307692,8.185783076923077,3.35172379362114
GT,RT,80,0.7625,0.19131635,11.3898625,3.3507674804377348
GG,LW,99,0.7272727272727273,0.2738269393939394,10.540117171717172,3.3492146807186125
CA,EF,34,0.9411764705882353,0.14250867647058824,11.071073529411764,3.3462099402253305
AA,FD,37,0.918918918918919,0.2746415405405406,8.872262162162162,3.3426467413701926
TG,SE,54,0.8333333333333334,0.13892075925925926,11.930116666666667,3.3394443210270595
GG,VN,226,0.6150442477876106,0.2701825973451327,12.344693805309735,3.336584302787234
CT,RR,84,0.75,0.3166198928571428,9.964711904761904,3.3319884423677375
TT,QK,197,0.6294416243654822,0.21776061421319795,12.64213959390863,3.3286553898787936
GT,KH,64,0.796875,0.338035359375,9.552825,3.3264648556980854
TG,SQ,69,0.782608695652174,0.13741620289855075,12.403965217391304,3.324909319864716
TT,VR,86,0.7441860465116279,0.2644090465116279,10.69785465116279,3.3234665069057368
GG,WT,278,0.5899280575539568,0.08217514748201439,14.67731798561151,3.322009828124834
AC,YA,81,0.7530864197530864,0.34394374074074074,10.684407407407408,3.3186404207792526
CA,YS,66,0.7878787878787878,0.27724819696969694,10.208878787878788,3.3127881243686397
GT,FK,53,0.8301886792452831,0.15469809433962264,11.409635849056603,3.3116093971477
CC,GQ,150,0.66,0.11918253333333333,13.590605333333333,3.31140469229785
AG,NW,36,0.9166666666666666,0.19205619444444444,10.4428,3.310008086590539
GG,RM,78,0.7564102564102564,0.10815107692307692,12.863161538461538,3.305095170455824
CC,RS,58,0.8103448275862069,0.24688660344827587,10.585456896551724,3.304211376958083
TG,HS,73,0.7671232876712328,0.23088858904109588,10.45123698630137,3.3017485646497744
CG,SE,63,0.7936507936507936,0.12579693650793652,12.001214285714285,3.300700859809263
CA,TN,110,0.7,0.28903916363636367,11.544297272727272,3.2966711409186336
CT,ES,87,0.735632183908046,0.09538613793103448,13.310482758620688,3.293673058926497
TA,KK,75,0.76,0.2584948933333333,11.174577333333334,3.291357338617612
AA,SY,60,0.8,0.4346204166666666,8.794041666666667,3.2886990913386493
AC,QS,65,0.7846153846153846,0.2524029230769231,10.772932307692308,3.2872675668207334
GT,IE,100,0.71,0.27886638,11.429229,3.2767355669572944
AG,LL,185,0.6270270270270271,0.1314684972972973,13.889185405405405,3.2766844008147644
CA,II,67,0.7761194029850746,0.2661659253731343,11.21575223880597,3.2748418010322027
CT,LV,128,0.671875,0.1974460234375,12.49678828125,3.2651864591804984
GG,LG,145,0.6551724137931034,0.14327335862068966,13.11148896551724,3.265121579739944
GG,PI,196,0.6173469387755102,0.16704079081632653,14.151616836734693,3.261569648863758
CC,DF,251,0.5896414342629482,0.13626054581673308,13.719605179282867,3.260380497815501
AC,YF,25,1.0,0.35771944,7.226788,3.258096538021482
TA,KQ,25,1.0,0.28333780000000003,7.888568,3.258096538021482
CT,TE,134,0.664179104477612,0.10077929850746269,14.799994776119403,3.2579810095598525
TG,EI,83,0.7349397590361446,0.18251703614457832,11.980720481927712,3.256383430475206
CC,AV,123,0.6747967479674797,0.09402177235772358,14.273046341463413,3.2527103247578704
CC,EA,179,0.6256983240223464,0.10131418435754189,14.772755865921788,3.2492243983223665
GC,TP,73,0.7534246575342466,0.19455067123287673,11.730338356164383,3.2427887688524573
CT,HT,31,0.9354838709677419,0.20978709677419355,9.105748387096773,3.2421400381029697
CA,RM,34,0.9117647058823529,0.15298520588235293,10.564576470588236,3.2416408795932887
CA,YR,34,0.9117647058823529,0.2962183823529412,8.48699705882353,3.2416408795932887
AC,AR,80,0.7375,0.18181755,12.019533749999999,3.240906251570924
GG,DD,96,0.7083333333333334,0.27506909375,11.648014583333334,3.240420276439896
TT,LQ,118,0.6779661016949152,0.11669527966101695,13.109146610169493,3.24008372414341
CA,NR,53,0.8113207547169812,0.16266094339622642,11.604792452830187,3.2363455472125247
TG,AH,98,0.7040816326530612,0.0745598775510204,14.469287755102041,3.235339486319252
CC,HP,178,0.6235955056179775,0.12132383146067417,13.852206741573033,3.2348304744287852
CC,YQ,285,0.5719298245614035,0.1107065298245614,13.894248421052632,3.234830404082933
CT,QI,84,0.7261904761904762,0.11807472619047618,12.898339285714284,3.2262110314989205
GT,RI,102,0.696078431372549,0.16612229411764706,12.283705882352942,3.226134883963766
AA,RS,65,0.7692307692307693,0.27832173846153846,10.257844615384615,3.222811340020327
CA,QI,65,0.7692307692307693,0.12140269230769231,12.46486,3.222811340020327
GG,KD,191,0.612565445026178,0.11334834554973822,14.72099109947644,3.2205599922892696
CT,VN,95,0.7052631578947368,0.17081815789473684,11.91179052631579,3.219066619245737
TT,QY,81,0.7283950617283951,0.3818235802469136,9.267811111111111,3.2098325381307524
TT,AL,154,0.6363636363636364,0.142079474025974,13.249922727272727,3.20945234713043
TT,MR,57,0.7894736842105263,0.2565168245614035,10.426796491228071,3.2056129030629625
CC,IT,101,0.693069306930693,0.11845340594059406,12.667242574257426,3.205426702276227
CG,AR,94,0.7021276595744681,0.19784112765957448,11.661013829787233,3.1974029238897415
GG,FQ,85,0.7176470588235294,0.18111697647058822,11.59507882352941,3.19664923613487
CT,EA,64,0.765625,0.08923325,13.599490625,3.196015253513847
GG,IQ,232,0.5862068965517241,0.29147386637931033,12.165419396551725,3.1954363348488584
TT,PL,122,0.6639344262295082,0.17866,12.798066393442623,3.1949748588948013
TT,ML,49,0.8163265306122449,0.10089179591836736,12.520957142857142,3.193488167696446
CA,RR,96,0.6979166666666666,0.16464346875,12.273020833333334,3.1927670370804857
CC,WK,96,0.6979166666666666,0.3130197604166667,11.038733333333333,3.1927670370804857
TT,PP,71,0.7464788732394366,0.1924717042253521,11.770278873239436,3.1924409057443794
GC,II,87,0.7126436781609196,0.15259602298850575,13.166124137931035,3.190745775835044
GT,IG,115,0.6695652173913044,0.2970257130434783,10.871113043478262,3.182838649697305
TT,KH,46,0.8260869565217391,0.3732719782608696,8.77904347826087,3.1805567144561353
GG,KW,142,0.6408450704225352,0.10840278873239437,13.352931690140844,3.180414516575011
TT,GK,148,0.6351351351351351,0.14089772972972972,14.421875,3.1781821132356294
GG,RI,104,0.6826923076923077,0.1276207596153846,13.061471153846155,3.17722293135754
GA,KP,51,0.803921568627451,0.21583607843137256,10.938870588235293,3.1764900482713436
CC,KY,172,0.6162790697674418,0.2824411686046512,11.902138953488372,3.1758657500974685
GA,RG,106,0.6792452830188679,0.23445400943396227,12.515296226415094,3.1739969441628038
GG,SK,211,0.5924170616113744,0.11655226066350712,15.005820379146918,3.1733331011090122
AA,SF,43,0.8372093023255814,0.298116,10.017006976744186,3.1681587632804047
GC,YS,86,0.7093023255813954,0.1287098604651163,12.879081395348836,3.1676790143945306
AG,KA,58,0.7758620689655172,0.18206993103448274,11.941987931034483,3.1636066375130585
GC,EL,143,0.6363636363636364,0.1340053986013986,14.113246153846154,3.1626084633665457
AA,ST,53,0.7924528301886793,0.22873503773584905,10.201922641509434,3.16108169727735
GG,IE,227,0.5814977973568282,0.12678897797356828,14.574160352422908,3.15715252432593
AC,YR,40,0.85,0.319993625,8.965145,3.156536256698662
GG,KY,217,0.5852534562211982,0.08869239631336405,15.18247741935484,3.151294345503292
TG,YA,83,0.7108433734939759,0.1734796265060241,12.141397590361446,3.14961676062356
AA,SA,45,0.8222222222222222,0.13936497777777776,11.69981111111111,3.1479940371132558
GG,EV,180,0.6055555555555555,0.08002415555555556,14.792858888888889,3.1479787578220835
CC,TT,136,0.6397058823529411,0.1449191029411765,13.161086029411765,3.147340739316521
GA,MR,50,0.8,0.35327613999999996,8.974256,3.145460506179461
TT,IQ,148,0.6283783783783784,0.1145572635135135,14.047161486486486,3.1443716652224847
GG,NE,85,0.7058823529411765,0.08774557647058824,13.39408117647059,3.1442451502965936
CC,QD,115,0.6608695652173913,0.14452626956521739,13.52952,3.1415030828181187
GA,GF,69,0.7391304347826086,0.15226082608695654,12.84404347826087,3.140192135427787
GT,SV,100,0.68,0.2104428,12.216574000000001,3.138281951452057
GG,AR,119,0.6554621848739496,0.12219947058823528,13.302045378151261,3.1380197977899122
CT,TY,34,0.8823529411764706,0.12657273529411767,11.533638235294116,3.137071818961247
GC,EF,34,0.8823529411764706,0.29299523529411764,8.768285294117646,3.137071818961247
CT,GQ,80,0.7125,0.16683723749999999,12.0028625,3.131045022704113
TT,RN,52,0.7884615384615384,0.5134744423076923,8.15971923076923,3.1304224703007115
TC,RM,31,0.9032258064516129,0.2711856129032258,8.70016129032258,3.1303421057545915
TT,TN,145,0.6275862068965518,0.22615620689655175,12.018702068965517,3.1276427763824732
CC,SP,151,0.6225165562913907,0.24198470860927151,12.599317880794702,3.127448801056622
AA,DY,28,0.9285714285714286,0.17131500000000002,9.87172142857143,3.1267746992731547
AT,IK,28,0.9285714285714286,0.280408,8.798185714285713,3.1267746992731547
CC,KT,190,0.5947368421052631,0.1210993894736842,14.16159947368421,3.1237205124698377
CG,MR,66,0.7424242424242424,0.3395520757575758,10.13319090909091,3.1216657325781414
TG,NR,66,0.7424242424242424,0.3617198181818182,10.330692424242423,3.1216657325781414
GC,YR,44,0.8181818181818182,0.35502720454545456,9.404384090909092,3.1145420370848074
TC,VR,44,0.8181818181818182,0.14078720454545454,12.284611363636365,3.1145420370848074
AC,MR,49,0.7959183673469388,0.34820951020408164,9.496655102040815,3.1136509635040346
AC,YW,49,0.7959183673469388,0.14876275510204082,11.927316326530612,3.1136509635040346
GG,QY,160,0.6125,0.325693775,12.27871,3.1123601735529838
AA,ET,61,0.7540983606557377,0.08046177049180328,13.472126229508197,3.1122652739684296
TT,SR,70,0.7285714285714285,0.2521948571428571,10.761137142857143,3.1056667675586724
AC,TN,81,0.7037037037037037,0.16776675308641975,12.521702469135802,3.1010246554822523
AA,QK,94,0.6808510638297872,0.10442265957446809,14.019697872340425,3.1005119261961127
AC,YI,51,0.7843137254901961,0.1625200980392157,11.899750980392156,3.099014681240335
TA,RK,51,0.7843137254901961,0.3099725882352941,9.821147058823529,3.099014681240335
CA,HT,33,0.8787878787878788,0.6621583333333333,5.513084848484849,3.098922885268748
CC,KL,514,0.4961089494163424,0.09407,15.284532490272374,3.0977870810685855
CC,YF,96,0.6770833333333334,0.21428592708333336,11.926780208333334,3.0974605583616657
TT,SV,65,0.7384615384615385,0.22104355384615385,11.873823076923077,3.093898886419514
GA,RV,58,0.7586206896551724,0.22788941379310346,10.669801724137931,3.093304267790546
AG,RM,30,0.9,0.19093246666666666,10.082683333333334,3.0905884840366316
CC,AY,87,0.6896551724137931,0.21394018390804598,11.64913448275862,3.087818492743591
CT,FK,76,0.7105263157894737,0.22101698684210527,11.41496052631579,3.0863880628960385
AC,WW,24,0.9583333333333334,0.094254875,11.864712500000001,3.0847559988320254
GG,QS,91,0.6813186813186813,0.15402506593406592,12.148784615384614,3.0807790305169287
TT,ER,69,0.7246376811594203,0.4275741739130435,9.54375652173913,3.0786197406154776
GG,IL,130,0.6307692307692307,0.06626952307692308,15.122734615384616,3.075124465403803
GG,ND,213,0.5727699530516432,0.2725324084507042,13.061232394366197,3.0734698302003096
AC,KK,97,0.6701030927835051,0.15276272164948454,12.828453608247422,3.07240088776894
GG,YF,82,0.6951219512195121,0.23543232926829266,11.246679268292683,3.0716331054195862
TG,IE,99,0.6666666666666666,0.27764633333333333,11.10650101010101,3.0701134573253945
CG,LR,101,0.6633663366336634,0.11956125742574257,14.109642574257427,3.068051272178675
CT,YA,84,0.6904761904761905,0.4074967261904762,9.627169047619047,3.0675449151956946
GG,EK,295,0.5389830508474577,0.07665578305084746,15.962792542372881,3.0670072991102564
CC,GW,103,0.6601941747572816,0.2378208737864078,12.427264077669903,3.0661998169088673
AC,ST,57,0.7543859649122807,0.36639440350877195,9.312040350877192,3.0631412184823863
AC,IS,109,0.6513761467889908,0.16954194495412844,13.266412844036697,3.0617807887271704
GG,LR,212,0.5707547169811321,0.14021106603773584,14.176906132075473,3.059982792692644
TT,YA,119,0.6386554621848739,0.3036357899159664,11.169880672268906,3.057557751692735
CC,KG,135,0.6222222222222222,0.2618473185185185,12.909974074074073,3.0567630400135437
GG,YV,77,0.7012987012987013,0.12824642857142857,13.5303987012987,3.0553542420939994
CC,IR,96,0.6666666666666666,0.09497694791666667,14.709213541666665,3.049807319002255
GA,FN,29,0.896551724137931,0.17903762068965515,10.542744827586207,3.0493493766626223
GC,WA,29,0.896551724137931,0.150985,10.969213793103448,3.0493493766626223
AA,RT,37,0.8378378378378378,0.17640035135135135,10.774902702702702,3.0477073230139986
CC,LK,318,0.5283018867924528,0.10988290880503145,14.658891194968554,3.045761337320295
TT,NQ,70,0.7142857142857143,0.41656624285714283,8.59849,3.0447713407437966
AA,SS,61,0.7377049180327869,0.26348168852459014,11.328601639344264,3.044607333229986
GA,VN,61,0.7377049180327869,0.15306524590163936,12.099975409836066,3.044607333229986
TA,RR,61,0.7377049180327869,0.2724346721311475,10.628022950819672,3.044607333229986
CA,EL,102,0.6568627450980392,0.16926370588235293,12.506154901960784,3.0443808059939763
GT,NM,26,0.9230769230769231,0.23158153846153845,9.00075,3.0423109532347654
AA,RQ,63,0.7301587301587301,0.336820619047619,10.709606349206348,3.036644791024522
TC,AR,49,0.7755102040816326,0.2406022857142857,10.554189795918367,3.0338137593116232
TT,NS,49,0.7755102040816326,0.27366251020408167,9.913057142857143,3.0338137593116232
GT,PS,65,0.7230769230769231,0.16290259999999998,11.427598461538462,3.0294426596191073
TT,KL,230,0.5565217391304348,0.13047184782608695,14.948509130434783,3.0288237693338678
CA,AQ,44,0.7954545454545454,0.13975013636363637,11.605211363636364,3.0280269804991176
CT,KL,191,0.5759162303664922,0.1857202565445026,13.708572251308901,3.0278769158275183
AA,IH,39,0.8205128205128205,0.32309523076923075,9.847023076923078,3.026772885426819
GC,FV,51,0.7647058823529411,0.24862503921568627,10.850849019607843,3.0215393142093268
TG,TN,105,0.6476190476190476,0.24442665714285713,11.998134285714286,3.020131984758291
TT,HT,31,0.8709677419354839,0.17602729032258063,9.982329032258065,3.0185441734062133
GC,VN,121,0.628099173553719,0.1335132561983471,14.392393388429753,3.0174016479316323
CA,GA,69,0.7101449275362319,0.23916971014492755,12.460240579710145,3.0170473458031686
GG,PR,41,0.8048780487804879,0.33219982926829267,9.442756097560975,3.0083682293500282
TC,KA,41,0.8048780487804879,0.23974446341463415,9.939812195121952,3.0083682293500282
GT,VR,92,0.6630434782608695,0.17122657608695652,12.422565217391304,3.0053105335037893
CA,AN,48,0.7708333333333334,0.13877158333333334,12.13335625,2.9999448131269415
CG,SY,48,0.7708333333333334,0.10419002083333333,12.94519375,2.9999448131269415
TG,GA,112,0.6339285714285714,0.07789723214285714,14.657653571428572,2.9968262065051445
TG,II,81,0.6790123456790124,0.09122888888888889,14.293575308641977,2.9922167728337525
CT,QE,43,0.7906976744186046,0.15394855813953487,12.509006976744185,2.9921499430981595
TT,YE,43,0.7906976744186046,0.5696249069767442,7.399576744186047,2.9921499430981595
GA,KR,57,0.7368421052631579,0.20271643859649122,11.916256140350876,2.991905376192098
CG,YR,38,0.8157894736842105,0.39477536842105265,8.684713157894736,2.988695027105764
GC,PP,50,0.76,0.15172548,12.005246,2.988187480870488
GG,KA,175,0.5771428571428572,0.11677400571428571,15.053762857142857,2.984107905707733
GA,RS,52,0.75,0.20326828846153847,11.639653846153845,2.9777189351640914
AA,KV,61,0.7213114754098361,0.16371555737704918,12.5264131147541,2.976949392491542
TG,PS,74,0.6891891891891891,0.11418222972972972,13.712393243243243,2.9755661323020512
TG,RT,74,0.6891891891891891,0.24148831081081082,12.544999999999998,2.9755661323020512
GG,NN,107,0.6355140186915887,0.07481727102803738,14.879114953271028,2.9755600321910927
AA,FY,40,0.8,0.189810325,10.9652475,2.9708576533634465
GG,LP,211,0.5545023696682464,0.11032052132701421,15.33084644549763,2.970239782638035
CA,EY,35,0.8285714285714286,0.12290359999999999,12.425025714285715,2.9692014061493484
TT,DK,78,0.6794871794871795,0.16023501282051283,13.180847435897435,2.96898379718913
AC,SF,54,0.7407407407407407,0.2480202037037037,11.11487037037037,2.9683949520240525
AG,AR,65,0.7076923076923077,0.16911995384615383,12.088704615384616,2.964986432818701
TT,EP,82,0.6707317073170732,0.09043385365853658,14.778203658536585,2.9638565052294257
AA,RM,27,0.8888888888888888,0.24619229629629633,8.749807407407408,2.961959564600181
TT,QA,128,0.609375,0.094214609375,14.35690234375,2.9614481839078937
TT,VN,126,0.6111111111111112,0.13458406349206348,13.755664285714285,2.960336552835806
AC,RS,67,0.7014925373134329,0.1424515223880597,12.518302985074627,2.9599531663175678
CC,FT,118,0.6186440677966102,0.07906240677966102,14.854625423728814,2.9565763982808617
GG,AY,69,0.6956521739130435,0.23558059420289856,11.347182608695652,2.9554749509908587
AC,FR,49,0.7551020408163265,0.29945232653061227,11.00758775510204,2.953976555119212
CC,EV,186,0.5645161290322581,0.28984071505376346,12.655424731182796,2.953045186934041
CC,TE,388,0.4948453608247423,0.1262091675257732,15.227585824742267,2.9510495720998495
AA,HW,24,0.9166666666666666,0.3634874166666667,8.417645833333333,2.9506361727958503
CA,PD,32,0.84375,0.12422190625,12.14383125,2.9501782549873425
GC,KF,32,0.84375,0.18131184375,10.341659374999999,2.9501782549873425
TC,SE,32,0.84375,0.19481596875,10.554340625,2.9501782549873425
TA,IK,37,0.8108108108108109,0.3386214864864865,9.919845945945946,2.9493941835619344
AC,SI,75,0.68,0.20874328,12.343414666666666,2.9448986713947054
TA,FA,18,1.0,0.5214105555555555,5.433983333333334,2.9444389791664403
CA,FV,53,0.7358490566037735,0.15635500000000002,12.868454716981132,2.9352901474718243
CA,YA,64,0.703125,0.412794890625,10.365534375,2.93511604914537
GG,IV,262,0.5267175572519084,0.13903897328244275,14.954280916030534,2.934951360460044
AG,DI,87,0.6551724137931034,0.09323542528735633,14.505605747126436,2.9334275681064113
AC,WE,89,0.651685393258427,0.09532184269662922,13.94608202247191,2.9324602345972517
GC,PL,89,0.651685393258427,0.09132677528089887,14.561340449438202,2.9324602345972517
TG,EF,34,0.8235294117647058,0.28100685294117644,9.230488235294118,2.927933697697164
GT,PK,55,0.7272727272727273,0.16076685454545453,12.39888909090909,2.9275285023528363
TT,YI,57,0.7192982456140351,0.43228456140350874,9.646138596491227,2.9206695339018105
TC,MR,41,0.7804878048780488,0.16620429268292683,11.4757,2.9172055557333607
TT,LF,41,0.7804878048780488,0.21755424390243905,10.43839024390244,2.9172055557333607
CC,MD,118,0.6101694915254238,0.2076416186440678,13.093477118644069,2.916075351729069
TC,AH,26,0.8846153846153846,0.08896915384615384,12.706273076923075,2.9155479968499836
GC,NS,43,0.7674418604651163,0.09293186046511628,13.222218604651163,2.904145533007038
GT,DY,43,0.7674418604651163,0.4461553488372093,8.761762790697675,2.904145533007038
TA,GW,23,0.9130434782608695,0.4254448260869565,6.873439130434782,2.9017013233611677
TG,NM,23,0.9130434782608695,0.2871235217391304,8.533895652173912,2.9017013233611677
CA,KT,52,0.7307692307692307,0.46971748076923076,9.144111538461539,2.9013671675957813
AG,NK,69,0.6811594202898551,0.15137471014492754,12.920140579710145,2.893902556178549
GT,QP,69,0.6811594202898551,0.09560162318840579,13.90141304347826,2.893902556178549
AA,YI,38,0.7894736842105263,0.2072285789473684,10.392726315789474,2.8922855101023526
AC,AQ,38,0.7894736842105263,0.16613476315789474,10.840973684210526,2.8922855101023526
CC,IV,248,0.5241935483870968,0.11606389516129033,14.756320161290322,2.8922132118565
GG,PE,182,0.554945054945055,0.11221862637362638,15.691197252747253,2.8909785793240856
CC,VG,198,0.5454545454545454,0.16511867676767675,13.668421717171716,2.88725717712245
TA,WP,28,0.8571428571428571,0.4297564642857143,8.137342857142857,2.8862535685598347
CT,RM,33,0.8181818181818182,0.45626042424242425,7.890648484848484,2.8852040655950413
CC,PY,101,0.6237623762376238,0.08638215841584158,14.379053465346535,2.8848840320486047
CG,GA,79,0.6582278481012658,0.17109127848101266,13.937916455696202,2.8843719620638204
CC,LS,97,0.6288659793814433,0.2661408247422681,11.931631958762887,2.8833300639062363
CC,VI,256,0.51953125,0.1102473359375,14.683571875,2.88291843473072
GG,RR,85,0.6470588235294118,0.3095854588235294,11.63249411764706,2.882224721105211
TG,GK,154,0.5714285714285714,0.12776372077922077,14.63177077922078,2.881957209668141
CC,VK,323,0.4984520123839009,0.1944577708978328,14.128528173374614,2.8814232385218728
GA,TS,40,0.775,0.1371054,12.5681525,2.8780183516958386
AC,TW,49,0.7346938775510204,0.07255779591836735,12.722128571428572,2.8741393509268014
TG,EP,49,0.7346938775510204,0.11875095918367347,13.671014285714286,2.8741393509268014
GG,LV,334,0.4940119760479042,0.14181953892215568,15.60653622754491,2.872250113027353
GT,EI,51,0.7254901960784313,0.3958282156862745,9.556474509803921,2.86658858014731
AC,EL,127,0.5905511811023622,0.14927836220472443,14.184018897637795,2.865372203102136
CA,LG,68,0.6764705882352942,0.10604594117647059,13.845864705882352,2.8642485178157933
CC,IQ,230,0.5260869565217391,0.1440242,14.667525217391304,2.8631849694484215
TT,QI,102,0.6176470588235294,0.13215977450980393,13.17843137254902,2.862626728024187
GG,YP,70,0.6714285714285714,0.07065534285714285,14.493870000000001,2.8620850602991688
CA,KS,53,0.7169811320754716,0.21634258490566038,11.171109433962265,2.8600262975366495
GA,FD,53,0.7169811320754716,0.1445454528301887,13.02607924528302,2.8600262975366495
GG,IY,205,0.5365853658536586,0.06497328780487804,15.656841463414635,2.8588603832529462
TT,TT,94,0.6276595744680851,0.17881255319148937,12.317953191489362,2.8582844319620415
GC,IY,76,0.6578947368421053,0.16661955263157893,12.164065789473685,2.85776672490374
CG,IS,86,0.6395348837209303,0.08308919767441861,14.483666279069768,2.8561040293721174
TT,IY,86,0.6395348837209303,0.1132289534883721,14.496683720930232,2.8561040293721174
TT,NR,86,0.6395348837209303,0.3100679651162791,11.695843023255813,2.8561040293721174
TT,PF,82,0.6463414634146342,0.1034415,14.209468292682928,2.8560799050392647
TT,VG,55,0.7090909090909091,0.1519126909090909,13.050898181818182,2.854340289794015
AG,RN,37,0.7837837837837838,0.3221920810810811,10.250086486486486,2.8510810441098697
CT,WV,37,0.7837837837837838,0.14925997297297297,12.204037837837838,2.8510810441098697
TT,TK,113,0.6017699115044248,0.21262769026548672,13.445018584070796,2.85010172115775
TT,KT,111,0.6036036036036037,0.09944854954954954,13.977332432432432,2.8481029223132555
AC,EY,32,0.8125,0.18538771874999999,10.50139375,2.8409123936915153
AA,KR,48,0.7291666666666666,0.1254634375,13.157879166666667,2.8377856340389984
CT,SR,48,0.7291666666666666,0.18124697916666666,11.676068749999999,2.8377856340389984
AG,KR,65,0.676923076923077,0.1468267076923077,13.293241538461539,2.836073979217888
TA,LV,65,0.676923076923077,0.28769966153846155,11.441326153846154,2.836073979217888
CT,QA,95,0.6210526315789474,0.10989876842105264,14.540987368421053,2.8347004557537088
TC,RQ,69,0.6666666666666666,0.14218195652173915,13.62810579710145,2.8323301613662393
TT,GQ,89,0.6292134831460674,0.11712530337078651,13.906513483146066,2.8313409161628633
CC,YN,142,0.5704225352112676,0.05735330985915493,16.00220281690141,2.8309184158524823
TG,EL,142,0.5704225352112676,0.08988732394366197,14.98789718309859,2.8309184158524823
CA,LQ,50,0.72,0.23898786000000002,10.3027,2.830914455561514
CT,YQ,87,0.632183908045977,0.10907870114942528,13.564748275862069,2.8305002850149585
TG,IY,75,0.6533333333333333,0.14207289333333334,13.442173333333333,2.82941244898707
GC,QE,41,0.7560975609756098,0.1395467804878049,12.884256097560975,2.826042882116693
TG,TP,52,0.7115384615384616,0.15132525,12.686784615384616,2.8250154000274716
GG,KV,241,0.5145228215767634,0.0838933070539419,15.414452282157676,2.8241837263212823
CC,NR,108,0.6018518518518519,0.14632202777777778,14.381890740740742,2.8234964106008733
CT,AW,34,0.7941176470588235,0.14393670588235294,11.51880588235294,2.823364637065122
AG,LF,54,0.7037037037037037,0.1773740185185185,12.10882037037037,2.81997520442285
CC,PK,145,0.5655172413793104,0.06511986206896551,16.18119931034483,2.8183154688281626
GA,NK,56,0.6964285714285714,0.22299028571428572,11.151039285714287,2.8156964186704903
CC,NK,143,0.5664335664335665,0.20059748251748252,13.31426013986014,2.815069071787805
AC,WQ,29,0.8275862068965517,0.18398034482758618,10.692882758620689,2.8147840399962667
TA,NK,29,0.8275862068965517,0.351117275862069,8.5872,2.8147840399962667
AC,IQ,113,0.5929203539823009,0.15094715044247786,13.290476106194692,2.808188460552489
CA,IQ,90,0.6222222222222222,0.13951156666666667,13.883281111111112,2.806757026277151
AG,VN,62,0.6774193548387096,0.13854198387096775,13.357051612903225,2.806639653362006
GG,LY,111,0.5945945945945946,0.11933963963963964,14.49394954954955,2.8055939234727587
GC,RS,66,0.6666666666666666,0.17928096969696972,12.357871212121212,2.80312841292731
AA,IQ,68,0.6617647058823529,0.10705560294117647,14.718720588235294,2.801982245689363
AC,SQ,78,0.6410256410256411,0.12488799999999999,13.754333333333333,2.800928110555783
TT,KQ,76,0.6447368421052632,0.12275936842105264,13.976268421052632,2.8006113904056646
CA,IE,47,0.723404255319149,0.12055821276595743,13.503468085106384,2.8004432844865597
TA,VD,21,0.9047619047619048,0.5022632380952381,6.565742857142856,2.7966574578003813
TG,QR,31,0.8064516129032258,0.3556161935483871,9.415535483870967,2.794948308709457
AG,RV,51,0.7058823529411765,0.23933392156862746,11.956339215686274,2.789113213116302
CC,PG,209,0.5215311004784688,0.07477288516746411,15.929855980861245,2.7886828748717893
TA,KR,40,0.75,0.20042857499999997,11.948415,2.7851790500282307
CT,AR,53,0.6981132075471698,0.4124695849056604,9.960375471698113,2.7847624476014743
AG,WL,18,0.9444444444444444,0.35540516666666666,7.3786499999999995,2.780859035879416
GA,EF,33,0.7878787878787878,0.2314769696969697,10.11772121212121,2.778344655758188
TT,RT,57,0.6842105263157895,0.27710019298245614,11.83811754385965,2.7781978493212343
AA,FP,42,0.7380952380952381,0.26234716666666663,11.09912619047619,2.7761238949166773
AC,RT,42,0.7380952380952381,0.24355740476190474,11.540035714285715,2.7761238949166773
AG,KN,42,0.7380952380952381,0.19664709523809526,12.654807142857143,2.7761238949166773
CA,QY,42,0.7380952380952381,0.5755554761904762,8.145135714285715,2.7761238949166773
GC,NW,42,0.7380952380952381,0.1495805238095238,13.407940476190477,2.7761238949166773
GC,QA,79,0.6329113924050633,0.12771310126582278,13.718969620253166,2.77343457890752
CC,DD,77,0.6363636363636364,0.08106897402597403,13.995181818181816,2.77245107152974
CT,RQ,77,0.6363636363636364,0.2798384545454546,11.935318181818182,2.77245107152974
TT,II,75,0.64,0.12869182666666668,13.013174666666668,2.7716693377832518
CA,SY,71,0.647887323943662,0.1988492676056338,12.182961971830986,2.7707977672498387
CA,VN,69,0.6521739130434783,0.22108655072463768,12.39942463768116,2.7707577665539302
TG,PP,28,0.8214285714285714,0.10673475,12.67222142857143,2.765993003203175
AT,RK,23,0.8695652173913043,0.35442456521739135,8.163834782608696,2.7635250698677787
TT,KI,111,0.5855855855855856,0.18686185585585585,14.022553153153154,2.7630849246322624
TA,SR,46,0.717391304347826,0.2041837391304348,11.820073913043478,2.762062409922433
CT,EF,37,0.7567567567567568,0.23494456756756757,10.618045945945946,2.7527679046578055
CC,VN,189,0.5238095238095238,0.12006795238095239,15.64387619047619,2.748441180655493
CG,SS,82,0.6219512195121951,0.10590198780487806,14.53272195121951,2.7483033048491037
GA,ET,101,0.594059405940594,0.20632799999999998,13.734863366336633,2.747508601951052
CA,WQ,30,0.8,0.1141654,12.779580000000001,2.7471897635881173
TT,GI,114,0.5789473684210527,0.1335486403508772,13.594753508771928,2.747065969052408
GG,ES,152,0.5460526315789473,0.08230505921052632,15.453588157894737,2.746883864970869
AA,WE,54,0.6851851851851852,0.06773714814814814,15.723564814814814,2.745765330622249
AG,RE,54,0.6851851851851852,0.14869862962962963,13.054185185185187,2.745765330622249
AG,RR,78,0.6282051282051282,0.22360733333333335,12.830115384615384,2.7449095483446673
CT,AE,74,0.6351351351351351,0.11330383783783785,13.942381081081082,2.742188396435224
AC,KQ,58,0.6724137931034483,0.18451705172413793,11.594693103448277,2.741792419177984
CC,TQ,110,0.5818181818181818,0.08957694545454546,15.401392727272727,2.7400902989453577
AC,PQ,20,0.9,0.37982495,8.171009999999999,2.7400701939510808
TG,PQ,64,0.65625,0.250451890625,11.0257171875,2.739441645869012
CT,GK,108,0.5833333333333334,0.26309399074074075,12.499818518518518,2.7366195979670005
AC,QP,41,0.7317073170731707,0.1468510243902439,12.211475609756098,2.7348802085000257
CA,IL,32,0.78125,0.22975603125,10.37329375,2.7316465323956876
CG,HT,32,0.78125,0.13073003125,12.072953125,2.7316465323956876
GG,GW,89,0.6067415730337079,0.08902898876404494,13.703423595505619,2.7302215977284754
TT,EI,89,0.6067415730337079,0.21790886516853936,12.836297752808989,2.7302215977284754
GT,GK,142,0.5492957746478874,0.16375919014084506,14.70530352112676,2.7260695856357238
GC,GI,113,0.5752212389380531,0.14434217699115046,14.508630973451329,2.7243619393419665
GA,RM,34,0.7647058823529411,0.28370811764705883,9.76625294117647,2.718795576433081
TG,DY,47,0.7021276595744681,0.30611176595744677,10.097825531914895,2.7180773055310725
GC,KT,79,0.620253164556962,0.31932796202531644,11.565749367088609,2.717965887329369
TG,YI,79,0.620253164556962,0.26349497468354427,12.525749367088608,2.717965887329369
TA,YN,27,0.8148148148148148,0.22228085185185187,10.708081481481482,2.715129600883499
TG,VN,136,0.5514705882352942,0.0933625,15.987884558823529,2.713224775272863
CA,RE,51,0.6862745098039216,0.12268458823529411,13.827278431372548,2.7116378460852935
TT,PS,51,0.6862745098039216,0.13104929411764704,13.347629411764705,2.7116378460852935
TT,AR,71,0.6338028169014085,0.22648597183098593,11.946359154929578,2.71056303317919
TT,KA,69,0.6376811594202898,0.19076439130434783,13.34383768115942,2.7091853717416203
AC,RM,36,0.75,0.18283269444444444,12.105852777777777,2.7081884344831684
GA,RN,36,0.75,0.2999182777777778,9.949647222222222,2.7081884344831684
TA,LT,36,0.75,0.1801938611111111,11.52116111111111,2.7081884344831684
AG,WN,14,1.0,0.338426,6.661607142857143,2.70805020110221
GA,YS,67,0.6417910447761194,0.3512589552238806,11.943619402985075,2.7080422585458597
AG,TR,55,0.6727272727272727,0.20671796363636363,12.57185818181818,2.7079638646763735
AT,QN,22,0.8636363636363636,0.32698527272727274,8.8132,2.707926822847902
CC,SR,65,0.6461538461538462,0.15218263076923078,13.415990769230769,2.707161525617075
AG,VG,59,0.6610169491525424,0.10932159322033898,13.895154237288137,2.7064311512993546
GT,MS,59,0.6610169491525424,0.17183330508474579,12.762025423728815,2.7064311512993546
AC,RK,61,0.6557377049180327,0.1954866393442623,11.851024590163934,2.706317629537765
TT,WQ,61,0.6557377049180327,0.08362980327868852,13.709254098360656,2.706317629537765
GG,IK,169,0.5266272189349113,0.0842900473372781,16.33892958579882,2.7046512479140437
TT,TE,179,0.5195530726256983,0.13628677094972066,15.37367877094972,2.698016687892679
GA,YK,29,0.7931034482758621,0.1667809655172414,11.53148275862069,2.697501371663089
AC,GS,84,0.6071428571428571,0.2858800952380952,12.666510714285716,2.6973239771548347
AA,SG,110,0.5727272727272728,0.18242568181818183,13.248686363636365,2.6972763880243367
GC,RG,110,0.5727272727272728,0.15917432727272726,14.09425090909091,2.6972763880243367
TT,AE,110,0.5727272727272728,0.09067951818181819,15.059110909090908,2.6972763880243367
CT,AL,97,0.5876288659793815,0.12165056701030928,13.949722680412371,2.6942592400435323
GC,YA,97,0.5876288659793815,0.2805639793814433,12.261340206185565,2.6942592400435323
AC,HT,40,0.725,0.546280625,9.2750175,2.6923397483606233
TT,FS,40,0.725,0.17192505,12.09574,2.6923397483606233
CC,SS,117,0.5641025641025641,0.0940054188034188,15.247710256410256,2.6911554291857596
CC,SE,124,0.5564516129032258,0.10090190322580646,14.542989516129031,2.6867229667246675
CA,SQ,76,0.618421052631579,0.10852738157894738,14.564492105263158,2.6863007214095154
TC,LL,76,0.618421052631579,0.2238029736842105,12.256672368421054,2.6863007214095154
CT,EN,31,0.7741935483870968,0.09379712903225806,13.488929032258064,2.6831503763610787
GG,NM,31,0.7741935483870968,0.24703525806451612,10.321148387096775,2.6831503763610787
AC,GW,24,0.8333333333333334,0.4624275,8.421941666666667,2.6823965207235005
GC,WQ,24,0.8333333333333334,0.08421754166666667,13.359495833333334,2.6823965207235005
AG,LM,44,0.7045454545454546,0.26799629545454545,10.220168181818183,2.681966754156362
GC,PY,44,0.7045454545454546,0.09955325,13.615445454545455,2.681966754156362
TC,YA,44,0.7045454545454546,0.11369165909090909,13.128436363636364,2.681966754156362
TT,NI,44,0.7045454545454546,0.3942565681818182,9.668059090909091,2.681966754156362
AC,DK,72,0.625,0.1442587777777778,13.337719444444444,2.6815371507177446
TT,QV,46,0.6956521739130435,0.09114356521739131,13.740534782608696,2.678363549015693
TT,TD,46,0.6956521739130435,0.2032480652173913,11.552234782608695,2.678363549015693
AC,NT,68,0.6323529411764706,0.2531558823529412,12.402316176470588,2.6774497014365024
CC,RY,87,0.5977011494252874,0.08040348275862069,15.495312643678162,2.676109360377779
CT,LN,50,0.68,0.28480328,11.979054000000001,2.6736414302525415
AG,LN,62,0.6451612903225806,0.11543316129032259,13.616782258064516,2.6729901460590533
TG,PL,85,0.6,0.11538697647058824,14.052689411764705,2.672608377752104
CT,AS,54,0.6666666666666666,0.13246574074074075,13.278757407407408,2.6715554568216473
GT,AR,54,0.6666666666666666,0.16213525925925928,12.894174074074074,2.6715554568216473
AA,YW,33,0.7575757575757576,0.1075540303030303,13.049060606060607,2.6714852459213345
AT,KR,33,0.7575757575757576,0.1929420909090909,11.467569696969697,2.6714852459213345
GT,KF,33,0.7575757575757576,0.09960548484848485,12.709490909090908,2.6714852459213345
CT,VR,56,0.6607142857142857,0.35185166071428575,10.9378625,2.6713017305335423
GT,VM,81,0.6049382716049383,0.06793932098765433,15.323102469135803,2.665793124888252
GT,YI,81,0.6049382716049383,0.309181975308642,12.097658024691357,2.665793124888252
TT,ES,81,0.6049382716049383,0.10739461728395062,14.838679012345679,2.665793124888252
TG,KF,35,0.7428571428571429,0.14520445714285715,11.708474285714287,2.6620426399959674
AG,RY,26,0.8076923076923077,0.27444742307692305,9.580665384615385,2.66202208408042
GT,RM,26,0.8076923076923077,0.21693692307692308,11.628734615384616,2.66202208408042
CT,EL,103,0.5728155339805825,0.12456989320388348,14.375366990291262,2.660379252906223
GC,QS,37,0.7297297297297297,0.1544167837837838,12.768567567567567,2.654454765205741
TT,GW,37,0.7297297297297297,0.14273148648648648,13.279267567567567,2.654454765205741
TG,AE,73,0.6164383561643836,0.09311053424657534,14.665639726027397,2.653190810879283
TC,FQ,21,0.8571428571428571,0.2372657142857143,10.516904761904764,2.6494649600214135
CA,AH,39,0.717948717948718,0.5190001538461538,8.082889743589744,2.6484262747484673
AA,KE,41,0.7073170731707317,0.12647265853658538,13.43499268292683,2.643717534883358
AA,MR,41,0.7073170731707317,0.11768760975609757,13.46931707317073,2.643717534883358
TA,KV,41,0.7073170731707317,0.19006043902439024,13.02569512195122,2.643717534883358
GA,PK,95,0.5789473684210527,0.1318521894736842,14.211871578947369,2.642517374007695
AG,GK,63,0.6349206349206349,0.11044773015873016,15.603874603174603,2.6405606878474104
AT,RR,63,0.6349206349206349,0.25481861904761904,12.043206349206349,2.6405606878474104
TT,RA,43,0.6976744186046512,0.20187920930232559,11.655686046511628,2.6401323027336705
GC,SP,61,0.639344262295082,0.13245501639344262,14.284944262295083,2.6386596887993212
TT,VT,93,0.5806451612903226,0.09711320430107527,14.953658064516128,2.6380421316406477
GA,FY,45,0.6888888888888889,0.19706371111111112,12.298691111111111,2.6375085175813764
CA,DK,59,0.6440677966101694,0.09427577966101695,13.543962711864406,2.637035480753217
GC,SS,59,0.6440677966101694,0.1283354406779661,13.62862372881356,2.637035480753217
TT,VM,59,0.6440677966101694,0.06792713559322033,15.37533220338983,2.637035480753217
TC,RR,80,0.6,0.2284150875,13.171105,2.6366694928034633
CG,KY,57,0.6491228070175439,0.11086814035087719,13.860219298245614,2.635726164740658
TT,FE,47,0.6808510638297872,0.11730525531914893,13.016146808510639,2.6357113265755854
TG,IG,134,0.5373134328358209,0.14152641044776118,14.468876865671643,2.6356700302057234
GG,HQ,55,0.6545454545454545,0.11603881818181817,13.546532727272728,2.6347756521175523
TA,PL,30,0.7666666666666667,0.2044953,11.390856666666668,2.6327235234386124
TG,QA,100,0.57,0.16229617000000002,13.380799,2.6306186945995176
TT,LR,109,0.5596330275229358,0.3001086605504587,12.489583486238534,2.6305440579205266
TT,IE,74,0.6081081081081081,0.3069674054054054,10.988966216216216,2.6254995285018103
TG,KI,137,0.5328467153284672,0.11922182481751825,15.322607299270073,2.625470941726102
AC,SS,87,0.5862068965517241,0.1637476551724138,13.720042528735632,2.624645718832052
AG,FR,72,0.6111111111111112,0.17665915277777777,13.81306111111111,2.6219474362573503
GG,WR,72,0.6111111111111112,0.14928388888888888,12.769675,2.6219474362573503
TG,GI,105,0.5619047619047619,0.07405804761904762,16.13517523809524,2.6204086338343995
TA,YF,18,0.8888888888888888,0.22335016666666668,8.896022222222221,2.617279092592391
AC,VN,83,0.5903614457831325,0.25864151807228913,12.714061445783132,2.6157834113653298
GC,NN,34,0.7352941176470589,0.23729635294117646,12.140135294117648,2.6142265158010396
TT,MS,34,0.7352941176470589,0.14747420588235294,12.549508823529411,2.6142265158010396
AA,AS,66,0.6212121212121212,0.12040057575757576,13.936333333333334,2.612006021136812
GG,WK,81,0.5925925925925926,0.10071381481481481,13.790780246913581,2.6113891835640017
CC,IY,184,0.5,0.04975491304347826,16.527753260869567,2.610177912539162
TT,RE,117,0.5470085470085471,0.2643425641025641,13.256675213675214,2.6096052646649794
AC,KS,64,0.625,0.178460546875,12.192465625,2.608992043684773
CA,RN,25,0.8,0.39643528000000006,9.060272,2.6064772304171857
CC,NM,25,0.8,0.21840136000000002,10.566304,2.6064772304171857
TG,MI,25,0.8,0.18078416,10.701708000000002,2.6064772304171857
AA,GR,60,0.6333333333333333,0.3054829333333334,11.650875000000001,2.6035534473097637
GA,RT,60,0.6333333333333333,0.15976403333333333,13.156488333333334,2.6035534473097637
GG,AI,122,0.5409836065573771,0.08778181147540984,15.093223770491804,2.603312847988357
GG,KG,122,0.5409836065573771,0.08826498360655738,15.025539344262295,2.603312847988357
AC,YN,38,0.7105263157894737,0.1389811052631579,12.351644736842106,2.603056959092117
TG,LF,88,0.5795454545454546,0.1295871931818182,13.398782954545455,2.601368805185672
CT,DI,58,0.6379310344827587,0.1599383620689655,12.939956896551724,2.601187679732959
CC,EN,141,0.524822695035461,0.05135862411347517,16.951285815602837,2.600930512499952
CA,RK,40,0.7,0.15715079999999998,13.2547975,2.5995004466930154
GA,KN,56,0.6428571428571429,0.16080098214285712,13.942210714285716,2.599104386465068
GG,NK,120,0.5416666666666666,0.08440730833333333,15.56945,2.5977198788649014
CG,GR,54,0.6481481481481481,0.13726472222222222,14.628824074074075,2.597345583021046
GC,GR,54,0.6481481481481481,0.1545977962962963,14.19268888888889,2.597345583021046
AC,FD,42,0.6904761904761905,0.20459478571428572,12.414597619047619,2.5970191275026977
TT,EF,42,0.6904761904761905,0.1287204761904762,12.370311904761904,2.5970191275026977
TG,TK,86,0.5813953488372093,0.2139838023255814,12.742444186046512,2.596458208520107
AC,GF,52,0.6538461538461539,0.25011782692307694,11.682080769230769,2.5959600973225414
GC,TT,52,0.6538461538461539,0.396948,11.60125,2.5959600973225414
AC,PY,44,0.6818181818181818,0.39717668181818183,9.85003409090909,2.595451697570672
TG,FK,44,0.6818181818181818,0.19409200000000001,11.760659090909092,2.595451697570672
TA,RE,50,0.66,0.31852076,11.77865,2.595004917598055
TC,TK,50,0.66,0.30076544,10.759970000000001,2.595004917598055
AC,FP,46,0.6739130434782609,0.24144978260869565,12.238608695652173,2.5946646881089523
GT,EF,46,0.6739130434782609,0.15427808695652173,12.624976086956522,2.5946646881089523
AT,LV,48,0.6666666666666666,0.21242560416666667,12.590135416666667,2.594546865407084
AC,RQ,95,0.5684210526315789,0.20894490526315787,14.33838947368421,2.594471603571191
GG,RG,193,0.49222797927461137,0.08507079274611398,16.099407772020726,2.5929871767410164
AA,TR,27,0.7777777777777778,0.20978937037037038,11.334366666666666,2.5917146190251588
TA,RS,27,0.7777777777777778,0.226807962962963,10.922374074074073,2.5917146190251588
TA,RY,27,0.7777777777777778,0.333884037037037,9.603411111111111,2.5917146190251588
AG,TK,71,0.6056338028169014,0.14772194366197183,14.71564366197183,2.5900935650378925
TA,NF,20,0.85,0.2353881,9.42128,2.5878440720649096
CA,HL,15,0.9333333333333333,0.2367496666666667,8.406,2.5877494740904625
TA,WK,15,0.9333333333333333,0.3383907333333333,7.466473333333334,2.5877494740904625
CG,WE,91,0.5714285714285714,0.13371546153846156,14.132661538461539,2.583879186885166
CC,IK,227,0.47577092511013214,0.09890329074889867,15.982247136563876,2.5831247926303065
GA,GA,67,0.6119402985074627,0.10756701492537314,14.656064179104476,2.5820868046600056
GC,QI,80,0.5875,0.0881001125,14.39259625,2.581738878370058
CC,TI,121,0.5371900826446281,0.06661804132231405,15.996837190082646,2.580672462046791
AC,LQ,63,0.6190476190476191,0.1771698253968254,13.172331746031746,2.5745466706512254
AC,SA,63,0.6190476190476191,0.11070201587301587,14.01910634920635,2.5745466706512254
AG,IR,63,0.6190476190476191,0.18722707936507937,12.904877777777777,2.5745466706512254
CC,LW,76,0.5921052631578947,0.06672280263157895,15.196578947368423,2.571990052413365
TT,LL,143,0.5174825174825175,0.17832195104895104,14.650288111888111,2.571791497682686
CA,NN,31,0.7419354838709677,0.18800825806451613,12.179367741935485,2.5713524440127005
AC,SP,61,0.6229508196721312,0.36908718032786886,10.67804262295082,2.5710017480608767
GA,RQ,61,0.6229508196721312,0.21510216393442622,12.554495081967213,2.5710017480608767
GT,ML,85,0.5764705882352941,0.0712565294117647,14.907392941176472,2.567800206075551
AC,FV,59,0.6271186440677966,0.19874647457627118,13.424872881355933,2.56763981020708
TA,NT,22,0.8181818181818182,0.17115990909090908,10.743581818181818,2.5654043584874864
AT,VK,33,0.7272727272727273,0.20600696969696972,11.593424242424241,2.564625836084481
CG,KQ,101,0.5544554455445545,0.07466890099009901,14.94109900990099,2.564341361820982
TC,AL,72,0.5972222222222222,0.08263602777777777,14.990124999999999,2.5623577217969555
TG,FV,72,0.5972222222222222,0.13991043055555555,14.336666666666666,2.5623577217969555
TT,RR,55,0.6363636363636364,0.23320861818181818,12.851896363636364,2.5615874395587315
AC,QK,120,0.5333333333333333,0.16126121666666665,14.174234166666668,2.5577549576515954
CG,SG,90,0.5666666666666667,0.1172213,14.854199999999999,2.556153720359548
CA,TT,37,0.7027027027027027,0.5238214324324324,9.469978378378379,2.5561416257536766
CT,VG,37,0.7027027027027027,0.3085843783783784,10.723375675675676,2.5561416257536766
TC,LS,37,0.7027027027027027,0.18679099999999998,11.982751351351352,2.5561416257536766
CA,AA,68,0.6029411764705882,0.10483045588235294,14.364098529411764,2.5529171571836415
AT,KK,41,0.6829268292682927,0.2291071463414634,12.085519512195122,2.5525548612666906
GT,SE,45,0.6666666666666666,0.13233804444444444,12.506108888888889,2.5524275976593964
GC,SR,79,0.5822784810126582,0.17197356962025317,13.834077215189874,2.551559812594918
GT,SD,104,0.5480769230769231,0.11246357692307692,14.211251923076922,2.550728268836335
AT,PQ,17,0.8823529411764706,0.18052705882352943,11.211229411764705,2.5503280216730864
TG,WR,17,0.8823529411764706,0.4200688235294118,7.764211764705883,2.5503280216730864
AG,QK,66,0.6060606060606061,0.17609095454545454,13.697777272727274,2.548298557206646
CT,KI,66,0.6060606060606061,0.17302372727272727,13.13399393939394,2.548298557206646
CT,KT,66,0.6060606060606061,0.1508839696969697,13.560077272727273,2.548298557206646
GA,WN,24,0.7916666666666666,0.35602341666666665,9.886575,2.5482766946873254
TT,KS,75,0.5866666666666667,0.12259070666666666,13.578677333333333,2.540696892967981
CG,RS,62,0.6129032258064516,0.20344537096774193,12.913354838709678,2.5393406387561006
GA,TR,62,0.6129032258064516,0.27307625806451613,12.160359677419356,2.5393406387561006
GA,VK,100,0.55,0.13813303,14.702614,2.538316284262693
CC,IF,107,0.5420560747663551,0.09609835514018691,15.177330841121496,2.537977674515932
CA,LM,26,0.7692307692307693,0.24788546153846153,10.830573076923077,2.535259127695638
TT,PQ,26,0.7692307692307693,0.2684945384615384,9.280396153846153,2.535259127695638
GA,RE,60,0.6166666666666667,0.15900548333333334,13.990315,2.5350388829068753
GT,FE,60,0.6166666666666667,0.1055261,14.205263333333333,2.5350388829068753
GA,LR,82,0.573170731707317,0.13930180487804877,14.073690243902439,2.5327501044687817
GG,LK,341,0.4340175953079179,0.06490012609970675,16.938118768328447,2.532410525176732
TG,RS,58,0.6206896551724138,0.1252121551724138,13.383346551724138,2.5308853100104467
GA,IR,71,0.5915492957746479,0.1397171267605634,13.942454929577465,2.529858830967244
GA,LL,129,0.5193798449612403,0.1083017984496124,14.931138759689922,2.5280992882211164
GA,SG,89,0.5617977528089888,0.13213357303370787,14.680314606741574,2.5279829608596995
GA,PI,56,0.625,0.08642544642857143,15.585835714285713,2.526907042396594
TT,RK,56,0.625,0.18614480357142857,12.674569642857142,2.526907042396594
CT,GI,96,0.5520833333333334,0.14118492708333333,13.482333333333335,2.525621686048743
TC,TR,28,0.75,0.23698778571428572,10.669728571428573,2.5254718724898555
GT,RP,54,0.6296296296296297,0.12467531481481481,13.89392037037037,2.523135709220445
GG,SV,159,0.4968553459119497,0.1050715786163522,15.56683962264151,2.5216272415312724
GT,KK,115,0.5304347826086957,0.1279261391304348,14.562424347826086,2.521469579630333
GT,VL,115,0.5304347826086957,0.14641657391304347,13.818007826086957,2.521469579630333
CC,LV,340,0.4323529411764706,0.11207043823529411,15.57903411764706,2.5214315416490503
AA,PK,52,0.6346153846153846,0.11253934615384614,14.296207692307691,2.5196083297542313
GC,PF,52,0.6346153846153846,0.1158414423076923,13.788196153846153,2.5196083297542313
GT,EK,108,0.5370370370370371,0.1564081574074074,14.376298148148148,2.5194275663823182
AA,QS,67,0.5970149253731343,0.1806974776119403,13.946346268656717,2.5191090777170784
AC,VK,67,0.5970149253731343,0.15187949253731345,12.921594029850747,2.5191090777170784
AT,RS,30,0.7333333333333333,0.1832313,12.199846666666668,2.518257283289107
TA,FS,30,0.7333333333333333,0.18081583333333334,12.25163,2.518257283289107
CC,AI,177,0.4858757062146893,0.13361866666666666,14.639619209039546,2.517702741949827
GC,KS,50,0.64,0.14769668,12.950185999999999,2.5163684049435684
GC,MG,14,0.9285714285714286,0.38424871428571433,8.195792857142857,2.5146180438806236
GT,MP,14,0.9285714285714286,0.21313835714285714,9.356421428571428,2.5146180438806236
GT,RG,92,0.5543478260869565,0.15964378260869563,14.093866304347827,2.512636675552349
GT,KI,135,0.5111111111111111,0.1505772,14.503931111111111,2.5109124971539822
TC,GA,34,0.7058823529411765,0.0940199705882353,14.695635294117649,2.509657455168998
TG,HK,34,0.7058823529411765,0.08284894117647058,13.767441176470589,2.509657455168998
TT,RP,34,0.7058823529411765,0.10983179411764706,13.097644117647059,2.509657455168998
CT,VK,74,0.581081081081081,0.0946717972972973,14.810221621621622,2.5088106605683964
GG,LL,306,0.43790849673202614,0.09724773529411765,15.855800326797384,2.5078352881590993
CT,NQ,36,0.6944444444444444,0.2916385833333333,10.546019444444445,2.5075818837807113
CA,QS,42,0.6666666666666666,0.13936088095238094,13.137745238095238,2.507466743795708
GT,GW,42,0.6666666666666666,0.13029100000000002,13.547983333333335,2.507466743795708
TT,IR,42,0.6666666666666666,0.2560255238095238,11.609857142857143,2.507466743795708
AA,LY,38,0.6842105263157895,0.0986421052631579,13.928865789473683,2.5066474420887053
AC,AI,38,0.6842105263157895,0.19960868421052633,11.893707894736842,2.5066474420887053
TG,NS,38,0.6842105263157895,0.11842863157894738,13.800542105263158,2.5066474420887053
TT,IH,38,0.6842105263157895,0.1470565,13.754365789473683,2.5066474420887053
CA,QK,104,0.5384615384615384,0.23113542307692309,13.579674038461539,2.50597865008482
GT,LQ,104,0.5384615384615384,0.13264373076923078,14.030810576923077,2.50597865008482
GA,KK,72,0.5833333333333334,0.23340769444444445,12.885693055555556,2.5027680073365617
AT,FQ,21,0.8095238095238095,0.23143923809523811,10.024780952380953,2.5022724622424466
GA,FW,21,0.8095238095238095,0.07907828571428571,12.817695238095238,2.5022724622424466
CT,KA,59,0.6101694915254238,0.13469466101694916,14.54556779661017,2.498244139660943
TG,VL,131,0.5114503816793893,0.083256893129771,15.786206870229009,2.497310906971655
GG,LH,107,0.5327102803738317,0.08390909345794392,15.257603738317757,2.494219438748416
CC,PQ,86,0.5581395348837209,0.1571027093023256,14.945053488372093,2.4925998801793026
GT,RR,86,0.5581395348837209,0.15817016279069768,13.805010465116279,2.4925998801793026
CG,ES,93,0.5483870967741935,0.08683380645161291,15.422992473118278,2.491484235438389
CC,NT,224,0.45982142857142855,0.09676395535714286,16.501446875,2.4904390242279253
TG,QK,139,0.5035971223021583,0.200375309352518,14.944730215827338,2.488596903472311
GG,WN,23,0.782608695652174,0.3840213913043478,9.649982608695652,2.487172562881001
TA,FL,23,0.782608695652174,0.3175177826086956,9.88075652173913,2.487172562881001
AC,QG,84,0.5595238095238095,0.2615607380952381,12.969098809523809,2.4857691554172012
AT,WF,11,1.0,0.27654218181818185,7.628354545454545,2.4849066497880004
AT,WR,11,1.0,0.28919209090909087,7.5706,2.4849066497880004
GC,YF,11,1.0,0.4823732727272727,5.593863636363636,2.4849066497880004
CA,TE,91,0.5494505494505495,0.10455583516483516,15.392243956043956,2.4844992181588137
CC,RQ,127,0.5118110236220472,0.166114,14.793113385826771,2.483322576021851
AA,RE,75,0.5733333333333334,0.12875335999999998,15.85454,2.4829537817641634
CC,GS,157,0.49044585987261147,0.12306012738853504,15.406519108280255,2.482928774159723
GC,LV,147,0.4965986394557823,0.10920621088435374,15.812037414965985,2.481608816222996
CC,PL,252,0.44841269841269843,0.07834002380952382,16.598375396825396,2.4812421120087693
AC,NH,16,0.875,0.2689921875,9.354625,2.4790616760491893
AC,NM,16,0.875,0.2552499375,9.2726125,2.4790616760491893
CG,PK,64,0.59375,0.10179060937500001,14.528465625,2.4785424415005344
TT,TP,89,0.550561797752809,0.1897679213483146,14.469569662921348,2.4774233016425056
AC,WR,25,0.76,0.24806376,10.359596,2.4761533688963264
AG,NM,25,0.76,0.21106055999999998,10.656936,2.4761533688963264
GA,NM,25,0.76,0.20207616,11.08508,2.4761533688963264
TA,EI,25,0.76,0.24958372,10.920927999999998,2.4761533688963264
GG,KK,382,0.4162303664921466,0.09363434293193716,16.059346858638744,2.4757527834547717
CA,TP,49,0.6326530612244898,0.1331044693877551,14.110228571428571,2.4749533299647455
AC,GR,62,0.5967741935483871,0.23917604838709677,13.311959677419354,2.4725158851046243
CT,TK,62,0.5967741935483871,0.18122345161290324,13.730291935483871,2.4725158851046243
CA,PL,80,0.5625,0.07386248749999999,16.4503175,2.471877649503247
TT,DY,27,0.7407407407407407,0.5176936296296296,8.316037037037038,2.4682996371668176
CA,LF,45,0.6444444444444445,0.2356426888888889,12.814033333333333,2.467346677737417
CA,VS,45,0.6444444444444445,0.15678013333333335,13.269164444444444,2.467346677737417
AA,KQ,60,0.6,0.11798435,14.247195,2.466524318503987
CT,LR,60,0.6,0.39145685,10.688211666666666,2.466524318503987
CG,ET,99,0.5353535353535354,0.186655202020202,13.7642898989899,2.465394139973423
AG,GR,43,0.6511627906976745,0.20401402325581397,12.982595348837208,2.4641234825514258
TC,DI,29,0.7241379310344828,0.1302126896551724,12.751227586206896,2.462936034996733
AG,IL,69,0.5797101449275363,0.10949004347826087,14.531366666666667,2.4628957924923824
TA,KI,69,0.5797101449275363,0.1825668260869565,14.604149275362317,2.4628957924923824
CG,SA,41,0.6585365853658537,0.11278985365853658,13.814541463414635,2.461392187650023
CG,TR,41,0.6585365853658537,0.19147085365853658,12.3874,2.461392187650023
AA,WV,31,0.7096774193548387,0.17461312903225806,11.78493870967742,2.4595545116643223
AA,PY,37,0.6756756756756757,0.46764767567567567,10.737032432432432,2.457828486301612
TT,GM,37,0.6756756756756757,0.22262281081081078,11.765524324324325,2.457828486301612
GG,RT,159,0.48427672955974843,0.132672320754717,15.537669811320756,2.4577885771887087
TT,GN,33,0.696969696969697,0.0714641212121212,13.41590606060606,2.4577664262476278
TG,FR,76,0.5657894736842105,0.18851676315789473,13.945863157894738,2.457679383417216
TG,RA,35,0.6857142857142857,0.1920940857142857,13.395719999999999,2.4572701292270467
CA,AL,67,0.582089552238806,0.10815259701492537,14.872870149253732,2.456131350774152
AC,MF,18,0.8333333333333334,0.14676044444444447,11.77005,2.453699149305367
GT,MI,18,0.8333333333333334,0.19464933333333334,10.358516666666667,2.453699149305367
TA,PR,18,0.8333333333333334,0.2970487777777778,10.652327777777778,2.453699149305367
AG,KL,124,0.5080645161290323,0.06413142741935483,16.786343548387098,2.453094882661653
AA,LR,74,0.5675675675675675,0.09260082432432433,15.139363513513512,2.4504662266016894
GA,QK,95,0.5368421052631579,0.23294895789473685,13.730758947368422,2.4503342922616804
GG,TK,207,0.45893719806763283,0.08236123671497585,16.065963768115942,2.4495947708774164
GA,IS,65,0.5846153846153846,0.16902736923076925,13.86787076923077,2.449336618415449
TG,AN,65,0.5846153846153846,0.1494113846153846,13.247953846153846,2.449336618415449
AG,RQ,54,0.6111111111111112,0.15415137037037036,13.756579629629629,2.4489258354198435
CT,FV,54,0.6111111111111112,0.19934561111111113,12.652348148148148,2.4489258354198435
CA,KQ,52,0.6153846153846154,0.1331574423076923,13.518073076923077,2.4432565621859212
GT,FR,72,0.5694444444444444,0.18912734722222224,13.670708333333332,2.443178292876167
CC,DI,150,0.4866666666666667,0.07990955999999999,15.912463333333331,2.4417428539165966
GG,LF,86,0.5465116279069767,0.07983395348837209,14.871788372093024,2.4406707160089
TT,VK,110,0.5181818181818182,0.09920764545454545,15.337796363636363,2.4403929224982095
CC,PS,120,0.5083333333333333,0.05098961666666667,17.2029975,2.4378601940116766
AC,YM,13,0.9230769230769231,0.2626270769230769,8.154638461538461,2.436052919644854
AT,WP,13,0.9230769230769231,0.3620618461538462,7.658153846153846,2.436052919644854
CT,NM,13,0.9230769230769231,0.20281323076923077,9.711723076923077,2.436052919644854
GC,PM,13,0.9230769230769231,0.27432553846153845,8.77693076923077,2.436052919644854
TA,KF,13,0.9230769230769231,0.23929184615384613,9.075807692307693,2.436052919644854
GA,DY,20,0.8,0.13432575,11.836785,2.4356179501787385
GG,IP,269,0.4349442379182156,0.18214815985130112,16.118975464684013,2.435001372501152
AG,IQ,48,0.625,0.18499839583333333,12.721397916666668,2.4323876863191414
TG,KS,96,0.53125,0.09282619791666667,15.88620625,2.4303152073299223
TG,DG,68,0.5735294117647058,0.10294614705882353,14.11059705882353,2.428384612930781
AC,EF,46,0.6304347826086957,0.15532895652173914,13.778313043478262,2.4272669662954716
GG,RQ,136,0.49264705882352944,0.13823022058823528,14.98447132352941,2.423814132577091
AA,CA,22,0.7727272727272727,0.10914509090909091,12.57944090909091,2.42288189412707
AC,AY,22,0.7727272727272727,0.2983355,9.605345454545455,2.42288189412707
AG,FN,22,0.7727272727272727,0.1931235,11.791563636363636,2.42288189412707
AT,NN,22,0.7727272727272727,0.17213704545454545,11.400013636363637,2.42288189412707
AA,LL,94,0.5319148936170213,0.06004910638297872,16.063648936170214,2.4222749423407133
GG,RD,57,0.5964912280701754,0.2015336842105263,14.039959649122807,2.422018637869794
TG,TT,57,0.5964912280701754,0.34671566666666664,12.119719298245613,2.422018637869794
CC,TP,268,0.43283582089552236,0.06865579104477612,17.016147388059704,2.4215914926634823
TT,SD,66,0.5757575757575758,0.12028874242424242,13.290854545454547,2.4208836293463136
GG,RE,144,0.4861111111111111,0.11380496527777778,15.209677777777777,2.4192455692322237
GT,QV,87,0.5402298850574713,0.06636372413793104,16.26342643678161,2.4187911526491463
GG,AL,235,0.4425531914893617,0.17706320851063828,15.57122085106383,2.4180362030751636
AC,WV,42,0.6428571428571429,0.15093309523809526,13.522619047619049,2.417914360088719
GA,EW,42,0.6428571428571429,0.09165738095238096,14.172635714285715,2.417914360088719
AC,IH,24,0.75,0.38513595833333336,10.296095833333334,2.4141568686511503
AC,KW,24,0.75,0.17982041666666668,12.466779166666667,2.4141568686511503
AT,AR,24,0.75,0.29470066666666667,10.441358333333334,2.4141568686511503
CT,TR,24,0.75,0.2985785416666667,10.527979166666666,2.4141568686511503
GC,KL,147,0.48299319727891155,0.1869538163265306,14.264980952380954,2.413619533586749
GA,KE,64,0.578125,0.3201159375,12.2860984375,2.413317640408415
CT,VP,38,0.6578947368421053,0.06694610526315789,14.92367105263158,2.4102379250852937
CG,SP,53,0.6037735849056604,0.1524323962264151,13.64396603773585,2.4084431979255996
GC,LP,53,0.6037735849056604,0.09363183018867925,14.701101886792454,2.4084431979255996
TC,SK,53,0.6037735849056604,0.16979041509433962,13.863918867924529,2.4084431979255996
CA,DG,36,0.6666666666666666,0.09045688888888888,14.70791388888889,2.4072786084294826
CA,ND,36,0.6666666666666666,0.0769696388888889,15.004825000000002,2.4072786084294826
CT,QG,107,0.514018691588785,0.10335352336448599,15.729607476635515,2.4067029672133837
AG,KQ,62,0.5806451612903226,0.0873285,15.028958064516129,2.405691131453148
GT,MF,28,0.7142857142857143,0.18576974999999998,12.920532142857143,2.4052113071331958
AA,GA,32,0.6875,0.06168009375,15.15203125,2.4038489485082053
TA,VF,32,0.6875,0.3623835625,9.6229875,2.4038489485082053
GC,WR,15,0.8666666666666667,0.274104,8.79816,2.402910225941144
TC,AY,15,0.8666666666666667,0.22940080000000002,9.967146666666668,2.402910225941144
TC,QN,15,0.8666666666666667,0.2916086,8.913053333333332,2.402910225941144
GA,VV,51,0.6078431372549019,0.09659692156862745,14.522143137254902,2.4017363779612597
CC,KI,285,0.4245614035087719,0.19012000701754386,15.693966666666666,2.401315821435797
AA,KK,76,0.5526315789473685,0.25659238157894737,13.635334210526315,2.4005240489191415
TC,LR,60,0.5833333333333334,0.36172325,11.747515,2.3980097541010985
GA,WL,10,1.0,0.6241641,3.93688,2.3978952727983707
TC,FF,10,1.0,0.49727899999999997,5.7243200000000005,2.3978952727983707
CT,IY,88,0.5340909090909091,0.11845318181818182,15.377331818181819,2.397339879288756
GC,TK,88,0.5340909090909091,0.16820167045454545,14.15736931818182,2.397339879288756
GA,SE,49,0.6122448979591837,0.07845175510204082,14.301465306122449,2.395116125772334
CA,IS,58,0.5862068965517241,0.19166458620689655,13.020625862068965,2.3902805705654218
CA,SR,58,0.5862068965517241,0.19398791379310343,13.096263793103448,2.3902805705654218
TG,VR,108,0.5092592592592593,0.12922812037037038,14.764710185185185,2.3891123474315084
AC,KT,86,0.5348837209302325,0.15206662790697675,15.390776744186047,2.388741551838498
AC,PD,47,0.6170212765957447,0.11714931914893617,13.465076595744682,2.3886133897091244
CG,EF,47,0.6170212765957447,0.19173508510638299,13.545874468085108,2.3886133897091244
GA,RK,47,0.6170212765957447,0.23970929787234044,13.122740425531916,2.3886133897091244
TC,KK,47,0.6170212765957447,0.11844659574468085,13.556393617021277,2.3886133897091244
GT,IR,65,0.5692307692307692,0.10379503076923077,14.4169,2.384880391615042
AG,IE,72,0.5555555555555556,0.11312580555555557,15.244579166666666,2.3835885784157727
GT,GM,72,0.5555555555555556,0.17230570833333334,13.103525,2.3835885784157727
TT,NE,43,0.627906976744186,0.16753188372093025,13.994927906976743,2.3761190724603036
CA,SS,70,0.5571428571428572,0.11242938571428572,14.81735857142857,2.3749216457801614
TT,LT,119,0.4957983193277311,0.08662304201680672,16.257089915966386,2.3736303598667288
GT,LF,109,0.5045871559633027,0.16340112844036697,13.778805504587154,2.37180201943654
AC,KR,41,0.6341463414634146,0.18180675609756097,13.172478048780487,2.3702295140333556
CA,YW,41,0.6341463414634146,0.09182990243902439,14.795136585365853,2.3702295140333556
TC,GT,41,0.6341463414634146,0.463673243902439,10.578058536585367,2.3702295140333556
TC,VN,41,0.6341463414634146,0.09091360975609757,13.488060975609756,2.3702295140333556
TT,RM,41,0.6341463414634146,0.2532897073170732,11.988839024390243,2.3702295140333556
CC,LR,161,0.4658385093167702,0.15002105590062112,15.34867142857143,2.3699982928101164
GA,VQ,61,0.5737704918032787,0.11503968852459018,14.163790163934427,2.3680279258455443
GC,ES,52,0.5961538461538461,0.16299386538461538,13.837992307692307,2.366904794617611
TA,WR,19,0.7894736842105263,0.41446863157894737,7.838752631578947,2.3650517949110452
GC,AL,117,0.49572649572649574,0.07390973504273504,16.328582905982906,2.3649547711026373
CC,ID,39,0.6410256410256411,0.13912474358974358,13.580515384615383,2.364666316739703
TG,EW,39,0.6410256410256411,0.09503912820512819,14.837458974358974,2.364666316739703
TT,QG,80,0.5375,0.0836095625,16.1543675,2.362016420636436
CC,NP,125,0.488,0.058793104,17.23046,2.3601055705923213
AT,KV,37,0.6486486486486487,0.13758248648648647,14.481367567567569,2.359515346849548
AT,SR,37,0.6486486486486487,0.19853135135135133,13.101702702702703,2.359515346849548
CA,IR,37,0.6486486486486487,0.2759958378378378,12.12005945945946,2.359515346849548
CT,QW,37,0.6486486486486487,0.19280378378378377,12.331535135135136,2.359515346849548
TA,DK,37,0.6486486486486487,0.17250321621621623,12.54529189189189,2.359515346849548
AC,KY,50,0.6,0.1266391,14.679214,2.3590953796345953
CA,TK,50,0.6,0.15199092,13.680916,2.3590953796345953
AA,KI,66,0.5606060606060606,0.1924954696969697,14.659492424242424,2.3571761654161474
TG,PK,66,0.5606060606060606,0.12461660606060605,13.914966666666666,2.3571761654161474
GG,WE,115,0.4956521739130435,0.08286647826086957,15.925154782608697,2.3561273121135895
AC,RY,21,0.7619047619047619,0.24046171428571428,10.131161904761905,2.355079964463479
AT,YI,21,0.7619047619047619,0.23584342857142856,10.964238095238095,2.355079964463479
GA,CY,21,0.7619047619047619,0.14814709523809522,11.181561904761905,2.355079964463479
TA,PQ,21,0.7619047619047619,0.37952857142857144,8.955571428571428,2.355079964463479
GT,MR,35,0.6571428571428571,0.15748125714285713,12.972094285714286,2.3548838738425864
GT,QR,35,0.6571428571428571,0.29924208571428573,11.746454285714286,2.3548838738425864
AC,GA,48,0.6041666666666666,0.40731243749999996,11.480008333333332,2.35130809677517
AA,EW,12,0.9166666666666666,0.32152949999999997,7.8385,2.351203577673075
AT,MI,12,0.9166666666666666,0.27661858333333333,9.302075,2.351203577673075
GG,CH,12,0.9166666666666666,0.18686925000000001,10.696150000000001,2.351203577673075
TA,YM,12,0.9166666666666666,0.12268275000000001,11.474883333333333,2.351203577673075
TG,MP,12,0.9166666666666666,0.28502075,8.559208333333332,2.351203577673075
AA,AD,33,0.6666666666666666,0.09246609090909091,14.06019090909091,2.3509070164107744
AA,NK,33,0.6666666666666666,0.16488942424242425,13.367284848484848,2.3509070164107744
AA,YR,33,0.6666666666666666,0.5379995151515151,8.842924242424242,2.3509070164107744
AC,FA,33,0.6666666666666666,0.25998645454545455,11.916857575757575,2.3509070164107744
GA,RW,33,0.6666666666666666,0.20685975757575759,12.383318181818181,2.3509070164107744
AG,KP,57,0.5789473684210527,0.0916838245614035,14.811156140350878,2.350782795579506
AC,LP,71,0.5492957746478874,0.09755194366197183,15.11353943661972,2.349154628755298
GA,KY,71,0.5492957746478874,0.08333523943661972,16.012926760563378,2.349154628755298
AC,DA,23,0.7391304347826086,0.08606460869565218,13.75375652173913,2.348996309387612
CA,LV,83,0.5301204819277109,0.17387484337349396,13.82944096385542,2.3488667367362144
CC,SM,64,0.5625,0.0868585625,16.28321875,2.348092839316296
AG,RW,31,0.6774193548387096,0.13047774193548387,13.426154838709678,2.3477565793159436
CT,TD,31,0.6774193548387096,0.2771434193548387,11.735325806451613,2.3477565793159436
GT,PR,31,0.6774193548387096,0.3129441290322581,11.195490322580646,2.3477565793159436
AT,RA,25,0.72,0.23684788,11.263408,2.345829507375467
GG,QR,25,0.72,0.33465896,10.456620000000001,2.345829507375467
TA,KW,25,0.72,0.12493456,13.251676,2.345829507375467
TC,RK,25,0.72,0.23894344,11.150152,2.345829507375467
AG,CR,29,0.6896551724137931,0.22105775862068966,12.498513793103449,2.3456533666635555
GA,KI,93,0.5161290322580645,0.1615561935483871,14.989258064516129,2.344926339236131
AA,DE,27,0.7037037037037037,0.1394144074074074,13.193907407407407,2.344884655308477
AA,RY,27,0.7037037037037037,0.2746670740740741,10.589548148148149,2.344884655308477
CT,NS,27,0.7037037037037037,0.2306531851851852,10.932303703703703,2.344884655308477
TG,YN,27,0.7037037037037037,0.14597118518518518,12.774796296296298,2.344884655308477
TT,KK,98,0.5102040816326531,0.11521880612244899,15.69191530612245,2.344448903129893
AG,LS,46,0.6086956521739131,0.08817636956521739,15.356941304347826,2.3435681053887314
TG,GM,76,0.5394736842105263,0.10254196052631578,14.796940789473682,2.3433687144210666
AC,IE,55,0.5818181818181818,0.08506727272727273,15.00161090909091,2.3420228018822686
AG,SF,55,0.5818181818181818,0.13559278181818182,15.017316363636365,2.3420228018822686
TG,PF,55,0.5818181818181818,0.07268341818181819,15.546712727272729,2.3420228018822686
CC,GP,116,0.49137931034482757,0.08047843103448275,16.649905172413796,2.340033743823035
GG,PS,137,0.4744525547445255,0.09125702919708029,16.884958394160584,2.337748098797214
CG,EY,44,0.6136363636363636,0.0848465,14.100293181818182,2.3359065278136053
TT,YW,44,0.6136363636363636,0.11454343181818182,14.03143409090909,2.3359065278136053
TT,RQ,91,0.5164835164835165,0.2173843736263736,14.094805494505495,2.3354292650692847
AA,IY,74,0.5405405405405406,0.10561925675675676,16.03874864864865,2.333777358668276
TG,LV,140,0.4714285714285714,0.07721071428571429,17.038111428571426,2.3329868054639937
AG,ND,42,0.6190476190476191,0.1003002380952381,14.586311904761905,2.3283619763817294
CT,TG,42,0.6190476190476191,0.11988392857142857,13.76844761904762,2.3283619763817294
CG,MF,14,0.8571428571428571,0.23071785714285714,10.39395,2.321185886659037
GC,SM,14,0.8571428571428571,0.1494975,11.506935714285714,2.321185886659037
TA,VW,14,0.8571428571428571,0.3684634285714286,8.080378571428572,2.321185886659037
GA,YI,40,0.625,0.1999665,12.945105000000002,2.3209825416901926
AC,TI,58,0.5689655172413793,0.1580781379310345,14.239127586206898,2.3199782008429097
GG,EF,58,0.5689655172413793,0.09110872413793103,15.737675862068967,2.3199782008429097
CA,RQ,77,0.5324675324675324,0.12071685714285713,14.549094805194803,2.3198059986269253
GT,PL,77,0.5324675324675324,0.17012858441558443,14.185729870129872,2.3198059986269253
CT,IA,49,0.5918367346938775,0.11107959183673469,13.087838775510203,2.315278921579923
CT,II,49,0.5918367346938775,0.1609205306122449,12.800322448979593,2.315278921579923
GA,ER,49,0.5918367346938775,0.22238710204081633,13.22245306122449,2.315278921579923
AT,RI,38,0.631578947368421,0.14724073684210526,12.958128947368422,2.3138284080818816
CA,ST,38,0.631578947368421,0.3002097105263158,11.488273684210526,2.3138284080818816
CA,TR,38,0.631578947368421,0.15180131578947367,14.374844736842105,2.3138284080818816
TA,VK,38,0.631578947368421,0.1633087105263158,12.4757,2.3138284080818816
TT,SP,63,0.5555555555555556,0.08124519047619047,15.910387301587301,2.3104906018664844
AA,KN,36,0.6388888888888888,0.09651136111111111,14.549452777777779,2.3069753330782543
AA,YY,36,0.6388888888888888,0.2045466111111111,12.324608333333334,2.3069753330782543
CA,IF,36,0.6388888888888888,0.14642691666666666,13.361372222222222,2.3069753330782543
GA,LF,36,0.6388888888888888,0.098798,15.251116666666668,2.3069753330782543
GA,LM,36,0.6388888888888888,0.21933227777777778,13.040752777777778,2.3069753330782543
TT,QW,47,0.5957446808510638,0.09951444680851064,14.686012765957448,2.3062474107536373
GA,KQ,68,0.5441176470588235,0.16470052941176472,14.552170588235294,2.3038520686779207
CG,VK,121,0.4793388429752066,0.06581429752066116,16.397154545454544,2.3027538892109827
AA,NM,9,1.0,0.56303,5.101788888888889,2.302585092994046
AT,MP,9,1.0,0.2684968888888889,7.817977777777778,2.302585092994046
TA,MI,9,1.0,0.22586555555555554,9.006499999999999,2.302585092994046
AC,WK,16,0.8125,0.5175820625,8.2666,2.3019858420456756
AT,FA,16,0.8125,0.4316510625,8.057525,2.3019858420456756
CC,HN,16,0.8125,0.4631624375,8.25039375,2.3019858420456756
AG,NN,34,0.6470588235294118,0.13084535294117647,13.876229411764706,2.300519333904915
CT,AV,54,0.5740740740740741,0.06679942592592593,15.340398148148147,2.3005060878186407
CT,KY,54,0.5740740740740741,0.39476588888888886,10.938187037037038,2.3005060878186407
GA,EV,61,0.5573770491803278,0.10281365573770491,14.580175409836066,2.3003699851071002
AC,TR,32,0.65625,0.18615340625000001,13.4905125,2.2945830872123776
AC,QL,66,0.5454545454545454,0.05787587878787879,16.17251818181818,2.293468701485981
AC,EA,52,0.5769230769230769,0.10093875000000001,15.051467307692308,2.290553027049301
TT,EA,52,0.5769230769230769,0.059502942307692305,16.468061538461537,2.290553027049301
TA,RA,30,0.6666666666666666,0.23861813333333334,12.538010000000002,2.289324802990097
TT,PW,30,0.6666666666666666,0.0866318,13.827726666666667,2.289324802990097
TG,KK,114,0.4824561403508772,0.11608001754385965,15.77451403508772,2.2892216408770065
GC,GY,43,0.6046511627906976,0.16946209302325582,13.29456046511628,2.288114662369181
AT,NK,28,0.6785714285714286,0.24208235714285714,12.25639642857143,2.284950741776536
AT,PL,28,0.6785714285714286,0.18743960714285715,12.711985714285715,2.284950741776536
CC,DR,28,0.6785714285714286,0.27200871428571427,11.368089285714287,2.284950741776536
CG,RN,28,0.6785714285714286,0.2248112857142857,12.336471428571429,2.284950741776536
AG,MF,20,0.75,0.26791244999999997,10.684255,2.2833918282925674
AG,RS,64,0.546875,0.130531546875,14.463970312499999,2.2828680382241764
TT,LS,64,0.546875,0.297516796875,13.3684375,2.2828680382241764
AC,FQ,26,0.6923076923076923,0.19772573076923078,11.317238461538462,2.281733214926074
CC,RN,26,0.6923076923076923,0.1644426923076923,12.05788076923077,2.281733214926074
TA,VR,26,0.6923076923076923,0.23639726923076923,11.646007692307693,2.281733214926074
CA,SI,50,0.58,0.15095522,13.989139999999999,2.280458866980109
GC,AE,50,0.58,0.13581784,14.780162,2.280458866980109
AA,FW,22,0.7272727272727273,0.07043663636363637,15.138477272727272,2.2803594297666545
AG,FF,22,0.7272727272727273,0.1729402272727273,12.672509090909092,2.2803594297666545
AT,RV,22,0.7272727272727273,0.28514554545454546,10.583554545454545,2.2803594297666545
CG,MK,22,0.7272727272727273,0.20102345454545453,11.807768181818181,2.2803594297666545
TA,FT,22,0.7272727272727273,0.17624154545454546,12.110959090909091,2.2803594297666545
TT,FL,22,0.7272727272727273,0.3051215909090909,10.53885909090909,2.2803594297666545
TT,SM,22,0.7272727272727273,0.1854355,11.900286363636365,2.2803594297666545
TT,TS,22,0.7272727272727273,0.145568,11.505840909090908,2.2803594297666545
CC,YR,24,0.7083333333333334,0.1851175416666667,11.917200000000001,2.2800370426149756
CG,YI,24,0.7083333333333334,0.09721629166666666,14.062445833333333,2.2800370426149756
GA,PR,24,0.7083333333333334,0.22258391666666666,11.2830125,2.2800370426149756
TA,QG,24,0.7083333333333334,0.39584795833333336,10.750725000000001,2.2800370426149756
TA,QN,24,0.7083333333333334,0.25876275,11.45825,2.2800370426149756
CG,IR,57,0.5614035087719298,0.11615394736842105,14.512935087719299,2.2795469532892176
CT,EP,57,0.5614035087719298,0.11411922807017544,14.844728070175439,2.2795469532892176
TT,VL,79,0.5189873417721519,0.15590851898734176,13.594864556962026,2.274216354704166
AC,IF,39,0.6153846153846154,0.13774515384615385,12.794341025641026,2.270079664070115
GA,KA,55,0.5636363636363636,0.16908569090909092,13.927161818181817,2.268834589323448
TG,ES,55,0.5636363636363636,0.08857118181818181,15.8313,2.268834589323448
AG,ER,37,0.6216216216216216,0.22309416216216216,12.820667567567568,2.261202207397483
CG,GF,37,0.6216216216216216,0.12123700000000001,13.408105405405404,2.261202207397483
CT,RS,37,0.6216216216216216,0.12885286486486486,13.540597297297296,2.261202207397483
CT,WQ,37,0.6216216216216216,0.09064121621621621,14.174524324324324,2.261202207397483
TG,YR,37,0.6216216216216216,0.18782167567567568,13.341043243243243,2.261202207397483
AC,PP,60,0.55,0.11210301666666665,15.212946666666666,2.2609806252953213
CG,GT,46,0.5869565217391305,0.20677371739130437,12.767902173913043,2.2598692444819912
AA,DN,11,0.9090909090909091,0.5249708181818181,7.328345454545455,2.2590060452618186
AT,QW,11,0.9090909090909091,0.4065902727272727,7.451390909090909,2.2590060452618186
TC,YF,11,0.9090909090909091,0.22638145454545455,9.627736363636364,2.2590060452618186
CT,QY,53,0.5660377358490566,0.2995780943396226,12.064575471698113,2.2579154980552496
TG,FS,65,0.5384615384615384,0.10845759999999999,13.864098461538461,2.255967938014229
GC,RN,35,0.6285714285714286,0.20855700000000002,12.557160000000001,2.252497618458126
CG,PY,44,0.5909090909090909,0.18844618181818182,13.228711363636364,2.2493914712279164
AC,LV,122,0.4672131147540984,0.1817052131147541,14.681575409836066,2.2483156414444903
GA,TW,51,0.5686274509803921,0.060340862745098034,14.916039215686274,2.246785643899243
GT,FS,63,0.5396825396825397,0.11364526984126985,14.614550793650793,2.244476584670299
GT,WG,63,0.5396825396825397,0.10203771428571429,15.544150793650795,2.244476584670299
AT,RQ,33,0.6363636363636364,0.16542036363636364,12.820366666666667,2.244047606573921
GA,AH,33,0.6363636363636364,0.06596872727272728,15.58239393939394,2.244047606573921
GG,IG,136,0.45588235294117646,0.11464408088235294,16.393111764705882,2.2429324808922333
GA,GR,56,0.5535714285714286,0.14109253571428573,15.46288392857143,2.238117666122698
GC,AN,56,0.5535714285714286,0.15143569642857144,13.272346428571428,2.238117666122698
GA,YW,31,0.6451612903225806,0.1398506129032258,12.601296774193548,2.2359586469675654
TA,LD,31,0.6451612903225806,0.1925799677419355,12.264264516129034,2.2359586469675654
TT,QE,31,0.6451612903225806,0.22730832258064518,10.941532258064516,2.2359586469675654
AA,GY,49,0.5714285714285714,0.3567963265306122,11.798657142857142,2.235441717387512
CT,LQ,49,0.5714285714285714,0.09463312244897959,14.700226530612245,2.235441717387512
GT,QE,49,0.5714285714285714,0.19228122448979593,11.742810204081632,2.235441717387512
GC,QK,159,0.44025157232704404,0.17665198742138363,15.558336477987423,2.234353251989735
AA,CQ,13,0.8461538461538461,0.31754676923076924,8.630476923076923,2.2330485096744495
GA,QR,13,0.8461538461538461,0.41562284615384615,8.271953846153846,2.2330485096744495
TG,IA,61,0.5409836065573771,0.07541511475409836,15.951462295081965,2.2327120443686566
GT,IH,66,0.5303030303030303,0.12161504545454546,15.20714393939394,2.229761237555815
TT,LD,29,0.6551724137931034,0.18634213793103446,12.21058275862069,2.2283706983303775
AG,KY,40,0.6,0.15107399999999999,14.1131125,2.2281432400225847
GG,LD,140,0.45,0.12765275714285715,15.943273571428572,2.226941950670176
CT,TN,89,0.4943820224719101,0.10337784269662921,15.571135955056182,2.2246250055565353
CA,YI,47,0.574468085106383,0.1431406170212766,14.705806382978723,2.2238814317981506
TC,SR,47,0.574468085106383,0.16002742553191487,13.686368085106384,2.2238814317981506
CT,PG,27,0.6666666666666666,0.10164907407407407,13.914351851851851,2.2214696734501356
TC,QL,59,0.5423728813559322,0.0755427966101695,16.86297627118644,2.2206614574763934
AT,GW,15,0.8,0.17711846666666667,12.013446666666669,2.218070977791825
AT,VS,15,0.8,0.24156986666666666,9.963526666666667,2.218070977791825
CA,RY,15,0.8,0.29693813333333335,10.105746666666667,2.218070977791825
GC,NM,15,0.8,0.19711306666666667,11.033846666666667,2.218070977791825
TA,TQ,15,0.8,0.08569326666666667,13.188153333333332,2.218070977791825
GA,TK,64,0.53125,0.1484865625,15.1544609375,2.217643237132057
GC,DS,64,0.53125,0.095733859375,15.6735578125,2.217643237132057
TA,FR,38,0.6052631578947368,0.31154076315789475,11.981436842105262,2.21741889107847
AC,TP,74,0.5135135135135135,0.12507663513513512,15.103043243243242,2.217088490734862
GT,KA,69,0.5217391304347826,0.13748623188405795,14.879988405797102,2.216606213243144
GT,RQ,69,0.5217391304347826,0.17538456521739132,14.421440579710145,2.216606213243144
AG,EM,25,0.68,0.14311272,12.509188,2.215505645854608
AT,KQ,25,0.68,0.27110624,11.82404,2.215505645854608
GC,MR,25,0.68,0.27118276,11.431859999999999,2.215505645854608
GG,KC,25,0.68,0.2342372,11.662444,2.215505645854608
AC,ET,87,0.4942528735632184,0.09817264367816092,15.363787356321838,2.21293658646624
CC,ND,130,0.45384615384615384,0.050768,16.232022307692308,2.212589554375907
AC,AH,45,0.5777777777777777,0.4474383333333333,10.612,2.212103917971477
AC,KD,45,0.5777777777777777,0.11800202222222222,14.948073333333335,2.212103917971477
GA,SK,45,0.5777777777777777,0.17522544444444446,14.289291111111112,2.212103917971477
TT,AK,23,0.6956521739130435,0.12165752173913043,13.059578260869564,2.210820055894223
AC,PR,17,0.7647058823529411,0.250851,10.054835294117646,2.210284285450008
GT,FF,17,0.7647058823529411,0.30944564705882355,10.358476470588235,2.210284285450008
TC,EM,17,0.7647058823529411,0.17110405882352941,11.538141176470589,2.210284285450008
AG,SS,57,0.543859649122807,0.13502956140350877,14.764580701754387,2.2083111109989297
AC,LM,21,0.7142857142857143,0.3101015714285714,10.899442857142857,2.2078874666845114
CA,QN,21,0.7142857142857143,0.139353,13.148766666666667,2.2078874666845114
TT,YD,21,0.7142857142857143,0.1557947142857143,12.644271428571429,2.2078874666845114
AA,PR,19,0.7368421052631579,0.3922265789473684,9.542173684210526,2.207381675250309
AC,CQ,19,0.7368421052631579,0.24945594736842105,9.7767,2.207381675250309
TG,DN,19,0.7368421052631579,0.25857199999999997,11.491447368421053,2.207381675250309
TT,QF,19,0.7368421052631579,0.2891717368421053,12.0364,2.207381675250309
AA,PS,36,0.6111111111111112,0.18896872222222222,13.222033333333334,2.206672057727026
CT,LL,90,0.4888888888888889,0.1844311777777778,15.435154444444445,2.2053090920749043
GC,WE,62,0.532258064516129,0.20371841935483873,14.071201612903225,2.205216870498719
AC,QI,72,0.5138888888888888,0.07176626388888889,16.44001111111111,2.2048194350345898
GT,RL,67,0.5223880597014925,0.19041464179104478,13.857494029850747,2.204220443002444
TG,KT,67,0.5223880597014925,0.1848446417910448,14.106262686567163,2.204220443002444
CT,PK,50,0.56,0.0815708,15.283843999999998,2.2018223543256226
TA,AL,50,0.56,0.08214596,14.676098,2.2018223543256226
GG,MD,131,0.45038167938931295,0.20358959541984734,15.34173358778626,2.1991245300198154
AG,GL,80,0.5,0.11128426250000001,15.5380075,2.1972245773362196
CT,LT,80,0.5,0.0528317125,16.2694075,2.1972245773362196
CT,ER,34,0.6176470588235294,0.2421090294117647,11.897185294117648,2.195950273272873
GG,DN,34,0.6176470588235294,0.25606623529411765,13.050791176470588,2.195950273272873
GA,KV,75,0.5066666666666667,0.09670532,15.630274666666667,2.1942382257450745
TC,VI,60,0.5333333333333333,0.07502165000000001,16.721058333333335,2.192466060892433
AC,LN,48,0.5625,0.2570198125,13.148724999999999,2.1891489176872274
GT,LD,48,0.5625,0.1310099375,14.66734375,2.1891489176872274
TC,ES,48,0.5625,0.12270195833333335,14.591439583333333,2.1891489176872274
CT,TT,41,0.5853658536585366,0.09294809756097562,15.752190243902438,2.1879041668000205
CT,VS,41,0.5853658536585366,0.11492214634146343,14.325339024390242,2.1879041668000205
GA,GY,41,0.5853658536585366,0.29982826829268294,12.470463414634146,2.1879041668000205
TA,LN,41,0.5853658536585366,0.18603470731707317,13.392736585365855,2.1879041668000205
AC,DR,32,0.625,0.16263021875,13.8278125,2.1853172259165503
AC,FG,32,0.625,0.1088439375,13.764828125,2.1853172259165503
GC,IF,32,0.625,0.0950319375,14.86013125,2.1853172259165503
TC,EV,78,0.5,0.1163213205128205,16.237770512820514,2.1847239262335107
AC,DS,53,0.5471698113207547,0.15594630188679245,14.840616981132074,2.182651648120075
CA,ES,53,0.5471698113207547,0.21258816981132075,14.066639622641508,2.182651648120075
CT,PP,53,0.5471698113207547,0.19747362264150942,13.103750943396225,2.182651648120075
GT,PQ,53,0.5471698113207547,0.20910786792452832,12.398943396226414,2.182651648120075
CT,RE,73,0.5068493150684932,0.13591134246575343,15.434538356164383,2.181512444500744
TT,DI,73,0.5068493150684932,0.10624494520547945,15.08810684931507,2.181512444500744
AG,GT,58,0.5344827586206896,0.10618441379310345,14.934753448275861,2.1793734613978843
AG,RL,58,0.5344827586206896,0.1763895172413793,14.365674137931036,2.1793734613978843
AC,VA,68,0.5147058823529411,0.11119370588235294,14.945132352941176,2.17931952442506
GC,IA,63,0.5238095238095238,0.08949496825396824,15.409325396825396,2.1784625674741136
TG,EK,127,0.44881889763779526,0.13972599212598427,16.425677952755905,2.177682874357623
AT,KI,46,0.5652173913043478,0.18085026086956524,13.847926086956521,2.17617038357525
CT,LS,46,0.5652173913043478,0.3868808695652174,12.388341304347826,2.17617038357525
GC,QP,46,0.5652173913043478,0.1281836956521739,13.669799999999999,2.17617038357525
CT,YW,39,0.5897435897435898,0.08438684615384616,14.77937435897436,2.1754930114005266
AC,YT,30,0.6333333333333333,0.14979373333333335,14.049996666666667,2.1748585628405928
CT,ND,30,0.6333333333333333,0.0679659,15.157183333333334,2.1748585628405928
CG,LL,97,0.4742268041237113,0.08140956701030928,16.316723711340206,2.174314474421096
CC,KE,274,0.38686131386861317,0.0848755912408759,17.943467153284672,2.1729114465425425
GG,FR,171,0.42105263157894735,0.09247722222222221,16.8268134502924,2.167366095500401
CT,EI,56,0.5357142857142857,0.12010846428571428,15.777871428571428,2.165920322054223
AC,IL,61,0.5245901639344263,0.16342580327868853,14.955937704918032,2.165054103630212
TT,FV,61,0.5245901639344263,0.11397606557377049,15.047745901639345,2.165054103630212
GT,FV,79,0.4936708860759494,0.08734611392405063,16.468608860759492,2.1632789715478653
AG,TS,37,0.5945945945945946,0.10794486486486486,14.635021621621622,2.1628890679454185
CA,EA,44,0.5681818181818182,0.05939622727272727,16.52246590909091,2.1628764146422275
CT,PA,44,0.5681818181818182,0.05972461363636364,15.815186363636364,2.1628764146422275
GA,SF,44,0.5681818181818182,0.17312747727272726,14.296888636363635,2.1628764146422275
GA,SY,44,0.5681818181818182,0.3239906590909091,12.475588636363636,2.1628764146422275
GT,KS,120,0.45,0.08170885,16.1650925,2.1581057455185335
AA,NW,10,0.9,0.2215434,9.89933,2.1581057455185335
TG,FF,10,0.9,0.23201010000000002,10.27449,2.1581057455185335
TT,NM,10,0.9,0.1651079,10.44549,2.1581057455185335
GC,SL,49,0.5510204081632653,0.13273389795918367,14.698189795918367,2.1556045131951005
AG,AL,90,0.4777777777777778,0.10261356666666666,15.756262222222222,2.155188430891384
AG,KI,90,0.4777777777777778,0.1560063888888889,15.397355555555555,2.155188430891384
TG,RQ,90,0.4777777777777778,0.15670795555555556,15.957514444444445,2.155188430891384
AA,SR,69,0.5072463768115942,0.1623855652173913,15.39283188405797,2.1550338184308346
CG,KE,69,0.5072463768115942,0.2947007391304348,14.202085507246377,2.1550338184308346
GA,SI,69,0.5072463768115942,0.1040803768115942,15.325011594202898,2.1550338184308346
AC,RP,26,0.6538461538461539,0.21442553846153847,13.219942307692309,2.154970258541292
AG,KW,26,0.6538461538461539,0.11791746153846153,14.953619230769231,2.154970258541292
CA,KY,26,0.6538461538461539,0.18628765384615387,13.485965384615385,2.154970258541292
CT,RA,26,0.6538461538461539,0.22352726923076924,13.151107692307693,2.154970258541292
AC,TE,112,0.45535714285714285,0.06581704464285713,16.31003125,2.1526498103065124
CA,DI,54,0.5370370370370371,0.13872224074074074,15.326055555555556,2.1520863402174384
AC,SV,59,0.5254237288135594,0.1112306779661017,15.567333898305085,2.1512657869302565
GC,RK,59,0.5254237288135594,0.13768203389830508,14.151549152542374,2.1512657869302565
GT,SA,35,0.6,0.1333908,12.77036,2.1501113630736657
TG,QS,35,0.6,0.09635034285714286,13.93642,2.1501113630736657
CG,TK,77,0.4935064935064935,0.1549655974025974,14.383146753246752,2.1500640962883697
TA,LR,77,0.4935064935064935,0.15092866233766236,15.330712987012987,2.1500640962883697
CA,LN,42,0.5714285714285714,0.16646759523809523,14.528552380952382,2.1492572089677497
GT,WE,42,0.5714285714285714,0.11351907142857144,15.247966666666665,2.1492572089677497
CC,WT,179,0.4134078212290503,0.06378401675977653,16.736661452513967,2.146808977462992
AT,QI,24,0.6666666666666666,0.25584583333333333,12.7217125,2.1459172165788
GA,KC,24,0.6666666666666666,0.305152375,11.998720833333332,2.1459172165788
GC,FQ,24,0.6666666666666666,0.21434279166666667,11.29715,2.1459172165788
TG,LQ,88,0.4772727272727273,0.11541873863636364,15.14298409090909,2.142303721917612
TG,SA,47,0.5531914893617021,0.13708182978723404,14.854787234042552,2.1415154528426634
GG,MR,67,0.5074626865671642,0.12822998507462688,15.194998507462685,2.141242716059517
CC,KR,110,0.45454545454545453,0.11229181818181819,15.045311818181819,2.140695546051061
CC,RT,99,0.46464646464646464,0.08360432323232324,15.919089898989899,2.139776046014669
AC,VS,52,0.5384615384615384,0.12478463461538461,15.367217307692307,2.137849491912681
GT,RS,52,0.5384615384615384,0.13644634615384615,15.074473076923077,2.137849491912681
AT,PV,22,0.6818181818181818,0.18408131818181817,12.48219090909091,2.137836965406238
TA,QW,22,0.6818181818181818,0.3796466363636364,11.430427272727274,2.137836965406238
TG,QF,22,0.6818181818181818,0.1824423181818182,12.497795454545455,2.137836965406238
AT,EP,12,0.8333333333333334,0.20056091666666667,10.587674999999999,2.137457797884614
AT,KM,12,0.8333333333333334,0.23248966666666668,10.257475,2.137457797884614
CA,FF,12,0.8333333333333334,0.3347095,10.040391666666666,2.137457797884614
GC,GW,12,0.8333333333333334,0.43288725,8.122908333333333,2.137457797884614
AC,DY,33,0.6060606060606061,0.08081172727272727,14.787145454545454,2.1371881967370676
AC,TS,33,0.6060606060606061,0.14007336363636363,14.22580303030303,2.1371881967370676
AT,RE,33,0.6060606060606061,0.3029049090909091,12.022581818181818,2.1371881967370676
CG,ST,33,0.6060606060606061,0.10542521212121213,14.483945454545454,2.1371881967370676
CT,DG,33,0.6060606060606061,0.09375506060606062,15.439066666666665,2.1371881967370676
AC,VR,57,0.5263157894736842,0.1142179298245614,15.370143859649124,2.1370752687086414
GG,IF,91,0.4725274725274725,0.08141665934065935,16.28921978021978,2.1366693276165796
GA,DK,40,0.575,0.22964060000000003,12.3672975,2.135303938354977
AA,GS,70,0.5,0.10740992857142857,14.999024285714286,2.1313399385206577
CG,VN,70,0.5,0.1747531,14.027007142857142,2.1313399385206577
CT,RK,20,0.7,0.20841479999999998,13.61463,2.131165706406396
TA,AY,20,0.7,0.18227535,12.68122,2.131165706406396
CG,NM,14,0.7857142857142857,0.1684812857142857,10.785592857142857,2.1277537294374507
TA,AN,14,0.7857142857142857,0.2429542857142857,10.610171428571428,2.1277537294374507
TA,WI,14,0.7857142857142857,0.13269592857142856,11.984942857142856,2.1277537294374507
CA,GR,65,0.5076923076923077,0.14806484615384616,15.149206153846153,2.127055484413416
AA,VA,45,0.5555555555555556,0.11139388888888888,14.556846666666665,2.1270229980494975
AG,FE,45,0.5555555555555556,0.13248706666666665,14.725431111111112,2.1270229980494975
CT,TV,45,0.5555555555555556,0.08604742222222223,14.613962222222222,2.1270229980494975
TA,RQ,45,0.5555555555555556,0.18436975555555557,14.306077777777778,2.1270229980494975
AA,TF,18,0.7222222222222222,0.16601427777777777,10.969777777777777,2.1265392627313178
AC,HW,18,0.7222222222222222,0.4566085555555556,8.95661111111111,2.1265392627313178
AG,EQ,18,0.7222222222222222,0.20654044444444444,10.885250000000001,2.1265392627313178
GA,CR,18,0.7222222222222222,0.19803666666666667,12.82385,2.1265392627313178
GA,MF,18,0.7222222222222222,0.14522966666666667,12.142038888888889,2.1265392627313178
TA,SF,18,0.7222222222222222,0.12023177777777778,13.370333333333333,2.1265392627313178
TT,YF,18,0.7222222222222222,0.26569905555555556,11.888922222222222,2.1265392627313178
AC,MD,16,0.75,0.2134718125,10.12411875,2.1249100080421623
AC,QQ,16,0.75,0.2906696875,9.534868750000001,2.1249100080421623
AT,NM,16,0.75,0.307122875,10.24173125,2.1249100080421623
CA,KM,16,0.75,0.2894593125,10.6021875,2.1249100080421623
CA,MF,16,0.75,0.2753791875,10.45884375,2.1249100080421623
CC,KM,16,0.75,0.2359,11.181956249999999,2.1249100080421623
CT,KH,16,0.75,0.1514200625,11.287025,2.1249100080421623
CT,SF,16,0.75,0.1543436875,12.0211125,2.1249100080421623
GC,HN,16,0.75,0.1491680625,12.57759375,2.1249100080421623
GG,CC,16,0.75,0.129696375,12.32683125,2.1249100080421623
GT,NY,16,0.75,0.21874625,11.92060625,2.1249100080421623
TA,NM,16,0.75,0.2325169375,10.54575,2.1249100080421623
TC,AD,16,0.75,0.1274189375,13.17285625,2.1249100080421623
TC,LM,16,0.75,0.112719375,13.3221125,2.1249100080421623
CG,QK,131,0.4351145038167939,0.16820763358778626,15.136945038167939,2.124577935781856
GA,YR,31,0.6129032258064516,0.35818503225806453,12.283954838709677,2.124160714619187
TA,NE,31,0.6129032258064516,0.14349316129032258,13.745754838709678,2.124160714619187
CC,RR,60,0.5166666666666667,0.20610756666666666,13.438005,2.1239514964895445
AC,RE,50,0.54,0.2758135,13.462736,2.123185841671136
CT,KF,50,0.54,0.08927368,14.779020000000001,2.123185841671136
GA,FV,50,0.54,0.14987152,14.166632,2.123185841671136
CT,IK,73,0.4931506849315068,0.13302638356164384,15.029352054794522,2.1225526487034263
CT,SK,55,0.5272727272727272,0.34333865454545454,12.851456363636364,2.122458164205806
AC,FK,38,0.5789473684210527,0.11252310526315788,14.259094736842105,2.1210093740750584
AC,VF,38,0.5789473684210527,0.26223418421052636,13.241902631578947,2.1210093740750584
AG,FD,38,0.5789473684210527,0.1506786052631579,13.984892105263157,2.1210093740750584
TC,KG,38,0.5789473684210527,0.1552883157894737,15.018581578947368,2.1210093740750584
CC,WR,68,0.5,0.08436488235294118,16.32664705882353,2.11705325229863
GT,SP,95,0.4631578947368421,0.07338331578947369,16.874623157894735,2.1140138992061557
AC,SG,109,0.44954128440366975,0.21880888073394494,14.501458715596332,2.1130599809525545
CG,GY,43,0.5581395348837209,0.15864941860465118,14.728779069767441,2.1121058421869363
CG,WQ,43,0.5581395348837209,0.13015493023255814,13.97486046511628,2.1121058421869363
GC,FR,43,0.5581395348837209,0.19359706976744187,14.263872093023256,2.1121058421869363
GC,PQ,29,0.6206896551724138,0.20728406896551724,13.100137931034483,2.1110880299972
TG,YD,29,0.6206896551724138,0.24454031034482757,12.141575862068965,2.1110880299972
AG,RK,58,0.5172413793103449,0.13768337931034483,15.404118965517242,2.1090710916753723
AT,LR,58,0.5172413793103449,0.12909305172413793,14.609046551724138,2.1090710916753723
GA,FR,58,0.5172413793103449,0.08782363793103448,15.865079310344827,2.1090710916753723
GA,IQ,58,0.5172413793103449,0.08814110344827586,15.617708620689655,2.1090710916753723
TG,IH,58,0.5172413793103449,0.0898283448275862,15.56803275862069,2.1090710916753723
GA,AS,71,0.49295774647887325,0.09735021126760562,15.823211267605634,2.1082156924727036
CT,QL,115,0.4434782608695652,0.09483574782608695,15.90399304347826,2.1081139108384748
AC,ND,48,0.5416666666666666,0.07864939583333333,15.847022916666667,2.1080693281432556
CC,LL,168,0.4107142857142857,0.12360460119047618,14.993055952380953,2.106922686486262
CC,MK,36,0.5833333333333334,0.21049572222222224,13.305041666666666,2.1063687823757977
CC,TK,178,0.4044943820224719,0.05951036516853933,16.95744606741573,2.0982684158456983
CT,RN,27,0.6296296296296297,0.3267924074074074,11.063555555555556,2.0980546915917953
TA,DF,27,0.6296296296296297,0.35462200000000005,11.11491111111111,2.0980546915917953
AC,DF,61,0.5081967213114754,0.1872190655737705,15.332588524590165,2.097396162891768
AA,SP,56,0.5178571428571429,0.27623216071428575,13.262517857142857,2.0937229779857494
GT,KQ,56,0.5178571428571429,0.16956726785714288,14.258403571428572,2.0937229779857494
TT,TV,56,0.5178571428571429,0.07600082142857142,15.643869642857142,2.0937229779857494
GA,QA,77,0.4805194805194805,0.1134708961038961,15.991942857142856,2.093483462175518
CG,KA,69,0.4927536231884058,0.1131101304347826,15.490482608695652,2.093461423618525
TG,RK,69,0.4927536231884058,0.1361872463768116,15.33855652173913,2.093461423618525
AG,VR,46,0.5434782608695652,0.10032739130434783,15.924949999999999,2.09247152266851
CG,EW,46,0.5434782608695652,0.07230395652173914,15.135728260869566,2.09247152266851
AC,YY,51,0.5294117647058824,0.25189425490196077,13.913141176470589,2.0918349098372264
TT,DA,51,0.5294117647058824,0.09104086274509804,14.829164705882354,2.0918349098372264
AT,KA,34,0.5882352941176471,0.1880339411764706,13.156494117647059,2.0913812126408318
GA,RA,34,0.5882352941176471,0.1501080588235294,13.554367647058823,2.0913812126408318
TA,SP,34,0.5882352941176471,0.11133905882352942,14.874514705882353,2.0913812126408318
GT,SS,64,0.5,0.155655875,14.752140625,2.0871936349478184
CA,YT,25,0.64,0.20137623999999998,12.805396,2.0851817843337486
GC,RY,25,0.64,0.24122623999999998,12.341612,2.0851817843337486
TA,KG,25,0.64,0.19857244000000002,12.111704,2.0851817843337486
TC,PA,25,0.64,0.14750464000000002,14.391172000000001,2.0851817843337486
TG,AR,59,0.5084745762711864,0.20478159322033898,13.463266101694916,2.0818701163841187
GT,LL,186,0.3978494623655914,0.09978922043010752,16.682236021505375,2.0811937507916096
CC,FD,39,0.5641025641025641,0.09720689743589743,15.563410256410256,2.0809063587309384
GC,AI,39,0.5641025641025641,0.13376682051282052,13.372671794871794,2.0809063587309384
GC,NH,7,1.0,0.22605914285714285,8.039685714285714,2.0794415416798357
TA,EQ,7,1.0,0.46730342857142854,6.193957142857143,2.0794415416798357
GC,YQ,75,0.48,0.11487801333333332,14.944630666666665,2.078752003337439
AC,LG,54,0.5185185185185185,0.10801259259259259,14.94199074074074,2.077876466416837
AT,AL,54,0.5185185185185185,0.08082433333333333,15.411516666666667,2.077876466416837
CG,EA,54,0.5185185185185185,0.12314818518518518,14.789083333333334,2.077876466416837
CT,VI,54,0.5185185185185185,0.10376464814814816,15.439412962962964,2.077876466416837
GC,VS,54,0.5185185185185185,0.12081964814814815,14.599266666666667,2.077876466416837
TC,QK,54,0.5185185185185185,0.094487,14.485768518518519,2.077876466416837
CC,KP,86,0.46511627906976744,0.05896936046511628,17.052579069767443,2.0771665668160852
GC,DG,44,0.5454545454545454,0.07390552272727273,15.184147727272727,2.0763613580565377
AC,TD,32,0.59375,0.23542809375,13.741225,2.0760513646207226
AT,VV,32,0.59375,0.146565625,14.1286375,2.0760513646207226
GA,RL,49,0.5306122448979592,0.1369427755102041,14.507416326530612,2.07576730900269
TG,RL,49,0.5306122448979592,0.18140626530612244,13.598600000000001,2.07576730900269
AT,QA,23,0.6521739130434783,0.125003,13.643304347826087,2.072643802400834
AC,DI,70,0.4857142857142857,0.12314232857142858,15.352982857142859,2.070444511705782
CC,GA,70,0.4857142857142857,0.28332027142857147,13.499784285714286,2.070444511705782
TT,YV,37,0.5675675675675675,0.07189172972972974,14.280445945945946,2.064575928493354
CG,RK,52,0.5192307692307693,0.16290125,14.045475,2.0614977243443713
AC,QN,21,0.6666666666666666,0.19127661904761906,12.442238095238096,2.060694968905544
AT,PY,21,0.6666666666666666,0.18742933333333334,12.981485714285714,2.060694968905544
TA,PA,21,0.6666666666666666,0.1372925238095238,13.235928571428571,2.060694968905544
AG,NF,30,0.6,0.14646066666666666,13.991456666666666,2.060392322691088
AT,GR,30,0.6,0.2170179,12.266736666666667,2.060392322691088
CG,YG,30,0.6,0.10756563333333333,14.596093333333332,2.060392322691088
TA,SL,47,0.5319148936170213,0.10170565957446809,16.206889361702128,2.0591494738871763
TC,TV,47,0.5319148936170213,0.0737168085106383,15.951448936170214,2.0591494738871763
AC,KI,87,0.45977011494252873,0.13649305747126436,16.001629885057472,2.0585456618290605
GA,ES,68,0.4852941176470588,0.06795379411764706,16.280085294117647,2.0547869801721994
TT,EV,79,0.46835443037974683,0.06094439240506329,16.76914936708861,2.0523415883915646
AA,AW,19,0.6842105263157895,0.11241689473684212,13.841110526315788,2.049711555589573
AC,WY,19,0.6842105263157895,0.13597026315789473,12.047594736842106,2.049711555589573
CG,RW,19,0.6842105263157895,0.17158815789473683,12.458878947368422,2.049711555589573
GA,CC,19,0.6842105263157895,0.14784894736842105,12.237557894736842,2.049711555589573
AA,YA,55,0.509090909090909,0.10553652727272728,15.307410909090908,2.049269951646985
CT,PL,55,0.509090909090909,0.1485872909090909,13.98760909090909,2.049269951646985
TG,LG,71,0.4788732394366197,0.06489594366197182,17.182512676056337,2.0479809584020545
AA,DR,35,0.5714285714285714,0.17900314285714286,14.511828571428572,2.0477251076892053
TA,AI,35,0.5714285714285714,0.1967712857142857,13.913022857142858,2.0477251076892053
TA,GS,35,0.5714285714285714,0.14648505714285714,14.770191428571428,2.0477251076892053
TA,QI,35,0.5714285714285714,0.17982442857142855,14.056314285714286,2.0477251076892053
TT,SS,35,0.5714285714285714,0.1839326857142857,12.956177142857143,2.0477251076892053
AC,FC,9,0.8888888888888888,0.12044155555555555,10.875922222222222,2.046742304883596
AT,KF,9,0.8888888888888888,0.1578388888888889,11.8779,2.046742304883596
CT,NH,9,0.8888888888888888,0.23160944444444442,9.722977777777778,2.046742304883596
AG,SR,63,0.49206349206349204,0.12374385714285714,15.377353968253967,2.046434533081743
CG,RQ,63,0.49206349206349204,0.15711566666666665,16.653320634920636,2.046434533081743
CC,RL,50,0.52,0.12055014,14.768298,2.0445493290166494
GA,SP,50,0.52,0.20801289999999997,14.181994,2.0445493290166494
AC,KP,28,0.6071428571428571,0.11370364285714285,14.371492857142856,2.044429611063216
GA,IH,28,0.6071428571428571,0.12160192857142857,14.984460714285715,2.044429611063216
GT,FL,28,0.6071428571428571,0.1785744642857143,12.694507142857143,2.044429611063216
TG,RP,28,0.6071428571428571,0.2302263214285714,13.207914285714285,2.044429611063216
AT,LT,40,0.55,0.166519875,14.32053,2.0424646366873693
CA,FK,40,0.55,0.15601320000000002,14.8981775,2.0424646366873693
TT,IS,40,0.55,0.23824695,12.539925,2.0424646366873693
GG,DL,216,0.37962962962962965,0.12270744907407408,17.119819444444445,2.0423684397699895
AC,TT,45,0.5333333333333333,0.08736504444444446,14.24500222222222,2.0419420781275175
AG,DK,45,0.5333333333333333,0.20925637777777778,13.991853333333331,2.0419420781275175
GC,IR,45,0.5333333333333333,0.11707222222222223,14.57366,2.0419420781275175
CG,QA,88,0.45454545454545453,0.1068417159090909,15.459257954545455,2.040289258969154
AA,LF,17,0.7058823529411765,0.1837771176470588,13.016523529411765,2.0402624173384694
AC,FW,17,0.7058823529411765,0.13087529411764706,13.379776470588235,2.0402624173384694
AC,ME,17,0.7058823529411765,0.1165055294117647,14.251758823529412,2.0402624173384694
CA,MK,17,0.7058823529411765,0.15832617647058825,12.455170588235294,2.0402624173384694
CT,PN,17,0.7058823529411765,0.19239376470588238,12.594729411764705,2.0402624173384694
GG,HY,17,0.7058823529411765,0.2598276470588235,11.45614705882353,2.0402624173384694
GT,KW,17,0.7058823529411765,0.238288,12.770123529411764,2.0402624173384694
TA,ID,17,0.7058823529411765,0.13542882352941177,12.702470588235295,2.0402624173384694
CC,LE,147,0.40816326530612246,0.06620742176870748,17.05989863945578,2.0396784790873936
AA,TK,58,0.5,0.12537770689655173,15.921084482758621,2.03876872195286
AC,IR,58,0.5,0.1865571896551724,13.453194827586207,2.03876872195286
TG,SS,66,0.48484848484848486,0.13129233333333332,15.421922727272728,2.0386388457653166
TT,QP,66,0.48484848484848486,0.07106930303030302,15.59588787878788,2.0386388457653166
CA,NM,15,0.7333333333333333,0.42385846666666666,9.533719999999999,2.033231729642506
AC,KC,11,0.8181818181818182,0.3422639090909091,9.123927272727274,2.033105440735637
AT,RW,11,0.8181818181818182,0.22220572727272725,9.867927272727272,2.033105440735637
CC,MS,11,0.8181818181818182,0.1699900909090909,10.818954545454545,2.033105440735637
GC,YM,11,0.8181818181818182,0.48564327272727276,8.034699999999999,2.033105440735637
TT,MI,11,0.8181818181818182,0.20809554545454548,10.451772727272727,2.033105440735637
TT,VW,11,0.8181818181818182,0.4083380909090909,8.982199999999999,2.033105440735637
GG,SP,182,0.3901098901098901,0.11416006043956044,16.10877912087912,2.032272070613961
AT,LL,53,0.5094339622641509,0.09432769811320756,15.174309433962263,2.032123948249725
TG,QE,69,0.4782608695652174,0.16736266666666666,13.736602898550725,2.0318890288062152
GA,DT,33,0.5757575757575758,0.08419675757575758,15.290654545454545,2.0303287869002142
GC,EW,33,0.5757575757575758,0.055713878787878784,15.027739393939394,2.0303287869002142
GC,TR,33,0.5757575757575758,0.17647418181818184,13.071963636363636,2.0303287869002142
GG,QF,33,0.5757575757575758,0.17341018181818182,13.2448,2.0303287869002142
AT,GM,13,0.7692307692307693,0.24611261538461537,10.969823076923076,2.030044099704045
GC,WK,13,0.7692307692307693,0.3569926923076923,9.910715384615385,2.030044099704045
TA,DN,13,0.7692307692307693,0.13892907692307693,12.054592307692307,2.030044099704045
TC,WR,13,0.7692307692307693,0.32135938461538466,9.15736923076923,2.030044099704045
AA,RK,61,0.4918032786885246,0.12371103278688525,15.517060655737705,2.029738222153324
CA,GS,61,0.4918032786885246,0.2227905081967213,15.261193442622952,2.029738222153324
TT,GT,61,0.4918032786885246,0.3416490491803279,13.514368852459016,2.029738222153324
TT,KY,61,0.4918032786885246,0.0878617213114754,16.070659016393442,2.029738222153324
TG,LL,192,0.3854166666666667,0.07594135416666667,17.355043229166665,2.0283285103070914
AT,NE,26,0.6153846153846154,0.3056973076923077,11.741161538461538,2.02820730215651
AT,TR,26,0.6153846153846154,0.3542343076923077,11.482776923076923,2.02820730215651
GT,DN,26,0.6153846153846154,0.20684580769230768,12.820046153846155,2.02820730215651
TA,TR,26,0.6153846153846154,0.2117734230769231,13.797673076923077,2.02820730215651
TG,SF,26,0.6153846153846154,0.13221938461538463,13.689103846153845,2.02820730215651
CC,FR,142,0.4084507042253521,0.14878260563380283,15.293062676056339,2.027077384190666
GA,EK,48,0.5208333333333334,0.14169633333333334,15.353900000000001,2.0269897385992848
GA,AA,72,0.4722222222222222,0.08475815277777778,16.62438472222222,2.026050291653407
TC,LT,72,0.4722222222222222,0.07152813888888888,16.388358333333333,2.026050291653407
TG,RD,43,0.5348837209302325,0.17500532558139537,14.795567441860465,2.0241014320958137
TG,KA,89,0.449438202247191,0.12145662921348314,16.544738202247192,2.0223863686877595
CA,VK,64,0.484375,0.103800890625,15.7494921875,2.021968833855699
GA,GL,67,0.47761194029850745,0.1304339552238806,16.032759701492537,2.015287262173663
AG,LT,101,0.43564356435643564,0.12105544554455445,15.331063366336634,2.0148396414307714
AC,AV,31,0.5806451612903226,0.14811625806451614,12.821974193548387,2.012362782270809
AT,LA,31,0.5806451612903226,0.12249329032258065,13.906603225806451,2.012362782270809
GA,HV,24,0.625,0.17946520833333332,13.478829166666666,2.0117973905426254
GT,AP,24,0.625,0.14581770833333332,13.738199999999999,2.0117973905426254
TC,TD,24,0.625,0.08952933333333334,14.7573625,2.0117973905426254
TG,PR,24,0.625,0.2672122083333333,12.43285,2.0117973905426254
TG,VM,70,0.4714285714285714,0.05901305714285714,16.67083142857143,2.0095490848909057
CC,YI,46,0.5217391304347826,0.10236097826086955,15.822332608695653,2.0087726617617694
GG,LT,361,0.3407202216066482,0.12826514681440443,16.993170637119114,2.007402321480803
AC,KV,87,0.4482758620689655,0.14736412643678162,15.71633563218391,2.007082020283334
GT,DK,87,0.4482758620689655,0.11513722988505748,16.281419540229887,2.007082020283334
TA,GR,36,0.5555555555555556,0.20791669444444447,13.7969,2.006065507024569
TA,RI,36,0.5555555555555556,0.10629816666666667,14.941758333333333,2.006065507024569
CA,VR,41,0.5365853658536586,0.11228878048780487,15.238941463414635,2.0055788195666855
GA,SS,62,0.4838709677419355,0.16487119354838708,15.220848387096774,2.00474260954429
GC,PK,62,0.4838709677419355,0.1112156129032258,15.109564516129032,2.00474260954429
CA,PP,54,0.5,0.1030775,15.900488888888889,2.0036665926162356
CT,GT,54,0.5,0.2596508518518518,14.075798148148149,2.0036665926162356
GA,IE,54,0.5,0.133011,15.043759259259259,2.0036665926162356
AC,KL,129,0.4108527131782946,0.0940878527131783,17.101937984496125,1.9998397354584951
TG,AL,126,0.4126984126984127,0.05494492857142857,17.69828253968254,1.999188321395609
GC,EP,65,0.47692307692307695,0.10744946153846154,16.216066153846153,1.998143030812603
TA,LK,65,0.47692307692307695,0.08256141538461538,17.28334923076923,1.998143030812603
AT,KP,22,0.6363636363636364,0.19412936363636363,12.70350909090909,1.9953145010458224
TA,KN,22,0.6363636363636364,0.18437254545454546,13.175795454545455,1.9953145010458224
CA,RL,57,0.49122807017543857,0.15111538596491228,15.029847368421054,1.9946035841280654
CA,RS,57,0.49122807017543857,0.13877594736842105,14.601991228070174,1.9946035841280654
AT,VT,29,0.5862068965517241,0.14043662068965518,13.997141379310346,1.993805361664022
CA,TD,29,0.5862068965517241,0.24106555172413793,12.89886551724138,1.993805361664022
GT,QN,29,0.5862068965517241,0.15201724137931036,13.3618,1.993805361664022
AC,AL,68,0.47058823529411764,0.08936814705882354,15.373505882352942,1.9925207080457692
TC,LV,68,0.47058823529411764,0.11711013235294118,16.37386617647059,1.9925207080457692
AC,GY,44,0.5227272727272727,0.15940000000000001,13.94714090909091,1.9898463014708487
CA,LT,88,0.4431818181818182,0.06426993181818182,17.185604545454545,1.9892820274949254
TG,QP,71,0.4647887323943662,0.09338094366197183,14.380970422535212,1.987746224331406
AC,LK,97,0.4329896907216495,0.09319968041237113,17.538320618556703,1.9852436505583921
AG,VK,97,0.4329896907216495,0.1024630206185567,16.30983711340206,1.9852436505583921
CT,TP,52,0.5,0.25653467307692307,13.308376923076924,1.985145956776061
TG,YS,52,0.5,0.187341,14.382484615384614,1.985145956776061
TT,KV,106,0.42452830188679247,0.15496306603773585,15.128974528301887,1.9837480901017526
AA,WG,20,0.65,0.0799541,15.650389999999998,1.9789395845202251
CT,DR,20,0.65,0.1779714,13.15883,1.9789395845202251
CT,PQ,20,0.65,0.24656950000000002,12.71268,1.9789395845202251
GC,DD,20,0.65,0.20958930000000003,13.262375,1.9789395845202251
GC,SF,20,0.65,0.10905994999999999,14.481084999999998,1.9789395845202251
GG,TH,20,0.65,0.19733385,11.99071,1.9789395845202251
TA,RD,20,0.65,0.12764075,14.152944999999999,1.9789395845202251
TT,SF,20,0.65,0.10500645,13.866589999999999,1.9789395845202251
GC,IQ,80,0.45,0.089928125,17.30942625,1.9775021196025977
AT,LN,47,0.5106382978723404,0.14433153191489362,15.625046808510639,1.976783494931689
AC,AW,27,0.5925925925925926,0.0907934074074074,15.261577777777777,1.974639709733454
AC,RN,27,0.5925925925925926,0.23449948148148148,12.548292592592592,1.974639709733454
CA,RP,27,0.5925925925925926,0.1352312962962963,14.011122222222221,1.974639709733454
TA,LA,27,0.5925925925925926,0.1432685925925926,13.685607407407407,1.974639709733454
TC,IF,27,0.5925925925925926,0.09640614814814814,15.048155555555557,1.974639709733454
TT,LE,86,0.4418604651162791,0.05632036046511628,17.189248837209302,1.9733082384752811
GG,QE,119,0.4117647058823529,0.07071724369747899,17.063296638655462,1.9713201293808422
AA,FR,42,0.5238095238095238,0.2145184761904762,14.355011904761904,1.9701524415537708
CG,FK,42,0.5238095238095238,0.1535429761904762,14.349819047619048,1.9701524415537708
GA,PY,42,0.5238095238095238,0.3178103571428571,12.814890476190477,1.9701524415537708
CA,GK,58,0.4827586206896552,0.0677538103448276,17.343741379310345,1.9684663522303476
CG,FV,58,0.4827586206896552,0.15763070689655173,15.984124137931035,1.9684663522303476
TC,TE,58,0.4827586206896552,0.05557146551724138,16.85743448275862,1.9684663522303476
TG,GF,58,0.4827586206896552,0.10397720689655172,16.027256896551727,1.9684663522303476
AA,VS,37,0.5405405405405406,0.07906632432432432,16.03708918918919,1.9662627890412896
CA,RI,50,0.5,0.12875972000000002,15.121590000000001,1.9659128163621629
GT,SQ,50,0.5,0.13189794000000002,13.808232,1.9659128163621629
GG,RK,167,0.38323353293413176,0.0899512994011976,17.226219161676646,1.9636748184539436
CA,FQ,18,0.6666666666666666,0.21636116666666666,12.088533333333334,1.9629593194442934
CG,LM,18,0.6666666666666666,0.11763344444444446,13.03941111111111,1.9629593194442934
CT,SD,18,0.6666666666666666,0.28894444444444445,11.696466666666668,1.9629593194442934
AC,PI,78,0.44871794871794873,0.0776385641025641,16.307915384615384,1.9606496773890483
CG,PI,64,0.46875,0.11846946875,15.3462984375,1.9567440327635797
AC,LF,25,0.6,0.15194024,13.851656,1.9548579228128893
AT,GG,25,0.6,0.18689988,13.533096,1.9548579228128893
AT,IR,25,0.6,0.25285056,12.477547999999999,1.9548579228128893
AT,QG,25,0.6,0.16994452,13.612192,1.9548579228128893
TC,LD,25,0.6,0.11846171999999999,14.319895999999998,1.9548579228128893
TC,RA,25,0.6,0.18374488,13.588283999999998,1.9548579228128893
TT,IK,90,0.43333333333333335,0.0681344,17.374371111111113,1.9547057861573016
GG,KT,168,0.38095238095238093,0.05954514285714286,17.667285714285715,1.954247129494504
CG,YA,67,0.4626865671641791,0.07470967164179104,16.236616417910447,1.952309535230736
TT,QL,133,0.39849624060150374,0.08687475187969924,16.18847894736842,1.9517707473488592
CA,GY,40,0.525,0.07146477500000001,15.8316,1.9496253350197617
AA,KD,56,0.48214285714285715,0.12125435714285714,16.08504107142857,1.9493282898488011
CT,KK,70,0.45714285714285713,0.09276505714285714,17.740534285714283,1.9486536580760299
AA,QQ,16,0.6875,0.26809818750000003,10.50141875,1.9478341740386487
AC,PN,16,0.6875,0.29635975,11.20129375,1.9478341740386487
CG,KC,16,0.6875,0.23378275,11.797225,1.9478341740386487
GA,FF,16,0.6875,0.149628,13.145587500000001,1.9478341740386487
GA,KH,16,0.6875,0.19995193749999998,11.29891875,1.9478341740386487
TA,SE,16,0.6875,0.1587110625,13.4313375,1.9478341740386487
AT,DL,30,0.5666666666666667,0.13465380000000002,14.217503333333333,1.945926082541583
CA,FR,30,0.5666666666666667,0.29063696666666666,13.276733333333334,1.945926082541583
TA,AR,30,0.5666666666666667,0.1634630333333333,13.544270000000001,1.945926082541583
CA,KI,48,0.5,0.10503929166666666,15.57406875,1.9459101490553132
GA,ST,48,0.5,0.12103491666666666,16.078177083333333,1.9459101490553132
AC,RH,6,1.0,0.14366500000000001,9.873916666666666,1.9459101490553132
CT,HK,6,1.0,0.2302175,9.264366666666666,1.9459101490553132
GC,WM,6,1.0,0.42893016666666667,6.732366666666667,1.9459101490553132
GT,HY,6,1.0,0.30036766666666664,7.6704,1.9459101490553132
TT,PM,6,1.0,0.29812466666666665,6.980899999999999,1.9459101490553132
AT,KL,35,0.5428571428571428,0.17436434285714286,13.832522857142857,1.9453388523047452
TA,RG,35,0.5428571428571428,0.16475794285714285,13.532622857142856,1.9453388523047452
TC,RS,35,0.5428571428571428,0.1867228,15.140888571428572,1.9453388523047452
CC,AQ,59,0.4745762711864407,0.09886650847457627,16.34501186440678,1.9430787752918444
GT,AE,59,0.4745762711864407,0.11533689830508476,15.091130508474576,1.9430787752918444
TT,AI,59,0.4745762711864407,0.060901389830508475,17.594138983050847,1.9430787752918444
CG,NT,79,0.4430379746835443,0.1409933670886076,14.911369620253165,1.9414042052352638
GT,QK,82,0.43902439024390244,0.07978639024390244,16.770884146341466,1.9399788034228969
CC,VD,106,0.41509433962264153,0.09681037735849057,16.055577358490567,1.9396647992106024
GT,HP,43,0.5116279069767442,0.16217651162790697,14.985948837209303,1.9360970220046918
TA,RL,43,0.5116279069767442,0.17796151162790697,14.570983720930231,1.9360970220046918
TC,RL,43,0.5116279069767442,0.18247955813953487,14.275630232558138,1.9360970220046918
AC,NY,23,0.6086956521739131,0.1279494347826087,15.007017391304348,1.9344675489074454
AG,PR,23,0.6086956521739131,0.21127965217391304,13.501565217391304,1.9344675489074454
AT,SP,23,0.6086956521739131,0.15285117391304348,13.380491304347826,1.9344675489074454
CC,SN,23,0.6086956521739131,0.08424813043478262,15.1713,1.9344675489074454
GT,YR,23,0.6086956521739131,0.15449565217391303,13.044126086956522,1.9344675489074454
TA,EE,23,0.6086956521739131,0.12346086956521739,13.560904347826087,1.9344675489074454
TA,TD,23,0.6086956521739131,0.09414860869565217,15.145900000000001,1.9344675489074454
TC,LF,23,0.6086956521739131,0.2334645652173913,11.914869565217392,1.9344675489074454
TT,AQ,23,0.6086956521739131,0.062157565217391304,14.421273913043478,1.9344675489074454
AA,EQ,14,0.7142857142857143,0.18718942857142856,12.396707142857142,1.9343215722158644
GG,FF,14,0.7142857142857143,0.16324892857142856,12.377171428571428,1.9343215722158644
TA,FQ,14,0.7142857142857143,0.3242170714285714,10.016178571428572,1.9343215722158644
CG,KK,68,0.45588235294117646,0.12101747058823531,16.71533823529412,1.930254435919339
CG,TP,68,0.45588235294117646,0.08389357352941176,17.18415588235294,1.930254435919339
CT,DS,54,0.48148148148148145,0.1857733888888889,15.111470370370371,1.9294567188156342
GC,GF,54,0.48148148148148145,0.07637753703703704,15.69867037037037,1.9294567188156342
GG,IH,54,0.48148148148148145,0.10839377777777778,14.494324074074074,1.9294567188156342
TA,EL,54,0.48148148148148145,0.14124285185185184,15.491274074074076,1.9294567188156342
CA,NF,28,0.5714285714285714,0.17146225,13.103696428571428,1.9241690457065566
CA,PY,28,0.5714285714285714,0.32180175,11.549760714285714,1.9241690457065566
GC,KW,28,0.5714285714285714,0.09450421428571429,15.661121428571429,1.9241690457065566
GT,QS,28,0.5714285714285714,0.14448932142857143,14.102810714285713,1.9241690457065566
TA,ER,28,0.5714285714285714,0.13704971428571427,13.841092857142856,1.9241690457065566
TA,SS,28,0.5714285714285714,0.11389535714285715,14.505328571428572,1.9241690457065566
TA,YI,28,0.5714285714285714,0.26909785714285717,12.655742857142856,1.9241690457065566
TC,RV,28,0.5714285714285714,0.17952235714285716,13.878471428571428,1.9241690457065566
AT,DP,12,0.75,0.28954050000000003,9.643316666666665,1.9237120180961527
AT,IW,12,0.75,0.26425241666666666,11.294125000000001,1.9237120180961527
AA,RI,33,0.5454545454545454,0.15999848484848483,14.76679696969697,1.9234693770633606
AC,RW,33,0.5454545454545454,0.17928109090909092,14.04728484848485,1.9234693770633606
CT,RL,33,0.5454545454545454,0.20543257575757576,13.65470303030303,1.9234693770633606
TA,KA,33,0.5454545454545454,0.15886172727272727,13.293693939393938,1.9234693770633606
TA,QA,33,0.5454545454545454,0.12208321212121212,14.381857575757575,1.9234693770633606
TT,RS,33,0.5454545454545454,0.15156915151515152,13.4505,1.9234693770633606
GC,EI,57,0.47368421052631576,0.11295254385964912,15.240291228070175,1.9233677418377773
AG,KT,80,0.4375,0.104602675,16.81417625,1.922571505169192
GC,GK,80,0.4375,0.0692829875,16.69618625,1.922571505169192
GC,KK,80,0.4375,0.090082375,16.6162725,1.922571505169192
TA,NH,8,0.875,0.349859875,8.8097375,1.922571505169192
TA,PC,8,0.875,0.175624375,10.10685,1.922571505169192
TC,NM,8,0.875,0.43704475,8.692812499999999,1.922571505169192
GC,SG,89,0.42696629213483145,0.06628243820224719,17.47806629213483,1.9212670502533715
TC,IQ,60,0.4666666666666667,0.09726316666666666,16.315913333333334,1.9184078032808787
AT,NH,10,0.8,0.3226314,9.66217,1.9183162182386966
CT,QN,10,0.8,0.3335977,8.44878,1.9183162182386966
GT,WL,10,0.8,0.1298545,12.6745,1.9183162182386966
AC,NK,41,0.5121951219512195,0.26080258536585366,13.212373170731707,1.914416145950018
CC,SY,41,0.5121951219512195,0.09482817073170731,15.461685365853658,1.914416145950018
TC,KQ,41,0.5121951219512195,0.17036212195121953,13.690353658536585,1.914416145950018
AC,SR,63,0.4603174603174603,0.12904919047619046,15.633201587301588,1.9144064986893725
AC,MK,21,0.6190476190476191,0.1849062380952381,12.920104761904762,1.9135024711265767
AT,PG,21,0.6190476190476191,0.11983842857142857,14.487695238095238,1.9135024711265767
CC,DN,21,0.6190476190476191,0.3041588095238095,11.27382380952381,1.9135024711265767
TG,LT,105,0.4095238095238095,0.06365054285714286,17.48189904761905,1.9097893433030368
TT,ET,140,0.38571428571428573,0.06380789285714285,18.050922857142854,1.9088073862887223
GA,TA,52,0.4807692307692308,0.13348242307692307,15.336673076923079,1.908794189207751
GC,VL,52,0.4807692307692308,0.11623486538461539,15.892248076923076,1.908794189207751
GT,KV,52,0.4807692307692308,0.14619446153846155,15.734078846153846,1.908794189207751
TT,FR,52,0.4807692307692308,0.1533478269230769,14.642803846153846,1.908794189207751
TT,EK,96,0.4166666666666667,0.16901623958333334,15.577584375,1.9061295743764095
AC,NS,36,0.5277777777777778,0.06751394444444445,16.86641111111111,1.9057622316733407
GT,IL,36,0.5277777777777778,0.10324619444444444,15.206094444444444,1.9057622316733407
GT,QA,81,0.43209876543209874,0.11901464197530864,16.12348271604938,1.9041379463487513
TC,KL,81,0.43209876543209874,0.1349218765432099,15.795013580246913,1.9041379463487513
AA,TY,44,0.5,0.1646298409090909,14.351868181818183,1.9033312448851598
GA,QW,44,0.5,0.19830581818181817,13.7051,1.9033312448851598
GT,WQ,44,0.5,0.05642190909090909,16.86083409090909,1.9033312448851598
AC,TY,55,0.4727272727272727,0.21110479999999998,14.400554545454545,1.9028935265293434
CT,LE,55,0.4727272727272727,0.0748072,17.46032909090909,1.9028935265293434
CC,SK,167,0.3712574850299401,0.15354308982035927,16.512905988023952,1.9023099803772576
AT,GV,26,0.5769230769230769,0.11855561538461538,14.72838076923077,1.9014443457717283
CA,NG,26,0.5769230769230769,0.1439381923076923,14.690657692307694,1.9014443457717283
CT,SV,26,0.5769230769230769,0.09699907692307692,14.67943076923077,1.9014443457717283
GG,YR,26,0.5769230769230769,0.19003403846153846,13.450919230769232,1.9014443457717283
TG,AS,115,0.4,0.08832367826086956,16.83230608695652,1.901436076442546
AA,ER,31,0.5483870967741935,0.207087,12.886048387096773,1.9005648499224306
AA,VF,31,0.5483870967741935,0.145669,13.438512903225806,1.9005648499224306
AC,EW,31,0.5483870967741935,0.18287983870967742,13.739364516129033,1.9005648499224306
AC,RV,31,0.5483870967741935,0.16681154838709678,14.512974193548386,1.9005648499224306
AG,RD,31,0.5483870967741935,0.15818348387096773,14.373383870967743,1.9005648499224306
CC,TL,31,0.5483870967741935,0.12453948387096773,14.661867741935485,1.9005648499224306
TC,GR,31,0.5483870967741935,0.23387174193548385,13.094383870967743,1.9005648499224306
TG,WE,58,0.46551724137931033,0.1387136379310345,15.809205172413794,1.898163982507835
CA,LR,61,0.45901639344262296,0.11066168852459017,16.260137704918034,1.8944223406764356
TT,SK,61,0.45901639344262296,0.286312,13.909332786885246,1.8944223406764356
AG,RT,47,0.48936170212765956,0.11127074468085106,15.69205319148936,1.894417515976202
GT,TS,47,0.48936170212765956,0.08886006382978723,15.61878085106383,1.894417515976202
AA,HV,19,0.631578947368421,0.22966484210526317,12.505694736842106,1.8920414359288362
AA,MK,19,0.631578947368421,0.2205701052631579,12.811705263157895,1.8920414359288362
AA,TS,19,0.631578947368421,0.06162010526315789,15.394294736842106,1.8920414359288362
AT,PR,19,0.631578947368421,0.23819810526315788,11.438205263157894,1.8920414359288362
CG,QR,19,0.631578947368421,0.3660735789473684,10.648010526315788,1.8920414359288362
GC,KH,19,0.631578947368421,0.15017147368421052,13.88668947368421,1.8920414359288362
GC,MF,19,0.631578947368421,0.20505715789473683,14.124621052631579,1.8920414359288362
TA,IF,19,0.631578947368421,0.23917731578947365,12.566442105263157,1.8920414359288362
TA,PK,19,0.631578947368421,0.1348435789473684,12.842794736842105,1.8920414359288362
TT,QN,19,0.631578947368421,0.19427594736842105,12.532931578947368,1.8920414359288362
GA,TI,39,0.5128205128205128,0.13122884615384617,13.810884615384616,1.891733053391762
GC,YW,39,0.5128205128205128,0.05181928205128205,16.300935897435895,1.891733053391762
CG,TW,70,0.44285714285714284,0.06584085714285715,16.92972142857143,1.8877582312611538
CG,YW,50,0.48,0.0669604,16.265254,1.8872763037076763
GT,RK,73,0.4383561643835616,0.12887009589041096,15.58315479452055,1.8867134655141566
GA,KT,82,0.4268292682926829,0.11279747560975609,15.75883292682927,1.8860905033278164
CC,QA,159,0.3710691823899371,0.08014635220125786,17.343252830188682,1.8832405981056337
TG,KL,159,0.3710691823899371,0.13611253459119496,17.01133459119497,1.8832405981056337
AC,AN,34,0.5294117647058824,0.13742770588235295,15.755682352941179,1.8822430913767483
AC,SN,34,0.5294117647058824,0.07309776470588235,15.518670588235295,1.8822430913767483
CA,RV,34,0.5294117647058824,0.2051660294117647,13.848173529411765,1.8822430913767483
GA,FE,34,0.5294117647058824,0.11145705882352941,15.26046176470588,1.8822430913767483
GG,IN,34,0.5294117647058824,0.08832926470588234,16.76304705882353,1.8822430913767483
CG,SL,53,0.4716981132075472,0.1356793396226415,15.154218867924527,1.881596248379375
CT,PF,53,0.4716981132075472,0.09969298113207548,16.31472641509434,1.881596248379375
CG,PR,24,0.5833333333333334,0.32883083333333335,11.557,1.8776775645064505
GT,PW,56,0.4642857142857143,0.07373478571428571,16.764232142857143,1.877130945780327
TT,SL,56,0.4642857142857143,0.14735660714285714,16.00816785714286,1.877130945780327
TG,AA,92,0.41304347826086957,0.13060336956521737,16.07505,1.8721606602154754
AC,MT,17,0.6470588235294118,0.057809352941176465,15.746394117647057,1.87024054922693
GC,AQ,17,0.6470588235294118,0.12843370588235295,13.984141176470589,1.87024054922693
GG,MF,17,0.6470588235294118,0.12259058823529412,13.232282352941176,1.87024054922693
TG,KC,17,0.6470588235294118,0.17626911764705883,12.67899411764706,1.87024054922693
TG,KW,17,0.6470588235294118,0.2175659411764706,12.804870588235294,1.87024054922693
TT,AP,17,0.6470588235294118,0.20036752941176472,12.901041176470589,1.87024054922693
GG,YS,37,0.5135135135135135,0.1136363783783784,16.031256756756758,1.867949649589225
GT,TK,37,0.5135135135135135,0.19462310810810812,13.712527027027027,1.867949649589225
TA,IR,37,0.5135135135135135,0.24170502702702706,13.175743243243243,1.867949649589225
AA,LK,80,0.425,0.10698961250000001,16.27929,1.8676408907357867
CA,KV,71,0.43661971830985913,0.1600755633802817,14.920908450704227,1.8672767561901085
CT,VT,51,0.47058823529411764,0.057813254901960785,17.05685294117647,1.8594088087442011
CA,AR,32,0.53125,0.09211875,15.172584375,1.8575196420290676
GC,RP,32,0.53125,0.1639320625,14.918115625,1.8575196420290676
GC,RT,32,0.53125,0.09442675,15.727446875,1.8575196420290676
AG,DG,40,0.5,0.12019065,15.2115925,1.856786033352154
TC,RI,40,0.5,0.101219875,15.2447525,1.856786033352154
TG,SY,40,0.5,0.1793847,14.579467500000002,1.856786033352154
AG,YS,54,0.46296296296296297,0.15595661111111112,16.110755555555556,1.855246845015033
GA,VT,54,0.46296296296296297,0.12166333333333333,16.150025925925927,1.855246845015033
AC,YD,22,0.5909090909090909,0.10223818181818181,14.626563636363636,1.8527920366854067
AG,YK,22,0.5909090909090909,0.14964636363636363,12.856772727272727,1.8527920366854067
AT,DK,22,0.5909090909090909,0.21227163636363636,13.403227272727271,1.8527920366854067
AT,EI,22,0.5909090909090909,0.1928440909090909,13.134922727272727,1.8527920366854067
CA,FA,22,0.5909090909090909,0.12797290909090908,14.7806,1.8527920366854067
CT,AK,22,0.5909090909090909,0.16566231818181817,14.716899999999999,1.8527920366854067
CC,AH,57,0.45614035087719296,0.3313582105263158,13.841066666666666,1.8521318995474894
CT,LG,57,0.45614035087719296,0.13016875438596492,14.572273684210526,1.8521318995474894
GC,AA,57,0.45614035087719296,0.08959543859649123,15.971649122807017,1.8521318995474894
AC,PA,27,0.5555555555555556,0.28854755555555556,12.071507407407408,1.8512247278751133
AG,GW,27,0.5555555555555556,0.1389922222222222,13.708862962962963,1.8512247278751133
AT,PK,27,0.5555555555555556,0.18685922222222223,14.4611,1.8512247278751133
CG,RD,27,0.5555555555555556,0.14307929629629632,14.380070370370369,1.8512247278751133
GA,MK,27,0.5555555555555556,0.11951503703703704,13.811996296296297,1.8512247278751133
TA,QY,27,0.5555555555555556,0.0786507037037037,16.029255555555554,1.8512247278751133
AC,PL,60,0.45,0.06581506666666667,16.528198333333332,1.84989323887799
GT,KN,60,0.45,0.07121223333333333,17.528563333333334,1.84989323887799
AC,HV,15,0.6666666666666666,0.13639853333333332,13.084713333333333,1.8483924814931874
AC,WP,15,0.6666666666666666,0.1696366,12.217146666666666,1.8483924814931874
AG,FP,15,0.6666666666666666,0.06461713333333334,15.073466666666667,1.8483924814931874
AT,HP,15,0.6666666666666666,0.23390973333333334,12.358006666666666,1.8483924814931874
CA,ME,15,0.6666666666666666,0.1366108,13.409726666666668,1.8483924814931874
CT,FQ,15,0.6666666666666666,0.2843261333333333,11.73872,1.8483924814931874
GA,TC,15,0.6666666666666666,0.19165533333333334,13.387873333333333,1.8483924814931874
TT,VI,63,0.4444444444444444,0.07982319047619048,18.300749206349206,1.8483924814931871
CA,GI,66,0.4393939393939394,0.2294331212121212,15.385792424242425,1.8475164539748183
CC,GT,66,0.4393939393939394,0.06914233333333333,16.118065151515154,1.8475164539748183
GA,YA,69,0.43478260869565216,0.055576347826086954,16.991627536231885,1.8471718443692866
GC,SA,69,0.43478260869565216,0.0987234347826087,15.297821739130436,1.8471718443692866
TA,LL,69,0.43478260869565216,0.10122715942028986,16.335794202898548,1.8471718443692866
GG,KI,323,0.3188854489164087,0.0485819040247678,18.181317337461298,1.8433949911040555
AA,AA,35,0.5142857142857142,0.0691949142857143,15.954585714285713,1.842952596920285
AC,FS,35,0.5142857142857142,0.11965554285714286,15.387394285714286,1.842952596920285
AC,RI,35,0.5142857142857142,0.10841825714285715,15.169645714285714,1.842952596920285
GA,AG,35,0.5142857142857142,0.13433751428571428,16.607442857142857,1.842952596920285
GA,VE,35,0.5142857142857142,0.13133648571428572,15.732845714285713,1.842952596920285
TA,TE,35,0.5142857142857142,0.07224094285714286,15.873031428571428,1.842952596920285
AG,QI,46,0.4782608695652174,0.10468104347826088,15.509593478260868,1.8413749399482888
AG,TL,46,0.4782608695652174,0.15383158695652174,15.403039130434783,1.8413749399482888
GG,RL,46,0.4782608695652174,0.21087530434782611,14.443060869565217,1.8413749399482888
AC,LR,88,0.4090909090909091,0.12393257954545454,17.034215909090907,1.8362603330722391
AC,VD,49,0.46938775510204084,0.20610314285714287,13.747673469387754,1.8362556964254564
GT,QI,49,0.46938775510204084,0.13834920408163265,15.387440816326531,1.8362556964254564
AC,LL,104,0.3942307692307692,0.08950897115384615,16.80561346153846,1.8347343688121003
GA,LA,52,0.46153846153846156,0.08077588461538461,17.419632692307694,1.832442421639441
GA,NT,52,0.46153846153846156,0.071984,16.793698076923075,1.832442421639441
CT,KV,82,0.4146341463414634,0.21058256097560973,15.172581707317072,1.8322022032327359
GC,SY,38,0.5,0.09030155263157895,15.798402631578947,1.8317808230648231
AT,TK,30,0.5333333333333333,0.19366770000000003,13.596136666666666,1.831459842392078
CC,RF,30,0.5333333333333333,0.26266636666666665,13.553153333333334,1.831459842392078
GC,YN,30,0.5333333333333333,0.09139346666666667,15.748936666666667,1.831459842392078
TC,RN,30,0.5333333333333333,0.16663733333333333,14.609863333333333,1.831459842392078
TT,HP,30,0.5333333333333333,0.24064993333333332,12.595083333333333,1.831459842392078
AG,TV,79,0.4177215189873418,0.06276254430379748,16.826953164556965,1.830466822078963
GG,DV,124,0.3790322580645161,0.12641870161290322,17.21066612903226,1.8300866584936142
AC,IY,76,0.42105263157894735,0.08516540789473685,16.67490263157895,1.8289707039383931
GC,RQ,76,0.42105263157894735,0.102733,16.848710526315788,1.8289707039383931
AC,KM,13,0.6923076923076923,0.32688507692307694,10.594469230769231,1.8270396897336403
AG,QR,13,0.6923076923076923,0.3139541538461538,10.126146153846154,1.8270396897336403
AT,AD,13,0.6923076923076923,0.159242,13.059276923076924,1.8270396897336403
CC,MP,13,0.6923076923076923,0.20349915384615386,11.310099999999998,1.8270396897336403
GT,YF,13,0.6923076923076923,0.20378630769230768,12.837438461538461,1.8270396897336403
CA,NY,20,0.6,0.2449077,12.751994999999999,1.8267134626340538
TA,DA,20,0.6,0.06625565,15.962035,1.8267134626340538
TA,FD,20,0.6,0.1541939,15.11722,1.8267134626340538
TA,IA,20,0.6,0.08575925,14.530949999999999,1.8267134626340538
TG,YK,25,0.56,0.15331816,15.646268,1.8245340612920302
AG,IF,41,0.4878048780487805,0.10949673170731708,15.814407317073172,1.8232534723333504
AT,EV,41,0.4878048780487805,0.12816280487804876,15.160212195121952,1.8232534723333504
GT,YS,41,0.4878048780487805,0.15863717073170733,15.538885365853657,1.8232534723333504
AC,NR,44,0.4772727272727273,0.10755720454545453,17.164113636363638,1.816816188299471
CG,IL,44,0.4772727272727273,0.06098620454545455,17.247595454545454,1.816816188299471
TG,TD,44,0.4772727272727273,0.11975654545454545,15.581625,1.816816188299471
AC,NF,33,0.5151515151515151,0.16407818181818182,14.749330303030302,1.8166099672265075
CT,VD,33,0.5151515151515151,0.06532857575757575,17.21758181818182,1.8166099672265075
GG,HV,33,0.5151515151515151,0.11999690909090908,14.489351515151515,1.8166099672265075
CT,GR,47,0.46808510638297873,0.1591691914893617,15.922495744680852,1.812051537020715
CG,GS,77,0.4155844155844156,0.08079142857142857,17.92224155844156,1.810580291611259
TG,SD,77,0.4155844155844156,0.09603163636363636,15.162892207792208,1.810580291611259
TT,WG,50,0.46,0.09609020000000001,16.770224,1.80863979105319
AC,EM,11,0.7272727272727273,0.12267845454545455,12.9103,1.8072048362094548
AT,YN,11,0.7272727272727273,0.15732381818181818,12.347672727272727,1.8072048362094548
GT,NH,11,0.7272727272727273,0.12308845454545453,12.94149090909091,1.8072048362094548
GT,QQ,11,0.7272727272727273,0.07485654545454545,14.747463636363637,1.8072048362094548
TA,SA,11,0.7272727272727273,0.1491319090909091,13.359781818181817,1.8072048362094548
TA,TY,11,0.7272727272727273,0.21879645454545454,11.001454545454544,1.8072048362094548
TC,DT,11,0.7272727272727273,0.14907081818181817,12.789945454545455,1.8072048362094548
TC,KN,11,0.7272727272727273,0.093138,14.26218181818182,1.8072048362094548
CT,LK,71,0.4225352112676056,0.08831345070422535,16.817774647887322,1.8070420221194599
TT,GR,53,0.4528301886792453,0.15399041509433964,16.25385471698113,1.8063323984442
GG,TE,382,0.3036649214659686,0.042195840314136125,18.547206282722513,1.806209577866374
CC,EL,285,0.3192982456140351,0.055619950877192986,18.186681052631577,1.8059482624021284
AG,NR,36,0.5,0.13183058333333333,14.676658333333332,1.8054589563221122
CT,KG,36,0.5,0.10024158333333334,16.00247222222222,1.8054589563221122
TA,FK,36,0.5,0.15129655555555555,16.501583333333333,1.8054589563221122
TG,NN,36,0.5,0.23385847222222222,14.063905555555555,1.8054589563221122
CT,NT,56,0.44642857142857145,0.23651503571428573,14.173523214285714,1.804933601711853
TT,WE,59,0.4406779661016949,0.06572671186440678,16.650371186440676,1.8042874341995696
AA,VR,28,0.5357142857142857,0.10109964285714286,15.018253571428572,1.8039084803498968
GC,RI,28,0.5357142857142857,0.19687332142857142,13.85254642857143,1.8039084803498968
GT,YG,28,0.5357142857142857,0.15413374999999999,15.414485714285714,1.8039084803498968
AA,QN,18,0.6111111111111112,0.2158363888888889,13.508561111111112,1.7993793761572692
AG,HN,18,0.6111111111111112,0.15735572222222224,13.17653888888889,1.7993793761572692
AG,NY,18,0.6111111111111112,0.1435291111111111,14.438494444444444,1.7993793761572692
AG,QF,18,0.6111111111111112,0.12219044444444445,14.580105555555555,1.7993793761572692
AT,TS,18,0.6111111111111112,0.17411766666666667,13.233733333333333,1.7993793761572692
AT,VM,18,0.6111111111111112,0.11381705555555555,14.172194444444445,1.7993793761572692
GC,EM,18,0.6111111111111112,0.15335605555555556,13.070777777777778,1.7993793761572692
TA,TS,18,0.6111111111111112,0.15299283333333336,13.860877777777779,1.7993793761572692
TC,MK,18,0.6111111111111112,0.20304083333333334,13.37885,1.7993793761572692
TG,MF,18,0.6111111111111112,0.23007055555555558,12.799377777777778,1.7993793761572692
TT,PR,18,0.6111111111111112,0.24522827777777778,13.039883333333332,1.7993793761572692
AG,LK,120,0.375,0.07531365,17.139031666666664,1.798421454598778
AT,IG,39,0.48717948717948717,0.13251300000000002,15.441441025641025,1.797146400722174
CG,RV,39,0.48717948717948717,0.14138366666666669,14.546982051282052,1.797146400722174
TC,IK,39,0.48717948717948717,0.16006066666666666,15.503012820512819,1.797146400722174
AG,YG,23,0.5652173913043478,0.2661899130434783,14.161204347826086,1.7962912954140562
AT,VA,23,0.5652173913043478,0.1177968695652174,13.865608695652174,1.7962912954140562
CT,MK,23,0.5652173913043478,0.2445023913043478,13.022104347826087,1.7962912954140562
GC,PA,23,0.5652173913043478,0.2586963043478261,11.924939130434781,1.7962912954140562
GC,QR,23,0.5652173913043478,0.24839000000000003,11.66391304347826,1.7962912954140562
GT,EQ,23,0.5652173913043478,0.13004265217391306,16.53281739130435,1.7962912954140562
TG,ID,23,0.5652173913043478,0.07626195652173913,15.250030434782609,1.7962912954140562
CA,LL,97,0.3917525773195876,0.09767039175257733,16.476029896907217,1.796172826695688
CG,EM,5,1.0,0.31758619999999993,8.55196,1.791759469228055
TC,RH,5,1.0,0.3364188,7.668000000000001,1.791759469228055
AA,DI,42,0.47619047619047616,0.09113740476190475,15.990945238095238,1.7910476741397916
GC,NL,42,0.47619047619047616,0.18690711904761906,14.849009523809524,1.7910476741397916
GT,RA,42,0.47619047619047616,0.17356261904761905,14.591054761904761,1.7910476741397916
TA,KD,42,0.47619047619047616,0.09678102380952382,14.644902380952383,1.7910476741397916
TC,KR,42,0.47619047619047616,0.12194283333333333,14.94177380952381,1.7910476741397916
AC,WL,9,0.7777777777777778,0.4782138888888888,8.418555555555555,1.7908995167731467
AT,KW,9,0.7777777777777778,0.12428766666666667,12.8802,1.7908995167731467
AT,WE,9,0.7777777777777778,0.12812844444444446,11.80862222222222,1.7908995167731467
CA,KW,9,0.7777777777777778,0.29995988888888886,9.24108888888889,1.7908995167731467
GA,ME,9,0.7777777777777778,0.16135766666666665,11.366655555555557,1.7908995167731467
GA,WH,9,0.7777777777777778,0.2185892222222222,10.718955555555556,1.7908995167731467
TA,DD,9,0.7777777777777778,0.07952255555555555,14.07458888888889,1.7908995167731467
TA,HG,9,0.7777777777777778,0.13367666666666667,12.701122222222223,1.7908995167731467
TA,RH,9,0.7777777777777778,0.19171711111111112,11.26088888888889,1.7908995167731467
TT,WF,9,0.7777777777777778,0.2503367777777778,10.025466666666667,1.7908995167731467
TT,WL,9,0.7777777777777778,0.1043778888888889,12.983666666666668,1.7908995167731467
AC,FT,31,0.5161290322580645,0.08037496774193548,15.663654838709679,1.7887669175740524
AT,EK,31,0.5161290322580645,0.220692,13.940367741935484,1.7887669175740524
AT,TA,31,0.5161290322580645,0.185742064516129,13.60798064516129,1.7887669175740524
CT,SL,31,0.5161290322580645,0.10522583870967742,15.549029032258066,1.7887669175740524
GA,QP,31,0.5161290322580645,0.14922554838709678,13.849767741935484,1.7887669175740524
GC,LN,45,0.4666666666666667,0.2068000222222222,15.01054222222222,1.7866993183615778
TG,GY,45,0.4666666666666667,0.09948140000000001,15.218148888888889,1.7866993183615778
CA,SA,66,0.42424242424242425,0.05854718181818182,16.935001515151516,1.783808990044652
AA,IK,48,0.4583333333333333,0.2323435,13.803375,1.7837509699673704
GT,NT,48,0.4583333333333333,0.11403297916666667,15.159945833333333,1.7837509699673704
TG,AG,48,0.4583333333333333,0.15210366666666666,16.15899166666667,1.7837509699673704
AT,MF,7,0.8571428571428571,0.2296707142857143,9.566885714285714,1.782378464297002
AT,WK,7,0.8571428571428571,0.20254371428571427,10.69072857142857,1.782378464297002
CG,SM,7,0.8571428571428571,0.155386,10.85742857142857,1.782378464297002
GC,HD,7,0.8571428571428571,0.19813485714285714,10.165342857142857,1.782378464297002
TC,GH,7,0.8571428571428571,0.21593585714285712,9.540042857142856,1.782378464297002
TT,FF,7,0.8571428571428571,0.2926,9.089071428571428,1.782378464297002
TT,MQ,7,0.8571428571428571,0.17503628571428573,10.718100000000002,1.782378464297002
AG,IK,51,0.45098039215686275,0.13416856862745097,14.707541176470588,1.781933441713193
GG,DA,125,0.368,0.06331316,17.499475999999998,1.7797517417581439
TG,VS,82,0.4024390243902439,0.1020019512195122,17.360799999999998,1.7783139031376556
GA,YD,34,0.5,0.2302731470588235,13.436873529411764,1.7776740307447068
AC,RD,26,0.5384615384615384,0.10865219230769231,14.428080769230768,1.7746813893869464
AT,ER,26,0.5384615384615384,0.16812434615384617,14.19195,1.7746813893869464
GT,IF,26,0.5384615384615384,0.1749375,15.272676923076922,1.7746813893869464
AG,KK,76,0.40789473684210525,0.12386682894736842,16.941848684210527,1.7718153694403185
AA,QR,16,0.625,0.243610375,12.623925,1.770758340035135
TC,DN,16,0.625,0.133909375,14.03265,1.770758340035135
TC,KM,16,0.625,0.1617954375,13.0888625,1.770758340035135
TC,PQ,16,0.625,0.270633625,11.74878125,1.770758340035135
TT,CR,16,0.625,0.32896975,12.0043,1.770758340035135
AG,ID,37,0.4864864864864865,0.0716048918918919,16.252835135135136,1.7696365101371607
CA,NS,37,0.4864864864864865,0.06493740540540541,16.560743243243245,1.7696365101371607
GT,SY,37,0.4864864864864865,0.15585391891891892,16.126878378378375,1.7696365101371607
TC,FR,37,0.4864864864864865,0.23536816216216216,13.988010810810811,1.7696365101371607
GG,GS,172,0.3430232558139535,0.06651982558139534,17.155678488372093,1.767698860903308
AA,WR,21,0.5714285714285714,0.17705338095238096,14.729928571428573,1.766309973347609
AC,FN,21,0.5714285714285714,0.197866,14.035904761904764,1.766309973347609
AT,VD,21,0.5714285714285714,0.3206065238095238,12.900104761904762,1.766309973347609
CA,AK,21,0.5714285714285714,0.25291895238095236,13.800580952380953,1.766309973347609
TA,MD,21,0.5714285714285714,0.08029538095238095,13.79617619047619,1.766309973347609
TA,MK,21,0.5714285714285714,0.19246442857142856,13.979442857142859,1.766309973347609
TA,YT,21,0.5714285714285714,0.11475942857142857,15.868519047619047,1.766309973347609
TC,FE,21,0.5714285714285714,0.11062252380952381,14.279423809523811,1.766309973347609
TG,HV,21,0.5714285714285714,0.1973509523809524,13.342757142857144,1.766309973347609
CC,PE,158,0.34810126582278483,0.057531240506329115,17.110442405063292,1.764491969127296
AA,GT,40,0.475,0.0813739,16.8385075,1.7639467316845463
CC,QP,67,0.417910447761194,0.06707753731343284,15.745176119402984,1.7633763544019552
AG,LV,113,0.37168141592920356,0.0605857610619469,18.63286460176991,1.760356945420963
CA,NL,43,0.46511627906976744,0.06602837209302326,16.887127906976744,1.7600882018224469
AG,RF,29,0.5172413793103449,0.13737524137931034,15.204872413793105,1.7592400249976667
CA,IH,29,0.5172413793103449,0.11541020689655172,15.465389655172414,1.7592400249976667
GG,ID,29,0.5172413793103449,0.14191286206896553,15.461217241379309,1.7592400249976667
GT,QF,29,0.5172413793103449,0.21839979310344826,13.995668965517241,1.7592400249976667
TG,AP,29,0.5172413793103449,0.13775541379310344,14.946948275862068,1.7592400249976667
TG,PY,29,0.5172413793103449,0.07503406896551723,16.35489655172414,1.7592400249976667
TG,SN,29,0.5172413793103449,0.09254768965517242,15.689365517241379,1.7592400249976667
CT,LI,61,0.4262295081967213,0.08592337704918032,15.76694262295082,1.7591064591995471
AA,KL,93,0.3870967741935484,0.06817024731182796,17.497473118279572,1.758694754427098
CG,KV,80,0.4,0.050260675,17.179623749999998,1.7577796618689758
AG,EV,46,0.45652173913043476,0.11251630434782608,16.20795,1.7576760790415482
TG,IQ,58,0.43103448275862066,0.07787044827586206,16.09820172413793,1.7575592430628102
GT,LA,49,0.4489795918367347,0.07522773469387756,17.19371224489796,1.756418492233045
AA,VK,90,0.3888888888888889,0.06692583333333334,17.129635555555556,1.7542231414232194
AC,GI,77,0.4025974025974026,0.19194564935064937,16.129423376623375,1.7539996574984071
CA,FP,32,0.5,0.16449775,14.115459375,1.7482537807332401
GA,ID,32,0.5,0.09885953125000001,15.80574375,1.7482537807332401
GG,TS,32,0.5,0.0941760625,15.26678125,1.7482537807332401
TC,IR,32,0.5,0.12187434375,15.917996875,1.7482537807332401
GA,LK,94,0.3829787234042553,0.11545809574468086,16.977202127659574,1.7440379584853134
AA,IE,24,0.5416666666666666,0.12807816666666666,15.224004166666667,1.7435577384702752
AT,IE,24,0.5416666666666666,0.17670450000000001,13.509533333333332,1.7435577384702752
CC,LM,24,0.5416666666666666,0.13245937500000002,14.635879166666667,1.7435577384702752
CG,YF,24,0.5416666666666666,0.21107808333333333,14.518129166666666,1.7435577384702752
GA,DR,24,0.5416666666666666,0.13307041666666666,14.383779166666665,1.7435577384702752
TG,IL,24,0.5416666666666666,0.07912883333333333,16.450633333333332,1.7435577384702752
CC,LP,175,0.33714285714285713,0.06152918857142857,17.332786857142857,1.7431917468985767
AA,CK,14,0.6428571428571429,0.12228842857142856,13.972057142857143,1.740889414994278
AC,CY,14,0.6428571428571429,0.20639764285714285,13.034407142857143,1.740889414994278
AT,SY,14,0.6428571428571429,0.2676145714285714,11.479928571428571,1.740889414994278
CA,QR,14,0.6428571428571429,0.16436435714285716,12.948442857142856,1.740889414994278
CG,KH,14,0.6428571428571429,0.159419,12.676407142857142,1.740889414994278
GC,PH,14,0.6428571428571429,0.18271557142857145,12.749964285714286,1.740889414994278
GT,VW,14,0.6428571428571429,0.2999727857142857,10.768699999999999,1.740889414994278
TA,GM,14,0.6428571428571429,0.15964814285714285,11.918035714285713,1.740889414994278
TT,GC,14,0.6428571428571429,0.1667050714285714,13.748485714285716,1.740889414994278
AG,ST,35,0.4857142857142857,0.15361137142857142,15.910822857142856,1.7405663415358248
GA,GQ,65,0.4153846153846154,0.13629404615384616,16.085233846153844,1.7403181236109768
GC,LQ,65,0.4153846153846154,0.11954252307692308,15.989363076923079,1.7403181236109768
CC,RK,143,0.34965034965034963,0.07429445454545455,17.100146153846154,1.7376969578937065
GC,AS,62,0.41935483870967744,0.08475214516129033,16.126346774193546,1.7374435949383846
GT,AH,38,0.47368421052631576,0.04956076315789474,18.063302631578946,1.7353713060614113
TA,RT,38,0.47368421052631576,0.12377686842105264,16.102247368421054,1.7353713060614113
TT,RL,38,0.47368421052631576,0.13579605263157893,15.03938947368421,1.7353713060614113
TC,IP,59,0.423728813559322,0.05082298305084745,17.651140677966104,1.7348917636534322
AA,KW,19,0.5789473684210527,0.268682947368421,13.20266842105263,1.7343713162681
AT,RT,19,0.5789473684210527,0.14545657894736844,13.407536842105264,1.7343713162681
TG,NW,19,0.5789473684210527,0.1340966842105263,15.660752631578948,1.7343713162681
AC,RL,56,0.42857142857142855,0.12523985714285715,16.359248214285714,1.7327362576433787
AA,EV,44,0.45454545454545453,0.07400411363636362,15.247154545454547,1.7303011317137815
GC,NE,44,0.45454545454545453,0.13196531818181817,15.243402272727273,1.7303011317137815
GG,YK,44,0.45454545454545453,0.08657745454545454,16.932786363636364,1.7303011317137815
AG,EK,47,0.44680851063829785,0.09076142553191488,16.75378085106383,1.729685558065228
CT,IP,47,0.44680851063829785,0.05006387234042553,17.02991063829787,1.729685558065228
CC,TW,188,0.32978723404255317,0.03955120744680851,18.326210106382977,1.7286612496473288
GA,HP,27,0.5185185185185185,0.11051192592592593,16.286522222222224,1.7278097460167723
GT,SF,27,0.5185185185185185,0.07699748148148149,15.682303703703703,1.7278097460167723
TA,HP,27,0.5185185185185185,0.24234807407407408,14.389425925925925,1.7278097460167723
TG,DD,27,0.5185185185185185,0.10891548148148147,16.68135185185185,1.7278097460167723
TG,MR,27,0.5185185185185185,0.2485134074074074,12.414422222222221,1.7278097460167723
GG,SE,102,0.37254901960784315,0.05518969607843137,17.873583333333332,1.7266637407130017
GG,QA,106,0.36792452830188677,0.0919981320754717,17.426814150943397,1.719248344754852
AC,PK,30,0.5,0.08054153333333333,16.015463333333333,1.7169936022425731
AG,HL,30,0.5,0.0912897,14.181206666666666,1.7169936022425731
AT,AS,30,0.5,0.17016213333333333,15.8803,1.7169936022425731
CG,VY,30,0.5,0.0886175,17.734696666666665,1.7169936022425731
CT,EY,30,0.5,0.0457135,16.8803,1.7169936022425731
GT,SM,30,0.5,0.10601103333333332,15.66531,1.7169936022425731
TA,TP,30,0.5,0.13375023333333333,14.777893333333333,1.7169936022425731
CG,RP,22,0.5454545454545454,0.2390786818181818,13.474968181818182,1.7102695723249906
GC,AW,22,0.5454545454545454,0.051450409090909095,16.87373181818182,1.7102695723249906
GC,LH,22,0.5454545454545454,0.07479122727272727,16.245250000000002,1.7102695723249906
GG,AP,22,0.5454545454545454,0.11380231818181819,14.671322727272726,1.7102695723249906
TA,VS,22,0.5454545454545454,0.11627013636363635,14.39780909090909,1.7102695723249906
TC,VP,22,0.5454545454545454,0.10008063636363636,14.697709090909092,1.7102695723249906
TT,FD,22,0.5454545454545454,0.13126195454545453,15.612963636363638,1.7102695723249906
AT,RF,12,0.6666666666666666,0.16427041666666667,13.761216666666668,1.709966238307691
AT,ST,12,0.6666666666666666,0.18390600000000001,13.686725000000001,1.709966238307691
CA,WL,12,0.6666666666666666,0.10000841666666667,13.186283333333334,1.709966238307691
CA,YF,12,0.6666666666666666,0.19740491666666668,12.623233333333333,1.709966238307691
CT,PR,12,0.6666666666666666,0.23977941666666666,12.064483333333333,1.709966238307691
GC,DN,12,0.6666666666666666,0.22837891666666665,11.993025000000001,1.709966238307691
GC,PT,12,0.6666666666666666,0.10639366666666666,13.961925,1.709966238307691
TA,EM,12,0.6666666666666666,0.1002075,13.111133333333333,1.709966238307691
TC,QE,12,0.6666666666666666,0.27517725,10.315875,1.709966238307691
TC,WF,12,0.6666666666666666,0.13862325,12.806824999999998,1.709966238307691
TG,YF,12,0.6666666666666666,0.22220266666666666,11.719258333333334,1.709966238307691
TT,DN,12,0.6666666666666666,0.12930625,12.434425,1.709966238307691
TT,NH,12,0.6666666666666666,0.28319458333333336,10.263816666666667,1.709966238307691
AA,SV,33,0.48484848484848486,0.08479551515151516,16.27089696969697,1.709750557389654
GG,SS,100,0.37,0.07976832,17.269669,1.707594591231266
AC,TK,54,0.42592592592592593,0.08379996296296295,15.714027777777778,1.7068270974138304
AG,TN,54,0.42592592592592593,0.12941607407407407,16.8135462962963,1.7068270974138304
GA,VA,54,0.42592592592592593,0.07954101851851851,16.484105555555555,1.7068270974138304
GT,RD,54,0.42592592592592593,0.14160253703703704,16.84932222222222,1.7068270974138304
AG,FK,36,0.4722222222222222,0.15221022222222225,15.713600000000001,1.7051556809708837
AG,PS,36,0.4722222222222222,0.08067283333333333,16.039655555555555,1.7051556809708837
CG,YY,36,0.4722222222222222,0.062018000000000004,17.49248888888889,1.7051556809708837
GC,LI,70,0.4,0.07121282857142858,16.495794285714286,1.7050719508165262
AG,PG,51,0.43137254901960786,0.08488882352941175,16.838096078431374,1.7044580746821845
CC,MT,51,0.43137254901960786,0.04146160784313726,17.063401960784315,1.7044580746821845
GA,KD,51,0.43137254901960786,0.14504082352941178,16.56218823529412,1.7044580746821845
TA,EK,51,0.43137254901960786,0.1230102156862745,15.548184313725491,1.7044580746821845
GA,IG,48,0.4375,0.14137347916666668,15.521441666666666,1.702671380423399
TA,GI,48,0.4375,0.08185395833333334,16.073104166666667,1.702671380423399
TG,DI,39,0.46153846153846156,0.06691853846153846,17.426115384615386,1.702559748052586
GT,FT,45,0.4444444444444444,0.15339284444444445,16.612177777777777,1.7016183984395976
AG,FT,42,0.4523809523809524,0.13772409523809523,16.933657142857143,1.701495290432802
CA,DS,42,0.4523809523809524,0.1326507857142857,15.349211904761903,1.701495290432802
TA,KL,42,0.4523809523809524,0.2324882857142857,14.363959523809523,1.701495290432802
TT,AS,42,0.4523809523809524,0.11930585714285714,14.826471428571429,1.701495290432802
GC,IK,67,0.40298507462686567,0.1102850447761194,16.98459850746269,1.7003986274590281
AA,RP,17,0.5882352941176471,0.16173870588235295,13.956676470588235,1.700218681115391
AT,DG,17,0.5882352941176471,0.24586064705882352,13.107611764705881,1.700218681115391
AT,YV,17,0.5882352941176471,0.2125835882352941,13.122435294117647,1.700218681115391
CA,EM,17,0.5882352941176471,0.18610917647058822,14.03294705882353,1.700218681115391
CA,PN,17,0.5882352941176471,0.16014605882352942,14.76645294117647,1.700218681115391
CA,YN,17,0.5882352941176471,0.12974117647058825,14.847117647058823,1.700218681115391
TC,FA,17,0.5882352941176471,0.26672635294117647,14.558729411764705,1.700218681115391
TG,IF,17,0.5882352941176471,0.14044029411764705,13.861494117647059,1.700218681115391
TT,FQ,17,0.5882352941176471,0.16995588235294118,14.662217647058824,1.700218681115391
TG,RG,87,0.3793103448275862,0.1703943448275862,16.09227011494253,1.698300171008975
AC,EV,77,0.38961038961038963,0.12479697402597403,16.463754545454545,1.6974190233855553
AC,HP,25,0.52,0.15324332,14.583892,1.6942101997711707
AG,MK,25,0.52,0.10761035999999999,14.682768000000001,1.6942101997711707
AT,FR,25,0.52,0.25419376,13.729476,1.6942101997711707
CC,NF,25,0.52,0.08037551999999999,14.69642,1.6942101997711707
CC,AL,144,0.3402777777777778,0.03898920833333333,17.72925763888889,1.6934718984625565
GG,EL,329,0.2917933130699088,0.048176541033434654,17.92229696048632,1.6921364584444085
GC,LK,98,0.3673469387755102,0.10137720408163264,17.257504081632653,1.688003210253523
AA,QG,71,0.39436619718309857,0.24669308450704225,14.374250704225354,1.6865725539781626
GT,KE,71,0.39436619718309857,0.07689243661971831,17.589383098591547,1.6865725539781626
AA,LN,28,0.5,0.10939635714285714,14.403007142857144,1.683647914993237
GA,AP,28,0.5,0.16250971428571429,14.722414285714285,1.683647914993237
GA,EG,55,0.41818181818181815,0.08187827272727273,17.20529090909091,1.6833288888528806
GG,AK,55,0.41818181818181815,0.09349814545454546,16.610965454545454,1.6833288888528806
TG,KQ,55,0.41818181818181815,0.14904552727272727,15.392374545454546,1.6833288888528806
GT,IS,88,0.375,0.1291410227272727,15.965169318181818,1.6832386386495524
TG,SL,68,0.39705882352941174,0.08644951470588236,16.805626470588237,1.6811893474136177
GA,LN,52,0.4230769230769231,0.08906765384615384,15.939428846153845,1.6797388865028209
AA,HS,10,0.7,0.14611939999999998,13.52226,1.6785266909588594
AC,AM,10,0.7,0.1362117,13.409289999999999,1.6785266909588594
AG,KH,10,0.7,0.2725126,12.48115,1.6785266909588594
CA,RH,10,0.7,0.1465146,12.67501,1.6785266909588594
TA,MP,10,0.7,0.2050316,11.92744,1.6785266909588594
TC,RY,10,0.7,0.1294711,12.13947,1.6785266909588594
TG,IM,10,0.7,0.3249018,10.318430000000001,1.6785266909588594
AA,NT,31,0.4838709677419355,0.15059409677419355,15.814774193548386,1.6769689852256742
AC,ER,31,0.4838709677419355,0.14635912903225806,15.075277419354839,1.6769689852256742
AG,YD,31,0.4838709677419355,0.14023877419354838,14.838632258064518,1.6769689852256742
TA,DR,31,0.4838709677419355,0.17898448387096774,14.474432258064516,1.6769689852256742
GC,DF,49,0.42857142857142855,0.1410653469387755,16.815202040816327,1.6765812880406339
GG,RP,49,0.42857142857142855,0.09628604081632652,16.83080612244898,1.6765812880406339
TG,IR,49,0.42857142857142855,0.07515014285714286,16.332144897959182,1.6765812880406339
AA,WY,20,0.55,0.10914275,16.558635,1.6744873407478829
AT,FT,20,0.55,0.25215365,13.62069,1.6744873407478829
CA,HW,20,0.55,0.06511495,16.301085,1.6744873407478829
CC,PR,20,0.55,0.16608185,13.891354999999999,1.6744873407478829
CC,TR,20,0.55,0.19025185,14.032985,1.6744873407478829
GT,EP,20,0.55,0.1732497,14.196575,1.6744873407478829
GT,YN,20,0.55,0.1996479,13.42135,1.6744873407478829
TC,ER,20,0.55,0.1221961,14.33474,1.6744873407478829
TG,CC,20,0.55,0.09616215,14.792165,1.6744873407478829
AG,LA,46,0.43478260869565216,0.0775310652173913,15.823858695652175,1.673977218134808
AG,QS,46,0.43478260869565216,0.062154543478260875,17.247078260869564,1.673977218134808
GT,ID,46,0.43478260869565216,0.08895869565217392,17.00052608695652,1.673977218134808
AA,KY,34,0.47058823529411764,0.11467808823529413,15.847732352941177,1.6731049701126652
AG,HP,34,0.47058823529411764,0.1099179411764706,14.953355882352941,1.6731049701126652
AT,GI,34,0.47058823529411764,0.13717841176470588,15.163294117647059,1.6731049701126652
TA,IS,34,0.47058823529411764,0.10194126470588236,16.245161764705884,1.6731049701126652
TA,LP,34,0.47058823529411764,0.10908605882352941,15.05005588235294,1.6731049701126652
GA,RI,43,0.4418604651162791,0.12928586046511628,15.925741860465116,1.6720837917313247
AG,VV,37,0.4594594594594595,0.10737113513513515,16.08551081081081,1.6713233706850963
AT,EL,40,0.45,0.063978475,17.0866425,1.6711074300169386
CA,TI,40,0.45,0.21309404999999998,14.902687499999999,1.6711074300169386
GC,PV,40,0.45,0.0918968,17.542255,1.6711074300169386
GG,TD,40,0.45,0.1512314,15.4722325,1.6711074300169386
TG,MS,40,0.45,0.11233135000000001,15.3733025,1.6711074300169386
CC,HT,62,0.4032258064516129,0.20345266129032258,15.095675806451613,1.6706188412869083
GT,AA,96,0.3645833333333333,0.09224955208333334,17.49674895833333,1.6678633775793583
AG,TC,15,0.6,0.20603666666666667,14.738806666666667,1.6635532333438687
AT,IY,15,0.6,0.11778413333333333,13.523706666666667,1.6635532333438687
GC,GD,15,0.6,0.09772926666666668,14.423473333333334,1.6635532333438687
GT,PH,15,0.6,0.1628266,13.025546666666665,1.6635532333438687
TA,IW,15,0.6,0.20110313333333335,14.152260000000002,1.6635532333438687
TG,KM,15,0.6,0.33465086666666666,13.102853333333334,1.6635532333438687
TG,PN,15,0.6,0.1810202,12.805873333333333,1.6635532333438687
TT,KF,15,0.6,0.12863953333333333,14.291419999999999,1.6635532333438687
GT,GR,56,0.4107142857142857,0.12361849999999999,17.349317857142857,1.6605389135749045
CC,RE,159,0.3270440251572327,0.1276744528301887,15.839429559748426,1.6598052729066601
AA,HP,23,0.5217391304347826,0.19674913043478262,14.21342608695652,1.6581150419206674
AC,NG,23,0.5217391304347826,0.1465568695652174,14.994965217391306,1.6581150419206674
AT,NL,23,0.5217391304347826,0.11117339130434782,14.793678260869564,1.6581150419206674
AT,NT,23,0.5217391304347826,0.1182301304347826,14.1991,1.6581150419206674
CG,RY,23,0.5217391304347826,0.15132582608695652,14.111104347826087,1.6581150419206674
GA,QT,23,0.5217391304347826,0.20583021739130433,14.297260869565218,1.6581150419206674
TC,PR,23,0.5217391304347826,0.1877331304347826,14.02998695652174,1.6581150419206674
TG,VF,23,0.5217391304347826,0.20973321739130438,14.207173913043478,1.6581150419206674
TT,DT,23,0.5217391304347826,0.07845565217391305,14.650117391304347,1.6581150419206674
TT,SN,23,0.5217391304347826,0.08493739130434783,15.808678260869566,1.6581150419206674
AC,ES,66,0.3939393939393939,0.15810298484848484,15.231537878787877,1.6563940621843198
GA,TL,53,0.41509433962264153,0.1060783962264151,17.193983018867925,1.65580469857385
GA,GS,97,0.36082474226804123,0.06311822680412371,18.002978350515463,1.6543697087986602
GT,AS,90,0.36666666666666664,0.09423174444444445,16.95487222222222,1.6539818190561781
AG,AA,50,0.42,0.12539688,16.40251,1.6513667657442168
TA,TK,50,0.42,0.13481502,14.937564,1.6513667657442168
GT,LR,73,0.3835616438356164,0.08577809589041097,16.49561780821918,1.6508742823248872
CC,AG,63,0.3968253968253968,0.04630025396825397,16.965679365079364,1.6503504299046314
GT,VN,80,0.375,0.0547986875,17.20116875,1.6479184330021646
AA,YD,26,0.5,0.13545134615384616,15.622846153846154,1.6479184330021646
AT,KN,26,0.5,0.17071203846153848,15.373219230769232,1.6479184330021646
CA,DY,26,0.5,0.12412676923076923,15.131284615384613,1.6479184330021646
CA,KR,26,0.5,0.19881284615384615,14.333823076923077,1.6479184330021646
CA,SN,26,0.5,0.112677,15.612315384615385,1.6479184330021646
CA,SP,26,0.5,0.329231,12.331411538461538,1.6479184330021646
CG,NN,26,0.5,0.12382315384615385,15.661192307692309,1.6479184330021646
CG,RI,26,0.5,0.12512884615384617,15.32581923076923,1.6479184330021646
GG,CY,26,0.5,0.17629984615384614,14.971346153846154,1.6479184330021646
TC,VA,26,0.5,0.09759542307692308,16.211680769230767,1.6479184330021646
AA,CY,8,0.75,0.166745875,11.6733625,1.6479184330021646
AA,HN,8,0.75,0.31245775000000003,9.5418,1.6479184330021646
CG,VH,8,0.75,0.1127705,13.354075,1.6479184330021646
CT,ML,8,0.75,0.166299125,11.516325,1.6479184330021646
GC,CK,8,0.75,0.177638625,11.2178625,1.6479184330021646
GC,RW,8,0.75,0.298658125,10.5939,1.6479184330021646
TC,MF,8,0.75,0.1012405,12.8467875,1.6479184330021646
TG,PM,8,0.75,0.172480125,11.148412500000001,1.6479184330021646
AA,VQ,60,0.4,0.07915155,16.935798333333334,1.6443495456693247
AG,KV,60,0.4,0.09382718333333333,16.235226666666666,1.6443495456693247
GG,TL,44,0.4318181818181818,0.13841354545454546,15.868240909090908,1.6437860751280926
TC,GS,44,0.4318181818181818,0.11407797727272727,16.58663409090909,1.6437860751280926
TG,ET,116,0.3448275862068966,0.09182312068965517,18.134329310344825,1.6421289430337092
AA,YT,29,0.4827586206896552,0.08388120689655172,15.714462068965517,1.641957356664489
AC,SD,29,0.4827586206896552,0.24390727586206898,14.346144827586208,1.641957356664489
AG,YP,29,0.4827586206896552,0.15177275862068967,14.78433103448276,1.641957356664489
AT,GS,29,0.4827586206896552,0.10429155172413794,15.678968965517242,1.641957356664489
AT,KD,29,0.4827586206896552,0.11645403448275862,15.565531034482758,1.641957356664489
AT,RG,29,0.4827586206896552,0.27919368965517244,14.406720689655172,1.641957356664489
CA,PS,29,0.4827586206896552,0.04928441379310344,16.856965517241377,1.641957356664489
CG,QN,29,0.4827586206896552,0.16372996551724137,15.634996551724138,1.641957356664489
GA,EM,29,0.4827586206896552,0.08997093103448275,14.86944827586207,1.641957356664489
GA,VD,29,0.4827586206896552,0.06315631034482759,15.8987,1.641957356664489
GT,RF,29,0.4827586206896552,0.12059137931034483,15.283472413793104,1.641957356664489
TA,IE,29,0.4827586206896552,0.2294163103448276,14.221020689655173,1.641957356664489
TC,MD,29,0.4827586206896552,0.12118120689655172,16.21176551724138,1.641957356664489
GT,NF,41,0.43902439024390244,0.09512553658536585,17.181048780487806,1.6409281251000154
CC,YS,32,0.46875,0.1508366875,15.325859375,1.6389879194374126
TC,KV,32,0.46875,0.15534384375000002,15.294425,1.6389879194374126
AG,SY,38,0.4473684210526316,0.1811510789473684,15.046286842105264,1.6389617890579997
GA,PS,38,0.4473684210526316,0.13114652631578946,15.149526315789474,1.6389617890579997
GA,NR,35,0.45714285714285713,0.16554045714285714,15.362234285714285,1.6381800861513645
GT,TD,35,0.45714285714285713,0.1360957714285714,15.652239999999999,1.6381800861513645
AC,QW,18,0.5555555555555556,0.1431578888888889,12.950955555555556,1.6357994328702448
CG,KM,18,0.5555555555555556,0.18425016666666666,14.815127777777779,1.6357994328702448
CT,QR,18,0.5555555555555556,0.1609396111111111,14.426533333333332,1.6357994328702448
GC,AY,18,0.5555555555555556,0.2915787222222222,13.411988888888889,1.6357994328702448
GC,MS,18,0.5555555555555556,0.1445861111111111,14.793555555555555,1.6357994328702448
TA,FE,18,0.5555555555555556,0.08061361111111111,13.895094444444446,1.6357994328702448
TT,LY,18,0.5555555555555556,0.08136461111111111,16.457272222222223,1.6357994328702448
AG,GQ,54,0.4074074074074074,0.12055153703703703,15.280212962962961,1.6326172236132288
GG,PG,117,0.3418803418803419,0.048929709401709404,17.42115811965812,1.631003290415612
GA,IL,64,0.390625,0.09405353125,18.08948125,1.6306200273029832
CC,AT,92,0.358695652173913,0.06555908695652174,17.136247826086954,1.625823731239755
AC,DN,13,0.6153846153846154,0.23048284615384615,12.3872,1.624035279763236
AC,ML,13,0.6153846153846154,0.06636676923076923,15.673553846153848,1.624035279763236
AT,QP,13,0.6153846153846154,0.3030686153846154,10.798046153846153,1.624035279763236
CA,GH,13,0.6153846153846154,0.15316723076923078,11.14856923076923,1.624035279763236
CA,YG,13,0.6153846153846154,0.4415627692307692,11.277761538461537,1.624035279763236
GA,NH,13,0.6153846153846154,0.10970346153846154,14.34150769230769,1.624035279763236
GC,ED,13,0.6153846153846154,0.10501492307692308,16.212476923076924,1.624035279763236
GC,QN,13,0.6153846153846154,0.1556673076923077,13.065276923076924,1.624035279763236
TC,NY,13,0.6153846153846154,0.24331715384615382,12.965592307692308,1.624035279763236
TC,WK,13,0.6153846153846154,0.24160684615384614,13.10463846153846,1.624035279763236
TT,PN,13,0.6153846153846154,0.18414615384615385,13.549738461538462,1.624035279763236
TT,IP,61,0.39344262295081966,0.04884503278688525,18.71235081967213,1.623790577722659
GC,LT,103,0.34951456310679613,0.04823673786407767,18.29093786407767,1.6232822560105769
TG,KR,48,0.4166666666666667,0.11004270833333334,16.98163125,1.6215917908794277
AA,FF,6,0.8333333333333334,0.30394166666666667,10.118533333333334,1.6215917908794277
AA,HG,6,0.8333333333333334,0.26998283333333334,9.597633333333333,1.6215917908794277
AT,IM,6,0.8333333333333334,0.2319901666666667,10.053749999999999,1.6215917908794277
AT,QF,6,0.8333333333333334,0.22123233333333334,10.2668,1.6215917908794277
CA,PQ,6,0.8333333333333334,0.15056133333333332,11.951,1.6215917908794277
CA,PT,6,0.8333333333333334,0.129436,11.424233333333333,1.6215917908794277
CA,SH,6,0.8333333333333334,0.16114,11.4536,1.6215917908794277
CT,FC,6,0.8333333333333334,0.10770866666666667,13.201866666666668,1.6215917908794277
CT,MP,6,0.8333333333333334,0.13755799999999999,10.976183333333333,1.6215917908794277
GC,MQ,6,0.8333333333333334,0.11568216666666666,11.822550000000001,1.6215917908794277
GT,AM,6,0.8333333333333334,0.12879716666666666,10.998,1.6215917908794277
TA,WL,6,0.8333333333333334,0.09897166666666667,13.041133333333335,1.6215917908794277
TC,WL,6,0.8333333333333334,0.11694816666666667,11.121583333333334,1.6215917908794277
TT,AM,6,0.8333333333333334,0.21162666666666666,9.3466,1.6215917908794277
TT,MP,6,0.8333333333333334,0.1915555,10.521849999999999,1.6215917908794277
AA,FG,21,0.5238095238095238,0.07991609523809523,16.36845238095238,1.619117475568642
GC,LF,21,0.5238095238095238,0.08761633333333334,15.421909523809523,1.619117475568642
GT,TF,21,0.5238095238095238,0.13549709523809525,14.673333333333332,1.619117475568642
TT,PY,21,0.5238095238095238,0.14056961904761905,15.464923809523809,1.619117475568642
TT,TA,58,0.39655172413793105,0.10656086206896552,16.315993103448275,1.6169545036177855
AA,EK,45,0.4222222222222222,0.15659433333333334,16.282564444444446,1.6165374785176179
AG,RI,45,0.4222222222222222,0.13629735555555555,15.486471111111111,1.6165374785176179
TG,SP,93,0.3548387096774194,0.055562462365591404,18.28929677419355,1.61213685822484
AC,LD,42,0.42857142857142855,0.08867780952380952,16.92392142857143,1.6119429067258124
CA,IK,42,0.42857142857142855,0.18151388095238094,15.663804761904762,1.6119429067258124
CT,WT,65,0.38461538461538464,0.08708512307692308,16.834339999999997,1.6114056700101635
CA,EG,24,0.5,0.14139429166666664,15.126262500000001,1.6094379124341003
GT,YD,24,0.5,0.147653,14.816116666666666,1.6094379124341003
TT,NN,24,0.5,0.27984545833333335,13.669004166666667,1.6094379124341003
AA,WS,4,1.0,0.43254775,6.5257000000000005,1.6094379124341003
CT,FH,4,1.0,0.20728249999999998,9.6226,1.6094379124341003
GG,FM,4,1.0,0.28623,8.058300000000001,1.6094379124341003
GG,WH,4,1.0,0.16440725,9.458375,1.6094379124341003
TA,QF,4,1.0,0.33109675,6.727925000000001,1.6094379124341003
TT,IM,4,1.0,0.40232075,7.106775,1.6094379124341003
AG,GV,39,0.4358974358974359,0.10070225641025642,16.161720512820512,1.6079730953829978
CA,GV,39,0.4358974358974359,0.1478614358974359,15.740538461538462,1.6079730953829978
GA,NN,39,0.4358974358974359,0.06876269230769232,16.52203846153846,1.6079730953829978
GA,VG,39,0.4358974358974359,0.11388151282051281,16.856179487179485,1.6079730953829978
GG,RA,39,0.4358974358974359,0.13160797435897434,15.590689743589746,1.6079730953829978
TA,IL,39,0.4358974358974359,0.1587804358974359,16.03514871794872,1.6079730953829978
TC,LN,39,0.4358974358974359,0.1975185641025641,15.770361538461538,1.6079730953829978
TG,TI,39,0.4358974358974359,0.0847471282051282,17.13509743589744,1.6079730953829978
TT,IL,39,0.4358974358974359,0.1348021282051282,15.09141282051282,1.6079730953829978
CC,EF,97,0.35051546391752575,0.11031280412371133,17.18104845360825,1.607102002832984
AC,PV,36,0.4444444444444444,0.1188868611111111,16.01117222222222,1.6048524056196551
CA,AV,36,0.4444444444444444,0.07158844444444444,16.10971111111111,1.6048524056196551
GA,DP,36,0.4444444444444444,0.09409533333333334,16.498369444444442,1.6048524056196551
GG,EQ,36,0.4444444444444444,0.14596105555555555,16.448102777777777,1.6048524056196551
TT,VF,36,0.4444444444444444,0.12107652777777779,16.93460277777778,1.6048524056196551
AC,ID,27,0.48148148148148145,0.07985300000000001,15.200533333333333,1.6043947641584313
AG,DP,27,0.48148148148148145,0.07365451851851852,15.384492592592593,1.6043947641584313
CA,NE,27,0.48148148148148145,0.09262629629629629,15.17548888888889,1.6043947641584313
CT,AQ,27,0.48148148148148145,0.04874688888888889,16.210144444444445,1.6043947641584313
TA,PV,27,0.48148148148148145,0.1398058888888889,13.795874074074074,1.6043947641584313
TG,LH,27,0.48148148148148145,0.07576392592592593,16.598062962962963,1.6043947641584313
GG,FS,90,0.35555555555555557,0.06237856666666667,18.17330777777778,1.6038611578726578
CA,LK,52,0.40384615384615385,0.16367376923076923,16.610832692307692,1.6033871189345108
CG,RT,52,0.40384615384615385,0.08763111538461538,16.967721153846153,1.6033871189345108
TA,VL,52,0.40384615384615385,0.07829240384615385,16.69618653846154,1.6033871189345108
AC,QD,33,0.45454545454545453,0.07049478787878788,16.706560606060606,1.6028911475528007
AC,TQ,33,0.45454545454545453,0.06729633333333333,16.203296969696968,1.6028911475528007
CC,RD,33,0.45454545454545453,0.11162763636363636,15.04030303030303,1.6028911475528007
TA,LQ,33,0.45454545454545453,0.09313533333333333,16.1799303030303,1.6028911475528007
AA,TI,30,0.4666666666666667,0.06310186666666667,16.42722,1.6025273620930682
AC,AD,30,0.4666666666666667,0.07016983333333333,16.656753333333334,1.6025273620930682
AC,AK,30,0.4666666666666667,0.1773873,15.212316666666668,1.6025273620930682
AG,FY,30,0.4666666666666667,0.08981873333333333,16.21683,1.6025273620930682
AG,YT,30,0.4666666666666667,0.12023800000000001,15.97914,1.6025273620930682
GT,YT,30,0.4666666666666667,0.14464183333333333,15.976436666666666,1.6025273620930682
CC,EY,83,0.3614457831325301,0.08007420481927711,17.18207228915663,1.6015000477746915
CA,AS,76,0.3684210526315789,0.06524735526315789,17.417855263157897,1.6003493659460941
CG,LP,76,0.3684210526315789,0.05903636842105263,18.77107105263158,1.6003493659460941
TG,YQ,76,0.3684210526315789,0.049215381578947365,17.861122368421054,1.6003493659460941
CC,SL,49,0.40816326530612246,0.11328179591836735,16.335918367346938,1.596744083848223
GC,RL,49,0.40816326530612246,0.1369052857142857,15.468771428571428,1.596744083848223
TA,IV,49,0.40816326530612246,0.1554172448979592,16.376485714285714,1.596744083848223
AA,ID,16,0.5625,0.143522375,14.963675,1.5936825060316215
AT,FL,16,0.5625,0.140726,14.6150375,1.5936825060316215
CA,QE,16,0.5625,0.0865230625,14.8316125,1.5936825060316215
CA,YD,16,0.5625,0.13048018749999998,14.5575625,1.5936825060316215
CT,AD,16,0.5625,0.1739261875,13.55641875,1.5936825060316215
CT,RF,16,0.5625,0.191889375,14.07674375,1.5936825060316215
GC,PN,16,0.5625,0.126127625,15.5309125,1.5936825060316215
TA,RF,16,0.5625,0.2032915625,13.2747,1.5936825060316215
TC,NN,16,0.5625,0.0652414375,15.8405,1.5936825060316215
TG,EM,16,0.5625,0.1086599375,14.85856875,1.5936825060316215
TT,AF,16,0.5625,0.0731128125,14.39756875,1.5936825060316215
GG,VM,73,0.3698630136986301,0.05096841095890411,17.836434246575344,1.5919144865275696
GA,PG,46,0.41304347826086957,0.1158424347826087,16.509221739130435,1.5902783572280677
GG,DR,91,0.3516483516483517,0.13765183516483517,17.789125274725276,1.5900794996216407
TG,ML,56,0.39285714285714285,0.048274250000000005,17.095401785714284,1.5883415695064305
AC,CA,43,0.4186046511627907,0.05878674418604652,16.44493023255814,1.5840793816402023
GA,EE,43,0.4186046511627907,0.09685895348837209,16.248448837209303,1.5840793816402023
GT,DG,43,0.4186046511627907,0.09089832558139535,16.039081395348838,1.5840793816402023
GT,ST,43,0.4186046511627907,0.0881379534883721,16.60351395348837,1.5840793816402023
TG,EE,43,0.4186046511627907,0.14325502325581396,16.733409302325583,1.5840793816402023
AA,TH,11,0.6363636363636364,0.2414840909090909,11.835645454545455,1.5813042316832728
AT,IQ,11,0.6363636363636364,0.219562,11.61829090909091,1.5813042316832728
CA,GM,11,0.6363636363636364,0.08988590909090909,13.754990909090909,1.5813042316832728
GC,MP,11,0.6363636363636364,0.18815054545454546,11.833836363636363,1.5813042316832728
TT,TM,11,0.6363636363636364,0.14423181818181818,12.633436363636365,1.5813042316832728
TT,YR,11,0.6363636363636364,0.2520917272727273,12.407590909090908,1.5813042316832728
AC,KG,53,0.39622641509433965,0.223017679245283,15.593035849056603,1.580540848638675
GG,RS,53,0.39622641509433965,0.16147709433962265,16.281220754716983,1.580540848638675
TG,LK,118,0.3305084745762712,0.10682518644067797,17.592201694915257,1.5795408155199124
GT,AV,40,0.425,0.10077752499999999,16.352520000000002,1.578268128349331
AA,EL,81,0.35802469135802467,0.04003725925925926,18.350354320987655,1.577714298403251
CC,FA,81,0.35802469135802467,0.0554710987654321,17.074193827160496,1.577714298403251
GC,MD,19,0.5263157894736842,0.28590068421052633,13.946921052631577,1.5767011966073636
TA,MR,19,0.5263157894736842,0.13690594736842104,15.53234210526316,1.5767011966073636
TT,RF,19,0.5263157894736842,0.17185073684210525,13.012168421052632,1.5767011966073636
GG,PF,182,0.3021978021978022,0.053535851648351646,19.312144505494505,1.5742952659685614
AG,YA,37,0.43243243243243246,0.05691272972972972,17.332313513513515,1.5730102312330316
GG,RF,37,0.43243243243243246,0.09817994594594595,16.110789189189187,1.5730102312330316
GT,LM,37,0.43243243243243246,0.07307283783783784,15.60468108108108,1.5730102312330316
TA,AA,37,0.43243243243243246,0.1925452162162162,14.615745945945946,1.5730102312330316
GG,FV,100,0.34,0.0428218,19.32415,1.5691409757260284
GC,KR,34,0.4411764705882353,0.10399273529411765,16.518114705882354,1.5685359094806235
GT,NN,34,0.4411764705882353,0.0916650588235294,15.21458823529412,1.5685359094806235
AC,KE,78,0.358974358974359,0.09598916666666667,16.897916666666667,1.5685197419112384
CA,ER,22,0.5,0.08853827272727273,15.825936363636362,1.5677471079645748
CT,RY,22,0.5,0.22973854545454547,14.86045909090909,1.5677471079645748
CA,KL,89,0.34831460674157305,0.06713083146067415,16.652357303370785,1.5673494357330138
AC,IK,57,0.38596491228070173,0.16657705263157896,15.71850350877193,1.567188530386337
TG,LA,64,0.375,0.0815813125,16.7512875,1.565395226210864
CA,IA,31,0.45161290322580644,0.09618525806451612,15.631516129032258,1.5651710528772957
CT,KS,31,0.45161290322580644,0.1072443870967742,16.088877419354837,1.5651710528772957
GA,VP,31,0.45161290322580644,0.14057616129032258,15.984003225806452,1.5651710528772957
GA,WR,31,0.45161290322580644,0.18890922580645161,16.10921935483871,1.5651710528772957
GC,ER,31,0.45161290322580644,0.1862752580645161,14.598799999999999,1.5651710528772957
GC,TD,31,0.45161290322580644,0.17549216129032258,15.431606451612902,1.5651710528772957
CA,SF,47,0.40425531914893614,0.10118474468085108,15.852029787234041,1.5649536001542537
GC,SV,47,0.40425531914893614,0.08336463829787234,16.916148936170213,1.5649536001542537
AA,IR,25,0.48,0.10575296,14.919984,1.5638863382503114
AC,DD,25,0.48,0.05283612,16.2101,1.5638863382503114
CG,LD,25,0.48,0.07304412,17.640884,1.5638863382503114
TC,GV,25,0.48,0.10822148000000001,16.822916,1.5638863382503114
TT,EE,25,0.48,0.12703792,14.649072,1.5638863382503114
AA,QM,28,0.4642857142857143,0.04526578571428571,16.572889285714286,1.5633873496365773
GA,EQ,28,0.4642857142857143,0.11524867857142858,16.588410714285715,1.5633873496365773
TG,QI,28,0.4642857142857143,0.11821710714285714,14.971664285714285,1.5633873496365773
GC,TE,112,0.33035714285714285,0.0724725357142857,17.982547321428573,1.5617263329674698
TT,KP,44,0.4090909090909091,0.1643756590909091,15.548777272727273,1.5572710185424037
AC,VQ,68,0.36764705882352944,0.048312779411764706,18.078241176470588,1.5566568031607573
CC,NL,61,0.3770491803278688,0.10412222950819672,16.578444262295083,1.5561326369842148
CG,TN,105,0.3333333333333333,0.05568881904761905,16.81966,1.5544796980373556
GT,KL,105,0.3333333333333333,0.04346188571428571,18.763421904761906,1.5544796980373556
GT,TA,72,0.3611111111111111,0.09892419444444445,17.104288888888888,1.5493325759702523
GC,PR,14,0.5714285714285714,0.23466414285714285,12.757707142857143,1.5474572577726913
TA,IP,14,0.5714285714285714,0.07342921428571428,14.28435,1.5474572577726913
TG,IN,14,0.5714285714285714,0.3524873571428571,11.768242857142857,1.5474572577726913
TG,QQ,14,0.5714285714285714,0.05354921428571429,17.232464285714286,1.5474572577726913
TT,YN,14,0.5714285714285714,0.17448278571428572,15.2456,1.5474572577726913
CT,WE,65,0.36923076923076925,0.12143013846153847,16.16412923076923,1.546949443209757
CC,VS,58,0.3793103448275862,0.10897881034482759,17.287037931034483,1.546652133895273
CG,IK,58,0.3793103448275862,0.08701706896551724,17.62771724137931,1.546652133895273
TG,GR,87,0.3448275862068966,0.09873302298850574,17.845066666666668,1.5439092463717956
AT,GK,38,0.42105263157894735,0.12159252631578946,15.401997368421052,1.542552272054588
CA,TS,38,0.42105263157894735,0.08287018421052632,16.56892105263158,1.542552272054588
TT,ID,38,0.42105263157894735,0.10166815789473684,17.37066052631579,1.542552272054588
TT,VV,38,0.42105263157894735,0.0874323947368421,15.430776315789474,1.542552272054588
GA,PA,48,0.3958333333333333,0.08419591666666666,17.26779375,1.5405122013354562
GA,TN,48,0.3958333333333333,0.117414,16.60260625,1.5405122013354562
GT,RE,48,0.3958333333333333,0.19328375,15.150102083333332,1.5405122013354562
CG,FR,55,0.38181818181818183,0.08748567272727273,17.383676363636365,1.536952463735239
TT,DL,55,0.38181818181818183,0.06084847272727273,17.36445090909091,1.536952463735239
AT,LK,35,0.42857142857142855,0.16059177142857142,15.982334285714286,1.5357938307669041
GT,YV,35,0.42857142857142855,0.1180433142857143,17.86850857142857,1.5357938307669041
AA,KH,9,0.6666666666666666,0.3437784444444445,11.009122222222222,1.5350567286626973
AA,PT,9,0.6666666666666666,0.12710055555555555,14.014255555555556,1.5350567286626973
AA,RN,9,0.6666666666666666,0.39744966666666665,8.785422222222223,1.5350567286626973
AA,SH,9,0.6666666666666666,0.24370622222222224,11.091788888888889,1.5350567286626973
AC,NC,9,0.6666666666666666,0.252653,12.404677777777778,1.5350567286626973
AG,MP,9,0.6666666666666666,0.2044277777777778,12.547666666666666,1.5350567286626973
AT,EQ,9,0.6666666666666666,0.3674962222222222,9.59531111111111,1.5350567286626973
AT,GQ,9,0.6666666666666666,0.19214588888888887,11.520122222222222,1.5350567286626973
AT,GY,9,0.6666666666666666,0.18693844444444446,13.025688888888888,1.5350567286626973
AT,ND,9,0.6666666666666666,0.09793711111111111,12.384155555555557,1.5350567286626973
AT,YK,9,0.6666666666666666,0.11507088888888889,13.562800000000001,1.5350567286626973
AT,YT,9,0.6666666666666666,0.11934488888888889,13.593922222222222,1.5350567286626973
CA,PM,9,0.6666666666666666,0.12975722222222222,13.067211111111112,1.5350567286626973
CA,VM,9,0.6666666666666666,0.13164155555555557,13.551155555555555,1.5350567286626973
CT,HN,9,0.6666666666666666,0.07761888888888889,14.191944444444445,1.5350567286626973
CT,KM,9,0.6666666666666666,0.19877422222222224,12.261122222222221,1.5350567286626973
CT,WF,9,0.6666666666666666,0.1970858888888889,12.400377777777777,1.5350567286626973
GG,MI,9,0.6666666666666666,0.2786323333333333,11.445933333333334,1.5350567286626973
TA,KH,9,0.6666666666666666,0.19476044444444446,13.125177777777777,1.5350567286626973
TA,WF,9,0.6666666666666666,0.3019841111111111,9.67071111111111,1.5350567286626973
TC,FD,9,0.6666666666666666,0.13195566666666667,12.563288888888888,1.5350567286626973
TC,KW,9,0.6666666666666666,0.17253744444444444,12.428400000000002,1.5350567286626973
TG,FC,9,0.6666666666666666,0.28601899999999997,12.4921,1.5350567286626973
TG,MQ,9,0.6666666666666666,0.09989566666666666,14.104066666666666,1.5350567286626973
TT,CV,9,0.6666666666666666,0.082825,14.4748,1.5350567286626973
CG,VQ,84,0.34523809523809523,0.05089215476190476,17.373395238095238,1.5337724575978473
CC,KS,103,0.3300970873786408,0.06720110679611652,18.190724271844662,1.5330999084544337
GC,VK,73,0.3561643835616438,0.08063139726027396,18.196705479452056,1.5329546907302523
TC,LK,73,0.3561643835616438,0.08470509589041096,17.97907808219178,1.5329546907302523
CG,AL,88,0.3409090909090909,0.04793628409090909,17.776434090909092,1.5302169442268656
AC,IN,17,0.5294117647058824,0.09394041176470588,15.211964705882353,1.530196813003852
AC,TH,17,0.5294117647058824,0.08679329411764707,15.264147058823529,1.530196813003852
AT,IA,17,0.5294117647058824,0.1740110588235294,12.974670588235295,1.530196813003852
AT,MK,17,0.5294117647058824,0.1788645882352941,13.489970588235295,1.530196813003852
AT,SL,17,0.5294117647058824,0.21906552941176471,13.295564705882352,1.530196813003852
CA,MS,17,0.5294117647058824,0.1184264705882353,14.572582352941177,1.530196813003852
CC,QR,17,0.5294117647058824,0.26178211764705883,13.27395294117647,1.530196813003852
CT,AN,17,0.5294117647058824,0.16990035294117647,14.722776470588235,1.530196813003852
GA,GE,17,0.5294117647058824,0.13692770588235292,15.501129411764706,1.530196813003852
TA,AT,17,0.5294117647058824,0.09430764705882352,14.482476470588235,1.530196813003852
TA,AV,17,0.5294117647058824,0.11110429411764706,16.023805882352942,1.530196813003852
TC,GG,17,0.5294117647058824,0.21459764705882353,14.202117647058824,1.530196813003852
AA,EG,32,0.4375,0.10943928124999999,15.936703125,1.5297220581415851
CC,GR,32,0.4375,0.08265371875000001,16.599665625,1.5297220581415851
GT,YK,32,0.4375,0.08820928125,18.318521875000002,1.5297220581415851
TC,AA,32,0.4375,0.08796346875,17.593046875,1.5297220581415851
TG,PA,32,0.4375,0.11396675,15.894390625,1.5297220581415851
CC,VF,77,0.35064935064935066,0.059773935064935065,17.103372727272728,1.5276771210469997
AG,QA,59,0.3728813559322034,0.10642937288135594,17.15422372881356,1.5267047520150205
CG,SI,59,0.3728813559322034,0.03986803389830509,18.340120338983052,1.5267047520150205
AT,AI,29,0.4482758620689655,0.16201844827586206,16.179737931034484,1.5246746883313111
TG,RF,29,0.4482758620689655,0.0874844827586207,16.405310344827587,1.5246746883313111
GT,DA,81,0.345679012345679,0.0655725061728395,17.691367901234567,1.523310357079001
AC,TF,42,0.40476190476190477,0.0915717619047619,16.34790238095238,1.5223905230188228
AA,IW,20,0.5,0.12754515,14.78571,1.5222612188617115
AA,MT,20,0.5,0.04486035,17.46977,1.5222612188617115
AT,SG,20,0.5,0.13035449999999998,15.803970000000001,1.5222612188617115
GA,YF,20,0.5,0.20593509999999998,15.077639999999999,1.5222612188617115
GT,FD,20,0.5,0.18675025,13.155935,1.5222612188617115
TA,AK,20,0.5,0.11473629999999999,16.77782,1.5222612188617115
TC,FS,20,0.5,0.0734663,16.113145,1.5222612188617115
TC,SP,20,0.5,0.1891187,14.847389999999999,1.5222612188617115
AA,FQ,26,0.46153846153846156,0.14419319230769231,15.071996153846154,1.5211554766173827
AG,DR,26,0.46153846153846156,0.16949719230769228,15.308069230769231,1.5211554766173827
AT,VF,23,0.4782608695652174,0.28861452173913044,14.334399999999999,1.5199387884272784
AT,VP,23,0.4782608695652174,0.12092382608695652,15.605326086956522,1.5199387884272784
GT,KM,23,0.4782608695652174,0.080881,16.174865217391304,1.5199387884272784
GT,LK,120,0.31666666666666665,0.06423940833333333,18.081344166666668,1.5186670061056347
AC,VL,49,0.3877551020408163,0.06936791836734693,16.389357142857143,1.5169068796558116
AG,QL,39,0.41025641025641024,0.052535051282051284,16.701179487179488,1.5133864427134096
CA,YL,39,0.41025641025641024,0.1752516923076923,15.806876923076924,1.5133864427134096
TG,AK,39,0.41025641025641024,0.1409242564102564,15.962923076923076,1.5133864427134096
TG,DR,39,0.41025641025641024,0.1357218717948718,16.700602564102564,1.5133864427134096
TT,PK,39,0.41025641025641024,0.16662253846153846,15.62993076923077,1.5133864427134096
CC,FV,113,0.3185840707964602,0.09466663716814158,17.69809203539823,1.5088773817893968
CC,DA,60,0.36666666666666664,0.0392058,18.686388333333333,1.5073204168635475
TG,AV,60,0.36666666666666664,0.08162498333333333,17.92057833333333,1.5073204168635475
AG,VE,36,0.4166666666666667,0.11954936111111111,16.164272222222223,1.5045491302684268
GT,KR,36,0.4166666666666667,0.12739358333333334,16.949819444444444,1.5045491302684268
GT,SN,36,0.4166666666666667,0.08141891666666666,17.66860833333333,1.5045491302684268
CT,LP,75,0.3466666666666667,0.04599130666666667,18.854114666666668,1.5013208912992615
TG,DS,75,0.3466666666666667,0.06943521333333333,18.013732,1.5013208912992615
GT,LV,110,0.3181818181818182,0.08795839090909091,18.31677,1.4984868822357427
AA,QT,12,0.5833333333333334,0.09205,13.221341666666667,1.4962204585192298
AC,HG,12,0.5833333333333334,0.15185691666666667,14.369425,1.4962204585192298
AC,QF,12,0.5833333333333334,0.08878866666666667,14.908791666666668,1.4962204585192298
AT,MR,12,0.5833333333333334,0.33744691666666665,12.888341666666667,1.4962204585192298
CA,WR,12,0.5833333333333334,0.20127941666666668,14.336733333333333,1.4962204585192298
CC,MF,12,0.5833333333333334,0.168096,14.030166666666666,1.4962204585192298
CT,DN,12,0.5833333333333334,0.24818616666666668,13.541508333333333,1.4962204585192298
GA,CA,12,0.5833333333333334,0.07157425,16.386066666666668,1.4962204585192298
GC,HL,12,0.5833333333333334,0.14651341666666665,13.395708333333333,1.4962204585192298
GG,HD,12,0.5833333333333334,0.15447058333333333,12.564608333333332,1.4962204585192298
GG,MN,12,0.5833333333333334,0.054265833333333326,15.435858333333334,1.4962204585192298
GT,HG,12,0.5833333333333334,0.17874208333333333,14.748708333333333,1.4962204585192298
TT,KM,12,0.5833333333333334,0.15662925,13.107958333333334,1.4962204585192298
AG,AG,33,0.42424242424242425,0.13548069696969695,16.06712121212121,1.4960317377159473
GT,AK,33,0.42424242424242425,0.11572539393939395,16.622172727272726,1.4960317377159473
GT,PI,33,0.42424242424242425,0.13692609090909091,17.188536363636366,1.4960317377159473
TA,KE,33,0.42424242424242425,0.11791166666666668,16.377351515151513,1.4960317377159473
TG,FT,57,0.3684210526315789,0.11558250877192983,17.363471929824563,1.495952688096049
CC,DL,147,0.29931972789115646,0.03272434693877551,17.830378231292517,1.495764217997422
GA,KG,50,0.38,0.08996282000000001,17.481992,1.494093740435244
GG,YQ,190,0.28421052631578947,0.04589233684210526,18.951633157894737,1.4927513953395686
GA,SV,72,0.3472222222222222,0.09202984722222222,17.436215277777777,1.489742861509858
GT,KT,61,0.36065573770491804,0.07263157377049181,17.60294918032787,1.488474696245771
AG,GM,30,0.43333333333333335,0.12575283333333334,15.104253333333334,1.4880611219435633
AG,IG,30,0.43333333333333335,0.10971913333333333,16.155586666666668,1.4880611219435633
AG,SQ,30,0.43333333333333335,0.09447603333333333,15.63665,1.4880611219435633
CG,QS,30,0.43333333333333335,0.12757896666666665,16.290913333333332,1.4880611219435633
GA,LY,30,0.43333333333333335,0.13429753333333333,16.91793,1.4880611219435633
GG,EC,30,0.43333333333333335,0.0671917,16.60363,1.4880611219435633
GT,LY,30,0.43333333333333335,0.10712206666666665,16.21731,1.4880611219435633
TA,DI,30,0.43333333333333335,0.10245166666666666,16.313956666666666,1.4880611219435633
TA,IY,30,0.43333333333333335,0.12153176666666667,16.710923333333334,1.4880611219435633
TC,LA,30,0.43333333333333335,0.09607926666666668,16.205186666666666,1.4880611219435633
TC,TA,30,0.43333333333333335,0.09890550000000001,15.783213333333332,1.4880611219435633
TT,EY,30,0.43333333333333335,0.03816906666666667,16.693550000000002,1.4880611219435633
TG,LD,40,0.4,0.075302225,16.622072499999998,1.4854288266817233
TG,LS,40,0.4,0.0915897,17.8283675,1.4854288266817233
TT,VS,40,0.4,0.067007025,16.7418275,1.4854288266817233
AA,FC,7,0.7142857142857143,0.15164042857142856,11.275599999999999,1.4853153869141684
AA,WF,7,0.7142857142857143,0.30198785714285714,9.5078,1.4853153869141684
AT,CL,7,0.7142857142857143,0.1282262857142857,12.834942857142858,1.4853153869141684
AT,MG,7,0.7142857142857143,0.09249157142857142,13.200485714285715,1.4853153869141684
AT,PT,7,0.7142857142857143,0.32365285714285713,11.263314285714285,1.4853153869141684
AT,QD,7,0.7142857142857143,0.18737800000000002,13.139242857142857,1.4853153869141684
AT,VY,7,0.7142857142857143,0.2797315714285714,11.346542857142856,1.4853153869141684
CG,HG,7,0.7142857142857143,0.1892674285714286,12.467214285714286,1.4853153869141684
CT,TH,7,0.7142857142857143,0.08421914285714285,12.7401,1.4853153869141684
GA,CI,7,0.7142857142857143,0.13362657142857143,12.867842857142858,1.4853153869141684
GA,QF,7,0.7142857142857143,0.2806407142857143,10.065542857142857,1.4853153869141684
GC,ME,7,0.7142857142857143,0.09058599999999999,13.613299999999999,1.4853153869141684
GT,WN,7,0.7142857142857143,0.244098,10.1074,1.4853153869141684
TA,AM,7,0.7142857142857143,0.290514,9.467771428571428,1.4853153869141684
TA,ME,7,0.7142857142857143,0.060912,15.542985714285715,1.4853153869141684
TA,MF,7,0.7142857142857143,0.19234414285714285,11.3755,1.4853153869141684
TA,WE,7,0.7142857142857143,0.1925367142857143,12.419485714285715,1.4853153869141684
TT,FH,7,0.7142857142857143,0.37377071428571423,8.944414285714286,1.4853153869141684
CT,KD,54,0.37037037037037035,0.08630738888888889,18.064144444444445,1.4841974760120262
AC,PS,47,0.3829787234042553,0.12676202127659575,17.3784914893617,1.4825876211987667
AC,YQ,47,0.3829787234042553,0.13998378723404256,16.10471063829787,1.4825876211987667
GG,GF,47,0.3829787234042553,0.10641065957446807,17.83513191489362,1.4825876211987667
CA,EV,65,0.35384615384615387,0.1245871076923077,18.269586153846152,1.4824932164093505
AC,AF,27,0.4444444444444444,0.16756555555555555,14.725662962962963,1.4809797823000905
AG,QW,27,0.4444444444444444,0.15025837037037035,13.845374074074074,1.4809797823000905
CT,SA,27,0.4444444444444444,0.06145092592592593,15.517022222222224,1.4809797823000905
GG,FN,27,0.4444444444444444,0.09456685185185185,17.061862962962962,1.4809797823000905
GG,TF,27,0.4444444444444444,0.11733044444444445,16.219866666666665,1.4809797823000905
GT,FG,27,0.4444444444444444,0.14844833333333335,15.421574074074075,1.4809797823000905
TT,DS,84,0.3333333333333333,0.1354417380952381,16.446694047619047,1.4808837521634388
GG,PP,88,0.32954545454545453,0.03346155681818182,19.930747727272728,1.479209712752637
AA,YK,15,0.5333333333333333,0.13522726666666665,14.936253333333333,1.4787139851945499
AC,CK,15,0.5333333333333333,0.19662220000000002,15.132306666666667,1.4787139851945499
AG,QE,15,0.5333333333333333,0.08436013333333332,16.451033333333335,1.4787139851945499
AT,LP,15,0.5333333333333333,0.08595213333333333,15.546753333333333,1.4787139851945499
AT,VR,15,0.5333333333333333,0.12102813333333334,15.478113333333335,1.4787139851945499
CA,AG,15,0.5333333333333333,0.21518166666666666,13.480646666666667,1.4787139851945499
CA,NH,15,0.5333333333333333,0.15517513333333335,14.015966666666666,1.4787139851945499
CA,PR,15,0.5333333333333333,0.1356248,14.122753333333332,1.4787139851945499
CA,QF,15,0.5333333333333333,0.08747646666666667,16.144013333333334,1.4787139851945499
CC,PN,15,0.5333333333333333,0.10478420000000001,15.18818,1.4787139851945499
CT,IW,15,0.5333333333333333,0.13299553333333333,12.90158,1.4787139851945499
GA,RY,15,0.5333333333333333,0.1997124,12.629439999999999,1.4787139851945499
GC,YG,15,0.5333333333333333,0.29351853333333333,13.087246666666665,1.4787139851945499
TG,FQ,15,0.5333333333333333,0.20653439999999998,14.29858,1.4787139851945499
TT,DP,15,0.5333333333333333,0.13203086666666666,14.373933333333333,1.4787139851945499
CC,VL,141,0.2978723404255319,0.03980291489361702,17.847402127659574,1.4762038043918648
AA,RD,24,0.4583333333333333,0.199964375,15.1760125,1.4753180863979252
AG,DN,24,0.4583333333333333,0.152444125,15.583408333333333,1.4753180863979252
AG,HV,24,0.4583333333333333,0.13363066666666668,14.543783333333332,1.4753180863979252
AG,WR,24,0.4583333333333333,0.180358375,14.941870833333333,1.4753180863979252
AG,YR,24,0.4583333333333333,0.19376087499999997,15.852558333333333,1.4753180863979252
AT,PE,24,0.4583333333333333,0.13847675,15.513575000000001,1.4753180863979252
CC,ER,24,0.4583333333333333,0.09887383333333334,16.029366666666665,1.4753180863979252
CG,ER,24,0.4583333333333333,0.10477979166666666,15.312741666666668,1.4753180863979252
CG,HP,24,0.4583333333333333,0.06257658333333334,16.943170833333333,1.4753180863979252
GC,AF,24,0.4583333333333333,0.18083120833333333,14.556954166666666,1.4753180863979252
TA,TN,24,0.4583333333333333,0.14241420833333332,15.034241666666667,1.4753180863979252
AA,DF,37,0.40540540540540543,0.07524991891891893,17.078964864864865,1.4746970917809672
CA,VA,37,0.40540540540540543,0.11411824324324325,16.18667027027027,1.4746970917809672
CG,VS,37,0.40540540540540543,0.09144067567567568,16.6539972972973,1.4746970917809672
AT,FS,18,0.5,0.10351411111111111,15.133827777777778,1.4722194895832201
CA,FN,18,0.5,0.27682761111111115,14.039072222222222,1.4722194895832201
CC,VM,18,0.5,0.0908058888888889,15.709544444444443,1.4722194895832201
GA,MP,18,0.5,0.11813405555555555,16.72366111111111,1.4722194895832201
GC,YD,18,0.5,0.08751905555555556,15.728766666666665,1.4722194895832201
TA,EP,18,0.5,0.12049472222222223,17.075855555555556,1.4722194895832201
TA,LY,18,0.5,0.16662699999999997,14.763283333333334,1.4722194895832201
TA,PS,18,0.5,0.09153177777777778,15.972344444444445,1.4722194895832201
TT,SA,18,0.5,0.13983622222222222,14.228466666666666,1.4722194895832201
CA,KK,51,0.37254901960784315,0.06378864705882353,17.189301960784313,1.4720319735891594
GA,DG,51,0.37254901960784315,0.14491539215686275,16.359882352941177,1.4720319735891594
GA,SR,51,0.37254901960784315,0.09566649019607844,17.23269607843137,1.4720319735891594
AA,DT,21,0.47619047619047616,0.04617628571428571,17.4745,1.4719249777896741
AT,EE,21,0.47619047619047616,0.09950404761904762,15.16002857142857,1.4719249777896741
AT,EG,21,0.47619047619047616,0.12314161904761904,15.055804761904762,1.4719249777896741
AT,FD,21,0.47619047619047616,0.13146090476190478,15.49827619047619,1.4719249777896741
AT,IL,21,0.47619047619047616,0.10897023809523809,16.72563333333333,1.4719249777896741
CT,AF,21,0.47619047619047616,0.11136719047619048,15.6662,1.4719249777896741
GA,KW,21,0.47619047619047616,0.13067809523809523,17.005580952380953,1.4719249777896741
GC,LY,21,0.47619047619047616,0.13145209523809523,15.140428571428572,1.4719249777896741
GT,CR,21,0.47619047619047616,0.26315276190476194,15.894933333333334,1.4719249777896741
TA,DG,21,0.47619047619047616,0.1355927142857143,15.511504761904762,1.4719249777896741
TG,TH,21,0.47619047619047616,0.15564523809523811,15.968390476190477,1.4719249777896741
CG,KG,44,0.38636363636363635,0.12695061363636365,16.34526818181818,1.4707559619567143
GC,DL,44,0.38636363636363635,0.0903273409090909,17.406947727272726,1.4707559619567143
GC,PE,44,0.38636363636363635,0.06596756818181819,17.846763636363637,1.4707559619567143
TG,LN,62,0.3548387096774194,0.1358826612903226,17.009017741935484,1.4701445803324793
GA,EL,101,0.31683168316831684,0.03750129702970297,18.501276237623763,1.465337921040561
AA,VE,34,0.4117647058823529,0.10798691176470589,16.039385294117647,1.463966848848582
AG,LY,34,0.4117647058823529,0.15200764705882353,15.732597058823528,1.463966848848582
TG,GW,34,0.4117647058823529,0.10834188235294118,16.6239,1.463966848848582
TG,YT,34,0.4117647058823529,0.09608573529411765,16.966588235294118,1.463966848848582
GG,KP,147,0.2925170068027211,0.08322510884353741,17.979173469387757,1.4617695766792989
CC,WQ,70,0.34285714285714286,0.08269427142857143,17.50522142857143,1.4614902435570225
AG,SA,41,0.3902439024390244,0.07173897560975609,17.43539756097561,1.4586027778666804
AG,VS,41,0.3902439024390244,0.10834270731707317,16.563387804878047,1.4586027778666804
TA,VQ,41,0.3902439024390244,0.0852769268292683,15.727151219512196,1.4586027778666804
GG,NR,59,0.3559322033898305,0.112867406779661,16.863033898305083,1.4573090814688832
GC,KI,82,0.32926829268292684,0.08095889024390243,18.369640243902438,1.4549841025671726
AA,AG,31,0.41935483870967744,0.1741311935483871,16.585890322580646,1.4533731205289175
CA,KD,31,0.41935483870967744,0.04986287096774194,17.741890322580645,1.4533731205289175
CC,RI,31,0.41935483870967744,0.13505364516129034,16.260470967741938,1.4533731205289175
TC,IL,31,0.41935483870967744,0.0775493870967742,17.033074193548387,1.4533731205289175
TC,NK,31,0.41935483870967744,0.21359025806451612,15.11198064516129,1.4533731205289175
GA,AL,94,0.3191489361702128,0.056311202127659575,18.108064893617023,1.453364965404428
CC,WW,63,0.3492063492063492,0.03364807936507937,17.976950793650794,1.4523083783160757
TG,YV,63,0.3492063492063492,0.09073655555555556,17.720693650793653,1.4523083783160757
CC,VV,52,0.36538461538461536,0.0720739423076923,18.43853076923077,1.4506835837978906
CG,AT,52,0.36538461538461536,0.04073648076923077,18.437315384615385,1.4506835837978906
AA,RL,45,0.37777777777777777,0.17218877777777777,15.585788888888889,1.4463756386736581
CA,IY,45,0.37777777777777777,0.12237573333333333,16.41675777777778,1.4463756386736581
TC,GK,45,0.37777777777777777,0.12868384444444445,17.340702222222223,1.4463756386736581
AA,TL,38,0.39473684210526316,0.1195757894736842,16.560581578947367,1.4461427550511763
AG,RA,38,0.39473684210526316,0.08490026315789474,16.85286842105263,1.4461427550511763
GA,EA,38,0.39473684210526316,0.0646095,17.98486052631579,1.4461427550511763
GC,WV,38,0.39473684210526316,0.044660789473684216,18.368781578947367,1.4461427550511763
GG,SN,38,0.39473684210526316,0.06731026315789473,17.383334210526314,1.4461427550511763
TG,TS,38,0.39473684210526316,0.07564765789473685,16.835747368421053,1.4461427550511763
GT,IQ,56,0.35714285714285715,0.07408191071428571,18.608992857142855,1.4439468813694822
AG,YV,28,0.42857142857142855,0.11884185714285714,15.815228571428571,1.4431267842799174
AT,DF,28,0.42857142857142855,0.22016017857142858,14.181510714285716,1.4431267842799174
CC,AN,28,0.42857142857142855,0.12657642857142856,15.813807142857144,1.4431267842799174
CG,HL,28,0.42857142857142855,0.06230871428571429,18.14877142857143,1.4431267842799174
GA,GW,28,0.42857142857142855,0.15766485714285713,14.990232142857142,1.4431267842799174
CC,II,79,0.3291139240506329,0.07316265822784809,18.556165822784813,1.4421859810319102
CC,EW,83,0.3253012048192771,0.03363731325301205,18.308724096385543,1.4413500429972224
GT,SG,83,0.3253012048192771,0.06353571084337349,18.106689156626505,1.4413500429972224
GT,VK,60,0.35,0.1027176,17.256261666666667,1.4388058524606588
AG,AM,10,0.6,0.1355326,13.60097,1.4387371636790223
AT,PS,10,0.6,0.069351,16.363819999999997,1.4387371636790223
AT,YF,10,0.6,0.2921361,10.84942,1.4387371636790223
CA,MV,10,0.6,0.1915447,14.070070000000001,1.4387371636790223
CC,WL,10,0.6,0.1946042,13.57741,1.4387371636790223
GT,CV,10,0.6,0.0832661,15.41224,1.4387371636790223
TG,QN,10,0.6,0.18833930000000002,13.18546,1.4387371636790223
TT,IF,10,0.6,0.2873929,11.913810000000002,1.4387371636790223
AG,DY,25,0.44,0.07937332,16.734312,1.4335624767294521
AT,AT,25,0.44,0.1043952,16.0184,1.4335624767294521
CA,DN,25,0.44,0.17277936,15.148528,1.4335624767294521
GA,AD,25,0.44,0.0704002,17.539748,1.4335624767294521
GA,NF,25,0.44,0.1169426,15.20006,1.4335624767294521
GC,DR,25,0.44,0.13722564,17.46236,1.4335624767294521
AC,GV,35,0.4,0.11161785714285714,16.821434285714286,1.433407575382444
AG,AK,35,0.4,0.09848985714285714,16.281177142857143,1.433407575382444
GA,LH,35,0.4,0.07942445714285715,16.22387714285714,1.433407575382444
TC,VD,35,0.4,0.1343892857142857,17.284568571428572,1.433407575382444
AA,DH,5,0.8,0.3561232,9.2115,1.433407575382444
AC,FH,5,0.8,0.25501120000000005,11.002979999999999,1.433407575382444
AG,WH,5,0.8,0.20855040000000002,9.677539999999999,1.433407575382444
AT,PM,5,0.8,0.1708474,12.51482,1.433407575382444
CA,HN,5,0.8,0.3079002,9.33022,1.433407575382444
CG,NC,5,0.8,0.3564492,10.77592,1.433407575382444
GT,PC,5,0.8,0.1686788,12.200479999999999,1.433407575382444
TG,WL,5,0.8,0.1611342,11.37664,1.433407575382444
TT,CY,5,0.8,0.1147882,13.29538,1.433407575382444
TT,PC,5,0.8,0.1686788,11.362379999999998,1.433407575382444
AG,LQ,42,0.38095238095238093,0.10073040476190476,17.707440476190477,1.4328381393118332
TT,KR,42,0.38095238095238093,0.14230130952380954,16.937661904761903,1.4328381393118332
GG,AH,68,0.3382352941176471,0.03403995588235294,18.692485294117645,1.4321242589078966
GA,LT,72,0.3333333333333333,0.09734766666666667,17.98534861111111,1.4301531470494635
GC,ET,96,0.3125,0.07410358333333333,18.330492708333335,1.4295971807823071
AC,YG,22,0.45454545454545453,0.16790536363636363,15.38505,1.425224643604159
AT,SK,22,0.45454545454545453,0.17998872727272727,14.649868181818182,1.425224643604159
CT,FT,22,0.45454545454545453,0.1031405909090909,15.660954545454546,1.425224643604159
TG,NP,22,0.45454545454545453,0.12161490909090909,16.14416818181818,1.425224643604159
TT,NF,22,0.45454545454545453,0.07683854545454545,17.73635,1.425224643604159
GT,SL,109,0.30275229357798167,0.07028211009174312,18.978411009174312,1.4230812116619245
GC,TI,46,0.3695652173913043,0.11106784782608696,17.15145,1.4228806354145866
AA,CR,13,0.5384615384615384,0.20680676923076924,13.437615384615384,1.4210308697928313
AC,CR,13,0.5384615384615384,0.1839833846153846,14.779915384615386,1.4210308697928313
AG,VY,13,0.5384615384615384,0.31562300000000004,13.441515384615384,1.4210308697928313
AT,GE,13,0.5384615384615384,0.20462476923076922,13.57123076923077,1.4210308697928313
AT,LQ,13,0.5384615384615384,0.06538676923076923,15.554446153846154,1.4210308697928313
AT,QY,13,0.5384615384615384,0.06392676923076923,14.843430769230768,1.4210308697928313
CA,FC,13,0.5384615384615384,0.08625553846153845,17.041307692307694,1.4210308697928313
CC,YG,13,0.5384615384615384,0.059264,16.936207692307693,1.4210308697928313
CG,MS,13,0.5384615384615384,0.14835346153846155,14.290161538461538,1.4210308697928313
GA,FC,13,0.5384615384615384,0.07364953846153846,15.577461538461538,1.4210308697928313
GC,FI,13,0.5384615384615384,0.096549,14.8807,1.4210308697928313
GC,ML,13,0.5384615384615384,0.10625315384615384,15.693353846153846,1.4210308697928313
GG,FI,13,0.5384615384615384,0.21831592307692307,13.54086153846154,1.4210308697928313
TA,ST,13,0.5384615384615384,0.22023884615384615,13.963053846153846,1.4210308697928313
TG,YG,13,0.5384615384615384,0.12738292307692306,15.878346153846154,1.4210308697928313
TT,ST,13,0.5384615384615384,0.13451507692307693,15.89493846153846,1.4210308697928313
AG,YI,32,0.40625,0.08572646875,17.482196875,1.4204561968457576
CA,YY,32,0.40625,0.2592821875,14.510887499999999,1.4204561968457576
CC,SA,32,0.40625,0.0683016875,16.441540625,1.4204561968457576
GA,GT,32,0.40625,0.13577184375,16.430621875,1.4204561968457576
GC,FS,32,0.40625,0.05586315625,17.509834375,1.4204561968457576
AC,TC,19,0.47368421052631576,0.21348615789473685,14.186615789473684,1.4190310769466272
AG,NI,19,0.47368421052631576,0.07548852631578948,17.09035263157895,1.4190310769466272
CA,RT,19,0.47368421052631576,0.17645094736842107,15.996605263157894,1.4190310769466272
CT,RP,19,0.47368421052631576,0.1493198947368421,15.030510526315789,1.4190310769466272
CT,TI,19,0.47368421052631576,0.14103457894736843,16.16831052631579,1.4190310769466272
GG,MA,19,0.47368421052631576,0.07480447368421052,17.213436842105263,1.4190310769466272
TC,YN,19,0.47368421052631576,0.06543857894736842,17.494,1.4190310769466272
GT,GY,39,0.38461538461538464,0.07035802564102564,18.99431282051282,1.4187997900438216
GG,TP,198,0.2676767676767677,0.035078232323232324,19.300205555555557,1.4168947258100915
AA,EF,16,0.5,0.1227184375,13.6814375,1.416606672028108
AT,AG,16,0.5,0.1413876875,15.15448125,1.416606672028108
CA,CL,16,0.5,0.143531625,15.88571875,1.416606672028108
CA,IN,16,0.5,0.1471136875,15.143525,1.416606672028108
CT,EM,16,0.5,0.152909125,16.01249375,1.416606672028108
GA,ML,16,0.5,0.0559250625,16.030825,1.416606672028108
GA,SM,16,0.5,0.0991326875,17.5371875,1.416606672028108
GG,FH,16,0.5,0.0701034375,15.3429375,1.416606672028108
GT,DQ,16,0.5,0.1827965,14.011825,1.416606672028108
TC,GW,16,0.5,0.285927625,15.615025,1.416606672028108
TC,RF,16,0.5,0.2101925625,13.792375,1.416606672028108
AG,SV,69,0.3333333333333333,0.08362630434782609,17.97170144927536,1.4161650806831196
GC,EK,69,0.3333333333333333,0.10368488405797102,18.604533333333332,1.4161650806831196
TG,QG,89,0.3146067415730337,0.07051085393258427,19.024566292134832,1.4156704580814317
CG,SR,50,0.36,0.15597892,16.414646,1.415457227780757
CA,QG,73,0.3287671232876712,0.05761082191780822,17.203686301369864,1.4150350991356175
TG,VK,85,0.3176470588235294,0.1133021411764706,17.748596470588236,1.414910317633467
GA,FT,43,0.37209302325581395,0.12614799999999998,16.463481395348836,1.4080705614579576
GT,ES,43,0.37209302325581395,0.04052867441860465,18.792002325581397,1.4080705614579576
TG,ST,43,0.37209302325581395,0.043406139534883724,17.28601627906977,1.4080705614579576
AG,WI,29,0.41379310344827586,0.09182868965517242,17.67362068965517,1.4073920199981333
AT,TP,29,0.41379310344827586,0.10910079310344828,16.267572413793104,1.4073920199981333
GA,HS,29,0.41379310344827586,0.14432172413793104,15.579189655172414,1.4073920199981333
AC,WG,36,0.3888888888888889,0.047037583333333334,18.083358333333333,1.4042458549171983
CA,VL,36,0.3888888888888889,0.09036780555555556,17.215575,1.4042458549171983
TC,QG,36,0.3888888888888889,0.1168188611111111,17.422347222222225,1.4042458549171983
TG,LI,90,0.3111111111111111,0.03968265555555555,18.50962777777778,1.4033785131385754
GT,GS,86,0.313953488372093,0.07171253488372092,18.54428953488372,1.4020874326008577
TG,NL,86,0.313953488372093,0.10655818604651163,17.479909302325584,1.4020874326008577
CC,YW,78,0.32051282051282054,0.07546264102564103,17.567082051282053,1.4004640552778915
CG,KT,78,0.32051282051282054,0.07935705128205128,17.92126923076923,1.4004640552778915
AA,NE,26,0.4230769230769231,0.17962292307692307,15.263030769230769,1.3943925202326009
CT,FR,26,0.4230769230769231,0.16398092307692308,15.272726923076924,1.3943925202326009
CT,LD,26,0.4230769230769231,0.09996292307692307,16.614015384615385,1.3943925202326009
CT,QS,26,0.4230769230769231,0.06589646153846154,16.715126923076923,1.3943925202326009
GA,RP,26,0.4230769230769231,0.23621507692307692,15.254403846153847,1.3943925202326009
TC,DK,26,0.4230769230769231,0.07701765384615385,16.21768846153846,1.3943925202326009
TA,EV,40,0.375,0.077614025,16.1956075,1.3925895250141154
CT,YS,33,0.3939393939393939,0.13809899999999997,16.236993939393937,1.389172327879094
AG,AS,59,0.3389830508474576,0.06994130508474576,17.004686440677965,1.3879134109227458
TG,KG,59,0.3389830508474576,0.08083240677966101,18.19867118644068,1.3879134109227458
AA,FH,3,1.0,0.18416966666666668,8.8136,1.3862943611198906
AT,AW,3,1.0,0.21364733333333333,8.473666666666666,1.3862943611198906
AT,CC,3,1.0,0.306683,7.621700000000001,1.3862943611198906
AT,WY,3,1.0,0.5902553333333334,5.728466666666667,1.3862943611198906
CA,HC,3,1.0,0.34600733333333333,6.290933333333332,1.3862943611198906
CA,SM,3,1.0,0.17534866666666668,9.138266666666667,1.3862943611198906
CA,YE,3,1.0,0.110718,10.859333333333334,1.3862943611198906
CG,CF,3,1.0,0.30588033333333337,8.913400000000001,1.3862943611198906
GC,KC,3,1.0,0.2957303333333333,8.420266666666667,1.3862943611198906
TC,CS,3,1.0,0.109261,10.862699999999998,1.3862943611198906
TC,HK,3,1.0,0.5215683333333333,5.2306333333333335,1.3862943611198906
TT,MY,3,1.0,0.241866,8.3291,1.3862943611198906
CC,FS,63,0.3333333333333333,0.052959396825396826,18.072709523809525,1.3862943611198904
GA,PL,63,0.3333333333333333,0.060848428571428574,18.645433333333333,1.3862943611198904
GT,DI,63,0.3333333333333333,0.05837096825396825,19.24425238095238,1.3862943611198904
GT,LN,44,0.36363636363636365,0.11624877272727273,17.290995454545456,1.3842409053710254
AA,YP,23,0.43478260869565216,0.0651017391304348,17.341921739130434,1.3817625349338893
AG,ET,23,0.43478260869565216,0.13307365217391304,16.39493043478261,1.3817625349338893
AT,VG,23,0.43478260869565216,0.09864752173913043,16.52250434782609,1.3817625349338893
CA,LY,23,0.43478260869565216,0.15619395652173915,16.16037391304348,1.3817625349338893
CG,DR,23,0.43478260869565216,0.10715456521739129,17.247152173913044,1.3817625349338893
CT,IR,23,0.43478260869565216,0.07799973913043479,16.651091304347826,1.3817625349338893
GA,PP,23,0.43478260869565216,0.0475104347826087,17.70518260869565,1.3817625349338893
TA,PY,23,0.43478260869565216,0.12235413043478262,14.338473913043478,1.3817625349338893
GC,GS,48,0.3541666666666667,0.10298962500000002,17.650802083333335,1.3783530222475135
CC,TN,105,0.29523809523809524,0.08649754285714287,18.256582857142856,1.376824875404515
GA,QG,84,0.30952380952380953,0.1258729523809524,16.395207142857142,1.3751063412946218
CA,PK,30,0.4,0.10138163333333333,15.896713333333333,1.3735948817940586
TC,IS,30,0.4,0.08845940000000001,17.90604,1.3735948817940586
TG,FE,30,0.4,0.11674663333333334,15.58764,1.3735948817940586
TG,PE,30,0.4,0.05834006666666667,17.24332,1.3735948817940586
GG,LQ,80,0.3125,0.049021075000000004,17.497936250000002,1.3732653608351373
AG,WS,8,0.625,0.29271675,11.95555,1.3732653608351373
AT,VW,8,0.625,0.152751125,12.71135,1.3732653608351373
CA,GW,8,0.625,0.074933875,14.3871125,1.3732653608351373
CG,MV,8,0.625,0.082965,13.360175,1.3732653608351373
CG,PT,8,0.625,0.167763125,13.602237500000001,1.3732653608351373
CT,AM,8,0.625,0.1428695,13.64105,1.3732653608351373
CT,NG,8,0.625,0.157701125,14.9535375,1.3732653608351373
GC,MV,8,0.625,0.21175049999999998,13.423525,1.3732653608351373
TA,AW,8,0.625,0.109503375,14.110087499999999,1.3732653608351373
TA,EY,8,0.625,0.122641125,13.4664625,1.3732653608351373
TA,FN,8,0.625,0.11048287500000001,13.7537875,1.3732653608351373
TA,HC,8,0.625,0.099582125,13.7664125,1.3732653608351373
TA,MS,8,0.625,0.24395287499999999,13.56095,1.3732653608351373
TA,NY,8,0.625,0.1722495,12.075949999999999,1.3732653608351373
TC,AW,8,0.625,0.18823175,13.1845125,1.3732653608351373
TC,DY,8,0.625,0.22535275,11.8447625,1.3732653608351373
TC,GQ,8,0.625,0.26721,12.504962500000001,1.3732653608351373
TC,ME,8,0.625,0.173824875,12.4110125,1.3732653608351373
TG,FH,8,0.625,0.214691375,12.7400375,1.3732653608351373
TG,HR,8,0.625,0.230062375,11.761875,1.3732653608351373
TG,ME,8,0.625,0.07639625,14.9812125,1.3732653608351373
TG,NH,8,0.625,0.15378925,13.3645625,1.3732653608351373
TT,HR,8,0.625,0.156920125,13.9673375,1.3732653608351373
TT,RH,8,0.625,0.249971875,11.699337499999999,1.3732653608351373
GC,EV,76,0.3157894736842105,0.08647280263157894,19.32391052631579,1.371728027953795
GA,IK,72,0.3194444444444444,0.08738544444444445,18.649637499999997,1.3705634325890692
CC,RA,20,0.45,0.12089965,16.086035000000003,1.3700350969755404
CG,YN,20,0.45,0.06874145000000001,16.608525,1.3700350969755404
GA,QN,20,0.45,0.11257215000000001,16.225755,1.3700350969755404
GT,YP,20,0.45,0.1367373,16.914804999999998,1.3700350969755404
TA,DL,20,0.45,0.15472475000000002,15.415299999999998,1.3700350969755404
TA,KT,20,0.45,0.12832055,17.400935,1.3700350969755404
TC,DG,20,0.45,0.1281292,16.05565,1.3700350969755404
TC,IW,20,0.45,0.1221937,16.713805,1.3700350969755404
TC,SD,20,0.45,0.13870065,16.547825,1.3700350969755404
AA,GI,64,0.328125,0.0505783125,17.308503125,1.369720822934506
GT,NL,93,0.3010752688172043,0.05584655913978495,18.243386021505376,1.367873697887743
GA,RD,41,0.36585365853658536,0.10086626829268293,16.323924390243903,1.3674401042500128
TT,RD,41,0.36585365853658536,0.1265631707317073,18.764734146341464,1.3674401042500128
TG,IS,89,0.30337078651685395,0.057661505617977525,17.977075280898877,1.3651107988642377
AA,QD,17,0.47058823529411764,0.07753623529411766,16.89046470588235,1.3601749448923126
AA,TC,17,0.47058823529411764,0.13656523529411765,15.285741176470587,1.3601749448923126
AG,QT,17,0.47058823529411764,0.17182182352941175,14.348711764705882,1.3601749448923126
AT,DA,17,0.47058823529411764,0.08585947058823529,16.296552941176472,1.3601749448923126
AT,RN,17,0.47058823529411764,0.24407611764705883,13.094558823529413,1.3601749448923126
CG,NH,17,0.47058823529411764,0.07234111764705883,16.800088235294115,1.3601749448923126
GA,DN,17,0.47058823529411764,0.16092935294117647,15.294235294117648,1.3601749448923126
TC,AF,17,0.47058823529411764,0.057659117647058826,16.197352941176472,1.3601749448923126
TC,AN,17,0.47058823529411764,0.12446882352941176,15.586611764705882,1.3601749448923126
TC,YM,17,0.47058823529411764,0.11686064705882353,16.882547058823526,1.3601749448923126
CG,KR,34,0.38235294117647056,0.10364438235294117,16.080088235294117,1.3593977882165404
CG,NL,34,0.38235294117647056,0.08055591176470588,17.98950294117647,1.3593977882165404
TT,AV,34,0.38235294117647056,0.07670829411764706,17.05725588235294,1.3593977882165404
AT,AA,27,0.4074074074074074,0.13452562962962963,16.002281481481482,1.3575648004417495
AT,VE,27,0.4074074074074074,0.11537525925925926,15.731785185185185,1.3575648004417495
CA,TA,27,0.4074074074074074,0.09593288888888889,17.999270370370372,1.3575648004417495
CG,WP,27,0.4074074074074074,0.07022003703703704,17.739674074074074,1.3575648004417495
TC,SG,27,0.4074074074074074,0.10633844444444446,17.190014814814816,1.3575648004417495
TC,TQ,27,0.4074074074074074,0.06123644444444444,18.002218518518518,1.3575648004417495
AG,TI,49,0.3469387755102041,0.0743868775510204,17.87069387755102,1.3572324712709893
AA,YG,11,0.5454545454545454,0.09821300000000001,15.249236363636363,1.355403627157091
AC,CE,11,0.5454545454545454,0.21873163636363638,14.295145454545455,1.355403627157091
AG,CY,11,0.5454545454545454,0.125111,14.113754545454547,1.355403627157091
AG,MV,11,0.5454545454545454,0.17417909090909092,13.475372727272726,1.355403627157091
AT,KH,11,0.5454545454545454,0.14718663636363635,13.9919,1.355403627157091
CC,GE,11,0.5454545454545454,0.134405,16.21808181818182,1.355403627157091
CG,QT,11,0.5454545454545454,0.05881663636363636,15.850972727272728,1.355403627157091
CG,TH,11,0.5454545454545454,0.09736427272727273,17.343327272727272,1.355403627157091
GC,KM,11,0.5454545454545454,0.4048788181818182,13.244209090909093,1.355403627157091
GC,YE,11,0.5454545454545454,0.3129573636363636,10.991890909090909,1.355403627157091
TA,LM,11,0.5454545454545454,0.10903663636363636,14.08869090909091,1.355403627157091
TC,WP,11,0.5454545454545454,0.19134900000000002,15.144081818181819,1.355403627157091
TG,FA,11,0.5454545454545454,0.2326479090909091,14.326054545454546,1.355403627157091
TT,RC,11,0.5454545454545454,0.1959183636363636,12.938645454545453,1.355403627157091
GG,MT,53,0.33962264150943394,0.04304015094339622,18.511309433962264,1.3547492988331498
TG,WG,53,0.33962264150943394,0.06360199999999999,17.621598113207547,1.3547492988331498
AA,LH,14,0.5,0.13559242857142856,13.952035714285714,1.354025100551105
AA,YV,14,0.5,0.16734792857142858,14.651814285714286,1.354025100551105
AG,EP,14,0.5,0.088646,15.53535,1.354025100551105
AT,AC,14,0.5,0.13384521428571428,15.30455,1.354025100551105
AT,AQ,14,0.5,0.11555457142857142,14.923585714285716,1.354025100551105
CG,CC,14,0.5,0.07767207142857144,14.953621428571429,1.354025100551105
CG,HS,14,0.5,0.12538100000000002,15.831014285714286,1.354025100551105
CT,NF,14,0.5,0.17013707142857143,14.533307142857142,1.354025100551105
CT,RW,14,0.5,0.23919807142857144,14.576892857142857,1.354025100551105
GG,DW,14,0.5,0.0982615,15.42905,1.354025100551105
TA,HV,14,0.5,0.09214785714285714,14.207521428571429,1.354025100551105
TA,SY,14,0.5,0.3043242857142857,13.416978571428572,1.354025100551105
TA,YP,14,0.5,0.18297871428571427,16.056064285714285,1.354025100551105
TA,YS,14,0.5,0.16531314285714285,15.126921428571427,1.354025100551105
TC,FT,14,0.5,0.10768364285714285,13.781292857142857,1.354025100551105
TC,QR,14,0.5,0.24791285714285713,13.285057142857143,1.354025100551105
TC,RD,14,0.5,0.10728171428571429,15.716385714285716,1.354025100551105
TC,TS,14,0.5,0.1621325,14.381664285714285,1.354025100551105
TT,NP,14,0.5,0.17007914285714287,15.083521428571428,1.354025100551105
TG,DL,57,0.3333333333333333,0.07015075438596491,18.417956140350878,1.353481003515473
TG,GS,86,0.3023255813953488,0.07476102325581395,17.359047674418605,1.3501582684304554
CA,TY,38,0.3684210526315789,0.22371173684210527,16.361007894736844,1.3497332380477645
GG,AA,78,0.3076923076923077,0.057115858974358974,18.738683333333334,1.344445493066776
AC,AS,74,0.3108108108108108,0.09676787837837837,17.837702702702703,1.3419219812342584
AA,FE,31,0.3870967741935484,0.07049377419354838,16.69140322580645,1.3415751881805393
GA,YV,31,0.3870967741935484,0.13916406451612903,16.507212903225806,1.3415751881805393
TA,VV,31,0.3870967741935484,0.07175851612903227,17.463012903225806,1.3415751881805393
TC,AS,31,0.3870967741935484,0.08360235483870967,17.154493548387098,1.3415751881805393
TT,FT,31,0.3870967741935484,0.17392790322580645,17.0916,1.3415751881805393
TT,PG,31,0.3870967741935484,0.08117483870967743,16.735032258064518,1.3415751881805393
AT,PA,24,0.4166666666666667,0.13394275,16.110133333333334,1.3411982603617503
AT,SQ,24,0.4166666666666667,0.11613425,16.145691666666668,1.3411982603617503
GA,VM,24,0.4166666666666667,0.0692175,16.0744375,1.3411982603617503
GC,NF,24,0.4166666666666667,0.07973075,16.230658333333334,1.3411982603617503
TA,PP,24,0.4166666666666667,0.10663154166666666,15.9482875,1.3411982603617503
AC,VE,46,0.34782608695652173,0.10671817391304349,16.503899999999998,1.3391817745078465
AC,AA,50,0.34,0.060813940000000004,16.563789999999997,1.3368207151262708
CT,EV,50,0.34,0.05111936,17.875626,1.3368207151262708
CA,GL,54,0.3333333333333333,0.06173587037037037,17.391909259259258,1.3357777284108237
GC,QG,83,0.30120481927710846,0.07148451807228916,18.425849397590362,1.3345833731455765
GG,IR,79,0.3037974683544304,0.045800493670886074,17.755606329113924,1.3312485978756095
TG,AI,35,0.37142857142857144,0.1035362857142857,15.640945714285714,1.3310213199979837
TG,GV,35,0.37142857142857144,0.066269,17.60899714285714,1.3310213199979837
TG,VC,35,0.37142857142857144,0.0891126,17.195785714285712,1.3310213199979837
TT,GS,35,0.37142857142857144,0.09895759999999999,17.378551428571427,1.3310213199979837
CA,MD,21,0.42857142857142855,0.10693166666666667,17.344976190476192,1.3247324800107068
CG,AP,21,0.42857142857142855,0.12798385714285715,16.49527619047619,1.3247324800107068
CT,LF,21,0.42857142857142855,0.10166071428571428,16.579833333333333,1.3247324800107068
CT,RD,21,0.42857142857142855,0.09246033333333332,16.074471428571428,1.3247324800107068
CT,RV,21,0.42857142857142855,0.06521157142857142,17.32185238095238,1.3247324800107068
GC,LM,21,0.42857142857142855,0.10197661904761905,15.544628571428571,1.3247324800107068
TA,GF,21,0.42857142857142855,0.12846980952380951,15.428942857142856,1.3247324800107068
TC,VT,21,0.42857142857142855,0.08846033333333334,16.580923809523807,1.3247324800107068
TT,DD,21,0.42857142857142855,0.06461166666666666,17.762466666666665,1.3247324800107068
TT,GE,21,0.42857142857142855,0.06814152380952382,16.551,1.3247324800107068
GA,KS,39,0.358974358974359,0.11765197435897437,16.22887692307692,1.3242131373742336
TG,HP,39,0.358974358974359,0.11561758974358974,17.681338461538463,1.3242131373742336
TT,LA,39,0.358974358974359,0.0777295641025641,16.691064102564102,1.3242131373742336
AC,EG,28,0.39285714285714285,0.14425060714285712,16.40075,1.3228662189232576
AG,RP,28,0.39285714285714285,0.10363078571428572,16.4941,1.3228662189232576
AT,TG,28,0.39285714285714285,0.08642764285714286,16.71265357142857,1.3228662189232576
AT,VQ,28,0.39285714285714285,0.08882703571428571,17.173664285714285,1.3228662189232576
CA,FT,28,0.39285714285714285,0.09517803571428572,16.986067857142856,1.3228662189232576
GT,GV,28,0.39285714285714285,0.07691178571428571,17.934757142857144,1.3228662189232576
GT,TP,28,0.39285714285714285,0.07824810714285714,17.185089285714287,1.3228662189232576
GC,IL,43,0.3488372093023256,0.040787953488372095,18.76911395348837,1.3200661513668352
TC,KT,43,0.3488372093023256,0.06776874418604652,18.23162558139535,1.3200661513668352
TC,NR,43,0.3488372093023256,0.09819613953488372,17.420325581395346,1.3200661513668352
CC,DK,148,0.2635135135135135,0.04247529054054054,19.130844594594596,1.3186074725126546
TC,RE,59,0.3220338983050847,0.16297074576271187,16.55402372881356,1.3185177403766084
AG,GF,47,0.3404255319148936,0.09843917021276596,17.63263829787234,1.3178556632877927
CG,SV,47,0.3404255319148936,0.10939240425531914,18.21152340425532,1.3178556632877927
TC,DF,47,0.3404255319148936,0.10863727659574468,18.517453191489363,1.3178556632877927
TG,LP,55,0.32727272727272727,0.06929694545454546,19.3947,1.3173878260587761
AG,QP,32,0.375,0.15197228125,16.685190625,1.3111903355499301
GT,VF,32,0.375,0.105061375,17.49988125,1.3111903355499301
TA,GK,32,0.375,0.09126421875,17.081812499999998,1.3111903355499301
TC,DS,32,0.375,0.10974309374999999,16.33873125,1.3111903355499301
AG,IH,18,0.4444444444444444,0.08841255555555555,15.995333333333333,1.3086395462961955
AG,VD,18,0.4444444444444444,0.04454961111111111,17.391572222222223,1.3086395462961955
AT,TI,18,0.4444444444444444,0.151916,14.451666666666666,1.3086395462961955
CG,WR,18,0.4444444444444444,0.12431394444444445,17.3004,1.3086395462961955
CT,VE,18,0.4444444444444444,0.059042888888888895,18.197772222222223,1.3086395462961955
GC,EY,18,0.4444444444444444,0.09167288888888889,17.381511111111113,1.3086395462961955
GC,QT,18,0.4444444444444444,0.06818416666666666,16.668633333333332,1.3086395462961955
TT,SY,18,0.4444444444444444,0.2761502777777778,15.049827777777779,1.3086395462961955
TG,SG,94,0.2872340425531915,0.07223364893617021,18.532179787234043,1.3080284688639852
AG,PK,68,0.3088235294117647,0.07196229411764707,18.67125,1.3075917146550362
GC,DK,68,0.3088235294117647,0.06466708823529412,16.706876470588238,1.3075917146550362
GT,DL,64,0.3125,0.06431225,18.8507125,1.3044960218423864
CA,VE,36,0.3611111111111111,0.15599358333333335,16.642577777777777,1.3039425795659698
AG,LH,25,0.4,0.11226976000000001,16.177664,1.3032386152085929
AG,SE,25,0.4,0.07382972,17.502364,1.3032386152085929
AG,YE,25,0.4,0.07846059999999999,17.007168,1.3032386152085929
GA,DA,25,0.4,0.10138432,17.836896,1.3032386152085929
GC,PD,25,0.4,0.03631708,16.041264,1.3032386152085929
GC,RD,25,0.4,0.0884982,17.18124,1.3032386152085929
GT,NQ,25,0.4,0.11058956,16.381056,1.3032386152085929
GT,PP,25,0.4,0.08335112,16.69516,1.3032386152085929
TA,PI,25,0.4,0.17677268000000002,15.316456,1.3032386152085929
TG,TE,108,0.2777777777777778,0.061726518518518514,19.296187962962964,1.3031521895080955
AG,VT,60,0.31666666666666665,0.06762858333333334,18.733896666666666,1.3017767236548818
CC,TV,175,0.25142857142857145,0.026765725714285718,18.156910857142858,1.3000074044667354
AA,FS,40,0.35,0.12837892499999998,16.9428,1.2997502233465077
AG,IS,40,0.35,0.088081225,17.7919475,1.2997502233465077
CA,GG,40,0.35,0.0843922,18.9376825,1.2997502233465077
GA,VS,40,0.35,0.04183635,17.4670375,1.2997502233465077
GC,GV,40,0.35,0.076883175,17.655255,1.2997502233465077
TG,VI,40,0.35,0.072917325,17.775502499999998,1.2997502233465077
CA,VI,52,0.3269230769230769,0.10752049999999999,18.161109615384614,1.2979800486612707
GA,DS,48,0.3333333333333333,0.09604047916666668,19.378856250000002,1.297273432703542
AC,QT,6,0.6666666666666666,0.06202966666666667,16.75135,1.297273432703542
AG,IM,6,0.6666666666666666,0.20747433333333332,13.261249999999999,1.297273432703542
AT,EY,6,0.6666666666666666,0.16805016666666664,11.921516666666667,1.297273432703542
AT,FN,6,0.6666666666666666,0.1784145,13.514616666666667,1.297273432703542
AT,SF,6,0.6666666666666666,0.1688761666666667,13.58735,1.297273432703542
AT,TC,6,0.6666666666666666,0.10485483333333334,14.236883333333333,1.297273432703542
AT,YW,6,0.6666666666666666,0.38611533333333337,11.031366666666665,1.297273432703542
CA,CI,6,0.6666666666666666,0.12650150000000002,13.291316666666667,1.297273432703542
CA,HD,6,0.6666666666666666,0.18833983333333335,12.722883333333334,1.297273432703542
CG,ME,6,0.6666666666666666,0.2526966666666667,10.829866666666666,1.297273432703542
CG,QH,6,0.6666666666666666,0.20819433333333334,12.4002,1.297273432703542
GA,WF,6,0.6666666666666666,0.25795450000000003,11.54125,1.297273432703542
GT,HD,6,0.6666666666666666,0.10297566666666667,15.370683333333332,1.297273432703542
TC,YG,6,0.6666666666666666,0.1267015,13.501433333333333,1.297273432703542
AA,EM,15,0.4666666666666667,0.0779582,16.61358,1.2938747370452313
AT,DD,15,0.4666666666666667,0.0779722,15.854326666666667,1.2938747370452313
AT,NR,15,0.4666666666666667,0.18494020000000003,15.72118,1.2938747370452313
AT,SN,15,0.4666666666666667,0.08115926666666667,16.03424,1.2938747370452313
CA,GD,15,0.4666666666666667,0.063974,17.22722,1.2938747370452313
CG,NI,15,0.4666666666666667,0.1241926,18.087699999999998,1.2938747370452313
CT,VC,15,0.4666666666666667,0.09001780000000001,16.70928,1.2938747370452313
GT,EW,15,0.4666666666666667,0.16795053333333332,15.434833333333334,1.2938747370452313
GT,KC,15,0.4666666666666667,0.10539273333333334,16.365706666666668,1.2938747370452313
TA,FG,15,0.4666666666666667,0.16942453333333332,15.863346666666667,1.2938747370452313
TA,LF,15,0.4666666666666667,0.15464033333333335,15.235813333333335,1.2938747370452313
TG,TM,15,0.4666666666666667,0.07411313333333333,17.05422,1.2938747370452313
TT,HV,15,0.4666666666666667,0.0550414,18.482893333333333,1.2938747370452313
GG,VF,69,0.30434782608695654,0.06396998550724638,17.961166666666667,1.2930202910585007
CA,LD,29,0.3793103448275862,0.07262375862068965,16.935217241379313,1.2901093516649556
GA,VR,29,0.3793103448275862,0.09002106896551725,15.662482758620689,1.2901093516649556
TC,YL,29,0.3793103448275862,0.18524300000000002,17.25878275862069,1.2901093516649556
CG,PQ,22,0.4090909090909091,0.10003509090909092,17.787813636363637,1.2827021792437432
TA,LI,22,0.4090909090909091,0.06367445454545455,16.512672727272726,1.2827021792437432
TC,KP,22,0.4090909090909091,0.06439281818181818,18.054381818181817,1.2827021792437432
TG,FL,22,0.4090909090909091,0.05816168181818182,15.903122727272727,1.2827021792437432
TT,YY,22,0.4090909090909091,0.19851290909090907,15.52541818181818,1.2827021792437432
GG,QG,188,0.24468085106382978,0.04812015957446809,17.422912765957445,1.2825551207060828
AA,AK,12,0.5,0.10127225000000001,16.924241666666667,1.2824746787307684
AA,MF,12,0.5,0.15750441666666667,14.520266666666666,1.2824746787307684
AA,WP,12,0.5,0.09165208333333334,15.230991666666666,1.2824746787307684
AA,YF,12,0.5,0.11289333333333333,14.880875000000001,1.2824746787307684
AG,FI,12,0.5,0.1414565,16.654999999999998,1.2824746787307684
AT,KT,12,0.5,0.09344141666666667,15.267091666666666,1.2824746787307684
AT,NP,12,0.5,0.14557758333333334,15.01955,1.2824746787307684
AT,RY,12,0.5,0.34022083333333336,12.543416666666667,1.2824746787307684
CT,CK,12,0.5,0.196916,14.730033333333333,1.2824746787307684
CT,SM,12,0.5,0.19517858333333335,14.800283333333333,1.2824746787307684
CT,YR,12,0.5,0.11006241666666666,15.422466666666667,1.2824746787307684
GC,NG,12,0.5,0.10816975000000001,15.822641666666668,1.2824746787307684
TC,MG,12,0.5,0.194277,16.772816666666667,1.2824746787307684
TG,CY,12,0.5,0.22949466666666665,12.281266666666667,1.2824746787307684
AC,QM,33,0.36363636363636365,0.03310621212121212,18.029751515151517,1.2823129180422406
CG,IG,33,0.36363636363636365,0.12203390909090908,16.974815151515152,1.2823129180422406
GA,AF,33,0.36363636363636365,0.08522842424242424,17.73291818181818,1.2823129180422406
GA,TT,33,0.36363636363636365,0.13451639393939394,15.94841515151515,1.2823129180422406
GC,RA,33,0.36363636363636365,0.09443836363636364,16.296115151515153,1.2823129180422406
TC,QI,57,0.3157894736842105,0.11254570175438597,18.081847368421055,1.2822451612251848
GC,VA,53,0.32075471698113206,0.046564301886792454,18.57049811320755,1.2794854488979748
TC,KD,53,0.32075471698113206,0.06752077358490566,18.079007547169812,1.2794854488979748
AT,NF,9,0.5555555555555556,0.16683477777777778,15.053244444444443,1.2792139405522478
CA,MQ,9,0.5555555555555556,0.07712144444444444,15.06688888888889,1.2792139405522478
CG,VW,9,0.5555555555555556,0.17229266666666668,12.724522222222223,1.2792139405522478
CT,YN,9,0.5555555555555556,0.1824721111111111,15.55708888888889,1.2792139405522478
GA,FH,9,0.5555555555555556,0.07792955555555556,16.332644444444444,1.2792139405522478
GA,FM,9,0.5555555555555556,0.1382841111111111,14.196555555555555,1.2792139405522478
GG,IM,9,0.5555555555555556,0.09360466666666667,14.432566666666666,1.2792139405522478
TA,CE,9,0.5555555555555556,0.37366066666666664,12.438422222222222,1.2792139405522478
TA,CR,9,0.5555555555555556,0.37888244444444447,12.708755555555555,1.2792139405522478
TC,ST,9,0.5555555555555556,0.20369366666666666,11.64361111111111,1.2792139405522478
TG,QT,9,0.5555555555555556,0.21651,14.505788888888889,1.2792139405522478
TT,NY,9,0.5555555555555556,0.15942666666666666,13.274533333333332,1.2792139405522478
TT,YG,9,0.5555555555555556,0.2365807777777778,12.750366666666666,1.2792139405522478
AA,ES,37,0.35135135135135137,0.14036975675675675,16.09511621621622,1.2780708128768383
GC,FT,37,0.35135135135135137,0.07519621621621622,18.9859,1.2780708128768383
TT,MK,37,0.35135135135135137,0.11443491891891892,15.943589189189188,1.2780708128768383
TT,RW,37,0.35135135135135137,0.1354359189189189,14.60141891891892,1.2780708128768383
AA,SL,49,0.32653061224489793,0.04284065306122449,18.491187755102043,1.2773952670785782
AA,VI,49,0.32653061224489793,0.062403204081632656,16.629789795918366,1.2773952670785782
AG,EE,45,0.3333333333333333,0.05569017777777777,18.279855555555553,1.2762137988296982
GG,GQ,155,0.25161290322580643,0.06789292258064517,17.785987741935486,1.270608930856335
CG,KI,75,0.29333333333333333,0.052844720000000005,17.954836,1.2703484464839905
TG,VV,93,0.27956989247311825,0.07470859139784947,18.041782795698925,1.2701684337529042
TT,LK,93,0.27956989247311825,0.07730358064516128,17.37462365591398,1.2701684337529042
GA,GI,62,0.3064516129032258,0.06892693548387097,17.187932258064517,1.2696703193780503
CC,PP,126,0.2619047619047619,0.053051023809523805,19.076372222222222,1.2687156655010596
AA,KA,26,0.38461538461538464,0.09877134615384617,15.955553846153846,1.267629563847819
AT,GL,26,0.38461538461538464,0.10377046153846153,15.78703076923077,1.267629563847819
AT,KE,26,0.38461538461538464,0.12605996153846155,16.706765384615384,1.267629563847819
GT,TH,26,0.38461538461538464,0.16269265384615383,17.626103846153846,1.267629563847819
TC,PV,26,0.38461538461538464,0.07569092307692307,17.69201923076923,1.267629563847819
CG,TE,122,0.26229508196721313,0.05694035245901639,18.170547540983605,1.262212289933749
TG,NK,54,0.3148148148148148,0.09147848148148148,18.204,1.2615678546102225
AA,DG,19,0.42105263157894735,0.1273986842105263,16.558605263157894,1.2613609572858908
AA,VD,19,0.42105263157894735,0.10143252631578947,14.521684210526315,1.2613609572858908
AA,VV,19,0.42105263157894735,0.04668542105263158,17.431647368421054,1.2613609572858908
AG,EF,19,0.42105263157894735,0.06767515789473684,17.933331578947367,1.2613609572858908
AG,PT,19,0.42105263157894735,0.10200757894736841,16.02213157894737,1.2613609572858908
CA,FD,19,0.42105263157894735,0.11698521052631579,16.30943157894737,1.2613609572858908
CC,LF,19,0.42105263157894735,0.12478194736842105,16.224157894736845,1.2613609572858908
CG,FL,19,0.42105263157894735,0.0861881052631579,16.053115789473686,1.2613609572858908
CT,FD,19,0.42105263157894735,0.11534452631578947,17.12286842105263,1.2613609572858908
GT,QY,19,0.42105263157894735,0.11195815789473684,16.847252631578947,1.2613609572858908
GT,WR,19,0.42105263157894735,0.2457396842105263,15.445857894736841,1.2613609572858908
TC,EE,19,0.42105263157894735,0.05848468421052631,16.887673684210526,1.2613609572858908
TT,GV,19,0.42105263157894735,0.07095194736842106,16.95493157894737,1.2613609572858908
GT,GI,67,0.29850746268656714,0.05624362686567164,18.382470149253734,1.2595545388585392
GA,FS,30,0.36666666666666664,0.1426408,16.745593333333332,1.2591286416445535
TC,NT,30,0.36666666666666664,0.06294406666666667,16.97858,1.2591286416445535
TC,SL,30,0.36666666666666664,0.11618596666666667,16.075319999999998,1.2591286416445535
TG,PI,30,0.36666666666666664,0.13097016666666667,16.894433333333335,1.2591286416445535
AA,KT,50,0.32,0.10288488000000001,18.03926,1.2581842024717842
GT,VV,50,0.32,0.07513492000000001,18.398368,1.2581842024717842
CG,AV,34,0.35294117647058826,0.05595644117647059,18.00989411764706,1.254828727584499
GC,YI,34,0.35294117647058826,0.15333852941176468,15.271817647058825,1.254828727584499
GT,WI,34,0.35294117647058826,0.12551720588235296,18.89515294117647,1.254828727584499
CA,PE,42,0.3333333333333333,0.08208626190476191,17.334697619047617,1.253733371897854
GC,RF,42,0.3333333333333333,0.08236340476190476,18.46239523809524,1.253733371897854
TC,KI,42,0.3333333333333333,0.12024435714285715,16.746257142857143,1.253733371897854
TC,VQ,42,0.3333333333333333,0.0936667619047619,17.552171428571427,1.253733371897854
CT,LA,38,0.34210526315789475,0.06486,17.332818421052632,1.2533237210443526
TC,VL,38,0.34210526315789475,0.052617026315789475,18.461357894736842,1.2533237210443526
GG,GA,128,0.2578125,0.0321353359375,19.2473015625,1.2529203854994935
TT,YQ,95,0.2736842105263158,0.02901557894736842,18.30517894736842,1.249190031349092
TG,IK,59,0.3050847457627119,0.0707264745762712,20.030825423728814,1.2491220698304715
GG,GM,119,0.2605042016806723,0.04697420168067227,18.6883487394958,1.2471617145062472
GA,GK,68,0.29411764705882354,0.11604313235294117,16.969623529411766,1.2453254425286058
AG,MD,23,0.391304347826087,0.10563208695652174,14.7699,1.2435862814405005
AT,GF,23,0.391304347826087,0.14744152173913044,16.220265217391304,1.2435862814405005
AT,PI,23,0.391304347826087,0.14396008695652174,16.130895652173912,1.2435862814405005
AT,TL,23,0.391304347826087,0.08501052173913043,16.616308695652176,1.2435862814405005
CA,IG,23,0.391304347826087,0.09234634782608697,17.27909565217391,1.2435862814405005
GC,AK,23,0.391304347826087,0.20645826086956523,16.171130434782608,1.2435862814405005
GC,SN,23,0.391304347826087,0.05918452173913044,17.292613043478262,1.2435862814405005
TA,NN,23,0.391304347826087,0.09328795652173913,15.781060869565218,1.2435862814405005
TA,SQ,23,0.391304347826087,0.09733921739130434,16.134047826086956,1.2435862814405005
CA,SG,91,0.27472527472527475,0.12598247252747252,17.798531868131867,1.2422496090794068
AG,GH,16,0.4375,0.07467125,16.01139375,1.2395308380245946
AT,LY,16,0.4375,0.17663543750000002,16.00488125,1.2395308380245946
AT,QS,16,0.4375,0.049935375000000004,17.175525,1.2395308380245946
CC,MA,16,0.4375,0.0860225,16.81385625,1.2395308380245946
CG,CY,16,0.4375,0.14940625,14.80071875,1.2395308380245946
GA,FQ,16,0.4375,0.1961471875,14.9164875,1.2395308380245946
GT,FQ,16,0.4375,0.191618125,15.8653625,1.2395308380245946
GT,HV,16,0.4375,0.2017574375,16.77711875,1.2395308380245946
TA,YG,16,0.4375,0.161907,15.8345,1.2395308380245946
TC,AK,16,0.4375,0.10091850000000001,17.23093125,1.2395308380245946
TC,GE,16,0.4375,0.17486675,16.39435,1.2395308380245946
GC,LR,73,0.2876712328767123,0.05780975342465754,18.38233287671233,1.2381557117436652
CA,SV,47,0.3191489361702128,0.11352468085106383,17.533319148936172,1.2354896843323058
CG,ID,27,0.37037037037037035,0.07460325925925926,18.061433333333333,1.2341498185834088
CG,QP,27,0.37037037037037035,0.08396074074074074,17.607833333333332,1.2341498185834088
GA,NP,27,0.37037037037037035,0.05388922222222222,16.57262962962963,1.2341498185834088
GC,FE,27,0.37037037037037035,0.06876385185185185,17.41808888888889,1.2341498185834088
TT,TF,27,0.37037037037037035,0.10979944444444445,15.280759259259261,1.2341498185834088
CG,TA,43,0.32558139534883723,0.07331867441860465,17.6217,1.2320617412757129
GA,PV,43,0.32558139534883723,0.1330700465116279,18.978753488372092,1.2320617412757129
CG,VP,31,0.3548387096774194,0.06535490322580645,19.778506451612902,1.2297772558321611
CT,IT,31,0.3548387096774194,0.0602766129032258,18.798658064516125,1.2297772558321611
GA,DD,31,0.3548387096774194,0.1297999677419355,18.423187096774193,1.2297772558321611
GG,SA,31,0.3548387096774194,0.06200522580645161,17.42723870967742,1.2297772558321611
AC,NN,39,0.3333333333333333,0.07340341025641026,17.032284615384615,1.2296264847046454
AG,EG,39,0.3333333333333333,0.08426971794871796,18.23086153846154,1.2296264847046454
AG,EI,39,0.3333333333333333,0.06711776923076924,18.604141025641027,1.2296264847046454
CC,GF,39,0.3333333333333333,0.09322753846153846,17.342279487179486,1.2296264847046454
GA,TG,39,0.3333333333333333,0.08111499999999999,17.971679487179486,1.2296264847046454
GC,KN,35,0.34285714285714286,0.05851945714285715,17.6889,1.2286350646135233
GT,DR,56,0.30357142857142855,0.12253103571428571,17.306896428571427,1.2273548491640598
TT,ND,56,0.30357142857142855,0.042735107142857144,17.6220125,1.2273548491640598
AG,PL,65,0.2923076923076923,0.07282256923076923,17.479532307692306,1.2246683092077244
CG,IQ,98,0.2653061224489796,0.14724872448979592,15.86407142857143,1.2191134296275443
AG,KC,13,0.46153846153846156,0.1905756153846154,14.68696923076923,1.218026459822427
AG,MS,13,0.46153846153846156,0.09211138461538462,16.939907692307692,1.218026459822427
AG,RC,13,0.46153846153846156,0.16520853846153846,15.214546153846156,1.218026459822427
AG,RH,13,0.46153846153846156,0.0887276923076923,16.9218,1.218026459822427
AG,SC,13,0.46153846153846156,0.06553069230769232,17.626584615384616,1.218026459822427
AT,AN,13,0.46153846153846156,0.10896061538461538,14.911792307692307,1.218026459822427
CA,VH,13,0.46153846153846156,0.14634315384615387,14.562776923076923,1.218026459822427
CC,RP,13,0.46153846153846156,0.10658092307692307,16.35446153846154,1.218026459822427
CC,TC,13,0.46153846153846156,0.07444769230769231,16.946084615384617,1.218026459822427
CG,MP,13,0.46153846153846156,0.14286123076923077,15.03513076923077,1.218026459822427
CT,AP,13,0.46153846153846156,0.11220046153846154,16.53950769230769,1.218026459822427
CT,CR,13,0.46153846153846156,0.18018323076923076,16.262707692307693,1.218026459822427
GA,HA,13,0.46153846153846156,0.054814923076923074,17.742607692307693,1.218026459822427
GA,TH,13,0.46153846153846156,0.08356476923076922,16.281838461538463,1.218026459822427
GC,FW,13,0.46153846153846156,0.1071763076923077,16.28926153846154,1.218026459822427
GC,HS,13,0.46153846153846156,0.05442223076923077,15.948976923076923,1.218026459822427
GG,SH,13,0.46153846153846156,0.16447207692307692,15.300392307692308,1.218026459822427
GT,RC,13,0.46153846153846156,0.1073016923076923,17.637546153846152,1.218026459822427
TA,YA,13,0.46153846153846156,0.11414238461538462,15.933653846153845,1.218026459822427
TT,YK,13,0.46153846153846156,0.17219261538461536,17.022792307692306,1.218026459822427
GT,VQ,70,0.2857142857142857,0.055229485714285716,18.880871428571428,1.2179085362975186
AG,GI,61,0.29508196721311475,0.04882742622950819,18.008650819672134,1.2178429332919942
TC,EL,61,0.29508196721311475,0.044763885245901636,18.640572131147543,1.2178429332919942
AG,NP,20,0.4,0.08119689999999999,16.04737,1.2178089750893693
AG,QN,20,0.4,0.10712295000000001,16.174875,1.2178089750893693
AG,TF,20,0.4,0.0888635,17.64188,1.2178089750893693
AT,IP,20,0.4,0.05639245,17.605725,1.2178089750893693
AT,KS,20,0.4,0.17932584999999998,15.149515,1.2178089750893693
CA,DT,20,0.4,0.13079505,16.826955,1.2178089750893693
CA,ED,20,0.4,0.08716425,18.06299,1.2178089750893693
CC,AP,20,0.4,0.0755958,17.0607,1.2178089750893693
CC,DT,20,0.4,0.11522239999999999,17.832685,1.2178089750893693
CC,NS,20,0.4,0.0997199,17.65333,1.2178089750893693
CG,YD,20,0.4,0.12414285,16.80414,1.2178089750893693
GC,SD,20,0.4,0.12352365000000001,16.147534999999998,1.2178089750893693
TC,VS,20,0.4,0.16422055,15.349070000000001,1.2178089750893693
GT,GA,48,0.3125,0.02688010416666667,18.854045833333334,1.2161938431595707
TT,AT,48,0.3125,0.09865012499999999,16.754952083333333,1.2161938431595707
GT,IV,123,0.25203252032520324,0.06130869918699187,19.278141463414634,1.214867711656554
GA,TV,57,0.2982456140350877,0.05538040350877193,17.91885964912281,1.211009318934897
TG,TA,66,0.2878787878787879,0.11894774242424243,17.93603787878788,1.2104418146731568
CG,KL,134,0.2462686567164179,0.05050870895522388,18.890248507462687,1.2080154305109565
CA,KP,24,0.375,0.06674783333333333,17.55125,1.2070784343255752
GG,QT,24,0.375,0.085096875,15.854725,1.2070784343255752
TA,KP,24,0.375,0.188681625,15.3159875,1.2070784343255752
TC,VF,24,0.375,0.15903791666666667,17.6634375,1.2070784343255752
AA,KC,4,0.75,0.181375,12.157675,1.2070784343255752
AA,WN,4,0.75,0.22482824999999998,11.090174999999999,1.2070784343255752
AC,CD,4,0.75,0.18433650000000001,12.0778,1.2070784343255752
AC,DH,4,0.75,0.27612200000000003,12.451875000000001,1.2070784343255752
AG,MY,4,0.75,0.236013,11.00745,1.2070784343255752
AT,CK,4,0.75,0.288115,9.7158,1.2070784343255752
AT,KC,4,0.75,0.4654015,9.09505,1.2070784343255752
AT,QR,4,0.75,0.315889,10.1603,1.2070784343255752
AT,YM,4,0.75,0.170061,10.560675,1.2070784343255752
CC,MY,4,0.75,0.220201,10.671575,1.2070784343255752
CG,CH,4,0.75,0.1124205,12.37285,1.2070784343255752
CG,PM,4,0.75,0.4210885,9.5639,1.2070784343255752
GA,HD,4,0.75,0.12364050000000001,13.181,1.2070784343255752
TT,WN,4,0.75,0.128891,12.786200000000001,1.2070784343255752
TT,YC,4,0.75,0.28903475,10.820549999999999,1.2070784343255752
AG,VQ,40,0.325,0.093372475,16.5036475,1.2069109216789
GT,QM,40,0.325,0.097373825,17.262542500000002,1.2069109216789
GA,LE,53,0.3018867924528302,0.04654630188679245,18.54399433962264,1.2042215989627998
GC,KG,53,0.3018867924528302,0.12536254716981132,17.91324528301887,1.2042215989627998
CT,RI,36,0.3333333333333333,0.07784147222222221,16.815675,1.2036393042147413
GA,EI,36,0.3333333333333333,0.07599516666666667,17.783041666666666,1.2036393042147413
GA,LQ,36,0.3333333333333333,0.11205630555555555,17.250430555555553,1.2036393042147413
TC,AI,36,0.3333333333333333,0.09137780555555555,18.738588888888888,1.2036393042147413
TC,PL,36,0.3333333333333333,0.07476508333333333,18.80478888888889,1.2036393042147413
AC,SL,62,0.2903225806451613,0.05180441935483871,19.31143064516129,1.202845565726574
GA,NL,62,0.2903225806451613,0.04741706451612903,19.115953225806454,1.202845565726574
GC,KA,62,0.2903225806451613,0.06686490322580645,18.119337096774192,1.202845565726574
AA,DK,28,0.35714285714285715,0.14509824999999998,15.928935714285714,1.2026056535665979
AC,DG,28,0.35714285714285715,0.11125982142857142,16.55507857142857,1.2026056535665979
AG,AQ,28,0.35714285714285715,0.06986371428571428,17.183135714285715,1.2026056535665979
AG,FS,28,0.35714285714285715,0.12252207142857142,17.055357142857144,1.2026056535665979
GT,TT,28,0.35714285714285715,0.10466260714285713,17.32745357142857,1.2026056535665979
TG,RM,28,0.35714285714285715,0.128744,15.284382142857142,1.2026056535665979
GG,PK,182,0.23076923076923078,0.07533715384615385,18.87403846153846,1.2021891121941741
AA,SK,32,0.34375,0.1411495,17.03333125,1.2019244742541026
CA,FE,32,0.34375,0.08407528125,17.55621875,1.2019244742541026
GC,KP,32,0.34375,0.0845936875,18.996521875,1.2019244742541026
TA,PG,32,0.34375,0.09391474999999999,16.35039375,1.2019244742541026
TC,RT,32,0.34375,0.0482535625,19.027671875,1.2019244742541026
TG,FD,32,0.34375,0.1289519375,17.338396875,1.2019244742541026
AA,RW,10,0.5,0.2335567,14.448490000000001,1.1989476363991853
AC,MS,10,0.5,0.1457236,15.617770000000002,1.1989476363991853
AC,SH,10,0.5,0.15495960000000003,14.46378,1.1989476363991853
AG,HG,10,0.5,0.1628313,14.91215,1.1989476363991853
AT,IN,10,0.5,0.0660484,16.63297,1.1989476363991853
CG,CN,10,0.5,0.0856441,16.180950000000003,1.1989476363991853
CG,HN,10,0.5,0.1720418,14.34257,1.1989476363991853
CT,HV,10,0.5,0.0563431,16.17325,1.1989476363991853
CT,MS,10,0.5,0.2165829,14.38685,1.1989476363991853
GA,HW,10,0.5,0.11869339999999999,16.8345,1.1989476363991853
GT,CY,10,0.5,0.1734146,13.624450000000001,1.1989476363991853
TA,IH,10,0.5,0.1521304,16.314439999999998,1.1989476363991853
TA,TH,10,0.5,0.0751472,16.199930000000002,1.1989476363991853
TA,TI,10,0.5,0.1428271,15.797479999999998,1.1989476363991853
TC,DP,10,0.5,0.0964782,14.24307,1.1989476363991853
TC,FN,10,0.5,0.3533659,14.38142,1.1989476363991853
TC,MA,10,0.5,0.08541760000000001,17.74356,1.1989476363991853
TG,PH,10,0.5,0.2013252,14.24048,1.1989476363991853
TG,PT,10,0.5,0.203356,14.0033,1.1989476363991853
TG,VA,67,0.2835820895522388,0.05821017910447761,18.543710447761192,1.1965768119156124
GA,DL,58,0.29310344827586204,0.08582063793103449,18.48038620689655,1.1951402852827109
CG,TY,45,0.3111111111111111,0.03499942222222222,18.406633333333332,1.1911328789077185
GA,DV,45,0.3111111111111111,0.09300875555555554,16.82979111111111,1.1911328789077185
TG,KN,45,0.3111111111111111,0.09878273333333334,18.08566888888889,1.1911328789077185
TT,KG,45,0.3111111111111111,0.0915092,19.542684444444443,1.1911328789077185
AA,WI,17,0.4117647058823529,0.14448611764705882,15.873011764705883,1.1901530767807735
AT,KG,17,0.4117647058823529,0.19490305882352943,16.155241176470586,1.1901530767807735
CA,LH,17,0.4117647058823529,0.05796223529411765,17.07785294117647,1.1901530767807735
CG,GD,17,0.4117647058823529,0.11773329411764707,18.11065882352941,1.1901530767807735
CT,GE,17,0.4117647058823529,0.10581076470588235,16.0203,1.1901530767807735
GA,KM,17,0.4117647058823529,0.06977511764705882,16.270917647058823,1.1901530767807735
GC,FA,17,0.4117647058823529,0.17131670588235293,15.86344705882353,1.1901530767807735
GC,VF,17,0.4117647058823529,0.16863047058823527,17.706429411764706,1.1901530767807735
TA,IT,17,0.4117647058823529,0.06433335294117647,16.65171176470588,1.1901530767807735
AA,NC,7,0.5714285714285714,0.18235257142857142,14.475814285714288,1.1882523095313346
AA,QF,7,0.5714285714285714,0.17729928571428571,13.260714285714286,1.1882523095313346
AC,MP,7,0.5714285714285714,0.1173982857142857,13.6845,1.1882523095313346
AG,FH,7,0.5714285714285714,0.0974832857142857,13.7358,1.1882523095313346
AG,VW,7,0.5714285714285714,0.09287614285714285,16.431285714285714,1.1882523095313346
AT,HS,7,0.5714285714285714,0.35362571428571427,12.285614285714287,1.1882523095313346
CA,CG,7,0.5714285714285714,0.16395685714285715,13.835071428571428,1.1882523095313346
CA,FI,7,0.5714285714285714,0.18015842857142858,12.684300000000002,1.1882523095313346
CA,NC,7,0.5714285714285714,0.16799500000000003,14.669028571428571,1.1882523095313346
CC,FF,7,0.5714285714285714,0.17814557142857143,12.9211,1.1882523095313346
CG,HY,7,0.5714285714285714,0.24843785714285713,14.420842857142857,1.1882523095313346
CG,WF,7,0.5714285714285714,0.064112,14.630214285714287,1.1882523095313346
CT,TC,7,0.5714285714285714,0.10984557142857143,15.953042857142858,1.1882523095313346
GA,WS,7,0.5714285714285714,0.18225028571428573,14.648471428571428,1.1882523095313346
GC,DE,7,0.5714285714285714,0.18851414285714285,13.03582857142857,1.1882523095313346
GG,VW,7,0.5714285714285714,0.23389514285714283,14.329185714285714,1.1882523095313346
GT,WF,7,0.5714285714285714,0.11005200000000001,15.351128571428571,1.1882523095313346
GT,WP,7,0.5714285714285714,0.29085214285714284,11.590785714285715,1.1882523095313346
TC,GD,7,0.5714285714285714,0.17120785714285716,15.21562857142857,1.1882523095313346
TC,MI,7,0.5714285714285714,0.23169828571428572,12.6609,1.1882523095313346
TT,KC,7,0.5714285714285714,0.11100957142857142,13.1482,1.1882523095313346
GG,LA,54,0.2962962962962963,0.0590177962962963,17.40277777777778,1.187357980809621
TG,IV,132,0.24242424242424243,0.05623280303030303,19.42789621212121,1.185539182599213
AG,KE,41,0.3170731707317073,0.062011,18.876153658536584,1.1851147570166778
CA,SL,41,0.3170731707317073,0.08465265853658537,18.446392682926827,1.1851147570166778
CG,KP,41,0.3170731707317073,0.07138358536585367,18.265129268292682,1.1851147570166778
GT,LP,41,0.3170731707317073,0.054857780487804875,18.89229756097561,1.1851147570166778
TG,KD,41,0.3170731707317073,0.0880659024390244,17.325200000000002,1.1851147570166778
GG,KR,122,0.2459016393442623,0.05410931147540984,18.884458196721308,1.1833240218128893
TG,VT,68,0.27941176470588236,0.08948123529411765,17.593105882352944,1.1830591704021756
GG,VT,102,0.2549019607843137,0.04383113725490196,19.445239215686275,1.1814015068036325
AA,PE,37,0.32432432432432434,0.08518267567567568,17.601851351351353,1.179757673424774
AC,NL,37,0.32432432432432434,0.046939162162162165,18.389991891891892,1.179757673424774
AT,IV,37,0.32432432432432434,0.10540754054054055,17.122194594594596,1.179757673424774
AT,VL,37,0.32432432432432434,0.054168783783783786,18.019586486486485,1.179757673424774
GA,AK,37,0.32432432432432434,0.06203497297297297,17.68084054054054,1.179757673424774
GA,DI,59,0.288135593220339,0.04557022033898305,18.051481355932204,1.179726399284334
CG,VT,50,0.3,0.107218,19.358682,1.1795476898172976
TC,LP,50,0.3,0.06343364,18.525164,1.1795476898172976
CA,KN,21,0.38095238095238093,0.06634676190476191,18.499038095238095,1.1775399822317394
CG,KN,21,0.38095238095238093,0.07193252380952381,16.758814285714283,1.1775399822317394
GA,TD,21,0.38095238095238093,0.14905742857142856,17.219147619047618,1.1775399822317394
GA,VC,21,0.38095238095238093,0.08379323809523809,17.05167619047619,1.1775399822317394
TA,IQ,21,0.38095238095238093,0.07090104761904763,15.92235238095238,1.1775399822317394
TC,FV,21,0.38095238095238093,0.09176580952380953,17.071361904761904,1.1775399822317394
TC,SA,21,0.38095238095238093,0.07727219047619048,16.58307142857143,1.1775399822317394
TT,WP,21,0.38095238095238093,0.1604152857142857,16.801095238095236,1.1775399822317394
AA,QP,33,0.3333333333333333,0.09155603030303029,18.11508484848485,1.1754535082053872
AG,QD,33,0.3333333333333333,0.06350333333333334,19.821878787878788,1.1754535082053872
AG,YL,33,0.3333333333333333,0.061098121212121215,18.26407575757576,1.1754535082053872
CG,GV,33,0.3333333333333333,0.07221272727272728,17.92139090909091,1.1754535082053872
GA,IF,33,0.3333333333333333,0.06772824242424243,18.8060696969697,1.1754535082053872
GT,NW,33,0.3333333333333333,0.11987024242424242,17.40242121212121,1.1754535082053872
CG,SQ,64,0.28125,0.0944528125,17.543734375,1.174046419658148
GT,EL,88,0.26136363636363635,0.038446886363636364,19.267504545454546,1.1731663239072638
AA,AP,25,0.36,0.07732051999999999,17.403952,1.1729147536877336
GA,FK,25,0.36,0.08189248,17.104832,1.1729147536877336
GA,PD,25,0.36,0.06755284,16.867296,1.1729147536877336
GC,TQ,25,0.36,0.06255796,18.465052,1.1729147536877336
CA,GF,29,0.3448275862068966,0.17183706896551723,16.807924137931035,1.1728266833317778
CG,DK,29,0.3448275862068966,0.09300403448275862,17.01088620689655,1.1728266833317778
GA,PQ,29,0.3448275862068966,0.115166,17.290824137931033,1.1728266833317778
GA,YY,29,0.3448275862068966,0.05512396551724138,18.143410344827586,1.1728266833317778
GC,RV,29,0.3448275862068966,0.08758810344827585,16.994910344827584,1.1728266833317778
GT,EN,29,0.3448275862068966,0.10147368965517242,18.410537931034483,1.1728266833317778
TT,EQ,55,0.2909090909090909,0.06470607272727273,16.657765454545455,1.1710114009411343
GC,VT,60,0.2833333333333333,0.07855078333333335,18.670415,1.1647475948491048
AA,YQ,42,0.30952380952380953,0.07322521428571428,18.125821428571427,1.1641809881908647
AG,AV,42,0.30952380952380953,0.052339785714285714,17.24920476190476,1.1641809881908647
GC,IE,42,0.30952380952380953,0.10047778571428571,17.383380952380953,1.1641809881908647
GC,KD,42,0.30952380952380953,0.05561752380952382,19.165683333333334,1.1641809881908647
TC,QA,42,0.30952380952380953,0.08671452380952381,17.021876190476192,1.1641809881908647
TT,NK,42,0.30952380952380953,0.125179,18.16895238095238,1.1641809881908647
AA,AL,51,0.29411764705882354,0.04442803921568628,19.32862745098039,1.1621305054651259
TG,FY,51,0.29411764705882354,0.05703282352941177,18.693849019607843,1.1621305054651259
AA,GN,14,0.42857142857142855,0.07370314285714286,17.426871428571427,1.1605929433295186
AC,CL,14,0.42857142857142855,0.15905214285714284,15.243242857142857,1.1605929433295186
AC,CN,14,0.42857142857142855,0.055443000000000006,16.915664285714286,1.1605929433295186
AC,SM,14,0.42857142857142855,0.064289,16.83407857142857,1.1605929433295186
AG,MI,14,0.42857142857142855,0.16006557142857142,16.107135714285715,1.1605929433295186
AG,QV,14,0.42857142857142855,0.17640371428571427,15.960357142857143,1.1605929433295186
AT,AP,14,0.42857142857142855,0.146045,16.19772142857143,1.1605929433295186
AT,DT,14,0.42857142857142855,0.10324135714285713,16.79315,1.1605929433295186
CC,NH,14,0.42857142857142855,0.1288317142857143,15.734485714285714,1.1605929433295186
GA,PT,14,0.42857142857142855,0.13091228571428573,16.05157857142857,1.1605929433295186
GC,MT,14,0.42857142857142855,0.053132,16.513535714285716,1.1605929433295186
GG,CN,14,0.42857142857142855,0.07409342857142857,16.242978571428573,1.1605929433295186
GG,PT,14,0.42857142857142855,0.1408742857142857,15.611142857142857,1.1605929433295186
GT,CK,14,0.42857142857142855,0.11645507142857144,16.792992857142856,1.1605929433295186
GT,YC,14,0.42857142857142855,0.08107228571428571,16.830492857142854,1.1605929433295186
TC,EP,14,0.42857142857142855,0.11990521428571428,16.863514285714285,1.1605929433295186
TG,CR,14,0.42857142857142855,0.24716357142857143,13.779528571428571,1.1605929433295186
GT,VA,70,0.2714285714285714,0.050088685714285715,18.979538571428574,1.1570131094826426
TG,RV,70,0.2714285714285714,0.08344971428571428,18.044127142857143,1.1570131094826426
AA,RA,38,0.3157894736842105,0.06641602631578947,18.080086842105263,1.1569142040409408
AC,TA,38,0.3157894736842105,0.04833594736842105,16.716847368421053,1.1569142040409408
GC,TL,38,0.3157894736842105,0.05575686842105263,18.343236842105263,1.1569142040409408
AG,SL,56,0.2857142857142857,0.048264410714285715,18.361839285714286,1.1551575050955858
CC,SG,47,0.2978723404255319,0.09039942553191489,19.16828085106383,1.1531237053768186
TT,WY,47,0.2978723404255319,0.08880853191489362,16.617465957446807,1.1531237053768186
CT,IL,34,0.3235294117647059,0.09327408823529412,17.365329411764705,1.1502596669524574
GC,LD,34,0.3235294117647059,0.11061547058823529,17.826326470588235,1.1502596669524574
TC,QY,34,0.3235294117647059,0.051489382352941176,16.86114705882353,1.1502596669524574
GG,NL,148,0.22972972972972974,0.039589912162162164,18.683938513513514,1.1495552324469298
GC,DI,52,0.28846153846153844,0.04784144230769231,18.690921153846155,1.1452765135246505
AA,SW,18,0.3888888888888889,0.11899788888888889,16.043505555555555,1.1450596030091713
AA,TD,18,0.3888888888888889,0.18957016666666668,17.247349999999997,1.1450596030091713
AG,GC,18,0.3888888888888889,0.1355023333333333,17.91251111111111,1.1450596030091713
AT,SV,18,0.3888888888888889,0.13472494444444444,16.465922222222222,1.1450596030091713
AT,TE,18,0.3888888888888889,0.056786388888888886,17.487877777777776,1.1450596030091713
CG,KW,18,0.3888888888888889,0.14372555555555555,18.09825,1.1450596030091713
CT,SY,18,0.3888888888888889,0.11874377777777778,16.16243888888889,1.1450596030091713
GC,RM,18,0.3888888888888889,0.1537245,15.436433333333333,1.1450596030091713
TA,DE,18,0.3888888888888889,0.10547394444444444,14.675966666666666,1.1450596030091713
TC,VV,18,0.3888888888888889,0.08280549999999999,17.3722,1.1450596030091713
TT,FG,18,0.3888888888888889,0.22833655555555557,15.438111111111112,1.1450596030091713
TT,MA,18,0.3888888888888889,0.0366435,17.447116666666666,1.1450596030091713
GG,DG,101,0.24752475247524752,0.045495069306930695,20.26039801980198,1.1447952508129382
AG,TT,30,0.3333333333333333,0.11322133333333334,17.037826666666668,1.1446624014950486
CA,SD,30,0.3333333333333333,0.14145856666666665,18.05753,1.1446624014950486
CT,DK,30,0.3333333333333333,0.06504436666666666,18.920926666666666,1.1446624014950486
TC,TP,30,0.3333333333333333,0.08012626666666667,18.374276666666667,1.1446624014950486
AG,VA,43,0.3023255813953488,0.04838274418604652,18.507118604651165,1.1440573311845905
GG,TI,96,0.25,0.04537741666666667,19.612527083333333,1.1436777446258457
GT,LE,86,0.2558139534883721,0.03215323255813954,20.545117441860466,1.142441611748847
GG,DS,117,0.23931623931623933,0.033761564102564104,19.445096581196584,1.1417023032909284
GA,AQ,26,0.34615384615384615,0.05074176923076923,16.92978846153846,1.140866607463037
AC,QR,22,0.36363636363636365,0.09780059090909092,17.694713636363637,1.1401797148833273
AT,DV,22,0.36363636363636365,0.09960613636363637,17.08923181818182,1.1401797148833273
CA,PG,22,0.36363636363636365,0.055301590909090904,16.463686363636363,1.1401797148833273
CG,AQ,22,0.36363636363636365,0.07747877272727273,17.37175909090909,1.1401797148833273
GT,DT,22,0.36363636363636365,0.06009163636363637,16.45500909090909,1.1401797148833273
TA,KS,22,0.36363636363636365,0.11846654545454545,16.81788636363636,1.1401797148833273
TA,NR,22,0.36363636363636365,0.0708460909090909,17.552586363636365,1.1401797148833273
AC,VT,57,0.2807017543859649,0.10032915789473684,18.436945614035086,1.1397734766446088
AG,GS,57,0.2807017543859649,0.07660380701754387,17.490350877192984,1.1397734766446088
AG,NL,57,0.2807017543859649,0.043034789473684214,19.27091052631579,1.1397734766446088
AA,LT,62,0.27419354838709675,0.03326601612903226,18.617991935483868,1.1360208120750976
CA,VT,48,0.2916666666666667,0.1362829375,17.951854166666667,1.1351142536155994
GT,VG,48,0.2916666666666667,0.06408308333333333,19.08732708333333,1.1351142536155994
AA,PV,39,0.3076923076923077,0.0854411794871795,18.090215384615387,1.1350398320350574
AC,IA,39,0.3076923076923077,0.044071564102564104,18.970597435897435,1.1350398320350574
AC,PE,39,0.3076923076923077,0.07248407692307691,17.582512820512818,1.1350398320350574
GA,AN,39,0.3076923076923077,0.049703256410256406,18.943915384615384,1.1350398320350574
GA,SQ,39,0.3076923076923077,0.07459987179487179,17.770484615384614,1.1350398320350574
GT,AT,39,0.3076923076923077,0.05736135897435898,18.205484615384616,1.1350398320350574
GT,IT,39,0.3076923076923077,0.05643723076923076,18.604602564102564,1.1350398320350574
TG,DV,39,0.3076923076923077,0.13276376923076924,17.981879487179487,1.1350398320350574
GG,YA,67,0.26865671641791045,0.03656129850746268,18.098350746268657,1.1335990849726854
GC,VQ,82,0.25609756097560976,0.07833142682926829,18.44648292682927,1.1316543019966898
CC,TA,77,0.2597402597402597,0.0545232987012987,19.223922077922076,1.1316126822570367
AC,CC,11,0.45454545454545453,0.05366354545454546,15.916436363636365,1.1295030226309093
AC,PC,11,0.45454545454545453,0.05542018181818182,15.99388181818182,1.1295030226309093
AG,NG,11,0.45454545454545453,0.07507181818181818,16.851518181818182,1.1295030226309093
AT,AF,11,0.45454545454545453,0.1081679090909091,16.453654545454544,1.1295030226309093
AT,AV,11,0.45454545454545453,0.11460772727272728,15.839336363636363,1.1295030226309093
AT,FK,11,0.45454545454545453,0.18389027272727274,15.432854545454546,1.1295030226309093
AT,QT,11,0.45454545454545453,0.10511527272727274,14.70240909090909,1.1295030226309093
AT,SE,11,0.45454545454545453,0.09426745454545454,17.297,1.1295030226309093
CA,HP,11,0.45454545454545453,0.1871087272727273,15.224518181818182,1.1295030226309093
CC,CL,11,0.45454545454545453,0.17051727272727274,16.327745454545454,1.1295030226309093
GA,PN,11,0.45454545454545453,0.1524630909090909,14.294954545454546,1.1295030226309093
GC,VM,11,0.45454545454545453,0.05828772727272727,17.92928181818182,1.1295030226309093
GG,TM,11,0.45454545454545453,0.06289545454545455,15.308963636363638,1.1295030226309093
TA,AH,11,0.45454545454545453,0.08768463636363637,14.408781818181819,1.1295030226309093
TA,CL,11,0.45454545454545453,0.1885848181818182,14.48030909090909,1.1295030226309093
TA,FI,11,0.45454545454545453,0.08283563636363636,15.90989090909091,1.1295030226309093
TA,QD,11,0.45454545454545453,0.1450861818181818,16.185163636363637,1.1295030226309093
TA,VN,11,0.45454545454545453,0.09886881818181817,15.792654545454546,1.1295030226309093
TC,TC,11,0.45454545454545453,0.12887045454545454,15.852163636363638,1.1295030226309093
TC,VM,11,0.45454545454545453,0.10158609090909089,16.24895454545455,1.1295030226309093
TG,HW,11,0.45454545454545453,0.13041572727272727,14.644263636363638,1.1295030226309093
AG,SG,53,0.2830188679245283,0.07157058490566037,18.028211320754718,1.1289577490276248
CG,RL,53,0.2830188679245283,0.07082050943396226,19.202111320754717,1.1289577490276248
CA,EW,35,0.3142857142857143,0.05570691428571429,18.760548571428572,1.126248809229063
GA,GV,35,0.3142857142857143,0.06779400000000001,17.645017142857142,1.126248809229063
AA,QI,58,0.27586206896551724,0.07412181034482758,19.58891551724138,1.1248379155601986
AA,LD,44,0.29545454545454547,0.08220920454545455,18.619911363636366,1.1246957356139582
CA,SK,44,0.29545454545454547,0.04970236363636364,17.43079090909091,1.1246957356139582
CG,LK,109,0.23853211009174313,0.08359690825688072,18.85672660550459,1.1212155000972737
GG,RV,68,0.2647058823529412,0.07793024999999999,18.592507352941176,1.1207928982757451
CC,KW,78,0.2564102564102564,0.07543555128205129,18.351039743589745,1.120371244222313
CA,LA,31,0.3225806451612903,0.06764029032258063,17.589703225806453,1.1179793234837827
CA,VY,31,0.3225806451612903,0.15889648387096775,16.308983870967744,1.1179793234837827
CG,NF,31,0.3225806451612903,0.06782706451612903,17.550329032258066,1.1179793234837827
GA,YE,31,0.3225806451612903,0.11955751612903226,17.79788064516129,1.1179793234837827
TG,GE,31,0.3225806451612903,0.10265216129032258,18.376093548387097,1.1179793234837827
GT,KY,49,0.2857142857142857,0.09257402040816326,18.41459387755102,1.117720858693756
TG,KP,49,0.2857142857142857,0.11614416326530612,17.427326530612245,1.117720858693756
AG,DF,40,0.3,0.041034150000000005,18.631355,1.1140716200112923
GG,MS,40,0.3,0.080009175,17.696925,1.1140716200112923
GT,EV,54,0.2777777777777778,0.052285185185185185,19.292785185185185,1.11314810700902
GT,GL,54,0.2777777777777778,0.0572515,18.577388888888887,1.11314810700902
AA,TG,27,0.3333333333333333,0.0709821111111111,17.337792592592592,1.1107348367250678
AG,AN,27,0.3333333333333333,0.05595822222222222,17.497166666666665,1.1107348367250678
CG,GG,27,0.3333333333333333,0.10082737037037036,18.38015925925926,1.1107348367250678
GA,NE,27,0.3333333333333333,0.11539055555555555,17.53802962962963,1.1107348367250678
GT,AQ,27,0.3333333333333333,0.07869259259259259,17.258337037037037,1.1107348367250678
TC,KE,27,0.3333333333333333,0.06672796296296296,18.25744074074074,1.1107348367250678
AG,LD,59,0.2711864406779661,0.06305005084745763,19.43669491525424,1.1103307287381967
AA,NY,15,0.4,0.04980806666666667,18.188753333333334,1.1090354888959124
AT,II,15,0.4,0.11466533333333334,15.936446666666667,1.1090354888959124
CA,TC,15,0.4,0.24848386666666666,14.782046666666666,1.1090354888959124
CG,AC,15,0.4,0.05453213333333333,18.118826666666667,1.1090354888959124
CG,FN,15,0.4,0.1771226,15.258693333333333,1.1090354888959124
CT,EE,15,0.4,0.04299933333333333,18.603973333333332,1.1090354888959124
CT,FE,15,0.4,0.10748366666666667,17.26688,1.1090354888959124
GA,CK,15,0.4,0.21980826666666667,15.686193333333334,1.1090354888959124
GA,HN,15,0.4,0.08947366666666667,16.573606666666667,1.1090354888959124
GA,IN,15,0.4,0.0619646,18.122433333333333,1.1090354888959124
GG,MP,15,0.4,0.12458466666666666,17.126873333333332,1.1090354888959124
GT,EM,15,0.4,0.06467146666666666,17.052473333333335,1.1090354888959124
GT,TM,15,0.4,0.08804413333333333,15.546093333333333,1.1090354888959124
TA,AD,15,0.4,0.0791154,17.58706,1.1090354888959124
TA,EF,15,0.4,0.06078533333333334,16.634833333333333,1.1090354888959124
TA,GV,15,0.4,0.09989293333333334,16.571900000000003,1.1090354888959124
TA,QS,15,0.4,0.12620773333333332,15.328473333333333,1.1090354888959124
TA,RN,15,0.4,0.0809164,16.73526,1.1090354888959124
TA,VM,15,0.4,0.08719199999999999,16.7145,1.1090354888959124
TA,YD,15,0.4,0.0803326,17.098906666666668,1.1090354888959124
TC,DR,15,0.4,0.10812519999999999,16.59052,1.1090354888959124
TT,FA,15,0.4,0.1081446,18.312186666666666,1.1090354888959124
TT,IN,15,0.4,0.27582106666666667,15.798399999999999,1.1090354888959124
GA,IY,64,0.265625,0.0512499375,19.7975828125,1.1088216185660285
CC,QN,45,0.28888888888888886,0.10005002222222223,19.95768222222222,1.1060519589857385
TG,GL,45,0.28888888888888886,0.05577762222222222,19.19071111111111,1.1060519589857385
AA,RV,23,0.34782608695652173,0.14506452173913043,16.18498695652174,1.1054100279471115
AC,DP,23,0.34782608695652173,0.05565082608695652,17.506360869565217,1.1054100279471115
AG,AP,23,0.34782608695652173,0.08353534782608696,18.271504347826088,1.1054100279471115
AG,CE,23,0.34782608695652173,0.10579221739130436,18.320921739130434,1.1054100279471115
AG,VM,23,0.34782608695652173,0.05576013043478261,18.703978260869565,1.1054100279471115
AT,GP,23,0.34782608695652173,0.08442830434782608,16.765686956521737,1.1054100279471115
CA,AI,23,0.34782608695652173,0.03326586956521739,19.574278260869566,1.1054100279471115
TA,KY,23,0.34782608695652173,0.05639978260869566,19.381182608695653,1.1054100279471115
TA,VG,23,0.34782608695652173,0.0728531304347826,17.26503043478261,1.1054100279471115
TG,LY,23,0.34782608695652173,0.14806095652173915,16.58379565217391,1.1054100279471115
TT,MD,23,0.34782608695652173,0.055943695652173914,19.903108695652175,1.1054100279471115
AG,FQ,19,0.3684210526315789,0.13306984210526315,16.337094736842108,1.1036908376251544
AG,GE,19,0.3684210526315789,0.09639963157894738,16.960473684210527,1.1036908376251544
AT,RD,19,0.3684210526315789,0.13411026315789473,18.396757894736844,1.1036908376251544
CG,YT,19,0.3684210526315789,0.050298947368421054,16.69994736842105,1.1036908376251544
GA,WP,19,0.3684210526315789,0.049323157894736847,18.442915789473684,1.1036908376251544
CT,SS,36,0.3055555555555556,0.07594875,18.00416388888889,1.103336028863513
GA,GP,36,0.3055555555555556,0.052269777777777776,18.264022222222223,1.103336028863513
GA,SL,36,0.3055555555555556,0.09601591666666667,18.884830555555553,1.103336028863513
GC,QD,36,0.3055555555555556,0.05592280555555556,18.632944444444448,1.103336028863513
TG,LR,90,0.24444444444444444,0.05889046666666667,18.30801888888889,1.1026545460374522
CG,TI,50,0.28,0.09913593999999999,16.52713,1.1009111771628113
TG,AF,50,0.28,0.0619974,19.569660000000002,1.1009111771628113
AA,RH,8,0.5,0.177625,14.579925,1.0986122886681098
AC,KH,8,0.5,0.117993625,12.908537500000001,1.0986122886681098
AT,HG,8,0.5,0.070010375,14.9170625,1.0986122886681098
AT,ML,8,0.5,0.06705662500000001,15.13595,1.0986122886681098
AT,RH,8,0.5,0.2751735,13.1529875,1.0986122886681098
AT,YL,8,0.5,0.20732,13.9845625,1.0986122886681098
CA,IW,8,0.5,0.075577375,15.009912499999999,1.0986122886681098
CG,GN,8,0.5,0.184999875,15.4751375,1.0986122886681098
CG,VC,8,0.5,0.053339375,17.1746875,1.0986122886681098
CT,MA,8,0.5,0.07240437499999999,17.0334875,1.0986122886681098
CT,MF,8,0.5,0.09603825,15.9809875,1.0986122886681098
CT,MI,8,0.5,0.120496625,15.022875,1.0986122886681098
GA,CQ,8,0.5,0.13203299999999998,13.7608875,1.0986122886681098
GC,CI,8,0.5,0.10211962499999999,15.677075,1.0986122886681098
GC,TH,8,0.5,0.059715000000000004,17.563925,1.0986122886681098
GT,CN,8,0.5,0.09481925,17.0612125,1.0986122886681098
TC,VY,8,0.5,0.174921,16.8341875,1.0986122886681098
TG,WN,8,0.5,0.15117599999999998,14.33345,1.0986122886681098
AC,CM,2,1.0,0.1831985,9.3547,1.0986122886681098
AC,HC,2,1.0,0.241149,7.68985,1.0986122886681098
AC,WM,2,1.0,0.111934,10.781649999999999,1.0986122886681098
AT,CY,2,1.0,0.210995,8.2238,1.0986122886681098
AT,YP,2,1.0,0.235285,8.8363,1.0986122886681098
CG,CD,2,1.0,0.227259,8.72695,1.0986122886681098
CT,TM,2,1.0,0.173462,9.51745,1.0986122886681098
GA,HK,2,1.0,0.2874675,7.30625,1.0986122886681098
GA,HY,2,1.0,0.7391045,3.25915,1.0986122886681098
GC,QF,2,1.0,0.11556849999999999,10.684000000000001,1.0986122886681098
GT,MH,2,1.0,0.404416,5.79655,1.0986122886681098
TA,IM,2,1.0,0.410079,6.4106499999999995,1.0986122886681098
TA,WY,2,1.0,0.249329,7.5559,1.0986122886681098
TG,FM,2,1.0,0.4534,5.3317499999999995,1.0986122886681098
TG,HY,2,1.0,0.5161990000000001,5.59185,1.0986122886681098
TG,MH,2,1.0,0.31660849999999996,7.68665,1.0986122886681098
TT,HN,2,1.0,0.11301,10.7213,1.0986122886681098
AG,IV,55,0.2727272727272727,0.07818936363636364,17.572414545454546,1.0978231883823135
GT,GQ,55,0.2727272727272727,0.06661787272727272,19.386103636363636,1.0978231883823135
GG,SD,157,0.21656050955414013,0.033796242038216566,19.555514012738854,1.0963581600185788
AA,GK,41,0.2926829268292683,0.09822743902439025,18.229378048780486,1.0939520834000103
AC,VV,41,0.2926829268292683,0.05525092682926829,17.809560975609756,1.0939520834000103
CG,RA,32,0.3125,0.09514034375,18.345696875,1.0926586129582752
CT,AA,32,0.3125,0.0452539375,18.6871,1.0926586129582752
TA,AS,32,0.3125,0.07776721874999999,18.14691875,1.0926586129582752
TA,PE,32,0.3125,0.04758571875,17.7412875,1.0926586129582752
TG,KE,86,0.2441860465116279,0.06798793023255813,20.394677906976742,1.090512447578445
AG,KD,46,0.2826086956521739,0.08177880434782608,18.498265217391303,1.088085191787625
AG,TA,51,0.27450980392156865,0.06675072549019608,18.91464117647059,1.0846551384341174
AG,VI,51,0.27450980392156865,0.07484917647058824,17.9689568627451,1.0846551384341174
GC,KQ,51,0.27450980392156865,0.0696747843137255,18.522419607843137,1.0846551384341174
GG,AN,56,0.26785714285714285,0.045280071428571426,18.716225,1.0829601610271116
AC,GL,61,0.26229508196721313,0.04629614754098361,19.471462295081967,1.082527051815106
AT,LD,28,0.32142857142857145,0.09003303571428571,16.680892857142858,1.0823450882099381
GG,GD,114,0.22807017543859648,0.036847122807017546,20.004294736842105,1.0821775029600396
CG,PP,37,0.2972972972972973,0.04264091891891892,18.868697297297295,1.0814445339727092
CT,VL,37,0.2972972972972973,0.055783918918918915,18.305545945945948,1.0814445339727092
TG,SI,37,0.2972972972972973,0.06922116216216216,18.376705405405403,1.0814445339727092
AA,DC,5,0.6,0.1607246,13.47458,1.0750556815368328
AA,YC,5,0.6,0.0507316,14.280180000000001,1.0750556815368328
AC,FI,5,0.6,0.113062,13.896899999999999,1.0750556815368328
AC,GH,5,0.6,0.1892706,12.796600000000002,1.0750556815368328
AC,HD,5,0.6,0.20978059999999998,14.27834,1.0750556815368328
AG,HY,5,0.6,0.2814566,14.13468,1.0750556815368328
AT,CI,5,0.6,0.14434560000000002,13.8616,1.0750556815368328
AT,GN,5,0.6,0.0855234,14.19574,1.0750556815368328
CA,MA,5,0.6,0.19397,13.338519999999999,1.0750556815368328
CC,CN,5,0.6,0.11312,15.72944,1.0750556815368328
CG,GC,5,0.6,0.1306154,14.07202,1.0750556815368328
CG,WN,5,0.6,0.1817856,14.998919999999998,1.0750556815368328
CT,IM,5,0.6,0.2964292,11.39902,1.0750556815368328
GC,AM,5,0.6,0.1653338,14.05598,1.0750556815368328
GC,WL,5,0.6,0.11405699999999999,13.048060000000001,1.0750556815368328
GG,GH,5,0.6,0.1527762,14.998099999999999,1.0750556815368328
GG,YH,5,0.6,0.2041584,10.925279999999999,1.0750556815368328
TA,HR,5,0.6,0.2031808,13.80856,1.0750556815368328
TA,MN,5,0.6,0.167026,15.223099999999999,1.0750556815368328
TA,TC,5,0.6,0.12739119999999998,14.2237,1.0750556815368328
TG,HD,5,0.6,0.08574380000000001,16.11768,1.0750556815368328
TG,HN,5,0.6,0.1050942,15.287099999999999,1.0750556815368328
TG,WF,5,0.6,0.2466612,11.35922,1.0750556815368328
TT,HI,5,0.6,0.0842,14.87542,1.0750556815368328
TT,HY,5,0.6,0.3453386,13.26606,1.0750556815368328
GT,YA,42,0.2857142857142857,0.07020128571428572,18.012040476190474,1.0746286044838749
AG,VP,24,0.3333333333333333,0.06481941666666667,18.68339166666667,1.0729586082894
AT,IF,24,0.3333333333333333,0.103867,18.019358333333333,1.0729586082894
CA,KG,24,0.3333333333333333,0.10516674999999999,17.992908333333332,1.0729586082894
CA,VP,24,0.3333333333333333,0.05658908333333334,17.582470833333335,1.0729586082894
CA,WI,24,0.3333333333333333,0.12852041666666666,15.903187500000001,1.0729586082894
CT,GF,24,0.3333333333333333,0.05675745833333334,18.290041666666667,1.0729586082894
CT,VA,24,0.3333333333333333,0.039794625,18.409370833333334,1.0729586082894
GA,AT,24,0.3333333333333333,0.04734908333333334,18.327095833333335,1.0729586082894
TG,MD,24,0.3333333333333333,0.06632929166666666,18.841304166666667,1.0729586082894
AA,AV,47,0.2765957446808511,0.07820968085106382,17.103397872340427,1.0707577264213317
GT,VI,62,0.25806451612903225,0.061177725806451616,20.40539193548387,1.0691960584236213
GT,AG,52,0.2692307692307692,0.11822832692307692,18.671475,1.0689247459563405
GT,KP,52,0.2692307692307692,0.04067298076923077,18.361223076923075,1.0689247459563405
TC,VK,52,0.2692307692307692,0.05564503846153846,19.03483653846154,1.0689247459563405
AA,DQ,12,0.4166666666666667,0.04551525,17.965725,1.068728898942307
AC,GC,12,0.4166666666666667,0.11869775,16.389591666666664,1.068728898942307
AG,FM,12,0.4166666666666667,0.09594141666666667,13.825416666666667,1.068728898942307
AT,ED,12,0.4166666666666667,0.081777,18.625633333333333,1.068728898942307
AT,NI,12,0.4166666666666667,0.14637258333333333,18.16595,1.068728898942307
AT,YD,12,0.4166666666666667,0.22374899999999998,14.844308333333332,1.068728898942307
CC,FE,12,0.4166666666666667,0.1162795,17.298708333333334,1.068728898942307
CG,GE,12,0.4166666666666667,0.12235391666666667,15.322275,1.068728898942307
GA,NW,12,0.4166666666666667,0.07851908333333334,15.840408333333334,1.068728898942307
GC,MA,12,0.4166666666666667,0.1332084166666667,16.878058333333332,1.068728898942307
GG,DM,12,0.4166666666666667,0.06768208333333332,16.43935,1.068728898942307
GG,DQ,12,0.4166666666666667,0.10063066666666666,16.365375,1.068728898942307
TA,NI,12,0.4166666666666667,0.13483425000000002,17.497966666666667,1.068728898942307
TA,NW,12,0.4166666666666667,0.23151075,12.60275,1.068728898942307
TA,QM,12,0.4166666666666667,0.134501,15.525016666666668,1.068728898942307
TA,SN,12,0.4166666666666667,0.06601866666666667,17.6435,1.068728898942307
TC,ED,12,0.4166666666666667,0.07843116666666666,16.827141666666666,1.068728898942307
TC,NF,12,0.4166666666666667,0.13788291666666666,15.723175,1.068728898942307
TC,PY,12,0.4166666666666667,0.12923158333333332,16.087908333333335,1.068728898942307
TG,CK,12,0.4166666666666667,0.2278639166666667,14.785408333333335,1.068728898942307
GT,EE,33,0.30303030303030304,0.09053587878787878,18.139336363636364,1.0685940983685338
TC,SS,33,0.30303030303030304,0.06252539393939394,18.496681818181816,1.0685940983685338
TT,GF,33,0.30303030303030304,0.08156878787878788,18.807954545454546,1.0685940983685338
GG,GR,57,0.2631578947368421,0.06638475438596492,19.667240350877194,1.0685376343543207
CG,EV,83,0.24096385542168675,0.061826710843373496,18.383372289156625,1.0676666985164611
AG,DD,20,0.35,0.12356,17.96318,1.065582853203198
AG,FC,20,0.35,0.0668358,18.209395,1.065582853203198
AT,VN,20,0.35,0.1148282,16.520875,1.065582853203198
CA,VV,20,0.35,0.12322915000000001,16.208750000000002,1.065582853203198
CT,WR,20,0.35,0.15634355,17.680785,1.065582853203198
GA,ED,20,0.35,0.12792135,17.776585,1.065582853203198
GA,GM,20,0.35,0.16562190000000002,16.137295,1.065582853203198
GA,MI,20,0.35,0.17625275,16.65781,1.065582853203198
GT,NS,20,0.35,0.06171395,17.38261,1.065582853203198
TA,AF,20,0.35,0.0434331,18.570915,1.065582853203198
TC,AQ,20,0.35,0.06411285,17.519845,1.065582853203198
TC,TI,20,0.35,0.06963885,18.429395,1.065582853203198
TT,CE,20,0.35,0.19143475000000001,15.887980000000002,1.065582853203198
AA,ED,16,0.375,0.124718875,17.81625625,1.0624550040210812
CA,VF,16,0.375,0.1342575625,17.8189875,1.0624550040210812
CT,NI,16,0.375,0.086808375,14.860850000000001,1.0624550040210812
GA,MA,16,0.375,0.0389635,18.98703125,1.0624550040210812
GC,VH,16,0.375,0.11159293749999999,18.15576875,1.0624550040210812
TA,RV,16,0.375,0.100181125,16.74401875,1.0624550040210812
TA,YV,16,0.375,0.0985666875,15.7450375,1.0624550040210812
TG,DQ,16,0.375,0.095883,16.9841625,1.0624550040210812
AC,EK,63,0.25396825396825395,0.0972974126984127,19.01180952380952,1.056224275138964
GT,VT,63,0.25396825396825395,0.0503724126984127,18.765385714285713,1.056224275138964
CT,EK,43,0.27906976744186046,0.0666266976744186,18.597206976744186,1.0560529210934682
GT,LS,43,0.27906976744186046,0.06763039534883722,17.762127906976744,1.0560529210934682
AA,EE,29,0.3103448275862069,0.05081696551724138,19.49551379310345,1.0555440149986
GC,DA,29,0.3103448275862069,0.052411689655172414,19.428106896551725,1.0555440149986
CC,IA,58,0.25862068965517243,0.04416117241379311,18.371201724137933,1.0545355458376862
TG,EQ,48,0.2708333333333333,0.08929668750000001,18.58895625,1.0540346640716278
GA,IV,79,0.24050632911392406,0.05516683544303797,19.05679240506329,1.0539051399848576
GA,LD,53,0.2641509433962264,0.07260907547169812,18.93196037735849,1.0536938990924498
GG,YD,74,0.24324324324324326,0.07449913513513513,18.260393243243243,1.050199811400724
CC,KA,119,0.2184873949579832,0.04702027731092437,18.936212605042016,1.046006599263304
AC,EI,34,0.29411764705882354,0.05797111764705882,17.445238235294116,1.0456906063204159
CT,SG,34,0.29411764705882354,0.08627720588235294,17.9482,1.0456906063204159
TG,NF,34,0.29411764705882354,0.08406458823529411,17.736076470588237,1.0456906063204159
GC,LL,91,0.23076923076923078,0.05381242857142857,19.732869230769232,1.0434896716267017
AC,IT,25,0.32,0.06530484,17.335752,1.0425908921668743
AC,WI,25,0.32,0.10801612000000001,15.498555999999999,1.0425908921668743
AG,TD,25,0.32,0.1431182,16.58878,1.0425908921668743
AG,WV,25,0.32,0.05326948,17.395924,1.0425908921668743
CA,WV,25,0.32,0.036792319999999996,20.2208,1.0425908921668743
CG,FQ,25,0.32,0.08266004,17.622508,1.0425908921668743
GG,FC,25,0.32,0.047713,18.750676000000002,1.0425908921668743
TA,TL,25,0.32,0.0840064,17.021884,1.0425908921668743
TG,YW,25,0.32,0.13969544,16.339792,1.0425908921668743
TT,LM,25,0.32,0.05519172,16.823695999999998,1.0425908921668743
GG,FE,59,0.2542372881355932,0.05052754237288136,17.788230508474577,1.0409350581920593
AC,VP,39,0.28205128205128205,0.04253423076923076,17.466687179487177,1.0404531793654692
CG,PL,75,0.24,0.03835842666666667,20.218429333333333,1.0393760016687195
TG,GT,44,0.2727272727272727,0.08603604545454545,18.634070454545455,1.0381806790282688
CC,KH,49,0.2653061224489796,0.08100120408163265,18.330404081632654,1.037883654501345
GG,EI,207,0.1932367149758454,0.05243116425120773,18.995514975845413,1.0314083245799648
AC,GD,21,0.3333333333333333,0.1081042380952381,17.508938095238097,1.030347484452772
AG,DE,21,0.3333333333333333,0.0482092380952381,19.55872380952381,1.030347484452772
CA,EP,21,0.3333333333333333,0.06937185714285714,18.253757142857143,1.030347484452772
CA,PV,21,0.3333333333333333,0.054031095238095246,18.869538095238095,1.030347484452772
CG,QE,21,0.3333333333333333,0.059790333333333334,19.935109523809523,1.030347484452772
GG,DT,21,0.3333333333333333,0.052338857142857145,17.725814285714286,1.030347484452772
AA,NR,30,0.3,0.13208623333333333,18.112336666666668,1.030196161345544
CA,AT,30,0.3,0.07952963333333334,18.30127666666667,1.030196161345544
CT,PS,30,0.3,0.055203133333333335,18.65870333333333,1.030196161345544
GC,NK,30,0.3,0.15728373333333331,18.659966666666666,1.030196161345544
TG,NE,30,0.3,0.1579367,16.331106666666667,1.030196161345544
GG,FA,60,0.25,0.029129183333333333,19.49888,1.0277184660433278
GA,KL,110,0.21818181818181817,0.049482681818181815,19.02919090909091,1.0275338621045091
CG,LT,93,0.22580645161290322,0.03613677419354839,19.922105376344085,1.0259052734158074
CC,LT,196,0.19387755102040816,0.029130295918367348,19.696642857142855,1.02429460046961
GC,LA,71,0.23943661971830985,0.053106887323943655,18.490936619718312,1.0239904792010273
GG,ML,71,0.23943661971830985,0.027373507042253522,19.004854929577466,1.0239904792010273
AA,LQ,35,0.2857142857142857,0.06307582857142857,19.48493714285714,1.0238625538446027
AG,NE,35,0.2857142857142857,0.04173674285714286,18.672105714285713,1.0238625538446027
AG,SP,35,0.2857142857142857,0.09505651428571428,17.801148571428573,1.0238625538446027
CA,DL,35,0.2857142857142857,0.0734030857142857,18.165662857142856,1.0238625538446027
CA,RA,35,0.2857142857142857,0.052449199999999994,18.199840000000002,1.0238625538446027
CG,FY,35,0.2857142857142857,0.04309842857142857,17.00038285714286,1.0238625538446027
GA,SW,35,0.2857142857142857,0.06738417142857142,18.98448857142857,1.0238625538446027
GG,AQ,35,0.2857142857142857,0.05121722857142857,18.671928571428573,1.0238625538446027
GT,WY,35,0.2857142857142857,0.06721154285714286,19.800697142857143,1.0238625538446027
AA,EP,9,0.4444444444444444,0.11163099999999998,18.095422222222222,1.023371152441798
AG,CC,9,0.4444444444444444,0.073742,14.361633333333335,1.023371152441798
AT,DR,9,0.4444444444444444,0.135975,16.721466666666668,1.023371152441798
CC,FH,9,0.4444444444444444,0.10830155555555555,16.4188,1.023371152441798
CC,NG,9,0.4444444444444444,0.098876,15.679966666666665,1.023371152441798
CT,HS,9,0.4444444444444444,0.09944477777777777,15.779744444444443,1.023371152441798
GA,DH,9,0.4444444444444444,0.14639799999999997,16.660355555555554,1.023371152441798
GC,IM,9,0.4444444444444444,0.2048268888888889,16.021244444444445,1.023371152441798
GC,VW,9,0.4444444444444444,0.13095011111111113,14.458966666666665,1.023371152441798
GT,IM,9,0.4444444444444444,0.23993622222222222,14.870144444444444,1.023371152441798
GT,QT,9,0.4444444444444444,0.08953677777777777,16.291822222222223,1.023371152441798
TC,FW,9,0.4444444444444444,0.07764155555555556,16.610477777777778,1.023371152441798
TC,QT,9,0.4444444444444444,0.14244877777777776,14.709944444444444,1.023371152441798
TC,VW,9,0.4444444444444444,0.079141,16.54391111111111,1.023371152441798
TG,AM,9,0.4444444444444444,0.07847211111111112,16.491633333333333,1.023371152441798
TG,VW,9,0.4444444444444444,0.08178611111111111,15.14341111111111,1.023371152441798
GC,VG,50,0.26,0.0502351,20.216217999999998,1.0222746645083247
GT,WV,50,0.26,0.08883113999999999,17.426208,1.0222746645083247
CA,VG,40,0.275,0.058010574999999995,18.836545,1.0212323183436847
CT,PI,40,0.275,0.02481285,19.3284625,1.0212323183436847
CT,VV,40,0.275,0.04487415,19.6023775,1.0212323183436847
CG,EK,45,0.26666666666666666,0.05831806666666666,19.15726,1.0209710390637587
AA,TT,17,0.35294117647058826,0.06299923529411766,18.055664705882354,1.0201312086692347
AC,KF,17,0.35294117647058826,0.08591611764705882,16.828388235294117,1.0201312086692347
AG,CK,17,0.35294117647058826,0.08913788235294118,17.88215294117647,1.0201312086692347
AG,PQ,17,0.35294117647058826,0.08034394117647059,17.532982352941175,1.0201312086692347
AT,GD,17,0.35294117647058826,0.09170117647058824,16.959752941176472,1.0201312086692347
CC,SF,17,0.35294117647058826,0.07316441176470588,16.6104,1.0201312086692347
CG,MG,17,0.35294117647058826,0.1433735882352941,17.94205882352941,1.0201312086692347
GA,NV,17,0.35294117647058826,0.06642329411764707,18.151011764705885,1.0201312086692347
GC,WP,17,0.35294117647058826,0.04387558823529412,17.0275,1.0201312086692347
TG,GQ,77,0.23376623376623376,0.09161441558441559,19.855629870129867,1.018451414031333
GG,TN,100,0.22,0.07649383,18.566401,1.015326513705077
AG,PW,13,0.38461538461538464,0.10505984615384614,17.23039230769231,1.0150220498520226
AT,ES,13,0.38461538461538464,0.13242838461538461,16.153784615384616,1.0150220498520226
CC,FI,13,0.38461538461538464,0.10963015384615385,16.51823076923077,1.0150220498520226
CG,DN,13,0.38461538461538464,0.11096515384615385,16.552200000000003,1.0150220498520226
CT,FP,13,0.38461538461538464,0.12306646153846156,16.83556153846154,1.0150220498520226
CT,TL,13,0.38461538461538464,0.13708246153846154,16.21706923076923,1.0150220498520226
GA,HG,13,0.38461538461538464,0.09169307692307692,17.704023076923075,1.0150220498520226
GA,RF,13,0.38461538461538464,0.052153384615384615,18.036369230769232,1.0150220498520226
GA,SC,13,0.38461538461538464,0.06064376923076923,16.935307692307692,1.0150220498520226
GT,HA,13,0.38461538461538464,0.14336323076923077,17.301276923076923,1.0150220498520226
TA,DP,13,0.38461538461538464,0.05136961538461538,17.594353846153844,1.0150220498520226
TA,GC,13,0.38461538461538464,0.1671820769230769,14.92553076923077,1.0150220498520226
TA,QV,13,0.38461538461538464,0.07853392307692308,17.591307692307694,1.0150220498520226
TC,YK,13,0.38461538461538464,0.14615146153846154,15.342984615384616,1.0150220498520226
TG,HA,13,0.38461538461538464,0.14121907692307692,16.30613076923077,1.0150220498520226
TG,KV,83,0.2289156626506024,0.0583047469879518,19.933009638554218,1.0142833635906379
GC,NI,26,0.3076923076923077,0.058118115384615386,16.28633846153846,1.014103651078255
GT,SK,26,0.3076923076923077,0.07831830769230769,17.375511538461538,1.014103651078255
TA,SG,26,0.3076923076923077,0.07062565384615385,19.26362692307692,1.014103651078255
AC,AT,31,0.2903225806451613,0.0669853870967742,17.56602258064516,1.0061813911354045
AG,SN,31,0.2903225806451613,0.06160951612903225,17.943354838709677,1.0061813911354045
CC,FY,31,0.2903225806451613,0.032311193548387095,18.659200000000002,1.0061813911354045
GC,NP,31,0.2903225806451613,0.04203270967741936,19.065583870967743,1.0061813911354045
CG,KD,46,0.2608695652173913,0.04801780434782609,20.346521739130434,1.0043863308808847
GC,VR,46,0.2608695652173913,0.061980630434782615,18.915004347826088,1.0043863308808847
CA,GQ,36,0.2777777777777778,0.12664041666666667,16.760602777777777,1.0030327535122845
GT,VP,36,0.2777777777777778,0.06753716666666668,19.81445,1.0030327535122845
AA,NL,41,0.2682926829268293,0.0444609268292683,19.756165853658537,1.0027894097833427
AG,PI,41,0.2682926829268293,0.046069731707317076,18.335719512195123,1.0027894097833427
CG,VR,41,0.2682926829268293,0.07837226829268293,18.326868292682928,1.0027894097833427
GA,AI,41,0.2682926829268293,0.060162780487804886,19.191060975609755,1.0027894097833427
GT,AL,90,0.2222222222222222,0.03573205555555556,18.349812222222223,1.002413223670411
TT,NL,62,0.24193548387096775,0.09588675806451613,18.338620967741935,1.002371304772145
TT,VQ,73,0.2328767123287671,0.04459527397260274,18.70140821917808,1.0023165285543958
CC,PD,138,0.2028985507246377,0.03773397826086957,20.529892028985508,1.00119760962072
GG,KQ,202,0.18811881188118812,0.05086491089108911,19.040938613861385,0.9995139960573659
TG,EG,79,0.22784810126582278,0.06870748101265822,19.530292405063292,0.9984364484067071
AA,SE,22,0.3181818181818182,0.05656959090909091,17.557872727272727,0.9976572505229112
AC,HL,22,0.3181818181818182,0.05748536363636363,17.532268181818182,0.9976572505229112
GC,GP,22,0.3181818181818182,0.11988654545454545,16.780390909090908,0.9976572505229112
GC,IN,22,0.3181818181818182,0.20564072727272728,16.6405,0.9976572505229112
GG,NY,22,0.3181818181818182,0.13157581818181818,17.1672,0.9976572505229112
GT,IK,22,0.3181818181818182,0.09045086363636363,17.1437,0.9976572505229112
GT,MD,22,0.3181818181818182,0.04352531818181818,19.64611818181818,0.9976572505229112
TA,ES,22,0.3181818181818182,0.03730268181818182,18.934272727272727,0.9976572505229112
AG,VL,52,0.25,0.05562507692307693,18.60818076923077,0.9925729783880305
GG,KE,178,0.19101123595505617,0.03772789887640449,18.82015786516854,0.9908489741493577
AC,PG,47,0.2553191489361702,0.08289268085106383,18.74392340425532,0.9883917474658445
AG,KS,47,0.2553191489361702,0.07762721276595745,17.961570212765956,0.9883917474658445
GC,AV,47,0.2553191489361702,0.05350951063829787,18.90963404255319,0.9883917474658445
CA,TL,27,0.2962962962962963,0.07946337037037036,19.538581481481483,0.987319854866727
CT,YV,27,0.2962962962962963,0.07200318518518518,17.883477777777777,0.987319854866727
GG,VI,122,0.20491803278688525,0.03256326229508197,19.226777049180328,0.9861033515107412
GT,LT,69,0.2318840579710145,0.060919434782608695,18.847671014492754,0.9851583169969529
CG,QY,32,0.28125,0.056987125,19.203484375,0.9833927516624476
TA,NL,32,0.28125,0.07071046875,18.368203125,0.9833927516624476
TG,VD,32,0.28125,0.0947023125,17.42435625,0.9833927516624476
CC,RW,37,0.2702702702702703,0.12057094594594595,18.812605405405407,0.9831313945206448
CT,LW,37,0.2702702702702703,0.028213351351351355,18.70176216216216,0.9831313945206448
TA,TA,37,0.2702702702702703,0.057704756756756764,18.798864864864864,0.9831313945206448
TT,WI,37,0.2702702702702703,0.10494445945945946,19.347764864864864,0.9831313945206448
GG,IS,135,0.2,0.01998797037037037,20.951528148148146,0.9825309771472105
AA,VN,18,0.3333333333333333,0.054122944444444446,18.308711111111112,0.9814796597221467
AC,VC,18,0.3333333333333333,0.11754372222222223,16.806905555555556,0.9814796597221467
AT,QL,18,0.3333333333333333,0.04863477777777778,19.164955555555554,0.9814796597221467
CG,DD,18,0.3333333333333333,0.06306988888888888,19.306133333333335,0.9814796597221467
CG,LF,18,0.3333333333333333,0.05547611111111111,17.677755555555557,0.9814796597221467
CT,FS,18,0.3333333333333333,0.10006533333333333,16.068272222222223,0.9814796597221467
CT,QV,18,0.3333333333333333,0.04504672222222222,16.93891111111111,0.9814796597221467
CT,ST,18,0.3333333333333333,0.0625265,18.405044444444442,0.9814796597221467
GA,MG,18,0.3333333333333333,0.08488494444444444,18.082405555555553,0.9814796597221467
GA,TF,18,0.3333333333333333,0.09306566666666666,18.12796111111111,0.9814796597221467
TC,HL,18,0.3333333333333333,0.11340805555555554,17.919216666666667,0.9814796597221467
TC,HP,18,0.3333333333333333,0.08892788888888889,19.267044444444444,0.9814796597221467
TC,QW,18,0.3333333333333333,0.11693550000000001,16.445466666666665,0.9814796597221467
TC,YV,18,0.3333333333333333,0.1102478888888889,18.000022222222224,0.9814796597221467
TT,EN,18,0.3333333333333333,0.06635916666666668,19.005683333333334,0.9814796597221467
GT,RV,53,0.24528301886792453,0.07538275471698114,18.18049811320755,0.9784300491572749
TT,GG,53,0.24528301886792453,0.039351924528301885,17.57508679245283,0.9784300491572749
TG,VE,64,0.234375,0.089207796875,18.814053125,0.9783720163817898
CC,KK,334,0.16766467065868262,0.026117862275449103,19.970724550898204,0.974824280785041
GG,YY,48,0.25,0.06215716666666667,18.788445833333334,0.9729550745276566
AC,CF,6,0.5,0.24972266666666668,13.105866666666666,0.9729550745276566
AC,HA,6,0.5,0.07847883333333333,16.380116666666666,0.9729550745276566
AC,MG,6,0.5,0.05560233333333333,15.632150000000001,0.9729550745276566
AC,PT,6,0.5,0.15405383333333333,14.653816666666666,0.9729550745276566
AG,HD,6,0.5,0.07842983333333332,15.9621,0.9729550745276566
AG,ME,6,0.5,0.10568816666666665,14.772366666666665,0.9729550745276566
AT,FP,6,0.5,0.14235983333333332,13.759466666666667,0.9729550745276566
AT,HV,6,0.5,0.11705650000000001,16.793483333333334,0.9729550745276566
AT,MS,6,0.5,0.109604,13.342033333333333,0.9729550745276566
AT,PH,6,0.5,0.10486983333333333,17.261966666666666,0.9729550745276566
AT,YR,6,0.5,0.24906799999999998,14.428333333333335,0.9729550745276566
CA,DH,6,0.5,0.05769283333333333,16.33345,0.9729550745276566
CC,DH,6,0.5,0.16515983333333334,14.537933333333333,0.9729550745276566
CC,HE,6,0.5,0.051814500000000006,17.003033333333335,0.9729550745276566
CC,PT,6,0.5,0.11956599999999999,15.0989,0.9729550745276566
CG,CI,6,0.5,0.08866566666666666,15.578299999999999,0.9729550745276566
CG,IH,6,0.5,0.05594333333333334,17.8519,0.9729550745276566
CT,ED,6,0.5,0.049129,19.105583333333332,0.9729550745276566
CT,FI,6,0.5,0.05153533333333333,15.33665,0.9729550745276566
CT,GC,6,0.5,0.11116016666666667,15.017866666666668,0.9729550745276566
GA,CD,6,0.5,0.15124983333333333,15.044833333333335,0.9729550745276566
GC,NV,6,0.5,0.047257,15.94545,0.9729550745276566
GT,FM,6,0.5,0.18315683333333332,13.477066666666667,0.9729550745276566
GT,GH,6,0.5,0.08227633333333334,17.47745,0.9729550745276566
TC,DH,6,0.5,0.1529565,14.404033333333333,0.9729550745276566
TC,DM,6,0.5,0.060435833333333334,18.275066666666664,0.9729550745276566
TC,HS,6,0.5,0.09913483333333332,17.528533333333332,0.9729550745276566
TG,YM,6,0.5,0.0905375,15.176416666666666,0.9729550745276566
TT,AD,6,0.5,0.14438616666666668,14.238616666666667,0.9729550745276566
TT,HW,6,0.5,0.140809,14.030916666666668,0.9729550745276566
GG,WG,118,0.2033898305084746,0.035391406779661023,17.873916101694917,0.972025117243023
GA,LV,76,0.2236842105263158,0.04870413157894737,18.52045394736842,0.9716406864672714
GC,GL,59,0.23728813559322035,0.03691125423728813,19.660789830508474,0.9715393876459222
CG,DL,43,0.2558139534883721,0.08346232558139535,19.931193023255812,0.9680485110023459
GA,PE,43,0.2558139534883721,0.06452325581395349,18.791986046511628,0.9680485110023459
GC,PG,43,0.2558139534883721,0.03589111627906977,19.30959534883721,0.9680485110023459
AA,AQ,23,0.30434782608695654,0.046788,18.481395652173912,0.9672337744537227
AA,GV,23,0.30434782608695654,0.06217686956521739,18.02183913043478,0.9672337744537227
AA,SM,23,0.30434782608695654,0.0885634347826087,20.34994347826087,0.9672337744537227
AC,FL,23,0.30434782608695654,0.059988,17.004247826086957,0.9672337744537227
AG,VC,23,0.30434782608695654,0.0598264347826087,17.995582608695653,0.9672337744537227
AT,ET,23,0.30434782608695654,0.054363043478260875,17.879765217391306,0.9672337744537227
AT,IS,23,0.30434782608695654,0.09834373913043477,17.80865652173913,0.9672337744537227
AT,RL,23,0.30434782608695654,0.09431391304347826,17.170634782608694,0.9672337744537227
CC,FP,23,0.30434782608695654,0.06984308695652174,18.714278260869566,0.9672337744537227
GG,FD,23,0.30434782608695654,0.11581039130434782,16.49771304347826,0.9672337744537227
TT,YS,23,0.30434782608695654,0.055900000000000005,17.8380347826087,0.9672337744537227
AG,TH,14,0.35714285714285715,0.15094857142857143,17.381957142857143,0.9671607861079322
AT,AY,14,0.35714285714285715,0.07277307142857141,16.540685714285715,0.9671607861079322
AT,KY,14,0.35714285714285715,0.044417785714285715,18.766871428571427,0.9671607861079322
AT,TT,14,0.35714285714285715,0.1226395,18.165592857142858,0.9671607861079322
CA,AF,14,0.35714285714285715,0.2536905,15.82545,0.9671607861079322
CA,AW,14,0.35714285714285715,0.07261728571428572,16.839692857142857,0.9671607861079322
CC,NI,14,0.35714285714285715,0.06800585714285715,17.2977,0.9671607861079322
CT,DE,14,0.35714285714285715,0.09725949999999998,16.528614285714287,0.9671607861079322
CT,NN,14,0.35714285714285715,0.09527342857142858,17.044285714285714,0.9671607861079322
GC,GE,14,0.35714285714285715,0.057573285714285716,18.78345,0.9671607861079322
TA,QP,14,0.35714285714285715,0.166941,15.251999999999999,0.9671607861079322
TG,MV,14,0.35714285714285715,0.038816,18.900185714285715,0.9671607861079322
TT,KW,14,0.35714285714285715,0.18568792857142857,18.68222142857143,0.9671607861079322
GG,ET,119,0.20168067226890757,0.03448342857142857,19.69123361344538,0.9655445531661269
GG,II,54,0.24074074074074073,0.042784777777777776,20.39511111111111,0.9647283594078171
AC,EE,38,0.2631578947368421,0.03567807894736842,19.469607894736843,0.9640951700341174
AC,YL,38,0.2631578947368421,0.07802263157894736,18.42517894736842,0.9640951700341174
CG,QW,38,0.2631578947368421,0.04361618421052632,18.6194,0.9640951700341174
CT,YI,28,0.2857142857142857,0.036202678571428566,19.879875,0.9620845228532783
GT,GE,28,0.2857142857142857,0.08115167857142858,18.85420357142857,0.9620845228532783
AA,GP,33,0.2727272727272727,0.05452627272727273,17.707230303030304,0.9617346885316803
AC,AG,33,0.2727272727272727,0.08964572727272727,17.671842424242424,0.9617346885316803
CA,AE,33,0.2727272727272727,0.08932351515151515,19.52330909090909,0.9617346885316803
GG,EW,33,0.2727272727272727,0.0547769696969697,19.923960606060604,0.9617346885316803
GG,NS,33,0.2727272727272727,0.036074363636363634,19.327469696969697,0.9617346885316803
GT,NR,33,0.2727272727272727,0.0880790606060606,17.088763636363637,0.9617346885316803
GT,PY,33,0.2727272727272727,0.06371863636363637,20.319442424242425,0.9617346885316803
GG,YT,83,0.21686746987951808,0.044735373493975904,20.242890361445784,0.9609000286648149
TT,LP,83,0.21686746987951808,0.02725022891566265,20.162340963855424,0.9609000286648149
AA,AH,10,0.4,0.05718179999999999,15.749109999999998,0.9591581091193483
AA,VC,10,0.4,0.2085202,13.93692,0.9591581091193483
AC,CS,10,0.4,0.2585976,13.95532,0.9591581091193483
AG,HC,10,0.4,0.0905539,16.23504,0.9591581091193483
AG,SH,10,0.4,0.1471117,15.47808,0.9591581091193483
AT,DN,10,0.4,0.12009729999999999,16.19341,0.9591581091193483
CA,AM,10,0.4,0.0532663,17.76803,0.9591581091193483
CA,CK,10,0.4,0.0525684,17.40136,0.9591581091193483
CA,RW,10,0.4,0.17192069999999998,14.763259999999999,0.9591581091193483
CC,SC,10,0.4,0.050787700000000005,17.03172,0.9591581091193483
CG,NY,10,0.4,0.0889981,16.87669,0.9591581091193483
CT,FN,10,0.4,0.0686856,15.59096,0.9591581091193483
CT,TS,10,0.4,0.1180224,18.3963,0.9591581091193483
CT,YE,10,0.4,0.2611963,11.99508,0.9591581091193483
GC,LC,10,0.4,0.0596661,17.49933,0.9591581091193483
GT,FA,10,0.4,0.09363,18.27964,0.9591581091193483
GT,TC,10,0.4,0.0641202,17.92343,0.9591581091193483
TA,AC,10,0.4,0.07366710000000001,17.14067,0.9591581091193483
TA,PH,10,0.4,0.1388728,15.1238,0.9591581091193483
TA,TF,10,0.4,0.0724788,17.78567,0.9591581091193483
TC,AP,10,0.4,0.11560820000000001,16.76028,0.9591581091193483
TG,HI,10,0.4,0.0546729,18.72147,0.9591581091193483
TG,NG,10,0.4,0.08798320000000001,17.94677,0.9591581091193483
TT,WR,10,0.4,0.1844587,17.36094,0.9591581091193483
CG,IY,66,0.22727272727272727,0.04104215151515152,20.27311515151515,0.9556119589524922
GG,SL,102,0.20588235294117646,0.06705000980392158,19.40970588235294,0.9542089093413956
AA,PD,19,0.3157894736842105,0.054171736842105266,18.458752631578946,0.9460207179644181
AG,DT,19,0.3157894736842105,0.03771094736842105,19.691763157894737,0.9460207179644181
AT,AK,19,0.3157894736842105,0.08303289473684211,16.696563157894737,0.9460207179644181
CC,AK,19,0.3157894736842105,0.07820363157894737,17.79928947368421,0.9460207179644181
CT,NE,19,0.3157894736842105,0.08572726315789474,16.876094736842106,0.9460207179644181
GA,SA,19,0.3157894736842105,0.050666947368421054,18.870431578947368,0.9460207179644181
GA,WV,19,0.3157894736842105,0.05449221052631579,16.926047368421052,0.9460207179644181
GC,FL,19,0.3157894736842105,0.09708063157894738,16.055415789473685,0.9460207179644181
GT,NP,19,0.3157894736842105,0.055073,18.235157894736844,0.9460207179644181
TA,RW,19,0.3157894736842105,0.14392763157894736,16.8911,0.9460207179644181
TC,GM,19,0.3157894736842105,0.09414389473684211,19.664110526315792,0.9460207179644181
TC,QS,19,0.3157894736842105,0.06804794736842106,19.242726315789476,0.9460207179644181
TC,YT,19,0.3157894736842105,0.03799526315789474,19.217363157894738,0.9460207179644181
TG,FG,19,0.3157894736842105,0.0717131052631579,16.618000000000002,0.9460207179644181
TT,QM,19,0.3157894736842105,0.0935982105263158,17.40843157894737,0.9460207179644181
AA,VL,39,0.2564102564102564,0.03052869230769231,20.472010256410258,0.945866526695881
CG,KS,39,0.2564102564102564,0.06746530769230769,18.472194871794873,0.945866526695881
CG,VA,39,0.2564102564102564,0.03828030769230769,18.706928205128204,0.945866526695881
GT,NK,39,0.2564102564102564,0.08443953846153847,18.720989743589744,0.945866526695881
AA,RF,34,0.2647058823529412,0.06434561764705882,18.810455882352944,0.9411215456883741
AC,NE,34,0.2647058823529412,0.05516573529411765,17.67594705882353,0.9411215456883741
AG,GY,34,0.2647058823529412,0.05699873529411764,18.651970588235294,0.9411215456883741
AG,PY,34,0.2647058823529412,0.1118765,18.15884411764706,0.9411215456883741
CT,IE,34,0.2647058823529412,0.056769647058823536,17.08650588235294,0.9411215456883741
CT,PV,34,0.2647058823529412,0.05479744117647059,18.524738235294116,0.9411215456883741
GT,GC,34,0.2647058823529412,0.07564235294117647,19.321838235294116,0.9411215456883741
AA,EA,24,0.2916666666666667,0.03426833333333334,19.5598125,0.9388387822532253
AA,IT,24,0.2916666666666667,0.09522837499999999,17.653145833333333,0.9388387822532253
AC,IG,24,0.2916666666666667,0.06425179166666667,18.40984166666667,0.9388387822532253
CA,RD,24,0.2916666666666667,0.09586279166666667,17.709500000000002,0.9388387822532253
CT,NL,24,0.2916666666666667,0.06726283333333334,17.0332125,0.9388387822532253
TG,MA,24,0.2916666666666667,0.04692258333333333,18.232120833333333,0.9388387822532253
CG,RE,56,0.23214285714285715,0.05168942857142857,18.8250875,0.9385654728901635
GT,TN,56,0.23214285714285715,0.0797865,17.669757142857144,0.9385654728901635
GA,VF,29,0.27586206896551724,0.048317241379310344,18.885158620689655,0.9382613466654222
TG,DK,80,0.2125,0.104227625,17.199267499999998,0.9338204453678933
TG,DA,51,0.23529411764705882,0.04466725490196079,19.09624705882353,0.9297044043721006
GT,AN,40,0.25,0.042074824999999996,18.6909875,0.928393016676077
CC,IL,87,0.20689655172413793,0.03908273563218391,18.595631034482757,0.9263455478230773
GG,WI,57,0.22807017543859648,0.04616224561403509,21.88535263157895,0.9260659497737447
AT,LF,15,0.3333333333333333,0.07865253333333334,18.144173333333335,0.9241962407465937
AT,MA,15,0.3333333333333333,0.03201193333333333,18.853906666666667,0.9241962407465937
AT,YA,15,0.3333333333333333,0.10210186666666667,16.324653333333334,0.9241962407465937
CA,GE,15,0.3333333333333333,0.07207500000000001,17.519626666666667,0.9241962407465937
CC,TH,15,0.3333333333333333,0.06337273333333333,17.68006,0.9241962407465937
CG,HV,15,0.3333333333333333,0.044405,18.532753333333336,0.9241962407465937
GA,CE,15,0.3333333333333333,0.061618733333333335,19.461133333333336,0.9241962407465937
GG,NC,15,0.3333333333333333,0.13439653333333332,17.10966,0.9241962407465937
TA,PW,15,0.3333333333333333,0.07862093333333334,16.60696,0.9241962407465937
TC,NS,15,0.3333333333333333,0.10275146666666667,17.776913333333333,0.9241962407465937
TC,PN,15,0.3333333333333333,0.0984644,17.47314,0.9241962407465937
TG,YC,15,0.3333333333333333,0.0990982,16.777586666666668,0.9241962407465937
AA,CH,3,0.6666666666666666,0.5673826666666667,8.4942,0.9241962407465937
AA,CS,3,0.6666666666666666,0.12244700000000001,12.780133333333334,0.9241962407465937
AA,EC,3,0.6666666666666666,0.40093966666666664,11.895366666666666,0.9241962407465937
AC,CH,3,0.6666666666666666,0.15607166666666666,14.8686,0.9241962407465937
AT,FC,3,0.6666666666666666,0.278985,13.293766666666665,0.9241962407465937
AT,WH,3,0.6666666666666666,0.24391433333333334,12.648833333333334,0.9241962407465937
CA,DQ,3,0.6666666666666666,0.17395966666666665,12.691333333333333,0.9241962407465937
CA,KH,3,0.6666666666666666,0.5408093333333334,8.059233333333333,0.9241962407465937
CA,MI,3,0.6666666666666666,0.14929033333333333,13.732999999999999,0.9241962407465937
CC,GH,3,0.6666666666666666,0.25855233333333333,11.083666666666666,0.9241962407465937
CC,PC,3,0.6666666666666666,0.08927600000000001,14.682633333333333,0.9241962407465937
CT,DQ,3,0.6666666666666666,0.099316,15.481133333333332,0.9241962407465937
GA,MY,3,0.6666666666666666,0.122556,13.768033333333335,0.9241962407465937
GA,TM,3,0.6666666666666666,0.07216966666666666,16.569166666666664,0.9241962407465937
GT,CQ,3,0.6666666666666666,0.08545166666666666,14.1733,0.9241962407465937
TA,HW,3,0.6666666666666666,0.19556633333333337,13.508433333333334,0.9241962407465937
TA,HY,3,0.6666666666666666,0.349678,11.613733333333334,0.9241962407465937
TA,WD,3,0.6666666666666666,0.059038,16.8106,0.9241962407465937
TA,WH,3,0.6666666666666666,0.07123733333333333,14.363533333333331,0.9241962407465937
TA,WN,3,0.6666666666666666,0.15925,14.347966666666666,0.9241962407465937
TA,YW,3,0.6666666666666666,0.18886666666666665,10.091633333333332,0.9241962407465937
TC,NV,3,0.6666666666666666,0.08052766666666666,16.2266,0.9241962407465937
TC,QF,3,0.6666666666666666,0.08373900000000001,12.335166666666666,0.9241962407465937
TC,TM,3,0.6666666666666666,0.11630633333333333,14.963533333333332,0.9241962407465937
TG,GH,3,0.6666666666666666,0.08954899999999999,13.833466666666666,0.9241962407465937
TG,WH,3,0.6666666666666666,0.24391433333333334,9.687666666666667,0.9241962407465937
TG,YH,3,0.6666666666666666,0.06558066666666666,13.3131,0.9241962407465937
AC,FY,35,0.2571428571428571,0.0699602,17.6252,0.9214762984601425
CA,PI,35,0.2571428571428571,0.045317,19.08472857142857,0.9214762984601425
GG,SF,35,0.2571428571428571,0.05712957142857143,17.838974285714286,0.9214762984601425
TG,DF,35,0.2571428571428571,0.1049799142857143,18.403837142857146,0.9214762984601425
GA,GG,46,0.2391304347826087,0.04378832608695653,20.085608695652173,0.9206874699741444
CG,QG,88,0.20454545454545456,0.03374972727272727,19.622594318181818,0.9181301665361196
CA,YQ,30,0.26666666666666666,0.10475806666666668,18.279613333333334,0.915729921196039
CG,FT,30,0.26666666666666666,0.06006366666666666,19.006326666666666,0.915729921196039
TG,IT,30,0.26666666666666666,0.059288,20.112363333333334,0.915729921196039
AC,LT,58,0.22413793103448276,0.023222896551724135,20.027667241379312,0.9139308063926613
TC,PE,58,0.22413793103448276,0.043102103448275864,19.956932758620688,0.9139308063926613
AT,SS,20,0.3,0.0452696,19.895834999999998,0.9133567313170269
CA,EQ,20,0.3,0.0890561,18.22287,0.9133567313170269
CA,YK,20,0.3,0.1719732,18.241075000000002,0.9133567313170269
CT,FL,20,0.3,0.03609455,19.41766,0.9133567313170269
GT,YW,20,0.3,0.0896515,16.095005,0.9133567313170269
TA,AG,20,0.3,0.09149125,18.565665000000003,0.9133567313170269
TC,NE,20,0.3,0.1063464,18.514645,0.9133567313170269
TC,SV,20,0.3,0.0912144,18.68579,0.9133567313170269
TG,AQ,20,0.3,0.0997005,14.745510000000001,0.9133567313170269
CC,AF,64,0.21875,0.036030359375,18.6126921875,0.9131472152896706
CT,WY,25,0.28,0.02808948,18.401964,0.9122670306460151
GG,YG,25,0.28,0.07524428,19.040576,0.9122670306460151
GT,MA,25,0.28,0.03554132,18.647692,0.9122670306460151
TC,FK,25,0.28,0.040098,18.576048,0.9122670306460151
TC,QD,25,0.28,0.08992140000000001,19.216124,0.9122670306460151
CA,EK,41,0.24390243902439024,0.06160587804878048,18.84871219512195,0.9116267361666752
GT,MK,41,0.24390243902439024,0.035871341463414634,18.45721951219512,0.9116267361666752
GC,AR,47,0.23404255319148937,0.03876323404255319,17.9939,0.9060257685103575
GG,IT,77,0.2077922077922078,0.045582116883116884,18.13162987012987,0.9052901458056295
AA,PN,11,0.36363636363636365,0.24457018181818183,17.015518181818184,0.9036024181047274
AT,SM,11,0.36363636363636365,0.11054400000000002,16.47300909090909,0.9036024181047274
AT,TQ,11,0.36363636363636365,0.08330572727272728,16.647863636363635,0.9036024181047274
AT,YE,11,0.36363636363636365,0.10282236363636364,17.14311818181818,0.9036024181047274
CA,AC,11,0.36363636363636365,0.10017354545454546,17.52791818181818,0.9036024181047274
CG,MA,11,0.36363636363636365,0.06985054545454546,17.31017272727273,0.9036024181047274
CT,CL,11,0.36363636363636365,0.12263145454545454,17.75821818181818,0.9036024181047274
GA,EP,11,0.36363636363636365,0.061419272727272725,17.11471818181818,0.9036024181047274
GC,CR,11,0.36363636363636365,0.13377863636363638,15.384445454545455,0.9036024181047274
GT,PT,11,0.36363636363636365,0.06735999999999999,17.01460909090909,0.9036024181047274
TA,CV,11,0.36363636363636365,0.04597236363636364,17.61470909090909,0.9036024181047274
TA,FC,11,0.36363636363636365,0.10550918181818182,15.77900909090909,0.9036024181047274
TC,CA,11,0.36363636363636365,0.04329145454545455,16.90629090909091,0.9036024181047274
TT,EM,11,0.36363636363636365,0.06455445454545455,17.261345454545452,0.9036024181047274
CC,WG,71,0.2112676056338028,0.019785211267605633,20.21923943661972,0.9035210110597299
TT,IV,71,0.2112676056338028,0.048649718309859154,18.914745070422534,0.9035210110597299
AG,PV,53,0.22641509433962265,0.0829066037735849,19.982539622641507,0.9031661992221
CG,LQ,53,0.22641509433962265,0.04186894339622641,19.94174150943396,0.9031661992221
CT,AI,36,0.25,0.023933277777777776,19.866802777777778,0.9027294781610561
GC,LS,36,0.25,0.046455583333333335,20.181338888888888,0.9027294781610561
GT,YY,36,0.25,0.07408408333333333,19.105277777777776,0.9027294781610561
TT,DV,36,0.25,0.07925775,17.67923611111111,0.9027294781610561
AA,QA,65,0.2153846153846154,0.07383403076923077,18.673475384615386,0.9023871752056917
TT,LI,59,0.22033898305084745,0.03827979661016949,18.154838983050848,0.9021437170997848
TT,KE,103,0.1941747572815534,0.041685242718446605,20.331623300970875,0.9018234755614315
GG,TT,97,0.1958762886597938,0.032088639175257734,18.18599793814433,0.898086413347844
TT,PI,78,0.20512820512820512,0.034814833333333337,19.73984358974359,0.8962969953778506
TT,LW,42,0.23809523809523808,0.02485461904761905,19.769654761904764,0.8955238370698958
AC,LA,31,0.25806451612903225,0.0722808064516129,18.614009677419357,0.8943834587870262
CC,GG,31,0.25806451612903225,0.0677871935483871,19.343380645161293,0.8943834587870262
CG,PA,31,0.25806451612903225,0.11268451612903226,19.673648387096776,0.8943834587870262
CG,TQ,31,0.25806451612903225,0.06358983870967742,20.26696774193548,0.8943834587870262
TC,ET,31,0.25806451612903225,0.10713570967741937,17.442029032258066,0.8943834587870262
GG,VS,66,0.21212121212121213,0.04382268181818182,20.242157575757577,0.891904495022326
CG,DG,48,0.22916666666666666,0.05702975,20.50115,0.8918754849836852
GC,DV,48,0.22916666666666666,0.0684654375,18.2920375,0.8918754849836852
AA,CE,7,0.42857142857142855,0.23241442857142855,14.157371428571428,0.891189232148501
AA,CL,7,0.42857142857142855,0.047390714285714286,17.31742857142857,0.891189232148501
AC,DQ,7,0.42857142857142855,0.09319785714285714,15.707014285714285,0.891189232148501
AG,CH,7,0.42857142857142855,0.19080885714285717,17.52527142857143,0.891189232148501
AG,CQ,7,0.42857142857142855,0.09954614285714285,17.54002857142857,0.891189232148501
AT,GH,7,0.42857142857142855,0.05299642857142857,17.58187142857143,0.891189232148501
AT,HI,7,0.42857142857142855,0.05299642857142857,16.8541,0.891189232148501
AT,QE,7,0.42857142857142855,0.09171771428571428,17.157442857142858,0.891189232148501
AT,QH,7,0.42857142857142855,0.06302357142857143,18.461457142857142,0.891189232148501
AT,SI,7,0.42857142857142855,0.09557842857142858,17.104214285714285,0.891189232148501
CA,CT,7,0.42857142857142855,0.0733222857142857,17.868,0.891189232148501
CA,FH,7,0.42857142857142855,0.18843514285714288,14.533485714285714,0.891189232148501
CA,HG,7,0.42857142857142855,0.07353942857142858,18.113457142857143,0.891189232148501
CA,HI,7,0.42857142857142855,0.05167914285714286,17.2762,0.891189232148501
CA,YP,7,0.42857142857142855,0.12053742857142857,18.039885714285713,0.891189232148501
CG,TF,7,0.42857142857142855,0.13269242857142857,16.047028571428573,0.891189232148501
CT,RH,7,0.42857142857142855,0.08343900000000001,16.657742857142857,0.891189232148501
CT,YK,7,0.42857142857142855,0.1263372857142857,15.48952857142857,0.891189232148501
GA,AW,7,0.42857142857142855,0.06589214285714286,16.726442857142857,0.891189232148501
GA,DQ,7,0.42857142857142855,0.05300671428571429,17.280585714285714,0.891189232148501
GA,IC,7,0.42857142857142855,0.08081714285714285,19.05107142857143,0.891189232148501
GC,CS,7,0.42857142857142855,0.08515585714285713,16.99202857142857,0.891189232148501
GC,SH,7,0.42857142857142855,0.17320457142857143,14.157528571428571,0.891189232148501
GG,CI,7,0.42857142857142855,0.07021214285714286,15.41837142857143,0.891189232148501
GT,HR,7,0.42857142857142855,0.12269942857142857,15.051328571428572,0.891189232148501
GT,HW,7,0.42857142857142855,0.2525935714285714,14.0404,0.891189232148501
GT,RH,7,0.42857142857142855,0.14541214285714285,15.980342857142857,0.891189232148501
TA,HN,7,0.42857142857142855,0.051634,16.482971428571428,0.891189232148501
TA,VY,7,0.42857142857142855,0.17996042857142855,15.336942857142857,0.891189232148501
TC,MP,7,0.42857142857142855,0.1690692857142857,17.009114285714286,0.891189232148501
TC,MS,7,0.42857142857142855,0.222331,15.227842857142857,0.891189232148501
TG,CV,7,0.42857142857142855,0.05776314285714285,16.681885714285716,0.891189232148501
TT,CF,7,0.42857142857142855,0.05386657142857143,18.335642857142858,0.891189232148501
TT,FP,7,0.42857142857142855,0.04655485714285714,17.107828571428573,0.891189232148501
GG,ST,60,0.21666666666666667,0.04168923333333333,18.655883333333335,0.8906893372375508
AA,KP,26,0.2692307692307692,0.055688653846153846,18.410346153846152,0.8873406946934732
AC,DL,26,0.2692307692307692,0.11712846153846154,17.74615,0.8873406946934732
AG,GA,26,0.2692307692307692,0.04765326923076923,19.271250000000002,0.8873406946934732
CA,RF,26,0.2692307692307692,0.11148896153846154,16.521953846153846,0.8873406946934732
CC,AD,26,0.2692307692307692,0.0614865,19.612246153846154,0.8873406946934732
CC,TS,26,0.2692307692307692,0.06326238461538461,19.480465384615385,0.8873406946934732
CG,FS,26,0.2692307692307692,0.03519807692307692,18.80752307692308,0.8873406946934732
CG,LS,26,0.2692307692307692,0.08351196153846155,18.697853846153848,0.8873406946934732
CT,HP,26,0.2692307692307692,0.09570573076923077,16.723384615384614,0.8873406946934732
GA,HL,26,0.2692307692307692,0.04074811538461539,18.678446153846153,0.8873406946934732
GG,AD,26,0.2692307692307692,0.08153242307692307,19.05656923076923,0.8873406946934732
GG,CR,26,0.2692307692307692,0.08437884615384615,19.646676923076924,0.8873406946934732
TA,GG,26,0.2692307692307692,0.09871042307692307,19.574965384615385,0.8873406946934732
TG,CA,26,0.2692307692307692,0.07391796153846154,19.544673076923075,0.8873406946934732
TT,FN,26,0.2692307692307692,0.03978365384615385,19.275726923076924,0.8873406946934732
CT,NP,16,0.3125,0.0646070625,18.4637125,0.8853791700175675
GA,CS,16,0.3125,0.07540875,18.4440375,0.8853791700175675
GC,AP,16,0.3125,0.06989456250000001,18.78898125,0.8853791700175675
GT,PA,16,0.3125,0.074833375,19.176356249999998,0.8853791700175675
TC,RP,16,0.3125,0.049263,18.2493375,0.8853791700175675
TC,VG,16,0.3125,0.0368240625,18.706812499999998,0.8853791700175675
TC,WE,16,0.3125,0.0953831875,17.6847,0.8853791700175675
AA,IV,37,0.24324324324324326,0.05196572972972973,19.007216216216218,0.8848182550685804
AG,ES,37,0.24324324324324326,0.05430978378378379,18.727832432432432,0.8848182550685804
CC,VA,37,0.24324324324324326,0.030454675675675672,19.890745945945945,0.8848182550685804
GT,GF,37,0.24324324324324326,0.1000578108108108,19.5578972972973,0.8848182550685804
GT,VC,37,0.24324324324324326,0.0627087027027027,17.691286486486486,0.8848182550685804
GT,YL,37,0.24324324324324326,0.04715748648648649,20.461245945945947,0.8848182550685804
AA,QW,21,0.2857142857142857,0.05237261904761905,18.808680952380953,0.8831549866738045
AC,GQ,21,0.2857142857142857,0.1161442857142857,19.15912857142857,0.8831549866738045
AT,SA,21,0.2857142857142857,0.04775395238095238,19.581985714285715,0.8831549866738045
CA,ID,21,0.2857142857142857,0.033217142857142855,19.764414285714288,0.8831549866738045
GA,GD,21,0.2857142857142857,0.10584566666666666,19.035919047619046,0.8831549866738045
TA,LG,21,0.2857142857142857,0.05254376190476191,16.72394285714286,0.8831549866738045
TC,GP,21,0.2857142857142857,0.038190047619047617,20.13122380952381,0.8831549866738045
TC,PS,21,0.2857142857142857,0.045528571428571425,19.7906,0.8831549866738045
GT,GG,67,0.208955223880597,0.05730955223880597,18.864998507462687,0.8816881772009776
AG,QG,43,0.23255813953488372,0.06380790697674418,17.443081395348838,0.8800441009112234
CG,AN,43,0.23255813953488372,0.04904918604651163,19.88373488372093,0.8800441009112234
TG,VP,43,0.23255813953488372,0.059865,17.9350488372093,0.8800441009112234
CG,GK,93,0.1935483870967742,0.05306162365591398,19.30371182795699,0.879347377213549
GC,IG,49,0.22448979591836735,0.056559571428571424,19.52201632653061,0.8782092461165225
GA,VL,74,0.20270270270270271,0.039695986486486486,20.414427027027028,0.8751665095006035
GG,FT,107,0.18691588785046728,0.05005863551401869,20.167407476635514,0.8751647153503215
AA,LV,87,0.19540229885057472,0.04032324137931035,20.46317816091954,0.8748819062773509
AC,VY,32,0.25,0.0511149375,18.66241875,0.8741268903666201
TT,GY,32,0.25,0.0732201875,17.8791,0.8741268903666201
GG,PL,216,0.16203703703703703,0.029848569444444445,20.635596759259258,0.871742626731093
GA,TE,68,0.20588235294117646,0.03455979411764706,19.82694705882353,0.8717278097700241
GG,AE,202,0.16336633663366337,0.023924970297029703,19.040549504950494,0.8679989965761336
CA,KE,38,0.23684210526315788,0.04737586842105263,19.97541842105263,0.8676856530307057
GC,VD,38,0.23684210526315788,0.10793760526315789,16.133934210526316,0.8676856530307057
TG,KY,56,0.21428571428571427,0.06671866071428571,19.25531785714286,0.8663681288216893
GT,DS,44,0.22727272727272727,0.08072568181818182,18.138318181818182,0.8651505658568908
GT,IY,44,0.22727272727272727,0.08520145454545455,19.10004318181818,0.8651505658568908
GT,RW,44,0.22727272727272727,0.05062211363636364,17.149525,0.8651505658568908
TG,WV,50,0.22,0.04783482,18.92588,0.8650016391993517
CC,PI,144,0.1736111111111111,0.045897208333333335,18.711022222222223,0.8640162747257941
AG,KG,27,0.25925925925925924,0.08406255555555556,18.05825925925926,0.8639048730083861
AG,YY,27,0.25925925925925924,0.05603059259259259,19.182388888888887,0.8639048730083861
CA,DR,27,0.25925925925925924,0.08432455555555556,18.838466666666665,0.8639048730083861
GC,ID,27,0.25925925925925924,0.04435970370370371,20.089170370370372,0.8639048730083861
TC,LQ,27,0.25925925925925924,0.09076333333333333,17.40395925925926,0.8639048730083861
GT,VS,63,0.20634920634920634,0.06799676190476191,20.327568253968256,0.8581822235504084
TG,GG,63,0.20634920634920634,0.047677031746031745,20.08763015873016,0.8581822235504084
AT,TN,22,0.2727272727272727,0.07203913636363636,19.144527272727274,0.8551347861624953
CG,GW,22,0.2727272727272727,0.13688645454545456,19.253922727272727,0.8551347861624953
CT,IF,22,0.2727272727272727,0.09974059090909092,17.39265,0.8551347861624953
GA,DE,22,0.2727272727272727,0.03591163636363636,19.885845454545457,0.8551347861624953
AC,FF,12,0.3333333333333333,0.14834383333333334,16.387808333333332,0.8549831191538455
CG,FG,12,0.3333333333333333,0.11645066666666666,17.002208333333332,0.8549831191538455
CT,DA,12,0.3333333333333333,0.06758591666666668,17.563341666666666,0.8549831191538455
CT,SN,12,0.3333333333333333,0.06318791666666666,18.412008333333333,0.8549831191538455
GA,WK,12,0.3333333333333333,0.115541,17.146916666666666,0.8549831191538455
GT,MT,12,0.3333333333333333,0.053128666666666664,18.550658333333335,0.8549831191538455
GT,NG,12,0.3333333333333333,0.10883824999999998,16.555083333333332,0.8549831191538455
TA,SI,12,0.3333333333333333,0.08673741666666668,16.989816666666666,0.8549831191538455
TA,SV,12,0.3333333333333333,0.05497066666666667,19.085350000000002,0.8549831191538455
TA,VC,12,0.3333333333333333,0.092048,17.57415,0.8549831191538455
TA,WV,12,0.3333333333333333,0.0433655,17.77625,0.8549831191538455
TC,WV,12,0.3333333333333333,0.11098625,18.85995,0.8549831191538455
TC,YR,12,0.3333333333333333,0.07656466666666667,18.073483333333332,0.8549831191538455
CA,VQ,33,0.24242424242424243,0.03512945454545455,19.0920696969697,0.854875278694827
CG,IF,33,0.24242424242424243,0.04515966666666667,19.696824242424242,0.854875278694827
GG,FY,33,0.24242424242424243,0.042223757575757574,19.77387575757576,0.854875278694827
TC,EK,33,0.24242424242424243,0.0533599696969697,18.95429696969697,0.854875278694827
TC,GL,33,0.24242424242424243,0.050488818181818176,18.453433333333333,0.854875278694827
GT,KG,57,0.21052631578947367,0.04008222807017544,20.34960350877193,0.8548301074834566
CG,DF,70,0.2,0.06559515714285714,19.819677142857145,0.8525359754082631
GG,GG,70,0.2,0.05064045714285714,20.560247142857143,0.8525359754082631
TT,KN,39,0.23076923076923078,0.07250328205128205,19.823710256410255,0.851279874026293
CA,ET,45,0.2222222222222222,0.030882688888888888,19.89844,0.8508091992197988
GG,EM,45,0.2222222222222222,0.03893973333333334,19.924342222222222,0.8508091992197988
TG,AT,45,0.2222222222222222,0.04487586666666666,19.715777777777777,0.8508091992197988
TG,VG,45,0.2222222222222222,0.06341508888888889,19.225453333333334,0.8508091992197988
AC,QE,17,0.29411764705882354,0.055768882352941175,18.72410588235294,0.8501093405576955
AG,CG,17,0.29411764705882354,0.05381958823529412,19.984888235294115,0.8501093405576955
CA,DP,17,0.29411764705882354,0.043494470588235294,19.438447058823527,0.8501093405576955
GA,VY,17,0.29411764705882354,0.07315570588235294,18.217982352941174,0.8501093405576955
GG,CK,17,0.29411764705882354,0.0543115294117647,18.009441176470588,0.8501093405576955
GT,LH,17,0.29411764705882354,0.11109388235294117,17.178182352941178,0.8501093405576955
CA,DF,28,0.25,0.06167003571428571,18.590471428571426,0.8418239574966185
GA,YT,28,0.25,0.05589539285714285,20.180575,0.8418239574966185
GC,DT,28,0.25,0.060876678571428575,17.774064285714285,0.8418239574966185
TA,GL,28,0.25,0.1054264642857143,17.362142857142857,0.8418239574966185
TG,YY,28,0.25,0.08275310714285714,18.50802857142857,0.8418239574966185
TT,VC,28,0.25,0.03886439285714286,18.254403571428572,0.8418239574966185
GG,GV,78,0.19230769230769232,0.03994448717948718,18.046207692307693,0.8402784331667349
TG,EV,65,0.2,0.03775323076923077,20.818243076923075,0.837930948405285
AG,DL,46,0.21739130434782608,0.07635254347826087,20.282208695652173,0.836988609067404
CC,DP,46,0.21739130434782608,0.03835245652173913,20.18950652173913,0.836988609067404
CC,LY,46,0.21739130434782608,0.04051186956521739,18.06049782608696,0.836988609067404
GC,VE,46,0.21739130434782608,0.05243013043478261,20.04268695652174,0.836988609067404
AA,IA,34,0.23529411764705882,0.053233588235294116,18.831720588235296,0.8365524850563326
AA,VT,34,0.23529411764705882,0.08993726470588236,19.242873529411764,0.8365524850563326
CT,KR,34,0.23529411764705882,0.05783329411764706,19.018679411764705,0.8365524850563326
TA,VT,34,0.23529411764705882,0.04609585294117647,19.59489411764706,0.8365524850563326
AA,SQ,40,0.225,0.024911549999999998,20.33935,0.8355537150084693
TG,RW,40,0.225,0.111274175,19.399247499999998,0.8355537150084693
TT,PV,40,0.225,0.055222875000000005,19.9888925,0.8355537150084693
CG,QL,100,0.18,0.01927438,20.253093,0.8307216930314267
AC,TL,23,0.2608695652173913,0.06023052173913044,18.913647826086958,0.8290575209603337
AG,EY,23,0.2608695652173913,0.047461826086956524,19.365904347826085,0.8290575209603337
AT,GT,23,0.2608695652173913,0.0793511304347826,19.322295652173914,0.8290575209603337
CG,RF,23,0.2608695652173913,0.1341851739130435,17.596252173913044,0.8290575209603337
CG,VF,23,0.2608695652173913,0.0837244347826087,19.220047826086958,0.8290575209603337
GC,EN,23,0.2608695652173913,0.03177660869565217,20.46227391304348,0.8290575209603337
TC,AT,23,0.2608695652173913,0.08678282608695652,18.14808695652174,0.8290575209603337
TT,VA,23,0.2608695652173913,0.04085082608695652,19.92073043478261,0.8290575209603337
AG,AE,53,0.20754716981132076,0.03823869811320755,19.677198113207545,0.827902349286925
AA,MY,8,0.375,0.045690749999999995,16.4752875,0.8239592165010823
AA,QE,8,0.375,0.07312112500000001,18.8019375,0.8239592165010823
AA,SN,8,0.375,0.07320412500000001,17.4526,0.8239592165010823
AC,YP,8,0.375,0.08185124999999999,18.840625,0.8239592165010823
AT,FI,8,0.375,0.043019,19.0050625,0.8239592165010823
AT,NS,8,0.375,0.0925565,15.6195375,0.8239592165010823
AT,PN,8,0.375,0.13989675000000001,16.1063125,0.8239592165010823
CC,CS,8,0.375,0.03870775,20.3276125,0.8239592165010823
CC,KC,8,0.375,0.077250625,17.6877875,0.8239592165010823
CC,NY,8,0.375,0.05312225,17.5461125,0.8239592165010823
CG,FF,8,0.375,0.195963,15.903925000000001,0.8239592165010823
CG,MN,8,0.375,0.09067599999999999,16.7027,0.8239592165010823
CT,FF,8,0.375,0.1452325,16.2935,0.8239592165010823
GA,RC,8,0.375,0.061128875,16.4450125,0.8239592165010823
GC,CG,8,0.375,0.052442,17.946550000000002,0.8239592165010823
GT,EC,8,0.375,0.035594125000000004,18.332250000000002,0.8239592165010823
TA,CF,8,0.375,0.057892875,14.88575,0.8239592165010823
TC,NG,8,0.375,0.085823125,17.101,0.8239592165010823
TC,PM,8,0.375,0.21054425,15.782975,0.8239592165010823
TG,NY,8,0.375,0.17195375000000002,14.7058625,0.8239592165010823
TT,LH,8,0.375,0.12977675,17.337712500000002,0.8239592165010823
TT,QR,8,0.375,0.257721625,14.651299999999999,0.8239592165010823
TT,SH,8,0.375,0.09061187500000001,15.2075375,0.8239592165010823
AA,TE,47,0.2127659574468085,0.061639127659574466,18.684040425531915,0.8236597895548705
GG,HL,47,0.2127659574468085,0.03741417021276596,20.034259574468084,0.8236597895548705
GT,QG,47,0.2127659574468085,0.03492121276595745,21.14014680851064,0.8236597895548705
AG,NQ,29,0.2413793103448276,0.0598481724137931,20.4539,0.8209786783322445
AG,YN,29,0.2413793103448276,0.060248413793103445,19.488817241379312,0.8209786783322445
CA,FY,29,0.2413793103448276,0.03077155172413793,18.454927586206896,0.8209786783322445
CG,NE,29,0.2413793103448276,0.05688372413793104,18.85291034482759,0.8209786783322445
CT,IG,29,0.2413793103448276,0.03856903448275862,18.25793448275862,0.8209786783322445
GT,NE,29,0.2413793103448276,0.04331355172413793,20.306406896551724,0.8209786783322445
TT,DR,29,0.2413793103448276,0.05227393103448276,18.069393103448274,0.8209786783322445
GT,GT,41,0.21951219512195122,0.06188668292682927,18.62581951219512,0.8204640625500077
AA,TP,35,0.22857142857142856,0.036074628571428576,20.12401142857143,0.8190900430756822
AG,IA,35,0.22857142857142856,0.044578314285714286,20.437714285714282,0.8190900430756822
AC,LH,18,0.2777777777777778,0.06724744444444444,18.415955555555556,0.8178997164351224
GA,EC,18,0.2777777777777778,0.09097244444444445,19.241155555555554,0.8178997164351224
GG,FG,18,0.2777777777777778,0.08846088888888888,18.509827777777776,0.8178997164351224
TC,EG,18,0.2777777777777778,0.05300333333333333,18.973505555555555,0.8178997164351224
TG,HL,18,0.2777777777777778,0.05422894444444445,19.133855555555556,0.8178997164351224
TT,ED,18,0.2777777777777778,0.052339333333333335,19.35465,0.8178997164351224
TT,YT,18,0.2777777777777778,0.08505861111111111,17.7954,0.8178997164351224
AA,PG,54,0.2037037037037037,0.03985742592592593,19.3775462962963,0.8163086118066144
GG,SM,81,0.18518518518518517,0.0237789012345679,19.719285185185186,0.8160591198637506
AA,CT,13,0.3076923076923077,0.028688923076923077,19.17773076923077,0.812017639881618
AA,GE,13,0.3076923076923077,0.2359393076923077,16.216384615384616,0.812017639881618
AA,KF,13,0.3076923076923077,0.18536376923076922,18.040815384615385,0.812017639881618
AC,RC,13,0.3076923076923077,0.05695115384615385,19.746576923076926,0.812017639881618
AG,FA,13,0.3076923076923077,0.09000546153846155,15.863699999999998,0.812017639881618
AG,YF,13,0.3076923076923077,0.06745438461538461,16.690446153846153,0.812017639881618
AT,EA,13,0.3076923076923077,0.03857938461538461,19.43246153846154,0.812017639881618
AT,LS,13,0.3076923076923077,0.07429776923076922,19.225553846153847,0.812017639881618
AT,TD,13,0.3076923076923077,0.08079523076923077,15.893400000000002,0.812017639881618
AT,YY,13,0.3076923076923077,0.15480753846153844,17.686692307692308,0.812017639881618
GA,GN,13,0.3076923076923077,0.03957946153846154,18.57823846153846,0.812017639881618
GA,NI,13,0.3076923076923077,0.06835661538461538,18.217169230769233,0.812017639881618
GA,QE,13,0.3076923076923077,0.062030153846153846,18.68853846153846,0.812017639881618
GA,QV,13,0.3076923076923077,0.11751069230769232,17.84850769230769,0.812017639881618
GG,CD,13,0.3076923076923077,0.07518461538461538,19.136792307692307,0.812017639881618
GT,SH,13,0.3076923076923077,0.1530876923076923,16.028853846153847,0.812017639881618
TA,LS,13,0.3076923076923077,0.04341846153846153,19.892407692307692,0.812017639881618
TA,RC,13,0.3076923076923077,0.19048615384615386,17.3665,0.812017639881618
TA,VA,13,0.3076923076923077,0.047816384615384615,18.633876923076922,0.812017639881618
TC,SY,13,0.3076923076923077,0.2036136923076923,16.42193846153846,0.812017639881618
TG,NV,13,0.3076923076923077,0.03315530769230769,19.978738461538462,0.812017639881618
AG,LE,48,0.20833333333333334,0.0377671875,19.023795833333335,0.8107958954397139
GC,EQ,48,0.20833333333333334,0.057286000000000004,19.079833333333333,0.8107958954397139
GT,VE,48,0.20833333333333334,0.07889720833333333,19.08879166666667,0.8107958954397139
TG,PV,82,0.18292682926829268,0.06353465853658537,19.735678048780485,0.8083245014262069
AA,GQ,42,0.21428571428571427,0.03489907142857143,17.15955238095238,0.8059714533629062
TG,SK,42,0.21428571428571427,0.0940732380952381,18.842461904761905,0.8059714533629062
CA,LE,55,0.2,0.04550921818181818,21.018969090909092,0.80507033814703
AA,IG,24,0.25,0.07460591666666666,18.711391666666668,0.8047189562170501
CG,DT,24,0.25,0.05220566666666667,17.4625375,0.8047189562170501
AA,CD,4,0.5,0.17181525,16.8276,0.8047189562170501
AA,HE,4,0.5,0.0486585,18.2942,0.8047189562170501
AA,ME,4,0.5,0.1027825,16.1189,0.8047189562170501
AC,HR,4,0.5,0.12577625,17.175325,0.8047189562170501
AC,VW,4,0.5,0.04494075,17.782425,0.8047189562170501
AG,DH,4,0.5,0.1525825,12.871075000000001,0.8047189562170501
AT,HE,4,0.5,0.0486585,17.413325,0.8047189562170501
AT,HR,4,0.5,0.1606255,12.3883,0.8047189562170501
AT,QV,4,0.5,0.214018,12.45715,0.8047189562170501
CA,MY,4,0.5,0.2291395,15.202874999999999,0.8047189562170501
CA,YM,4,0.5,0.06056975,17.1997,0.8047189562170501
CC,CY,4,0.5,0.37339075,10.73395,0.8047189562170501
CC,NC,4,0.5,0.20040675000000002,15.893625,0.8047189562170501
CG,FM,4,0.5,0.12035025,14.398075,0.8047189562170501
CT,CD,4,0.5,0.15310775000000001,16.9479,0.8047189562170501
CT,HI,4,0.5,0.06023875,17.737000000000002,0.8047189562170501
CT,HR,4,0.5,0.09155074999999999,16.0447,0.8047189562170501
CT,VW,4,0.5,0.22011875000000003,13.756675,0.8047189562170501
CT,YG,4,0.5,0.11848925,15.200975,0.8047189562170501
GA,QH,4,0.5,0.1390125,14.060725,0.8047189562170501
GC,FH,4,0.5,0.04464625,16.3711,0.8047189562170501
GC,WF,4,0.5,0.07198199999999999,14.291899999999998,0.8047189562170501
GG,WF,4,0.5,0.11019675,17.479975,0.8047189562170501
GT,ME,4,0.5,0.08071275,15.4422,0.8047189562170501
TA,HE,4,0.5,0.04608225,15.700475,0.8047189562170501
TC,CR,4,0.5,0.29421325,13.887274999999999,0.8047189562170501
TC,FH,4,0.5,0.11931175000000001,14.827399999999999,0.8047189562170501
TC,MH,4,0.5,0.071249,16.784,0.8047189562170501
TC,NH,4,0.5,0.07874775,15.698550000000001,0.8047189562170501
TG,CN,4,0.5,0.17427,13.855550000000001,0.8047189562170501
GT,CE,36,0.2222222222222222,0.06257272222222222,18.68228888888889,0.8024262028098276
GT,TG,36,0.2222222222222222,0.05130944444444444,18.341722222222224,0.8024262028098276
CC,SV,90,0.17777777777777778,0.03718933333333333,20.78883111111111,0.8019305789363289
AC,VI,62,0.1935483870967742,0.06344112903225806,19.922725806451613,0.801897043817716
CG,LN,62,0.1935483870967742,0.057040016129032256,18.599643548387096,0.801897043817716
CT,AG,30,0.23333333333333334,0.0394803,17.869833333333336,0.8012636810465341
GC,FD,30,0.23333333333333334,0.077022,18.103653333333334,0.8012636810465341
GC,YT,30,0.23333333333333334,0.028525433333333336,18.37132666666667,0.8012636810465341
TA,EG,30,0.23333333333333334,0.09253856666666667,18.411080000000002,0.8012636810465341
TA,IG,30,0.23333333333333334,0.0652365,18.40634,0.8012636810465341
TT,FY,30,0.23333333333333334,0.07823346666666667,17.678476666666665,0.8012636810465341
GG,VA,63,0.19047619047619047,0.03487228571428571,18.71002222222222,0.7921682063542231
CT,PE,43,0.20930232558139536,0.04018886046511628,19.72873488372093,0.7920396908201012
CT,VQ,43,0.20930232558139536,0.040511627906976745,17.48490930232558,0.7920396908201012
GA,LG,43,0.20930232558139536,0.04321316279069767,19.36570930232558,0.7920396908201012
GC,VV,43,0.20930232558139536,0.09069888372093024,19.494190697674416,0.7920396908201012
GT,LI,70,0.18571428571428572,0.036982,19.950345714285714,0.7916405485933872
AC,YK,19,0.2631578947368421,0.1729517894736842,16.71763157894737,0.7883505983036818
AG,VH,19,0.2631578947368421,0.09544889473684211,17.671247368421053,0.7883505983036818
CA,FS,19,0.2631578947368421,0.09051352631578947,19.338905263157898,0.7883505983036818
CC,PM,19,0.2631578947368421,0.06438015789473683,18.139831578947366,0.7883505983036818
TC,SF,19,0.2631578947368421,0.06380247368421053,17.12845789473684,0.7883505983036818
TG,CD,19,0.2631578947368421,0.10922131578947368,18.443973684210526,0.7883505983036818
TG,DT,19,0.2631578947368421,0.0896131052631579,18.4328,0.7883505983036818
TG,ED,19,0.2631578947368421,0.0651358947368421,17.419636842105263,0.7883505983036818
TT,IW,19,0.2631578947368421,0.09100452631578947,17.991426315789475,0.7883505983036818
TT,TQ,19,0.2631578947368421,0.04115836842105263,20.722410526315787,0.7883505983036818
GA,IT,37,0.21621621621621623,0.05266851351351352,18.928754054054053,0.7865051156165158
GA,LP,37,0.21621621621621623,0.05655443243243243,20.20861081081081,0.7865051156165158
GG,YW,37,0.21621621621621623,0.055859216216216215,19.779197297297298,0.7865051156165158
GC,IP,50,0.2,0.04845258,20.679066,0.7863651265448652
GC,VI,50,0.2,0.0480497,20.46377,0.7863651265448652
TT,SG,57,0.19298245614035087,0.06123222807017544,19.243163157894738,0.7835942651931685
CG,NR,64,0.1875,0.06357246875,20.0388515625,0.782697613105432
GC,KE,64,0.1875,0.041585390625,20.77425625,0.782697613105432
AA,KS,31,0.22580645161290322,0.06987764516129032,18.19651935483871,0.7825855264386479
AA,LE,31,0.22580645161290322,0.032720806451612905,19.11095806451613,0.7825855264386479
AA,LG,31,0.22580645161290322,0.04740677419354839,19.097048387096773,0.7825855264386479
AC,GP,31,0.22580645161290322,0.04095267741935484,18.119506451612903,0.7825855264386479
AC,YV,25,0.24,0.07856924,16.955424,0.7819431691251557
AG,PA,25,0.24,0.0397548,17.616512,0.7819431691251557
GA,QL,25,0.24,0.03715984,18.225664,0.7819431691251557
GC,ST,25,0.24,0.03602832,17.405652,0.7819431691251557
GT,FN,25,0.24,0.10633748000000001,18.669624,0.7819431691251557
GT,FP,25,0.24,0.02110064,20.757336,0.7819431691251557
GC,FY,51,0.19607843137254902,0.041236921568627447,19.195396078431372,0.7747536703100838
GG,HG,51,0.19607843137254902,0.06329390196078431,18.02837450980392,0.7747536703100838
AA,FN,14,0.2857142857142857,0.106202,18.198057142857145,0.7737286288863456
AA,HL,14,0.2857142857142857,0.043206499999999995,18.04949285714286,0.7737286288863456
AC,GM,14,0.2857142857142857,0.044189785714285716,18.117935714285714,0.7737286288863456
AG,AW,14,0.2857142857142857,0.05593578571428571,18.332592857142856,0.7737286288863456
AG,HS,14,0.2857142857142857,0.07098507142857143,17.17130714285714,0.7737286288863456
CA,NW,14,0.2857142857142857,0.08144157142857143,18.034299999999998,0.7737286288863456
CG,TC,14,0.2857142857142857,0.046647857142857144,18.67057857142857,0.7737286288863456
CT,DT,14,0.2857142857142857,0.09468142857142857,19.068242857142856,0.7737286288863456
GA,CT,14,0.2857142857142857,0.03346378571428572,19.433085714285713,0.7737286288863456
GA,LC,14,0.2857142857142857,0.057957571428571435,20.343178571428574,0.7737286288863456
GA,MT,14,0.2857142857142857,0.03806921428571429,20.4647,0.7737286288863456
GG,YC,14,0.2857142857142857,0.09705942857142857,18.50260714285714,0.7737286288863456
GT,CC,14,0.2857142857142857,0.036058214285714284,17.394292857142858,0.7737286288863456
GT,DP,14,0.2857142857142857,0.03815864285714286,17.80344285714286,0.7737286288863456
TA,GE,14,0.2857142857142857,0.109889,16.770285714285713,0.7737286288863456
TA,HL,14,0.2857142857142857,0.032222214285714285,19.910357142857144,0.7737286288863456
TC,AV,14,0.2857142857142857,0.073231,16.744421428571428,0.7737286288863456
TC,WI,14,0.2857142857142857,0.029405928571428572,20.359914285714286,0.7737286288863456
TC,YP,14,0.2857142857142857,0.0416235,20.98822857142857,0.7737286288863456
AA,KG,38,0.21052631578947367,0.03408215789473684,19.362084210526316,0.771276136027294
GA,SN,38,0.21052631578947367,0.04217631578947369,18.943255263157894,0.771276136027294
GG,QM,38,0.21052631578947367,0.026362447368421055,21.21428947368421,0.771276136027294
GG,NT,118,0.16101694915254236,0.028039322033898306,20.710708474576272,0.7695198844840598
CT,ET,95,0.16842105263157894,0.03682927368421053,20.696646315789472,0.7687323269840566
AC,HN,9,0.3333333333333333,0.04094088888888889,18.71761111111111,0.7675283643313486
AC,WN,9,0.3333333333333333,0.09476077777777778,18.21366666666667,0.7675283643313486
AG,HA,9,0.3333333333333333,0.11595444444444444,17.800455555555555,0.7675283643313486
AG,NH,9,0.3333333333333333,0.04473088888888889,16.387755555555557,0.7675283643313486
AG,QQ,9,0.3333333333333333,0.03732877777777778,20.243633333333335,0.7675283643313486
AT,FG,9,0.3333333333333333,0.08015488888888889,19.228866666666665,0.7675283643313486
AT,LI,9,0.3333333333333333,0.045811222222222225,17.874066666666668,0.7675283643313486
AT,ME,9,0.3333333333333333,0.06882411111111111,15.712555555555557,0.7675283643313486
CA,HA,9,0.3333333333333333,0.053255555555555556,17.46026666666667,0.7675283643313486
CA,QT,9,0.3333333333333333,0.06430033333333333,18.21961111111111,0.7675283643313486
CC,MI,9,0.3333333333333333,0.14402266666666666,18.329055555555556,0.7675283643313486
CT,CA,9,0.3333333333333333,0.03513111111111111,18.39358888888889,0.7675283643313486
CT,CE,9,0.3333333333333333,0.23022722222222225,16.264599999999998,0.7675283643313486
GA,CH,9,0.3333333333333333,0.20650811111111111,16.80891111111111,0.7675283643313486
GA,GC,9,0.3333333333333333,0.107468,18.183566666666664,0.7675283643313486
GA,GH,9,0.3333333333333333,0.07002033333333334,17.82881111111111,0.7675283643313486
GA,RH,9,0.3333333333333333,0.18790688888888887,17.063522222222222,0.7675283643313486
GC,HR,9,0.3333333333333333,0.1193792222222222,16.584999999999997,0.7675283643313486
GG,CF,9,0.3333333333333333,0.08958822222222224,17.783366666666666,0.7675283643313486
GT,CF,9,0.3333333333333333,0.10367966666666667,18.55367777777778,0.7675283643313486
TA,CK,9,0.3333333333333333,0.068573,16.09787777777778,0.7675283643313486
TA,CN,9,0.3333333333333333,0.04544933333333333,18.78933333333333,0.7675283643313486
TC,DD,9,0.3333333333333333,0.04734011111111111,18.269277777777777,0.7675283643313486
TG,MT,9,0.3333333333333333,0.07777,17.666322222222224,0.7675283643313486
TG,RH,9,0.3333333333333333,0.1785558888888889,17.0529,0.7675283643313486
TG,WP,9,0.3333333333333333,0.20033333333333334,15.436066666666667,0.7675283643313486
TT,DQ,9,0.3333333333333333,0.20057355555555556,14.088033333333334,0.7675283643313486
GC,TV,45,0.2,0.040915511111111115,20.84893111111111,0.7657282792978191
CG,VE,32,0.21875,0.0547711875,19.834796875,0.7648610290707926
GT,PD,32,0.21875,0.05487603125,19.808496875,0.7648610290707926
GT,IA,52,0.19230769230769232,0.028322653846153845,20.095000000000002,0.7635176756831005
TG,VQ,59,0.1864406779661017,0.034343169491525424,20.79238305084746,0.7633523760075103
AG,EL,96,0.16666666666666666,0.036389697916666665,19.873974999999998,0.7624518297505638
AC,NW,20,0.25,0.07519435,17.60752,0.7611306094308558
CA,NP,20,0.25,0.059938349999999994,19.627164999999998,0.7611306094308558
CG,FE,20,0.25,0.0563291,18.42264,0.7611306094308558
CG,GP,20,0.25,0.06481604999999999,17.63651,0.7611306094308558
CG,VV,20,0.25,0.0734937,18.75436,0.7611306094308558
CG,YK,20,0.25,0.047503050000000005,18.439115,0.7611306094308558
CT,VM,20,0.25,0.027665299999999997,19.014615,0.7611306094308558
GA,AY,20,0.25,0.08923525,19.824745,0.7611306094308558
GG,NG,20,0.25,0.06891235,18.325,0.7611306094308558
GT,FC,20,0.25,0.1188083,19.0173,0.7611306094308558
TA,QK,20,0.25,0.031593949999999996,18.83058,0.7611306094308558
GA,YN,26,0.23076923076923078,0.05761019230769231,19.515634615384617,0.7605777383086914
GA,YP,26,0.23076923076923078,0.061620961538461534,19.56880384615385,0.7605777383086914
GT,KD,26,0.23076923076923078,0.051728923076923075,18.914084615384617,0.7605777383086914
TC,IG,26,0.23076923076923078,0.062463346153846154,18.530730769230768,0.7605777383086914
GG,YN,112,0.16071428571428573,0.03315551785714286,21.015733035714284,0.7597587565787691
GC,GQ,67,0.1791044776119403,0.08597697014925372,19.551768656716416,0.7557327233151236
CC,KD,137,0.15328467153284672,0.02449026277372263,20.03923503649635,0.7552724626883307
GG,PD,129,0.15503875968992248,0.019616682170542635,21.041299224806203,0.7546565039466019
GG,QW,113,0.1592920353982301,0.07630579646017699,17.686890265486724,0.7544386908946984
GG,VP,82,0.17073170731707318,0.04107070731707317,20.191924390243905,0.7544362013311265
CT,KE,60,0.18333333333333332,0.025466683333333334,21.008123333333334,0.7536602084317737
CA,TG,33,0.21212121212121213,0.07549930303030304,20.84479696969697,0.7480158688579737
CG,QD,33,0.21212121212121213,0.03341181818181818,19.24201515151515,0.7480158688579737
GA,AV,33,0.21212121212121213,0.0684049696969697,19.495209090909093,0.7480158688579737
GC,AG,33,0.21212121212121213,0.07128981818181819,18.75329696969697,0.7480158688579737
GC,WI,33,0.21212121212121213,0.03472036363636364,19.91849393939394,0.7480158688579737
GT,CA,33,0.21212121212121213,0.06738730303030302,20.386236363636364,0.7480158688579737
TG,AD,33,0.21212121212121213,0.062099909090909095,19.210875757575756,0.7480158688579737
CC,ED,40,0.2,0.041338150000000004,20.03181,0.7427144133408616
TG,GP,40,0.2,0.05677595,19.338720000000002,0.7427144133408616
GT,ET,54,0.18518518518518517,0.04331001851851852,19.11470185185185,0.7420987380060131
AG,DS,47,0.19148936170212766,0.05283476595744681,19.995536170212766,0.7412938105993834
CC,PV,132,0.15151515151515152,0.024189045454545453,19.968714393939393,0.7409619891245082
AA,FK,27,0.2222222222222222,0.046488555555555554,20.151966666666667,0.7404898911500453
CA,GN,27,0.2222222222222222,0.09804296296296296,17.776718518518518,0.7404898911500453
CT,GS,27,0.2222222222222222,0.05972551851851851,18.62808148148148,0.7404898911500453
GA,WG,27,0.2222222222222222,0.032346703703703704,19.448796296296294,0.7404898911500453
TA,LE,27,0.2222222222222222,0.03173296296296296,20.173866666666665,0.7404898911500453
TG,AC,27,0.2222222222222222,0.02678048148148148,21.047044444444445,0.7404898911500453
TG,LM,27,0.2222222222222222,0.027252000000000002,19.64792962962963,0.7404898911500453
TG,PG,27,0.2222222222222222,0.05647918518518519,20.520548148148148,0.7404898911500453
TT,GP,27,0.2222222222222222,0.05438581481481481,18.375507407407408,0.7404898911500453
TT,TG,27,0.2222222222222222,0.047439444444444444,17.4486,0.7404898911500453
TT,TL,27,0.2222222222222222,0.06109666666666667,18.478862962962964,0.7404898911500453
GT,EG,84,0.16666666666666666,0.05612567857142857,19.665219047619047,0.7404418760817194
CA,TH,15,0.26666666666666666,0.08521713333333333,19.375733333333336,0.7393569925972749
CC,YK,15,0.26666666666666666,0.040218399999999994,18.262406666666667,0.7393569925972749
CG,DE,15,0.26666666666666666,0.06418306666666666,20.15284,0.7393569925972749
GA,YG,15,0.26666666666666666,0.03942919999999999,18.43326666666667,0.7393569925972749
GT,EY,15,0.26666666666666666,0.0422132,17.657793333333334,0.7393569925972749
GT,IN,15,0.26666666666666666,0.14274379999999998,16.462433333333333,0.7393569925972749
GT,VY,15,0.26666666666666666,0.043011266666666666,18.136393333333334,0.7393569925972749
TA,GP,15,0.26666666666666666,0.056578800000000005,18.35714,0.7393569925972749
TA,SD,15,0.26666666666666666,0.14400553333333335,18.328546666666668,0.7393569925972749
GG,VV,69,0.17391304347826086,0.04135508695652174,19.81594347826087,0.7388687377477147
AT,QK,21,0.23809523809523808,0.061714619047619046,18.57387619047619,0.7359624888948371
AT,VI,21,0.23809523809523808,0.04068666666666666,20.40844761904762,0.7359624888948371
CG,LH,21,0.23809523809523808,0.07097180952380952,19.24522857142857,0.7359624888948371
CG,LY,21,0.23809523809523808,0.03678633333333333,19.112033333333333,0.7359624888948371
CG,TS,21,0.23809523809523808,0.079382,16.865952380952383,0.7359624888948371
GG,KM,21,0.23809523809523808,0.11218038095238095,18.541319047619048,0.7359624888948371
GT,HL,21,0.23809523809523808,0.07580752380952381,19.040119047619047,0.7359624888948371
TA,QL,21,0.23809523809523808,0.050887952380952374,21.759938095238095,0.7359624888948371
TA,RP,21,0.23809523809523808,0.05233109523809524,17.037509523809522,0.7359624888948371
CC,LA,77,0.16883116883116883,0.06834028571428571,19.547044155844155,0.7355482434670739
GA,YL,34,0.20588235294117646,0.046674617647058825,20.208776470588234,0.731983424424291
GT,PG,34,0.20588235294117646,0.06395429411764707,19.224026470588235,0.731983424424291
TG,QM,34,0.20588235294117646,0.048337000000000005,20.47331176470588,0.731983424424291
AA,TA,41,0.1951219512195122,0.045808073170731704,19.758241463414635,0.7293013889333402
AC,VG,41,0.1951219512195122,0.04004712195121951,19.335131707317075,0.7293013889333402
GG,DK,152,0.14473684210526316,0.02882520394736842,20.01759144736842,0.7280896991489051
GC,KV,86,0.16279069767441862,0.024169348837209302,20.76011046511628,0.72700829838563
CC,YD,56,0.17857142857142858,0.026183053571428572,18.579707142857142,0.7219734406847411
AG,VF,28,0.21428571428571427,0.03950457142857143,19.294510714285714,0.7215633921399587
GC,TS,28,0.21428571428571427,0.06681257142857143,18.35643214285714,0.7215633921399587
GT,DD,28,0.21428571428571427,0.10960696428571429,19.5928,0.7215633921399587
TC,DL,28,0.21428571428571427,0.06475525,19.03325357142857,0.7215633921399587
GG,SG,79,0.16455696202531644,0.05958764556962025,20.60876582278481,0.7210929905159551
AA,CF,10,0.3,0.09066880000000001,16.20146,0.7193685818395111
AC,DV,10,0.3,0.079429,19.00873,0.7193685818395111
AT,EM,10,0.3,0.0640762,17.50695,0.7193685818395111
CA,DD,10,0.3,0.1088392,17.80333,0.7193685818395111
CA,GC,10,0.3,0.0537624,18.39257,0.7193685818395111
CA,SC,10,0.3,0.0976452,18.28006,0.7193685818395111
CG,DA,10,0.3,0.043103,20.32853,0.7193685818395111
CG,DH,10,0.3,0.0525235,20.661920000000002,0.7193685818395111
CG,FI,10,0.3,0.0631161,17.6707,0.7193685818395111
CG,ML,10,0.3,0.0363635,19.67753,0.7193685818395111
CT,YT,10,0.3,0.0354827,18.26463,0.7193685818395111
GA,HQ,10,0.3,0.0804328,18.77317,0.7193685818395111
GA,PF,10,0.3,0.049148899999999995,17.9673,0.7193685818395111
GC,DY,10,0.3,0.043850299999999995,18.255770000000002,0.7193685818395111
GC,FC,10,0.3,0.054773,19.21334,0.7193685818395111
GC,HQ,10,0.3,0.0738199,16.4785,0.7193685818395111
TA,KM,10,0.3,0.0389534,19.4265,0.7193685818395111
TA,PT,10,0.3,0.0662451,17.139670000000002,0.7193685818395111
TC,FG,10,0.3,0.1169643,18.39795,0.7193685818395111
TC,SM,10,0.3,0.1653193,17.153950000000002,0.7193685818395111
TC,WM,10,0.3,0.0321876,20.135820000000002,0.7193685818395111
TG,EC,10,0.3,0.0272392,18.77068,0.7193685818395111
TT,CN,10,0.3,0.0923921,17.07544,0.7193685818395111
TT,MT,10,0.3,0.0767393,19.16753,0.7193685818395111
TT,TH,10,0.3,0.051369200000000004,20.844810000000003,0.7193685818395111
TT,YM,10,0.3,0.0355004,19.33622,0.7193685818395111
CC,YT,64,0.171875,0.02080140625,20.0350328125,0.7174728120133126
CG,VD,35,0.2,0.07863805714285714,22.027305714285713,0.716703787691222
AA,CN,5,0.4,0.0343088,17.44712,0.716703787691222
AA,FI,5,0.4,0.1136426,16.53228,0.716703787691222
AA,HY,5,0.4,0.3404296,14.193639999999998,0.716703787691222
AC,CP,5,0.4,0.050793599999999994,19.38486,0.716703787691222
AC,HY,5,0.4,0.2963522,13.66686,0.716703787691222
AC,MY,5,0.4,0.0844482,16.83784,0.716703787691222
AC,YH,5,0.4,0.1422296,15.855459999999999,0.716703787691222
AG,WF,5,0.4,0.1450712,14.08796,0.716703787691222
AT,DM,5,0.4,0.06418979999999999,16.93318,0.716703787691222
AT,EF,5,0.4,0.048211800000000006,17.84592,0.716703787691222
AT,FV,5,0.4,0.079008,17.32668,0.716703787691222
AT,IH,5,0.4,0.03950479999999999,18.92024,0.716703787691222
CA,NV,5,0.4,0.0358954,19.58618,0.716703787691222
CC,CF,5,0.4,0.0887362,15.31968,0.716703787691222
CC,DM,5,0.4,0.0747554,17.80024,0.716703787691222
CC,LC,5,0.4,0.0429788,18.115000000000002,0.716703787691222
CG,CG,5,0.4,0.09814039999999999,18.93376,0.716703787691222
CG,PC,5,0.4,0.0742066,15.99184,0.716703787691222
CT,GM,5,0.4,0.122302,14.192180000000002,0.716703787691222
CT,ME,5,0.4,0.17028559999999998,13.802699999999998,0.716703787691222
CT,RC,5,0.4,0.14489380000000002,15.06944,0.716703787691222
CT,WN,5,0.4,0.077233,15.0561,0.716703787691222
CT,YP,5,0.4,0.13076859999999998,14.33072,0.716703787691222
GA,DM,5,0.4,0.1823048,15.8918,0.716703787691222
GA,MS,5,0.4,0.0782174,18.97722,0.716703787691222
GC,DM,5,0.4,0.0486592,18.653280000000002,0.716703787691222
GC,WS,5,0.4,0.056573799999999994,19.47968,0.716703787691222
GG,PC,5,0.4,0.0742066,14.71072,0.716703787691222
GT,FH,5,0.4,0.2786628,15.48338,0.716703787691222
TA,MG,5,0.4,0.03878859999999999,15.281139999999999,0.716703787691222
TA,YY,5,0.4,0.22476159999999998,15.02524,0.716703787691222
TC,CE,5,0.4,0.049017200000000004,17.92064,0.716703787691222
TC,HV,5,0.4,0.057186,15.34914,0.716703787691222
TC,KH,5,0.4,0.0912316,17.18358,0.716703787691222
TC,QV,5,0.4,0.0748962,16.368299999999998,0.716703787691222
TC,RC,5,0.4,0.049017200000000004,17.43504,0.716703787691222
TC,TF,5,0.4,0.0378066,17.96916,0.716703787691222
TG,CS,5,0.4,0.06153260000000001,17.24868,0.716703787691222
TT,CC,5,0.4,0.0453774,15.25128,0.716703787691222
TT,GH,5,0.4,0.0537294,17.68204,0.716703787691222
GC,YV,42,0.19047619047619047,0.04703578571428572,18.414335714285716,0.7164190696559166
CC,LD,96,0.15625,0.020420572916666668,20.693583333333333,0.7147985903911536
AC,GN,22,0.22727272727272727,0.09011531818181819,18.682763636363635,0.7126123218020795
AT,DI,22,0.22727272727272727,0.05496613636363636,18.035363636363638,0.7126123218020795
CC,TD,22,0.22727272727272727,0.07404100000000001,19.05455909090909,0.7126123218020795
CG,AF,22,0.22727272727272727,0.06166563636363636,19.76869090909091,0.7126123218020795
CT,EG,22,0.22727272727272727,0.09511922727272727,18.729363636363637,0.7126123218020795
CT,KW,22,0.22727272727272727,0.05091131818181818,18.136927272727274,0.7126123218020795
TA,DS,22,0.22727272727272727,0.0549415,19.154004545454544,0.7126123218020795
TC,GF,22,0.22727272727272727,0.03890209090909091,19.40033181818182,0.7126123218020795
TC,QP,22,0.22727272727272727,0.06906790909090908,17.290127272727272,0.7126123218020795
TT,HL,22,0.22727272727272727,0.09537354545454546,18.68223181818182,0.7126123218020795
TC,GI,57,0.17543859649122806,0.038018736842105265,18.342429824561403,0.7123584229028805
GC,LE,65,0.16923076923076924,0.029193815384615383,21.263087692307693,0.709018494804472
AC,DE,16,0.25,0.0466305625,18.01988125,0.708303336014054
AG,AC,16,0.25,0.0691355,18.70935,0.708303336014054
AG,CL,16,0.25,0.1064016875,18.20431875,0.708303336014054
AG,SM,16,0.25,0.0840815625,20.1718125,0.708303336014054
CA,AY,16,0.25,0.041742375,21.561625,0.708303336014054
CA,CY,16,0.25,0.11482168749999999,18.13420625,0.708303336014054
CA,KF,16,0.25,0.10134937499999999,19.800462500000002,0.708303336014054
CG,FA,16,0.25,0.1094806875,19.3817875,0.708303336014054
CG,WK,16,0.25,0.13580575,17.09090625,0.708303336014054
GC,CL,16,0.25,0.0644649375,18.7383125,0.708303336014054
GC,HP,16,0.25,0.037083875,19.84305,0.708303336014054
GT,FI,16,0.25,0.0657503125,18.81220625,0.708303336014054
TA,NP,16,0.25,0.0495429375,16.99783125,0.708303336014054
TC,PH,16,0.25,0.0335935625,19.41228125,0.708303336014054
TC,VE,16,0.25,0.1418546875,16.748675,0.708303336014054
TC,YI,16,0.25,0.054521125,20.083225,0.708303336014054
AC,GG,50,0.18,0.049167,21.408678,0.7077286138903786
AC,KA,50,0.18,0.03876418,17.972532,0.7077286138903786
AG,TE,50,0.18,0.01976692,19.956118,0.7077286138903786
GA,II,50,0.18,0.061838319999999995,19.229164,0.7077286138903786
GA,VI,50,0.18,0.04854165999999999,20.38623,0.7077286138903786
CG,IE,43,0.18604651162790697,0.049870116279069766,18.45211395348837,0.7040352807289788
AG,PP,29,0.20689655172413793,0.031097793103448276,19.46526896551724,0.7036960099990667
AG,SW,29,0.20689655172413793,0.06774934482758621,17.5094,0.7036960099990667
CT,DL,29,0.20689655172413793,0.02892637931034483,20.445141379310343,0.7036960099990667
CT,IS,29,0.20689655172413793,0.0604721724137931,18.986448275862067,0.7036960099990667
TC,EI,29,0.20689655172413793,0.04172989655172414,20.194255172413794,0.7036960099990667
TC,NL,29,0.20689655172413793,0.04609706896551725,19.19646551724138,0.7036960099990667
TT,EG,58,0.1724137931034483,0.07167877586206897,18.60561896551724,0.7030236972251241
AG,NT,36,0.19444444444444445,0.05327825,19.709133333333334,0.7021229274585992
GG,SY,36,0.19444444444444445,0.03567322222222222,20.853241666666666,0.7021229274585992
GT,TY,36,0.19444444444444445,0.07937225,21.52247777777778,0.7021229274585992
TA,ET,36,0.19444444444444445,0.035769277777777775,19.66524722222222,0.7021229274585992
CC,KN,51,0.17647058823529413,0.07481325490196078,18.190529411764704,0.6972783032790755
CG,LA,51,0.17647058823529413,0.051740274509803924,22.047409803921568,0.6972783032790755
CG,LG,51,0.17647058823529413,0.029048666666666667,20.498498039215683,0.6972783032790755
GG,AT,59,0.1694915254237288,0.02449920338983051,21.20032711864407,0.6939567054613729
AA,DW,1,1.0,0.282671,7.0539,0.6931471805599453
AA,HK,1,1.0,0.652257,3.7093,0.6931471805599453
AA,PC,1,1.0,0.084038,11.9059,0.6931471805599453
AC,HH,1,1.0,0.091948,11.5461,0.6931471805599453
AC,MH,1,1.0,0.132898,10.0727,0.6931471805599453
AC,WH,1,1.0,0.624294,3.8845,0.6931471805599453
AG,HM,1,1.0,0.109593,10.8439,0.6931471805599453
AT,CA,1,1.0,0.474259,4.984,0.6931471805599453
AT,HH,1,1.0,0.214786,8.1525,0.6931471805599453
AT,HY,1,1.0,0.188589,8.6727,0.6931471805599453
AT,TM,1,1.0,0.132452,10.0861,0.6931471805599453
AT,WN,1,1.0,0.11217,10.751,0.6931471805599453
AT,YH,1,1.0,0.096331,11.3598,0.6931471805599453
CA,WC,1,1.0,0.119429,10.5001,0.6931471805599453
CC,EH,1,1.0,0.116483,10.6,0.6931471805599453
CC,FM,1,1.0,0.125338,10.307,0.6931471805599453
CC,TM,1,1.0,0.093143,11.4945,0.6931471805599453
CC,WC,1,1.0,0.170233,9.0824,0.6931471805599453
CG,CM,1,1.0,0.09225,11.533,0.6931471805599453
CG,HH,1,1.0,0.091948,11.5461,0.6931471805599453
CT,CF,1,1.0,0.710343,3.368,0.6931471805599453
CT,MH,1,1.0,0.134728,10.018,0.6931471805599453
GC,CH,1,1.0,0.106559,10.9562,0.6931471805599453
GC,HH,1,1.0,0.127696,10.2324,0.6931471805599453
GC,MH,1,1.0,0.111648,10.7696,0.6931471805599453
GC,WC,1,1.0,0.170233,9.0824,0.6931471805599453
TA,CM,1,1.0,0.274147,7.1764,0.6931471805599453
TA,EH,1,1.0,0.125028,10.3169,0.6931471805599453
TA,YH,1,1.0,0.191472,8.6121,0.6931471805599453
TG,DW,1,1.0,0.112999,10.7215,0.6931471805599453
TG,HH,1,1.0,0.214786,8.1525,0.6931471805599453
AC,GK,75,0.16,0.045068519999999994,19.70158,0.6929173344458129
TG,TG,67,0.16417910447761194,0.029308014925373136,19.443689552238805,0.6927549963721966
CG,EI,44,0.18181818181818182,0.02817384090909091,19.99205681818182,0.6921204526855127
AA,EN,23,0.21739130434782608,0.036029043478260865,19.24734347826087,0.6908812674669447
AA,PA,23,0.21739130434782608,0.05124995652173913,18.18326086956522,0.6908812674669447
AG,YW,23,0.21739130434782608,0.10743565217391303,19.264534782608695,0.6908812674669447
CC,RV,23,0.21739130434782608,0.03463469565217391,20.288226086956524,0.6908812674669447
AA,YN,37,0.1891891891891892,0.04403264864864865,20.871799999999997,0.6881919761644514
GG,QN,37,0.1891891891891892,0.03241337837837838,20.601554054054056,0.6881919761644514
TC,PG,37,0.1891891891891892,0.047101621621621625,18.954905405405405,0.6881919761644514
GG,NF,52,0.17307692307692307,0.027734942307692308,20.34226923076923,0.6871659081147903
AG,FV,30,0.2,0.028803633333333335,19.558173333333333,0.6867974408970293
CT,SP,30,0.2,0.034657099999999996,18.946126666666665,0.6867974408970293
CT,TA,30,0.2,0.05684773333333334,19.337210000000002,0.6867974408970293
TC,GY,30,0.2,0.0552013,21.23972,0.6867974408970293
CG,GQ,60,0.16666666666666666,0.03622001666666667,20.054205000000003,0.6851456440288852
AA,DS,45,0.17777777777777778,0.028630911111111112,20.489937777777776,0.6806473593758392
AA,PL,45,0.17777777777777778,0.038714288888888886,20.353273333333334,0.6806473593758392
CG,DS,45,0.17777777777777778,0.06770862222222222,20.178126666666667,0.6806473593758392
AT,FE,17,0.23529411764705882,0.07683117647058824,17.131847058823528,0.6800874724461563
CA,CS,17,0.23529411764705882,0.19391635294117648,18.943488235294115,0.6800874724461563
CA,PA,17,0.23529411764705882,0.02954088235294118,16.136858823529412,0.6800874724461563
CC,DY,17,0.23529411764705882,0.025693941176470586,19.10289411764706,0.6800874724461563
CT,WG,17,0.23529411764705882,0.04141158823529412,17.84435882352941,0.6800874724461563
GA,CG,17,0.23529411764705882,0.050259882352941175,20.741282352941177,0.6800874724461563
GA,KF,17,0.23529411764705882,0.049117764705882354,19.727911764705883,0.6800874724461563
TA,EN,17,0.23529411764705882,0.11029023529411765,16.95674705882353,0.6800874724461563
TT,HG,17,0.23529411764705882,0.04478341176470588,21.651829411764705,0.6800874724461563
AA,AN,11,0.2727272727272727,0.06317472727272727,17.85417272727273,0.6777018135785455
AC,HK,11,0.2727272727272727,0.12278190909090908,16.820836363636364,0.6777018135785455
CG,LC,11,0.2727272727272727,0.040982727272727275,18.59720909090909,0.6777018135785455
GC,AC,11,0.2727272727272727,0.08700609090909091,18.67870909090909,0.6777018135785455
GT,CT,11,0.2727272727272727,0.03509718181818182,19.1896,0.6777018135785455
GT,MV,11,0.2727272727272727,0.02687,17.38019090909091,0.6777018135785455
GT,PN,11,0.2727272727272727,0.04181281818181818,17.92243636363636,0.6777018135785455
TA,FP,11,0.2727272727272727,0.1255020909090909,19.295536363636362,0.6777018135785455
TA,HA,11,0.2727272727272727,0.09060327272727273,19.507645454545454,0.6777018135785455
TA,QH,11,0.2727272727272727,0.03561309090909091,20.420718181818184,0.6777018135785455
TC,EW,11,0.2727272727272727,0.051235363636363634,20.369945454545455,0.6777018135785455
TC,RW,11,0.2727272727272727,0.0938119090909091,15.675018181818183,0.6777018135785455
TC,YD,11,0.2727272727272727,0.029706636363636362,20.45601818181818,0.6777018135785455
TG,SW,11,0.2727272727272727,0.06108209090909091,20.194636363636363,0.6777018135785455
TT,WK,11,0.2727272727272727,0.05322263636363636,20.53008181818182,0.6777018135785455
CG,PG,53,0.16981132075471697,0.040634641509433966,21.102096226415096,0.6773746494165749
AG,SI,38,0.18421052631578946,0.03967228947368421,18.849173684210527,0.6748666190238822
AG,TG,38,0.18421052631578946,0.07918102631578947,18.9848,0.6748666190238822
CG,EE,38,0.18421052631578946,0.022243052631578948,20.565636842105263,0.6748666190238822
TC,PK,38,0.18421052631578946,0.03573886842105263,20.997642105263157,0.6748666190238822
CA,NK,31,0.1935483870967742,0.06368896774193548,19.49413870967742,0.6707875940902697
CC,YP,31,0.1935483870967742,0.026251387096774194,20.464199999999998,0.6707875940902697
GA,NS,31,0.1935483870967742,0.027440290322580645,20.79164193548387,0.6707875940902697
TC,AE,31,0.1935483870967742,0.043573806451612906,20.763609677419357,0.6707875940902697
TG,TQ,31,0.1935483870967742,0.02446470967741935,20.304548387096776,0.6707875940902697
TT,IT,31,0.1935483870967742,0.04952954838709678,19.551422580645163,0.6707875940902697
AG,CS,24,0.20833333333333334,0.07488720833333333,18.173333333333336,0.6705991301808751
AG,KF,24,0.20833333333333334,0.061622333333333335,19.35204166666667,0.6705991301808751
CA,FG,24,0.20833333333333334,0.03838241666666666,18.884708333333332,0.6705991301808751
GC,VY,24,0.20833333333333334,0.16185525,18.003783333333335,0.6705991301808751
GG,GE,24,0.20833333333333334,0.055475583333333335,20.029229166666667,0.6705991301808751
TC,IT,24,0.20833333333333334,0.029525250000000003,19.015708333333333,0.6705991301808751
TG,FN,24,0.20833333333333334,0.070589,19.8624,0.6705991301808751
TG,QW,24,0.20833333333333334,0.10194629166666667,21.608004166666664,0.6705991301808751
AG,IY,46,0.17391304347826086,0.025365065217391302,20.023693478260867,0.6695908872539232
AG,PE,54,0.16666666666666666,0.049291388888888885,19.413024074074073,0.6678888642054118
TG,QV,79,0.1518987341772152,0.032484075949367086,18.880093670886076,0.6656242989378047
CG,LV,106,0.14150943396226415,0.03605152830188679,19.889353773584904,0.6612493633672508
AG,IT,47,0.1702127659574468,0.05783540425531915,19.87818510638298,0.6589278316438963
GG,TA,144,0.13194444444444445,0.03497420138888889,21.400881944444443,0.6566523687916036
AG,AT,32,0.1875,0.0423869375,20.73223125,0.6555951677749651
GC,QV,32,0.1875,0.067713125,19.273746875,0.6555951677749651
GT,TL,32,0.1875,0.05167940625,18.88920625,0.6555951677749651
AG,WG,18,0.2222222222222222,0.034118333333333334,19.866605555555555,0.6543197731480977
CT,IH,18,0.2222222222222222,0.03957172222222222,20.200294444444445,0.6543197731480977
GC,DP,18,0.2222222222222222,0.05645716666666667,19.23981111111111,0.6543197731480977
GT,AW,18,0.2222222222222222,0.07033255555555556,19.128216666666667,0.6543197731480977
TA,GY,18,0.2222222222222222,0.033910499999999996,18.422561111111108,0.6543197731480977
TA,IN,18,0.2222222222222222,0.058829444444444455,17.84575,0.6543197731480977
TA,TT,18,0.2222222222222222,0.09654522222222223,18.512855555555557,0.6543197731480977
TC,TL,18,0.2222222222222222,0.09132627777777777,19.23256111111111,0.6543197731480977
TG,AY,18,0.2222222222222222,0.08578727777777778,20.87132777777778,0.6543197731480977
TG,HG,18,0.2222222222222222,0.06153844444444444,19.853277777777777,0.6543197731480977
TT,CD,18,0.2222222222222222,0.06660300000000001,18.837227777777777,0.6543197731480977
TT,QS,18,0.2222222222222222,0.10551855555555556,18.03771111111111,0.6543197731480977
GG,AG,64,0.15625,0.052547421875,20.3090171875,0.6522480109211932
AG,IN,25,0.2,0.06963952,20.178116,0.6516193076042964
AT,LE,25,0.2,0.025110920000000002,19.889364,0.6516193076042964
CG,EG,25,0.2,0.05811776,20.192196,0.6516193076042964
TG,MG,25,0.2,0.04223512,21.695884,0.6516193076042964
TT,AC,25,0.2,0.03131048,19.580332000000002,0.6516193076042964
TT,YL,25,0.2,0.043072240000000005,18.222204,0.6516193076042964
AG,LP,40,0.175,0.037814425,19.45112,0.6498751116732538
CG,GL,40,0.175,0.02922325,21.20188,0.6498751116732538
AA,MP,6,0.3333333333333333,0.030525,18.350716666666667,0.648636716351771
AA,SC,6,0.3333333333333333,0.06122350000000001,16.24505,0.648636716351771
AA,YH,6,0.3333333333333333,0.046337333333333335,17.37855,0.648636716351771
AC,TM,6,0.3333333333333333,0.04683616666666666,19.61895,0.648636716351771
AG,DM,6,0.3333333333333333,0.07580749999999999,17.025366666666667,0.648636716351771
AT,FW,6,0.3333333333333333,0.04657683333333334,18.3593,0.648636716351771
AT,LM,6,0.3333333333333333,0.03236633333333334,16.8501,0.648636716351771
AT,MT,6,0.3333333333333333,0.06712683333333333,16.903216666666665,0.648636716351771
AT,RM,6,0.3333333333333333,0.11514316666666667,17.780333333333335,0.648636716351771
AT,TH,6,0.3333333333333333,0.13336233333333333,17.713416666666667,0.648636716351771
CA,CN,6,0.3333333333333333,0.044638000000000004,21.0946,0.648636716351771
CA,DE,6,0.3333333333333333,0.07629316666666668,17.074166666666667,0.648636716351771
CA,HR,6,0.3333333333333333,0.09493883333333335,15.10065,0.648636716351771
CC,CI,6,0.3333333333333333,0.0471025,19.024433333333334,0.648636716351771
CC,FN,6,0.3333333333333333,0.17915,17.271633333333334,0.648636716351771
CC,VW,6,0.3333333333333333,0.17582283333333334,16.90815,0.648636716351771
CT,HW,6,0.3333333333333333,0.1000065,15.999516666666667,0.648636716351771
CT,KC,6,0.3333333333333333,0.16605216666666667,18.202116666666665,0.648636716351771
GA,NC,6,0.3333333333333333,0.04675866666666667,18.922116666666668,0.648636716351771
GC,DW,6,0.3333333333333333,0.07808766666666667,19.28548333333333,0.648636716351771
GC,FF,6,0.3333333333333333,0.1328815,15.936966666666669,0.648636716351771
GC,YH,6,0.3333333333333333,0.03279033333333333,18.37435,0.648636716351771
GG,RH,6,0.3333333333333333,0.05591116666666666,19.477933333333333,0.648636716351771
TA,AP,6,0.3333333333333333,0.15195899999999998,15.808283333333334,0.648636716351771
TA,NS,6,0.3333333333333333,0.03275583333333334,18.76301666666667,0.648636716351771
TA,SH,6,0.3333333333333333,0.18387049999999996,15.940816666666665,0.648636716351771
TC,AC,6,0.3333333333333333,0.1198075,16.041233333333334,0.648636716351771
TC,AM,6,0.3333333333333333,0.07129033333333333,15.555383333333333,0.648636716351771
TC,CF,6,0.3333333333333333,0.17300883333333336,16.876416666666668,0.648636716351771
TC,FC,6,0.3333333333333333,0.03343466666666667,19.468866666666667,0.648636716351771
TC,GC,6,0.3333333333333333,0.068402,18.088416666666664,0.648636716351771
TC,HE,6,0.3333333333333333,0.036406,18.689233333333334,0.648636716351771
TC,IC,6,0.3333333333333333,0.034167333333333334,16.486266666666666,0.648636716351771
TC,KC,6,0.3333333333333333,0.28253449999999997,15.664016666666667,0.648636716351771
TC,ML,6,0.3333333333333333,0.029178833333333334,17.469383333333333,0.648636716351771
TC,MT,6,0.3333333333333333,0.04874233333333333,18.564899999999998,0.648636716351771
TG,CI,6,0.3333333333333333,0.09947766666666667,16.499783333333333,0.648636716351771
TT,QT,6,0.3333333333333333,0.11390216666666668,17.980333333333334,0.648636716351771
AA,DP,12,0.25,0.08409300000000001,17.890658333333334,0.6412373393653842
AC,CT,12,0.25,0.030295000000000002,17.489833333333333,0.6412373393653842
AC,YC,12,0.25,0.021138166666666666,19.245991666666665,0.6412373393653842
AG,AD,12,0.25,0.02524433333333333,20.039233333333332,0.6412373393653842
AG,DQ,12,0.25,0.03416316666666667,20.291958333333334,0.6412373393653842
AG,IW,12,0.25,0.0431625,17.836358333333333,0.6412373393653842
AG,MA,12,0.25,0.03059016666666667,19.053275,0.6412373393653842
AG,PH,12,0.25,0.05726133333333333,17.852141666666665,0.6412373393653842
AT,LH,12,0.25,0.08774983333333335,19.275283333333334,0.6412373393653842
CA,CR,12,0.25,0.10561041666666666,18.490166666666667,0.6412373393653842
CA,HK,12,0.25,0.10270800000000001,15.937308333333334,0.6412373393653842
CA,WG,12,0.25,0.04325233333333334,18.357525,0.6412373393653842
CC,CA,12,0.25,0.030660833333333335,19.56735,0.6412373393653842
CG,DP,12,0.25,0.09837541666666666,18.524066666666666,0.6412373393653842
CG,QV,12,0.25,0.04089916666666667,18.56725,0.6412373393653842
GC,HV,12,0.25,0.0543875,18.37545,0.6412373393653842
GC,IW,12,0.25,0.04067958333333333,18.595658333333333,0.6412373393653842
GG,HK,12,0.25,0.07517175,21.670125,0.6412373393653842
GT,HI,12,0.25,0.03454641666666667,19.120125,0.6412373393653842
TA,DT,12,0.25,0.029213583333333334,19.002083333333335,0.6412373393653842
TC,KY,12,0.25,0.08999708333333334,19.733016666666668,0.6412373393653842
TG,CT,12,0.25,0.030912833333333334,18.413075000000003,0.6412373393653842
TG,WK,12,0.25,0.10809341666666666,18.851091666666665,0.6412373393653842
AG,DV,33,0.18181818181818182,0.04014912121212121,20.66566060606061,0.6411564590211203
GC,QW,33,0.18181818181818182,0.026675878787878787,20.333136363636363,0.6411564590211203
GA,QY,41,0.17073170731707318,0.0703049512195122,18.945748780487804,0.6381387153166727
GG,ME,41,0.17073170731707318,0.04282543902439025,21.085446341463413,0.6381387153166727
GT,PV,66,0.15151515151515152,0.025792878787878788,20.889642424242425,0.6370746393016615
CC,VT,102,0.13725490196078433,0.026075039215686272,20.053132352941176,0.6361392728942638
CA,EI,26,0.19230769230769232,0.04613596153846154,19.36729615384615,0.6338147819239095
CG,NW,26,0.19230769230769232,0.052620807692307696,17.291611538461538,0.6338147819239095
CT,VF,26,0.19230769230769232,0.039435769230769226,21.00256923076923,0.6338147819239095
GA,MD,26,0.19230769230769232,0.08881003846153845,18.420707692307694,0.6338147819239095
GC,PI,58,0.15517241379310345,0.022080706896551724,21.956237931034483,0.6327213275026117
GC,SK,58,0.15517241379310345,0.04601277586206897,20.94044827586207,0.6327213275026117
AA,DD,19,0.21052631578947367,0.06014,21.7792,0.6306804786429454
AA,NN,19,0.21052631578947367,0.032154473684210524,18.151094736842104,0.6306804786429454
AG,MG,19,0.21052631578947367,0.035897789473684216,18.49834736842105,0.6306804786429454
CC,HA,19,0.21052631578947367,0.10445852631578947,19.452263157894738,0.6306804786429454
GA,AC,19,0.21052631578947367,0.03713447368421053,20.65522105263158,0.6306804786429454
GC,MK,19,0.21052631578947367,0.056820473684210525,20.001378947368423,0.6306804786429454
GT,CD,19,0.21052631578947367,0.07331757894736841,19.972384210526315,0.6306804786429454
TA,LH,19,0.21052631578947367,0.06199384210526316,18.856668421052632,0.6306804786429454
TA,VE,19,0.21052631578947367,0.04231768421052631,17.53808947368421,0.6306804786429454
TA,WT,19,0.21052631578947367,0.0953991052631579,17.087905263157896,0.6306804786429454
TT,GL,50,0.16,0.04934148000000001,21.861902,0.6290921012358921
AC,KN,34,0.17647058823529413,0.033072794117647054,18.35563823529412,0.6274143637922495
AG,GG,34,0.17647058823529413,0.07423311764705882,19.985785294117647,0.6274143637922495
CG,IT,34,0.17647058823529413,0.024776852941176472,19.529170588235296,0.6274143637922495
GA,LS,34,0.17647058823529413,0.043278735294117646,20.50564705882353,0.6274143637922495
TC,SQ,34,0.17647058823529413,0.03501658823529412,17.860679411764707,0.6274143637922495
GG,VK,246,0.11382113821138211,0.02605200406504065,21.872104471544716,0.6270848513235096
GT,DV,42,0.16666666666666666,0.07415692857142857,19.67617619047619,0.626866685948927
GT,ND,42,0.16666666666666666,0.020880142857142858,21.47539761904762,0.626866685948927
CC,SD,59,0.15254237288135594,0.032819728813559323,22.261022033898307,0.6245610349152357
GG,VD,86,0.13953488372093023,0.01378932558139535,21.12302558139535,0.6231499700448256
CC,IG,51,0.1568627450980392,0.04550601960784313,20.86990392156863,0.619802936248067
AA,LA,27,0.18518518518518517,0.027513555555555555,19.635366666666666,0.6170749092917044
AC,LY,27,0.18518518518518517,0.09873755555555555,17.46920740740741,0.6170749092917044
GT,MG,27,0.18518518518518517,0.035734777777777775,20.197796296296296,0.6170749092917044
TC,IE,27,0.18518518518518517,0.02963288888888889,19.099407407407405,0.6170749092917044
TG,SM,27,0.18518518518518517,0.06060940740740741,18.695788888888888,0.6170749092917044
CA,IV,43,0.16279069767441862,0.052163093023255815,20.32891395348837,0.6160308706378564
AA,TV,35,0.17142857142857143,0.03360814285714286,21.18970571428571,0.6143175323067617
GC,EG,35,0.17142857142857143,0.04834954285714286,20.04923142857143,0.6143175323067617
CG,NK,52,0.15384615384615385,0.06173586538461538,19.92279423076923,0.6108141405464803
AA,EY,13,0.23076923076923078,0.04470207692307692,19.650646153846154,0.6090132299112135
AA,MG,13,0.23076923076923078,0.028479615384615388,19.4505,0.6090132299112135
AC,SW,13,0.23076923076923078,0.055389615384615384,18.57920769230769,0.6090132299112135
AG,EW,13,0.23076923076923078,0.06427253846153846,17.31253846153846,0.6090132299112135
AT,AE,13,0.23076923076923078,0.06115446153846154,19.810384615384617,0.6090132299112135
GA,FL,13,0.23076923076923078,0.11028684615384615,18.424507692307692,0.6090132299112135
GG,PN,13,0.23076923076923078,0.059746,18.178930769230767,0.6090132299112135
TA,QR,13,0.23076923076923078,0.04575015384615384,18.926784615384616,0.6090132299112135
TC,DA,13,0.23076923076923078,0.03895476923076923,20.93136923076923,0.6090132299112135
TC,EQ,13,0.23076923076923078,0.02968,20.22176923076923,0.6090132299112135
TC,FY,13,0.23076923076923078,0.03972346153846154,18.926515384615385,0.6090132299112135
TT,NV,13,0.23076923076923078,0.03131530769230769,20.174992307692307,0.6090132299112135
TT,TI,13,0.23076923076923078,0.029865923076923075,19.90753076923077,0.6090132299112135
AC,IV,70,0.14285714285714285,0.04273012857142857,20.04267142857143,0.6089542681487593
AC,QV,20,0.2,0.06283609999999999,19.830725,0.6089044875446846
AG,EC,20,0.2,0.055253,18.33749,0.6089044875446846
CG,YV,20,0.2,0.0263646,21.74063,0.6089044875446846
CT,GV,20,0.2,0.058663,19.62687,0.6089044875446846
CT,KN,20,0.2,0.0552435,18.384175,0.6089044875446846
TC,KS,20,0.2,0.03669435,19.514055,0.6089044875446846
AA,LP,44,0.1590909090909091,0.021358772727272726,20.946661363636363,0.6056053960998236
GC,KY,44,0.1590909090909091,0.033948227272727276,18.840979545454545,0.6056053960998236
GC,IV,71,0.14084507042253522,0.023431845070422536,20.891769014084506,0.6023473407064867
CG,AI,53,0.1509433962264151,0.04350575471698113,21.396903773584906,0.6021107994813999
AC,EP,36,0.16666666666666666,0.025862694444444445,20.878255555555555,0.6018196521073707
CC,AA,36,0.16666666666666666,0.021848333333333334,19.904255555555554,0.6018196521073707
GA,TP,36,0.16666666666666666,0.024605583333333333,20.245030555555555,0.6018196521073707
GG,AC,36,0.16666666666666666,0.028928111111111113,20.516105555555555,0.6018196521073707
GG,AV,62,0.14516129032258066,0.027605854838709677,19.794343548387097,0.601422782863287
AC,AP,28,0.17857142857142858,0.05512096428571429,19.888710714285715,0.6013028267832989
AG,ED,28,0.17857142857142858,0.04401367857142857,20.489935714285714,0.6013028267832989
CA,YV,28,0.17857142857142858,0.08340782142857142,18.562060714285714,0.6013028267832989
CC,LQ,28,0.17857142857142858,0.06378171428571429,19.654317857142853,0.6013028267832989
TG,TV,28,0.17857142857142858,0.04060646428571429,20.592582142857143,0.6013028267832989
CG,VL,45,0.15555555555555556,0.02280571111111111,22.202404444444443,0.5955664394538592
CG,EL,101,0.12871287128712872,0.026458871287128715,20.214500990099012,0.5952935304227279
AA,LM,7,0.2857142857142857,0.03868557142857143,17.625814285714284,0.5941261547656673
AA,VW,7,0.2857142857142857,0.229095,17.248985714285713,0.5941261547656673
AG,CI,7,0.2857142857142857,0.027533,17.9344,0.5941261547656673
AG,CP,7,0.2857142857142857,0.02459642857142857,20.097614285714286,0.5941261547656673
AG,WK,7,0.2857142857142857,0.1308332857142857,17.792914285714286,0.5941261547656673
AT,MD,7,0.2857142857142857,0.079014,15.414742857142857,0.5941261547656673
AT,MV,7,0.2857142857142857,0.030984285714285714,20.419314285714286,0.5941261547656673
AT,NW,7,0.2857142857142857,0.13103357142857144,18.37642857142857,0.5941261547656673
AT,WT,7,0.2857142857142857,0.11472171428571429,17.594328571428573,0.5941261547656673
CA,KC,7,0.2857142857142857,0.05707428571428571,17.645042857142858,0.5941261547656673
CA,PH,7,0.2857142857142857,0.03464671428571429,19.256542857142854,0.5941261547656673
CC,CG,7,0.2857142857142857,0.050566571428571426,20.036842857142858,0.5941261547656673
CC,WN,7,0.2857142857142857,0.026600571428571425,21.083728571428573,0.5941261547656673
CG,AM,7,0.2857142857142857,0.07631542857142858,20.122071428571427,0.5941261547656673
CG,CS,7,0.2857142857142857,0.03240314285714286,17.709257142857144,0.5941261547656673
CT,QF,7,0.2857142857142857,0.133661,16.836614285714287,0.5941261547656673
CT,QQ,7,0.2857142857142857,0.026725285714285712,18.263771428571427,0.5941261547656673
GA,CF,7,0.2857142857142857,0.09739014285714287,16.708742857142855,0.5941261547656673
GA,CP,7,0.2857142857142857,0.02459642857142857,21.104142857142854,0.5941261547656673
GA,WM,7,0.2857142857142857,0.1656822857142857,18.1343,0.5941261547656673
GG,CQ,7,0.2857142857142857,0.02949971428571429,18.567185714285717,0.5941261547656673
TA,GH,7,0.2857142857142857,0.03875685714285714,18.26624285714286,0.5941261547656673
TA,GT,7,0.2857142857142857,0.05749842857142857,18.448371428571427,0.5941261547656673
TC,HA,7,0.2857142857142857,0.03411157142857143,17.747600000000002,0.5941261547656673
TC,HI,7,0.2857142857142857,0.03688871428571428,20.3869,0.5941261547656673
TT,SC,7,0.2857142857142857,0.047830285714285714,18.916457142857144,0.5941261547656673
TT,PE,54,0.14814814814814814,0.03407011111111111,20.800003703703705,0.5936789904048105
CC,AE,92,0.13043478260869565,0.015409815217391303,20.84469347826087,0.591208629541729
GG,NQ,37,0.16216216216216217,0.04620327027027027,20.971083783783786,0.589878836712387
TT,IA,37,0.16216216216216217,0.04610989189189189,20.15353243243243,0.589878836712387
GT,QL,73,0.136986301369863,0.022656109589041098,21.791652054794522,0.5895979579731739
AA,SD,21,0.19047619047619047,0.04110004761904761,21.895409523809526,0.5887699911158697
AG,CA,21,0.19047619047619047,0.04318723809523809,19.762161904761903,0.5887699911158697
CG,FD,21,0.19047619047619047,0.07208419047619048,16.96569523809524,0.5887699911158697
GC,IT,21,0.19047619047619047,0.04157395238095238,19.861957142857143,0.5887699911158697
GT,SW,21,0.19047619047619047,0.04563123809523809,21.121176190476188,0.5887699911158697
TA,SK,21,0.19047619047619047,0.07308104761904761,19.929366666666667,0.5887699911158697
TC,AG,21,0.19047619047619047,0.035099000000000005,19.640290476190476,0.5887699911158697
TG,EY,21,0.19047619047619047,0.044307047619047614,17.007719047619048,0.5887699911158697
GT,DF,29,0.1724137931034483,0.04139575862068965,21.153579310344828,0.5864133416658889
TG,TL,29,0.1724137931034483,0.058458068965517244,20.389986206896552,0.5864133416658889
TT,SI,29,0.1724137931034483,0.051040999999999996,20.375558620689656,0.5864133416658889
GG,IA,103,0.1262135922330097,0.013637582524271845,20.867141747572816,0.5861852591149305
GG,WY,46,0.15217391304347827,0.04678863043478261,21.610747826086957,0.5858920263471828
AC,GE,14,0.21428571428571427,0.05896071428571429,19.13547857142857,0.5802964716647593
AG,FG,14,0.21428571428571427,0.05579728571428571,19.65117857142857,0.5802964716647593
AG,QM,14,0.21428571428571427,0.03459228571428572,19.688164285714286,0.5802964716647593
AT,DS,14,0.21428571428571427,0.059329714285714284,20.09760714285714,0.5802964716647593
CA,TF,14,0.21428571428571427,0.03273414285714286,20.0259,0.5802964716647593
CG,NG,14,0.21428571428571427,0.08522692857142856,19.72842142857143,0.5802964716647593
CG,WM,14,0.21428571428571427,0.020906285714285714,22.230835714285714,0.5802964716647593
CT,LH,14,0.21428571428571427,0.03671371428571429,20.16065,0.5802964716647593
GA,PH,14,0.21428571428571427,0.08281507142857143,18.725528571428573,0.5802964716647593
GC,IH,14,0.21428571428571427,0.020907285714285715,19.189535714285714,0.5802964716647593
TA,AE,14,0.21428571428571427,0.026425285714285714,19.942542857142858,0.5802964716647593
TC,IN,14,0.21428571428571427,0.03839964285714286,20.916121428571426,0.5802964716647593
TT,AY,14,0.21428571428571427,0.030940785714285712,21.536664285714288,0.5802964716647593
CC,WI,75,0.13333333333333333,0.052842599999999997,18.984628,0.5774311120381774
CG,VG,47,0.14893617021276595,0.041886872340425534,19.096506382978724,0.5765618526884093
GA,IP,47,0.14893617021276595,0.027110723404255316,18.694989361702127,0.5765618526884093
AC,RA,30,0.16666666666666666,0.06759513333333333,19.947259999999996,0.5723312007475243
AC,RF,30,0.16666666666666666,0.06863416666666668,18.379656666666666,0.5723312007475243
AG,DA,30,0.16666666666666666,0.034093533333333335,20.76187,0.5723312007475243
CA,LI,30,0.16666666666666666,0.030081233333333332,19.991466666666668,0.5723312007475243
CT,DF,30,0.16666666666666666,0.039434866666666665,20.730046666666667,0.5723312007475243
GT,QD,30,0.16666666666666666,0.07373253333333334,19.5233,0.5723312007475243
TA,VI,30,0.16666666666666666,0.03575246666666666,20.664826666666666,0.5723312007475243
TC,IA,30,0.16666666666666666,0.05594576666666667,20.878913333333333,0.5723312007475243
TT,DF,30,0.16666666666666666,0.05425773333333333,21.331129999999998,0.5723312007475243
CC,GV,76,0.13157894736842105,0.027542052631578946,19.332969736842102,0.5715533449807478
CG,AY,22,0.18181818181818182,0.09414849999999998,19.018572727272726,0.5700898574416636
CG,EP,22,0.18181818181818182,0.03912263636363636,19.92446818181818,0.5700898574416636
CG,EQ,22,0.18181818181818182,0.044162,20.521586363636363,0.5700898574416636
CG,PV,22,0.18181818181818182,0.05622913636363636,21.345677272727272,0.5700898574416636
TT,EW,22,0.18181818181818182,0.052785909090909085,21.570331818181817,0.5700898574416636
GA,AE,48,0.14583333333333334,0.04987552083333333,20.721877083333336,0.5675571268077997
CC,DE,39,0.15384615384615385,0.035461564102564104,19.643338461538463,0.5675199160175287
GG,DE,39,0.15384615384615385,0.020106923076923078,21.599423076923078,0.5675199160175287
TT,AG,39,0.15384615384615385,0.06634774358974359,20.633166666666664,0.5675199160175287
CC,ST,58,0.13793103448275862,0.041810258620689655,19.82857931034483,0.5624189577800993
CC,IE,88,0.125,0.02449493181818182,21.29982840909091,0.5610795462165175
GG,NP,68,0.1323529411764706,0.020288058823529413,21.19071911764706,0.5603964491378726
CG,TG,31,0.16129032258064516,0.028748580645161288,21.06734193548387,0.5589896617418914
CT,YD,31,0.16129032258064516,0.03396258064516129,20.490038709677417,0.5589896617418914
GC,SI,31,0.16129032258064516,0.020045903225806454,18.972493548387096,0.5589896617418914
GT,AC,31,0.16129032258064516,0.030986548387096774,20.39534193548387,0.5589896617418914
GG,EN,99,0.12121212121212122,0.021396353535353536,21.05989090909091,0.5582024467864354
GG,KN,99,0.12121212121212122,0.037361838383838386,19.999036363636364,0.5582024467864354
CC,ME,40,0.15,0.0420682,21.084255,0.5570358100056462
AA,DA,15,0.2,0.0347936,19.80379333333333,0.5545177444479562
AA,HA,15,0.2,0.0291328,18.728659999999998,0.5545177444479562
AA,NF,15,0.2,0.06227326666666667,19.263520000000003,0.5545177444479562
CC,FG,15,0.2,0.0377032,20.3746,0.5545177444479562
CC,QV,15,0.2,0.024916066666666667,23.310533333333336,0.5545177444479562
CG,DY,15,0.2,0.03559793333333334,20.672326666666667,0.5545177444479562
CG,PN,15,0.2,0.03540646666666667,20.519586666666665,0.5545177444479562
CG,SD,15,0.2,0.1100256,20.694186666666667,0.5545177444479562
CG,SN,15,0.2,0.03739426666666667,19.345360000000003,0.5545177444479562
CT,FG,15,0.2,0.09657146666666666,20.851606666666665,0.5545177444479562
GA,IW,15,0.2,0.06790593333333333,18.665493333333334,0.5545177444479562
GC,YP,15,0.2,0.07900593333333333,19.516953333333333,0.5545177444479562
GG,TC,15,0.2,0.04090306666666667,18.27096,0.5545177444479562
TA,II,15,0.2,0.06480513333333332,20.628466666666668,0.5545177444479562
TA,VP,15,0.2,0.0293436,18.61402,0.5545177444479562
TG,TC,15,0.2,0.02572926666666667,19.14378,0.5545177444479562
AA,DL,23,0.17391304347826086,0.06288965217391304,21.78958260869565,0.5527050139735558
GA,EY,23,0.17391304347826086,0.030753826086956523,17.974973913043478,0.5527050139735558
GC,TG,23,0.17391304347826086,0.07498765217391304,19.675421739130435,0.5527050139735558
TG,PD,23,0.17391304347826086,0.03715530434782609,17.02453043478261,0.5527050139735558
CC,VY,50,0.14,0.023263600000000002,18.2098,0.5504555885814056
CG,IP,50,0.14,0.01689496,20.592736,0.5504555885814056
AG,HW,8,0.25,0.10277987499999999,17.1749875,0.5493061443340549
AG,WY,8,0.25,0.100988625,19.623575,0.5493061443340549
AT,AM,8,0.25,0.02647125,16.961575,0.5493061443340549
AT,ID,8,0.25,0.09042625000000001,17.8173,0.5493061443340549
CA,HV,8,0.25,0.077854125,18.8932375,0.5493061443340549
CA,PC,8,0.25,0.0334785,20.5315375,0.5493061443340549
CT,GN,8,0.25,0.128019,19.195225,0.5493061443340549
CT,NY,8,0.25,0.022139625,20.3792625,0.5493061443340549
GC,GM,8,0.25,0.040892625,19.4637625,0.5493061443340549
GG,HN,8,0.25,0.045324,19.6140375,0.5493061443340549
GT,DW,8,0.25,0.030975750000000003,20.300775,0.5493061443340549
GT,HT,8,0.25,0.07648712499999999,20.9779375,0.5493061443340549
GT,IW,8,0.25,0.06823375000000001,19.201775,0.5493061443340549
TA,CA,8,0.25,0.071885375,17.6578625,0.5493061443340549
TA,QE,8,0.25,0.075429625,19.0065875,0.5493061443340549
TA,YR,8,0.25,0.0495165,19.8393,0.5493061443340549
TC,WA,8,0.25,0.0609485,16.2680375,0.5493061443340549
TT,FI,8,0.25,0.17853975,18.481749999999998,0.5493061443340549
AA,GH,2,0.5,0.3261285,11.854999999999999,0.5493061443340549
AA,HF,2,0.5,0.0693535,13.183,0.5493061443340549
AC,CI,2,0.5,0.1228845,15.084399999999999,0.5493061443340549
AC,EH,2,0.5,0.062514,18.89395,0.5493061443340549
AT,CN,2,0.5,0.0420415,18.06505,0.5493061443340549
AT,EW,2,0.5,0.056085,19.07485,0.5493061443340549
AT,HD,2,0.5,0.0612385,13.39435,0.5493061443340549
AT,HN,2,0.5,0.0614,18.9745,0.5493061443340549
AT,LC,2,0.5,0.203602,14.520399999999999,0.5493061443340549
AT,RC,2,0.5,0.087198,15.538250000000001,0.5493061443340549
AT,TF,2,0.5,0.042152,19.19525,0.5493061443340549
AT,WI,2,0.5,0.275609,13.02665,0.5493061443340549
CA,DW,2,0.5,0.054316,17.6887,0.5493061443340549
CA,EH,2,0.5,0.0883925,16.65155,0.5493061443340549
CA,HH,2,0.5,0.0883925,15.58485,0.5493061443340549
CA,HM,2,0.5,0.042326,14.3073,0.5493061443340549
CA,WS,2,0.5,0.055445,13.923350000000001,0.5493061443340549
CC,CD,2,0.5,0.068845,17.96115,0.5493061443340549
CC,EC,2,0.5,0.0666,18.97405,0.5493061443340549
CG,CK,2,0.5,0.110998,15.028849999999998,0.5493061443340549
CG,NV,2,0.5,0.126757,17.24605,0.5493061443340549
CG,WH,2,0.5,0.0587785,16.228,0.5493061443340549
CG,WL,2,0.5,0.3427685,12.37775,0.5493061443340549
CT,CV,2,0.5,0.0426015,16.63645,0.5493061443340549
CT,MY,2,0.5,0.1290105,12.03185,0.5493061443340549
GC,CD,2,0.5,0.1169055,17.81135,0.5493061443340549
GC,FM,2,0.5,0.0417135,16.02185,0.5493061443340549
GC,HM,2,0.5,0.0547965,14.8962,0.5493061443340549
GC,HY,2,0.5,0.0414035,14.03225,0.5493061443340549
GC,MY,2,0.5,0.3390225,10.787400000000002,0.5493061443340549
GC,TM,2,0.5,0.0605925,17.7763,0.5493061443340549
GT,WH,2,0.5,0.0437715,15.165,0.5493061443340549
TA,DC,2,0.5,0.0487525,15.6109,0.5493061443340549
TA,FH,2,0.5,0.055457,14.4377,0.5493061443340549
TA,HD,2,0.5,0.096966,14.02335,0.5493061443340549
TA,TM,2,0.5,0.050468,13.769649999999999,0.5493061443340549
TC,CD,2,0.5,0.113505,17.7116,0.5493061443340549
TC,DQ,2,0.5,0.1560825,17.2727,0.5493061443340549
TC,HN,2,0.5,0.0761035,16.4668,0.5493061443340549
TC,HY,2,0.5,0.1383325,14.701400000000001,0.5493061443340549
TC,PT,2,0.5,0.2557735,12.8218,0.5493061443340549
TC,WH,2,0.5,0.0423185,17.005,0.5493061443340549
TG,CQ,2,0.5,0.0596955,17.775100000000002,0.5493061443340549
TG,DM,2,0.5,0.113399,13.6919,0.5493061443340549
TG,HE,2,0.5,0.0814655,15.4522,0.5493061443340549
TG,RC,2,0.5,0.0587905,18.25505,0.5493061443340549
TT,CI,2,0.5,0.063471,14.81375,0.5493061443340549
CG,IV,60,0.13333333333333333,0.029169583333333336,21.63296,0.5481165152231082
AA,IL,41,0.14634146341463414,0.01952792682926829,20.284787804878047,0.5469760417000051
AG,EN,41,0.14634146341463414,0.02630280487804878,19.52169512195122,0.5469760417000051
GG,RW,91,0.12087912087912088,0.06209756043956043,21.91716043956044,0.5465898279949389
AC,LI,32,0.15625,0.0328455625,19.8346875,0.5463293064791376
GT,TI,32,0.15625,0.021331375,21.339996875,0.5463293064791376
TC,PI,32,0.15625,0.0494460625,20.26863125,0.5463293064791376
GG,WV,61,0.13114754098360656,0.038005442622950816,21.479913114754098,0.541263525907553
GC,QL,82,0.12195121951219512,0.04813632926829268,19.359210975609756,0.5388830009508047
AA,IP,42,0.14285714285714285,0.028901738095238095,18.274059523809523,0.5373143022419374
AC,AE,42,0.14285714285714285,0.04380704761904762,22.465133333333334,0.5373143022419374
AC,GT,42,0.14285714285714285,0.04384047619047619,18.11470238095238,0.5373143022419374
AC,LS,42,0.14285714285714285,0.023401142857142856,20.559504761904762,0.5373143022419374
GT,PF,42,0.14285714285714285,0.028034476190476193,20.108930952380952,0.5373143022419374
CA,QD,24,0.16666666666666666,0.06578691666666667,19.069729166666665,0.5364793041447
CG,AK,24,0.16666666666666666,0.0267815,20.359570833333333,0.5364793041447
CG,YM,24,0.16666666666666666,0.078588,21.310120833333333,0.5364793041447
CT,GG,24,0.16666666666666666,0.03907575,19.53076666666667,0.5364793041447
CT,LY,24,0.16666666666666666,0.022198416666666665,21.238587499999998,0.5364793041447
TT,VE,24,0.16666666666666666,0.047897625,19.461704166666667,0.5364793041447
GG,QD,62,0.12903225806451613,0.05544758064516129,18.899690322580646,0.5345980292118107
CG,KF,33,0.15151515151515152,0.04199315151515151,20.540036363636364,0.5342970491842669
GA,QS,33,0.15151515151515152,0.043880575757575764,20.227593939393937,0.5342970491842669
GC,TA,33,0.15151515151515152,0.03387087878787879,21.819230303030302,0.5342970491842669
TC,TN,33,0.15151515151515152,0.056502363636363635,18.096251515151515,0.5342970491842669
AA,NS,16,0.1875,0.029486125000000002,21.8183375,0.5312275020105406
AA,PP,16,0.1875,0.0542894375,18.8075375,0.5312275020105406
AA,PQ,16,0.1875,0.052965624999999995,21.02505625,0.5312275020105406
AG,WE,16,0.1875,0.0650030625,19.953325,0.5312275020105406
CC,AC,16,0.1875,0.05065825,20.933912499999998,0.5312275020105406
CC,HV,16,0.1875,0.024855312499999997,19.5409,0.5312275020105406
CG,ED,16,0.1875,0.0615291875,21.2785875,0.5312275020105406
CT,DP,16,0.1875,0.029109125,19.57525,0.5312275020105406
CT,ID,16,0.1875,0.0172116875,20.22301875,0.5312275020105406
CT,TF,16,0.1875,0.0516001875,18.50914375,0.5312275020105406
GA,HI,16,0.1875,0.05887531249999999,19.31903125,0.5312275020105406
GA,NY,16,0.1875,0.0462720625,18.99615,0.5312275020105406
GA,WY,16,0.1875,0.11784375,20.871575,0.5312275020105406
TA,DV,16,0.1875,0.019267625,18.63621875,0.5312275020105406
TA,GD,16,0.1875,0.0398269375,20.86970625,0.5312275020105406
TA,YL,16,0.1875,0.016093437500000002,20.20539375,0.5312275020105406
TC,DE,16,0.1875,0.0314298125,20.6443625,0.5312275020105406
TC,LY,16,0.1875,0.0264089375,19.77409375,0.5312275020105406
TC,NP,16,0.1875,0.028969250000000002,20.6134875,0.5312275020105406
TG,SH,16,0.1875,0.0663205,19.3782875,0.5312275020105406
TT,PH,16,0.1875,0.1079183125,18.24965,0.5312275020105406
GG,EE,164,0.10365853658536585,0.035846701219512195,21.293310975609756,0.5292748357092064
AC,TG,43,0.13953488372093023,0.02882788372093023,21.27122558139535,0.5280264605467341
CC,FL,53,0.1320754716981132,0.029848188679245286,17.739796226415095,0.5268469495462249
TG,WY,53,0.1320754716981132,0.04019683018867924,19.49448113207547,0.5268469495462249
CC,DS,118,0.11016949152542373,0.029100483050847458,21.28865,0.5265136051733041
GT,FY,34,0.14705882352941177,0.03445152941176471,20.804994117647055,0.5228453031602079
AA,TN,25,0.16,0.038666320000000004,20.911004,0.5212954460834371
AG,GP,25,0.16,0.04533276,18.610772,0.5212954460834371
CA,LP,25,0.16,0.0374022,20.899256,0.5212954460834371
CG,NS,25,0.16,0.03551792,19.992112,0.5212954460834371
GA,NQ,25,0.16,0.04673608,18.627116,0.5212954460834371
TA,TG,25,0.16,0.05408488,20.299848,0.5212954460834371
GG,MK,54,0.12962962962962962,0.015037555555555556,21.920675925925927,0.5194691166042092
GG,GL,87,0.11494252873563218,0.02078252873563218,20.45478275862069,0.5146364154572651
GG,LC,55,0.12727272727272726,0.017313436363636362,20.67532,0.5123174879117462
AG,TY,35,0.14285714285714285,0.038988885714285715,20.566162857142857,0.5119312769223013
GC,VP,35,0.14285714285714285,0.01891282857142857,19.427071428571427,0.5119312769223013
TG,VY,35,0.14285714285714285,0.032626828571428575,21.944614285714287,0.5119312769223013
AA,WK,9,0.2222222222222222,0.12049955555555554,17.151344444444444,0.511685576220899
AC,SC,9,0.2222222222222222,0.06846888888888888,20.12088888888889,0.511685576220899
AG,HI,9,0.2222222222222222,0.08386133333333333,18.08253333333333,0.511685576220899
AG,HR,9,0.2222222222222222,0.09112144444444444,17.58281111111111,0.511685576220899
AG,PF,9,0.2222222222222222,0.037802,20.47747777777778,0.511685576220899
AT,HL,9,0.2222222222222222,0.023795888888888887,19.44842222222222,0.511685576220899
AT,YS,9,0.2222222222222222,0.04813888888888889,19.753633333333333,0.511685576220899
CA,QQ,9,0.2222222222222222,0.02009977777777778,19.768955555555557,0.511685576220899
CC,HK,9,0.2222222222222222,0.16819311111111113,20.224133333333334,0.511685576220899
CG,CV,9,0.2222222222222222,0.02175488888888889,18.381066666666666,0.511685576220899
CG,HD,9,0.2222222222222222,0.03239566666666666,19.610500000000002,0.511685576220899
GA,HC,9,0.2222222222222222,0.03219311111111111,20.766033333333333,0.511685576220899
GC,HC,9,0.2222222222222222,0.02694322222222222,19.770755555555557,0.511685576220899
GC,MI,9,0.2222222222222222,0.026601,18.642333333333333,0.511685576220899
GT,AY,9,0.2222222222222222,0.02632188888888889,21.866777777777777,0.511685576220899
TC,CL,9,0.2222222222222222,0.10564811111111111,20.260266666666666,0.511685576220899
TG,DP,9,0.2222222222222222,0.16459133333333334,18.44961111111111,0.511685576220899
TG,IW,9,0.2222222222222222,0.09292388888888889,18.777844444444444,0.511685576220899
TT,MV,9,0.2222222222222222,0.026209444444444445,19.680533333333333,0.511685576220899
AA,FV,17,0.17647058823529413,0.04048576470588235,19.249552941176468,0.5100656043346173
AA,NQ,17,0.17647058823529413,0.019620882352941175,20.999352941176472,0.5100656043346173
AT,GA,17,0.17647058823529413,0.07013223529411765,19.03379411764706,0.5100656043346173
CG,CT,17,0.17647058823529413,0.021128117647058825,20.13875294117647,0.5100656043346173
CG,PD,17,0.17647058823529413,0.08136905882352942,18.204429411764707,0.5100656043346173
GA,QM,17,0.17647058823529413,0.015959,20.975976470588233,0.5100656043346173
GC,TC,17,0.17647058823529413,0.021308529411764705,19.695958823529413,0.5100656043346173
TA,SM,17,0.17647058823529413,0.07829194117647059,19.097176470588234,0.5100656043346173
TC,YS,17,0.17647058823529413,0.07683476470588235,19.999552941176468,0.5100656043346173
TT,YP,17,0.17647058823529413,0.09142452941176471,17.38436470588235,0.5100656043346173
GG,QV,66,0.12121212121212122,0.020013272727272727,19.070080303030302,0.5096597114413292
AA,FA,26,0.15384615384615385,0.043537730769230766,18.453976923076922,0.5070518255391275
AC,ED,26,0.15384615384615385,0.025594384615384616,20.4967,0.5070518255391275
CA,AD,26,0.15384615384615385,0.020424846153846155,20.756946153846155,0.5070518255391275
CG,TD,26,0.15384615384615385,0.05728569230769231,20.106673076923077,0.5070518255391275
CT,EW,26,0.15384615384615385,0.017711615384615385,21.580819230769233,0.5070518255391275
GT,SI,26,0.15384615384615385,0.053087499999999996,21.412846153846154,0.5070518255391275
TG,IP,26,0.15384615384615385,0.01858376923076923,21.508876923076926,0.5070518255391275
GG,DP,46,0.13043478260869565,0.026739717391304346,22.00563695652174,0.5021931654404423
CG,DI,47,0.1276595744680851,0.035208021276595745,19.610629787234043,0.49419587373292223
CG,VI,47,0.1276595744680851,0.021956,20.453461702127658,0.49419587373292223
GC,AT,47,0.1276595744680851,0.04343710638297872,20.60048510638298,0.49419587373292223
CT,GP,27,0.14814814814814814,0.03954459259259259,21.862703703703705,0.4936599274333635
TC,DV,27,0.14814814814814814,0.027367740740740738,19.473755555555552,0.4936599274333635
TG,TF,27,0.14814814814814814,0.05225703703703704,20.437725925925925,0.4936599274333635
TT,CL,27,0.14814814814814814,0.017069444444444446,19.562148148148147,0.4936599274333635
TT,RV,27,0.14814814814814814,0.03440196296296296,18.399285185185185,0.4936599274333635
CG,II,37,0.13513513513513514,0.031803702702702705,18.712045945945945,0.4915656972603224
CG,MD,37,0.13513513513513514,0.051579891891891896,21.554381081081083,0.4915656972603224
CT,GL,37,0.13513513513513514,0.03453416216216216,21.771354054054054,0.4915656972603224
AC,MN,18,0.16666666666666666,0.045873444444444446,21.30065,0.49073982986107334
AG,AY,18,0.16666666666666666,0.02167522222222222,21.288233333333334,0.49073982986107334
CG,PH,18,0.16666666666666666,0.04506555555555555,20.95611111111111,0.49073982986107334
GT,HC,18,0.16666666666666666,0.01746438888888889,20.60852777777778,0.49073982986107334
TC,EF,18,0.16666666666666666,0.03128672222222222,18.680016666666667,0.49073982986107334
CC,QE,48,0.125,0.05030139583333334,19.691083333333335,0.4864775372638283
TG,MK,48,0.125,0.0405426875,20.55644583333333,0.4864775372638283
CC,DV,82,0.10975609756097561,0.01779621951219512,19.863367073170732,0.4849947008557242
AA,GL,38,0.13157894736842105,0.038463105263157896,22.021994736842103,0.4820475850170587
AA,QL,28,0.14285714285714285,0.017214142857142855,18.780525,0.48104226142663914
CA,QL,28,0.14285714285714285,0.02083685714285714,18.121439285714285,0.48104226142663914
CA,WE,28,0.14285714285714285,0.016453535714285712,21.420960714285712,0.48104226142663914
CG,DV,28,0.14285714285714285,0.0217065,21.616153571428573,0.48104226142663914
CT,AT,28,0.14285714285714285,0.07679628571428572,18.920439285714284,0.48104226142663914
CT,KP,28,0.14285714285714285,0.019250535714285717,21.596342857142854,0.48104226142663914
GT,TQ,28,0.14285714285714285,0.02145792857142857,20.898017857142857,0.48104226142663914
AA,KM,10,0.2,0.0183451,20.23581,0.47957905455967414
AC,EC,10,0.2,0.048088399999999996,19.07714,0.47957905455967414
AT,YG,10,0.2,0.027932000000000002,19.4216,0.47957905455967414
CA,DA,10,0.2,0.024086299999999998,19.43648,0.47957905455967414
CC,TF,10,0.2,0.1007294,21.26735,0.47957905455967414
CT,LM,10,0.2,0.0238401,20.83291,0.47957905455967414
GA,YM,10,0.2,0.1437506,17.01342,0.47957905455967414
GT,VH,10,0.2,0.0337841,20.758249999999997,0.47957905455967414
GT,WD,10,0.2,0.0177114,23.03938,0.47957905455967414
TA,MA,10,0.2,0.0199483,18.570529999999998,0.47957905455967414
TG,FP,10,0.2,0.0179008,20.80024,0.47957905455967414
TT,CT,10,0.2,0.022815000000000002,19.39484,0.47957905455967414
TT,MF,10,0.2,0.0779928,21.55453,0.47957905455967414
AG,LG,49,0.12244897959183673,0.019626102040816325,20.89581632653061,0.4790232251544668
AA,YL,19,0.15789473684210525,0.052109684210526315,19.465026315789476,0.47301035898220906
CA,QV,19,0.15789473684210525,0.08080936842105264,17.85274210526316,0.47301035898220906
CG,FW,19,0.15789473684210525,0.031510052631578946,20.792505263157892,0.47301035898220906
GG,IW,19,0.15789473684210525,0.015244631578947369,17.52671052631579,0.47301035898220906
TA,PD,19,0.15789473684210525,0.027235473684210525,19.9889,0.47301035898220906
TG,YP,19,0.15789473684210525,0.058375736842105265,22.421647368421052,0.47301035898220906
TT,TY,19,0.15789473684210525,0.05618873684210526,21.165115789473685,0.47301035898220906
GA,IA,39,0.1282051282051282,0.021296076923076925,20.324828205128206,0.4729332633479405
TG,GN,39,0.1282051282051282,0.030362410256410257,19.417946153846152,0.4729332633479405
CT,SI,29,0.13793103448275862,0.04501820689655173,18.322589655172415,0.4691306733327111
GA,SD,29,0.13793103448275862,0.05342796551724138,20.111986206896553,0.4691306733327111
CC,YV,74,0.10810810810810811,0.025087743243243244,20.104635135135133,0.46675547173365517
TT,GD,40,0.125,0.04296055,19.811385,0.4641965083380385
AC,HE,3,0.3333333333333333,0.04429933333333333,18.3394,0.46209812037329684
AG,IC,3,0.3333333333333333,0.06618733333333333,19.374333333333333,0.46209812037329684
AT,HW,3,0.3333333333333333,0.03585066666666666,20.131566666666668,0.46209812037329684
AT,SC,3,0.3333333333333333,0.068867,17.0022,0.46209812037329684
CA,HY,3,0.3333333333333333,0.062863,19.1331,0.46209812037329684
CA,MG,3,0.3333333333333333,0.028220333333333333,17.217066666666668,0.46209812037329684
CC,HH,3,0.3333333333333333,0.03882766666666667,19.223699999999997,0.46209812037329684
CC,PW,3,0.3333333333333333,0.04829033333333333,18.167433333333335,0.46209812037329684
CC,RH,3,0.3333333333333333,0.029464333333333332,18.02586666666667,0.46209812037329684
CC,WH,3,0.3333333333333333,0.07553433333333333,17.46326666666667,0.46209812037329684
CC,WS,3,0.3333333333333333,0.027372999999999998,20.427433333333337,0.46209812037329684
CG,CR,3,0.3333333333333333,0.060718,17.51236666666667,0.46209812037329684
CG,DM,3,0.3333333333333333,0.07488333333333333,14.098933333333335,0.46209812037329684
CG,FC,3,0.3333333333333333,0.029164333333333334,18.456999999999997,0.46209812037329684
CG,MH,3,0.3333333333333333,0.11048799999999999,19.8382,0.46209812037329684
CG,RH,3,0.3333333333333333,0.100767,16.433,0.46209812037329684
CT,CN,3,0.3333333333333333,0.03302666666666667,21.468033333333334,0.46209812037329684
CT,CS,3,0.3333333333333333,0.0373,17.90563333333333,0.46209812037329684
CT,GH,3,0.3333333333333333,0.03352033333333333,20.053133333333335,0.46209812037329684
CT,HD,3,0.3333333333333333,0.064644,15.039333333333333,0.46209812037329684
CT,MT,3,0.3333333333333333,0.03373966666666667,20.803766666666665,0.46209812037329684
CT,MV,3,0.3333333333333333,0.07557733333333333,19.044533333333334,0.46209812037329684
CT,QH,3,0.3333333333333333,0.055030666666666665,14.287933333333333,0.46209812037329684
CT,SH,3,0.3333333333333333,0.22816899999999998,16.0883,0.46209812037329684
GC,CF,3,0.3333333333333333,0.028106999999999997,16.597566666666665,0.46209812037329684
GC,CN,3,0.3333333333333333,0.06429633333333333,17.922933333333333,0.46209812037329684
GC,GC,3,0.3333333333333333,0.06836199999999999,18.9704,0.46209812037329684
GC,HE,3,0.3333333333333333,0.037216,18.509933333333333,0.46209812037329684
GC,RH,3,0.3333333333333333,0.05439233333333333,18.202766666666665,0.46209812037329684
GC,WN,3,0.3333333333333333,0.048802333333333336,18.830699999999997,0.46209812037329684
GT,IC,3,0.3333333333333333,0.12930833333333333,16.701166666666666,0.46209812037329684
GT,QH,3,0.3333333333333333,0.041051333333333336,20.658666666666665,0.46209812037329684
TA,KC,3,0.3333333333333333,0.21546500000000002,16.641499999999997,0.46209812037329684
TA,MY,3,0.3333333333333333,0.103534,18.6367,0.46209812037329684
TA,WM,3,0.3333333333333333,0.028065666666666666,15.036966666666666,0.46209812037329684
TC,HW,3,0.3333333333333333,0.090306,20.317733333333333,0.46209812037329684
TG,CF,3,0.3333333333333333,0.04672066666666667,18.89816666666667,0.46209812037329684
TT,CK,3,0.3333333333333333,0.09442533333333332,16.747966666666667,0.46209812037329684
CC,GL,75,0.10666666666666667,0.017345600000000003,20.36412,0.46194488963054203
AA,IF,30,0.13333333333333333,0.025091866666666667,21.73407,0.4578649605980195
CA,GT,30,0.13333333333333333,0.03875866666666667,20.124543333333335,0.4578649605980195
CA,KA,30,0.13333333333333333,0.036323799999999996,19.84346,0.4578649605980195
CC,YL,30,0.13333333333333333,0.03643403333333333,17.85934,0.4578649605980195
TG,LC,30,0.13333333333333333,0.027865833333333333,20.87858333333333,0.4578649605980195
CG,YE,20,0.15,0.03326265,20.82388,0.45667836565851344
GG,CG,41,0.12195121951219512,0.021370853658536585,20.133717073170732,0.4558133680833376
AC,NV,11,0.18181818181818182,0.015820727272727274,22.212881818181817,0.4518012090523637
CA,RC,11,0.18181818181818182,0.022280545454545456,21.277045454545455,0.4518012090523637
CG,FP,11,0.18181818181818182,0.025302636363636364,21.204563636363638,0.4518012090523637
CT,HA,11,0.18181818181818182,0.03232527272727273,18.671318181818183,0.4518012090523637
GT,SC,11,0.18181818181818182,0.020479636363636363,19.49578181818182,0.4518012090523637
TA,AQ,11,0.18181818181818182,0.03707772727272727,19.55277272727273,0.4518012090523637
TC,SN,11,0.18181818181818182,0.07751672727272728,20.482872727272728,0.4518012090523637
TC,TY,11,0.18181818181818182,0.03958718181818182,18.97920909090909,0.4518012090523637
TT,PT,11,0.18181818181818182,0.04191427272727273,19.7433,0.4518012090523637
CG,AA,53,0.11320754716981132,0.01324477358490566,21.218133962264147,0.45158309961105
TC,TG,31,0.12903225806451613,0.04969729032258065,19.422509677419356,0.4471917293935131
GT,TE,79,0.10126582278481013,0.023762810126582278,21.26982658227848,0.44374953262520317
CC,AW,21,0.14285714285714285,0.013989333333333335,19.94477142857143,0.44157749333690227
CT,YL,21,0.14285714285714285,0.04723619047619047,20.49065238095238,0.44157749333690227
GT,AD,21,0.14285714285714285,0.036642523809523805,19.457585714285713,0.44157749333690227
GT,YQ,43,0.11627906976744186,0.011931093023255812,21.861639534883718,0.4400220504556117
GT,GD,55,0.10909090909090909,0.030631963636363637,20.228412727272726,0.4391292753529254
TG,CE,32,0.125,0.0445345625,21.169525,0.43706344518331003
TG,WI,32,0.125,0.0790933125,21.725278125,0.43706344518331003
GG,KS,150,0.08666666666666667,0.026325906666666666,21.070072666666665,0.4348309191906268
GA,DF,44,0.11363636363636363,0.024634363636363635,20.5864,0.4325752829284454
GA,QI,44,0.11363636363636363,0.0539543409090909,21.21139772727273,0.4325752829284454
GT,CL,44,0.11363636363636363,0.011125159090909092,21.273772727272725,0.4325752829284454
GG,TG,69,0.10144927536231885,0.01945808695652174,20.352852173913043,0.4310067636861669
AC,DT,22,0.13636363636363635,0.040661772727272734,19.186681818181818,0.42756739308124764
CG,TL,22,0.13636363636363635,0.029099545454545458,21.146913636363635,0.42756739308124764
CT,DV,22,0.13636363636363635,0.03694549999999999,19.37671818181818,0.42756739308124764
CT,TQ,22,0.13636363636363635,0.027622454545454544,22.1016,0.42756739308124764
GA,EN,22,0.13636363636363635,0.020112318181818186,20.477777272727273,0.42756739308124764
GT,AI,22,0.13636363636363635,0.03364740909090909,21.187786363636363,0.42756739308124764
AA,GD,12,0.16666666666666666,0.07170800000000001,21.385666666666665,0.42749155957692275
AA,ND,12,0.16666666666666666,0.020147833333333334,20.128683333333335,0.42749155957692275
AC,YE,12,0.16666666666666666,0.09182241666666668,17.362466666666666,0.42749155957692275
AT,FY,12,0.16666666666666666,0.13497041666666668,19.226074999999998,0.42749155957692275
AT,YQ,12,0.16666666666666666,0.018777833333333334,20.291675,0.42749155957692275
CC,FC,12,0.16666666666666666,0.027890916666666665,20.264275,0.42749155957692275
CG,EC,12,0.16666666666666666,0.03910366666666667,18.859025,0.42749155957692275
GC,QH,12,0.16666666666666666,0.025169333333333332,19.80389166666667,0.42749155957692275
GC,YK,12,0.16666666666666666,0.03177575,18.827916666666667,0.42749155957692275
GG,CS,12,0.16666666666666666,0.030195166666666665,20.680241666666667,0.42749155957692275
GT,MN,12,0.16666666666666666,0.07583116666666666,20.279149999999998,0.42749155957692275
TA,EA,12,0.16666666666666666,0.021094083333333333,21.6056,0.42749155957692275
TA,FV,12,0.16666666666666666,0.044580666666666664,20.929608333333334,0.42749155957692275
TG,GD,57,0.10526315789473684,0.03270563157894737,21.29182105263158,0.4274150537417283
CC,IS,83,0.0963855421686747,0.028949518072289158,20.95365903614458,0.42706667940658444
CG,LE,70,0.1,0.01775652857142857,21.84234,0.42626798770413155
TC,LG,45,0.1111111111111111,0.03773624444444445,20.977817777777776,0.4254045996098994
CC,VP,84,0.09523809523809523,0.015162833333333332,20.854385714285712,0.42310964347526825
GG,VE,99,0.09090909090909091,0.01768929292929293,22.275140404040403,0.41865183508982656
AG,AF,34,0.11764705882352941,0.021050264705882355,21.21344705882353,0.4182762425281663
CA,EE,34,0.11764705882352941,0.013637588235294117,21.562150000000003,0.4182762425281663
CG,IA,34,0.11764705882352941,0.015351617647058821,20.934070588235297,0.4182762425281663
GC,ND,34,0.11764705882352941,0.018600264705882354,20.466211764705882,0.4182762425281663
GG,CT,34,0.11764705882352941,0.016358588235294118,23.100147058823527,0.4182762425281663
AA,LS,23,0.13043478260869565,0.03600434782608696,19.32665652173913,0.41452876048016685
GC,LW,23,0.13043478260869565,0.06426913043478262,19.34815652173913,0.41452876048016685
AA,AI,47,0.10638297872340426,0.02492155319148936,20.448470212765958,0.41182989477743526
AC,LE,47,0.10638297872340426,0.018768531914893617,21.500163829787233,0.41182989477743526
GG,YL,47,0.10638297872340426,0.01403363829787234,22.665265957446806,0.41182989477743526
CC,FK,131,0.08396946564885496,0.02435832824427481,20.182944274809163,0.41000626830877923
CT,NK,35,0.11428571428571428,0.024569200000000003,21.230002857142853,0.4095450215378411
GC,WG,35,0.11428571428571428,0.023353285714285715,20.601822857142857,0.4095450215378411
AG,MN,13,0.15384615384615385,0.10051976923076923,21.70080769230769,0.406008819940809
AT,RP,13,0.15384615384615385,0.04993969230769231,19.404846153846155,0.406008819940809
CA,CE,13,0.15384615384615385,0.033931538461538464,19.353546153846153,0.406008819940809
CT,IN,13,0.15384615384615385,0.04040630769230769,19.953130769230768,0.406008819940809
CT,YF,13,0.15384615384615385,0.030057692307692306,21.788415384615384,0.406008819940809
TC,FP,13,0.15384615384615385,0.0982723846153846,19.740830769230772,0.406008819940809
TT,LC,13,0.15384615384615385,0.025006307692307692,17.833815384615384,0.406008819940809
CC,KF,48,0.10416666666666667,0.0483168125,20.557635416666667,0.40539794771985693
GT,TW,48,0.10416666666666667,0.014556833333333333,20.913925,0.40539794771985693
AG,NS,24,0.125,0.032138791666666666,21.5761875,0.40235947810852507
CA,LS,24,0.125,0.012307083333333335,20.461112500000002,0.40235947810852507
TT,SW,24,0.125,0.08367020833333333,21.712225,0.40235947810852507
AA,HD,4,0.25,0.046944,19.738675,0.40235947810852507
AA,WH,4,0.25,0.17769775,18.77185,0.40235947810852507
AC,DC,4,0.25,0.02437625,19.2148,0.40235947810852507
AG,FW,4,0.25,0.2086975,15.271799999999999,0.40235947810852507
AG,HK,4,0.25,0.08140125,20.012975,0.40235947810852507
AG,PM,4,0.25,0.144096,19.588025000000002,0.40235947810852507
AT,CF,4,0.25,0.02254675,16.684225,0.40235947810852507
AT,CS,4,0.25,0.05701675,21.02235,0.40235947810852507
AT,DC,4,0.25,0.0313155,19.2584,0.40235947810852507
AT,NY,4,0.25,0.028484,21.949275,0.40235947810852507
AT,PD,4,0.25,0.0672725,18.471525,0.40235947810852507
AT,TY,4,0.25,0.14521325,19.6107,0.40235947810852507
CA,CF,4,0.25,0.033051,17.956174999999998,0.40235947810852507
CA,CH,4,0.25,0.021726,21.87315,0.40235947810852507
CA,DM,4,0.25,0.0386655,19.929850000000002,0.40235947810852507
CA,HQ,4,0.25,0.033085,19.97935,0.40235947810852507
CA,IC,4,0.25,0.0255095,16.72825,0.40235947810852507
CA,MP,4,0.25,0.0664745,16.5835,0.40235947810852507
CA,TM,4,0.25,0.04331375,19.388624999999998,0.40235947810852507
CA,YH,4,0.25,0.08104825,19.2588,0.40235947810852507
CC,AM,4,0.25,0.046577,18.02195,0.40235947810852507
CC,IM,4,0.25,0.03597125,17.216475,0.40235947810852507
CC,MH,4,0.25,0.022575,18.9474,0.40235947810852507
CC,ML,4,0.25,0.045785,18.23785,0.40235947810852507
CG,DQ,4,0.25,0.14389525,18.19285,0.40235947810852507
CG,DW,4,0.25,0.021473,20.0186,0.40235947810852507
CG,FH,4,0.25,0.05210675,20.0365,0.40235947810852507
CG,HR,4,0.25,0.027695,18.9493,0.40235947810852507
CG,HW,4,0.25,0.04276275,17.786324999999998,0.40235947810852507
CG,TM,4,0.25,0.0269405,19.04035,0.40235947810852507
CT,IC,4,0.25,0.0211895,20.0283,0.40235947810852507
GA,MQ,4,0.25,0.04742575,19.105425,0.40235947810852507
GG,HE,4,0.25,0.03342725,17.951025,0.40235947810852507
GG,HW,4,0.25,0.07602775,17.5301,0.40235947810852507
GG,WL,4,0.25,0.02998225,20.226174999999998,0.40235947810852507
GT,WA,4,0.25,0.02207425,18.46425,0.40235947810852507
TA,CP,4,0.25,0.025812,22.60035,0.40235947810852507
TC,CG,4,0.25,0.070952,18.707325,0.40235947810852507
TC,CI,4,0.25,0.0317355,18.04705,0.40235947810852507
TC,CK,4,0.25,0.065373,19.879525,0.40235947810852507
TC,MV,4,0.25,0.056683,18.402324999999998,0.40235947810852507
TC,NI,4,0.25,0.03382325,17.479525,0.40235947810852507
TC,QQ,4,0.25,0.0210805,19.19535,0.40235947810852507
TC,VH,4,0.25,0.05032325,21.071475,0.40235947810852507
TG,DC,4,0.25,0.0313155,19.5455,0.40235947810852507
TG,IC,4,0.25,0.09698125,17.389775,0.40235947810852507
GA,LI,36,0.1111111111111111,0.030704083333333337,21.950747222222223,0.4012131014049138
CC,GM,49,0.10204081632653061,0.033711265306122444,21.295069387755102,0.39918602096205574
CC,VE,49,0.10204081632653061,0.03935216326530613,21.549414285714285,0.39918602096205574
TG,ND,49,0.10204081632653061,0.02317704081632653,21.119469387755103,0.39918602096205574
CT,GY,37,0.10810810810810811,0.03496572972972973,18.684413513513515,0.3932525578082579
TT,KD,37,0.10810810810810811,0.01127635135135135,20.702345945945947,0.3932525578082579
AC,EN,25,0.12,0.0135496,23.24442,0.39097158456257786
AC,NI,25,0.12,0.044490680000000005,18.007196,0.39097158456257786
AG,WT,25,0.12,0.03308588,19.513612000000002,0.39097158456257786
AT,LG,25,0.12,0.03352236,20.824336,0.39097158456257786
CA,IT,25,0.12,0.03537288,21.790156000000003,0.39097158456257786
CG,SW,25,0.12,0.06239548,20.888595999999996,0.39097158456257786
CG,WY,25,0.12,0.02363524,18.613264,0.39097158456257786
GC,GN,25,0.12,0.0948556,18.346732,0.39097158456257786
GT,PE,25,0.12,0.01429888,19.725,0.39097158456257786
TC,LI,25,0.12,0.054795359999999994,22.438760000000002,0.39097158456257786
TC,PP,25,0.12,0.02934892,21.229744,0.39097158456257786
TG,EN,25,0.12,0.020016759999999998,21.23152,0.39097158456257786
CT,IV,51,0.09803921568627451,0.01166507843137255,20.73257450980392,0.3873768351550419
AC,AC,14,0.14285714285714285,0.01857185714285714,21.337321428571432,0.3868643144431728
CA,PF,14,0.14285714285714285,0.0379255,17.562207142857144,0.3868643144431728
GC,FP,14,0.14285714285714285,0.012687214285714286,20.0729,0.3868643144431728
GC,HA,14,0.14285714285714285,0.11526864285714286,18.784621428571427,0.3868643144431728
TC,ID,14,0.14285714285714285,0.021803,21.28180714285714,0.3868643144431728
TC,LH,14,0.14285714285714285,0.027806571428571427,18.909735714285713,0.3868643144431728
CG,PE,52,0.09615384615384616,0.015437692307692309,21.39429230769231,0.38175883784155024
AC,NP,26,0.11538461538461539,0.020365884615384616,20.618665384615383,0.3802888691543457
CC,EQ,26,0.11538461538461539,0.037049269230769226,21.400923076923075,0.3802888691543457
GT,GP,39,0.10256410256410256,0.03409651282051282,19.23342564102564,0.3783466106783524
AC,SK,53,0.09433962264150944,0.015747603773584907,19.897049056603773,0.376319249675875
AG,LI,40,0.1,0.0182323,22.414392499999998,0.3713572066704308
AG,TP,40,0.1,0.02740705,21.754575,0.3713572066704308
GT,II,40,0.1,0.016854925,20.762822500000002,0.3713572066704308
CC,WV,27,0.1111111111111111,0.06573966666666667,19.922977777777778,0.37024494557502263
CT,QP,27,0.1111111111111111,0.05805166666666666,18.38592222222222,0.37024494557502263
GA,ND,27,0.1111111111111111,0.03230403703703704,18.57322222222222,0.37024494557502263
AT,SW,15,0.13333333333333333,0.10726480000000001,20.213673333333336,0.36967849629863747
CA,GP,15,0.13333333333333333,0.020263066666666666,19.949513333333336,0.36967849629863747
GA,SH,15,0.13333333333333333,0.0270566,20.68734,0.36967849629863747
GT,HK,15,0.13333333333333333,0.044324600000000006,22.182293333333334,0.36967849629863747
TA,WG,15,0.13333333333333333,0.014464266666666666,19.395186666666667,0.36967849629863747
CG,GI,70,0.08571428571428572,0.013030871428571428,20.860691428571428,0.3653725608892556
GG,TQ,70,0.08571428571428572,0.03591378571428571,20.79857,0.3653725608892556
GG,VY,41,0.0975609756097561,0.025914634146341462,20.108943902439023,0.3646506944666701
AA,DV,28,0.10714285714285714,0.020477535714285715,21.530460714285713,0.36078169606997934
AT,TV,28,0.10714285714285714,0.0271545,22.124735714285716,0.36078169606997934
AA,MI,5,0.2,0.0328576,19.19904,0.358351893845611
AA,NI,5,0.2,0.0179874,21.693720000000003,0.358351893845611
AA,NP,5,0.2,0.0906212,17.00046,0.358351893845611
AC,MA,5,0.2,0.1363546,20.32318,0.358351893845611
AG,HE,5,0.2,0.0213222,21.15368,0.358351893845611
AG,QH,5,0.2,0.0348722,19.04472,0.358351893845611
AG,YH,5,0.2,0.065121,15.399360000000001,0.358351893845611
AT,FH,5,0.2,0.022250600000000002,20.4192,0.358351893845611
AT,MQ,5,0.2,0.1382798,15.75274,0.358351893845611
AT,WV,5,0.2,0.0182928,22.87542,0.358351893845611
CA,QH,5,0.2,0.0631588,17.55348,0.358351893845611
CA,WF,5,0.2,0.029774600000000002,16.9625,0.358351893845611
CA,WN,5,0.2,0.022434000000000003,17.58544,0.358351893845611
CC,DW,5,0.2,0.0171784,21.461779999999997,0.358351893845611
CC,HC,5,0.2,0.0249104,19.85286,0.358351893845611
CG,HQ,5,0.2,0.0543164,17.51526,0.358351893845611
CG,QF,5,0.2,0.034797800000000004,19.08846,0.358351893845611
CG,YH,5,0.2,0.1045564,18.6722,0.358351893845611
CT,CT,5,0.2,0.0273868,20.6612,0.358351893845611
CT,HE,5,0.2,0.026945599999999997,19.852899999999998,0.358351893845611
CT,YC,5,0.2,0.0273868,21.84052,0.358351893845611
GA,IM,5,0.2,0.1305944,15.6865,0.358351893845611
GC,MN,5,0.2,0.0174348,21.555419999999998,0.358351893845611
GC,NC,5,0.2,0.053479399999999996,21.89004,0.358351893845611
GG,DH,5,0.2,0.020055200000000002,21.17312,0.358351893845611
GT,HE,5,0.2,0.032586199999999996,18.31924,0.358351893845611
TA,EW,5,0.2,0.039355,18.56966,0.358351893845611
TA,HI,5,0.2,0.030445800000000002,18.355,0.358351893845611
TA,ML,5,0.2,0.036024,17.49684,0.358351893845611
TA,ND,5,0.2,0.019624,19.84418,0.358351893845611
TC,FI,5,0.2,0.020560600000000002,18.51626,0.358351893845611
TC,HR,5,0.2,0.022551599999999998,18.09836,0.358351893845611
TC,QM,5,0.2,0.062433,18.54658,0.358351893845611
TT,DM,5,0.2,0.0361524,22.490640000000003,0.358351893845611
AG,II,42,0.09523809523809523,0.02103959523809524,22.59297857142857,0.3582095348279583
CG,SK,42,0.09523809523809523,0.019612095238095234,20.639419047619047,0.3582095348279583
TC,IY,42,0.09523809523809523,0.030939738095238097,22.808645238095238,0.3582095348279583
CG,YQ,57,0.08771929824561403,0.044581947368421054,20.46234035087719,0.35617921145144027
GG,PY,57,0.08771929824561403,0.025807894736842106,22.377822807017544,0.35617921145144027
AC,EQ,16,0.125,0.034757750000000004,20.61528125,0.354151668007027
CA,VD,16,0.125,0.0204494375,18.95155625,0.354151668007027
CT,AY,16,0.125,0.054150500000000004,21.88878125,0.354151668007027
CT,MD,16,0.125,0.0188695625,22.63835,0.354151668007027
CT,PH,16,0.125,0.022223625,17.2959,0.354151668007027
CT,PY,16,0.125,0.027123500000000002,20.2475875,0.354151668007027
GA,WI,16,0.125,0.014656875,18.47075,0.354151668007027
CC,EG,43,0.09302325581395349,0.06140839534883721,22.188444186046514,0.3520176403644894
CG,AE,43,0.09302325581395349,0.02753020930232558,21.770846511627905,0.3520176403644894
GT,LC,29,0.10344827586206896,0.011926862068965517,20.46003793103448,0.35184800499953334
CC,EK,141,0.07092198581560284,0.026752645390070922,20.96679929078014,0.3514770962837774
GG,EG,124,0.07258064516129033,0.017125911290322583,22.68375887096774,0.3504421260945219
GG,LE,182,0.06593406593406594,0.015284390109890111,21.923113736263737,0.34348260348404974
GT,ED,30,0.1,0.010069166666666666,22.70296,0.34339872044851466
TC,LE,30,0.1,0.010188466666666667,21.298643333333334,0.34339872044851466
TG,CG,30,0.1,0.012169033333333332,21.34007666666667,0.34339872044851466
TG,WQ,30,0.1,0.016358566666666668,19.23383,0.34339872044851466
TG,YL,45,0.08888888888888889,0.010198888888888888,19.971577777777778,0.3403236796879196
CC,EI,111,0.07207207207207207,0.013195252252252251,21.121501801801802,0.34007199072397076
CG,WI,17,0.11764705882352941,0.05952823529411764,20.747417647058825,0.34004373622307815
GA,FA,17,0.11764705882352941,0.01772,19.69744705882353,0.34004373622307815
GA,MV,17,0.11764705882352941,0.011417117647058824,19.78598823529412,0.34004373622307815
TC,WT,17,0.11764705882352941,0.013216529411764707,20.840270588235295,0.34004373622307815
AA,EI,31,0.0967741935483871,0.010478322580645162,22.126548387096776,0.33539379704513483
AG,QY,31,0.0967741935483871,0.016202612903225805,21.075054838709676,0.33539379704513483
CG,AG,31,0.0967741935483871,0.067969,22.81527741935484,0.33539379704513483
TA,TV,31,0.0967741935483871,0.009155838709677419,19.279625806451612,0.33539379704513483
CC,DG,62,0.08064516129032258,0.010632532258064518,20.77511129032258,0.33412376825738166
CG,AS,63,0.07936507936507936,0.014019365079365081,20.835152380952383,0.3300700859809263
CC,CT,47,0.0851063829787234,0.014087404255319149,21.71703404255319,0.3294639158219482
AG,EA,32,0.09375,0.00946034375,18.74683125,0.32779758388748254
CT,RT,32,0.09375,0.05420825,21.9451625,0.32779758388748254
AG,FL,18,0.1111111111111111,0.02523061111111111,21.67125,0.3271598865740489
AG,NV,18,0.1111111111111111,0.01836438888888889,24.41892777777778,0.3271598865740489
CT,FA,18,0.1111111111111111,0.018610611111111112,23.607744444444442,0.3271598865740489
GA,WA,18,0.1111111111111111,0.01874077777777778,20.16983888888889,0.3271598865740489
GC,SC,18,0.1111111111111111,0.04818088888888889,23.03408888888889,0.3271598865740489
GT,QW,18,0.1111111111111111,0.03203427777777778,20.56212222222222,0.3271598865740489
TA,YQ,18,0.1111111111111111,0.07537844444444444,19.03823888888889,0.3271598865740489
TG,VH,18,0.1111111111111111,0.0220215,21.97202777777778,0.3271598865740489
GT,LG,48,0.08333333333333333,0.0178306875,20.9284875,0.3243183581758855
AA,HI,6,0.16666666666666666,0.10728916666666666,21.01285,0.3243183581758855
AA,IC,6,0.16666666666666666,0.013819,20.091533333333334,0.3243183581758855
AA,MQ,6,0.16666666666666666,0.016207333333333334,21.565133333333335,0.3243183581758855
AC,DM,6,0.16666666666666666,0.0254675,21.7581,0.3243183581758855
AT,CT,6,0.16666666666666666,0.014089333333333334,20.424366666666668,0.3243183581758855
AT,HA,6,0.16666666666666666,0.12626316666666668,19.36498333333333,0.3243183581758855
AT,SD,6,0.16666666666666666,0.13622666666666666,19.557116666666666,0.3243183581758855
CA,HS,6,0.16666666666666666,0.0184,19.734066666666667,0.3243183581758855
CA,IM,6,0.16666666666666666,0.10984,20.6645,0.3243183581758855
CG,HA,6,0.16666666666666666,0.055243999999999994,19.912166666666668,0.3243183581758855
CT,DM,6,0.16666666666666666,0.030127,20.75255,0.3243183581758855
CT,HC,6,0.16666666666666666,0.019375666666666666,20.2894,0.3243183581758855
CT,PT,6,0.16666666666666666,0.08525783333333332,20.84071666666667,0.3243183581758855
CT,QT,6,0.16666666666666666,0.10874266666666667,19.199183333333334,0.3243183581758855
GA,AM,6,0.16666666666666666,0.018495833333333333,18.523,0.3243183581758855
GA,MN,6,0.16666666666666666,0.0152795,21.069766666666666,0.3243183581758855
GC,CE,6,0.16666666666666666,0.05464483333333334,19.7393,0.3243183581758855
GG,PM,6,0.16666666666666666,0.013828833333333334,18.301866666666665,0.3243183581758855
GG,SC,6,0.16666666666666666,0.0687225,18.2424,0.3243183581758855
TA,NG,6,0.16666666666666666,0.05971016666666667,20.381966666666667,0.3243183581758855
TA,YK,6,0.16666666666666666,0.017286333333333334,20.61945,0.3243183581758855
TC,EC,6,0.16666666666666666,0.0222,22.36051666666667,0.3243183581758855
TC,HG,6,0.16666666666666666,0.050734,19.323216666666667,0.3243183581758855
TC,IH,6,0.16666666666666666,0.0699315,20.262433333333334,0.3243183581758855
TC,QH,6,0.16666666666666666,0.050734,19.99383333333333,0.3243183581758855
TC,TH,6,0.16666666666666666,0.062303,19.75936666666667,0.3243183581758855
TG,FI,6,0.16666666666666666,0.015055833333333333,22.80165,0.3243183581758855
TT,MN,6,0.16666666666666666,0.058748,17.944633333333332,0.3243183581758855
AG,IP,33,0.09090909090909091,0.010581696969696968,22.106666666666666,0.32057822951056014
GG,VC,49,0.08163265306122448,0.013679244897959183,22.639879591836735,0.31934881676964455
AA,PF,19,0.10526315789473684,0.014248894736842104,20.457063157894737,0.3153402393214727
AG,AH,19,0.10526315789473684,0.04527768421052632,17.8389,0.3153402393214727
AG,GD,19,0.10526315789473684,0.009677736842105263,22.78851052631579,0.3153402393214727
CG,IN,19,0.10526315789473684,0.013355736842105264,21.129115789473683,0.3153402393214727
CG,YP,19,0.10526315789473684,0.012513526315789473,23.79711052631579,0.3153402393214727
GA,QD,19,0.10526315789473684,0.03493536842105263,20.834563157894735,0.3153402393214727
TT,MG,19,0.10526315789473684,0.01089442105263158,21.83695789473684,0.3153402393214727
GG,QH,50,0.08,0.02510932,21.245128,0.31454605061794605
GG,TY,34,0.08823529411764706,0.027996176470588236,20.194011764705884,0.31370718189612473
AA,PI,35,0.08571428571428572,0.021326914285714288,20.835,0.30715876615338084
GT,VD,35,0.08571428571428572,0.021914228571428572,22.554922857142856,0.30715876615338084
TC,IV,35,0.08571428571428572,0.014706542857142856,21.266145714285717,0.30715876615338084
GG,EP,127,0.06299212598425197,0.018526748031496062,21.185662992125984,0.3056397016642278
AA,VG,20,0.1,0.014993049999999999,22.642275,0.3044522437723423
AA,VP,20,0.1,0.041066950000000005,20.943975000000002,0.3044522437723423
TT,CA,20,0.1,0.012619,22.582145,0.3044522437723423
TG,QL,108,0.06481481481481481,0.013321277777777777,22.046544444444446,0.30406884421855557
AA,AE,36,0.08333333333333333,0.024057583333333334,22.530963888888888,0.3009098260536853
GT,TV,36,0.08333333333333333,0.014877999999999999,22.203611111111112,0.3009098260536853
AA,DM,7,0.14285714285714285,0.09677185714285715,19.761957142857142,0.29706307738283366
AA,HR,7,0.14285714285714285,0.015411428571428572,21.321885714285713,0.29706307738283366
AC,HQ,7,0.14285714285714285,0.040885285714285714,19.85267142857143,0.29706307738283366
AC,QH,7,0.14285714285714285,0.015097714285714285,22.337457142857144,0.29706307738283366
AG,DW,7,0.14285714285714285,0.026160142857142858,22.48075714285714,0.29706307738283366
AG,YC,7,0.14285714285714285,0.021828285714285713,20.1863,0.29706307738283366
AT,CG,7,0.14285714285714285,0.04777485714285714,20.59842857142857,0.29706307738283366
AT,EN,7,0.14285714285714285,0.04644942857142857,20.415285714285712,0.29706307738283366
CA,DV,7,0.14285714285714285,0.012704571428571428,21.147614285714287,0.29706307738283366
CA,EC,7,0.14285714285714285,0.017966142857142858,20.681900000000002,0.29706307738283366
CA,HE,7,0.14285714285714285,0.016597857142857143,21.693928571428568,0.29706307738283366
CC,CQ,7,0.14285714285714285,0.017683,22.586314285714284,0.29706307738283366
CG,CE,7,0.14285714285714285,0.017349857142857143,21.045199999999998,0.29706307738283366
CG,GH,7,0.14285714285714285,0.026637142857142856,20.779414285714285,0.29706307738283366
CT,QM,7,0.14285714285714285,0.023920285714285717,18.717299999999998,0.29706307738283366
GA,HF,7,0.14285714285714285,0.013879571428571427,23.1192,0.29706307738283366
GA,QQ,7,0.14285714285714285,0.051592000000000006,18.044571428571427,0.29706307738283366
GA,VW,7,0.14285714285714285,0.01986357142857143,20.761414285714288,0.29706307738283366
GG,AM,7,0.14285714285714285,0.06338271428571428,18.468171428571427,0.29706307738283366
GG,HI,7,0.14285714285714285,0.012260714285714286,21.072385714285712,0.29706307738283366
GT,DH,7,0.14285714285714285,0.10256757142857142,21.713785714285713,0.29706307738283366
GT,YM,7,0.14285714285714285,0.017674714285714287,21.926014285714285,0.29706307738283366
TA,CT,7,0.14285714285714285,0.015469857142857143,18.512257142857145,0.29706307738283366
TA,MV,7,0.14285714285714285,0.014714714285714286,20.624871428571428,0.29706307738283366
TA,QT,7,0.14285714285714285,0.034639857142857146,19.408814285714282,0.29706307738283366
TC,SC,7,0.14285714285714285,0.028570714285714286,20.412200000000002,0.29706307738283366
TC,WY,7,0.14285714285714285,0.03189585714285714,22.76595714285714,0.29706307738283366
TT,TC,7,0.14285714285714285,0.03240585714285714,20.865000000000002,0.29706307738283366
CC,HG,54,0.07407407407407407,0.02306927777777778,19.479666666666667,0.29683949520240527
TG,EA,37,0.08108108108108109,0.016119216216216217,20.86464054054054,0.2949394183561935
CC,GN,21,0.09523809523809523,0.03129504761904762,23.20875714285714,0.29438499555793485
CG,QM,21,0.09523809523809523,0.03692947619047619,22.08233333333333,0.29438499555793485
CT,VY,21,0.09523809523809523,0.012981190476190476,20.575109523809523,0.29438499555793485
TA,PF,21,0.09523809523809523,0.010031142857142858,21.284390476190474,0.29438499555793485
GG,DF,136,0.058823529411764705,0.011253073529411765,21.379406617647057,0.28941064269577205
CC,HR,38,0.07894736842105263,0.03214315789473684,24.317068421052632,0.2892285510102352
CG,LI,56,0.07142857142857142,0.010651071428571428,22.189937500000003,0.28878937627389645
GC,WT,76,0.06578947368421052,0.010851276315789474,22.464830263157893,0.2857766724903739
AA,FT,22,0.09090909090909091,0.044529545454545454,19.89632272727273,0.2850449287208318
AG,PD,22,0.09090909090909091,0.016177045454545454,22.877695454545456,0.2850449287208318
CA,CA,22,0.09090909090909091,0.010776181818181818,21.750704545454546,0.2850449287208318
CT,QD,22,0.09090909090909091,0.013656045454545455,21.338572727272727,0.2850449287208318
TC,TT,22,0.09090909090909091,0.03942077272727273,18.84313636363636,0.2850449287208318
TT,VY,39,0.07692307692307693,0.01626276923076923,19.43283333333333,0.28375995800876436
CC,EP,163,0.05521472392638037,0.015819552147239267,22.16627300613497,0.28158771687372874
GG,SI,78,0.0641025641025641,0.01778898717948718,19.93062435897436,0.28009281105557826
AG,YQ,40,0.075,0.03404525,21.1092175,0.2785179050028231
GC,IS,59,0.06779661016949153,0.031085949152542373,21.58933559322034,0.2775826821845492
CT,FY,23,0.08695652173913043,0.02842795652173913,18.573447826086955,0.2763525069867779
GG,CA,23,0.08695652173913043,0.010379521739130435,20.977830434782607,0.2763525069867779
TG,PW,23,0.08695652173913043,0.01772391304347826,21.565265217391303,0.2763525069867779
AA,FL,8,0.125,0.050203375,19.1684375,0.27465307216702745
AA,PH,8,0.125,0.02030425,20.4799625,0.27465307216702745
AC,MQ,8,0.125,0.0126285,20.0738375,0.27465307216702745
AC,PH,8,0.125,0.065750625,16.870775000000002,0.27465307216702745
AG,HF,8,0.125,0.017338375,21.14715,0.27465307216702745
AT,CE,8,0.125,0.013918625,21.084125,0.27465307216702745
AT,VH,8,0.125,0.0111165,22.46,0.27465307216702745
CA,CQ,8,0.125,0.015472625,21.3499625,0.27465307216702745
CA,EN,8,0.125,0.010287625,20.432225,0.27465307216702745
CA,LC,8,0.125,0.023672875,22.356625,0.27465307216702745
CC,HW,8,0.125,0.0154805,20.4533375,0.27465307216702745
CC,MQ,8,0.125,0.0126285,21.8901625,0.27465307216702745
CT,AC,8,0.125,0.010650375,20.5044375,0.27465307216702745
CT,HL,8,0.125,0.066948,19.631275,0.27465307216702745
GC,CC,8,0.125,0.0105835,20.68615,0.27465307216702745
TA,LC,8,0.125,0.0112705,21.3975,0.27465307216702745
TA,VH,8,0.125,0.010522875,20.4704,0.27465307216702745
TC,EY,8,0.125,0.01608625,20.6638875,0.27465307216702745
TG,GC,8,0.125,0.0235795,21.108125,0.27465307216702745
CC,LH,41,0.07317073170731707,0.01727741463414634,19.089760975609757,0.27348802085000257
TG,LE,81,0.06172839506172839,0.008410432098765432,21.57884938271605,0.2720197066212502
CC,GD,42,0.07142857142857142,0.017814999999999998,21.436845238095238,0.2686571511209687
AA,II,24,0.08333333333333333,0.009392791666666666,22.21077916666667,0.26823965207235
AC,PF,24,0.08333333333333333,0.008817708333333334,21.425216666666667,0.26823965207235
CG,NP,24,0.08333333333333333,0.011211708333333334,19.320454166666668,0.26823965207235
TC,EA,24,0.08333333333333333,0.01741733333333333,21.468175000000002,0.26823965207235
CG,AD,43,0.06976744186046512,0.01665072093023256,20.34757906976744,0.26401323027336704
GA,LW,25,0.08,0.03560508,24.122615999999997,0.26064772304171857
GT,EA,25,0.08,0.010916559999999999,20.057072,0.26064772304171857
CC,EM,44,0.06818181818181818,0.03188395454545454,22.20388181818182,0.2595451697570672
TG,TW,65,0.06153846153846154,0.012394723076923077,22.757647692307692,0.25782490720162615
AA,AY,9,0.1111111111111111,0.012538333333333334,20.15538888888889,0.2558427881104495
AC,HS,9,0.1111111111111111,0.016386555555555557,20.646333333333335,0.2558427881104495
AG,PN,9,0.1111111111111111,0.01705688888888889,21.89191111111111,0.2558427881104495
AT,PP,9,0.1111111111111111,0.023506333333333334,21.85956666666667,0.2558427881104495
CT,CQ,9,0.1111111111111111,0.010415222222222222,23.133888888888887,0.2558427881104495
CT,GD,9,0.1111111111111111,0.013480777777777779,21.378722222222223,0.2558427881104495
CT,HG,9,0.1111111111111111,0.07605633333333334,19.477033333333335,0.2558427881104495
GA,DW,9,0.1111111111111111,0.03296988888888889,22.375355555555554,0.2558427881104495
GA,HR,9,0.1111111111111111,0.012437333333333333,19.417777777777776,0.2558427881104495
GA,WQ,9,0.1111111111111111,0.009753777777777778,21.75008888888889,0.2558427881104495
GC,NY,9,0.1111111111111111,0.018097666666666665,17.76968888888889,0.2558427881104495
TA,FY,9,0.1111111111111111,0.011484555555555555,20.652566666666665,0.2558427881104495
TA,MT,9,0.1111111111111111,0.02710133333333333,19.077022222222222,0.2558427881104495
TG,SC,9,0.1111111111111111,0.012634111111111112,22.219933333333334,0.2558427881104495
CC,WY,26,0.07692307692307693,0.011754615384615384,21.93714230769231,0.25352591276956377
CC,LI,89,0.056179775280898875,0.010936573033707864,20.33886404494382,0.25279829608596993
CC,QH,46,0.06521739130434782,0.015281326086956523,23.756108695652173,0.2510965827202212
GG,ED,46,0.06521739130434782,0.011488478260869565,22.319652173913042,0.2510965827202212
GG,PW,46,0.06521739130434782,0.007657869565217391,20.06794347826087,0.2510965827202212
GG,AF,115,0.05217391304347826,0.004657426086956521,22.436991304347824,0.24801340127511465
AA,GG,27,0.07407407407407407,0.022834888888888887,22.639114814814814,0.24682996371668176
CT,EQ,27,0.07407407407407407,0.017456407407407407,19.722185185185186,0.24682996371668176
GG,GC,27,0.07407407407407407,0.016718962962962963,24.094581481481484,0.24682996371668176
GG,HR,27,0.07407407407407407,0.03443685185185185,20.50291851851852,0.24682996371668176
TC,II,27,0.07407407407407407,0.008700444444444445,20.151933333333336,0.24682996371668176
AA,AF,28,0.07142857142857142,0.006353035714285715,20.71279642857143,0.24052113071331957
GA,TQ,28,0.07142857142857142,0.03870464285714286,19.346071428571427,0.24052113071331957
TG,TY,28,0.07142857142857142,0.014312821428571428,21.292178571428572,0.24052113071331957
TT,WW,28,0.07142857142857142,0.01328717857142857,19.816507142857144,0.24052113071331957
AT,DE,10,0.1,0.014935799999999999,19.291410000000003,0.23978952727983707
CA,WY,10,0.1,0.0086045,22.68888,0.23978952727983707
CC,QT,10,0.1,0.0757883,19.03691,0.23978952727983707
CG,CP,10,0.1,0.015071999999999999,23.61011,0.23978952727983707
CG,HI,10,0.1,0.027479399999999998,22.06033,0.23978952727983707
CG,SH,10,0.1,0.0171051,18.77691,0.23978952727983707
GC,PW,10,0.1,0.0189088,21.548949999999998,0.23978952727983707
GG,HA,10,0.1,0.0083159,22.51531,0.23978952727983707
TT,DE,10,0.1,0.027425899999999996,19.18253,0.23978952727983707
TT,WM,10,0.1,0.0101987,22.11672,0.23978952727983707
CC,YY,49,0.061224489795918366,0.020894367346938773,19.23014693877551,0.2395116125772334
GG,LI,121,0.049586776859504134,0.01090305785123967,21.71822314049587,0.23821591957354993
AG,GN,29,0.06896551724137931,0.02166641379310345,21.36207931034483,0.23456533666635554
CA,TV,29,0.06896551724137931,0.008852586206896551,22.63958275862069,0.23456533666635554
AA,WT,30,0.06666666666666667,0.053455499999999996,20.674156666666665,0.22893248029900976
AG,AI,30,0.06666666666666667,0.008075166666666666,19.249246666666668,0.22893248029900976
CT,WI,30,0.06666666666666667,0.005675466666666667,20.696450000000002,0.22893248029900976
GT,WT,30,0.06666666666666667,0.03511543333333333,22.545763333333333,0.22893248029900976
TT,PD,30,0.06666666666666667,0.022861899999999998,19.641493333333333,0.22893248029900976
AA,NV,11,0.09090909090909091,0.018430454545454545,25.242445454545454,0.22590060452618185
AA,TQ,11,0.09090909090909091,0.007844272727272728,20.357263636363637,0.22590060452618185
AG,CF,11,0.09090909090909091,0.02001318181818182,21.887490909090907,0.22590060452618185
CC,HI,11,0.09090909090909091,0.007698,22.278427272727274,0.22590060452618185
CT,VH,11,0.09090909090909091,0.009066363636363636,18.679599999999997,0.22590060452618185
GC,VC,11,0.09090909090909091,0.01853209090909091,22.194990909090908,0.22590060452618185
TA,YE,11,0.09090909090909091,0.02226590909090909,19.85371818181818,0.22590060452618185
TC,PF,11,0.09090909090909091,0.013518909090909092,22.787845454545455,0.22590060452618185
TC,WG,11,0.09090909090909091,0.013729909090909091,23.560972727272727,0.22590060452618185
TT,NG,11,0.09090909090909091,0.023951272727272724,21.6376,0.22590060452618185
CG,PS,31,0.06451612903225806,0.028222451612903227,22.52503548387097,0.22359586469675655
GC,TY,31,0.06451612903225806,0.008725548387096774,21.905393548387096,0.22359586469675655
GA,YQ,55,0.05454545454545454,0.010676345454545455,21.74955818181818,0.2195646376764627
GA,WT,32,0.0625,0.00585259375,21.0132,0.21853172259165501
GT,CG,32,0.0625,0.013729343750000001,20.5482,0.21853172259165501
AC,IW,12,0.08333333333333333,0.012832583333333333,23.46975833333333,0.21374577978846138
CA,AP,12,0.08333333333333333,0.014206749999999999,23.376683333333332,0.21374577978846138
GG,MV,12,0.08333333333333333,0.006960166666666667,22.12245833333333,0.21374577978846138
TC,FL,12,0.08333333333333333,0.0140855,20.185016666666666,0.21374577978846138
TC,ND,12,0.08333333333333333,0.04010025,18.926891666666666,0.21374577978846138
TC,SW,12,0.08333333333333333,0.01611275,17.773125,0.21374577978846138
AG,SD,33,0.06060606060606061,0.0390339393939394,21.590660606060606,0.21371881967370676
CG,ND,33,0.06060606060606061,0.019690515151515153,19.384836363636364,0.21371881967370676
CG,NQ,33,0.06060606060606061,0.00534939393939394,18.59802424242424,0.21371881967370676
CG,WV,33,0.06060606060606061,0.030562393939393938,22.31420303030303,0.21371881967370676
CG,TT,34,0.058823529411764705,0.0108035,19.96689411764706,0.20913812126408315
GG,FW,35,0.05714285714285714,0.03121871428571429,18.890362857142858,0.20477251076892056
GG,NV,35,0.05714285714285714,0.008603942857142858,22.68184857142857,0.20477251076892056
AA,GM,13,0.07692307692307693,0.018212,18.292538461538463,0.2030044099704045
AA,VY,13,0.07692307692307693,0.00666,20.022553846153848,0.2030044099704045
AA,YE,13,0.07692307692307693,0.009599615384615385,21.7987,0.2030044099704045
AT,NV,13,0.07692307692307693,0.007919307692307693,23.375230769230768,0.2030044099704045
CA,TQ,13,0.07692307692307693,0.023820307692307693,23.520215384615387,0.2030044099704045
CC,IH,13,0.07692307692307693,0.011178923076923078,20.823746153846155,0.2030044099704045
CG,SF,13,0.07692307692307693,0.008730846153846155,21.83380769230769,0.2030044099704045
CG,WA,13,0.07692307692307693,0.012464692307692307,21.824015384615386,0.2030044099704045
GA,FP,13,0.07692307692307693,0.05648684615384615,22.25223846153846,0.2030044099704045
TA,GQ,13,0.07692307692307693,0.015136846153846155,20.287515384615386,0.2030044099704045
TA,RM,13,0.07692307692307693,0.006506692307692307,22.40210769230769,0.2030044099704045
TA,SW,13,0.07692307692307693,0.008568076923076923,21.01106153846154,0.2030044099704045
TC,YY,13,0.07692307692307693,0.008866384615384616,21.846153846153847,0.2030044099704045
GC,AD,36,0.05555555555555555,0.007345527777777777,22.673669444444446,0.2006065507024569
GC,GG,36,0.05555555555555555,0.016105583333333333,21.853783333333332,0.2006065507024569
GG,CE,36,0.05555555555555555,0.025429333333333335,23.188216666666666,0.2006065507024569
CC,NQ,37,0.05405405405405406,0.005252864864864865,21.603916216216216,0.19662627890412895
AG,WP,14,0.07142857142857142,0.03025692857142857,19.36162857142857,0.1934321572215864
CA,QM,14,0.07142857142857142,0.006047214285714286,21.054399999999998,0.1934321572215864
CT,MG,14,0.07142857142857142,0.012539785714285713,19.58865,0.1934321572215864
CT,YM,14,0.07142857142857142,0.010734214285714286,19.200557142857143,0.1934321572215864
GT,DE,14,0.07142857142857142,0.024212285714285714,19.96999285714286,0.1934321572215864
TC,EN,14,0.07142857142857142,0.018847857142857142,20.608028571428573,0.1934321572215864
TC,SI,14,0.07142857142857142,0.014590142857142857,22.65025,0.1934321572215864
CG,QI,65,0.046153846153846156,0.0172716,22.58661076923077,0.19336868040121963
GG,EY,38,0.05263157894736842,0.00572978947368421,23.739807894736842,0.1928190340068235
CC,NV,40,0.05,0.004706925,23.18107,0.1856786033352154
GC,GT,40,0.05,0.008601775,22.856645,0.1856786033352154
AG,LC,15,0.06666666666666667,0.0062878,22.170073333333335,0.18483924814931874
GA,FG,15,0.06666666666666667,0.010070466666666666,21.170813333333335,0.18483924814931874
GT,NV,15,0.06666666666666667,0.008377266666666666,23.226733333333335,0.18483924814931874
CC,HL,41,0.04878048780487805,0.013277951219512195,20.44879024390244,0.18232534723333504
TG,CL,41,0.04878048780487805,0.004307219512195122,23.07420243902439,0.18232534723333504
AA,LI,16,0.0625,0.005474875,22.7174375,0.1770758340035135
CC,CK,16,0.0625,0.0142440625,21.90426875,0.1770758340035135
GA,CL,16,0.0625,0.023926625,21.321375,0.1770758340035135
TT,TW,74,0.04054054054054054,0.009835027027027026,21.34014054054054,0.1750333019001207
AC,IP,45,0.044444444444444446,0.005315577777777778,22.56798,0.1701618398439598
AA,QV,17,0.058823529411764705,0.0049024117647058826,23.352888235294117,0.17002186811153908
CA,NI,17,0.058823529411764705,0.023120823529411767,21.680117647058825,0.17002186811153908
CG,SC,17,0.058823529411764705,0.0074686470588235295,22.880782352941175,0.17002186811153908
CT,WW,17,0.058823529411764705,0.014356176470588235,18.70840588235294,0.17002186811153908
GG,FK,112,0.03571428571428571,0.008844714285714286,22.14932142857143,0.16883527923972644
CG,QQ,18,0.05555555555555555,0.005874944444444444,19.671511111111112,0.16357994328702444
CT,DD,18,0.05555555555555555,0.008912666666666666,23.550644444444444,0.16357994328702444
GG,WQ,49,0.04081632653061224,0.005170387755102041,22.449067346938776,0.15967440838482228
TC,KF,20,0.05,0.03128575,23.755425,0.15222612188617116
GG,PV,214,0.028037383177570093,0.006043,21.83516028037383,0.15057863630264473
AA,IN,21,0.047619047619047616,0.004097047619047619,22.771919047619047,0.14719249777896742
CG,IW,21,0.047619047619047616,0.006395428571428572,23.29337142857143,0.14719249777896742
TC,PD,21,0.047619047619047616,0.013938190476190477,19.68970476190476,0.14719249777896742
GT,IP,22,0.045454545454545456,0.0042773636363636364,23.74938636363636,0.1425224643604159
CG,TV,23,0.043478260869565216,0.006112869565217391,23.223499999999998,0.13817625349338894
GC,CA,24,0.041666666666666664,0.005338708333333333,22.71387916666667,0.134119826036175
CC,PF,106,0.02830188679245283,0.0071317169811320755,21.359267924528304,0.13224987267345018
AA,MD,25,0.04,0.005986320000000001,19.730228,0.13032386152085929
GC,YY,25,0.04,0.0033122800000000003,23.331956,0.13032386152085929
TA,ED,25,0.04,0.004505680000000001,22.280276,0.13032386152085929
TC,YQ,26,0.038461538461538464,0.0038323461538461536,22.15108461538462,0.12676295638478188
CG,EN,27,0.037037037037037035,0.003181888888888889,24.922014814814816,0.12341498185834088
CG,WG,27,0.037037037037037035,0.010795814814814815,22.28575925925926,0.12341498185834088
TT,VH,28,0.03571428571428571,0.007751,22.329610714285714,0.12026056535665978
CC,EE,73,0.0273972602739726,0.008110191780821919,22.436071232876714,0.11791959159463479
AG,TQ,29,0.034482758620689655,0.010678068965517241,20.595417241379312,0.11728266833317777
GG,VH,30,0.03333333333333333,0.010186599999999999,20.847263333333334,0.11446624014950488
GC,PS,31,0.03225806451612903,0.008638129032258066,21.80951935483871,0.11179793234837827
AC,TV,32,0.03125,0.00494665625,21.577215625,0.10926586129582751
CA,IP,32,0.03125,0.00289203125,21.728425,0.10926586129582751
GA,TY,32,0.03125,0.01512703125,21.649471875,0.10926586129582751
GC,TF,32,0.03125,0.01242803125,21.580790625,0.10926586129582751
TG,QD,32,0.03125,0.00626275,22.94875,0.10926586129582751
AC,WT,33,0.030303030303030304,0.0031752727272727275,20.370572727272727,0.10685940983685338
GT,AF,35,0.02857142857142857,0.0030546285714285713,21.919622857142855,0.10238625538446028
GC,EE,36,0.027777777777777776,0.012745666666666666,23.17731666666667,0.10030327535122845
GG,GN,36,0.027777777777777776,0.009434388888888888,21.836419444444445,0.10030327535122845
GG,LM,36,0.027777777777777776,0.002284888888888889,23.65081111111111,0.10030327535122845
GC,EA,38,0.02631578947368421,0.0026360263157894736,20.820605263157894,0.09640951700341174
CC,HQ,39,0.02564102564102564,0.002339076923076923,21.792997435897437,0.0945866526695881
GT,GN,41,0.024390243902439025,0.003549170731707317,21.873990243902437,0.09116267361666752
CC,SW,45,0.022222222222222223,0.01738313333333333,21.237751111111113,0.0850809199219799
CC,IC,47,0.02127659574468085,0.0021907659574468084,22.45491276595745,0.08236597895548704
CG,WT,51,0.0196078431372549,0.003386078431372549,20.73645294117647,0.07747536703100838
GG,GP,130,0.015384615384615385,0.003798646153846154,22.555506923076923,0.07500303574155617
GG,KF,55,0.01818181818181818,0.002888309090909091,23.318274545454546,0.0731882125588209
GG,CL,56,0.017857142857142856,0.003460875,23.256260714285713,0.07219734406847411
GG,TW,139,0.014388489208633094,0.001869323741007194,24.228202877697843,0.07110276867063747
TT,WT,59,0.01694915254237288,0.002083813559322034,23.20087627118644,0.0693956705461373
GG,EA,110,0.00909090909090909,0.0012155363636363636,19.63903636363636,0.042813910921021214
GC,TW,57,0.0,0.0,21.38626842105263,0.0
GG,WP,56,0.0,0.0,20.054341071428574,0.0
CC,VH,55,0.0,0.0,20.653019999999998,0.0
GG,HT,53,0.0,0.0,22.639388679245283,0.0
CG,YL,51,0.0,0.0,23.83609803921569,0.0
CT,TW,48,0.0,0.0,19.751618750000002,0.0
TG,WT,48,0.0,0.0,24.873470833333332,0.0
AA,QY,45,0.0,0.0,23.501166666666666,0.0
GG,IC,37,0.0,0.0,24.1614972972973,0.0
GG,WW,35,0.0,0.0,24.786060000000003,0.0
AA,TW,31,0.0,0.0,22.712474193548385,0.0
CA,WT,29,0.0,0.0,20.6616,0.0
GC,YL,29,0.0,0.0,21.769717241379308,0.0
TC,TW,28,0.0,0.0,23.013935714285715,0.0
CG,AW,27,0.0,0.0,24.025070370370372,0.0
CG,CA,27,0.0,0.0,21.000355555555554,0.0
AG,TW,25,0.0,0.0,24.109360000000002,0.0
TG,LW,25,0.0,0.0,24.142888,0.0
TT,QD,25,0.0,0.0,22.476476,0.0
CG,GM,24,0.0,0.0,22.952925000000004,0.0
GG,HC,23,0.0,0.0,22.861939130434784,0.0
GC,WW,22,0.0,0.0,20.387095454545456,0.0
AA,AT,20,0.0,0.0,23.040515,0.0
AA,LW,20,0.0,0.0,26.68757,0.0
CA,TW,20,0.0,0.0,18.287010000000002,0.0
GC,WY,20,0.0,0.0,20.69955,0.0
CG,LW,19,0.0,0.0,22.550015789473687,0.0
GG,AW,19,0.0,0.0,23.546305263157894,0.0
CG,PF,18,0.0,0.0,22.78183888888889,0.0
AA,WQ,17,0.0,0.0,21.408370588235293,0.0
AC,FE,17,0.0,0.0,20.32744705882353,0.0
AG,ML,17,0.0,0.0,23.969629411764707,0.0
GC,FG,17,0.0,0.0,22.679117647058824,0.0
TC,NQ,17,0.0,0.0,19.43818823529412,0.0
TG,WW,17,0.0,0.0,20.893817647058825,0.0
AG,MT,16,0.0,0.0,24.68743125,0.0
CA,QW,16,0.0,0.0,19.9827375,0.0
CT,YY,16,0.0,0.0,23.65895,0.0
TG,DE,15,0.0,0.0,24.966060000000002,0.0
TG,HC,15,0.0,0.0,22.688553333333335,0.0
AA,GW,14,0.0,0.0,20.68347857142857,0.0
AG,WQ,14,0.0,0.0,22.146828571428568,0.0
AG,WW,14,0.0,0.0,24.891414285714287,0.0
CA,MT,14,0.0,0.0,21.814257142857144,0.0
CG,YC,14,0.0,0.0,22.829364285714288,0.0
CT,PD,14,0.0,0.0,17.6326,0.0
GC,YC,14,0.0,0.0,23.87202857142857,0.0
TG,AW,14,0.0,0.0,19.54622142857143,0.0
AC,WA,13,0.0,0.0,24.443361538461538,0.0
AG,NC,13,0.0,0.0,21.864253846153847,0.0
CA,WP,13,0.0,0.0,23.097323076923075,0.0
CG,WW,13,0.0,0.0,23.351453846153845,0.0
GA,NG,13,0.0,0.0,21.89875384615385,0.0
GC,HW,13,0.0,0.0,20.10206923076923,0.0
AA,HT,12,0.0,0.0,22.119533333333333,0.0
AA,ML,12,0.0,0.0,24.479133333333333,0.0
AA,WW,12,0.0,0.0,21.79194166666667,0.0
AA,YM,12,0.0,0.0,22.151600000000002,0.0
AG,YM,12,0.0,0.0,18.937875000000002,0.0
CT,GW,12,0.0,0.0,25.522316666666665,0.0
CT,SW,12,0.0,0.0,22.548983333333336,0.0
CT,WK,12,0.0,0.0,22.608208333333334,0.0
GC,CQ,12,0.0,0.0,23.366466666666668,0.0
GT,WK,12,0.0,0.0,23.891116666666665,0.0
AA,NG,11,0.0,0.0,22.37588181818182,0.0
CA,LW,11,0.0,0.0,19.379836363636365,0.0
CA,YC,11,0.0,0.0,21.777045454545455,0.0
CG,VM,11,0.0,0.0,22.4058,0.0
TC,LW,11,0.0,0.0,24.82199090909091,0.0
TC,YE,11,0.0,0.0,23.458118181818183,0.0
TT,FC,11,0.0,0.0,25.542190909090905,0.0
TT,HC,11,0.0,0.0,21.504427272727273,0.0
AA,WA,10,0.0,0.0,18.037209999999998,0.0
AA,WM,10,0.0,0.0,22.24776,0.0
AC,HI,10,0.0,0.0,24.4262,0.0
AC,LC,10,0.0,0.0,23.93167,0.0
AC,PW,10,0.0,0.0,20.61598,0.0
AG,HQ,10,0.0,0.0,22.07739,0.0
AG,HT,10,0.0,0.0,20.65581,0.0
CT,FW,10,0.0,0.0,21.7999,0.0
CT,WP,10,0.0,0.0,24.64821,0.0
GC,SW,10,0.0,0.0,25.20582,0.0
GG,FP,10,0.0,0.0,20.445870000000003,0.0
GG,WD,10,0.0,0.0,24.95392,0.0
GT,FW,10,0.0,0.0,22.07731,0.0
GT,LW,10,0.0,0.0,25.11578,0.0
GT,WW,10,0.0,0.0,22.80836,0.0
TC,WQ,10,0.0,0.0,19.53655,0.0
TC,WW,10,0.0,0.0,23.145249999999997,0.0
TC,YW,10,0.0,0.0,21.56999,0.0
TT,CG,10,0.0,0.0,19.37801,0.0
AA,MN,9,0.0,0.0,21.92073333333333,0.0
AA,VH,9,0.0,0.0,22.527555555555555,0.0
AA,VM,9,0.0,0.0,23.196111111111108,0.0
AC,VM,9,0.0,0.0,21.568477777777776,0.0
AT,HT,9,0.0,0.0,21.380733333333335,0.0
CA,MN,9,0.0,0.0,23.0521,0.0
CA,PW,9,0.0,0.0,23.310933333333335,0.0
CC,QM,9,0.0,0.0,23.15161111111111,0.0
CG,MI,9,0.0,0.0,25.6638,0.0
GA,FI,9,0.0,0.0,24.015977777777778,0.0
GA,HT,9,0.0,0.0,25.003788888888888,0.0
GA,YC,9,0.0,0.0,19.629744444444444,0.0
GC,CT,9,0.0,0.0,20.410155555555555,0.0
GC,CY,9,0.0,0.0,19.480466666666665,0.0
GC,HK,9,0.0,0.0,18.100844444444444,0.0
GT,NC,9,0.0,0.0,24.830144444444443,0.0
TA,HQ,9,0.0,0.0,20.1665,0.0
TC,GN,9,0.0,0.0,24.574422222222225,0.0
TC,HQ,9,0.0,0.0,21.743433333333332,0.0
TG,FW,9,0.0,0.0,22.653144444444443,0.0
TG,WD,9,0.0,0.0,23.776933333333332,0.0
TT,FW,9,0.0,0.0,21.22084444444444,0.0
AA,GC,8,0.0,0.0,22.7691625,0.0
AA,LC,8,0.0,0.0,20.133525,0.0
AC,CV,8,0.0,0.0,20.695825,0.0
AG,CN,8,0.0,0.0,24.5997375,0.0
AG,LW,8,0.0,0.0,24.554425000000002,0.0
AT,IT,8,0.0,0.0,23.534375,0.0
CT,DY,8,0.0,0.0,22.68555,0.0
CT,SC,8,0.0,0.0,22.7256625,0.0
CT,WM,8,0.0,0.0,20.255775,0.0
GA,CN,8,0.0,0.0,20.99345,0.0
GC,QM,8,0.0,0.0,23.18495,0.0
GT,CS,8,0.0,0.0,23.56385,0.0
TA,NV,8,0.0,0.0,24.2884375,0.0
AA,PM,7,0.0,0.0,22.75274285714286,0.0
AT,EH,7,0.0,0.0,21.685585714285715,0.0
CC,CP,7,0.0,0.0,25.638728571428572,0.0
CG,IC,7,0.0,0.0,22.357985714285714,0.0
CG,PW,7,0.0,0.0,21.829714285714285,0.0
GA,EH,7,0.0,0.0,23.381157142857145,0.0
GC,EC,7,0.0,0.0,19.595357142857146,0.0
GC,GH,7,0.0,0.0,21.63095714285714,0.0
GG,MQ,7,0.0,0.0,21.727342857142855,0.0
GT,CP,7,0.0,0.0,23.049157142857144,0.0
GT,HF,7,0.0,0.0,25.2594,0.0
TA,GA,7,0.0,0.0,22.885314285714287,0.0
TA,GN,7,0.0,0.0,24.09874285714286,0.0
AA,AC,6,0.0,0.0,21.151816666666665,0.0
AA,HC,6,0.0,0.0,21.514116666666666,0.0
AA,NH,6,0.0,0.0,26.398766666666663,0.0
AA,PW,6,0.0,0.0,20.763616666666667,0.0
AA,QH,6,0.0,0.0,23.01885,0.0
AC,LW,6,0.0,0.0,19.610566666666667,0.0
AC,MV,6,0.0,0.0,20.888466666666666,0.0
AC,VH,6,0.0,0.0,22.630266666666667,0.0
AG,KM,6,0.0,0.0,23.21088333333333,0.0
AG,WM,6,0.0,0.0,20.195633333333333,0.0
AT,PF,6,0.0,0.0,24.26705,0.0
CA,FL,6,0.0,0.0,22.284316666666665,0.0
CA,FM,6,0.0,0.0,20.860566666666667,0.0
CA,ML,6,0.0,0.0,22.053066666666666,0.0
CA,WA,6,0.0,0.0,17.213533333333334,0.0
CC,MV,6,0.0,0.0,22.639666666666667,0.0
CG,CQ,6,0.0,0.0,21.2458,0.0
CT,CG,6,0.0,0.0,20.302716666666665,0.0
CT,MQ,6,0.0,0.0,20.463333333333335,0.0
GA,DC,6,0.0,0.0,23.457083333333333,0.0
GA,WW,6,0.0,0.0,19.577066666666667,0.0
GC,IC,6,0.0,0.0,22.55055,0.0
GC,PC,6,0.0,0.0,21.636116666666666,0.0
GG,CV,6,0.0,0.0,24.157583333333335,0.0
TA,DQ,6,0.0,0.0,19.8293,0.0
TA,PM,6,0.0,0.0,23.29315,0.0
TC,CP,6,0.0,0.0,21.890316666666667,0.0
TC,CT,6,0.0,0.0,23.879383333333333,0.0
TT,DH,6,0.0,0.0,21.52015,0.0
TT,HA,6,0.0,0.0,20.711966666666665,0.0
AA,CG,5,0.0,0.0,21.56532,0.0
AC,CG,5,0.0,0.0,22.8444,0.0
AC,MI,5,0.0,0.0,23.659219999999998,0.0
AG,CD,5,0.0,0.0,24.749100000000002,0.0
AT,AH,5,0.0,0.0,22.164740000000002,0.0
AT,NG,5,0.0,0.0,23.2001,0.0
AT,SH,5,0.0,0.0,24.18322,0.0
AT,VC,5,0.0,0.0,25.53106,0.0
AT,WG,5,0.0,0.0,21.96458,0.0
CA,CP,5,0.0,0.0,23.406460000000003,0.0
CC,CE,5,0.0,0.0,24.66288,0.0
CC,HS,5,0.0,0.0,22.552960000000002,0.0
CC,SH,5,0.0,0.0,21.68178,0.0
CC,VC,5,0.0,0.0,20.44322,0.0
CC,YC,5,0.0,0.0,25.82632,0.0
CT,DH,5,0.0,0.0,21.6631,0.0
CT,PW,5,0.0,0.0,23.964940000000002,0.0
GA,VH,5,0.0,0.0,23.1978,0.0
GC,CP,5,0.0,0.0,22.09164,0.0
GC,CV,5,0.0,0.0,23.43416,0.0
GG,CP,5,0.0,0.0,22.9616,0.0
GG,DC,5,0.0,0.0,22.924860000000002,0.0
GT,DM,5,0.0,0.0,23.52254,0.0
TA,CG,5,0.0,0.0,19.395319999999998,0.0
TA,CS,5,0.0,0.0,24.60146,0.0
TA,DH,5,0.0,0.0,24.3191,0.0
TA,DM,5,0.0,0.0,21.14754,0.0
TA,DY,5,0.0,0.0,18.83864,0.0
TA,WA,5,0.0,0.0,19.90296,0.0
TC,DW,5,0.0,0.0,19.28408,0.0
TC,MQ,5,0.0,0.0,22.70648,0.0
TC,NW,5,0.0,0.0,21.2231,0.0
TG,CP,5,0.0,0.0,23.117259999999998,0.0
TG,DH,5,0.0,0.0,24.3879,0.0
TG,MN,5,0.0,0.0,22.628800000000002,0.0
TT,WD,5,0.0,0.0,21.53542,0.0
AA,EH,4,0.0,0.0,24.22435,0.0
AA,MV,4,0.0,0.0,19.149675000000002,0.0
AC,PM,4,0.0,0.0,17.76065,0.0
AC,WD,4,0.0,0.0,25.6461,0.0
AC,WF,4,0.0,0.0,22.851475,0.0
AG,CV,4,0.0,0.0,20.909599999999998,0.0
AG,PC,4,0.0,0.0,21.1296,0.0
AT,LW,4,0.0,0.0,23.5302,0.0
CA,CC,4,0.0,0.0,22.4752,0.0
CA,DC,4,0.0,0.0,21.089225,0.0
CA,SW,4,0.0,0.0,23.125875,0.0
CC,DQ,4,0.0,0.0,21.228175,0.0
CC,QF,4,0.0,0.0,21.56165,0.0
CC,QQ,4,0.0,0.0,21.19425,0.0
CC,WF,4,0.0,0.0,21.030575,0.0
CG,CL,4,0.0,0.0,20.141975000000002,0.0
CG,HC,4,0.0,0.0,21.007550000000002,0.0
CG,HE,4,0.0,0.0,23.9451,0.0
CG,MT,4,0.0,0.0,20.700525,0.0
CT,DC,4,0.0,0.0,24.6286,0.0
GA,MM,4,0.0,0.0,25.3641,0.0
GA,PW,4,0.0,0.0,22.58705,0.0
GA,YH,4,0.0,0.0,20.83435,0.0
GC,DQ,4,0.0,0.0,22.1032,0.0
GC,QQ,4,0.0,0.0,22.436675,0.0
GC,RC,4,0.0,0.0,21.11685,0.0
GT,CI,4,0.0,0.0,19.819200000000002,0.0
TA,FF,4,0.0,0.0,25.29055,0.0
TA,HT,4,0.0,0.0,24.8448,0.0
TA,IC,4,0.0,0.0,25.938025,0.0
TA,NQ,4,0.0,0.0,24.132350000000002,0.0
TA,PN,4,0.0,0.0,20.81135,0.0
TA,SC,4,0.0,0.0,19.346725,0.0
TC,HF,4,0.0,0.0,19.904025,0.0
TC,LC,4,0.0,0.0,23.578175,0.0
TC,MN,4,0.0,0.0,23.587075,0.0
TC,SH,4,0.0,0.0,24.2328,0.0
TG,EH,4,0.0,0.0,24.89495,0.0
TG,NC,4,0.0,0.0,22.76535,0.0
TT,CS,4,0.0,0.0,21.965875,0.0
TT,HF,4,0.0,0.0,23.444375,0.0
AA,CC,3,0.0,0.0,21.106866666666665,0.0
AA,CI,3,0.0,0.0,19.820533333333334,0.0
AA,MH,3,0.0,0.0,23.902600000000003,0.0
AA,MS,3,0.0,0.0,23.483366666666665,0.0
AA,WD,3,0.0,0.0,24.4472,0.0
AC,IC,3,0.0,0.0,21.674899999999997,0.0
AC,IM,3,0.0,0.0,21.4195,0.0
AG,CW,3,0.0,0.0,25.392,0.0
AG,DC,3,0.0,0.0,22.138099999999998,0.0
AG,HH,3,0.0,0.0,25.54863333333333,0.0
AT,CP,3,0.0,0.0,23.020166666666665,0.0
AT,CV,3,0.0,0.0,18.87046666666667,0.0
AT,DH,3,0.0,0.0,22.538833333333333,0.0
AT,HQ,3,0.0,0.0,24.615399999999998,0.0
AT,IC,3,0.0,0.0,22.204966666666667,0.0
AT,MN,3,0.0,0.0,18.082266666666666,0.0
AT,NQ,3,0.0,0.0,23.219533333333334,0.0
AT,PW,3,0.0,0.0,20.409266666666667,0.0
AT,QM,3,0.0,0.0,24.0371,0.0
AT,WA,3,0.0,0.0,23.000799999999998,0.0
CA,CV,3,0.0,0.0,23.827066666666667,0.0
CA,FW,3,0.0,0.0,27.44083333333333,0.0
CA,VW,3,0.0,0.0,22.596866666666667,0.0
CC,CR,3,0.0,0.0,21.153166666666667,0.0
CC,GC,3,0.0,0.0,23.011533333333333,0.0
CC,HD,3,0.0,0.0,21.31996666666667,0.0
CC,MN,3,0.0,0.0,23.249066666666668,0.0
CC,YH,3,0.0,0.0,22.355666666666668,0.0
CG,EH,3,0.0,0.0,22.319366666666667,0.0
CG,MQ,3,0.0,0.0,21.925600000000003,0.0
CG,MY,3,0.0,0.0,24.8113,0.0
CT,DW,3,0.0,0.0,19.365166666666667,0.0
CT,LC,3,0.0,0.0,23.2727,0.0
CT,PM,3,0.0,0.0,20.8921,0.0
CT,WD,3,0.0,0.0,25.586533333333335,0.0
CT,WH,3,0.0,0.0,19.05,0.0
CT,YH,3,0.0,0.0,24.5665,0.0
GA,HE,3,0.0,0.0,21.304833333333335,0.0
GA,HH,3,0.0,0.0,22.576233333333334,0.0
GA,PC,3,0.0,0.0,21.875533333333333,0.0
GA,PM,3,0.0,0.0,21.990233333333332,0.0
GC,DH,3,0.0,0.0,22.041533333333334,0.0
GC,EH,3,0.0,0.0,24.529133333333334,0.0
GC,FN,3,0.0,0.0,20.642866666666666,0.0
GC,HG,3,0.0,0.0,21.799366666666668,0.0
GC,HI,3,0.0,0.0,22.5604,0.0
GC,WD,3,0.0,0.0,24.0671,0.0
GG,CM,3,0.0,0.0,24.02146666666667,0.0
GG,EH,3,0.0,0.0,22.9542,0.0
GG,NH,3,0.0,0.0,23.8948,0.0
GT,MQ,3,0.0,0.0,22.860233333333337,0.0
GT,PM,3,0.0,0.0,21.927766666666667,0.0
TA,HS,3,0.0,0.0,21.16626666666667,0.0
TA,LW,3,0.0,0.0,18.611500000000003,0.0
TC,CY,3,0.0,0.0,24.86553333333333,0.0
TC,DC,3,0.0,0.0,24.545599999999997,0.0
TC,HC,3,0.0,0.0,25.778966666666665,0.0
TC,MY,3,0.0,0.0,24.890200000000004,0.0
TC,NC,3,0.0,0.0,20.429566666666666,0.0
TC,PW,3,0.0,0.0,18.595699999999997,0.0
TG,HF,3,0.0,0.0,23.155633333333338,0.0
TG,HQ,3,0.0,0.0,20.907366666666665,0.0
TG,QH,3,0.0,0.0,24.620633333333334,0.0
TG,WA,3,0.0,0.0,17.4823,0.0
TT,CQ,3,0.0,0.0,25.024866666666668,0.0
TT,EC,3,0.0,0.0,19.8908,0.0
TT,QQ,3,0.0,0.0,26.463166666666666,0.0
AA,CV,2,0.0,0.0,24.92665,0.0
AA,RC,2,0.0,0.0,18.8673,0.0
AC,DW,2,0.0,0.0,23.50515,0.0
AG,EH,2,0.0,0.0,21.50195,0.0
AG,QC,2,0.0,0.0,22.85595,0.0
AG,WC,2,0.0,0.0,27.301650000000002,0.0
AG,WD,2,0.0,0.0,26.3917,0.0
AT,CQ,2,0.0,0.0,21.4756,0.0
AT,DY,2,0.0,0.0,23.287599999999998,0.0
AT,NC,2,0.0,0.0,25.8285,0.0
AT,TW,2,0.0,0.0,23.573900000000002,0.0
AT,WL,2,0.0,0.0,22.04755,0.0
AT,WM,2,0.0,0.0,21.665599999999998,0.0
AT,WQ,2,0.0,0.0,22.137050000000002,0.0
CA,HF,2,0.0,0.0,22.254350000000002,0.0
CA,VC,2,0.0,0.0,21.38945,0.0
CA,WD,2,0.0,0.0,25.500999999999998,0.0
CC,CC,2,0.0,0.0,18.542099999999998,0.0
CC,CV,2,0.0,0.0,20.6522,0.0
CC,DC,2,0.0,0.0,21.5071,0.0
CG,DC,2,0.0,0.0,22.90955,0.0
CG,HK,2,0.0,0.0,24.01065,0.0
CG,IM,2,0.0,0.0,18.09015,0.0
CG,RC,2,0.0,0.0,23.6586,0.0
CG,WD,2,0.0,0.0,24.31485,0.0
CT,CC,2,0.0,0.0,23.2697,0.0
CT,CY,2,0.0,0.0,21.10475,0.0
CT,EH,2,0.0,0.0,22.01195,0.0
CT,HF,2,0.0,0.0,23.7428,0.0
CT,HQ,2,0.0,0.0,20.79465,0.0
CT,MM,2,0.0,0.0,26.11945,0.0
CT,NV,2,0.0,0.0,24.14495,0.0
GA,CV,2,0.0,0.0,22.0249,0.0
GC,CW,2,0.0,0.0,25.7192,0.0
GC,WH,2,0.0,0.0,23.4178,0.0
GG,HF,2,0.0,0.0,22.87975,0.0
GG,WS,2,0.0,0.0,23.394550000000002,0.0
GT,EH,2,0.0,0.0,23.5942,0.0
GT,HM,2,0.0,0.0,22.2158,0.0
GT,HN,2,0.0,0.0,17.3637,0.0
GT,HQ,2,0.0,0.0,19.46535,0.0
GT,MY,2,0.0,0.0,24.795,0.0
GT,WS,2,0.0,0.0,20.99855,0.0
GT,YH,2,0.0,0.0,18.43325,0.0
TA,CD,2,0.0,0.0,24.910899999999998,0.0
TA,CQ,2,0.0,0.0,23.13825,0.0
TA,EC,2,0.0,0.0,20.290300000000002,0.0
TA,HH,2,0.0,0.0,20.8833,0.0
TA,WQ,2,0.0,0.0,20.490000000000002,0.0
TC,HD,2,0.0,0.0,19.5034,0.0
TC,HH,2,0.0,0.0,23.7967,0.0
TC,VC,2,0.0,0.0,21.62895,0.0
TC,WS,2,0.0,0.0,22.62025,0.0
TC,YH,2,0.0,0.0,24.3508,0.0
TT,DC,2,0.0,0.0,24.9194,0.0
TT,HD,2,0.0,0.0,20.825400000000002,0.0
TT,HE,2,0.0,0.0,20.766350000000003,0.0
TT,HH,2,0.0,0.0,24.74895,0.0
TT,HQ,2,0.0,0.0,21.49745,0.0
TT,ME,2,0.0,0.0,21.375349999999997,0.0
TT,NC,2,0.0,0.0,24.41855,0.0
TT,QH,2,0.0,0.0,25.83765,0.0
TT,WS,2,0.0,0.0,24.38525,0.0
AA,AM,1,0.0,0.0,27.3494,0.0
AA,HQ,1,0.0,0.0,25.636,0.0
AA,MA,1,0.0,0.0,26.7661,0.0
AA,MM,1,0.0,0.0,24.6328,0.0
AA,QC,1,0.0,0.0,25.0513,0.0
AA,WL,1,0.0,0.0,21.1933,0.0
AC,HF,1,0.0,0.0,20.4399,0.0
AC,MM,1,0.0,0.0,25.7862,0.0
AG,CM,1,0.0,0.0,26.8527,0.0
AG,CT,1,0.0,0.0,17.4432,0.0
AG,MC,1,0.0,0.0,27.7467,0.0
AG,MM,1,0.0,0.0,24.6328,0.0
AG,MQ,1,0.0,0.0,21.839,0.0
AG,WA,1,0.0,0.0,19.2634,0.0
AT,CD,1,0.0,0.0,21.6095,0.0
AT,CM,1,0.0,0.0,26.5148,0.0
AT,CR,1,0.0,0.0,22.8006,0.0
AT,DQ,1,0.0,0.0,18.0265,0.0
AT,EC,1,0.0,0.0,18.3322,0.0
AT,FF,1,0.0,0.0,21.0783,0.0
AT,FM,1,0.0,0.0,16.3239,0.0
AT,GC,1,0.0,0.0,20.3492,0.0
AT,HC,1,0.0,0.0,24.2109,0.0
AT,HF,1,0.0,0.0,25.4636,0.0
AT,HM,1,0.0,0.0,19.1844,0.0
AT,MM,1,0.0,0.0,16.98,0.0
AT,QC,1,0.0,0.0,26.0454,0.0
CA,CD,1,0.0,0.0,26.1751,0.0
CA,CW,1,0.0,0.0,25.693,0.0
CA,WW,1,0.0,0.0,20.7844,0.0
CC,CM,1,0.0,0.0,18.7454,0.0
CC,HM,1,0.0,0.0,21.767,0.0
CC,HY,1,0.0,0.0,26.3134,0.0
CC,QC,1,0.0,0.0,24.1733,0.0
CG,WS,1,0.0,0.0,19.4172,0.0
CT,CH,1,0.0,0.0,23.0263,0.0
CT,EC,1,0.0,0.0,25.4372,0.0
CT,FM,1,0.0,0.0,21.1571,0.0
CT,HH,1,0.0,0.0,22.847,0.0
CT,HY,1,0.0,0.0,24.547,0.0
CT,MN,1,0.0,0.0,27.1253,0.0
CT,NC,1,0.0,0.0,23.7269,0.0
CT,QC,1,0.0,0.0,20.9452,0.0
CT,WL,1,0.0,0.0,25.0993,0.0
GA,CM,1,0.0,0.0,24.4742,0.0
GA,HM,1,0.0,0.0,24.02,0.0
GC,DC,1,0.0,0.0,23.7195,0.0
GC,QC,1,0.0,0.0,25.6242,0.0
GG,HH,1,0.0,0.0,22.3224,0.0
GG,MH,1,0.0,0.0,21.322,0.0
GG,MM,1,0.0,0.0,27.8121,0.0
GG,MY,1,0.0,0.0,27.0789,0.0
GG,QC,1,0.0,0.0,24.3935,0.0
GG,RC,1,0.0,0.0,23.8838,0.0
GT,CW,1,0.0,0.0,25.3694,0.0
GT,DC,1,0.0,0.0,24.3666,0.0
GT,HH,1,0.0,0.0,27.8808,0.0
GT,MM,1,0.0,0.0,26.1664,0.0
GT,QC,1,0.0,0.0,18.506,0.0
GT,WM,1,0.0,0.0,26.922,0.0
TA,CC,1,0.0,0.0,21.792,0.0
TA,CI,1,0.0,0.0,17.1796,0.0
TA,FW,1,0.0,0.0,16.4785,0.0
TA,HF,1,0.0,0.0,24.2956,0.0
TA,HK,1,0.0,0.0,27.1325,0.0
TA,MQ,1,0.0,0.0,26.7038,0.0
TA,NC,1,0.0,0.0,16.3346,0.0
TA,QQ,1,0.0,0.0,16.4651,0.0
TA,TW,1,0.0,0.0,25.6438,0.0
TA,WC,1,0.0,0.0,22.7162,0.0
TA,WW,1,0.0,0.0,24.1288,0.0
TC,CC,1,0.0,0.0,21.904,0.0
TC,CN,1,0.0,0.0,25.4814,0.0
TC,CV,1,0.0,0.0,27.5564,0.0
TC,CW,1,0.0,0.0,23.883,0.0
TC,EH,1,0.0,0.0,25.3891,0.0
TC,HM,1,0.0,0.0,21.054,0.0
TC,HT,1,0.0,0.0,25.4324,0.0
TC,IM,1,0.0,0.0,19.1459,0.0
TC,MM,1,0.0,0.0,25.6329,0.0
TC,QC,1,0.0,0.0,18.3137,0.0
TC,WD,1,0.0,0.0,25.5809,0.0
TC,YC,1,0.0,0.0,22.6629,0.0
TG,HM,1,0.0,0.0,17.0403,0.0
TG,MM,1,0.0,0.0,26.2775,0.0
TG,MY,1,0.0,0.0,25.8779,0.0
TT,CM,1,0.0,0.0,24.6837,0.0
TT,CP,1,0.0,0.0,23.4751,0.0
TT,WC,1,0.0,0.0,26.8243,0.0
TT,YH,1,0.0,0.0,20.3191,0.0
