aa_motif,AA,AC,AG,AT,CA,CC,CG,CT,GA,GC,GG,GT,TA,TC,TG,TT
AAA,0.0,1.0986122886681098,1.4853153869141684,0.5941261547656673,0.8047189562170501,0.0,0.46209812037329684,0.648636716351771,1.0150220498520226,0.0,1.0750556815368328,1.4853153869141684,1.297273432703542,1.3862943611198906,0.23978952727983707,1.6215917908794277
AAD,0.0,0.6931471805599453,0.6931471805599453,0.0,0.0,1.3862943611198906,0.0,0.0,0.0,0.0,0.0,0.40235947810852507,0.0,0.0,0.0,0.0
AAE,0.0,0.46209812037329684,0.5493061443340549,0.0,0.5493061443340549,0.6931471805599453,0.9241962407465937,0.0,0.40235947810852507,0.6931471805599453,0.5493061443340549,0.0,0.0,0.0,0.0,0.0
AAF,0.0,0.0,0.0,0.0,0.0,0.0,0.0,0.0,0.0,0.0,0.0,0.0,0.0,0.0,0.0,0.0
AAH,0.9241962407465937,0.9241962407465937,0.8047189562170501,0.0,1.297273432703542,0.5941261547656673,0.0,0.0,0.0,0.0,0.0,0.7215633921399587,1.2792139405522478,0.0,0.0,0.49073982986107334
AAI,0.5493061443340549,0.46209812037329684,0.46209812037329684,0.5493061443340549,0.0,0.0,0.8047189562170501,0.5493061443340549,0.7675283643313486,0.0,1.1882523095313346,0.5941261547656673,0.0,0.8047189562170501,0.9036024181047274,0.716703787691222
AAK,0.0,0.29706307738283366,0.891189232148501,1.0986122886681098,0.0,0.0,0.5493061443340549,0.0,1.4787139851945499,0.0,1.6635532333438687,1.068728898942307,1.0986122886681098,0.0,1.023371152441798,1.782378464297002
AAL,0.0,0.0,0.0,0.0,0.0,0.0,0.0,0.0,0.0,0.0,0.0,0.0,0.0,0.0,0.0,0.0
AAM,0.0,1.6094379124341003,1.433407575382444,0.0,0.9241962407465937,0.0,0.0,0.9241962407465937,0.0,0.0,0.0,1.6094379124341003,1.6094379124341003,1.0986122886681098,0.0,1.6094379124341003
AAN,0.0,0.0,0.0,0.0,3.127772676500623,0.0,0.0,0.46209812037329684,0.0,2.564625836084481,0.0,0.23978952727983707,0.0,0.0,2.718795576433081,3.4905562722241146
AAP,0.0,0.0,0.9241962407465937,0.0,0.0,0.0,0.0,0.0,0.0,0.0,0.6931471805599453,0.6931471805599453,0.6931471805599453,0.0,0.0,0.0
AAQ,0.0,0.0,0.0,0.0,0.0,0.0,0.6931471805599453,0.6931471805599453,0.0,0.0,0.0,0.0,0.0,0.6931471805599453,0.0,0.0
AAR,0.8047189562170501,0.0,0.6931471805599453,0.9241962407465937,0.0,0.0,0.0,1.0986122886681098,0.0,0.46209812037329684,0.0,0.0,1.791759469228055,0.8047189562170501,0.0,0.6931471805599453
AAS,2.453699149305367,1.0201312086692347,0.8239592165010823,0.0,0.7393569925972749,0.2558427881104495,0.0,1.0986122886681098,2.780859035879416,0.1934321572215864,1.2178089750893693,1.624035279763236,1.0986122886681098,0.9241962407465937,0.708303336014054,1.0986122886681098
AAV,0.0,0.0,0.5493061443340549,0.5493061443340549,0.6931471805599453,0.0,0.6931471805599453,0.0,1.0750556815368328,0.0,0.648636716351771,0.5493061443340549,0.0,0.5493061443340549,0.5493061443340549,0.0
AAW,0.6931471805599453,0.5493061443340549,0.46209812037329684,1.0986122886681098,1.4853153869141684,0.0,0.0,0.0,1.0986122886681098,0.0,0.0,0.8047189562170501,0.6931471805599453,1.3862943611198906,0.0,1.0986122886681098
AAY,0.0,0.0,0.0,0.0,0.0,0.0,0.0,0.6931471805599453,0.0,0.0,0.0,0.0,0.0,0.6931471805599453,0.0,0.0
ACD,0.0,0.6931471805599453,0.0,0.6931471805599453,0.6931471805599453,0.0,0.6931471805599453,0.0,0.0,0.0,0.0,0.0,0.6931471805599453,0.0,0.0,0.0
ACE,0.0,0.0,0.0,0.0,0.0,0.0,0.0,0.0,0.0,0.0,0.0,0.0,0.0,0.0,0.0,0.0
ACF,0.648636716351771,0.0,0.5493061443340549,0.46209812037329684,0.0,0.0,0.0,0.0,0.0,0.46209812037329684,0.0,0.0,0.9729550745276566,0.0,0.0,0.5493061443340549
ACG,0.0,0.0,0.7193685818395111,0.8047189562170501,0.9241962407465937,0.716703787691222,1.0750556815368328,0.0,1.023371152441798,1.0750556815368328,1.4853153869141684,0.648636716351771,0.0,0.5493061443340549,1.433407575382444,0.0
ACH,0.0,0.0,0.0,0.0,0.0,0.0,0.0,0.0,0.0,0.0,0.0,0.0,0.0,0.0,0.0,0.0
ACI,0.0,0.0,0.0,0.0,0.0,0.0,0.0,0.0,0.0,0.0,0.0,0.0,0.0,0.0,0.0,0.0
ACK,0.0,0.6931471805599453,0.0,1.3862943611198906,0.0,0.0,0.0,0.0,0.0,0.0,0.0,0.0,1.0986122886681098,0.6931471805599453,0.0,0.6931471805599453
ACL,0.0,0.0,0.46209812037329684,0.6931471805599453,0.6931471805599453,0.46209812037329684,0.0,0.0,0.0,0.46209812037329684,0.0,0.0,0.0,0.46209812037329684,0.0,0.6931471805599453
ACN,0.0,0.0,0.0,0.0,0.0,0.0,0.0,0.0,0.0,0.0,0.0,0.0,0.0,0.0,0.0,0.0
ACQ,0.0,0.0,0.0,0.0,0.0,0.0,0.0,0.0,0.0,0.0,0.0,0.0,0.0,0.0,0.0,0.0
ACR,0.0,0.0,0.0,0.0,0.0,0.0,0.0,0.0,0.0,0.0,0.0,0.0,0.0,0.0,0.0,0.0
ACV,0.0,0.0,0.0,0.0,0.0,0.6931471805599453,1.0986122886681098,0.6931471805599453,0.0,0.0,0.46209812037329684,1.3862943611198906,0.0,0.0,0.8047189562170501,1.0750556815368328
ACY,0.0,0.0,0.0,0.0,0.0,0.0,0.0,0.0,0.0,0.0,0.0,0.0,0.0,0.0,0.0,0.0
ADC,0.0,0.0,0.0,0.0,0.0,0.0,0.0,0.0,0.0,0.0,0.0,0.0,0.0,0.0,0.0,0.0
ADD,0.0,0.0,0.0,0.0,0.0,0.0,0.0,0.0,0.0,0.0,0.0,0.0,0.0,0.0,0.0,0.0
ADE,0.0,0.0,0.0,1.3862943611198906,0.0,0.6931471805599453,0.6931471805599453,0.5493061443340549,0.5493061443340549,0.0,0.5493061443340549,0.0,0.6931471805599453,0.9241962407465937,0.0,0.6931471805599453
ADF,0.0,0.0,0.0,0.0,0.0,0.0,0.0,0.6931471805599453,0.6931471805599453,0.0,0.0,0.0,0.0,0.6931471805599453,0.6931471805599453,0.0
ADI,0.0,0.0,0.0,0.0,0.0,0.0,0.0,0.0,0.6931471805599453,0.0,1.433407575382444,0.5493061443340549,0.0,0.0,0.5493061443340549,0.0
ADK,1.9459101490553132,0.9241962407465937,1.0986122886681098,1.3862943611198906,0.0,0.8047189562170501,1.0986122886681098,1.6094379124341003,1.2070784343255752,1.0986122886681098,0.0,0.6931471805599453,1.9459101490553132,0.6931471805599453,1.0986122886681098,0.0
ADL,0.0,0.0,0.0,0.0,0.0,0.6931471805599453,0.0,0.0,0.0,0.0,0.0,0.0,0.0,0.6931471805599453,0.0,0.0
ADM,0.0,0.0,0.0,0.716703787691222,0.40235947810852507,0.0,0.0,0.5493061443340549,0.6931471805599453,0.5493061443340549,0.46209812037329684,0.0,0.0,1.0750556815368328,0.5493061443340549,0.6931471805599453
ADN,0.0,0.0,0.0,0.0,0.0,0.0,0.0,0.0,0.0,0.0,0.0,0.0,0.0,0.0,0.0,0.0
ADP,0.0,0.0,0.5493061443340549,0.5493061443340549,0.46209812037329684,0.648636716351771,0.0,0.6931471805599453,1.2070784343255752,0.0,0.0,0.46209812037329684,0.0,1.0986122886681098,0.9241962407465937,0.0
ADS,2.033231729642506,2.0402624173384694,0.29706307738283366,0.0,0.0,0.0,0.0,0.0,0.23978952727983707,0.0,0.6931471805599453,0.0,0.0,0.0,0.0,0.0
ADT,2.3978952727983707,0.0,0.3243183581758855,0.0,0.0,0.40235947810852507,0.22590060452618185,0.648636716351771,2.351203577673075,0.27465307216702745,0.6931471805599453,0.0,0.0,0.9729550745276566,0.0,0.0
ADV,0.6931471805599453,0.0,0.358351893845611,0.0,0.0,0.0,0.0,0.0,0.3243183581758855,0.0,0.0,0.0,0.0,0.0,0.0,0.0
ADW,0.0,0.0,0.0,0.0,0.0,0.0,0.0,0.0,0.0,0.0,0.0,0.0,0.0,0.0,0.0,0.0
ADY,1.433407575382444,1.0750556815368328,0.0,0.0,1.6094379124341003,1.3862943611198906,1.0986122886681098,0.0,0.5493061443340549,1.0986122886681098,0.0,0.6931471805599453,0.0,0.6931471805599453,0.0,0.6931471805599453
AEA,0.0,0.0,0.0,0.0,0.0,0.0,0.0,0.0,0.0,0.0,0.0,0.0,0.0,0.0,0.0,0.0
AEC,0.0,0.0,0.9241962407465937,0.0,0.0,0.0,0.0,0.0,0.716703787691222,0.0,0.0,0.0,0.0,0.0,0.0,0.0
AED,0.0,0.0,0.0,0.0,0.0,0.0,0.0,0.0,0.0,0.0,0.0,0.0,0.0,0.0,0.0,0.0
AEE,0.0,0.0,0.0,0.0,0.0,0.0,0.0,0.0,0.0,0.0,0.0,0.0,0.0,0.0,0.0,0.0
AEF,0.0,0.0,0.0,0.0,0.0,0.0,0.0,0.0,0.0,0.0,0.0,0.0,0.0,0.0,0.0,0.0
AEG,0.0,0.0,0.0,0.0,0.0,0.0,0.0,0.0,0.0,0.0,0.0,0.0,0.0,0.0,0.0,0.0
AEH,0.0,0.0,0.0,0.0,0.5493061443340549,0.6931471805599453,0.0,0.0,0.0,0.6931471805599453,0.0,0.0,0.0,0.0,0.0,0.0
AEI,0.0,0.0,0.2030044099704045,0.0,0.0,0.0,0.0,2.564625836084481,0.0,2.8862535685598347,1.4409819632803424,2.506661145025408,0.5493061443340549,0.0,3.408062436225293,3.1910245734258567
AEK,0.0,0.0,0.0,0.0,0.0,0.0,0.0,0.0,0.0,0.0,0.0,0.0,0.0,0.0,0.0,0.0
AEL,0.0,0.29706307738283366,0.17002186811153908,0.6931471805599453,0.2030044099704045,0.8012636810465341,0.3044522437723423,2.9929717515687337,0.2030044099704045,0.8047189562170501,0.06601401719618526,0.0,0.6931471805599453,0.358351893845611,0.6931471805599453,2.6823965207235005
AEM,0.8047189562170501,0.0,0.9241962407465937,0.0,0.0,0.0,0.0,0.0,0.8047189562170501,0.0,1.068728898942307,0.0,0.0,0.0,0.0,0.0
AEN,0.0,0.0,0.0,0.0,0.0,2.5027680073365617,0.0,3.0398775768545567,0.0,0.0,0.0,0.0,0.0,0.0,0.0,0.0
AEP,0.0,0.0,0.0,0.0,0.0,0.0,0.0,0.6931471805599453,0.0,0.0,0.0,0.0,0.0,0.6931471805599453,0.6931471805599453,0.0
AER,0.0,0.0,0.0,0.0,0.0,0.0,0.0,0.0,0.0,0.0,0.0,0.0,0.0,0.0,0.0,0.0
AES,0.0,0.0,0.0,0.0,0.0,0.5493061443340549,0.6931471805599453,0.0,0.0,0.46209812037329684,0.0,0.0,0.0,0.0,0.0,0.0
AET,0.0,0.0,0.9729550745276566,0.6931471805599453,0.406008819940809,0.0,0.5493061443340549,0.0,0.5493061443340549,0.15767011966073635,0.648636716351771,0.8047189562170501,0.0,1.0986122886681098,0.354151668007027,0.0
AEV,0.0,0.0,0.0,0.0,0.0,0.0,0.0,0.0,0.0,0.0,0.0,0.0,0.0,0.0,0.0,0.0
AEW,0.6931471805599453,1.3732653608351373,0.9241962407465937,0.6931471805599453,1.3732653608351373,0.9729550745276566,0.0,0.6931471805599453,0.0,0.0,0.29706307738283366,0.0,0.6931471805599453,1.0750556815368328,0.0,0.0
AFC,0.0,0.0,0.0,0.0,0.0,0.0,0.0,0.0,0.0,0.0,0.0,0.0,0.0,0.0,0.0,0.0
AFE,0.648636716351771,0.0,0.0,0.0,0.0,0.0,0.0,0.9241962407465937,0.6931471805599453,0.0,0.0,0.0,0.8047189562170501,0.9241962407465937,0.6931471805599453,0.0
AFH,0.0,0.0,0.0,0.0,0.0,0.0,0.0,0.0,0.0,0.0,0.0,0.0,0.0,0.0,0.0,0.0
AFI,0.0,0.0,0.0,0.0,0.0,0.0,0.0,0.0,0.0,0.0,0.0,0.0,0.0,0.0,0.0,0.0
AFK,0.0,0.0,0.0,0.0,0.0,0.0,0.0,0.0,0.0,0.0,0.0,0.0,0.0,0.0,0.0,0.0
AFL,0.0,0.0,0.0,0.0,0.0,1.9459101490553132,1.0986122886681098,1.0986122886681098,0.0,0.8047189562170501,0.0,0.0,0.0,0.0,0.0,0.0
AFM,0.0,0.0,0.0,0.0,0.0,0.0,0.0,0.0,0.0,0.0,0.0,0.0,0.0,0.0,0.0,0.0
AFN,0.0,0.8047189562170501,1.1882523095313346,1.0986122886681098,0.0,0.0,0.716703787691222,0.0,2.030044099704045,0.0,1.4387371636790223,0.0,0.0,0.0,0.5493061443340549,0.0
AFP,0.0,0.0,0.0,0.0,0.0,0.0,0.0,0.0,0.0,0.0,0.0,0.0,0.0,0.0,0.0,0.0
AFQ,0.0,0.0,0.0,0.6931471805599453,0.0,0.0,0.0,0.6931471805599453,0.5493061443340549,0.0,0.0,0.0,0.0,1.0986122886681098,0.6931471805599453,1.0986122886681098
AFR,0.0,0.0,0.0,0.0,0.0,0.0,0.0,0.0,0.0,0.0,0.0,0.0,0.0,0.0,0.0,0.0
AFS,0.0,0.0,0.0,0.0,0.0,0.0,0.0,0.0,0.0,0.0,0.5119312769223013,2.3138284080818816,0.0,0.0,1.9459101490553132,2.7400701939510808
AFT,0.0,1.1989476363991853,0.0,1.0986122886681098,0.0,2.96898379718913,0.0,0.0,0.0,0.8047189562170501,0.0,0.0,1.3732653608351373,0.358351893845611,0.8239592165010823,0.3243183581758855
AFV,0.0,1.0150220498520226,0.0,0.0,1.4853153869141684,1.1450596030091713,0.23978952727983707,1.1295030226309093,0.0,1.4962204585192298,0.0,0.0,0.0,1.791759469228055,1.1295030226309093,1.791759469228055
AFY,0.0,0.6931471805599453,0.0,0.0,0.6931471805599453,0.6931471805599453,0.0,0.0,0.0,0.0,0.0,0.0,0.0,0.0,0.0,0.0
AGA,0.0,0.0,0.0,0.0,0.0,0.0,0.0,0.0,0.0,0.0,0.0,0.0,0.0,0.0,0.0,0.0
AGC,0.0,0.0,0.0,0.0,0.0,0.0,0.0,0.0,0.0,0.0,0.0,0.0,0.0,0.0,0.0,0.0
AGD,0.0,0.0,0.0,0.0,0.0,0.0,0.0,0.0,0.0,0.0,0.0,0.0,0.0,0.0,0.0,0.0
AGE,1.6094379124341003,0.0,0.6931471805599453,0.0,0.0,0.0,0.0,0.0,1.0986122886681098,0.0,0.0,0.0,0.0,0.0,0.0,0.0
AGF,0.8047189562170501,0.9241962407465937,1.6479184330021646,2.0794415416798357,0.46209812037329684,1.0986122886681098,1.2070784343255752,1.4853153869141684,2.2330485096744495,1.2792139405522478,1.1882523095313346,1.433407575382444,1.6215917908794277,1.0750556815368328,1.9343215722158644,1.433407575382444
AGG,0.0,0.0,0.0,0.0,0.0,0.0,0.0,0.0,0.0,0.0,0.0,0.0,0.0,0.0,0.0,0.0
AGI,0.0,0.0,0.0,0.0,0.0,1.4387371636790223,0.0,1.3862943611198906,0.0,0.0,1.5350567286626973,0.0,0.0,0.0,0.0,0.0
AGK,0.0,0.0,0.0,0.0,0.0,0.0,0.0,0.0,0.0,0.0,0.0,0.0,0.0,0.0,0.0,0.0
AGL,0.2030044099704045,0.47957905455967414,0.2558427881104495,0.8047189562170501,0.5493061443340549,1.709750557389654,0.0,0.0,0.4518012090523637,0.0,0.0,0.0,0.0,0.0,0.1934321572215864,0.29706307738283366
AGN,0.0,0.0,0.0,0.0,0.0,0.0,0.0,0.0,0.0,0.0,0.0,0.0,0.0,0.0,0.0,0.0
AGP,0.0,0.0,0.0,0.0,0.0,0.0,0.0,0.0,0.0,0.0,0.0,0.0,0.0,0.0,0.0,0.0
AGQ,0.0,0.0,1.0986122886681098,0.0,0.0,0.0,0.6931471805599453,0.6931471805599453,0.6931471805599453,1.0986122886681098,0.6931471805599453,0.6931471805599453,0.6931471805599453,0.0,0.6931471805599453,0.6931471805599453
AGR,0.0,0.0,0.0,0.0,0.0,0.0,0.0,0.0,0.0,0.0,0.0,0.0,0.0,0.0,0.0,0.0
AGS,0.9241962407465937,0.9729550745276566,0.0,0.0,1.3732653608351373,0.9241962407465937,0.8047189562170501,0.0,0.0,0.716703787691222,1.1882523095313346,0.8047189562170501,0.0,0.0,0.5941261547656673,0.0
AGT,0.0,0.0,0.0,0.0,0.0,0.0,0.0,0.0,0.0,0.0,0.0,0.0,0.0,0.0,0.0,0.0
AGV,0.0,0.6931471805599453,0.6931471805599453,0.0,1.0986122886681098,0.0,0.6931471805599453,0.6931471805599453,0.0,1.0986122886681098,0.6931471805599453,0.6931471805599453,0.0,0.6931471805599453,1.0986122886681098,0.0
AGY,0.9591581091193483,0.6412373393653842,1.0986122886681098,0.0,0.0,0.0,0.0,0.0,1.6479184330021646,0.0,0.42756739308124764,0.7865051156165158,0.358351893845611,0.0,1.1775399822317394,0.0
AHA,0.0,0.0,0.0,0.0,0.0,0.0,0.0,0.0,0.0,0.0,0.0,0.0,0.0,0.0,0.0,0.0
AHC,0.716703787691222,0.8047189562170501,0.511685576220899,0.0,1.297273432703542,0.648636716351771,0.0,0.0,0.0,0.0,0.0,0.7819431691251557,1.3732653608351373,0.0,0.0,0.5802964716647593
AHG,0.0,0.0,0.0,0.0,0.0,0.0,0.0,0.0,0.0,0.0,0.0,0.0,0.0,0.0,0.0,0.0
AHI,0.0,0.0,0.0,0.0,0.0,0.0,0.0,1.0986122886681098,0.0,0.0,0.0,0.0,0.0,0.6931471805599453,0.0,0.6931471805599453
AHK,0.0,0.0,0.0,0.0,0.0,0.0,0.0,3.091042453358316,0.0,0.0,0.0,0.0,0.0,0.0,2.6457324378465152,3.8918202981106265
AHL,0.0,0.0,0.0,0.0,0.0,0.0,0.0,0.0,0.0,0.0,0.0,0.0,0.0,0.0,0.0,0.0
AHP,0.0,0.0,0.0,0.0,0.0,0.0,0.0,0.0,0.0,0.0,0.0,0.0,0.0,0.0,0.0,0.0
AHQ,0.0,0.0,0.0,0.0,0.0,0.0,0.0,0.0,0.0,0.0,0.0,0.0,0.0,0.0,0.0,0.0
AHR,0.0,0.0,0.0,0.0,0.0,0.0,0.0,0.0,0.0,0.0,0.0,0.0,0.0,0.0,0.0,0.0
AHS,1.0986122886681098,0.0,0.0,0.0,0.0,0.0,0.0,0.0,0.6931471805599453,0.6931471805599453,0.6931471805599453,0.0,0.0,0.0,0.6931471805599453,0.6931471805599453
AHT,0.0,2.8862535685598347,0.0,0.0,2.961959564600181,1.832442421639441,3.695916094760866,3.127772676500623,2.6064772304171857,3.788835031952404,1.5073204168635475,2.5649493574615367,0.0,3.1780538303479458,3.8501476017100584,3.788835031952404
AHY,0.0,0.0,0.0,0.0,0.0,0.0,0.0,0.0,0.0,0.0,0.0,0.0,0.0,0.0,0.0,0.0
AIA,0.0,0.0,0.5493061443340549,0.0,0.0,0.0,0.0,0.0,0.5493061443340549,0.0,0.0,0.0,0.0,0.0,0.0,0.0
AIC,0.0,0.0,0.0,0.0,0.0,0.0,0.0,0.0,0.0,0.0,0.0,0.0,0.0,0.0,0.0,0.0
AIE,0.0,0.0,0.0,0.0,0.0,0.0,0.0,0.0,0.0,0.0,0.0,0.0,0.0,0.0,0.0,0.0
AIF,0.0,2.218070977791825,0.0,0.3868643144431728,0.0,2.930597769871912,0.44157749333690227,0.0,0.3153402393214727,1.740889414994278,2.4013233976800725,0.0,1.1605929433295186,1.2792139405522478,1.3862943611198906,0.0
AIG,0.648636716351771,0.0,0.0,0.716703787691222,0.0,0.0,0.0,0.0,0.0,0.0,0.0,0.0,0.716703787691222,0.0,0.0,0.0
AIH,0.0,1.0986122886681098,0.0,0.0,1.0986122886681098,0.0,0.0,0.0,0.0,1.0986122886681098,0.0,0.0,0.0,0.0,0.0,1.433407575382444
AII,0.0,0.0,0.0,0.5493061443340549,0.0,0.0,0.0,0.0,0.8047189562170501,0.0,0.8047189562170501,0.0,0.0,0.0,0.7675283643313486,0.0
AIK,0.6412373393653842,1.8483924814931874,0.0,1.9459101490553132,0.0,1.5843364127084463,1.2070784343255752,0.0,0.47957905455967414,2.0794415416798357,2.518257283289107,0.0,2.5649493574615367,1.2792139405522478,1.3862943611198906,0.0
AIL,0.0,0.0,0.0,0.0,0.0,0.0,0.0,0.0,0.6931471805599453,0.0,0.0,0.0,0.0,0.0,0.6931471805599453,0.0
AIN,0.0,0.5493061443340549,0.0,0.0,0.0,0.6931471805599453,0.0,0.5493061443340549,0.6931471805599453,0.0,0.0,0.0,0.5493061443340549,0.6931471805599453,0.0,0.0
AIP,0.0,0.0,0.0,0.0,0.0,0.0,0.0,0.0,0.0,0.0,0.0,0.0,0.0,0.0,0.0,0.0
AIQ,0.0,0.0,0.0,0.0,0.0,0.0,0.0,0.0,0.0,0.0,0.0,0.0,0.0,0.0,0.0,0.0
AIS,0.0,0.0,0.0,0.0,0.0,0.0,0.0,0.0,0.0,0.0,0.0,0.0,0.0,0.0,0.0,0.0
AIT,0.0,0.0,0.6931471805599453,0.0,0.5493061443340549,0.0,0.0,0.6931471805599453,0.0,0.0,0.46209812037329684,0.648636716351771,0.0,0.8047189562170501,0.0,0.3243183581758855
AIV,0.0,0.0,0.0,0.9241962407465937,0.0,0.0,0.8047189562170501,0.0,0.9241962407465937,0.0,1.3862943611198906,0.716703787691222,0.0,0.0,0.8239592165010823,1.0750556815368328
AIW,0.0,0.0,0.0,0.0,0.0,0.0,0.0,0.0,0.0,0.0,0.0,0.0,0.0,0.0,0.0,0.0
AIY,0.0,0.5493061443340549,0.0,0.0,1.791759469228055,0.0,0.0,1.2938747370452313,0.3243183581758855,0.8549831191538455,0.21374577978846138,0.23978952727983707,0.0,0.0,0.27465307216702745,2.9929717515687337
AKA,0.0,0.0,0.0,1.2070784343255752,0.0,0.6931471805599453,0.6931471805599453,0.5493061443340549,0.9241962407465937,0.0,0.8047189562170501,0.0,0.6931471805599453,1.2070784343255752,0.0,0.6931471805599453
AKD,0.0,0.0,0.0,0.5493061443340549,0.0,0.0,0.0,0.0,0.5493061443340549,0.0,0.0,0.0,0.0,0.0,0.6931471805599453,0.0
AKE,0.5493061443340549,0.0,0.6931471805599453,0.0,0.0,0.0,0.0,0.0,0.6931471805599453,0.0,0.0,0.5493061443340549,0.0,0.0,0.46209812037329684,0.0
AKF,0.0,0.0,0.648636716351771,0.0,0.0,0.0,0.0,0.0,0.0,0.0,0.0,0.0,1.0986122886681098,0.0,0.0,0.9241962407465937
AKG,0.5493061443340549,0.6931471805599453,0.6931471805599453,0.0,0.0,0.5493061443340549,0.6931471805599453,1.0986122886681098,0.6931471805599453,0.6931471805599453,0.9241962407465937,0.6931471805599453,0.0,1.0986122886681098,0.5493061443340549,0.0
AKI,0.6931471805599453,0.0,0.648636716351771,0.0,0.5493061443340549,0.5493061443340549,0.0,0.0,0.7675283643313486,0.9241962407465937,1.6785266909588594,0.0,0.0,0.0,0.0,0.0
AKK,0.0,0.0,0.0,0.0,0.0,0.0,0.0,0.0,0.0,0.0,0.0,0.0,0.0,0.0,0.0,0.0
AKL,0.0,0.0,0.0,0.6931471805599453,0.0,0.0,0.0,0.0,0.0,0.0,0.0,0.0,0.0,0.0,0.6931471805599453,0.6931471805599453
AKM,0.0,0.6931471805599453,0.0,0.0,0.6931471805599453,0.5493061443340549,0.0,0.6931471805599453,0.0,0.0,0.0,0.0,0.0,0.5493061443340549,0.0,0.0
AKN,0.0,0.0,0.6931471805599453,0.0,0.0,0.0,0.6931471805599453,0.0,0.6931471805599453,0.0,0.3243183581758855,0.3243183581758855,0.0,0.0,0.0,0.0
AKP,0.0,0.6931471805599453,0.0,0.0,0.0,0.0,0.6931471805599453,0.0,0.9241962407465937,0.0,1.0986122886681098,0.6931471805599453,0.0,0.6931471805599453,0.0,0.0
AKR,1.0986122886681098,1.0986122886681098,1.0986122886681098,1.0986122886681098,1.0986122886681098,0.0,0.0,1.0986122886681098,0.0,0.9241962407465937,0.0,0.0,1.3862943611198906,0.0,0.0,0.0
AKS,0.6931471805599453,0.358351893845611,0.9036024181047274,0.0,0.891189232148501,0.7675283643313486,0.0,0.46209812037329684,0.406008819940809,0.40235947810852507,0.40235947810852507,0.9241962407465937,0.40235947810852507,0.0,1.0986122886681098,0.0
AKT,0.0,1.6479184330021646,0.0,0.0,1.4853153869141684,0.0,0.0,1.782378464297002,0.0,1.6215917908794277,0.0,0.0,0.0,1.791759469228055,1.782378464297002,1.791759469228055
AKV,0.0,0.0,0.0,0.0,0.0,0.0,0.0,0.0,0.0,0.0,0.0,0.5493061443340549,0.9241962407465937,0.0,0.0,1.0986122886681098
AKY,0.0,0.27465307216702745,0.8047189562170501,1.0986122886681098,0.0,0.0,0.648636716351771,0.0,1.1295030226309093,0.0,2.033231729642506,1.8072048362094548,1.0986122886681098,0.0,1.2792139405522478,1.9459101490553132
ALA,0.0,0.5493061443340549,1.068728898942307,1.2070784343255752,0.5493061443340549,0.0,0.5493061443340549,0.6931471805599453,1.4387371636790223,0.9729550745276566,0.2030044099704045,0.0,0.8047189562170501,0.0,0.8047189562170501,0.0
ALD,0.0,0.0,0.648636716351771,1.2070784343255752,0.0,0.40235947810852507,0.0,0.40235947810852507,0.7675283643313486,0.0,1.2070784343255752,0.9729550745276566,0.46209812037329684,0.9241962407465937,0.8047189562170501,1.0986122886681098
ALE,0.47957905455967414,0.40235947810852507,1.1989476363991853,1.1882523095313346,0.3243183581758855,1.4853153869141684,0.6777018135785455,0.5941261547656673,1.8270396897336403,0.47957905455967414,0.4518012090523637,0.9241962407465937,1.297273432703542,0.9241962407465937,0.2558427881104495,0.716703787691222
ALF,1.791759469228055,0.0,0.5493061443340549,0.0,0.0,0.5493061443340549,0.6931471805599453,1.0986122886681098,0.5493061443340549,0.6931471805599453,0.0,0.0,0.5493061443340549,0.46209812037329684,0.0,0.0
ALG,0.0,3.2188758248682006,0.0,0.0,3.127772676500623,2.2281432400225847,0.0,2.564625836084481,0.0,3.828641396489095,0.0,0.0,0.0,0.0,3.258096538021482,3.247581155445318
ALH,0.0,0.6931471805599453,0.5493061443340549,0.0,0.0,0.6931471805599453,0.0,0.6931471805599453,0.0,0.6931471805599453,0.40235947810852507,0.6931471805599453,0.0,0.5493061443340549,0.6931471805599453,0.0
ALI,0.0,0.0,0.0,0.0,0.0,0.0,0.0,0.0,0.0,0.0,0.0,0.0,0.0,0.0,0.0,0.0
ALK,0.0,0.0,0.0,0.0,0.0,0.5493061443340549,0.6931471805599453,0.6931471805599453,1.0986122886681098,0.0,0.716703787691222,1.0986122886681098,0.0,1.0986122886681098,0.8047189562170501,0.6931471805599453
ALL,0.0,0.891189232148501,1.1090354888959124,0.812017639881618,0.511685576220899,0.0,0.0,0.6412373393653842,1.2395308380245946,0.0,0.0,0.42749155957692275,1.2395308380245946,0.5941261547656673,1.023371152441798,1.218026459822427
ALM,0.9241962407465937,0.8047189562170501,0.0,0.6931471805599453,0.9241962407465937,0.0,0.0,0.0,0.46209812037329684,0.0,0.0,0.5100656043346173,0.0,0.0,0.42756739308124764,0.5312275020105406
ALN,0.0,0.6931471805599453,0.0,0.358351893845611,0.9241962407465937,0.0,0.0,0.0,0.6931471805599453,0.0,0.0,0.0,0.6931471805599453,0.0,0.0,0.0
ALP,0.0,0.0,0.0,0.0,0.0,0.0,0.0,0.0,0.0,0.0,0.0,0.0,0.0,0.0,0.0,0.0
ALQ,0.0,0.0,0.0,0.0,0.0,0.0,0.2558427881104495,0.4518012090523637,0.6931471805599453,0.2030044099704045,0.46209812037329684,0.0,0.0,0.0,0.45667836565851344,0.29438499555793485
ALR,1.2938747370452313,0.891189232148501,0.5493061443340549,1.355403627157091,1.1989476363991853,0.0,1.0986122886681098,0.358351893845611,0.0,1.4387371636790223,0.36967849629863747,1.624035279763236,1.7993793761572692,0.511685576220899,0.648636716351771,2.137457797884614
ALS,0.0,0.0,0.0,0.0,0.0,0.0,0.0,0.0,0.0,0.0,0.0,0.0,0.0,0.0,0.6931471805599453,0.6931471805599453
ALT,1.6215917908794277,0.0,2.8385445827418403,0.5941261547656673,0.0,1.4637642511764182,2.6327235234386124,2.8385445827418403,0.511685576220899,0.0,4.116964925139347,0.4518012090523637,1.433407575382444,2.961959564600181,0.26064772304171857,2.9501782549873425
ALV,0.0,0.891189232148501,0.8549831191538455,2.3978952727983707,1.5350567286626973,0.1760088201822447,0.27465307216702745,0.46209812037329684,0.8239592165010823,0.406008819940809,0.07030236972251241,1.6094379124341003,1.9237120180961527,1.9343215722158644,1.433407575382444,0.5493061443340549
ALY,0.0,0.0,0.0,0.0,0.0,0.0,0.0,0.0,0.0,0.0,0.0,0.0,0.0,0.0,0.0,0.0
AMA,0.0,0.0,0.0,0.6931471805599453,0.0,0.0,0.0,0.6931471805599453,0.6931471805599453,0.0,0.0,0.0,0.0,0.6931471805599453,0.6931471805599453,0.0
AME,0.0,0.0,0.0,0.0,0.0,0.0,0.0,0.0,0.0,0.0,0.0,0.0,0.0,0.0,0.0,0.0
AMG,0.0,0.0,0.5493061443340549,0.0,0.6931471805599453,0.0,0.0,0.0,0.0,0.6931471805599453,0.0,0.0,0.0,0.0,0.0,0.0
AMK,0.0,1.6479184330021646,1.1882523095313346,0.6931471805599453,1.6094379124341003,0.6931471805599453,0.6931471805599453,0.716703787691222,0.0,0.0,0.0,1.433407575382444,1.791759469228055,0.6931471805599453,0.0,1.6094379124341003
AMN,0.0,0.0,0.0,0.0,0.0,0.0,0.0,0.0,0.0,0.0,0.0,0.0,0.0,0.0,0.0,0.0
AMQ,0.0,0.0,0.0,0.0,0.0,0.0,0.0,0.0,0.0,0.0,0.0,0.0,0.0,0.0,0.0,0.0
AMS,0.0,0.6931471805599453,1.0986122886681098,0.0,1.0986122886681098,0.0,0.6931471805599453,1.0986122886681098,0.0,1.3862943611198906,0.6931471805599453,0.6931471805599453,0.0,0.6931471805599453,1.3862943611198906,0.6931471805599453
AMY,0.0,0.0,0.0,0.0,0.0,0.0,0.0,0.0,0.0,0.0,0.0,0.0,0.0,0.0,0.0,0.0
ANA,0.0,0.0,0.0,0.0,0.0,0.0,0.0,0.0,0.0,0.0,0.0,0.6931471805599453,0.0,0.0,1.0986122886681098,0.6931471805599453
AND,0.0,0.0,0.0,0.0,0.0,0.0,0.0,0.0,0.0,0.0,0.0,0.0,0.0,0.0,0.0,0.0
ANF,0.0,0.8047189562170501,0.0,1.0986122886681098,0.0,0.0,0.648636716351771,0.0,0.0,0.0,0.0,1.6094379124341003,2.1972245773362196,0.0,0.0,1.6094379124341003
ANG,0.0,1.9183162182386966,1.0986122886681098,0.0,2.137457797884614,1.2070784343255752,0.0,1.0986122886681098,0.0,0.0,0.29706307738283366,0.0,0.0,0.0,0.0,0.0
ANI,0.0,0.5493061443340549,0.0,0.6931471805599453,0.5493061443340549,0.6931471805599453,0.6931471805599453,0.0,0.0,0.0,1.0986122886681098,0.0,0.6931471805599453,0.0,0.0,0.0
ANK,0.0,0.8239592165010823,0.0,0.0,0.3243183581758855,0.0,0.0,0.0,0.7393569925972749,0.0,0.7737286288863456,0.0,0.0,0.0,0.4518012090523637,0.0
ANL,0.40235947810852507,0.648636716351771,1.0986122886681098,0.0,0.5493061443340549,1.6215917908794277,0.5493061443340549,1.0986122886681098,0.7737286288863456,0.9591581091193483,1.5222612188617115,0.9671607861079322,0.5493061443340549,0.648636716351771,1.0624550040210812,0.0
ANM,0.0,0.0,0.0,0.0,0.0,0.0,0.0,0.0,0.0,0.0,0.0,0.0,0.0,0.0,0.0,0.0
ANN,0.9241962407465937,0.5493061443340549,1.6094379124341003,0.9241962407465937,0.0,0.0,1.3862943611198906,0.5493061443340549,1.6479184330021646,0.0,0.9729550745276566,1.3862943611198906,0.0,1.1882523095313346,1.0750556815368328,0.8047189562170501
ANR,0.0,0.6931471805599453,0.0,0.5493061443340549,3.2188758248682006,0.406008819940809,0.18483924814931874,2.8671249534589043,0.23978952727983707,3.810740708566655,0.2558427881104495,0.6931471805599453,0.6931471805599453,0.0,3.435054161701485,3.3152390961837623
ANS,0.0,0.0,0.0,0.0,0.0,0.5493061443340549,0.40235947810852507,0.46209812037329684,0.0,0.0,0.0,0.0,0.0,1.0986122886681098,0.0,0.6931471805599453
ANV,0.0,0.0,0.0,0.0,0.0,0.0,0.0,0.0,0.0,0.0,0.0,0.0,0.0,0.0,0.0,0.0
APA,0.0,0.0,0.40235947810852507,0.8047189562170501,0.0,0.27465307216702745,0.0,0.358351893845611,1.433407575382444,0.0,0.8047189562170501,0.648636716351771,0.0,1.0986122886681098,0.0,0.9241962407465937
APD,0.6931471805599453,0.0,0.6931471805599453,0.6931471805599453,0.0,0.6931471805599453,0.6931471805599453,0.6931471805599453,1.0986122886681098,0.6931471805599453,1.0986122886681098,1.0986122886681098,0.0,0.0,1.0986122886681098,0.6931471805599453
APE,0.0,0.5493061443340549,0.0,0.0,0.0,0.3243183581758855,0.0,0.0,0.6931471805599453,0.0,0.0,0.0,0.0,0.0,0.0,0.0
APG,0.3243183581758855,0.891189232148501,1.2070784343255752,0.0,0.358351893845611,0.8047189562170501,0.8047189562170501,0.0,0.9241962407465937,0.6931471805599453,1.6479184330021646,1.4387371636790223,0.6931471805599453,0.5493061443340549,1.297273432703542,0.716703787691222
APH,0.0,0.0,0.0,0.0,0.0,0.0,0.0,0.0,0.0,0.0,0.0,0.0,0.0,0.0,0.0,0.0
API,0.0,0.0,0.0,0.0,0.0,0.0,0.0,0.0,0.0,0.0,0.0,0.0,0.0,0.0,0.0,0.0
APK,0.0,0.0,0.0,0.0,0.0,0.0,0.0,0.0,0.0,0.0,0.5493061443340549,0.6931471805599453,0.0,0.0,0.0,0.6931471805599453
APL,0.0,0.0,0.0,0.0,0.0,0.0,0.0,0.0,0.0,0.0,0.0,0.0,0.0,0.0,0.0,0.0
APN,1.0986122886681098,0.0,0.0,0.0,0.0,0.0,0.6931471805599453,0.5493061443340549,0.6931471805599453,0.6931471805599453,0.6931471805599453,0.0,0.0,0.0,0.8047189562170501,1.0986122886681098
APP,0.5493061443340549,0.6931471805599453,0.0,0.0,0.0,0.9241962407465937,1.0986122886681098,0.0,1.0986122886681098,0.0,0.0,0.6931471805599453,0.0,0.5493061443340549,0.0,0.6931471805599453
APR,0.6931471805599453,0.0,0.5493061443340549,1.3862943611198906,0.0,0.6931471805599453,0.9241962407465937,1.0986122886681098,1.6215917908794277,0.716703787691222,1.2070784343255752,1.3862943611198906,0.0,1.0986122886681098,1.9459101490553132,1.6094379124341003
APS,1.6094379124341003,0.9729550745276566,1.297273432703542,0.0,1.1882523095313346,0.0,0.0,0.0,0.46209812037329684,0.0,0.358351893845611,0.5493061443340549,0.6931471805599453,0.0,0.0,0.0
APT,0.0,0.0,0.0,0.0,0.0,0.6931471805599453,0.6931471805599453,0.6931471805599453,0.0,0.0,0.0,0.6931471805599453,0.0,0.6931471805599453,0.6931471805599453,0.0
APV,0.0,0.0,0.0,0.0,0.0,0.0,0.0,0.0,0.0,0.0,0.0,0.0,0.0,0.0,0.0,0.0
APY,0.0,0.0,0.0,0.0,0.0,0.0,0.0,0.0,0.0,0.0,0.0,0.0,0.0,0.0,0.0,0.0
AQA,0.358351893845611,0.0,0.0,0.46209812037329684,0.0,0.0,0.0,0.0,0.0,0.0,0.0,0.0,0.0,0.0,0.0,0.0
AQD,0.0,0.0,0.0,0.0,0.0,0.0,0.0,0.0,0.0,0.0,0.0,0.0,0.0,0.0,0.0,0.0
AQE,0.0,1.0986122886681098,0.5941261547656673,0.0,1.3732653608351373,0.5493061443340549,1.3862943611198906,0.0,0.40235947810852507,1.3862943611198906,1.0986122886681098,0.8047189562170501,0.0,1.0986122886681098,0.0,0.0
AQF,0.0,0.0,0.0,0.0,0.0,0.0,0.6931471805599453,0.0,0.0,0.0,0.6931471805599453,1.3862943611198906,0.0,0.0,1.0986122886681098,0.0
AQI,0.0,0.0,0.0,0.0,0.0,0.0,0.0,0.0,0.0,0.0,0.0,0.0,0.0,0.0,0.0,0.0
AQK,1.1989476363991853,0.0,1.782378464297002,1.433407575382444,0.8047189562170501,0.6931471805599453,0.5493061443340549,0.5493061443340549,1.709966238307691,1.6215917908794277,1.297273432703542,1.3862943611198906,0.9241962407465937,0.6931471805599453,1.297273432703542,1.6094379124341003
AQL,0.0,0.0,0.0,0.0,0.0,0.0,0.0,0.0,0.0,0.0,0.0,0.0,0.0,0.0,0.0,0.0
AQN,0.5493061443340549,1.433407575382444,0.8047189562170501,0.9241962407465937,1.1882523095313346,0.9241962407465937,0.8047189562170501,0.5493061443340549,0.0,0.0,1.023371152441798,0.46209812037329684,0.0,1.0750556815368328,0.0,0.0
AQP,0.0,3.2188758248682006,0.0,0.0,3.2188758248682006,2.0419420781275175,0.0,1.4719249777896741,0.0,2.1581057455185335,0.0,0.0,0.0,0.0,0.0,1.3411982603617503
AQS,0.0,0.0,0.0,0.0,0.0,0.0,0.6931471805599453,0.6931471805599453,0.0,0.0,0.0,0.0,0.0,0.6931471805599453,0.0,0.0
AQV,0.0,0.0,0.0,0.0,0.0,0.0,0.0,0.0,0.0,0.0,0.0,0.0,0.0,0.0,0.0,0.0
ARA,0.0,0.0,0.0,1.3862943611198906,0.0,0.0,0.0,0.0,0.0,0.0,1.297273432703542,1.3732653608351373,1.2070784343255752,0.0,1.3862943611198906,2.1581057455185335
ARD,0.0,0.6931471805599453,1.0986122886681098,0.6931471805599453,0.0,0.0,0.0,0.0,1.0986122886681098,0.0,0.0,0.6931471805599453,1.0986122886681098,0.6931471805599453,0.6931471805599453,0.0
ARE,0.5493061443340549,0.0,0.46209812037329684,0.648636716351771,0.0,0.0,0.0,1.0986122886681098,0.0,0.3243183581758855,0.0,0.0,1.1295030226309093,0.716703787691222,0.0,0.46209812037329684
ARG,0.0,0.0,0.5493061443340549,0.6931471805599453,0.0,0.0,0.0,0.0,0.6931471805599453,0.6931471805599453,0.8047189562170501,1.433407575382444,0.0,0.0,1.2070784343255752,1.3862943611198906
ARH,1.433407575382444,1.0986122886681098,0.5493061443340549,1.6094379124341003,1.2070784343255752,0.5493061443340549,0.0,0.9241962407465937,0.6931471805599453,0.40235947810852507,0.6931471805599453,0.5493061443340549,1.0750556815368328,1.6094379124341003,0.6931471805599453,1.0986122886681098
ARI,0.0,0.0,0.0,0.0,0.0,0.0,0.0,0.0,0.0,0.0,0.0,0.0,0.0,0.0,0.0,0.0
ARK,0.6931471805599453,0.5493061443340549,0.0,0.0,0.0,0.0,0.6931471805599453,0.0,0.6931471805599453,0.0,0.6931471805599453,0.0,0.0,0.0,0.6931471805599453,1.3862943611198906
ARL,0.0,0.0,0.0,1.0986122886681098,0.0,0.0,0.46209812037329684,0.0,1.0986122886681098,0.5493061443340549,0.0,0.0,0.0,0.0,1.6094379124341003,1.0986122886681098
ARM,3.2188758248682006,2.6223806710998603,3.2188758248682006,0.0,3.127772676500623,3.996492121330618,3.6126647968884,2.8147840399962667,2.961959564600181,0.17002186811153908,3.3864817146770254,2.4849066497880004,0.0,3.127772676500623,0.0,2.2281432400225847
ARQ,2.9506361727958503,3.127772676500623,0.6777018135785455,0.9729550745276566,1.87024054922693,1.0986122886681098,2.030044099704045,0.27465307216702745,2.2901192060183426,1.7343713162681,0.3243183581758855,0.0,0.8047189562170501,0.358351893845611,1.416606672028108,0.6931471805599453
ARR,1.791759469228055,2.1972245773362196,1.791759469228055,0.6931471805599453,1.3862943611198906,1.0986122886681098,1.0750556815368328,2.1581057455185335,2.3978952727983707,1.791759469228055,2.046742304883596,2.0794415416798357,1.0986122886681098,1.4853153869141684,2.302585092994046,0.8047189562170501
ARS,0.0,0.0,0.0,0.0,0.0,0.0,0.6931471805599453,0.0,0.0,0.0,0.0,1.0986122886681098,0.0,0.0,0.6931471805599453,0.0
ART,1.6094379124341003,0.5493061443340549,0.6931471805599453,0.0,0.0,0.46209812037329684,0.8047189562170501,0.0,0.5493061443340549,0.0,0.0,0.6931471805599453,0.0,0.0,0.5493061443340549,0.0
ARV,0.46209812037329684,1.7908995167731467,2.030044099704045,1.6094379124341003,0.8047189562170501,0.0,1.624035279763236,0.0,2.736801091938045,0.716703787691222,1.9343215722158644,0.6412373393653842,0.0,0.0,1.5936825060316215,0.0
ARY,1.6094379124341003,0.8047189562170501,0.0,0.0,0.0,0.40235947810852507,1.0986122886681098,0.0,0.5493061443340549,0.0,0.0,0.5493061443340549,0.0,0.5493061443340549,0.0,0.6931471805599453
ASA,0.0,0.0,0.0,0.0,0.0,0.0,0.0,0.0,0.0,0.0,0.0,0.0,0.0,0.0,0.0,0.0
ASC,0.0,0.0,0.0,0.0,0.0,0.0,0.0,0.0,0.0,0.0,0.0,0.0,0.0,0.0,0.0,0.0
ASD,0.0,0.0,0.0,0.0,0.0,0.0,0.0,0.0,0.0,0.0,0.0,0.0,0.0,0.0,0.0,0.0
ASF,0.0,0.0,0.0,0.0,0.0,0.6931471805599453,0.0,0.9241962407465937,0.0,0.0,0.0,0.0,0.0,1.0986122886681098,0.0,0.6931471805599453
ASG,2.2330485096744495,0.7393569925972749,0.5493061443340549,0.0,0.27465307216702745,0.3243183581758855,0.6777018135785455,0.0,2.321185886659037,0.42749155957692275,0.891189232148501,1.023371152441798,0.5493061443340549,0.40235947810852507,0.4518012090523637,1.0750556815368328
ASI,2.7887850404652017,2.9974488149797636,0.5493061443340549,0.0,1.8920414359288362,0.406008819940809,0.0,0.0,2.6390573296152584,0.21374577978846138,0.3243183581758855,0.0,0.0,0.0,0.0,0.0
ASK,0.0,0.0,0.716703787691222,1.6094379124341003,1.3862943611198906,0.6931471805599453,0.0,0.46209812037329684,0.5493061443340549,0.716703787691222,0.9729550745276566,0.5493061443340549,0.6931471805599453,1.0750556815368328,0.9241962407465937,0.6931471805599453
ASL,1.2792139405522478,0.9591581091193483,0.7193685818395111,0.6931471805599453,1.297273432703542,0.6777018135785455,0.716703787691222,0.7675283643313486,1.782378464297002,0.8047189562170501,0.4620981203732968,0.5119312769223013,0.4518012090523637,0.9241962407465937,0.31370718189612473,0.24052113071331957
ASN,0.0,0.0,0.0,0.0,0.0,0.0,0.0,0.5493061443340549,0.40235947810852507,0.5493061443340549,0.5941261547656673,0.716703787691222,0.0,0.0,0.716703787691222,1.3862943611198906
ASP,0.0,0.6931471805599453,2.046742304883596,2.0794415416798357,0.5493061443340549,1.624035279763236,0.5493061443340549,0.9241962407465937,1.624035279763236,1.297273432703542,1.8270396897336403,1.9183162182386966,2.0794415416798357,0.648636716351771,2.617279092592391,1.9459101490553132
ASQ,0.9460207179644181,0.6274143637922495,0.7605777383086914,0.0,0.15222612188617116,3.8039981238791043,0.24052113071331957,3.732598840499866,0.13032386152085929,2.5995004466930154,4.382277715745552,1.3086395462961955,0.0,0.3271598865740489,1.065582853203198,3.641342250457394
ASR,0.6931471805599453,0.0,0.5493061443340549,0.0,0.0,0.0,0.0,0.0,0.6931471805599453,0.0,0.0,0.0,0.0,0.0,0.0,0.0
ASS,0.46209812037329684,0.0,1.6094379124341003,0.0,0.5941261547656673,0.0,1.9343215722158644,0.0,0.0,1.9478341740386487,1.0986122886681098,1.0986122886681098,0.6931471805599453,0.0,1.7993793761572692,0.716703787691222
AST,0.0,0.9241962407465937,1.0986122886681098,0.6931471805599453,1.297273432703542,0.9241962407465937,0.46209812037329684,0.9241962407465937,1.0986122886681098,0.716703787691222,1.0750556815368328,1.9459101490553132,0.0,0.648636716351771,1.6479184330021646,0.0
ASV,0.0,0.716703787691222,0.0,0.6931471805599453,1.2070784343255752,0.5493061443340549,0.0,0.0,0.0,0.0,0.3243183581758855,0.6931471805599453,0.5493061443340549,0.0,0.0,0.0
ASW,0.46209812037329684,0.0,0.5493061443340549,1.0986122886681098,0.0,0.6931471805599453,0.46209812037329684,0.0,1.297273432703542,0.0,0.9241962407465937,1.0986122886681098,0.0,0.0,1.0986122886681098,1.0986122886681098
ASY,0.5493061443340549,0.0,0.5493061443340549,0.0,0.0,0.40235947810852507,0.0,0.0,0.6931471805599453,0.0,0.0,0.5493061443340549,0.0,0.5493061443340549,0.5493061443340549,0.0
ATC,0.0,1.0986122886681098,0.0,0.5493061443340549,0.6931471805599453,1.0986122886681098,0.0,1.0986122886681098,0.6931471805599453,0.6931471805599453,0.0,0.0,0.9241962407465937,0.6931471805599453,0.6931471805599453,0.0
ATD,0.0,0.0,0.6931471805599453,0.6931471805599453,0.0,0.5493061443340549,0.5493061443340549,0.0,0.0,0.5493061443340549,0.46209812037329684,1.0986122886681098,0.6931471805599453,0.0,0.5493061443340549,0.8047189562170501
ATE,0.0,0.0,0.0,0.0,0.0,2.436052919644854,0.0,0.46209812037329684,0.0,0.0,1.5350567286626973,0.0,0.0,0.0,0.0,0.0
ATF,0.0,0.6931471805599453,0.0,0.6931471805599453,0.0,0.0,0.0,0.6931471805599453,0.0,0.0,0.0,0.0,0.6931471805599453,0.0,0.0,1.3862943611198906
ATG,0.0,0.46209812037329684,0.46209812037329684,0.5493061443340549,0.8047189562170501,0.0,0.6931471805599453,0.6931471805599453,0.5493061443340549,0.9241962407465937,0.40235947810852507,0.6931471805599453,0.0,0.0,1.0986122886681098,0.46209812037329684
ATI,0.0,0.0,0.0,0.0,0.0,0.0,0.0,0.0,0.0,0.0,0.0,0.0,0.0,0.0,0.0,0.0
ATK,0.0,0.0,0.0,0.0,0.0,0.0,0.0,0.0,0.0,0.0,0.0,0.0,0.0,0.0,0.0,0.0
ATL,0.0,0.0,0.9241962407465937,0.8047189562170501,0.0,0.358351893845611,0.0,0.0,0.5941261547656673,0.40235947810852507,0.8047189562170501,0.648636716351771,0.9241962407465937,0.6931471805599453,0.0,0.0
ATM,0.0,0.0,0.0,0.0,0.0,0.0,0.0,0.0,0.0,0.0,1.0750556815368328,1.0750556815368328,0.0,0.0,1.1882523095313346,1.0986122886681098
ATN,0.0,1.2792139405522478,0.40235947810852507,0.0,1.068728898942307,0.0,0.0,0.0,0.40235947810852507,0.40235947810852507,0.0,0.0,0.0,0.0,0.0,0.0
ATQ,0.6931471805599453,0.46209812037329684,0.0,0.0,0.0,0.0,0.0,0.0,0.0,0.0,0.0,0.6931471805599453,0.0,0.6931471805599453,0.0,0.0
ATR,0.5493061443340549,0.9241962407465937,0.46209812037329684,1.4853153869141684,1.297273432703542,0.8047189562170501,0.5941261547656673,0.0,1.0750556815368328,0.0,0.716703787691222,1.2070784343255752,0.5493061443340549,1.433407575382444,1.433407575382444,1.2070784343255752
ATS,0.0,0.0,0.5493061443340549,0.0,0.6931471805599453,0.0,0.0,0.0,0.0,0.0,0.8047189562170501,1.3862943611198906,0.0,0.46209812037329684,0.9241962407465937,1.0986122886681098
ATV,0.0,0.0,0.0,1.0986122886681098,0.0,0.0,0.0,0.0,0.0,0.0,0.0,0.0,0.9241962407465937,0.0,0.0,0.9241962407465937
ATW,0.0,0.0,0.0,0.0,0.0,0.8402784331667349,1.8039084803498968,0.0,0.0,0.0,0.0,0.18483924814931874,0.0,0.0,0.15767011966073635,0.0
ATY,0.0,0.0,0.0,0.0,0.0,0.0,0.0,0.0,0.0,0.0,0.0,0.0,0.0,0.0,0.0,0.0
AVA,1.9478341740386487,2.218070977791825,1.740889414994278,0.3243183581758855,2.321185886659037,1.1989476363991853,1.5813042316832728,1.297273432703542,1.023371152441798,1.8483924814931874,0.46209812037329684,1.6479184330021646,0.0,0.0,1.6744873407478829,0.0
AVD,0.0,0.0,0.0,0.0,0.0,0.0,0.0,0.6931471805599453,0.0,0.0,0.0,0.0,0.0,0.5493061443340549,0.0,0.6931471805599453
AVE,0.0,0.0,0.0,0.0,0.0,0.0,0.0,0.0,0.0,0.0,0.0,0.0,0.0,0.0,0.0,0.0
AVG,0.0,0.0,0.0,0.0,0.0,0.0,0.0,0.0,0.0,0.0,0.0,0.0,0.0,0.0,0.0,0.0
AVH,0.0,0.0,0.0,0.0,0.0,0.0,0.6931471805599453,0.46209812037329684,0.0,0.0,0.0,0.5493061443340549,0.0,0.6931471805599453,0.6931471805599453,0.0
AVI,0.0,0.0,0.0,0.0,0.0,0.358351893845611,0.0,0.46209812037329684,0.0,0.0,0.0,0.0,0.0,0.5493061443340549,0.46209812037329684,0.0
AVK,0.0,0.40235947810852507,0.9241962407465937,1.0986122886681098,0.9241962407465937,0.0,0.6931471805599453,0.46209812037329684,0.8047189562170501,0.0,1.0986122886681098,1.0986122886681098,0.6931471805599453,0.8047189562170501,1.3862943611198906,0.0
AVL,0.0,1.0986122886681098,0.9241962407465937,0.5493061443340549,1.0986122886681098,1.9459101490553132,1.0986122886681098,0.0,0.0,0.9241962407465937,0.0,0.0,1.0986122886681098,0.0,0.0,0.0
AVP,0.0,0.0,0.0,0.0,0.0,0.0,0.0,0.0,0.0,0.0,0.0,0.0,0.0,0.0,0.0,0.0
AVQ,0.0,1.2824746787307684,0.0,0.9241962407465937,0.0,3.675574249283123,2.135303938354977,2.4050883945369566,1.9629593194442934,0.0,0.24628957924923822,0.7883505983036818,1.791759469228055,0.0,0.44157749333690227,1.3032386152085929
AVR,0.0,0.0,0.0,0.0,0.0,0.0,0.0,0.0,0.0,0.0,0.0,0.0,0.0,0.0,0.0,0.0
AVS,0.0,0.0,0.0,0.0,0.0,0.0,0.0,0.0,0.0,0.0,0.0,0.0,0.0,0.0,0.0,0.0
AVT,0.716703787691222,1.0986122886681098,0.0,0.40235947810852507,0.46209812037329684,0.5493061443340549,0.6931471805599453,0.0,0.6931471805599453,0.0,0.0,0.6931471805599453,0.0,0.0,0.6931471805599453,0.5493061443340549
AVV,1.6094379124341003,0.5493061443340549,0.0,0.0,0.0,0.0,0.0,0.46209812037329684,0.0,0.0,0.0,0.0,0.5493061443340549,0.0,0.0,0.0
AVY,0.0,0.0,0.0,0.0,0.0,0.0,0.0,0.0,0.0,0.0,0.648636716351771,0.716703787691222,0.0,0.0,0.9729550745276566,0.9241962407465937
AWG,0.6931471805599453,0.0,0.6931471805599453,0.0,0.0,0.0,0.0,0.9241962407465937,0.0,0.0,0.0,0.0,1.0986122886681098,0.6931471805599453,0.0,0.6931471805599453
AWI,0.0,0.0,0.8047189562170501,0.0,0.0,0.0,0.0,0.40235947810852507,0.0,0.0,0.0,1.0986122886681098,1.6094379124341003,0.0,0.0,1.9459101490553132
AWN,0.0,0.0,0.0,0.0,0.0,0.0,0.0,0.0,0.0,0.0,0.0,0.0,0.0,0.0,0.0,0.0
AWR,0.6931471805599453,1.1882523095313346,0.891189232148501,1.433407575382444,1.4387371636790223,0.8047189562170501,0.3243183581758855,0.0,0.8047189562170501,0.5493061443340549,0.5941261547656673,0.648636716351771,0.46209812037329684,1.6094379124341003,0.5493061443340549,1.2070784343255752
AWV,0.0,0.0,0.0,0.0,0.0,0.0,0.0,3.127772676500623,0.0,2.5649493574615367,0.0,0.0,0.0,0.0,0.0,3.7188176174884022
AWW,0.0,1.3862943611198906,0.0,0.0,0.0,0.9729550745276566,0.0,0.0,0.0,0.0,0.0,0.0,0.0,0.0,0.0,0.0
AWY,2.4849066497880004,2.218070977791825,0.0,0.0,0.0,0.0,0.0,0.0,0.6931471805599453,0.0,0.0,0.0,0.0,0.0,0.0,0.0
AYA,0.0,0.0,0.0,0.0,0.0,0.0,0.0,0.0,0.0,0.0,0.0,0.0,0.0,0.0,0.0,0.0
AYD,0.0,0.0,0.0,0.0,0.0,0.0,0.0,0.0,0.0,0.0,0.0,0.0,0.0,0.0,0.0,0.0
AYF,0.0,2.5649493574615367,0.0,0.9241962407465937,0.0,3.2726528031108733,0.6777018135785455,0.0,0.4518012090523637,2.302585092994046,2.93511604914537,0.0,2.402910225941144,2.0794415416798357,1.3862943611198906,0.5941261547656673
AYI,0.0,0.6931471805599453,0.0,0.0,0.0,0.0,0.0,0.0,0.6931471805599453,0.0,0.0,0.0,0.0,0.0,0.0,0.0
AYK,0.6931471805599453,1.433407575382444,1.6215917908794277,1.0986122886681098,1.4853153869141684,0.9241962407465937,0.358351893845611,0.5493061443340549,1.6215917908794277,0.0,1.0986122886681098,0.6931471805599453,0.0,1.3862943611198906,0.0,0.0
AYL,0.0,0.0,0.46209812037329684,0.0,0.0,0.0,0.0,0.0,0.0,0.0,0.0,0.3243183581758855,0.0,0.0,0.0,0.46209812037329684
AYN,0.0,0.0,0.0,0.0,0.0,0.0,0.0,0.6931471805599453,0.0,0.0,0.0,0.0,0.0,0.6931471805599453,0.0,0.0
AYS,0.0,0.0,0.0,0.0,0.0,0.0,0.0,0.0,0.0,0.0,0.0,0.0,0.0,0.0,0.0,0.0
AYT,0.0,0.0,0.0,0.0,0.0,0.0,0.0,0.0,0.0,0.0,0.0,0.0,0.0,0.0,0.0,0.0
AYV,0.0,0.0,0.0,0.40235947810852507,0.0,0.5493061443340549,0.0,0.6931471805599453,0.0,0.5493061443340549,0.0,0.0,0.6931471805599453,0.8047189562170501,0.5493061443340549,0.0
CAA,2.1972245773362196,0.0,0.648636716351771,0.0,0.0,0.0,0.0,0.0,1.9237120180961527,0.0,0.2558427881104495,0.47957905455967414,0.0,0.0,0.3868643144431728,1.2070784343255752
CAD,0.0,0.0,0.0,0.0,0.46209812037329684,0.9241962407465937,0.0,0.6931471805599453,0.0,0.0,0.0,0.5493061443340549,0.0,1.0986122886681098,0.5493061443340549,0.0
CAG,0.8047189562170501,1.4853153869141684,0.716703787691222,0.6931471805599453,0.0,0.358351893845611,0.0,0.8047189562170501,1.4853153869141684,0.0,0.358351893845611,0.5802964716647593,0.648636716351771,0.6931471805599453,1.3732653608351373,0.0
CAK,0.0,0.46209812037329684,0.6931471805599453,0.0,0.0,0.0,0.0,0.0,0.0,0.0,1.0986122886681098,1.2070784343255752,0.46209812037329684,0.0,0.6931471805599453,0.8047189562170501
CAL,0.0,0.0,0.0,0.0,0.0,0.0,0.0,0.0,0.0,0.0,0.0,0.0,0.0,0.0,0.0,0.0
CAM,0.0,0.5493061443340549,0.0,0.0,0.5493061443340549,0.5493061443340549,0.0,0.0,0.0,0.0,0.0,0.0,0.0,0.5493061443340549,0.0,0.0
CAR,3.1354942159291497,2.3019858420456756,0.22590060452618185,0.0,0.0,0.46209812037329684,0.0,0.0,2.3019858420456756,0.22590060452618185,0.2558427881104495,0.0,0.46209812037329684,0.0,0.0,0.0
CAS,0.0,0.0,0.0,0.0,0.0,0.0,0.0,0.0,0.0,0.0,0.0,0.0,0.0,0.0,0.0,0.0
CAV,0.0,0.0,0.0,0.0,0.0,0.0,0.0,0.0,0.0,0.0,0.0,0.0,0.0,0.0,0.0,0.0
CCH,0.0,0.0,0.0,0.0,0.0,0.0,0.0,0.0,0.0,0.0,0.0,0.0,0.0,0.0,0.0,0.0
CCT,0.0,0.5941261547656673,0.0,0.6931471805599453,0.0,0.0,0.511685576220899,0.0,1.297273432703542,0.0,1.297273432703542,0.5493061443340549,0.0,0.0,1.2792139405522478,0.0
CCY,0.9241962407465937,1.0750556815368328,1.9459101490553132,1.0986122886681098,0.0,0.0,1.5350567286626973,0.0,2.5649493574615367,0.46209812037329684,1.9237120180961527,1.1989476363991853,0.0,0.0,1.355403627157091,1.6094379124341003
CDA,0.0,0.0,0.0,0.0,0.0,0.0,0.0,0.0,0.0,0.0,0.0,0.0,0.0,0.0,0.0,0.0
CDF,0.0,0.0,0.0,0.0,0.0,0.0,0.0,0.0,0.0,0.0,0.0,0.0,0.0,0.0,0.0,0.0
CDK,0.6931471805599453,1.0986122886681098,0.0,1.0986122886681098,0.6931471805599453,0.0,0.0,0.6931471805599453,0.5493061443340549,0.6931471805599453,0.6931471805599453,0.6931471805599453,1.0986122886681098,0.0,0.9241962407465937,1.0986122886681098
CDL,0.0,0.0,0.0,0.0,0.0,0.0,0.0,0.0,0.0,0.0,0.0,0.0,0.0,0.0,0.0,0.0
CDN,0.0,0.0,0.0,0.0,0.0,0.0,0.0,0.0,0.0,0.0,0.0,0.0,0.0,0.0,0.0,0.0
CDR,0.5493061443340549,0.9241962407465937,0.0,0.0,0.0,0.6931471805599453,0.6931471805599453,0.46209812037329684,0.5493061443340549,0.0,0.8047189562170501,0.29706307738283366,0.0,0.6931471805599453,0.0,0.0
CDS,0.0,0.5493061443340549,0.0,0.0,0.0,0.5493061443340549,0.5493061443340549,0.6931471805599453,0.6931471805599453,0.0,0.9241962407465937,0.9241962407465937,0.0,0.0,1.0750556815368328,0.716703787691222
CEC,0.0,0.0,0.0,0.0,0.0,0.0,0.0,0.0,0.0,0.0,0.0,0.0,0.0,0.0,0.0,0.0
CED,0.0,0.0,0.0,0.0,0.0,0.0,0.0,0.0,0.0,0.0,0.0,0.0,0.0,0.0,0.0,0.0
CEE,0.0,0.5493061443340549,0.5493061443340549,0.6931471805599453,0.0,0.0,0.5493061443340549,0.0,0.716703787691222,0.0,0.0,0.0,0.0,0.0,0.3243183581758855,0.0
CEG,1.2070784343255752,0.358351893845611,0.40235947810852507,0.0,0.0,0.0,0.6931471805599453,0.40235947810852507,0.40235947810852507,0.5493061443340549,0.17303011317137817,0.2850449287208318,0.40235947810852507,0.0,0.31370718189612473,0.18483924814931874
CEK,0.0,0.0,0.0,0.0,0.0,0.0,0.0,0.0,0.0,0.0,0.0,0.0,0.0,0.0,0.0,0.0
CEL,0.0,1.0986122886681098,1.4387371636790223,0.0,0.511685576220899,0.0,0.0,0.8047189562170501,0.9241962407465937,0.0,0.0,1.6479184330021646,1.297273432703542,0.9241962407465937,0.0,1.9459101490553132
CEN,0.0,0.0,0.0,0.0,0.0,0.0,0.0,0.0,0.0,0.0,0.0,0.0,0.0,0.0,0.0,0.0
CEP,0.0,0.0,0.0,0.0,0.0,0.0,0.0,0.0,0.0,0.0,0.0,0.0,0.0,0.0,0.0,0.0
CEQ,0.0,0.0,0.0,0.0,0.0,0.0,0.0,0.0,0.0,0.0,0.0,0.0,0.0,0.0,0.0,0.0
CFC,0.0,0.0,0.0,0.0,0.0,0.0,0.0,0.0,0.0,0.0,0.0,0.0,0.0,0.0,0.0,0.0
CFE,0.5941261547656673,0.0,0.5493061443340549,0.46209812037329684,0.0,0.0,0.0,0.0,0.0,0.46209812037329684,0.0,0.0,0.9729550745276566,0.0,0.0,0.46209812037329684
CFF,0.6931471805599453,0.9241962407465937,0.0,0.0,0.6931471805599453,1.0986122886681098,0.6931471805599453,0.6931471805599453,1.0986122886681098,0.0,1.3862943611198906,0.6931471805599453,0.0,1.0986122886681098,0.6931471805599453,0.0
CFQ,0.0,0.5493061443340549,0.0,0.0,0.0,0.0,1.0986122886681098,0.0,0.0,0.0,0.0,0.5941261547656673,0.0,0.0,0.0,0.8047189562170501
CFT,0.0,0.0,0.0,0.0,0.0,0.0,0.0,0.0,0.0,0.0,0.0,0.0,0.0,0.0,0.0,0.0
CFV,0.0,0.0,0.0,0.0,0.0,0.0,0.0,0.0,0.0,0.0,0.0,0.0,0.0,0.0,0.0,0.0
CGA,0.0,0.0,0.0,0.0,0.0,0.0,0.0,0.0,0.0,0.0,0.0,0.0,0.0,0.0,0.0,0.0
CGD,0.0,0.0,0.0,0.0,0.0,0.0,0.0,0.0,0.0,0.0,0.0,0.0,0.0,0.0,0.0,0.0
CGG,0.0,0.0,0.9241962407465937,0.0,0.9241962407465937,0.0,0.0,0.0,0.0,0.0,0.0,0.0,0.0,0.0,0.0,0.0
CGI,0.6931471805599453,0.0,0.9241962407465937,0.6931471805599453,0.5493061443340549,0.9241962407465937,0.6931471805599453,0.0,1.6094379124341003,1.0986122886681098,1.433407575382444,0.5493061443340549,0.0,0.0,1.2070784343255752,0.0
CGK,0.0,0.0,0.0,0.0,0.0,0.0,0.0,0.0,0.0,0.0,0.0,0.0,0.0,0.0,0.0,0.0
CGL,0.0,0.0,0.5493061443340549,0.0,0.6931471805599453,0.0,1.0986122886681098,0.0,0.5493061443340549,0.5493061443340549,0.40235947810852507,0.5493061443340549,0.0,0.6931471805599453,0.0,0.0
CGM,0.0,0.0,0.0,0.0,0.0,0.0,0.0,0.0,0.0,0.0,0.0,0.0,0.0,0.0,0.0,0.0
CGR,0.0,0.0,0.0,0.0,0.0,0.0,0.0,0.0,0.0,0.0,0.0,0.0,0.0,0.0,0.0,0.0
CGS,0.0,0.0,0.0,0.0,0.0,0.0,0.0,0.0,0.0,0.0,0.0,0.0,0.0,0.0,0.0,0.0
CGT,0.0,0.0,0.0,0.0,0.0,0.0,0.0,0.0,0.0,0.0,0.0,0.0,0.0,0.0,0.0,0.0
CGV,0.0,0.0,0.0,0.0,0.0,0.0,0.0,0.0,0.0,0.0,0.0,0.0,0.0,0.0,0.0,0.0
CHD,0.0,0.0,0.0,0.0,0.0,0.0,0.0,0.0,0.0,0.0,0.0,0.0,0.0,0.0,0.0,0.0
CHL,0.0,0.5493061443340549,0.0,0.0,0.0,0.0,0.6931471805599453,0.0,0.0,0.0,0.6931471805599453,0.0,0.0,0.0,0.0,0.0
CHQ,0.0,0.40235947810852507,0.46209812037329684,0.0,0.5493061443340549,0.0,0.6931471805599453,0.0,0.358351893845611,0.6931471805599453,0.6931471805599453,0.0,0.0,0.0,0.0,0.0
CHY,1.0986122886681098,0.0,0.648636716351771,0.0,0.0,0.0,0.6931471805599453,0.0,0.9241962407465937,0.0,1.8270396897336403,0.0,0.0,0.0,0.0,0.0
CIA,0.0,0.0,0.0,0.6931471805599453,0.0,0.0,0.0,0.0,0.0,0.0,0.0,0.0,0.0,0.0,0.6931471805599453,0.0
CIP,0.0,0.6931471805599453,0.0,0.0,0.0,0.0,0.6931471805599453,0.0,0.6931471805599453,0.0,0.0,0.0,0.0,0.0,0.0,0.0
CIR,0.0,0.6931471805599453,0.8047189562170501,0.9241962407465937,1.0986122886681098,1.0986122886681098,1.0750556815368328,0.6931471805599453,1.6215917908794277,1.2070784343255752,1.0750556815368328,0.0,0.0,0.5493061443340549,0.648636716351771,0.5493061443340549
CIS,0.0,0.0,0.0,0.0,0.6931471805599453,0.0,0.0,0.0,0.0,0.0,0.0,0.0,0.0,0.0,0.0,0.0
CIY,0.0,0.0,0.6931471805599453,0.0,0.6931471805599453,0.46209812037329684,0.0,0.0,0.0,0.6931471805599453,0.0,0.0,0.0,0.0,0.0,0.0
CKA,0.0,0.0,0.0,0.0,0.0,0.0,0.0,0.0,0.0,1.0986122886681098,0.8047189562170501,0.0,0.0,0.0,0.0,0.0
CKD,1.782378464297002,1.6215917908794277,1.433407575382444,0.0,0.8047189562170501,0.0,0.0,1.791759469228055,1.4853153869141684,0.8047189562170501,0.3243183581758855,1.2792139405522478,0.0,0.0,1.6215917908794277,0.0
CKG,0.0,0.0,0.0,0.0,0.0,0.0,0.0,0.0,0.0,0.0,0.0,0.0,0.0,0.0,0.0,0.0
CKK,0.0,0.5493061443340549,0.0,1.0986122886681098,0.0,0.5493061443340549,0.0,0.0,0.0,0.0,0.0,0.0,0.6931471805599453,0.6931471805599453,0.0,0.5493061443340549
CKL,0.0,0.6931471805599453,0.0,0.6931471805599453,0.0,0.0,0.0,0.0,0.0,0.0,0.0,0.0,0.6931471805599453,0.0,0.0,0.0
CKN,0.6931471805599453,0.46209812037329684,0.0,0.0,0.0,0.0,1.0986122886681098,0.0,0.358351893845611,0.8047189562170501,0.6931471805599453,0.5493061443340549,0.6931471805599453,0.0,0.0,0.0
CKR,1.0986122886681098,0.6931471805599453,1.0986122886681098,0.9241962407465937,0.9241962407465937,0.8047189562170501,0.46209812037329684,0.0,0.0,1.0986122886681098,0.5493061443340549,0.0,0.0,0.8047189562170501,0.0,0.5493061443340549
CKS,0.0,0.6931471805599453,0.0,0.0,0.0,0.0,0.0,0.6931471805599453,0.0,0.0,0.0,0.0,0.0,0.0,0.0,0.6931471805599453
CKT,0.0,0.0,0.0,0.0,0.0,0.0,0.0,0.0,0.0,0.0,0.0,0.0,0.0,0.0,0.0,0.0
CKV,0.0,0.0,0.0,0.0,0.0,0.0,0.0,0.0,0.0,0.0,0.0,0.0,0.0,0.0,0.0,0.0
CLA,0.0,0.0,0.0,0.0,0.0,0.0,0.0,0.0,0.0,0.0,0.0,0.0,0.0,0.0,0.0,0.0
CLC,0.0,0.0,0.0,0.0,0.0,0.0,0.0,0.0,0.0,0.0,0.0,0.0,0.0,0.0,0.0,0.0
CLD,0.0,0.6931471805599453,0.0,0.6931471805599453,0.46209812037329684,0.0,0.0,0.0,0.0,0.0,0.0,0.0,0.6931471805599453,0.0,0.0,0.0
CLG,0.0,0.0,0.0,0.0,0.0,0.0,0.0,0.0,0.0,0.0,0.0,0.0,0.0,0.0,0.0,0.0
CLK,0.0,0.0,0.0,0.0,0.0,0.0,0.0,0.0,0.0,0.0,0.0,0.0,0.0,0.0,0.0,0.0
CLL,0.0,0.0,0.7675283643313486,0.0,0.0,0.0,0.0,0.0,0.0,0.0,0.0,0.8831549866738045,0.891189232148501,0.0,0.0,0.5545177444479562
CLN,0.46209812037329684,0.0,0.5493061443340549,0.0,0.6931471805599453,0.0,0.0,0.0,0.0,0.0,0.0,0.0,0.0,0.0,0.0,0.0
CLP,1.0986122886681098,0.716703787691222,0.0,0.0,0.9241962407465937,0.0,0.0,0.0,0.0,0.0,0.42756739308124764,0.4691306733327111,0.8047189562170501,0.0,0.6412373393653842,0.0
CLR,0.0,1.3862943611198906,0.6931471805599453,0.6931471805599453,1.2070784343255752,1.2070784343255752,0.0,1.0986122886681098,0.6931471805599453,1.0986122886681098,0.6931471805599453,0.0,1.0986122886681098,0.6931471805599453,0.0,0.0
CLS,0.0,0.0,0.0,0.0,0.0,0.0,0.0,0.0,0.0,0.0,0.0,0.0,0.0,0.0,0.0,0.0
CLV,0.0,0.0,0.0,0.6931471805599453,0.0,0.0,0.0,0.0,0.0,0.0,0.0,0.0,0.0,0.46209812037329684,0.0,0.5493061443340549
CLY,0.0,1.0986122886681098,0.716703787691222,1.0986122886681098,1.0986122886681098,1.6094379124341003,0.0,1.0986122886681098,0.0,0.9241962407465937,0.0,0.0,0.9241962407465937,0.0,0.0,1.0986122886681098
CMG,0.0,0.0,0.0,0.0,0.0,0.0,0.0,0.0,0.0,0.0,0.0,0.0,0.0,0.0,0.0,0.0
CMI,0.0,0.0,0.0,0.0,0.0,0.0,0.0,0.0,0.0,0.0,0.0,0.0,0.0,0.0,0.0,0.0
CML,0.0,0.6931471805599453,0.0,0.0,0.0,0.0,0.6931471805599453,0.0,0.0,0.0,0.0,0.0,0.0,0.0,0.0,0.0
CMS,0.0,0.6931471805599453,0.0,0.0,0.0,0.0,0.0,0.0,0.0,0.0,0.0,0.0,0.6931471805599453,0.0,0.0,0.0
CND,0.0,0.5493061443340549,0.0,0.0,0.0,0.0,0.0,0.6931471805599453,0.0,0.0,0.0,0.0,0.40235947810852507,0.0,0.0,0.0
CNG,0.6931471805599453,1.1882523095313346,0.0,0.0,1.0986122886681098,1.0986122886681098,0.8047189562170501,0.0,0.0,0.0,1.0986122886681098,0.0,0.0,0.0,0.0,0.0
CNI,0.0,0.46209812037329684,0.0,0.6931471805599453,0.0,0.6931471805599453,1.0986122886681098,0.0,0.0,0.6931471805599453,0.0,0.5493061443340549,0.5493061443340549,0.0,0.0,0.0
CNK,0.6931471805599453,0.0,0.0,0.0,0.0,0.0,0.5493061443340549,0.0,0.0,0.0,0.0,0.46209812037329684,0.46209812037329684,0.0,0.0,0.40235947810852507
CNL,0.0,0.0,0.0,0.0,0.5493061443340549,0.0,0.0,0.0,0.0,0.0,1.1882523095313346,1.0986122886681098,0.0,0.0,0.716703787691222,1.0986122886681098
CNQ,0.0,0.0,0.0,0.0,0.0,0.0,0.0,0.0,0.0,0.0,0.0,0.0,0.0,0.0,0.0,0.0
CNS,0.0,0.0,0.0,0.0,0.0,0.0,0.0,0.0,0.0,0.0,0.0,0.0,0.0,0.0,0.0,0.0
CNY,0.0,0.0,0.0,0.0,0.0,0.0,0.0,0.0,0.0,0.0,0.0,0.0,0.0,0.0,0.0,0.0
CPA,0.0,0.0,0.0,0.0,0.0,0.0,0.0,0.0,0.0,0.0,0.0,0.0,0.0,0.0,0.0,0.0
CPF,0.0,0.46209812037329684,0.0,0.0,0.0,0.0,0.0,0.0,0.0,0.0,0.0,0.0,0.6931471805599453,0.0,0.0,0.0
CPG,0.0,0.46209812037329684,0.9241962407465937,0.0,0.5493061443340549,0.0,0.0,0.0,0.5493061443340549,0.0,0.0,0.0,0.0,0.0,0.0,0.0
CPK,0.0,0.46209812037329684,0.0,0.0,0.0,0.0,0.40235947810852507,0.0,0.0,0.0,0.46209812037329684,0.0,0.0,0.0,0.0,0.0
CPN,0.0,0.0,0.0,0.0,0.0,0.0,0.0,0.0,0.0,0.0,0.0,0.0,0.0,0.0,0.0,0.0
CPR,0.0,0.0,0.0,0.0,0.0,0.0,0.0,0.0,0.0,0.0,0.0,0.0,0.0,0.0,0.0,0.0
CPS,0.0,0.6931471805599453,0.9241962407465937,0.0,0.0,0.0,0.6931471805599453,0.0,1.0986122886681098,0.0,0.0,0.0,0.0,0.0,0.0,0.0
CPW,0.0,0.0,0.0,0.0,0.0,0.0,0.0,0.0,0.0,0.0,0.0,0.0,0.0,0.0,0.0,0.0
CQD,0.0,0.0,0.9241962407465937,0.0,0.0,0.0,0.0,0.0,0.9241962407465937,0.0,0.0,0.0,0.0,0.0,0.0,0.0
CQE,0.0,0.0,0.0,0.0,0.0,0.0,0.0,0.0,0.0,0.0,0.0,0.0,0.0,0.0,0.0,0.0
CQG,0.0,0.8047189562170501,0.0,0.0,0.6931471805599453,0.358351893845611,0.0,0.40235947810852507,0.6931471805599453,0.0,0.6931471805599453,0.0,0.0,0.0,0.0,0.0
CQI,0.0,0.0,0.0,0.0,0.0,0.0,0.0,0.0,0.0,0.0,0.6931471805599453,0.6931471805599453,0.0,0.0,0.6931471805599453,0.0
CQK,0.0,0.0,0.0,0.0,0.0,0.0,0.0,0.0,0.0,0.0,0.0,0.0,0.0,0.0,0.0,0.0
CQQ,2.4849066497880004,2.1249100080421623,1.0750556815368328,0.0,0.716703787691222,0.0,0.0,1.0986122886681098,0.6931471805599453,0.0,0.0,1.922571505169192,0.0,0.0,1.709966238307691,0.0
CQV,0.0,0.0,0.0,0.0,0.0,0.0,0.0,0.0,0.0,0.0,0.0,0.0,0.0,0.0,0.0,0.0
CQW,0.0,0.0,0.0,0.0,0.0,0.0,0.0,0.0,0.0,0.0,0.0,0.0,0.0,0.0,0.0,0.0
CRA,0.0,0.0,0.0,0.0,0.0,0.0,0.0,0.0,0.0,0.0,0.0,0.0,0.0,0.0,0.0,0.0
CRC,0.0,0.0,0.0,0.0,0.0,0.0,0.0,0.0,0.0,0.0,0.0,0.0,0.0,0.0,0.0,0.0
CRD,0.0,0.5493061443340549,0.46209812037329684,0.0,0.0,0.0,0.6931471805599453,0.29706307738283366,0.40235947810852507,0.0,0.6412373393653842,0.42749155957692275,0.0,0.0,0.5545177444479562,0.4518012090523637
CRG,0.0,0.6931471805599453,0.0,0.0,0.0,0.0,0.0,0.6931471805599453,0.46209812037329684,0.0,0.0,1.0986122886681098,0.0,0.0,0.891189232148501,0.716703787691222
CRK,0.5493061443340549,0.6931471805599453,0.6931471805599453,0.0,0.5493061443340549,0.0,0.0,0.0,0.5493061443340549,1.0986122886681098,1.297273432703542,0.0,0.6931471805599453,0.0,0.0,0.0
CRL,0.0,1.6094379124341003,2.046742304883596,0.0,0.9241962407465937,0.0,0.0,1.433407575382444,1.433407575382444,0.0,0.0,1.9459101490553132,1.6094379124341003,1.0986122886681098,0.0,1.9459101490553132
CRN,0.0,0.0,0.0,0.0,0.0,0.0,0.0,0.0,0.0,0.0,0.0,0.0,0.0,0.0,0.0,0.0
CRS,1.9459101490553132,0.0,2.3978952727983707,0.0,0.0,0.0,0.0,0.0,1.9459101490553132,0.9241962407465937,0.0,0.0,0.0,0.0,0.0,0.0
CSA,0.0,0.0,0.0,0.0,0.0,0.0,0.0,0.0,0.0,0.0,0.0,0.0,0.0,0.0,0.0,0.0
CSC,0.0,0.0,0.0,0.0,0.0,0.0,0.0,0.0,0.0,0.0,0.0,0.0,0.0,0.0,0.0,0.0
CSF,0.0,0.0,0.0,0.6931471805599453,0.0,0.0,0.0,0.0,0.6931471805599453,0.0,0.0,0.0,0.0,0.0,1.0986122886681098,0.6931471805599453
CSG,0.0,0.0,0.0,0.0,0.0,0.0,0.0,0.0,0.0,0.0,0.0,0.0,0.0,0.0,0.0,0.0
CSH,0.0,0.0,0.5493061443340549,0.0,0.6931471805599453,0.0,0.0,0.0,0.0,1.0986122886681098,0.9729550745276566,0.0,0.0,0.0,0.0,0.0
CSL,1.0986122886681098,0.0,0.8047189562170501,0.0,0.0,0.0,0.0,0.0,0.8047189562170501,0.0,0.0,0.0,0.0,0.0,0.0,0.0
CSN,0.0,0.0,0.0,0.0,0.0,0.0,0.0,0.0,0.0,0.0,0.0,0.0,0.0,0.0,0.0,0.0
CSR,1.433407575382444,0.0,1.433407575382444,0.0,0.0,0.0,1.0986122886681098,0.0,0.9241962407465937,0.9241962407465937,0.0,0.0,0.0,0.0,0.0,0.0
CST,0.0,0.0,0.0,0.0,0.0,0.0,0.0,0.0,0.0,0.0,0.0,0.0,0.0,0.0,0.0,0.0
CSV,0.0,1.218026459822427,0.27465307216702745,0.0,1.068728898942307,1.297273432703542,0.5941261547656673,1.0986122886681098,0.0,0.0,0.23978952727983707,0.0,0.0,0.891189232148501,0.0,0.0
CTE,0.0,0.0,0.0,0.0,0.0,0.0,0.0,0.0,0.3243183581758855,0.0,0.0,0.0,0.0,0.0,0.0,0.0
CTG,0.0,0.0,0.0,0.0,0.0,0.0,0.0,0.0,0.0,0.0,0.0,0.0,0.0,0.0,0.0,0.0
CTI,0.0,0.648636716351771,0.0,0.6931471805599453,0.0,0.0,0.511685576220899,0.0,1.1882523095313346,0.0,0.0,0.0,0.0,0.0,0.648636716351771,0.0
CTK,0.0,0.0,0.0,0.0,0.0,0.0,0.0,0.0,0.0,0.0,0.0,0.0,0.0,0.0,0.0,0.0
CTL,0.5493061443340549,0.6931471805599453,0.6931471805599453,0.6931471805599453,1.2070784343255752,1.791759469228055,0.0,0.0,0.0,0.0,1.0750556815368328,0.6931471805599453,0.6931471805599453,0.0,0.0,0.0
CTN,0.0,0.0,0.0,0.0,0.0,0.0,0.0,0.0,0.0,0.0,0.0,0.0,0.0,0.0,0.0,0.0
CTP,1.3862943611198906,0.0,0.0,0.0,0.0,0.0,0.0,0.0,0.0,0.0,0.0,0.0,0.0,0.0,0.0,0.0
CTT,0.0,0.0,0.0,0.0,0.0,0.6931471805599453,0.6931471805599453,0.6931471805599453,0.0,0.0,0.0,0.8047189562170501,0.0,0.0,0.46209812037329684,0.8047189562170501
CTV,0.0,0.5493061443340549,0.0,0.0,0.0,0.0,0.5493061443340549,0.0,0.0,0.0,0.6931471805599453,0.0,0.0,0.0,0.0,0.0
CTY,0.0,0.0,0.0,0.0,0.0,0.0,0.0,0.6931471805599453,0.0,0.0,0.0,0.0,0.0,0.6931471805599453,0.0,0.0
CVA,0.0,0.0,0.0,0.0,0.0,0.0,0.0,0.0,0.0,0.0,0.0,0.0,0.0,0.0,0.0,0.0
CVC,0.0,0.0,0.0,0.0,0.0,0.0,1.0986122886681098,0.6931471805599453,0.0,0.0,0.0,1.0750556815368328,0.0,0.0,1.3862943611198906,1.2070784343255752
CVE,0.0,0.0,0.0,0.0,0.0,0.0,0.0,0.0,0.0,0.0,0.0,0.9241962407465937,1.297273432703542,0.0,0.0,1.0986122886681098
CVI,0.0,0.0,0.0,0.0,0.0,0.0,0.0,0.0,0.0,0.0,0.0,0.0,0.0,0.0,0.0,0.0
CVL,0.0,0.0,0.0,0.0,0.0,0.0,0.0,0.6931471805599453,0.0,0.0,0.0,1.0986122886681098,0.0,0.0,0.8047189562170501,0.9241962407465937
CVN,0.0,0.0,0.0,0.0,0.0,0.0,0.0,0.0,0.0,0.0,0.0,0.0,0.0,0.0,0.0,0.0
CVS,0.0,0.0,0.0,0.0,0.0,0.0,0.0,0.0,0.0,0.0,0.0,0.0,0.0,0.0,0.0,0.0
CVT,0.0,0.0,0.0,0.0,0.0,0.0,0.0,0.0,0.0,0.0,0.0,0.0,0.0,0.0,0.0,0.0
CWT,0.0,0.0,0.0,0.0,0.0,0.0,0.0,0.0,0.0,0.0,0.0,0.0,0.0,0.0,0.0,0.0
CYD,1.0986122886681098,1.6215917908794277,1.9183162182386966,1.0986122886681098,0.0,0.0,1.6215917908794277,0.0,2.436052919644854,0.0,2.351203577673075,1.791759469228055,0.0,0.0,1.9459101490553132,1.6094379124341003
CYF,1.6094379124341003,2.1972245773362196,0.0,0.0,1.6094379124341003,1.0986122886681098,1.6094379124341003,0.0,1.1882523095313346,0.0,1.6094379124341003,0.0,0.0,0.0,0.0,0.0
CYG,0.0,0.0,0.0,0.0,0.0,0.0,0.0,0.0,0.0,0.0,0.0,0.0,0.0,0.0,0.0,0.0
CYL,0.0,0.0,0.0,0.0,0.0,0.0,0.0,0.0,0.0,0.0,0.0,0.0,0.0,0.0,0.0,0.0
CYN,0.0,0.0,0.0,0.0,0.0,0.0,0.0,0.0,0.0,0.0,0.0,0.46209812037329684,0.0,0.0,0.46209812037329684,0.0
CYT,0.0,0.0,0.0,0.0,0.0,0.0,0.0,0.0,0.0,0.0,0.0,0.0,0.0,0.0,0.0,0.0
DAC,0.0,0.0,0.0,0.0,0.0,0.0,0.0,0.0,0.0,0.0,0.0,0.0,0.0,0.0,0.0,0.0
DAD,0.0,0.0,0.6931471805599453,0.6931471805599453,0.0,0.0,0.0,0.6931471805599453,1.0750556815368328,0.0,0.0,0.0,0.0,0.5493061443340549,0.5493061443340549,0.0
DAE,0.0,0.0,0.0,0.0,0.0,0.0,0.0,0.0,0.0,0.0,2.0087726617617694,2.4224215843992942,0.0,0.0,2.281733214926074,2.2214696734501356
DAF,0.0,0.5493061443340549,0.0,0.0,0.0,0.0,0.0,0.0,0.5493061443340549,0.0,0.0,0.0,0.0,0.0,0.0,0.0
DAG,0.0,0.0,0.0,0.0,0.0,0.0,0.0,0.0,0.0,0.0,0.0,0.0,0.0,0.0,0.0,0.0
DAI,0.0,0.0,0.0,0.0,0.0,0.0,0.0,0.0,0.0,0.0,0.0,0.0,0.0,0.0,0.0,0.0
DAK,0.0,0.0,1.0986122886681098,0.0,0.0,0.0,0.0,0.0,0.6931471805599453,0.0,1.0986122886681098,0.0,0.0,0.0,0.0,0.0
DAL,1.0986122886681098,0.0,0.891189232148501,0.716703787691222,0.6931471805599453,0.0,0.0,1.2070784343255752,1.6094379124341003,0.0,0.0,0.0,1.3862943611198906,1.0986122886681098,0.0,1.0986122886681098
DAN,0.0,0.0,0.0,0.0,0.0,0.0,0.0,0.0,0.0,0.0,0.0,0.0,0.0,0.0,0.0,0.0
DAQ,0.0,0.0,0.0,0.0,0.0,0.0,0.0,0.0,0.0,0.0,0.0,0.6931471805599453,0.0,0.6931471805599453,0.0,0.6931471805599453
DAR,0.0,0.0,0.0,1.3862943611198906,0.0,0.6931471805599453,0.0,0.6931471805599453,0.6931471805599453,0.0,0.0,0.0,0.6931471805599453,0.6931471805599453,0.0,0.6931471805599453
DAS,0.0,0.0,0.0,0.0,0.0,0.0,0.0,0.0,0.0,0.0,0.0,0.0,0.0,0.0,0.0,0.0
DAT,0.0,1.9459101490553132,0.5493061443340549,0.5493061443340549,0.5493061443340549,0.0,0.0,0.6931471805599453,0.5493061443340549,0.0,0.0,0.0,1.791759469228055,0.0,0.0,2.0794415416798357
DAV,0.0,0.0,0.0,0.0,0.0,0.0,0.0,0.0,0.0,0.0,0.0,0.0,0.0,0.0,0.0,0.0
DAY,0.0,2.5649493574615367,0.0,0.9729550745276566,0.0,3.2726528031108733,0.5802964716647593,0.0,0.5941261547656673,2.302585092994046,2.9005302060182943,0.0,2.6390573296152584,2.0794415416798357,1.3862943611198906,0.4518012090523637
DCC,0.0,0.0,0.0,0.0,0.0,0.0,0.0,0.0,0.0,0.0,0.0,0.0,0.0,0.0,0.0,0.0
DCE,0.0,0.0,0.0,0.0,0.0,0.0,0.0,0.0,0.0,0.0,0.0,0.0,0.0,0.0,0.0,0.0
DCG,0.0,0.0,0.0,0.0,0.0,0.0,0.0,0.0,0.0,0.0,0.0,0.0,0.0,0.0,0.0,0.0
DCM,0.0,0.0,0.0,0.6931471805599453,0.0,0.0,0.0,0.0,0.0,0.0,0.0,0.0,0.0,0.0,0.6931471805599453,0.0
DCP,0.0,0.6931471805599453,0.0,0.0,0.0,0.0,0.0,0.0,0.0,0.0,0.0,0.0,0.6931471805599453,0.0,0.0,0.0
DCR,0.0,0.0,0.0,0.0,0.0,0.0,0.0,0.0,0.0,0.0,0.0,0.0,0.0,0.0,0.0,0.0
DCT,1.2070784343255752,0.0,0.0,0.0,0.0,0.0,0.0,0.0,0.0,0.0,0.0,0.0,0.0,0.0,0.0,0.0
DDA,0.0,0.0,1.0986122886681098,0.0,0.0,0.0,0.0,0.0,0.6931471805599453,0.0,1.0986122886681098,0.0,0.0,0.0,0.0,0.0
DDD,0.0,0.0,0.0,0.0,0.0,0.0,0.0,0.0,0.0,0.0,0.0,0.0,0.0,0.0,0.0,0.0
DDF,0.0,0.0,0.0,0.0,0.0,0.0,0.0,0.0,0.0,0.0,0.0,0.0,0.0,0.0,0.0,0.0
DDG,0.0,0.0,0.0,0.0,0.0,0.0,0.0,0.0,0.0,0.0,0.0,0.0,0.0,0.0,0.0,0.0
DDI,0.6931471805599453,0.0,0.0,0.6931471805599453,0.6931471805599453,0.0,0.0,0.0,0.6931471805599453,0.0,0.46209812037329684,0.0,0.0,0.0,0.5493061443340549,1.0750556815368328
DDK,0.0,0.0,0.0,0.0,0.0,0.0,0.5493061443340549,0.0,0.0,0.0,0.0,1.0986122886681098,0.0,0.6931471805599453,1.0986122886681098,0.0
DDL,0.36967849629863747,2.218070977791825,0.8551347861624953,1.740889414994278,0.9241962407465937,2.829031705642592,1.068728898942307,0.42749155957692275,1.3817625349338893,2.3019858420456756,3.2731263485170996,1.3732653608351373,1.770758340035135,0.9729550745276566,2.5503280216730864,2.046742304883596
DDN,0.0,0.0,0.0,0.0,0.0,0.0,0.0,0.0,0.0,0.0,0.0,0.0,0.0,0.0,0.0,0.0
DDP,0.0,0.0,0.0,0.0,0.0,0.0,0.0,0.0,0.0,0.0,0.0,0.0,0.0,0.0,0.0,0.0
DDQ,0.6931471805599453,0.0,0.0,0.0,0.0,0.0,0.0,0.0,0.5493061443340549,0.0,0.0,0.0,0.0,0.0,0.0,0.0
DDR,0.0,0.0,0.0,0.0,0.0,0.0,0.0,0.0,0.0,0.0,0.0,0.0,0.0,0.0,0.0,0.0
DDT,0.0,0.0,0.6931471805599453,0.0,0.6931471805599453,0.46209812037329684,0.0,0.0,0.0,0.6931471805599453,0.0,0.0,0.0,0.0,0.0,0.0
DDV,0.0,0.0,0.0,0.0,0.0,0.0,0.0,0.0,0.0,0.0,0.0,0.0,0.0,0.0,0.0,0.0
DEA,0.0,0.0,0.0,0.0,0.0,0.0,0.0,0.0,0.0,0.0,0.0,0.0,0.0,0.0,0.0,0.0
DED,0.27465307216702745,0.0,0.40235947810852507,0.0,0.0,0.09116267361666752,0.5493061443340549,0.0,0.0,0.46209812037329684,0.13032386152085929,0.0,0.0,0.46209812037329684,0.0,0.0
DEE,0.0,0.0,0.0,0.0,0.0,0.0,0.0,0.0,0.0,0.0,0.0,0.0,0.0,0.0,0.0,0.0
DEG,0.648636716351771,0.0,0.0,0.0,0.0,0.0,0.0,0.0,1.0986122886681098,0.0,0.0,0.0,0.0,0.0,0.0,0.0
DEH,0.0,0.6931471805599453,0.0,0.0,0.0,0.0,0.0,0.0,0.0,0.0,0.0,0.0,0.6931471805599453,0.0,0.0,0.0
DEI,0.0,0.0,0.0,0.0,0.0,0.0,0.0,0.0,0.0,0.0,0.0,0.0,0.0,0.0,0.0,0.0
DEL,2.2803594297666545,0.40235947810852507,1.218026459822427,0.0,0.46209812037329684,1.023371152441798,0.0,1.297273432703542,1.1882523095313346,1.5350567286626973,0.2030044099704045,0.23978952727983707,1.355403627157091,0.0,1.6215917908794277,0.0
DEM,0.0,0.0,0.0,0.0,0.0,0.0,0.0,0.0,0.0,0.0,0.0,0.0,0.0,0.0,0.0,0.0
DEP,0.0,0.0,0.0,0.0,0.0,0.0,0.0,0.0,0.0,0.0,0.0,0.0,0.0,0.0,0.0,0.0
DER,0.0,0.0,0.0,0.0,0.0,0.0,0.0,0.0,0.0,0.0,0.0,0.0,0.0,0.0,0.0,0.0
DES,0.0,0.0,0.5493061443340549,0.0,0.0,0.0,0.0,0.0,0.0,0.6931471805599453,0.0,0.0,0.0,0.0,0.0,0.0
DET,0.0,0.0,0.0,0.0,0.0,0.0,0.0,0.0,0.0,0.0,0.0,0.0,0.0,0.0,0.0,0.0
DEV,0.0,1.0986122886681098,0.0,1.0986122886681098,0.9241962407465937,0.6931471805599453,1.0750556815368328,0.6931471805599453,0.0,1.0986122886681098,1.297273432703542,0.0,0.6931471805599453,0.9241962407465937,0.0,0.6931471805599453
DFA,0.0,0.0,0.0,0.0,0.0,0.0,0.0,0.0,0.0,0.0,0.0,0.0,0.0,0.0,0.0,0.0
DFD,0.0,0.0,0.9241962407465937,0.0,1.0986122886681098,2.2590060452618186,1.2070784343255752,1.0986122886681098,0.0,0.9241962407465937,0.0,0.6931471805599453,0.0,0.9241962407465937,0.0,0.0
DFE,1.0986122886681098,0.0,0.0,0.6931471805599453,0.0,0.0,0.0,0.46209812037329684,0.0,0.0,0.0,0.0,0.0,0.5493061443340549,0.0,0.0
DFF,1.3862943611198906,0.0,0.0,0.0,0.0,0.5493061443340549,1.0986122886681098,0.0,0.5493061443340549,0.0,0.0,0.9729550745276566,0.0,0.0,1.3862943611198906,1.0986122886681098
DFG,0.0,0.0,0.0,0.0,0.0,0.0,0.0,0.0,0.0,0.0,0.0,0.0,0.0,0.0,0.0,0.0
DFH,0.6931471805599453,0.0,0.5493061443340549,0.0,0.6931471805599453,0.0,0.6931471805599453,0.0,0.5493061443340549,0.6931471805599453,1.1989476363991853,0.0,0.0,0.0,0.0,0.0
DFK,0.0,0.0,0.0,0.0,0.0,0.0,0.0,0.0,0.0,0.0,0.0,0.0,0.0,0.0,0.0,0.0
DFL,0.0,0.0,0.0,0.0,0.0,0.0,0.0,0.0,0.0,0.0,0.0,0.0,0.0,0.0,0.0,0.0
DFQ,0.0,0.0,0.6931471805599453,0.0,0.0,0.0,0.0,0.0,0.0,0.0,0.6931471805599453,0.0,0.0,0.0,0.0,0.0
DFR,0.6543197731480977,2.060392322691088,1.8317808230648231,1.7993793761572692,0.0,1.684115341129024,0.7786355092712018,0.2030044099704045,0.7021229274585992,1.3943925202326009,1.460945311789099,0.0,2.42288189412707,1.2435862814405005,0.5887699911158697,0.41452876048016685
DFS,0.5493061443340549,0.5493061443340549,0.6931471805599453,0.0,0.6931471805599453,0.6931471805599453,0.0,0.6931471805599453,0.0,0.0,0.9241962407465937,0.46209812037329684,0.0,0.6931471805599453,1.0986122886681098,0.46209812037329684
DFT,0.0,0.0,0.648636716351771,0.0,0.5802964716647593,0.8239592165010823,0.0,0.5493061443340549,0.0,0.29706307738283366,0.0,0.358351893845611,0.0,0.0,0.5941261547656673,0.0
DFW,2.345829507375467,1.766309973347609,1.4853153869141684,0.716703787691222,0.0,3.85325198289191,0.6777018135785455,0.0,2.355079964463479,0.9460207179644181,0.0,0.0,0.0,0.8549831191538455,0.0,0.0
DFY,0.0,0.0,0.0,0.0,0.0,0.0,0.0,0.0,0.0,0.0,0.0,0.0,0.0,0.0,0.0,0.0
DGA,0.2558427881104495,1.6215917908794277,1.6479184330021646,0.716703787691222,2.9155479968499836,0.0,0.6089044875446846,2.8903717578961645,1.9478341740386487,2.4072786084294826,1.425224643604159,0.4518012090523637,1.0986122886681098,0.0,2.8375995800876432,3.9318256327243257
DGC,0.0,0.0,0.0,0.0,0.0,0.0,0.0,0.0,0.0,0.0,0.0,0.5493061443340549,0.0,0.0,0.0,0.8047189562170501
DGD,0.0,0.0,0.0,0.0,0.0,0.0,0.6931471805599453,0.6931471805599453,0.0,0.0,0.0,0.5493061443340549,0.0,0.6931471805599453,0.5493061443340549,0.0
DGF,0.6931471805599453,0.6931471805599453,0.0,0.0,0.6931471805599453,0.6931471805599453,0.0,0.0,0.0,0.0,0.0,0.0,0.0,0.0,0.0,0.0
DGG,0.0,0.0,0.6931471805599453,0.6931471805599453,0.6931471805599453,0.0,0.0,0.0,0.5493061443340549,0.0,1.0986122886681098,0.5493061443340549,0.0,0.6931471805599453,0.0,0.5493061443340549
DGI,1.6094379124341003,0.40235947810852507,0.9241962407465937,1.433407575382444,0.0,0.0,1.2070784343255752,0.0,0.5493061443340549,0.0,0.9591581091193483,1.6479184330021646,1.9459101490553132,0.716703787691222,0.716703787691222,2.0794415416798357
DGK,0.0,0.358351893845611,1.2070784343255752,1.3862943611198906,0.9241962407465937,0.5493061443340549,0.8047189562170501,0.358351893845611,0.8047189562170501,0.5493061443340549,0.47957905455967414,0.5941261547656673,0.716703787691222,1.0750556815368328,0.3243183581758855,1.2070784343255752
DGL,0.0,0.0,1.3862943611198906,0.0,0.5493061443340549,0.0,0.0,0.0,1.0986122886681098,0.0,0.6931471805599453,0.0,0.0,0.0,0.0,0.0
DGN,0.0,0.0,0.0,0.0,0.0,0.0,0.0,0.0,0.0,0.0,0.0,0.0,0.0,0.0,0.0,0.0
DGP,0.5493061443340549,0.5493061443340549,0.0,0.5493061443340549,0.0,0.2006065507024569,0.0,0.0,0.3868643144431728,0.0,0.0,0.0,0.5941261547656673,0.358351893845611,0.0,0.358351893845611
DGQ,0.0,0.0,0.0,0.0,0.0,0.0,0.0,0.0,0.0,0.0,0.0,0.0,0.0,0.0,0.0,0.0
DGR,0.6931471805599453,0.0,0.6931471805599453,0.0,0.0,0.0,0.0,0.0,0.6931471805599453,0.0,0.0,0.5493061443340549,0.46209812037329684,0.0,0.6931471805599453,0.0
DGS,0.3243183581758855,1.5813042316832728,1.297273432703542,0.0,1.3732653608351373,0.9671607861079322,0.5941261547656673,0.8047189562170501,1.068728898942307,1.1605929433295186,1.6785266909588594,1.354025100551105,0.0,0.9241962407465937,1.3732653608351373,0.0
DGV,0.0,0.0,0.0,0.0,0.0,0.0,0.0,0.0,0.0,0.0,0.0,0.0,0.0,0.0,0.0,0.0
DGW,0.0,0.0,0.0,0.0,0.0,0.0,0.0,0.0,0.0,0.0,0.0,0.0,0.0,0.0,0.0,0.0
DHF,0.0,0.0,0.0,0.0,0.0,0.0,0.6931471805599453,0.0,0.0,0.0,0.0,0.0,0.0,0.6931471805599453,0.0,0.0
DHG,0.9241962407465937,0.8047189562170501,0.0,0.0,1.0986122886681098,0.9241962407465937,0.0,0.0,0.5493061443340549,0.0,0.46209812037329684,0.0,0.0,0.0,0.0,0.0
DHI,0.6931471805599453,0.46209812037329684,0.6931471805599453,0.0,0.6931471805599453,0.0,0.40235947810852507,0.0,0.9729550745276566,0.0,0.0,0.0,0.0,0.46209812037329684,0.0,0.0
DHL,0.5493061443340549,0.0,0.5493061443340549,0.0,0.0,0.5493061443340549,0.40235947810852507,0.0,0.0,0.0,0.0,0.3243183581758855,0.0,0.5493061443340549,0.0,0.0
DIA,1.1882523095313346,1.433407575382444,1.068728898942307,1.0986122886681098,1.0986122886681098,1.782378464297002,1.0750556815368328,0.29706307738283366,0.3243183581758855,1.5813042316832728,1.2613609572858908,0.9388387822532253,1.9459101490553132,0.0,1.3601749448923126,0.7611306094308558
DIC,0.0,0.0,0.0,0.0,0.0,0.0,0.0,0.0,0.0,0.0,0.0,0.0,0.0,0.0,0.0,0.0
DID,0.0,1.5350567286626973,2.137457797884614,0.0,0.5941261547656673,1.782378464297002,0.358351893845611,0.0,2.3978952727983707,0.40235947810852507,0.0,0.27465307216702745,0.0,0.0,0.9241962407465937,0.6931471805599453
DIE,1.6094379124341003,0.0,0.6931471805599453,0.0,0.5493061443340549,0.5493061443340549,0.0,0.8047189562170501,0.46209812037329684,0.0,0.0,0.0,0.6931471805599453,0.46209812037329684,0.0,0.0
DIF,0.0,0.0,0.0,0.0,0.0,0.0,0.0,0.0,0.0,0.0,0.0,0.0,0.0,0.0,0.0,0.0
DII,0.0,0.716703787691222,0.0,0.0,0.648636716351771,0.9241962407465937,0.0,0.716703787691222,0.0,0.648636716351771,0.0,0.0,0.0,0.716703787691222,0.0,0.0
DIK,0.0,0.0,0.9241962407465937,0.6931471805599453,0.6931471805599453,0.6931471805599453,1.0986122886681098,0.0,0.0,1.0986122886681098,1.5813042316832728,0.9729550745276566,0.6931471805599453,0.0,0.716703787691222,0.891189232148501
DIL,0.0,1.1295030226309093,0.29706307738283366,0.0,1.6215917908794277,1.1989476363991853,0.22590060452618185,1.6215917908794277,0.2558427881104495,1.4387371636790223,0.0,0.0,0.0,1.791759469228055,1.9459101490553132,0.0
DIM,0.0,0.0,0.0,0.0,0.0,0.0,0.0,0.0,0.0,0.0,0.0,0.0,0.0,0.0,0.0,0.0
DIP,0.0,0.0,0.5493061443340549,0.0,0.0,0.0,0.0,0.0,0.0,0.6931471805599453,0.0,0.5493061443340549,0.6931471805599453,0.0,0.0,0.0
DIQ,3.374333095119411,1.2823129180422406,3.0905884840366316,0.40235947810852507,0.5100656043346173,3.507341241864758,0.0,2.9761222438871267,0.3243183581758855,0.0,4.642830630673418,1.1090354888959124,0.0,2.961959564600181,0.8943834587870262,2.6223806710998603
DIR,0.0,1.5350567286626973,2.4849066497880004,0.0,2.4849066497880004,1.791759469228055,1.6215917908794277,0.0,2.302585092994046,0.0,0.0,2.0794415416798357,0.0,1.791759469228055,0.0,0.0
DIS,0.0,0.0,0.0,0.0,0.0,0.0,0.0,0.0,0.0,0.0,0.0,0.0,0.0,0.0,0.0,0.0
DIT,0.6931471805599453,1.0986122886681098,0.9241962407465937,0.0,0.0,0.0,0.0,0.5493061443340549,0.5493061443340549,0.0,0.6931471805599453,1.0986122886681098,1.6094379124341003,0.0,0.0,1.6215917908794277
DIV,0.5493061443340549,0.358351893845611,1.0986122886681098,0.6931471805599453,0.46209812037329684,0.0836988609067404,0.46209812037329684,0.0,0.6931471805599453,0.0,0.10685940983685338,1.0986122886681098,0.5941261547656673,0.0,0.6931471805599453,0.0
DKA,0.0,0.0,0.0,0.0,0.0,0.0,0.0,0.0,0.0,0.0,0.0,0.0,0.0,0.0,0.0,0.0
DKD,0.0,0.0,0.0,0.0,0.0,0.40235947810852507,0.0,0.5493061443340549,0.0,0.0,0.0,0.0,0.0,0.358351893845611,0.0,0.0
DKE,0.6931471805599453,0.5493061443340549,0.9241962407465937,0.9241962407465937,0.6931471805599453,1.2070784343255752,1.3862943611198906,0.9241962407465937,1.0986122886681098,1.3862943611198906,1.3862943611198906,1.0986122886681098,1.433407575382444,0.0,1.3862943611198906,0.0
DKF,0.0,0.0,0.0,0.0,0.0,0.0,0.0,0.0,0.0,0.0,0.0,0.0,0.0,0.0,0.0,0.0
DKH,0.0,0.0,0.0,0.0,0.0,0.0,0.0,0.0,0.0,0.0,0.40235947810852507,0.0,0.0,0.0,0.0,0.0
DKI,1.791759469228055,2.4790616760491893,2.9444389791664403,0.6931471805599453,2.046742304883596,1.922571505169192,0.5493061443340549,1.3862943611198906,2.5877494740904625,1.0986122886681098,0.0,1.4853153869141684,2.046742304883596,1.9459101490553132,0.6931471805599453,1.791759469228055
DKK,0.0,0.46209812037329684,0.0,0.8047189562170501,0.6931471805599453,0.0,0.0,0.0,1.0986122886681098,1.3862943611198906,2.021525633917275,0.0,0.8047189562170501,0.0,0.0,0.0
DKL,0.0,0.40235947810852507,0.0,0.0,0.0,0.0,0.0,0.6931471805599453,0.0,0.0,0.0,0.0,0.6931471805599453,0.0,0.0,2.9438499555793483
DKM,0.0,0.0,0.0,0.0,0.0,0.0,1.0986122886681098,0.0,0.0,0.0,0.0,1.3862943611198906,0.0,0.6931471805599453,1.3862943611198906,0.0
DKN,0.0,0.0,0.716703787691222,0.0,0.0,0.0,0.0,0.0,0.0,0.0,0.0,0.6089044875446846,1.0750556815368328,0.0,0.0,0.22590060452618185
DKP,0.648636716351771,0.716703787691222,0.0,1.791759469228055,0.6931471805599453,0.3243183581758855,0.46209812037329684,0.0,1.1882523095313346,1.3732653608351373,0.0,0.0,0.0,0.0,1.791759469228055,1.791759469228055
DKQ,1.0986122886681098,0.0,1.4853153869141684,1.0986122886681098,0.46209812037329684,0.46209812037329684,0.716703787691222,0.0,0.0,0.0,1.433407575382444,2.4849066497880004,1.782378464297002,1.2070784343255752,1.6094379124341003,2.046742304883596
DKR,0.0,0.0,0.0,0.0,0.0,0.0,0.0,0.0,0.0,0.0,0.0,0.0,0.0,0.0,0.0,0.0
DKS,0.0,3.2188758248682006,0.0,0.0,3.2188758248682006,2.1628764146422275,0.0,1.3862943611198906,0.0,2.8147840399962667,0.0,0.0,0.0,0.0,0.40235947810852507,0.8239592165010823
DKT,0.0,0.0,0.0,0.0,0.0,0.0,0.6931471805599453,0.0,0.0,0.0,0.6306804786429454,1.7746813893869464,0.0,0.0,0.15767011966073635,2.321185886659037
DKV,0.46209812037329684,1.2070784343255752,0.5493061443340549,1.3862943611198906,1.0986122886681098,0.6931471805599453,0.0,0.8047189562170501,0.9241962407465937,1.0986122886681098,0.8047189562170501,0.5493061443340549,0.9241962407465937,0.0,1.2070784343255752,0.9241962407465937
DKW,0.0,0.0,0.0,0.0,0.0,0.8551347861624953,0.0,0.0,0.0,1.0750556815368328,3.637816005840518,0.0,0.0,0.0,0.0,0.0
DLA,0.0,0.0,0.0,0.6931471805599453,0.5493061443340549,0.0,0.0,0.0,0.0,0.0,0.40235947810852507,0.9241962407465937,0.46209812037329684,0.40235947810852507,0.0,0.0
DLD,0.0,0.0,0.0,0.0,0.0,0.0,0.0,0.0,0.0,0.0,0.0,0.0,0.0,0.0,0.0,0.0
DLE,0.0,0.0,1.0986122886681098,0.0,0.0,0.0,0.0,0.0,1.0750556815368328,0.0,0.12026056535665978,0.0,0.0,0.0,0.5493061443340549,0.0
DLF,0.0,0.0,0.0,0.0,0.0,0.0,0.0,0.0,0.0,0.0,0.0,0.0,0.0,0.0,0.0,0.0
DLG,0.0,0.6931471805599453,0.0,0.6931471805599453,0.6931471805599453,0.6931471805599453,0.6931471805599453,0.0,0.0,0.0,0.5493061443340549,0.0,0.6931471805599453,0.0,0.0,0.0
DLH,0.0,0.9241962407465937,0.0,0.6931471805599453,0.46209812037329684,0.0,0.9241962407465937,0.0,0.0,0.0,0.9241962407465937,0.6931471805599453,0.6931471805599453,0.0,0.0,0.0
DLI,0.0,0.0,0.0,0.0,0.0,0.0,0.0,2.564625836084481,0.0,2.8147840399962667,0.0,1.0986122886681098,0.0,0.0,2.8862535685598347,0.23978952727983707
DLK,0.0,0.5493061443340549,0.46209812037329684,0.648636716351771,0.358351893845611,0.46209812037329684,0.46209812037329684,0.0,0.46209812037329684,0.0,0.648636716351771,0.358351893845611,0.5493061443340549,0.0,0.9241962407465937,1.2070784343255752
DLL,0.648636716351771,0.358351893845611,0.7126123218020795,1.6479184330021646,0.27465307216702745,0.511685576220899,0.29706307738283366,1.0986122886681098,1.354025100551105,1.4387371636790223,0.5675199160175287,1.732090798716683,1.0986122886681098,0.0,1.9959301048102787,2.0851817843337486
DLM,0.0,0.5493061443340549,0.0,0.0,0.0,0.0,0.6931471805599453,0.0,0.0,0.0,0.0,0.0,0.6931471805599453,0.0,0.0,0.0
DLN,0.0,0.6931471805599453,1.0986122886681098,0.5493061443340549,0.9241962407465937,0.5493061443340549,0.6931471805599453,0.5493061443340549,1.0986122886681098,0.9241962407465937,2.046742304883596,1.6215917908794277,0.0,1.2070784343255752,1.297273432703542,1.433407575382444
DLR,0.0,0.0,0.6931471805599453,0.0,0.6931471805599453,0.0,0.0,0.0,0.0,0.0,0.6931471805599453,0.0,0.0,0.0,0.0,0.0
DLS,0.9241962407465937,0.40235947810852507,0.0,1.6094379124341003,0.8047189562170501,0.8047189562170501,1.0750556815368328,0.0,0.8239592165010823,0.5493061443340549,1.2070784343255752,0.40235947810852507,0.0,0.5941261547656673,1.2070784343255752,1.3862943611198906
DLT,0.0,0.0,0.0,0.6931471805599453,0.0,0.0,0.6931471805599453,0.6931471805599453,0.6931471805599453,0.6931471805599453,0.0,0.0,0.0,0.0,1.0986122886681098,0.5493061443340549
DLV,0.0,0.0,0.0,0.0,0.0,0.0,0.0,0.0,0.0,0.0,0.0,0.0,0.0,0.0,0.0,0.0
DLY,0.0,0.0,0.27465307216702745,0.0,0.6931471805599453,2.7434990746020165,1.2070784343255752,0.0,0.648636716351771,1.4387371636790223,3.4699167701784983,0.5493061443340549,0.0,0.8047189562170501,0.0,0.0
DMA,0.0,0.0,0.6931471805599453,0.0,0.6931471805599453,0.9241962407465937,0.0,0.0,0.0,0.6931471805599453,1.3862943611198906,0.0,0.0,0.0,0.0,0.0
DME,0.0,0.0,0.0,0.0,0.0,0.0,0.0,0.0,0.0,0.0,0.0,0.0,0.0,0.0,0.0,0.0
DMG,0.0,0.0,0.6931471805599453,0.0,0.0,0.0,0.0,0.0,0.0,0.0,0.9241962407465937,0.0,0.0,0.0,0.0,0.0
DMI,0.0,0.0,0.0,0.0,0.0,0.6931471805599453,0.0,0.5493061443340549,0.0,0.0,0.0,0.0,0.0,0.8047189562170501,0.0,0.6931471805599453
DMK,0.5493061443340549,0.5493061443340549,0.0,0.0,0.0,0.5493061443340549,0.6931471805599453,0.0,0.6931471805599453,0.0,0.0,0.0,0.0,0.0,0.0,0.0
DML,0.0,0.0,0.0,0.8047189562170501,0.0,0.0,0.0,0.0,0.5493061443340549,0.5493061443340549,0.6931471805599453,0.0,0.0,0.46209812037329684,0.6931471805599453,0.0
DMM,0.0,0.0,0.0,0.0,0.0,0.0,0.0,0.0,0.0,0.0,0.0,0.0,0.0,0.0,0.0,0.0
DMP,0.0,0.0,0.0,0.0,0.0,0.0,0.0,0.0,0.0,0.0,0.0,0.0,0.0,0.0,0.0,0.0
DMR,0.0,0.0,0.0,0.0,0.0,0.0,0.0,0.0,0.0,0.0,0.0,0.0,0.0,0.0,0.0,0.0
DMT,0.0,0.0,0.0,0.0,0.0,0.0,0.0,0.0,0.0,0.0,0.0,0.0,0.0,0.0,0.0,0.0
DMV,0.0,0.0,0.0,0.0,0.0,0.0,0.0,0.0,0.0,0.0,0.0,0.0,0.0,0.0,0.0,0.0
DNA,0.0,0.0,0.0,0.0,0.0,0.0,0.0,0.0,0.0,0.0,0.0,0.0,0.0,0.0,0.0,0.0
DND,0.0,0.0,0.0,0.6931471805599453,0.0,0.0,0.6931471805599453,0.6931471805599453,1.0986122886681098,0.9241962407465937,0.5493061443340549,0.0,0.0,0.0,1.6094379124341003,1.0986122886681098
DNE,0.0,0.0,0.0,0.0,0.0,0.0,0.0,0.0,0.0,0.0,0.0,0.0,0.0,0.0,0.0,0.0
DNG,0.0,0.0,0.5493061443340549,0.0,0.46209812037329684,0.0,0.0,0.8047189562170501,0.0,0.6931471805599453,0.5493061443340549,0.0,0.0,0.8047189562170501,0.0,0.6931471805599453
DNH,0.0,0.0,0.0,0.0,0.648636716351771,0.0,0.0,0.0,0.0,0.0,0.0,0.0,0.0,1.0986122886681098,0.0,0.0
DNI,0.0,0.0,0.0,0.0,0.0,0.0,0.0,0.0,0.0,0.0,0.0,0.0,0.0,0.0,0.0,0.0
DNK,0.0,0.0,0.0,0.9241962407465937,0.40235947810852507,1.0986122886681098,0.0,0.6931471805599453,0.5493061443340549,0.5493061443340549,0.5493061443340549,0.0,0.0,0.46209812037329684,0.6931471805599453,0.0
DNL,0.6931471805599453,0.0,0.0,0.5493061443340549,0.0,0.0,0.0,0.0,0.0,0.0,0.0,0.0,0.0,0.6931471805599453,0.0,0.0
DNM,2.1972245773362196,2.0794415416798357,1.7908995167731467,0.0,0.8047189562170501,1.2070784343255752,1.3862943611198906,1.791759469228055,1.791759469228055,0.9241962407465937,1.8920414359288362,2.6390573296152584,2.0794415416798357,1.3862943611198906,2.1972245773362196,1.791759469228055
DNQ,0.0,0.0,0.0,0.0,0.0,0.0,0.0,0.0,0.0,0.0,0.0,0.0,0.0,0.0,0.0,0.0
DNR,0.0,0.0,0.5493061443340549,0.0,1.0986122886681098,1.6094379124341003,0.0,0.0,0.0,0.6931471805599453,1.2070784343255752,0.6931471805599453,0.6931471805599453,0.0,0.0,0.0
DNS,0.0,0.0,0.0,0.0,0.0,0.0,0.0,0.0,0.0,0.0,0.0,0.0,0.0,0.0,0.0,0.0
DNT,0.6931471805599453,1.0986122886681098,1.0986122886681098,0.5493061443340549,1.3862943611198906,1.6094379124341003,0.6931471805599453,0.0,0.0,1.0986122886681098,1.297273432703542,0.6931471805599453,1.0986122886681098,0.46209812037329684,0.0,0.0
DNY,0.0,0.0,0.0,0.0,0.0,0.0,0.0,0.0,0.0,0.0,0.0,0.0,0.0,0.0,0.0,0.0
DPA,0.9241962407465937,0.5493061443340549,0.8047189562170501,0.0,0.0,0.6931471805599453,1.0986122886681098,0.0,1.433407575382444,0.0,1.218026459822427,0.5493061443340549,0.0,0.5493061443340549,0.0,0.6931471805599453
DPE,0.0,0.0,0.0,0.0,0.0,0.0,0.0,0.0,0.0,0.0,0.0,0.0,0.0,0.0,0.0,0.0
DPI,0.0,0.0,1.1882523095313346,1.3862943611198906,0.6931471805599453,0.0,0.0,0.0,1.355403627157091,0.46209812037329684,0.5493061443340549,0.0,0.6931471805599453,0.5493061443340549,1.0986122886681098,0.0
DPK,0.6931471805599453,1.6215917908794277,0.2558427881104495,1.9459101490553132,1.2824746787307684,1.5350567286626973,1.782378464297002,1.3862943611198906,0.716703787691222,0.5941261547656673,0.0,1.2792139405522478,1.791759469228055,1.433407575382444,1.0986122886681098,1.791759469228055
DPL,0.0,0.0,0.0,0.0,0.0,0.0,0.0,0.0,0.0,0.0,0.0,0.0,0.0,0.0,0.0,0.0
DPM,0.0,0.0,0.0,0.0,0.0,0.0,0.0,0.0,0.0,0.0,0.0,0.0,0.0,0.0,0.0,0.0
DPN,0.0,0.0,0.0,0.0,0.0,0.0,0.0,0.0,0.0,0.0,0.0,0.0,0.0,0.0,0.0,0.0
DPP,0.0,1.5350567286626973,1.1989476363991853,0.0,0.648636716351771,1.9459101490553132,0.5493061443340549,0.0,1.791759469228055,0.6931471805599453,0.0,0.0,0.0,0.0,0.0,0.0
DPQ,0.0,0.0,0.0,0.0,0.0,0.0,0.0,0.0,0.0,0.0,0.0,0.0,0.0,0.0,0.0,0.0
DPR,0.0,0.0,0.0,0.0,0.0,0.0,0.0,0.0,0.0,0.0,0.0,0.0,0.0,0.0,0.0,0.0
DPS,0.0,0.0,0.0,0.0,0.0,0.0,0.0,0.0,0.0,0.0,0.0,0.0,0.0,0.0,0.0,0.0
DPT,0.0,0.0,0.0,0.0,0.0,0.0,0.0,0.0,0.0,0.0,0.0,0.0,0.0,0.0,0.0,0.0
DPV,0.0,0.0,0.6931471805599453,0.0,0.9241962407465937,0.9241962407465937,0.0,0.6931471805599453,0.0,0.6931471805599453,0.0,0.0,0.0,0.0,0.0,0.9241962407465937
DPY,0.0,0.0,0.0,0.0,0.0,0.0,0.0,0.0,0.6931471805599453,0.0,0.0,0.0,0.0,0.0,0.6931471805599453,0.0
DQD,0.0,0.0,0.0,0.0,0.0,0.0,0.0,0.0,0.0,0.0,0.0,0.0,0.0,0.0,0.0,0.0
DQE,0.0,0.5493061443340549,0.0,0.0,0.0,0.0,0.0,0.6931471805599453,0.0,0.0,0.0,0.0,0.0,0.0,0.0,0.0
DQF,1.297273432703542,0.8047189562170501,0.9729550745276566,0.0,1.0986122886681098,0.0,0.0,0.0,0.9241962407465937,0.0,1.1882523095313346,0.6412373393653842,0.0,0.0,1.0750556815368328,0.9729550745276566
DQG,0.0,0.0,0.0,0.0,0.0,0.0,0.0,0.0,0.0,0.0,0.0,0.0,0.0,0.0,0.0,0.0
DQH,0.0,0.0,0.0,0.0,0.0,0.0,0.0,0.0,0.0,0.0,0.0,0.0,0.0,0.0,0.0,0.0
DQI,0.6931471805599453,0.0,0.0,0.0,0.0,0.0,0.0,0.0,0.46209812037329684,0.0,0.0,0.0,0.0,0.0,0.0,0.0
DQL,0.0,0.0,0.0,0.0,0.6931471805599453,0.0,0.0,0.0,0.0,0.0,0.0,0.0,0.0,0.0,0.0,0.0
DQM,0.0,0.0,0.0,0.0,0.0,0.0,0.6931471805599453,0.6931471805599453,0.0,0.0,0.0,1.0986122886681098,0.0,0.6931471805599453,0.6931471805599453,0.0
DQN,0.0,0.0,0.0,0.0,0.0,0.0,0.0,0.0,0.0,0.0,0.6931471805599453,1.3862943611198906,0.0,0.0,1.0986122886681098,0.0
DQP,0.0,0.0,0.0,0.0,0.0,0.0,0.0,0.0,0.0,0.0,0.0,0.0,0.0,0.0,0.0,0.0
DQV,0.0,0.0,0.0,0.0,0.0,0.0,0.0,0.0,0.0,0.0,0.0,0.0,0.0,0.0,0.0,0.0
DQY,0.0,0.0,0.0,0.0,0.0,0.0,0.0,0.0,0.0,0.0,0.0,0.0,0.0,0.0,0.0,0.0
DRA,0.0,1.0986122886681098,0.0,0.6931471805599453,0.5493061443340549,1.0750556815368328,0.6931471805599453,1.6094379124341003,1.0986122886681098,0.5493061443340549,0.6931471805599453,0.0,1.0986122886681098,0.6931471805599453,1.0986122886681098,0.0
DRC,0.0,0.0,0.0,0.0,0.0,0.0,0.0,0.0,0.0,0.0,0.0,0.0,0.0,0.0,0.0,0.0
DRD,1.9183162182386966,1.922571505169192,1.6785266909588594,0.0,0.9241962407465937,1.0750556815368328,1.6094379124341003,0.9241962407465937,0.8047189562170501,0.8047189562170501,2.2078874666845114,1.4073920199981333,2.0794415416798357,0.6931471805599453,1.740889414994278,0.6777018135785455
DRE,1.9459101490553132,1.9459101490553132,0.648636716351771,0.0,0.8047189562170501,0.0,0.0,1.0986122886681098,1.791759469228055,0.0,1.9789395845202251,1.068728898942307,0.9241962407465937,0.0,1.3862943611198906,0.0
DRF,1.297273432703542,0.0,0.9241962407465937,1.3862943611198906,0.0,0.0,0.0,0.9241962407465937,0.0,0.46209812037329684,0.0,0.0,1.3862943611198906,0.9241962407465937,0.0,0.5493061443340549
DRG,0.0,0.0,0.0,0.0,0.0,0.0,0.0,0.0,0.0,0.0,0.0,0.0,0.0,0.0,0.0,0.0
DRH,0.0,0.0,0.0,0.0,0.0,0.0,0.0,0.0,0.0,0.0,0.0,0.0,0.0,0.0,0.0,0.0
DRI,0.0,0.0,0.0,0.0,0.0,0.0,0.0,0.0,0.0,0.0,0.0,0.0,0.0,0.0,0.0,0.0
DRK,0.0,0.0,0.0,0.0,0.0,0.0,0.0,0.0,0.0,0.0,0.0,0.0,0.0,0.0,0.0,0.0
DRL,0.0,0.6931471805599453,0.0,0.0,0.5493061443340549,0.9241962407465937,0.5493061443340549,0.0,0.0,0.9241962407465937,0.0,0.0,0.0,0.0,0.0,0.0
DRN,0.0,0.0,0.0,0.6931471805599453,0.0,0.0,0.0,0.5493061443340549,0.0,0.40235947810852507,0.0,0.0,0.0,0.0,0.0,0.5493061443340549
DRP,1.2070784343255752,0.0,0.46209812037329684,0.0,0.0,0.0,0.0,0.0,0.6931471805599453,0.0,0.0,0.0,0.0,0.0,0.0,0.0
DRR,0.0,0.0,0.0,0.6931471805599453,0.0,0.0,0.0,0.9241962407465937,0.0,0.0,0.0,0.0,0.0,1.2070784343255752,0.0,0.6931471805599453
DRS,0.0,0.0,0.8047189562170501,0.0,0.9241962407465937,2.4849066497880004,1.6094379124341003,0.0,0.8047189562170501,1.791759469228055,0.9241962407465937,0.0,0.0,0.0,1.0986122886681098,0.9241962407465937
DRT,0.358351893845611,1.0986122886681098,0.0,0.0,0.0,0.0,0.358351893845611,0.0,0.3243183581758855,0.0,0.46209812037329684,0.0,0.5493061443340549,0.0,0.0,0.0
DRV,0.0,0.0,0.0,0.0,0.0,0.0,0.0,0.0,0.0,0.0,0.0,0.0,0.0,0.0,0.0,0.0
DRW,0.0,0.0,0.0,0.0,0.0,0.0,0.0,0.0,0.0,0.0,0.0,0.44157749333690227,0.0,0.0,0.0,0.6777018135785455
DRY,0.0,0.0,0.0,0.0,0.0,0.0,0.0,0.0,0.0,0.0,0.0,0.0,0.0,0.0,0.0,0.0
DSA,0.0,0.0,0.0,0.0,0.0,0.0,0.0,0.0,0.0,0.0,0.0,0.0,0.0,0.0,0.0,0.0
DSC,0.0,0.5493061443340549,0.0,0.0,0.5493061443340549,0.5493061443340549,0.0,0.0,0.0,0.0,0.0,0.0,0.0,0.0,0.0,0.0
DSD,0.22590060452618185,1.782378464297002,0.0,0.0,1.791759469228055,1.2824746787307684,0.0,2.0794415416798357,0.3243183581758855,1.6479184330021646,0.648636716351771,0.3243183581758855,0.0,2.0794415416798357,0.5493061443340549,0.0
DSF,0.8047189562170501,0.0,1.433407575382444,0.0,0.0,0.0,0.0,0.0,0.9241962407465937,0.9241962407465937,0.0,0.0,0.0,0.0,0.0,0.0
DSG,0.0,0.0,0.0,0.0,0.0,0.0,0.0,0.2030044099704045,0.0,0.0,0.08236597895548704,0.21371881967370676,0.0,0.0,0.27348802085000257,0.22359586469675655
DSI,0.0,0.0,0.0,0.0,0.0,0.0,0.0,0.0,0.0,0.0,0.0,0.0,0.0,0.0,0.0,0.0
DSK,0.8047189562170501,0.9729550745276566,0.40235947810852507,0.0,1.0986122886681098,0.0,1.3862943611198906,0.6931471805599453,0.40235947810852507,0.5493061443340549,0.5493061443340549,0.9241962407465937,0.0,0.0,0.8239592165010823,0.8047189562170501
DSL,0.0,1.0986122886681098,0.0,0.6931471805599453,0.0,0.0,0.0,0.9241962407465937,0.6931471805599453,0.0,0.0,0.0,1.0986122886681098,0.5493061443340549,0.6931471805599453,0.0
DSM,0.0,0.6931471805599453,0.5493061443340549,0.0,0.5493061443340549,0.9241962407465937,0.5493061443340549,0.9241962407465937,0.6931471805599453,0.716703787691222,0.0,0.46209812037329684,0.0,1.0986122886681098,0.716703787691222,0.0
DSN,0.0,0.0,0.0,0.0,0.0,0.0,0.0,0.0,0.0,0.0,0.0,0.6931471805599453,0.0,0.0,0.5493061443340549,0.6931471805599453
DSQ,0.0,2.2590060452618186,0.0,0.0,2.2590060452618186,2.3978952727983707,0.0,2.137457797884614,0.0,2.9438499555793483,0.0,0.0,0.0,0.0,2.6390573296152584,2.6823965207235005
DSR,0.0,0.0,0.0,0.0,0.0,0.0,0.0,0.0,0.0,0.0,0.0,0.0,0.0,0.0,0.0,0.0
DSS,0.8047189562170501,0.716703787691222,0.6931471805599453,0.0,0.0,1.3862943611198906,0.9241962407465937,0.0,0.9241962407465937,0.0,1.0986122886681098,0.5493061443340549,0.6931471805599453,0.6931471805599453,0.0,0.6931471805599453
DST,0.511685576220899,0.9729550745276566,0.5493061443340549,1.0986122886681098,0.0,0.0,0.46209812037329684,0.7193685818395111,2.0794415416798357,1.0986122886681098,1.6215917908794277,0.358351893845611,0.8047189562170501,1.0986122886681098,0.9729550745276566,0.0
DSV,0.0,0.6412373393653842,0.6089044875446846,0.0,0.3868643144431728,0.3868643144431728,0.7393569925972749,0.6931471805599453,0.42749155957692275,0.3153402393214727,1.9183162182386966,0.648636716351771,0.0,0.0,0.7675283643313486,0.9241962407465937
DSW,0.0,0.0,0.0,0.0,0.0,0.0,0.0,0.0,0.0,0.0,3.6725206661444783,0.0,0.0,0.0,0.0,0.0
DTA,0.0,0.0,0.46209812037329684,0.6931471805599453,0.22590060452618185,1.2070784343255752,1.6094379124341003,0.5493061443340549,0.8047189562170501,0.0,0.5941261547656673,0.9036024181047274,0.0,1.2070784343255752,0.716703787691222,0.9241962407465937
DTI,0.0,0.0,0.0,0.0,0.0,0.0,0.0,0.0,0.0,0.0,0.0,0.0,0.0,0.0,0.0,0.0
DTK,0.0,0.6931471805599453,0.6931471805599453,0.6931471805599453,0.5493061443340549,0.5493061443340549,0.0,0.0,0.6931471805599453,0.0,0.0,0.0,0.6931471805599453,0.0,0.0,0.0
DTL,0.0,0.0,0.0,0.0,0.0,0.0,0.0,0.6931471805599453,0.0,0.0,0.0,0.0,0.0,0.40235947810852507,0.0,0.0
DTM,0.0,0.6931471805599453,0.0,0.6931471805599453,0.6931471805599453,0.0,0.0,0.0,0.6931471805599453,0.6931471805599453,0.0,0.0,0.0,0.0,0.0,0.0
DTN,0.0,0.0,0.6931471805599453,0.0,0.6931471805599453,0.6931471805599453,0.0,0.0,0.0,0.6931471805599453,0.0,0.0,0.0,0.0,0.0,0.0
DTP,0.0,0.0,0.0,0.0,0.0,0.0,0.0,0.0,0.0,0.0,0.0,0.0,0.0,0.0,0.0,0.0
DTS,1.9478341740386487,0.0,0.7193685818395111,0.5493061443340549,0.0,0.29706307738283366,0.0,0.358351893845611,2.072643802400834,0.0,1.023371152441798,0.9241962407465937,0.8047189562170501,0.716703787691222,0.1934321572215864,0.6777018135785455
DTT,0.0,1.3862943611198906,0.0,0.0,1.3862943611198906,0.0,0.0,1.2070784343255752,0.0,1.6094379124341003,0.46209812037329684,0.0,0.0,0.0,1.3862943611198906,1.782378464297002
DTY,0.0,0.0,0.0,0.0,0.0,0.0,0.0,0.0,0.0,0.0,0.0,0.0,0.0,0.0,0.0,0.0
DVA,0.0,0.0,0.0,0.0,0.0,0.6931471805599453,0.0,0.5493061443340549,0.0,0.0,0.0,0.0,0.0,0.9241962407465937,0.0,0.6931471805599453
DVE,0.0,0.0,0.0,0.0,0.0,0.0,0.0,0.0,0.0,0.0,0.0,0.0,0.0,0.0,0.0,0.0
DVG,0.0,0.0,0.0,0.0,0.0,0.0,1.3862943611198906,0.0,0.9241962407465937,1.9459101490553132,2.456131350774152,0.0,0.0,0.0,0.0,0.0
DVH,0.0,0.0,0.0,0.6931471805599453,0.6931471805599453,0.0,0.0,0.0,0.0,0.6931471805599453,0.5493061443340549,0.6931471805599453,0.5493061443340549,0.0,0.5493061443340549,0.6931471805599453
DVI,0.0,0.0,0.0,0.0,0.0,0.0,0.0,0.0,0.0,0.0,0.0,0.0,0.0,0.0,0.0,0.0
DVK,0.0,2.961959564600181,0.0,0.0,2.8147840399962667,1.4614902435570225,2.4072786084294826,1.6094379124341003,0.0,0.0,0.0,0.0,0.0,0.0,0.0,1.2823129180422406
DVM,0.0,0.0,0.6931471805599453,0.5493061443340549,0.6931471805599453,0.0,0.0,0.0,0.358351893845611,0.0,0.358351893845611,0.891189232148501,0.5493061443340549,0.0,1.0986122886681098,1.0986122886681098
DVN,0.0,0.0,0.0,0.0,0.0,0.0,0.0,0.0,0.0,0.0,0.0,0.0,0.0,0.0,0.0,0.0
DVQ,0.0,0.0,0.8047189562170501,0.0,0.0,0.0,0.0,0.0,0.0,0.0,0.0,1.0986122886681098,1.0986122886681098,0.0,0.0,0.0
DVR,0.6931471805599453,0.0,0.46209812037329684,0.0,0.0,0.0,0.0,0.0,0.6931471805599453,0.0,0.2030044099704045,0.0,0.0,0.0,0.0,0.0
DVS,0.0,0.0,0.0,0.0,0.0,0.0,0.0,0.0,0.0,0.0,0.0,0.0,0.0,0.0,0.0,0.0
DVT,0.6931471805599453,0.716703787691222,0.0,0.0,0.0,0.40235947810852507,0.6931471805599453,0.0,0.358351893845611,0.0,0.46209812037329684,0.6931471805599453,0.0,0.46209812037329684,0.0,0.0
DVV,0.0,0.648636716351771,1.355403627157091,1.709966238307691,0.5493061443340549,1.354025100551105,0.648636716351771,0.8239592165010823,1.3700350969755404,0.9591581091193483,1.3732653608351373,1.8483924814931874,1.4387371636790223,0.9241962407465937,2.1265392627313178,1.6479184330021646
DVW,0.0,0.0,0.5493061443340549,0.0,0.0,0.0,0.0,0.0,0.0,0.0,0.6931471805599453,0.8047189562170501,0.5493061443340549,0.0,0.46209812037329684,1.0986122886681098
DVY,0.6931471805599453,0.6931471805599453,0.0,0.0,0.0,0.0,0.6931471805599453,0.0,0.9241962407465937,0.0,1.0986122886681098,0.0,0.0,0.0,0.6931471805599453,0.5493061443340549
DWA,0.0,0.0,0.0,0.0,0.0,0.3243183581758855,0.6931471805599453,0.0,0.0,0.0,0.0,0.0,0.0,0.0,0.0,0.0
DWF,0.0,0.0,0.0,0.0,0.0,0.0,0.0,0.0,0.0,0.0,0.0,0.0,0.0,0.0,0.0,0.0
DWG,0.6931471805599453,0.0,0.46209812037329684,0.0,0.5493061443340549,0.0,0.0,0.0,0.6931471805599453,1.0986122886681098,1.0150220498520226,0.0,0.0,0.0,0.0,0.0
DWK,0.0,0.0,0.0,0.0,0.0,0.0,0.0,0.0,0.0,0.0,0.0,0.0,0.0,0.0,0.0,0.0
DWL,0.0,0.0,0.6931471805599453,0.0,0.0,0.0,0.0,0.0,0.0,0.0,0.46209812037329684,0.6931471805599453,0.0,0.0,0.6931471805599453,0.0
DWQ,0.0,0.0,0.0,0.0,0.0,0.0,0.0,0.0,0.0,0.0,0.0,0.0,0.0,0.0,0.0,0.0
DWR,0.0,0.0,0.0,0.0,0.0,0.0,0.0,0.0,0.0,0.0,0.0,0.0,0.0,0.0,0.0,0.0
DWS,0.0,0.0,0.0,0.0,0.0,0.0,0.0,0.0,0.0,0.0,0.0,0.0,0.0,0.0,0.0,0.0
DWV,0.0,0.0,0.0,0.0,0.0,0.0,0.0,0.0,0.0,0.0,1.0986122886681098,0.5493061443340549,0.0,0.0,0.0,0.0
DYA,0.0,0.0,0.0,0.0,0.0,0.0,0.0,0.0,0.0,0.0,0.0,0.0,0.0,0.0,0.0,0.0
DYE,0.0,0.0,0.0,0.0,0.0,0.0,0.0,0.0,0.0,0.0,0.0,0.6931471805599453,0.0,0.0,1.0986122886681098,1.0986122886681098
DYF,1.0986122886681098,0.6931471805599453,0.0,0.0,0.6931471805599453,0.8047189562170501,1.0986122886681098,0.0,0.5493061443340549,0.0,0.0,0.5493061443340549,0.0,0.0,0.0,0.6931471805599453
DYG,0.0,0.0,0.0,0.0,0.0,0.0,0.0,0.0,0.0,0.0,0.0,0.0,0.0,0.0,0.0,0.0
DYH,0.0,0.0,0.5493061443340549,0.0,0.0,0.0,0.0,0.0,0.0,0.0,0.6931471805599453,0.0,0.0,0.0,0.0,0.0
DYI,0.0,0.0,0.9241962407465937,0.6931471805599453,0.0,0.0,0.0,1.0986122886681098,0.6931471805599453,0.716703787691222,3.659410627941045,2.718795576433081,0.0,0.0,2.9172055557333607,2.8380621538932544
DYK,0.0,0.0,0.0,0.0,0.0,0.0,0.0,0.0,0.0,0.0,0.0,0.0,0.0,0.0,0.0,0.0
DYL,0.0,0.716703787691222,1.6785266909588594,0.0,1.6479184330021646,0.0,0.0,0.0,0.9241962407465937,0.46209812037329684,0.0,1.791759469228055,0.0,1.791759469228055,0.0,0.0
DYN,0.9241962407465937,1.1882523095313346,0.0,0.0,1.6094379124341003,1.0986122886681098,0.0,0.0,0.0,1.0986122886681098,0.0,0.0,0.0,0.0,0.0,0.0
DYS,0.0,0.0,0.0,0.0,0.0,0.0,0.6931471805599453,0.0,0.0,0.0,0.0,0.5493061443340549,0.0,0.5493061443340549,0.6931471805599453,0.0
DYT,0.0,0.0,0.0,0.0,0.0,0.0,0.0,0.0,0.0,0.0,0.0,0.0,0.0,0.0,0.0,0.0
DYW,3.1354942159291497,2.072643802400834,0.3243183581758855,0.0,0.42749155957692275,0.358351893845611,0.0,0.0,2.402910225941144,0.0,0.0,0.0,0.0,0.0,0.0,0.0
EAA,0.0,0.0,0.0,0.0,0.0,0.0,0.0,0.5493061443340549,0.0,0.0,0.0,0.0,0.0,0.0,0.0,0.6931471805599453
EAC,0.0,0.0,0.0,0.0,0.0,0.0,0.0,0.0,0.0,0.0,0.0,0.0,0.0,0.0,0.0,0.0
EAD,0.0,0.0,0.0,0.0,0.0,0.0,0.0,0.0,0.0,0.0,0.0,0.0,0.0,0.0,0.0,0.0
EAE,0.0,0.0,0.0,0.0,0.0,0.6411564590211203,0.0,2.9506361727958503,0.0,0.0,0.0,0.0,0.0,0.0,0.0,2.7887850404652017
EAF,0.0,0.0,0.0,0.0,0.0,0.0,0.0,0.0,0.0,0.0,0.0,0.0,0.0,0.0,0.0,0.0
EAG,0.6931471805599453,1.0986122886681098,0.46209812037329684,1.0750556815368328,0.40235947810852507,0.6931471805599453,0.0,0.0,0.716703787691222,0.0,0.0,0.0,0.0,0.0,0.46209812037329684,1.0986122886681098
EAI,0.0,0.0,0.0,0.0,0.0,0.0,0.0,0.0,0.0,0.0,0.0,0.0,0.0,0.0,0.0,0.0
EAK,0.0,0.0,0.0,0.0,0.0,0.0,0.0,0.0,0.0,0.0,0.0,0.0,0.0,0.0,0.0,0.0
EAL,0.648636716351771,0.40235947810852507,0.6931471805599453,1.0750556815368328,0.0,0.3243183581758855,0.0,0.8047189562170501,0.0,0.46209812037329684,0.40235947810852507,1.0986122886681098,0.716703787691222,0.46209812037329684,0.5493061443340549,0.0
EAN,0.0,0.46209812037329684,0.46209812037329684,0.0,0.46209812037329684,0.6931471805599453,1.0986122886681098,0.0,0.648636716351771,1.0986122886681098,0.6931471805599453,0.0,0.0,0.0,0.6931471805599453,0.0
EAP,0.0,0.0,0.0,0.0,0.0,0.0,0.0,0.0,0.0,0.0,0.0,0.0,0.0,0.0,0.0,0.0
EAR,0.0,0.0,0.0,0.0,0.0,0.6931471805599453,0.0,0.46209812037329684,0.0,0.0,0.0,0.0,0.0,0.6931471805599453,0.0,0.6931471805599453
EAS,0.6931471805599453,0.0,0.5493061443340549,0.0,0.0,0.0,0.0,0.0,0.0,0.0,0.0,0.0,0.0,0.0,0.0,0.0
EAV,0.0,3.0423109532347654,0.0,0.0,3.0423109532347654,3.584618393746359,2.6223806710998603,2.7471897635881173,1.3247324800107068,0.0,0.0,0.0,0.0,0.5493061443340549,0.0,0.5527050139735558
EAW,1.3862943611198906,1.9459101490553132,0.0,0.0,0.0,2.218070977791825,1.3862943611198906,0.0,1.2070784343255752,0.0,0.0,0.0,0.0,0.0,0.0,0.0
EAY,0.0,0.0,0.0,0.0,0.0,0.0,0.0,0.0,0.0,0.0,0.0,0.0,0.0,0.0,0.0,0.0
ECA,0.0,0.6931471805599453,0.0,0.0,0.5493061443340549,0.5493061443340549,0.0,0.0,0.0,0.0,0.0,0.0,0.0,0.6931471805599453,0.0,0.0
ECC,0.0,0.648636716351771,0.0,0.6931471805599453,0.0,0.0,0.5493061443340549,0.0,1.297273432703542,0.0,1.297273432703542,0.5493061443340549,0.0,0.0,1.1989476363991853,0.0
ECE,0.0,0.0,0.0,0.0,0.0,0.0,0.0,0.0,0.0,0.0,0.0,0.0,0.0,0.0,0.0,0.0
ECF,0.0,0.0,0.0,0.0,0.0,0.0,0.0,0.0,0.0,0.0,0.0,0.0,0.0,0.0,0.0,0.0
ECG,0.0,0.0,0.0,0.0,0.0,0.0,0.0,0.0,0.0,0.0,0.0,0.0,0.0,0.0,0.0,0.0
ECH,0.9241962407465937,0.0,0.8047189562170501,0.0,0.0,0.0,0.6931471805599453,0.0,0.9241962407465937,0.0,1.9237120180961527,0.0,0.0,0.0,0.0,0.0
ECL,0.0,0.0,0.0,0.0,0.0,0.0,0.0,0.0,0.0,0.0,0.0,0.0,0.0,0.0,0.0,0.0
ECP,0.0,0.46209812037329684,0.0,0.0,0.0,0.0,0.46209812037329684,0.0,0.46209812037329684,0.0,0.0,0.0,0.0,0.0,0.0,0.0
ECQ,0.0,0.0,0.0,0.0,0.0,0.0,0.0,0.0,0.0,0.0,0.6931471805599453,0.5493061443340549,0.0,0.0,0.6931471805599453,0.0
ECR,0.0,0.0,1.0986122886681098,0.0,0.0,0.0,0.0,0.0,0.8047189562170501,0.0,0.0,0.0,0.0,0.0,0.0,0.0
ECT,0.0,0.0,0.0,0.0,0.0,0.0,0.0,0.0,0.0,0.0,0.0,0.0,0.0,0.0,0.0,0.0
EDA,0.0,0.0,0.0,0.0,0.0,0.0,0.0,0.0,0.0,0.0,0.0,0.0,0.0,0.0,0.0,0.0
EDD,0.0,0.0,0.0,0.6931471805599453,0.0,0.0,0.5493061443340549,0.5493061443340549,0.6931471805599453,0.6931471805599453,0.0,0.0,0.0,0.0,1.0986122886681098,0.5493061443340549
EDF,0.7737286288863456,0.9241962407465937,0.14719249777896742,0.0,0.716703787691222,0.7293013889333402,0.511685576220899,0.0,0.1934321572215864,1.297273432703542,0.0,0.358351893845611,0.0,0.0,0.0,0.0
EDG,0.0,0.0,0.0,0.0,0.0,0.0,0.0,0.0,0.0,0.0,0.0,0.0,0.0,0.0,0.0,0.0
EDH,0.0,0.0,0.0,0.0,0.0,0.0,0.0,0.0,0.0,0.0,0.0,0.0,0.0,0.0,0.0,0.0
EDI,0.0,0.0,0.0,0.0,0.46209812037329684,0.6931471805599453,0.0,0.0,0.0,0.6931471805599453,0.0,0.0,0.0,0.0,0.0,0.0
EDK,0.0,0.0,0.0,0.0,0.0,0.0,0.0,0.0,0.0,0.0,0.354151668007027,2.0402624173384694,0.0,0.0,0.2030044099704045,1.9237120180961527
EDL,0.40235947810852507,0.5493061443340549,0.9241962407465937,0.8047189562170501,0.40235947810852507,0.9241962407465937,0.46209812037329684,0.9241962407465937,0.46209812037329684,0.716703787691222,0.4518012090523637,0.0,0.0,0.8047189562170501,0.5493061443340549,1.6094379124341003
EDN,0.0,0.0,0.0,0.9241962407465937,1.2070784343255752,1.0986122886681098,0.0,0.0,0.5493061443340549,0.6931471805599453,0.5493061443340549,0.0,0.0,1.3862943611198906,0.6931471805599453,0.0
EDQ,0.0,0.0,0.0,0.0,0.0,0.0,0.0,0.0,0.0,0.0,0.0,0.0,0.0,0.0,0.0,0.0
EDR,0.0,0.0,0.0,0.0,0.0,0.0,0.0,0.0,0.0,0.0,0.0,0.0,0.0,0.0,0.0,0.0
EDS,0.0,0.0,0.0,0.0,0.0,0.0,0.0,0.0,0.0,0.0,0.0,0.0,0.0,0.0,0.0,0.0
EDT,0.0,0.358351893845611,0.5493061443340549,0.6931471805599453,0.27465307216702745,0.5493061443340549,0.0,0.0,0.6931471805599453,0.0,0.0,0.29706307738283366,0.5493061443340549,0.0,0.0,0.46209812037329684
EDV,0.6931471805599453,0.5493061443340549,0.0,0.0,0.0,0.6931471805599453,0.0,0.0,0.46209812037329684,0.0,0.6931471805599453,0.0,0.0,0.0,0.0,0.0
EDY,0.0,0.6931471805599453,0.5493061443340549,0.0,0.5493061443340549,0.0,0.0,0.0,0.46209812037329684,0.6931471805599453,0.0,0.0,0.0,0.0,0.0,0.0
EEA,0.0,0.0,0.0,0.0,0.0,0.6143175323067617,0.0,3.0398775768545567,0.1934321572215864,0.0,0.0,0.0,0.0,0.0,0.46209812037329684,3.1354942159291497
EEC,1.3862943611198906,0.46209812037329684,1.0986122886681098,0.0,0.3243183581758855,0.5493061443340549,0.40235947810852507,0.0,0.9729550745276566,0.0,1.5474572577726913,0.0,0.0,0.46209812037329684,0.0,0.0
EED,0.0,0.6931471805599453,0.6931471805599453,0.6931471805599453,0.6931471805599453,0.5493061443340549,0.0,0.0,0.6931471805599453,0.0,0.0,0.0,0.6931471805599453,0.0,0.0,0.0
EEE,0.0,0.0,0.0,0.0,0.0,0.0,0.0,0.0,0.0,0.0,0.0,0.0,0.0,0.0,0.0,0.0
EEF,0.0,0.0,0.0,0.0,0.0,0.0,0.0,0.0,0.0,0.0,0.0,0.0,0.0,0.0,0.0,0.0
EEG,0.0,0.0,0.6931471805599453,0.0,0.5493061443340549,0.46209812037329684,0.0,0.0,0.0,0.5493061443340549,0.0,0.0,0.0,0.0,0.0,0.0
EEI,0.0,0.0,0.0,0.0,0.0,0.0,0.0,0.0,0.0,0.0,0.0,0.0,0.0,0.0,0.0,0.0
EEK,0.7193685818395111,1.6785266909588594,0.27465307216702745,1.922571505169192,0.0,0.0,0.9729550745276566,0.0,0.0,1.0750556815368328,0.06682475365147633,0.0,2.6561375100527025,1.2070784343255752,1.3862943611198906,0.0
EEL,0.648636716351771,0.0,0.0,0.5941261547656673,0.0,0.0,0.0,1.0750556815368328,0.0,0.0,0.0,0.0,0.0,0.8239592165010823,0.0,0.0
EEM,0.5493061443340549,0.0,0.0,0.0,0.0,0.0,0.0,0.6931471805599453,0.6931471805599453,0.0,0.0,0.0,0.0,0.6931471805599453,0.6931471805599453,0.0
EEN,0.40235947810852507,1.0986122886681098,0.8047189562170501,0.9241962407465937,0.9241962407465937,0.0,0.0,0.0,0.0,0.0,0.0,0.0,0.9241962407465937,0.0,0.0,0.0
EEQ,0.9241962407465937,0.2558427881104495,1.709966238307691,1.0986122886681098,0.0,0.0,0.7193685818395111,0.0,1.2824746787307684,0.0,1.8920414359288362,1.9478341740386487,1.6215917908794277,0.9241962407465937,1.8270396897336403,2.6390573296152584
EER,0.0,1.922571505169192,0.8549831191538455,0.9241962407465937,0.2558427881104495,0.0,1.0750556815368328,0.0,2.137457797884614,0.0,0.5493061443340549,0.0,1.0986122886681098,0.0,0.511685576220899,0.0
EES,0.0,0.0,0.6931471805599453,0.0,0.6931471805599453,0.0,0.0,0.0,0.5493061443340549,0.0,0.0,0.0,0.0,0.0,0.0,0.0
EET,0.0,0.46209812037329684,0.46209812037329684,0.5493061443340549,0.0,0.0,0.6931471805599453,0.0,1.3862943611198906,0.0,0.6931471805599453,0.0,0.0,0.6931471805599453,1.0750556815368328,0.40235947810852507
EEV,0.0,0.0,0.0,0.0,0.0,0.0,0.0,0.0,0.0,0.0,0.0,0.0,0.0,0.0,0.0,0.0
EFC,0.6931471805599453,0.5493061443340549,1.0986122886681098,0.0,1.0986122886681098,0.5493061443340549,0.6931471805599453,0.0,0.0,0.9241962407465937,0.358351893845611,0.0,0.0,0.5493061443340549,0.0,0.6931471805599453
EFD,0.6931471805599453,0.0,0.0,0.6931471805599453,0.0,0.0,0.0,0.5493061443340549,0.0,0.0,0.0,0.0,0.0,0.5493061443340549,0.0,0.0
EFE,0.0,0.0,0.0,0.0,0.0,0.0,0.0,0.0,0.0,0.0,0.0,1.0986122886681098,0.716703787691222,0.0,0.0,1.6094379124341003
EFF,0.0,0.0,0.0,0.0,0.5493061443340549,0.0,0.0,0.0,0.0,0.0,0.6931471805599453,0.6931471805599453,0.0,0.5493061443340549,0.6931471805599453,0.0
EFG,0.0,0.0,0.0,0.0,0.0,0.0,0.0,0.0,0.0,0.0,0.0,0.0,0.0,0.0,0.0,0.0
EFI,0.0,0.0,0.5493061443340549,0.0,0.0,0.0,0.0,0.0,0.0,0.0,0.5493061443340549,0.0,0.0,0.0,0.0,0.0
EFL,0.5493061443340549,1.0986122886681098,0.46209812037329684,0.9241962407465937,0.0,0.0,1.3862943611198906,0.0,0.6931471805599453,0.40235947810852507,0.29706307738283366,1.297273432703542,1.6479184330021646,0.0,0.0,1.433407575382444
EFQ,0.0,0.6931471805599453,0.6931471805599453,0.6931471805599453,1.0986122886681098,1.6094379124341003,0.0,0.0,0.0,0.6931471805599453,1.2070784343255752,0.46209812037329684,0.6931471805599453,0.0,0.0,0.0
EFS,1.791759469228055,1.2070784343255752,0.9241962407465937,0.6931471805599453,1.2070784343255752,1.6215917908794277,0.5493061443340549,1.3862943611198906,0.40235947810852507,0.46209812037329684,1.433407575382444,1.2070784343255752,0.9241962407465937,0.5493061443340549,1.0750556815368328,0.8047189562170501
EFV,0.0,2.564625836084481,0.0,0.0,3.2188758248682006,1.2351273970974364,2.4572701292270467,2.6223806710998603,3.127772676500623,3.2188758248682006,2.1754930114005266,3.2188758248682006,0.0,0.0,3.2188758248682006,2.4572701292270467
EFY,0.0,0.0,0.9241962407465937,0.0,1.0986122886681098,1.433407575382444,1.0986122886681098,0.0,0.46209812037329684,0.9241962407465937,0.0,0.0,0.0,0.0,0.0,0.0
EGA,0.0,0.0,0.0,0.0,0.0,0.0,0.0,0.0,0.0,0.0,0.0,0.0,0.0,0.0,0.0,0.0
EGC,0.0,0.0,0.0,0.0,0.0,0.0,0.0,0.0,0.0,0.0,0.0,0.0,0.0,0.0,0.0,0.0
EGD,0.0,0.0,0.0,0.0,0.0,0.0,0.0,0.0,0.0,0.0,0.0,0.0,0.0,0.0,0.0,0.0
EGE,0.0,0.0,0.0,0.0,0.0,0.0,0.0,0.6931471805599453,0.0,0.0,0.0,0.0,0.0,0.5493061443340549,0.0,0.0
EGF,1.433407575382444,2.046742304883596,0.8047189562170501,0.0,1.1882523095313346,0.8047189562170501,1.0986122886681098,0.0,1.5350567286626973,0.0,1.218026459822427,0.0,0.8047189562170501,0.0,0.0,0.0
EGG,0.0,0.46209812037329684,0.0,0.0,0.9241962407465937,0.46209812037329684,0.0,0.0,0.0,0.0,0.0,0.0,0.0,0.0,0.0,0.0
EGH,0.0,0.6931471805599453,1.782378464297002,0.0,1.6215917908794277,0.0,0.0,0.0,0.5493061443340549,0.0,0.0,0.0,0.0,1.791759469228055,0.0,0.0
EGI,0.0,0.0,0.0,0.0,0.5493061443340549,0.0,0.0,0.0,0.0,0.0,0.0,0.0,0.0,0.0,0.0,0.0
EGK,0.648636716351771,0.0,0.46209812037329684,0.0,0.5493061443340549,0.11179793234837827,0.0,0.0,1.297273432703542,0.40235947810852507,0.0,0.1934321572215864,0.0,0.0,0.5493061443340549,0.0
EGL,0.716703787691222,0.0,2.1581057455185335,1.297273432703542,1.2070784343255752,0.0,0.27465307216702745,0.0,2.046742304883596,0.0,0.0,1.791759469228055,1.6094379124341003,0.6931471805599453,1.1882523095313346,1.297273432703542
EGM,0.0,0.0,0.0,0.0,0.0,0.0,0.0,0.0,0.0,0.0,0.0,0.0,0.0,0.0,0.0,0.0
EGN,1.0986122886681098,0.0,0.0,0.0,0.0,0.0,0.0,0.0,0.0,0.0,0.0,0.0,0.0,0.0,0.0,0.0
EGP,1.3862943611198906,0.6931471805599453,0.6931471805599453,0.0,0.0,0.6931471805599453,0.6931471805599453,0.9241962407465937,0.6931471805599453,0.6931471805599453,1.0986122886681098,1.433407575382444,0.6931471805599453,1.0986122886681098,1.433407575382444,0.5493061443340549
EGQ,0.9241962407465937,0.0,1.4853153869141684,0.6931471805599453,1.0986122886681098,0.0,1.0986122886681098,0.0,1.5350567286626973,0.6931471805599453,0.40235947810852507,0.40235947810852507,0.0,0.6931471805599453,0.5493061443340549,0.0
EGR,1.297273432703542,1.3862943611198906,0.46209812037329684,1.5350567286626973,1.4853153869141684,0.46209812037329684,0.5493061443340549,0.0,1.433407575382444,0.8047189562170501,0.891189232148501,1.3732653608351373,0.9729550745276566,1.0986122886681098,1.709966238307691,1.3732653608351373
EGS,0.0,0.0,0.0,0.0,0.0,0.0,0.0,0.0,0.0,0.0,0.0,0.16357994328702444,0.0,0.0,0.0945866526695881,0.0
EGT,0.40235947810852507,1.0750556815368328,0.6931471805599453,0.0,0.0,0.0,0.0,1.2070784343255752,1.0750556815368328,0.46209812037329684,0.8047189562170501,0.5493061443340549,0.5493061443340549,0.5493061443340549,1.0986122886681098,0.0
EGV,1.0986122886681098,0.0,1.0750556815368328,0.0,0.0,0.0,0.0,0.0,0.6931471805599453,0.0,0.0,0.0,0.0,0.0,0.0,0.0
EGW,0.0,0.0,0.0,0.0,0.0,0.0,0.0,0.0,0.0,0.0,0.0,0.0,0.0,0.0,0.0,0.0
EGY,0.0,0.6931471805599453,0.0,0.6931471805599453,0.5493061443340549,0.0,0.0,0.6931471805599453,0.6931471805599453,0.0,0.0,0.0,0.0,1.0986122886681098,0.6931471805599453,0.6931471805599453
EHD,0.0,0.0,0.0,0.0,0.0,0.0,0.0,0.0,0.0,0.0,0.0,0.0,0.0,0.0,0.0,0.0
EHG,0.0,0.6931471805599453,0.0,0.0,0.0,0.0,0.0,0.0,0.0,0.0,0.0,0.0,0.6931471805599453,0.0,0.0,0.0
EHH,0.0,0.0,0.0,0.0,0.5493061443340549,0.6931471805599453,0.0,0.0,0.0,0.0,0.0,0.0,0.0,0.0,0.0,0.0
EHM,0.0,0.0,0.0,0.0,0.0,0.0,0.0,0.0,0.0,0.0,0.0,0.0,0.0,0.0,0.0,0.0
EHN,0.0,0.0,0.0,0.0,0.0,0.0,0.0,0.0,0.0,0.0,0.0,0.0,0.0,0.0,0.0,0.0
EHP,0.0,0.0,0.0,0.0,0.0,0.0,0.0,0.0,0.0,0.0,0.0,0.0,0.0,0.0,0.0,0.0
EHQ,0.0,0.0,0.0,0.0,0.0,0.0,0.0,0.0,0.0,0.0,0.0,0.0,0.0,0.0,0.0,0.0
EHR,0.0,0.0,0.0,0.0,0.0,0.0,0.0,0.0,0.0,0.0,0.0,0.0,0.0,0.0,0.0,0.0
EHS,0.0,0.0,0.0,0.0,0.0,0.0,0.0,0.0,0.0,0.0,0.0,0.0,0.0,0.0,0.0,0.0
EHT,0.0,0.0,0.0,0.0,0.0,0.0,0.0,0.0,0.0,0.0,0.0,0.0,0.0,0.0,0.0,0.0
EIA,0.0,0.6931471805599453,0.0,1.3862943611198906,0.6931471805599453,0.0,0.0,0.46209812037329684,0.0,0.6931471805599453,0.0,0.0,0.9241962407465937,0.9241962407465937,0.6931471805599453,0.0
EIC,0.29706307738283366,0.0,0.6931471805599453,0.0,0.46209812037329684,0.08107958954397138,0.0,0.6931471805599453,1.2070784343255752,0.0,0.0,0.5493061443340549,0.0,1.0986122886681098,0.46209812037329684,0.0
EID,0.0,0.0,0.0,0.0,0.0,0.0,0.0,0.0,0.0,0.0,0.0,0.0,0.0,0.0,0.0,0.0
EIE,0.0,0.0,0.5493061443340549,0.0,0.0,0.0,0.0,0.0,0.6931471805599453,0.0,0.6931471805599453,0.0,0.0,0.0,0.0,0.0
EIG,0.0,0.0,0.9729550745276566,1.2070784343255752,0.6931471805599453,0.0,0.0,0.358351893845611,0.27465307216702745,0.0,2.2206614574763934,3.0090982605368537,0.40235947810852507,0.0,3.0477073230139986,2.850449287208318
EII,0.0,0.0,0.0,0.0,0.0,0.0,0.0,0.0,0.0,0.0,0.0,0.0,0.0,0.0,0.0,0.0
EIK,0.0,0.0,0.9241962407465937,0.0,0.0,0.0,0.0,0.0,0.716703787691222,0.0,0.0,0.0,0.0,0.0,0.0,0.0
EIL,0.0,0.0,0.1770758340035135,0.40235947810852507,0.0,0.0,0.6931471805599453,0.6931471805599453,0.3868643144431728,0.0,3.773094180355912,0.0,0.0,0.0,0.3243183581758855,0.1770758340035135
EIP,0.9241962407465937,0.0,0.716703787691222,0.0,0.0,0.0,0.5493061443340549,0.0,0.5493061443340549,0.0,0.5802964716647593,0.0,0.0,0.0,0.0,0.0
EIQ,0.0,0.0,0.0,0.0,0.0,0.0,0.0,2.6223806710998603,0.0,2.961959564600181,0.0,0.0,0.0,0.0,3.0423109532347654,2.5075818837807113
EIR,0.0,0.0,0.46209812037329684,0.0,0.0,0.0,0.0,0.0,0.0,0.0,0.0,0.0,0.6931471805599453,0.0,0.0,0.0
EIS,0.0,0.0,0.0,0.0,0.0,0.0,0.0,0.0,0.0,0.0,0.0,0.0,1.297273432703542,0.0,0.0,1.0986122886681098
EIT,0.0,0.0,0.0,0.0,0.0,0.0,0.0,0.0,0.0,0.0,0.0,0.0,0.0,0.0,0.0,0.0
EIV,0.716703787691222,1.2792139405522478,1.433407575382444,1.782378464297002,0.0,1.6479184330021646,1.1882523095313346,1.0750556815368328,1.922571505169192,0.9036024181047274,1.297273432703542,1.740889414994278,2.5649493574615367,1.0986122886681098,1.8072048362094548,1.9459101490553132
EIW,0.0,0.0,0.0,0.0,0.0,0.0,0.0,0.6931471805599453,0.0,0.0,0.0,0.0,0.0,0.5493061443340549,0.0,0.0
EIY,0.716703787691222,1.023371152441798,0.0,0.0,1.433407575382444,1.0986122886681098,0.9241962407465937,0.0,0.0,0.8047189562170501,0.648636716351771,0.0,0.0,0.0,0.46209812037329684,0.5493061443340549
EKC,0.0,0.0,0.0,0.0,0.0,0.0,0.0,0.0,0.0,0.0,0.0,0.0,0.0,0.0,0.0,0.0
EKD,0.0,0.0,0.0,0.4518012090523637,0.0,0.0,0.0,0.3868643144431728,0.0,0.0,3.513034202823403,0.0,0.42749155957692275,0.3868643144431728,0.0,0.0
EKE,0.0,0.0,0.0,0.0,0.0,0.0,0.0,0.0,1.0986122886681098,0.0,0.0,0.0,0.0,0.0,0.0,0.0
EKF,0.0,0.6931471805599453,0.6931471805599453,0.0,0.6931471805599453,0.6931471805599453,0.0,0.6931471805599453,0.0,0.0,0.0,0.0,0.5493061443340549,0.0,0.0,1.0986122886681098
EKG,0.0,0.0,0.0,0.0,0.0,0.0,0.0,0.0,0.0,0.0,0.0,0.0,0.0,0.0,0.0,0.0
EKI,1.8765226933308443,2.0402624173384694,0.3271598865740489,2.049711555589573,0.7675283643313486,0.418494304533702,1.2395308380245946,1.2395308380245946,1.4719249777896741,1.3817625349338893,2.6416018643689942,3.140192135427787,2.7635250698677787,0.7675283643313486,3.1838289730551392,2.7434990746020165
EKK,0.0,0.5493061443340549,0.40235947810852507,0.6931471805599453,0.0,0.0,0.5493061443340549,0.46209812037329684,0.6931471805599453,0.5493061443340549,0.7393569925972749,2.509657455168998,0.0,0.0,2.3138284080818816,2.6494649600214135
EKL,0.0,0.0,0.0,0.0,0.0,0.0,0.0,0.0,0.0,0.0,0.0,0.0,0.0,0.0,0.0,0.0
EKM,0.0,0.0,0.0,0.0,0.5493061443340549,0.5493061443340549,0.0,0.0,0.0,0.6931471805599453,0.0,0.0,0.0,0.0,0.0,0.0
EKN,0.46209812037329684,0.0,2.351203577673075,0.0,1.6215917908794277,0.0,0.0,0.0,1.4853153869141684,1.6215917908794277,0.5493061443340549,1.7908995167731467,0.6931471805599453,1.3862943611198906,0.0,0.0
EKP,0.0,0.0,0.0,0.0,0.0,0.0,0.0,0.0,0.0,0.0,0.0,0.0,0.0,0.0,0.0,0.0
EKQ,0.6931471805599453,0.6931471805599453,0.0,0.0,0.0,1.0750556815368328,0.0,1.2070784343255752,0.358351893845611,0.648636716351771,0.9241962407465937,0.40235947810852507,0.46209812037329684,1.0986122886681098,0.40235947810852507,0.0
EKR,1.0986122886681098,0.0,1.3732653608351373,0.0,0.0,0.0,0.9241962407465937,0.0,2.0794415416798357,1.0986122886681098,1.624035279763236,0.0,0.0,0.0,0.0,0.0
EKT,0.0,0.40235947810852507,0.0,0.6931471805599453,0.0,0.6931471805599453,0.9241962407465937,0.0,0.0,0.8047189562170501,0.5493061443340549,0.0,0.0,0.0,0.5493061443340549,0.0
EKV,0.0,0.1934321572215864,0.6931471805599453,0.5493061443340549,0.4518012090523637,0.0,0.0,0.27465307216702745,0.5493061443340549,0.3271598865740489,0.0,0.0,0.0,0.0,0.1425224643604159,0.0
EKW,0.0,0.0,0.0,0.0,0.0,0.0,0.0,0.0,0.0,0.0,0.0,0.0,0.0,0.0,0.0,0.0
ELA,0.0,0.5212954460834371,0.6089044875446846,0.716703787691222,0.3271598865740489,2.305779776884169,0.0,3.0594441162831703,0.0,0.0,0.134119826036175,0.9241962407465937,0.9036024181047274,0.8549831191538455,0.648636716351771,2.654454765205741
ELC,0.0,0.0,0.891189232148501,0.0,1.4853153869141684,0.0,0.0,0.0,0.0,1.791759469228055,0.0,0.0,0.0,0.0,0.0,0.0
ELD,0.0,0.0,0.0,0.0,0.0,0.0,0.0,0.0,0.0,0.0,0.0,0.0,0.0,0.0,0.0,0.0
ELE,0.0,0.36967849629863747,0.406008819940809,0.0,0.3868643144431728,2.5461285350783327,0.26823965207235,3.0423109532347654,0.42749155957692275,0.15767011966073635,0.12026056535665978,0.0,0.0,0.0,0.0,2.5131148098040326
ELG,0.0,0.0,0.0,0.0,0.5493061443340549,0.0,0.0,0.0,0.0,0.5493061443340549,0.0,0.0,0.0,0.0,0.5493061443340549,1.0986122886681098
ELH,0.0,0.0,0.0,0.0,0.0,0.0,0.0,0.0,1.0986122886681098,0.9729550745276566,3.4886164859863853,0.0,0.0,0.0,0.0,0.0
ELI,0.0,0.0,0.0,0.0,0.0,0.0,0.0,0.0,0.0,0.0,0.0,0.0,0.0,0.0,0.0,0.0
ELK,1.770758340035135,1.6479184330021646,0.29706307738283366,0.0,1.3732653608351373,1.2792139405522478,0.29706307738283366,1.782378464297002,0.716703787691222,1.1295030226309093,0.3243183581758855,0.2558427881104495,1.068728898942307,1.4853153869141684,1.791759469228055,0.0
ELL,0.0,0.0,0.354151668007027,1.1882523095313346,0.0,0.0,0.0,1.433407575382444,1.068728898942307,1.433407575382444,1.187357980809621,1.3432857556048436,1.0750556815368328,0.6931471805599453,1.673977218134808,1.7435577384702752
ELM,0.0,0.0,0.0,0.6931471805599453,0.0,0.0,0.0,0.0,0.0,0.0,0.0,0.0,0.0,0.0,0.6931471805599453,0.6931471805599453
ELN,2.7400701939510808,2.3019858420456756,0.0,2.3978952727983707,0.0,2.477825115224983,0.7404898911500453,0.1934321572215864,2.0913812126408318,1.355403627157091,1.3017767236548818,0.0,2.5877494740904625,1.2827021792437432,0.5545177444479562,0.45667836565851344
ELP,0.0,0.0,0.0,0.0,0.0,0.0,0.0,0.0,0.0,0.0,0.0,0.5493061443340549,0.0,0.6931471805599453,0.0,0.0
ELQ,0.0,2.961959564600181,0.0,0.0,3.127772676500623,0.511685576220899,0.0,2.4072786084294826,0.0,3.6375861597263857,0.0,0.0,0.0,0.0,3.2188758248682006,3.562073942428863
ELR,0.0,0.40235947810852507,0.5493061443340549,0.0,0.358351893845611,0.0945866526695881,0.9241962407465937,0.0,0.3243183581758855,0.9241962407465937,0.134119826036175,0.0,0.0,0.0,0.0,0.0
ELS,0.0,0.0,0.0,0.0,0.0,0.0,0.0,0.0,0.0,0.0,0.0,0.0,0.0,0.0,0.0,0.0
ELT,0.6931471805599453,1.9459101490553132,1.6094379124341003,1.0986122886681098,2.137457797884614,1.6215917908794277,1.3862943611198906,0.6931471805599453,1.3862943611198906,1.3862943611198906,1.7908995167731467,0.6931471805599453,0.0,1.0750556815368328,0.6931471805599453,0.0
ELV,0.0,3.127772676500623,0.0,0.0,3.2188758248682006,2.1879041668000205,0.0,2.5482766946873254,0.0,3.2188758248682006,0.0,0.0,0.0,0.0,3.127772676500623,2.7966574578003813
ELY,0.0,0.0,0.0,0.0,0.0,0.0,0.0,0.0,0.0,0.0,0.0,0.0,0.0,0.0,0.0,0.0
EMA,0.46209812037329684,0.5493061443340549,0.716703787691222,0.358351893845611,0.8047189562170501,1.0986122886681098,0.9241962407465937,0.0,0.716703787691222,0.9241962407465937,0.648636716351771,0.0,0.0,0.40235947810852507,0.0,0.46209812037329684
EMD,0.6931471805599453,0.0,0.0,0.0,0.0,0.0,0.6931471805599453,0.0,0.6931471805599453,0.6931471805599453,0.6931471805599453,0.0,0.0,0.0,0.5493061443340549,0.5493061443340549
EME,0.0,1.6215917908794277,0.0,0.358351893845611,0.6931471805599453,0.0928393016676077,0.5493061443340549,0.6931471805599453,1.3862943611198906,0.7675283643313486,0.0,0.6931471805599453,1.6215917908794277,0.9241962407465937,1.4853153869141684,0.5493061443340549
EMG,0.0,0.0,0.0,0.6931471805599453,0.0,0.0,0.0,0.6931471805599453,0.6931471805599453,0.0,1.433407575382444,0.0,0.0,0.0,0.46209812037329684,0.6931471805599453
EMI,0.6931471805599453,0.0,0.0,0.0,0.0,0.0,0.0,0.6931471805599453,0.6931471805599453,0.0,0.0,0.0,0.0,0.5493061443340549,0.6931471805599453,0.0
EMK,1.3862943611198906,1.0986122886681098,0.6931471805599453,0.6931471805599453,0.0,0.0,0.0,1.2070784343255752,0.5493061443340549,0.0,0.0,0.0,1.3862943611198906,0.6931471805599453,0.6931471805599453,0.6931471805599453
EML,0.0,0.0,0.0,0.0,0.0,0.0,0.6931471805599453,0.0,0.0,0.0,0.0,0.0,0.0,0.6931471805599453,0.0,0.0
EMN,0.0,0.0,0.0,0.0,0.0,0.0,0.0,0.0,0.0,0.0,0.0,0.0,0.0,0.0,0.0,0.0
EMP,0.0,0.0,0.0,0.0,0.0,0.0,0.0,0.0,0.0,0.0,0.0,0.0,0.0,0.0,0.0,0.0
EMT,0.0,0.0,0.0,0.0,0.0,0.0,0.0,0.5493061443340549,0.0,0.0,0.0,0.0,0.0,1.0986122886681098,0.0,0.0
EMV,0.0,0.0,2.436052919644854,0.0,1.922571505169192,0.0,1.6215917908794277,0.6931471805599453,1.791759469228055,1.791759469228055,0.0,1.6215917908794277,0.0,1.9459101490553132,0.0,0.0
ENA,0.0,0.0,0.0,0.6931471805599453,0.0,0.5493061443340549,0.0,0.6931471805599453,0.46209812037329684,0.0,0.0,0.0,0.0,0.6931471805599453,0.6931471805599453,0.6931471805599453
ENC,0.0,0.0,0.0,0.0,0.0,0.0,0.0,0.0,0.0,0.0,0.0,0.0,0.0,0.0,0.0,0.0
END,0.0,0.0,0.0,0.0,0.0,0.0,0.0,0.6931471805599453,0.0,0.40235947810852507,0.0,0.8047189562170501,0.0,0.0,0.17002186811153908,0.9671607861079322
ENE,0.0,0.0,0.0,0.0,0.0,0.0,0.0,0.0,0.0,0.0,0.0,0.0,0.0,0.0,0.0,0.0
ENG,0.0,0.0,0.0,0.0,0.0,0.0,0.0,0.0,0.0,0.0,0.0,0.0,0.0,0.0,0.0,0.0
ENI,0.0,0.0,0.0,0.0,0.0,0.0,0.0,0.0,0.0,0.0,0.0,0.0,0.0,0.0,0.0,0.0
ENK,0.40235947810852507,0.6931471805599453,0.0,0.0,0.0,0.46209812037329684,0.0,0.0,0.0,0.0,0.0,0.0,0.6931471805599453,0.0,0.0,0.0
ENL,1.6094379124341003,0.9241962407465937,1.2792139405522478,0.0,0.8047189562170501,0.0,0.46209812037329684,0.0,0.46209812037329684,0.9241962407465937,1.8920414359288362,1.023371152441798,1.2070784343255752,0.0,0.5493061443340549,0.0
ENN,0.0,0.0,0.0,0.0,0.0,0.0,0.0,0.6931471805599453,0.0,0.0,0.0,0.0,0.0,0.6931471805599453,0.0,0.0
ENP,0.0,0.0,0.0,0.0,0.0,2.7543904996083586,0.0,0.0,0.0,0.6777018135785455,0.0,0.0,0.0,0.0,0.0,0.0
ENQ,0.0,0.0,0.5493061443340549,0.0,0.0,0.0,0.0,0.0,0.46209812037329684,0.0,0.8047189562170501,0.0,0.0,0.0,0.0,0.0
ENR,0.0,0.0,0.0,0.0,0.0,2.2849655356185017,0.0,2.7887850404652017,0.0,0.0,0.0,0.0,0.0,0.0,0.0,0.0
ENV,0.0,0.0,0.0,0.0,0.0,0.0,0.0,0.0,0.0,0.0,0.0,0.0,0.0,0.0,0.0,0.0
ENY,0.0,0.0,0.0,0.0,0.0,0.0,0.0,0.0,0.0,0.0,0.0,0.0,0.0,0.0,0.0,0.0
EPA,0.6931471805599453,0.0,0.0,0.5493061443340549,0.0,0.0,0.0,0.0,0.6931471805599453,0.0,0.0,0.0,0.0,0.0,0.6931471805599453,0.0
EPD,0.0,0.0,0.0,0.0,0.0,0.0,0.0,0.0,0.0,0.0,0.0,0.0,0.0,0.0,0.0,0.0
EPF,0.0,0.0,0.0,0.0,0.0,0.0,0.0,2.7471897635881173,0.0,2.564625836084481,0.0,0.0,0.0,0.0,2.961959564600181,3.810740708566655
EPG,0.0,0.0,0.0,0.0,0.0,0.6931471805599453,0.0,0.5493061443340549,0.0,0.0,0.0,0.0,0.0,0.0,0.0,0.0
EPI,0.0,0.0,0.0,0.0,0.0,0.0,0.0,0.0,0.0,0.0,0.0,0.0,0.0,0.0,0.0,0.0
EPK,0.0,0.0,0.6931471805599453,0.0,0.0,0.0,0.0,0.0,0.6931471805599453,0.6931471805599453,1.0986122886681098,0.46209812037329684,0.0,0.0,0.8047189562170501,0.6931471805599453
EPL,0.0,0.0,0.0,0.0,0.0,0.0,0.0,0.0,0.0,0.0,0.0,0.0,0.0,0.0,0.0,0.0
EPN,0.0,0.0,0.5493061443340549,0.0,0.5493061443340549,0.6931471805599453,0.0,0.0,0.0,0.6931471805599453,0.0,0.0,0.0,0.0,0.0,0.0
EPP,0.0,0.0,0.0,0.0,0.0,0.0,0.0,0.0,0.9241962407465937,1.0986122886681098,2.064575928493354,0.0,0.0,0.0,0.0,0.0
EPQ,0.6931471805599453,1.0750556815368328,1.6094379124341003,0.6931471805599453,1.6215917908794277,1.782378464297002,1.5350567286626973,1.0750556815368328,0.5493061443340549,1.5813042316832728,1.6215917908794277,1.9183162182386966,0.0,1.2070784343255752,2.1972245773362196,0.0
EPR,1.0986122886681098,0.0,0.5493061443340549,1.6094379124341003,0.5493061443340549,0.0,0.0,1.3862943611198906,0.6931471805599453,0.5493061443340549,0.0,0.5493061443340549,1.6094379124341003,1.0986122886681098,0.6931471805599453,0.9241962407465937
EPS,0.0,0.0,0.40235947810852507,0.0,0.0,0.0,0.0,0.6931471805599453,0.6931471805599453,0.0,0.0,0.0,0.0,0.6931471805599453,0.6931471805599453,0.0
EPT,0.0,0.0,0.6931471805599453,0.0,0.0,0.0,0.0,0.0,0.0,0.0,0.46209812037329684,0.8047189562170501,0.6931471805599453,0.0,0.0,0.6931471805599453
EPV,0.0,0.0,0.0,0.0,0.0,0.0,0.0,0.0,0.0,0.0,0.0,0.0,0.0,0.0,0.0,0.0
EPY,0.0,1.3862943611198906,0.0,1.791759469228055,0.29706307738283366,1.0986122886681098,0.0,0.0,0.0,0.0,0.0,0.0,1.791759469228055,0.0,0.0,1.791759469228055
EQA,0.0,0.23978952727983707,0.9729550745276566,1.6094379124341003,0.0,0.0,0.4518012090523637,0.0,1.709966238307691,0.0,2.060694968905544,2.033231729642506,1.6215917908794277,1.0986122886681098,1.709966238307691,2.70805020110221
EQD,0.0,0.0,0.0,0.0,0.0,0.0,0.0,0.0,0.0,0.0,0.0,0.0,0.0,0.0,0.0,0.0
EQE,0.0,0.0,0.0,0.0,0.0,0.0,0.0,0.0,0.0,0.0,0.0,0.0,0.0,0.0,0.0,0.0
EQF,0.0,0.0,0.0,0.0,0.0,0.0,0.0,0.0,0.0,0.0,0.0,0.0,0.0,0.0,0.0,0.0
EQH,0.0,0.0,0.0,0.0,0.0,0.0,0.0,0.0,0.0,0.0,0.0,0.0,0.0,0.0,0.0,0.0
EQI,0.0,0.0,0.6931471805599453,0.0,1.0986122886681098,0.5493061443340549,0.0,0.0,0.0,0.6931471805599453,0.0,0.0,0.0,0.0,0.0,0.0
EQK,0.0,0.6931471805599453,1.0986122886681098,0.0,0.6931471805599453,0.0,0.6931471805599453,1.0986122886681098,0.0,1.3862943611198906,0.5493061443340549,0.6931471805599453,0.0,0.0,0.5493061443340549,0.0
EQL,0.0,0.0,0.0,0.0,0.0,0.0,0.0,0.0,0.0,0.16357994328702444,0.3243183581758855,0.0,0.0,0.0,0.0,0.0
EQP,2.137457797884614,0.6931471805599453,2.046742304883596,1.6094379124341003,1.2070784343255752,1.0986122886681098,0.8239592165010823,0.5493061443340549,2.321185886659037,1.6479184330021646,1.9183162182386966,1.791759469228055,0.9241962407465937,0.6931471805599453,1.4853153869141684,1.4853153869141684
EQQ,0.0,0.0,0.0,0.0,0.0,0.0,0.0,0.0,0.0,0.0,0.0,0.0,0.0,0.0,0.0,0.0
EQV,0.0,0.0,0.0,0.0,0.0,0.0,0.0,0.0,0.0,0.0,0.0,0.0,0.0,0.0,0.0,0.0
EQY,0.0,0.0,0.0,0.0,0.0,0.0,0.0,0.0,0.0,0.0,0.0,0.0,0.0,0.0,0.0,0.0
ERA,0.0,0.0,0.0,0.0,0.0,0.6931471805599453,0.0,1.0986122886681098,0.0,0.0,0.0,0.0,0.0,0.6931471805599453,0.0,0.6931471805599453
ERC,0.0,0.0,0.0,0.0,0.0,0.0,0.0,0.0,0.0,0.0,0.0,0.0,0.0,0.0,0.0,0.0
ERD,0.8047189562170501,0.648636716351771,0.6931471805599453,0.6931471805599453,0.40235947810852507,1.6215917908794277,0.9729550745276566,0.0,1.2070784343255752,0.8047189562170501,0.5493061443340549,0.0,0.0,0.0,0.46209812037329684,0.0
ERE,0.0,0.0,0.0,0.6931471805599453,0.0,0.0,0.0,0.6931471805599453,0.6931471805599453,0.0,0.0,0.0,0.0,0.6931471805599453,0.1934321572215864,0.716703787691222
ERG,0.0,0.0,0.0,0.0,0.0,0.0,0.0,0.0,0.0,0.0,0.0,0.0,0.0,0.0,0.0,0.0
ERH,0.0,0.0,0.0,0.0,0.0,0.0,0.0,0.0,0.0,0.0,0.0,0.0,0.0,0.0,0.0,0.0
ERI,0.0,0.358351893845611,0.9241962407465937,1.3862943611198906,1.2070784343255752,0.6931471805599453,1.2070784343255752,0.0,0.0,0.0,1.4387371636790223,2.046742304883596,2.0794415416798357,0.0,0.9241962407465937,2.1972245773362196
ERL,0.358351893845611,0.0,0.0,0.3243183581758855,0.0,0.0,0.0,0.0,0.6931471805599453,0.0,0.0,0.0,0.648636716351771,0.0,0.0,0.46209812037329684
ERM,0.0,0.0,0.0,0.0,0.0,0.0,0.0,0.0,0.0,0.0,0.0,0.0,0.0,0.0,0.0,0.0
ERN,0.0,0.0,1.922571505169192,0.648636716351771,0.0,0.0,0.0,0.9729550745276566,1.0986122886681098,0.891189232148501,4.624972813284271,4.286650087355609,0.9729550745276566,0.0,4.313429290255906,3.440959880822257
ERP,1.9459101490553132,1.791759469228055,1.0986122886681098,0.0,0.8047189562170501,1.0750556815368328,1.3862943611198906,1.791759469228055,1.791759469228055,1.0986122886681098,1.624035279763236,1.3732653608351373,0.46209812037329684,1.0986122886681098,1.6215917908794277,0.0
ERQ,1.433407575382444,0.511685576220899,1.6094379124341003,0.5493061443340549,0.9241962407465937,0.0,0.0,1.355403627157091,1.791759469228055,1.6215917908794277,1.7908995167731467,0.3243183581758855,0.0,0.0,1.922571505169192,0.5493061443340549
ERR,0.6931471805599453,0.6931471805599453,0.6931471805599453,0.0,0.6931471805599453,0.5493061443340549,0.0,0.0,0.46209812037329684,0.0,0.0,0.0,0.0,0.0,0.0,0.0
ERS,1.6094379124341003,0.0,0.9241962407465937,1.782378464297002,0.9241962407465937,0.9241962407465937,0.5493061443340549,1.0750556815368328,0.5493061443340549,1.0986122886681098,0.5493061443340549,0.9241962407465937,1.782378464297002,1.791759469228055,0.0,0.9241962407465937
ERT,0.0,0.0,0.0,0.0,0.0,0.0,0.0,0.0,0.0,0.0,0.0,0.0,0.0,0.0,0.0,0.0
ERV,0.0,1.6094379124341003,1.0986122886681098,0.9241962407465937,0.6931471805599453,0.0,1.297273432703542,0.9241962407465937,2.2590060452618186,0.8047189562170501,0.7675283643313486,0.511685576220899,0.0,0.8047189562170501,0.8549831191538455,0.0
ERW,0.0,0.6931471805599453,0.0,0.0,0.0,0.0,0.0,0.0,0.0,0.0,0.0,0.0,0.6931471805599453,0.0,0.0,0.0
ERY,0.0,0.0,0.0,0.0,0.0,0.0,0.0,0.0,0.0,0.0,0.0,1.0986122886681098,0.0,0.0,1.3862943611198906,1.0986122886681098
ESC,0.0,0.5493061443340549,0.6931471805599453,0.46209812037329684,1.0986122886681098,1.2070784343255752,0.6931471805599453,0.0,0.46209812037329684,0.9241962407465937,0.6931471805599453,0.0,0.0,0.5493061443340549,0.0,0.6931471805599453
ESD,0.0,0.0,0.0,0.0,0.0,0.0,0.0,0.0,0.0,0.0,0.0,0.0,0.0,0.0,0.0,0.0
ESE,0.0,3.127772676500623,0.0,0.0,3.2188758248682006,2.740582576115541,3.8918202981106265,3.7612001156935624,3.1780538303479458,3.2188758248682006,1.6654960931072953,2.5649493574615367,0.0,3.2188758248682006,3.2188758248682006,3.5733986367231556
ESF,1.791759469228055,0.6931471805599453,1.297273432703542,0.0,0.6931471805599453,0.0,0.5493061443340549,0.46209812037329684,1.0750556815368328,1.0986122886681098,1.9478341740386487,0.0,0.0,0.0,0.0,0.0
ESG,0.0,0.0,0.0,0.0,0.0,0.0,0.0,0.0,0.0,0.0,0.40235947810852507,0.3243183581758855,0.0,0.0,0.5941261547656673,0.648636716351771
ESH,0.0,0.0,0.0,0.0,0.0,0.0,0.0,0.0,0.0,0.0,0.0,0.0,0.0,0.0,0.0,0.0
ESI,0.0,0.0,0.0,0.0,0.23978952727983707,3.902409235713096,0.0,2.344884655308477,0.0,0.0,2.952699528345521,0.0,0.0,0.0,0.0,0.0
ESK,1.3862943611198906,0.0,0.6931471805599453,0.0,0.0,0.0,0.0,0.0,0.5493061443340549,0.0,0.0,0.0,0.5493061443340549,0.0,0.0,0.0
ESL,0.0,0.0,0.0,0.0,0.0,0.0,0.0,0.0,0.0,0.0,0.0,0.0,0.0,0.0,0.0,0.0
ESM,0.0,0.0,0.0,0.5493061443340549,0.0,0.0,0.6931471805599453,0.0,1.0986122886681098,0.0,0.0,0.0,0.0,0.0,0.6931471805599453,0.0
ESN,0.0,0.0,0.716703787691222,0.0,0.0,0.0,0.0,0.0,0.0,0.0,0.0,0.0,1.0986122886681098,0.0,0.0,0.8047189562170501
ESP,0.0,0.0,0.0,0.0,0.0,0.0,0.0,0.0,0.0,0.0,0.0,0.0,0.0,0.0,0.0,0.0
ESQ,0.0,0.0,0.6931471805599453,0.0,0.0,0.0,0.0,0.0,0.5493061443340549,0.6931471805599453,0.0,0.0,0.0,0.0,0.6931471805599453,0.0
ESR,1.2824746787307684,1.0986122886681098,0.46209812037329684,1.1989476363991853,0.9729550745276566,0.8047189562170501,0.0,0.716703787691222,0.5493061443340549,0.3243183581758855,0.0,0.0,1.3732653608351373,1.0986122886681098,0.6931471805599453,0.9241962407465937
ESS,0.0,0.358351893845611,0.8047189562170501,0.0,0.46209812037329684,0.0,0.0,0.0,0.6931471805599453,0.0,1.1882523095313346,1.0986122886681098,1.2070784343255752,0.0,0.9241962407465937,0.9241962407465937
EST,0.0,0.0,0.0,0.0,0.0,0.46209812037329684,0.6931471805599453,0.0,0.0,0.46209812037329684,0.0,0.0,0.0,0.0,0.0,0.0
ESW,0.0,0.0,0.0,0.0,0.0,0.0,0.0,0.0,0.0,0.0,0.0,0.0,0.0,0.0,0.0,0.0
ESY,0.9241962407465937,0.0,0.0,0.0,0.0,0.0,0.0,0.0,0.9241962407465937,0.0,0.0,0.27465307216702745,0.0,0.0,0.358351893845611,0.0
ETA,1.433407575382444,1.6094379124341003,0.9241962407465937,0.0,1.0986122886681098,0.0,0.0,1.0986122886681098,1.791759469228055,0.0,1.8072048362094548,1.1989476363991853,0.9241962407465937,0.0,0.8239592165010823,0.0
ETC,0.0,0.5493061443340549,0.40235947810852507,0.46209812037329684,0.0,0.0,0.716703787691222,0.0,0.9241962407465937,0.0,0.21374577978846138,0.2558427881104495,0.46209812037329684,0.0,0.29706307738283366,0.27465307216702745
ETE,0.0,0.5493061443340549,0.5493061443340549,0.6931471805599453,0.0,0.0,0.5493061443340549,0.0,0.8047189562170501,0.0,0.358351893845611,0.0,0.0,0.0,0.40235947810852507,0.0
ETF,0.0,0.0,0.0,0.0,0.0,0.0,0.0,0.0,0.0,0.0,0.0,0.0,0.0,0.0,0.0,0.0
ETG,0.0,0.0,0.40235947810852507,0.5493061443340549,0.358351893845611,0.0,0.5493061443340549,0.0,1.2070784343255752,0.0,0.5941261547656673,0.23978952727983707,0.0,0.358351893845611,0.9729550745276566,0.0
ETH,0.0,0.0,0.5493061443340549,0.0,0.0,0.0,0.0,0.0,0.0,0.0,1.0986122886681098,0.0,0.0,0.0,0.0,0.0
ETI,0.0,0.6931471805599453,0.5493061443340549,0.0,0.6931471805599453,0.0,0.6931471805599453,0.0,0.6931471805599453,0.0,0.5493061443340549,0.0,0.0,0.6931471805599453,0.0,0.0
ETK,0.5941261547656673,0.40235947810852507,0.0,0.40235947810852507,3.1780538303479458,0.21374577978846138,0.14719249777896742,0.5312275020105406,0.406008819940809,2.765993003203175,0.6412373393653842,0.2558427881104495,0.0,0.29706307738283366,2.7081884344831684,3.1799232147068737
ETL,1.0986122886681098,0.46209812037329684,0.0,0.5493061443340549,0.5493061443340549,0.6931471805599453,0.9241962407465937,0.0,0.358351893845611,0.46209812037329684,0.0,0.0,0.46209812037329684,0.0,0.0,0.0
ETM,0.0,0.0,0.0,0.0,0.0,0.0,0.0,0.0,0.6931471805599453,0.0,0.0,0.0,0.0,0.0,0.6931471805599453,0.0
ETN,0.0,0.0,0.0,0.0,0.0,0.0,0.0,1.0986122886681098,0.5493061443340549,0.0,0.9241962407465937,0.6931471805599453,0.46209812037329684,0.46209812037329684,1.2070784343255752,1.0750556815368328
ETP,0.0,0.0,0.46209812037329684,0.0,0.6931471805599453,3.621513434670249,0.0,0.5493061443340549,0.5941261547656673,1.922571505169192,2.8780183516958386,0.6931471805599453,0.0,0.8239592165010823,0.0,0.0
ETQ,0.0,0.0,0.0,0.0,0.0,0.0,0.0,0.0,0.0,0.0,0.0,0.0,0.0,0.0,0.0,0.0
ETR,0.0,0.0,0.0,0.0,0.0,0.0,0.0,0.0,0.0,0.0,0.0,0.0,0.0,0.0,0.0,0.0
ETS,0.0,0.0,0.0,0.0,0.0,0.0,0.0,0.0,0.6931471805599453,0.0,0.0,0.5493061443340549,0.0,0.0,0.9241962407465937,0.5493061443340549
ETT,0.0,0.0,0.0,0.0,0.0,0.6931471805599453,0.0,0.9241962407465937,0.0,0.0,0.0,0.0,0.0,0.9241962407465937,0.0,0.6931471805599453
ETV,0.0,0.0,0.0,0.27465307216702745,0.0,0.0,0.0,0.0,0.27465307216702745,0.0,0.0,0.0,0.0,0.0,0.9241962407465937,0.6931471805599453
ETW,2.854340289794015,3.424644966953666,0.354151668007027,0.0,0.47957905455967414,3.7177173328465214,2.471877649503247,0.5104855195318794,3.044607333229986,0.0,0.0,0.0,0.0,0.12026056535665978,0.0,0.33412376825738166
ETY,0.0,1.0986122886681098,0.648636716351771,0.0,1.0986122886681098,1.6094379124341003,1.0986122886681098,0.9241962407465937,0.0,0.8047189562170501,0.0,0.0,0.9241962407465937,0.0,0.0,0.0
EVA,0.0,0.0,0.0,0.0,0.0,0.0,0.0,0.0,0.0,0.0,0.0,0.0,0.0,0.0,0.0,0.0
EVC,0.0,0.0,0.0,0.0,0.0,0.0,0.0,0.0,0.0,0.0,0.0,0.0,0.0,0.0,0.0,0.0
EVD,0.0,0.0,0.0,0.0,0.0,0.0,0.0,0.0,0.0,0.0,0.0,0.0,0.0,0.0,0.0,0.0
EVE,0.9241962407465937,1.0986122886681098,1.0986122886681098,0.9241962407465937,1.0986122886681098,0.0,0.8047189562170501,0.8047189562170501,0.648636716351771,0.8047189562170501,0.0,0.0,0.8047189562170501,0.0,0.0,0.0
EVF,0.0,0.0,0.0,0.0,0.0,0.0,0.0,0.0,0.0,0.0,0.0,0.0,0.0,0.0,0.0,0.0
EVG,0.2558427881104495,0.0,1.7908995167731467,1.3862943611198906,0.9241962407465937,1.0750556815368328,0.358351893845611,0.0,1.4210308697928313,0.891189232148501,1.297273432703542,0.8047189562170501,1.433407575382444,0.0,0.46209812037329684,1.433407575382444
EVH,0.0,0.0,0.0,0.0,0.0,0.0,0.0,0.0,0.0,0.0,0.0,0.0,0.0,0.0,0.0,0.0
EVI,0.0,0.0,0.0,0.0,0.0,0.08800441009112235,0.27465307216702745,2.8380621538932544,0.0,0.0,3.014640833727095,0.0,0.0,2.9438499555793483,0.0,2.535259127695638
EVK,0.0,0.0,0.0,0.0,0.0,0.0,0.0,0.6931471805599453,0.0,0.0,0.0,0.0,0.6931471805599453,0.5493061443340549,0.0,0.0
EVL,0.6931471805599453,0.8047189562170501,0.891189232148501,0.5493061443340549,1.1882523095313346,0.0,0.358351893845611,0.716703787691222,0.6931471805599453,0.46209812037329684,0.5941261547656673,1.068728898942307,0.5493061443340549,0.8047189562170501,0.9591581091193483,0.0
EVM,0.0,0.0,0.6931471805599453,0.0,0.0,0.6931471805599453,0.0,0.0,0.0,0.5493061443340549,0.0,0.0,0.5493061443340549,0.0,0.0,0.9241962407465937
EVN,0.0,0.0,0.0,0.0,0.0,0.0,0.0,0.0,0.0,0.0,0.0,0.0,0.0,0.0,0.0,0.0
EVP,0.6931471805599453,1.433407575382444,0.716703787691222,1.782378464297002,1.4853153869141684,1.4853153869141684,0.0,0.9241962407465937,1.2070784343255752,0.46209812037329684,0.648636716351771,0.46209812037329684,0.6931471805599453,1.3732653608351373,0.5493061443340549,0.6931471805599453
EVQ,2.2901192060183426,1.6381800861513645,0.5493061443340549,0.5493061443340549,0.5312275020105406,4.3828359353672965,0.6411564590211203,0.0,1.974639709733454,1.3415751881805393,3.5831123277577475,0.34004373622307815,0.22590060452618185,0.9814796597221467,0.5887699911158697,0.708303336014054
EVR,0.0,1.0986122886681098,0.0,0.0,0.9241962407465937,0.6931471805599453,0.716703787691222,1.0986122886681098,0.5493061443340549,1.0986122886681098,0.0,0.0,0.0,1.0986122886681098,0.5493061443340549,0.6931471805599453
EVS,0.0,0.6931471805599453,0.0,0.0,0.5493061443340549,0.0,0.0,0.0,0.0,0.0,0.0,0.0,0.0,0.0,0.0,0.0
EVT,0.0,0.0,0.0,0.0,0.0,0.0,0.0,0.0,0.0,0.0,0.0,0.0,0.0,0.0,0.0,0.0
EVV,0.716703787691222,0.9241962407465937,1.2792139405522478,1.7908995167731467,0.9729550745276566,1.530196813003852,1.2792139405522478,1.9459101490553132,1.5813042316832728,0.5493061443340549,1.7993793761572692,0.5493061443340549,1.0750556815368328,1.3732653608351373,1.2792139405522478,1.6215917908794277
EVW,0.0,0.0,0.0,0.0,0.0,0.6931471805599453,0.6931471805599453,0.5493061443340549,0.0,0.0,0.0,0.6931471805599453,0.0,1.0986122886681098,0.0,0.6931471805599453
EVY,0.0,0.40235947810852507,0.0,0.40235947810852507,0.5493061443340549,0.0,0.40235947810852507,0.0,0.0,0.0,0.0,1.297273432703542,1.0750556815368328,0.0,0.0,1.0986122886681098
EWA,0.0,0.0,0.0,0.0,0.0,0.0,0.0,0.0,0.0,0.0,0.0,0.0,0.0,0.0,0.0,0.0
EWE,0.0,2.564625836084481,0.0,0.0,0.5545177444479562,1.2462999400896513,2.6223806710998603,2.4572701292270467,2.6223806710998603,3.2188758248682006,1.3700350969755404,3.2188758248682006,0.0,0.0,3.0423109532347654,2.5254718724898555
EWI,0.0,1.297273432703542,0.5493061443340549,0.0,1.1882523095313346,0.716703787691222,0.0,0.6931471805599453,0.0,0.0,0.46209812037329684,0.0,0.0,1.2070784343255752,0.0,0.0
EWL,0.0,0.0,0.0,0.0,0.0,0.0,0.0,0.0,0.0,0.0,0.0,0.0,0.0,0.0,0.0,0.0
EWM,0.0,0.0,0.0,0.0,0.0,0.0,0.0,0.0,0.0,0.0,0.0,0.0,0.0,0.0,0.0,0.0
EWN,0.0,0.5493061443340549,0.6931471805599453,0.6931471805599453,0.6931471805599453,1.0986122886681098,0.6931471805599453,0.6931471805599453,1.0986122886681098,0.6931471805599453,1.2070784343255752,0.9241962407465937,0.6931471805599453,0.0,1.0986122886681098,0.0
EWV,2.4849066497880004,1.8920414359288362,0.2558427881104495,0.0,1.2824746787307684,0.0,0.0,0.0,0.23978952727983707,0.0,1.1295030226309093,0.9671607861079322,0.0,0.0,1.5350567286626973,1.1882523095313346
EYF,0.0,0.0,0.6931471805599453,0.0,0.0,0.0,0.0,0.0,0.6931471805599453,0.0,0.0,0.0,0.0,0.0,0.0,0.0
EYH,0.0,0.5493061443340549,0.0,0.0,0.46209812037329684,0.0,0.0,0.0,0.0,0.648636716351771,0.0,0.0,0.0,0.0,0.648636716351771,0.0
EYI,0.0,0.0,0.0,0.9241962407465937,0.0,0.6931471805599453,0.0,0.6931471805599453,0.5493061443340549,0.5493061443340549,0.0,0.0,0.0,0.5493061443340549,0.5493061443340549,0.0
EYK,0.0,0.0,0.0,0.0,0.0,0.0,0.0,0.0,0.0,0.6931471805599453,0.5493061443340549,0.6931471805599453,0.0,0.0,0.6931471805599453,0.0
EYL,0.0,0.0,0.0,0.0,0.0,0.0,0.0,0.0,0.0,0.0,0.29706307738283366,0.716703787691222,0.8047189562170501,0.0,0.5493061443340549,0.0
EYR,0.0,0.0,0.6931471805599453,0.0,1.0986122886681098,1.0986122886681098,0.0,0.0,0.0,0.6931471805599453,0.6931471805599453,0.0,0.0,0.0,0.0,0.0
EYS,0.0,0.0,0.0,0.0,0.0,0.0,0.0,0.0,0.0,0.0,0.0,0.0,0.0,0.0,0.0,0.0
EYT,0.6931471805599453,0.5493061443340549,0.0,0.9241962407465937,0.8047189562170501,1.2070784343255752,0.9729550745276566,0.6931471805599453,0.0,1.297273432703542,0.5493061443340549,0.6931471805599453,1.2070784343255752,0.0,0.6931471805599453,0.0
EYV,1.0986122886681098,0.0,1.433407575382444,0.0,0.46209812037329684,0.6931471805599453,0.0,0.0,0.9241962407465937,0.0,0.0,0.0,0.0,0.0,0.0,0.0
EYW,0.0,3.127772676500623,0.0,0.0,3.127772676500623,1.371728027953795,2.1492572089677497,2.3069753330782543,0.0,2.7635250698677787,0.0,0.0,0.0,0.0,0.358351893845611,2.3069753330782543
FAA,0.0,0.0,0.0,0.0,0.0,0.0,0.0,0.0,0.0,0.0,0.0,0.0,0.0,0.0,0.0,0.0
FAC,0.0,1.0986122886681098,0.0,1.6094379124341003,0.0,0.891189232148501,0.0,0.0,0.0,0.0,0.0,0.0,1.0986122886681098,1.0986122886681098,0.0,1.0986122886681098
FAE,0.0,0.0,0.0,0.0,0.6931471805599453,0.40235947810852507,0.0,0.6931471805599453,0.0,0.6931471805599453,0.0,0.0,0.0,0.6931471805599453,0.6931471805599453,0.0
FAI,0.6412373393653842,2.218070977791825,0.0,2.046742304883596,1.0986122886681098,1.473994894932935,0.5802964716647593,0.2558427881104495,0.4518012090523637,1.8072048362094548,1.976783494931689,0.0,2.772588722239781,1.1295030226309093,1.5350567286626973,0.47957905455967414
FAN,0.46209812037329684,2.046742304883596,1.0750556815368328,0.0,2.137457797884614,1.2070784343255752,0.0,1.0986122886681098,0.0,0.0,0.511685576220899,0.5493061443340549,0.6931471805599453,0.0,0.6931471805599453,0.0
FAP,0.0,0.6931471805599453,0.0,0.0,0.0,0.0,0.6931471805599453,0.0,0.0,0.0,0.0,0.6931471805599453,0.0,0.0,0.0,0.6931471805599453
FAS,0.0,0.716703787691222,0.0,0.0,0.9241962407465937,0.0,0.0,0.0,0.0,0.0,0.0,0.0,0.0,0.0,0.0,0.0
FAT,0.0,0.22590060452618185,0.5493061443340549,0.0,0.648636716351771,0.0,0.0,0.0,0.0,0.0,0.716703787691222,0.716703787691222,0.0,0.9241962407465937,0.0,0.0
FAW,0.0,0.0,0.0,0.6931471805599453,0.0,0.6931471805599453,0.0,0.0,0.0,0.0,0.0,0.0,0.0,0.6931471805599453,0.0,0.6931471805599453
FAY,0.0,0.0,0.0,0.0,0.0,0.0,0.0,0.0,0.0,0.0,0.0,0.0,0.0,0.0,0.0,0.0
FCA,1.297273432703542,1.3732653608351373,0.6090132299112135,0.6931471805599453,1.3862943611198906,0.358351893845611,0.0,1.1882523095313346,1.2824746787307684,0.5493061443340549,1.1901530767807735,0.7126123218020795,0.8047189562170501,0.648636716351771,1.3732653608351373,0.0
FCE,0.0,0.0,0.0,0.0,0.0,0.0,0.0,0.0,0.0,0.0,0.0,0.0,0.0,0.0,0.0,0.0
FCF,0.0,0.0,0.0,0.0,0.0,0.0,0.0,0.0,0.0,0.0,0.0,0.0,0.0,0.0,0.0,0.0
FCG,0.0,1.0986122886681098,1.0986122886681098,0.0,1.0986122886681098,0.0,0.0,0.0,0.0,0.0,0.0,0.0,0.9241962407465937,0.0,0.0,0.0
FCK,1.2070784343255752,0.6931471805599453,1.0986122886681098,0.0,0.9241962407465937,0.358351893845611,0.6931471805599453,0.0,0.0,0.9241962407465937,0.358351893845611,0.5493061443340549,0.5493061443340549,0.0,0.0,0.0
FCL,0.0,0.0,0.0,0.6931471805599453,0.0,0.0,0.0,0.6931471805599453,0.5493061443340549,0.0,0.0,0.0,0.0,0.0,0.6931471805599453,0.0
FCQ,0.0,0.0,0.0,0.0,0.0,0.0,0.0,0.0,0.0,0.0,0.0,0.0,0.0,0.0,0.0,0.0
FDA,0.0,0.5493061443340549,0.0,0.0,0.0,0.0,0.0,0.6931471805599453,0.0,0.0,0.0,0.0,0.0,0.0,0.0,1.0986122886681098
FDC,0.0,0.0,0.0,0.0,0.0,0.0,0.0,0.0,0.0,0.0,0.0,0.0,0.0,0.0,0.0,0.0
FDD,0.0,0.0,0.0,0.0,0.5493061443340549,0.6931471805599453,0.0,0.0,0.0,0.0,0.0,0.0,0.0,0.0,0.0,0.0
FDE,0.0,0.0,0.0,0.0,0.0,0.0,0.0,0.0,0.0,0.0,0.0,0.0,0.0,0.0,0.0,0.0
FDG,0.0,0.0,0.0,0.0,0.0,0.0,0.5493061443340549,0.0,0.0,0.0,0.0,0.5493061443340549,0.0,0.6931471805599453,0.6931471805599453,0.0
FDI,1.791759469228055,0.358351893845611,1.4853153869141684,0.46209812037329684,1.3862943611198906,2.351203577673075,1.433407575382444,0.8047189562170501,0.9241962407465937,1.433407575382444,0.5493061443340549,0.5493061443340549,1.297273432703542,0.9241962407465937,0.0,0.0
FDK,0.0,2.5649493574615367,2.833213344056216,0.0,2.046742304883596,1.9459101490553132,0.5493061443340549,0.0,2.351203577673075,0.9241962407465937,0.0,1.6215917908794277,1.791759469228055,1.791759469228055,0.0,1.791759469228055
FDM,0.0,0.0,0.46209812037329684,0.0,0.0,0.0,0.0,0.0,0.0,0.0,0.9241962407465937,0.0,0.0,0.0,0.0,0.0
FDN,0.6931471805599453,0.5493061443340549,0.0,0.0,0.0,0.6931471805599453,0.0,0.0,0.5493061443340549,0.0,0.0,0.0,0.0,0.0,0.0,0.0
FDP,1.3862943611198906,0.0,0.9241962407465937,0.6931471805599453,0.0,0.0,0.0,0.46209812037329684,1.6094379124341003,0.0,0.9671607861079322,0.0,0.0,0.6931471805599453,0.0,0.0
FDQ,0.0,0.0,0.0,0.0,0.6931471805599453,0.6931471805599453,0.0,0.0,0.0,0.0,0.0,0.0,0.0,0.0,0.0,0.0
FDR,0.0,0.0,0.0,0.0,0.0,0.0,0.0,0.0,0.0,0.0,0.0,0.0,0.0,0.0,0.0,0.0
FDS,1.3862943611198906,0.9241962407465937,0.0,0.6931471805599453,0.0,0.0,0.0,1.0986122886681098,0.6931471805599453,0.0,0.0,0.0,1.3862943611198906,0.6931471805599453,0.5493061443340549,0.6931471805599453
FDV,0.0,0.5493061443340549,1.6094379124341003,2.0794415416798357,0.0,2.0794415416798357,0.0,0.8047189562170501,1.709966238307691,1.0986122886681098,1.023371152441798,1.6479184330021646,0.9241962407465937,1.0986122886681098,1.700218681115391,1.782378464297002
FDY,3.1354942159291497,2.137836965406238,0.3243183581758855,0.0,0.47957905455967414,0.23978952727983707,0.0,0.0,2.3019858420456756,0.0,0.0,0.0,0.0,0.0,0.0,0.0
FEA,0.0,0.0,0.0,0.0,0.0,0.6931471805599453,0.0,0.5493061443340549,0.0,0.0,0.0,0.0,0.0,0.5493061443340549,0.0,0.5493061443340549
FED,0.0,0.6931471805599453,0.5493061443340549,0.0,0.6931471805599453,0.0,0.0,0.0,0.5493061443340549,0.6931471805599453,0.0,0.0,0.0,0.0,0.0,0.0
FEE,0.0,0.0,0.6931471805599453,0.6931471805599453,0.5493061443340549,0.5493061443340549,0.6931471805599453,0.0,1.0986122886681098,0.5493061443340549,0.0,0.0,0.0,0.6931471805599453,0.9241962407465937,0.6931471805599453
FEF,0.6931471805599453,0.0,0.0,0.6931471805599453,0.0,0.0,0.0,0.6931471805599453,0.0,0.0,0.0,0.0,0.0,0.6931471805599453,0.0,0.0
FEG,0.0,0.0,0.0,0.0,0.0,0.0,0.0,0.0,0.0,0.0,0.0,0.0,0.0,0.0,0.0,0.0
FEH,0.0,0.0,0.0,0.0,0.0,0.0,0.0,0.0,0.0,0.0,0.0,0.0,0.0,0.0,0.0,0.0
FEI,1.3862943611198906,0.0,0.891189232148501,0.0,0.0,0.0,0.0,0.0,1.0750556815368328,0.0,0.8549831191538455,0.0,1.433407575382444,0.0,0.0,1.0986122886681098
FEK,1.2792139405522478,0.0,1.1295030226309093,0.0,0.0,0.40235947810852507,0.0,0.8047189562170501,1.782378464297002,0.29706307738283366,0.9617346885316803,2.4572701292270467,0.5493061443340549,0.716703787691222,0.9671607861079322,2.8380621538932544
FEL,0.0,0.0,0.0,0.0,0.0,0.0,0.0,0.0,0.0,0.0,0.0,0.0,0.0,0.0,0.0,0.0
FEM,0.0,0.0,2.772588722239781,0.0,2.137457797884614,0.0,1.0986122886681098,0.0,1.791759469228055,1.791759469228055,0.0,1.791759469228055,0.0,1.791759469228055,0.0,0.0
FEN,0.0,0.0,0.0,0.0,0.0,0.0,0.0,0.0,0.0,0.0,0.0,0.0,0.0,0.0,0.0,0.0
FEP,0.0,0.0,0.0,0.0,0.0,0.0,0.0,0.0,0.0,0.0,0.0,0.0,0.0,0.0,0.0,0.0
FER,0.716703787691222,0.0,0.5493061443340549,0.8047189562170501,0.0,0.0,0.0,0.6931471805599453,0.5493061443340549,0.3243183581758855,0.0,0.0,1.0750556815368328,0.46209812037329684,0.5493061443340549,1.2070784343255752
FES,0.0,0.0,0.5493061443340549,0.0,0.0,0.0,0.0,0.0,0.0,0.0,1.297273432703542,0.511685576220899,0.6931471805599453,0.0,0.648636716351771,0.8047189562170501
FET,1.0986122886681098,0.0,0.0,0.0,0.0,0.6931471805599453,1.0986122886681098,0.0,0.5493061443340549,1.0986122886681098,1.0750556815368328,0.9241962407465937,0.0,0.0,0.9729550745276566,1.2070784343255752
FEV,0.648636716351771,0.0,0.0,0.0,0.0,0.46209812037329684,0.0,0.46209812037329684,0.0,0.0,0.0,1.023371152441798,0.9241962407465937,0.46209812037329684,0.0,1.297273432703542
FFD,0.0,0.0,0.0,0.0,0.0,0.0,0.0,0.0,0.0,0.0,0.0,0.0,0.0,0.0,0.0,0.0
FFE,0.0,0.0,0.0,0.0,0.0,0.6931471805599453,0.6931471805599453,0.0,0.0,0.6931471805599453,1.0750556815368328,0.9241962407465937,0.0,0.0,0.8047189562170501,1.3862943611198906
FFF,0.0,0.0,0.0,0.0,0.0,0.0,0.0,0.0,0.0,0.0,0.0,0.0,0.0,0.0,0.0,0.0
FFG,0.0,0.0,0.0,0.0,0.0,0.0,0.0,0.0,0.0,0.0,0.6931471805599453,1.0986122886681098,0.0,0.6931471805599453,0.6931471805599453,0.0
FFH,0.0,0.0,0.0,0.0,0.0,0.0,0.0,0.0,0.0,0.0,0.0,0.0,0.0,0.0,0.0,0.0
FFK,1.3862943611198906,0.6931471805599453,0.0,0.0,0.0,0.5493061443340549,1.0986122886681098,0.0,0.6931471805599453,0.0,0.0,0.6931471805599453,0.0,0.0,0.0,0.0
FFL,0.6931471805599453,0.6931471805599453,0.0,0.0,0.0,0.0,0.0,1.0986122886681098,0.0,0.6931471805599453,0.0,0.6931471805599453,0.0,1.0986122886681098,0.6931471805599453,0.0
FFN,0.0,0.46209812037329684,2.772588722239781,0.0,2.302585092994046,0.0,0.0,0.0,2.1972245773362196,0.0,0.9241962407465937,1.6479184330021646,0.0,1.791759469228055,0.6931471805599453,0.6931471805599453
FFQ,1.0750556815368328,0.9241962407465937,0.0,0.0,0.6931471805599453,1.0986122886681098,0.5493061443340549,0.40235947810852507,0.9241962407465937,0.0,1.3862943611198906,0.6931471805599453,0.0,1.0986122886681098,0.6931471805599453,0.0
FFR,0.0,0.0,0.46209812037329684,0.5493061443340549,0.0,0.0,0.0,0.0,1.0986122886681098,0.46209812037329684,0.0,0.716703787691222,0.0,0.0,1.3862943611198906,1.0986122886681098
FFW,0.0,0.0,0.6931471805599453,0.0,0.0,0.0,0.0,0.0,0.5493061443340549,0.0,0.9241962407465937,0.0,0.0,0.0,0.0,0.0
FGA,0.0,0.0,0.0,0.0,0.0,0.0,0.0,0.0,0.0,0.0,0.0,0.0,0.0,0.0,0.0,0.0
FGD,0.0,0.0,0.0,0.0,0.0,0.0,0.0,0.0,0.0,0.0,0.0,0.0,0.0,0.0,0.0,0.0
FGE,0.0,0.8047189562170501,0.46209812037329684,0.9241962407465937,0.40235947810852507,0.9241962407465937,0.9241962407465937,0.46209812037329684,0.40235947810852507,0.0,0.9241962407465937,0.5941261547656673,0.6931471805599453,1.0986122886681098,0.8239592165010823,0.5941261547656673
FGF,0.0,0.0,0.0,0.0,0.0,0.0,0.0,0.0,0.0,0.0,0.0,0.0,0.0,0.0,0.0,0.0
FGG,0.0,0.0,0.0,0.0,0.0,0.0,0.6931471805599453,0.5493061443340549,0.0,0.0,0.0,0.9241962407465937,0.0,0.6931471805599453,0.40235947810852507,0.0
FGH,0.0,0.0,0.0,0.0,0.0,0.0,0.0,0.0,0.0,0.0,0.0,0.0,0.0,0.0,0.0,0.0
FGI,0.0,0.0,0.0,0.0,0.0,0.0,0.0,0.0,0.0,0.0,0.0,0.0,0.0,0.0,0.0,0.0
FGK,0.0,0.0,0.0,0.0,0.0,0.0,0.0,0.0,0.0,0.0,0.0,0.0,0.0,0.0,0.0,0.0
FGL,0.0,0.0,0.0,0.0,0.0,0.0,0.0,0.0,0.0,0.0,0.0,0.0,0.0,0.0,0.0,0.0
FGP,0.0,0.0,0.0,0.0,0.0,0.0,0.0,0.0,0.0,0.0,0.0,0.0,0.0,0.0,0.0,0.0
FGQ,2.033231729642506,2.436052919644854,0.0,0.0,0.0,0.0,0.0,0.0,0.40235947810852507,0.0,0.0,0.0,0.0,0.0,0.0,0.0
FGR,0.0,1.6094379124341003,1.6094379124341003,0.0,0.9241962407465937,0.0,0.0,0.8047189562170501,0.9241962407465937,0.0,0.0,1.9459101490553132,1.433407575382444,0.0,0.0,1.9459101490553132
FGS,0.0,0.0,0.0,0.6931471805599453,0.5493061443340549,0.6931471805599453,0.6931471805599453,0.0,0.0,0.0,0.6931471805599453,0.9241962407465937,0.9241962407465937,0.6931471805599453,0.5493061443340549,0.0
FGT,0.0,0.0,0.0,0.0,0.0,0.0,0.0,0.0,0.0,0.0,0.0,0.0,0.0,0.0,0.0,0.0
FGV,0.0,0.0,0.0,0.0,0.0,0.0,0.0,0.0,0.0,0.0,0.0,0.0,0.0,0.0,0.0,0.0
FHA,0.0,0.0,0.0,0.0,0.0,0.0,0.0,0.0,0.0,0.0,0.0,0.0,0.0,0.0,0.0,0.0
FHC,0.0,0.0,0.0,0.0,0.0,0.0,0.0,0.6931471805599453,0.0,0.0,0.0,0.0,0.0,0.0,0.0,0.0
FHE,0.0,0.0,0.0,0.0,0.0,0.6931471805599453,0.0,0.0,0.0,0.0,0.0,0.0,0.0,0.6931471805599453,0.0,0.0
FHF,0.6931471805599453,0.0,0.358351893845611,0.0,0.0,0.0,0.0,0.0,0.46209812037329684,0.6931471805599453,0.406008819940809,0.0,0.0,0.0,0.0,0.0
FHK,0.0,1.0986122886681098,0.0,0.0,1.0986122886681098,0.46209812037329684,0.0,0.8047189562170501,0.5493061443340549,0.0,0.6931471805599453,0.0,0.0,0.5493061443340549,0.6931471805599453,0.0
FHL,1.0986122886681098,1.0986122886681098,0.6931471805599453,0.6931471805599453,0.6931471805599453,0.6931471805599453,0.0,0.6931471805599453,0.9241962407465937,0.0,0.9241962407465937,0.0,0.6931471805599453,0.0,0.6931471805599453,1.3862943611198906
FHR,0.0,0.0,1.0986122886681098,0.0,0.0,0.6931471805599453,0.6931471805599453,0.6931471805599453,0.6931471805599453,0.6931471805599453,1.3862943611198906,1.0986122886681098,0.0,0.0,1.3862943611198906,0.8047189562170501
FHT,0.0,0.0,0.0,0.0,0.0,0.0,0.0,0.0,0.0,0.0,0.0,0.0,0.0,0.0,0.0,0.0
FHV,0.0,0.0,0.0,0.0,0.0,0.0,0.0,0.0,0.0,0.0,0.0,0.0,0.0,0.0,0.0,0.0
FHW,0.0,0.0,0.0,0.0,0.0,0.0,0.0,0.0,0.0,0.0,0.0,0.0,0.0,0.0,0.0,0.0
FIA,0.0,0.0,0.0,0.0,0.0,0.0,0.0,0.0,0.0,0.0,0.0,0.0,0.0,0.0,0.0,0.0
FID,0.0,0.0,0.0,0.0,0.0,0.0,0.0,0.0,0.0,0.0,0.0,0.0,0.0,0.0,0.0,0.0
FIG,0.0,0.0,0.0,0.0,0.0,0.0,0.0,0.0,0.0,0.0,0.0,0.0,0.0,0.0,0.0,0.0
FII,0.0,0.46209812037329684,0.0,0.0,0.6931471805599453,0.0,0.6931471805599453,1.0750556815368328,0.0,0.891189232148501,0.40235947810852507,0.0,0.0,0.0,0.29706307738283366,0.0
FIL,0.0,0.5493061443340549,0.46209812037329684,0.6931471805599453,0.0,0.0,0.0,0.0,0.0,0.0,0.5493061443340549,0.0,0.6931471805599453,0.0,0.0,0.0
FIR,1.0986122886681098,0.0,1.0750556815368328,0.648636716351771,0.3243183581758855,0.716703787691222,1.0986122886681098,0.0,0.0,0.8047189562170501,0.7193685818395111,0.891189232148501,0.8047189562170501,0.3243183581758855,0.40235947810852507,0.648636716351771
FIS,0.0,0.0,0.6931471805599453,0.0,0.0,0.0,0.0,0.6931471805599453,0.0,0.6931471805599453,0.0,0.0,0.6931471805599453,0.5493061443340549,0.0,0.6931471805599453
FIV,0.0,0.6931471805599453,0.5493061443340549,0.0,1.0986122886681098,1.3862943611198906,0.46209812037329684,0.0,0.0,0.5493061443340549,1.2070784343255752,0.46209812037329684,0.6931471805599453,0.0,0.0,0.0
FIY,0.0,0.0,0.0,0.0,0.0,0.0,0.0,0.0,0.0,0.0,0.0,0.0,0.0,0.0,0.0,0.0
FKC,0.0,0.0,0.0,0.0,0.0,0.0,0.0,0.0,0.0,0.0,0.0,0.0,0.0,0.0,0.0,0.0
FKD,0.0,0.0,0.0,0.0,0.0,0.0,0.0,0.0,0.0,0.0,0.0,0.0,0.0,0.0,0.0,0.0
FKE,0.3243183581758855,1.9459101490553132,0.0,0.0,1.6215917908794277,0.0,0.648636716351771,1.4853153869141684,0.0,0.0,0.0,1.023371152441798,1.2824746787307684,0.0,0.0,1.1882523095313346
FKH,0.0,0.0,0.0,0.0,0.0,0.0,0.0,0.0,0.0,0.0,0.0,0.0,0.0,0.0,0.0,0.0
FKK,0.0,0.648636716351771,1.2070784343255752,0.8047189562170501,1.0986122886681098,0.0,0.8047189562170501,0.0,0.0,1.0986122886681098,0.11179793234837827,1.3862943611198906,1.8270396897336403,0.0,0.0,1.297273432703542
FKL,0.6090132299112135,2.5561416257536766,0.0,0.6931471805599453,0.3243183581758855,1.6306200273029832,2.2238814317981506,2.200110252278059,0.6777018135785455,3.0423109532347654,0.14060473944502483,3.2087895283168626,0.0,0.0,3.0853745464585223,2.7180773055310725
FKN,0.0,0.0,0.0,0.0,0.0,0.0,0.0,2.8862535685598347,0.0,2.961959564600181,0.0,0.0,0.0,0.0,1.297273432703542,3.348084587643539
FKP,0.0,0.0,0.6931471805599453,0.0,0.6931471805599453,0.0,0.0,0.0,0.0,0.0,0.6931471805599453,0.0,0.0,0.6931471805599453,0.0,0.0
FKQ,0.0,0.0,0.0,0.0,0.0,0.0,0.0,0.0,0.0,0.0,0.46209812037329684,0.5493061443340549,0.6931471805599453,0.0,0.0,1.0986122886681098
FKR,0.0,0.0,0.0,0.0,0.0,0.0,0.0,0.0,0.0,0.0,0.0,0.0,0.0,0.0,0.0,0.0
FKT,0.5493061443340549,2.030044099704045,2.321185886659037,0.0,2.351203577673075,1.6479184330021646,2.1277537294374507,0.0,1.6215917908794277,1.355403627157091,0.0,2.351203577673075,0.6931471805599453,1.782378464297002,0.46209812037329684,0.0
FKV,0.716703787691222,1.0986122886681098,1.6094379124341003,0.9241962407465937,1.0986122886681098,0.0,0.0,0.0,0.8047189562170501,1.0986122886681098,0.0,0.0,1.0986122886681098,0.0,0.0,0.0
FKY,0.0,0.0,0.0,0.0,0.0,0.0,0.0,0.0,0.0,0.0,0.0,0.0,0.0,0.0,0.0,0.0
FLA,0.0,0.0,0.0,0.0,0.0,0.0,0.0,0.0,0.0,0.0,0.0,0.0,0.0,0.0,0.0,0.0
FLE,0.0,0.0,0.0,0.0,0.0,0.0,0.0,0.0,0.0,0.0,0.0,0.0,0.0,0.0,0.0,0.0
FLF,0.0,0.0,0.0,0.0,0.0,0.0,0.0,0.0,0.0,0.0,0.0,0.0,0.0,0.0,0.0,0.0
FLG,0.0,0.0,0.0,0.0,0.0,0.0,0.0,0.0,0.0,0.0,0.0,0.0,0.0,0.0,0.0,0.0
FLK,0.0,0.5493061443340549,1.433407575382444,0.648636716351771,0.0,2.0794415416798357,1.6094379124341003,1.4853153869141684,0.5941261547656673,1.9459101490553132,0.0,0.5493061443340549,0.9241962407465937,0.5941261547656673,0.9241962407465937,0.5493061443340549
FLL,0.0,0.0,0.0,0.0,0.0,0.0,0.0,0.0,0.0,0.0,0.0,0.0,0.0,0.0,0.0,0.0
FLP,0.0,0.0,0.0,0.0,0.0,0.0,0.0,0.0,0.0,0.0,0.0,0.0,0.0,0.0,0.0,0.0
FLQ,1.433407575382444,0.9729550745276566,0.9241962407465937,1.6094379124341003,0.40235947810852507,0.0,0.716703787691222,0.0,0.0,0.0,0.812017639881618,2.030044099704045,1.9183162182386966,0.0,1.1882523095313346,2.3978952727983707
FLS,0.5493061443340549,1.0986122886681098,0.0,0.0,0.0,0.0,0.6931471805599453,0.0,0.5493061443340549,0.0,0.716703787691222,1.3862943611198906,0.0,0.0,0.8047189562170501,0.46209812037329684
FLT,0.0,0.0,0.0,1.0986122886681098,0.0,0.0,0.0,0.0,0.0,0.0,0.0,0.0,0.6931471805599453,0.0,0.5493061443340549,0.0
FLV,0.0,1.297273432703542,0.0,1.0986122886681098,0.0,0.0,0.8047189562170501,0.0,0.0,0.0,0.0,1.6094379124341003,2.1972245773362196,0.0,0.0,1.6094379124341003
FLW,0.0,0.0,0.0,0.0,0.0,3.1636066375130585,0.0,0.0,0.4518012090523637,1.3862943611198906,3.640295463637967,0.0,0.0,0.0,0.0,0.0
FLY,0.0,0.0,0.0,0.0,0.0,0.0,0.0,0.5493061443340549,0.0,0.5493061443340549,0.358351893845611,0.0,0.0,0.0,0.648636716351771,0.0
FMD,0.0,0.0,0.0,0.0,0.0,0.0,0.0,0.0,0.0,0.0,0.6931471805599453,1.3862943611198906,0.0,0.0,1.0986122886681098,0.0
FML,0.0,1.782378464297002,0.0,0.0,0.0,0.6931471805599453,0.358351893845611,0.0,1.791759469228055,0.46209812037329684,0.0,0.0,0.0,0.0,0.0,0.0
FMR,0.0,0.0,1.3862943611198906,0.0,0.0,0.0,0.6931471805599453,0.0,1.3862943611198906,0.0,1.3862943611198906,0.0,0.0,0.0,0.0,0.0
FMY,0.0,0.0,0.9241962407465937,0.0,0.0,0.0,0.0,0.0,0.716703787691222,0.0,0.0,0.0,0.0,0.0,0.0,0.0
FNA,0.0,0.0,0.0,0.0,0.0,0.0,0.0,0.0,0.0,0.0,0.0,0.0,0.0,0.0,0.0,0.0
FNC,1.6094379124341003,1.782378464297002,0.0,0.0,1.433407575382444,1.0986122886681098,1.433407575382444,0.0,1.9459101490553132,0.0,1.782378464297002,0.0,0.0,0.0,0.0,0.0
FNE,0.0,0.9241962407465937,1.0986122886681098,1.0750556815368328,0.0,0.0,0.716703787691222,0.6931471805599453,2.1277537294374507,0.0,1.1605929433295186,0.0,0.0,0.0,0.6777018135785455,0.3243183581758855
FNH,0.0,0.6931471805599453,0.0,0.0,0.0,0.0,0.0,0.6931471805599453,0.0,0.0,0.0,0.6931471805599453,0.0,0.0,0.6931471805599453,0.6931471805599453
FNN,0.0,0.0,0.0,0.0,0.0,0.0,0.0,0.0,0.0,0.0,0.0,0.27465307216702745,0.5493061443340549,0.0,0.0,0.0
FNP,0.0,0.0,0.0,0.0,0.0,0.0,0.0,0.0,0.0,0.0,0.0,0.0,0.0,0.0,0.6931471805599453,0.6931471805599453
FNQ,0.0,0.0,0.0,0.0,0.0,0.0,0.0,0.0,0.0,0.0,0.0,0.0,0.0,0.0,0.0,0.0
FNR,0.0,0.0,0.0,0.5493061443340549,0.0,0.0,0.0,0.0,0.46209812037329684,0.0,0.0,0.0,0.0,0.0,0.6931471805599453,0.0
FNT,0.0,0.9241962407465937,0.716703787691222,0.0,0.0,0.0,0.0,0.9241962407465937,0.0,0.0,0.0,0.0,1.6094379124341003,0.0,0.0,1.297273432703542
FNV,0.0,0.0,0.0,0.0,0.0,0.0,0.0,0.0,0.0,0.0,0.0,0.0,0.0,0.0,0.0,0.0
FNW,0.0,0.0,0.0,0.0,0.0,0.0,0.0,0.0,0.0,0.0,0.0,0.0,0.0,0.0,0.0,0.0
FNY,0.0,0.358351893845611,2.4849066497880004,0.0,1.791759469228055,0.0,0.0,0.0,2.1972245773362196,0.0,0.0,1.6215917908794277,0.0,1.791759469228055,0.0,0.0
FPC,0.0,0.0,0.0,0.0,0.0,0.0,0.0,0.0,0.0,0.0,0.0,0.0,0.0,0.0,0.0,0.0
FPD,0.0,0.0,0.0,0.0,0.0,0.0,0.0,0.0,0.0,0.0,0.0,0.0,0.0,0.0,0.0,0.0
FPE,0.0,0.0,0.0,0.0,0.0,0.0,0.0,0.0,0.0,0.0,0.0,0.0,0.0,0.0,0.0,0.0
FPF,0.0,0.0,0.0,0.0,0.0,0.0,0.0,0.0,0.0,1.4853153869141684,0.0,0.0,0.0,0.0,1.791759469228055,1.791759469228055
FPG,1.9183162182386966,0.40235947810852507,1.0986122886681098,1.3862943611198906,0.0,0.0,0.0,1.0750556815368328,0.0,0.8047189562170501,0.0,0.0,1.2070784343255752,0.8047189562170501,0.0,0.5493061443340549
FPI,0.0,0.0,0.0,0.0,0.0,0.0,0.0,0.0,0.0,0.0,0.0,0.0,0.0,0.0,0.0,0.0
FPK,0.0,0.0,0.0,0.0,0.0,0.0,0.0,0.0,0.0,0.0,0.0,0.0,0.0,0.0,0.0,0.0
FPL,0.0,1.9459101490553132,0.0,0.0,1.0986122886681098,0.9241962407465937,0.8047189562170501,0.0,0.0,0.0,0.0,0.0,0.0,0.0,0.0,0.0
FPN,2.0794415416798357,1.5813042316832728,0.9241962407465937,0.0,1.4853153869141684,0.46209812037329684,0.0,0.6931471805599453,0.0,0.0,0.0,0.40235947810852507,0.0,0.0,0.0,0.5493061443340549
FPP,0.0,0.0,0.0,0.0,0.5493061443340549,0.40235947810852507,0.0,0.0,0.0,0.0,0.0,0.0,0.0,0.0,0.0,0.0
FPR,0.0,0.0,0.0,0.0,0.0,0.0,0.0,0.0,0.0,0.0,0.0,0.0,0.0,0.0,0.0,0.0
FPS,2.720349889784625,2.780859035879416,1.9459101490553132,0.0,2.046742304883596,1.2070784343255752,0.0,0.5493061443340549,0.3243183581758855,0.0,0.0,1.791759469228055,0.0,0.0,0.46209812037329684,0.0
FPW,0.0,0.0,0.0,0.0,0.0,0.0,0.0,0.0,0.0,0.0,0.0,0.0,0.0,0.0,0.0,0.0
FQD,0.0,0.6931471805599453,0.358351893845611,0.5493061443340549,0.716703787691222,1.6094379124341003,0.0,0.0,0.0,0.6931471805599453,1.0750556815368328,0.46209812037329684,0.6931471805599453,0.0,0.0,0.0
FQE,0.0,0.0,0.0,0.5493061443340549,0.0,0.6931471805599453,0.0,1.3862943611198906,0.0,0.0,0.0,0.0,0.0,1.0750556815368328,0.5493061443340549,1.0986122886681098
FQF,0.0,0.0,0.0,0.6931471805599453,0.0,0.0,0.0,0.6931471805599453,0.6931471805599453,0.0,0.0,0.0,0.0,1.0986122886681098,0.6931471805599453,1.0986122886681098
FQG,0.5493061443340549,1.0986122886681098,0.0,0.0,0.6931471805599453,0.6931471805599453,0.6931471805599453,0.6931471805599453,0.6931471805599453,0.0,0.9241962407465937,0.6931471805599453,0.0,1.0986122886681098,0.6931471805599453,0.0
FQI,0.6931471805599453,1.0986122886681098,1.6094379124341003,0.6931471805599453,1.6094379124341003,1.3862943611198906,0.0,0.6931471805599453,0.6931471805599453,1.0986122886681098,0.648636716351771,0.716703787691222,0.6931471805599453,0.0,0.9241962407465937,0.0
FQL,0.0,0.0,0.0,0.0,0.0,0.0,0.0,0.0,0.0,0.0,0.0,0.0,0.0,0.0,0.0,0.0
FQN,2.3978952727983707,0.8047189562170501,1.0750556815368328,2.5649493574615367,1.297273432703542,0.46209812037329684,0.46209812037329684,1.791759469228055,1.0986122886681098,1.1882523095313346,0.0,0.8047189562170501,2.302585092994046,2.1972245773362196,0.6931471805599453,1.6215917908794277
FQP,0.0,0.648636716351771,0.0,0.0,0.9241962407465937,0.0,0.8047189562170501,0.0,0.0,0.9241962407465937,0.0,0.0,0.0,0.0,0.0,0.0
FQR,0.9241962407465937,0.0,0.0,0.0,0.0,0.0,0.0,0.0,0.0,0.0,0.0,0.0,0.0,0.0,0.0,0.0
FQS,0.0,2.351203577673075,0.0,0.5941261547656673,0.0,3.7511182450078286,1.1295030226309093,0.0,0.4518012090523637,2.302585092994046,3.143543397394114,0.648636716351771,0.0,0.7675283643313486,1.3862943611198906,0.42749155957692275
FRA,0.0,0.0,0.5493061443340549,0.0,0.0,0.0,0.0,0.0,0.6931471805599453,0.5493061443340549,0.0,0.9241962407465937,0.0,0.0,0.9729550745276566,1.0986122886681098
FRD,0.0,0.0,0.0,0.0,0.0,0.0,0.0,0.0,0.0,0.0,0.0,0.0,0.0,0.0,0.0,0.0
FRE,3.1354942159291497,2.049711555589573,2.4084961713108557,2.2330485096744495,0.0,2.2009716052076156,1.030196161345544,0.0,2.4038489485082053,1.1090354888959124,2.0477554036130576,0.0,2.780859035879416,1.0425908921668743,0.9036024181047274,0.44157749333690227
FRF,1.3862943611198906,0.5493061443340549,0.6931471805599453,0.0,0.0,0.0,0.0,0.6931471805599453,0.6931471805599453,0.6931471805599453,1.0986122886681098,0.9241962407465937,0.6931471805599453,0.0,1.3862943611198906,0.6931471805599453
FRG,1.0986122886681098,0.0,0.0,0.0,0.0,0.0,0.0,0.0,0.0,0.0,0.0,0.0,0.0,0.0,0.0,0.0
FRH,0.0,0.0,0.0,0.0,0.0,0.0,0.0,0.0,0.0,0.0,0.0,0.0,0.0,0.0,0.0,0.0
FRK,0.354151668007027,2.030044099704045,0.23978952727983707,0.40235947810852507,1.6215917908794277,0.5941261547656673,0.6705991301808751,1.2070784343255752,0.42749155957692275,1.8270396897336403,0.8863852160085639,1.6711074300169386,0.0,0.0,2.300519333904915,1.9629593194442934
FRL,2.046742304883596,2.302585092994046,2.0794415416798357,0.0,1.0986122886681098,1.2070784343255752,1.3862943611198906,1.6094379124341003,1.6785266909588594,0.9241962407465937,2.351203577673075,2.70805020110221,2.0794415416798357,1.3862943611198906,1.9183162182386966,1.791759469228055
FRM,0.0,0.0,0.0,0.0,0.0,0.0,0.0,0.0,0.0,0.0,0.0,0.0,0.0,0.0,0.0,0.0
FRN,0.0,0.0,0.0,0.0,0.0,0.0,0.0,0.0,0.0,0.0,0.0,0.0,0.0,0.0,0.0,0.0
FRQ,0.0,0.0,0.0,0.0,0.0,0.6931471805599453,0.6931471805599453,0.9241962407465937,0.0,0.0,0.0,0.6931471805599453,0.0,0.9241962407465937,0.0,0.6931471805599453
FRS,0.0,0.0,0.0,0.46209812037329684,0.0,0.0,0.0,0.0,0.6931471805599453,0.0,0.0,0.0,0.0,0.0,0.0,0.0
FRV,0.0,1.6094379124341003,2.772588722239781,0.0,2.137457797884614,1.3862943611198906,1.9459101490553132,0.0,2.3978952727983707,1.791759469228055,0.0,1.791759469228055,0.0,1.791759469228055,0.0,0.0
FRY,1.3862943611198906,0.5493061443340549,0.6931471805599453,0.0,0.0,0.0,0.6931471805599453,0.6931471805599453,0.6931471805599453,0.5493061443340549,1.0986122886681098,1.0986122886681098,0.6931471805599453,0.0,1.3862943611198906,1.0986122886681098
FSA,1.2070784343255752,0.5493061443340549,0.0,0.5493061443340549,0.0,0.0,0.0,0.9241962407465937,0.6931471805599453,0.0,0.0,0.0,1.3862943611198906,0.6931471805599453,0.5493061443340549,0.0
FSC,0.0,0.0,0.0,0.0,0.0,0.0,0.0,0.0,0.0,0.0,0.0,0.0,0.0,0.0,0.0,0.0
FSD,0.0,0.0,0.0,0.0,0.0,0.0,0.0,0.0,0.0,0.0,1.797146400722174,2.1492572089677497,0.0,0.0,2.3138284080818816,2.6494649600214135
FSE,0.0,0.0,0.0,0.0,0.0,0.0,0.6931471805599453,0.0,0.0,0.0,0.5493061443340549,0.0,0.0,0.0,0.0,0.0
FSF,0.0,0.0,0.0,0.0,0.0,0.0,0.0,0.0,0.0,0.0,0.0,0.0,0.0,0.0,0.0,0.0
FSG,1.2938747370452313,0.7193685818395111,0.9729550745276566,0.0,0.27465307216702745,0.716703787691222,0.5493061443340549,0.511685576220899,1.0750556815368328,0.0,0.8047189562170501,1.2070784343255752,0.46209812037329684,0.9241962407465937,0.22590060452618185,0.0
FSK,0.6931471805599453,0.5493061443340549,0.6931471805599453,0.0,0.5493061443340549,0.0,0.0,0.0,0.5493061443340549,0.358351893845611,0.0,0.9241962407465937,0.6931471805599453,0.0,0.8047189562170501,0.0
FSL,0.0,0.0,0.6931471805599453,0.0,0.0,0.5493061443340549,0.0,0.6931471805599453,0.0,0.46209812037329684,0.8047189562170501,0.8047189562170501,0.6931471805599453,0.0,0.0,0.40235947810852507
FSN,0.0,0.0,0.0,0.0,0.0,0.0,0.0,0.0,0.0,0.0,0.0,0.0,0.0,0.0,0.0,0.0
FSP,0.0,0.0,0.0,0.46209812037329684,0.46209812037329684,0.0,0.0,0.0,0.0,0.0,0.40235947810852507,0.0,0.0,0.0,0.5493061443340549,0.46209812037329684
FSR,0.2558427881104495,0.40235947810852507,0.648636716351771,0.46209812037329684,1.3862943611198906,1.0150220498520226,0.0,0.0,0.0,1.0986122886681098,0.5493061443340549,0.27465307216702745,0.358351893845611,0.40235947810852507,0.0,0.0
FSS,1.3862943611198906,0.0,1.6215917908794277,0.0,0.0,0.0,0.0,0.0,1.297273432703542,0.0,1.7908995167731467,0.5493061443340549,0.0,0.0,0.0,0.5493061443340549
FST,0.0,0.0,0.0,0.0,0.0,0.0,0.0,0.0,0.0,0.0,0.0,0.0,0.0,0.0,0.0,0.0
FSV,0.0,2.137457797884614,0.0,0.5493061443340549,0.0,0.9925729783880305,1.297273432703542,0.40235947810852507,0.9241962407465937,2.033105440735637,1.0246349758234925,0.716703787691222,1.9478341740386487,1.6479184330021646,1.782378464297002,0.7675283643313486
FSY,0.0,2.351203577673075,0.6931471805599453,1.791759469228055,1.355403627157091,1.9459101490553132,2.3978952727983707,0.0,1.6215917908794277,0.6931471805599453,0.0,1.6215917908794277,1.791759469228055,0.0,0.0,1.791759469228055
FTA,0.0,0.0,0.0,0.8047189562170501,0.0,0.6931471805599453,0.8047189562170501,0.0,0.648636716351771,0.0,0.8047189562170501,0.9241962407465937,0.0,0.40235947810852507,0.9241962407465937,0.9241962407465937
FTD,0.0,0.0,0.0,0.0,0.0,0.0,0.0,0.0,0.0,0.0,0.0,0.0,0.0,0.0,0.0,0.0
FTE,0.0,0.46209812037329684,0.0,0.0,0.0,0.0,0.0,0.0,0.0,0.0,0.0,0.5723312007475243,0.6931471805599453,0.0,0.12676295638478188,0.7737286288863456
FTF,0.0,0.0,0.6931471805599453,0.0,0.0,0.0,0.0,0.0,0.0,0.0,0.0,0.5493061443340549,0.0,0.0,0.0,0.0
FTG,0.0,0.0,0.0,0.0,0.0,0.0,0.0,0.0,0.0,0.0,0.0,0.0,0.0,0.0,0.0,0.0
FTH,0.0,0.0,0.6931471805599453,0.0,0.6931471805599453,0.5493061443340549,0.0,0.0,0.0,0.6931471805599453,0.0,0.0,0.0,0.0,0.0,0.0
FTI,1.5677471079645748,2.284950741776536,0.5545177444479562,1.2070784343255752,0.21374577978846138,2.7329491399746946,0.15222612188617116,0.891189232148501,1.0750556815368328,0.5545177444479562,0.445952247511163,0.0,1.354025100551105,0.716703787691222,1.4853153869141684,0.40235947810852507
FTK,1.297273432703542,2.0794415416798357,1.9343215722158644,1.9459101490553132,1.0750556815368328,2.5503280216730864,1.5813042316832728,1.6479184330021646,2.2901192060183426,1.7908995167731467,1.9183162182386966,2.137457797884614,2.046742304883596,0.9241962407465937,2.5649493574615367,1.6094379124341003
FTL,0.0,0.0,0.23978952727983707,0.0,0.22590060452618185,0.0,0.0,0.46209812037329684,0.0,0.0,0.0,0.5493061443340549,0.0,0.0,0.4518012090523637,0.40235947810852507
FTN,0.0,1.3862943611198906,1.0986122886681098,0.0,0.6931471805599453,1.2070784343255752,0.9729550745276566,0.6931471805599453,0.6931471805599453,0.0,1.0986122886681098,1.6479184330021646,1.0986122886681098,1.0986122886681098,1.2070784343255752,1.3862943611198906
FTQ,0.0,1.2070784343255752,0.46209812037329684,0.0,1.023371152441798,0.0,0.0,0.0,0.0,0.0,0.0,0.0,0.0,0.0,0.0,0.0
FTR,0.0,0.0,0.0,0.0,0.0,0.0,0.0,0.0,0.0,0.0,0.0,0.0,0.0,0.0,0.0,0.0
FTS,0.0,0.6931471805599453,0.9241962407465937,0.0,0.0,0.0,0.46209812037329684,0.0,0.0,0.0,0.9241962407465937,0.9241962407465937,0.6931471805599453,0.0,0.0,0.6931471805599453
FTT,0.0,0.0,0.0,0.0,0.0,0.0,0.0,0.0,0.0,1.3862943611198906,0.0,0.0,0.0,0.0,0.0,0.0
FTV,0.0,0.0,0.0,0.0,0.0,0.0,0.0,0.0,0.0,0.0,0.0,0.0,0.0,0.0,0.0,0.0
FTY,0.0,0.0,0.0,0.0,0.0,0.0,0.0,0.0,0.0,0.0,0.0,0.0,0.0,0.0,0.0,0.0
FVG,0.0,0.0,0.0,0.0,0.0,0.0,0.0,0.0,0.0,0.0,0.0,0.0,0.0,0.0,0.0,0.0
FVI,0.0,1.5813042316832728,0.0,0.0,1.7908995167731467,1.1295030226309093,0.40235947810852507,1.2792139405522478,0.0,1.4853153869141684,0.27465307216702745,0.5493061443340549,0.0,1.9459101490553132,1.9459101490553132,0.0
FVK,0.0,0.0,0.29706307738283366,0.0,0.0,0.6931471805599453,0.3243183581758855,0.0,0.0,0.358351893845611,0.7675283643313486,0.5941261547656673,0.6931471805599453,0.0,0.0,1.3732653608351373
FVL,0.0,1.2070784343255752,0.46209812037329684,0.0,1.0986122886681098,0.716703787691222,0.0,0.0,0.0,0.8047189562170501,0.0,0.0,0.0,0.0,0.0,0.0
FVM,0.0,0.0,0.40235947810852507,0.0,0.0,0.0,0.0,0.0,0.0,0.0,0.0,0.5700898574416636,0.0,0.0,0.41452876048016685,0.0
FVN,0.0,2.6831503763610787,0.0,0.0,3.2188758248682006,1.1925596247162304,2.7527679046578055,2.1492572089677497,3.2188758248682006,3.871201010907891,2.1754930114005266,3.2188758248682006,0.0,0.0,3.784189633918261,2.9415119239134286
FVQ,0.0,0.0,0.0,0.0,0.0,0.0,0.0,0.0,0.0,0.0,0.0,0.6931471805599453,0.0,0.0,0.0,0.5493061443340549
FVR,1.0986122886681098,1.0750556815368328,1.6094379124341003,1.0986122886681098,1.433407575382444,2.1972245773362196,0.8047189562170501,1.782378464297002,1.2070784343255752,1.782378464297002,1.433407575382444,2.302585092994046,0.6931471805599453,1.6215917908794277,2.2330485096744495,1.0986122886681098
FVS,0.0,0.0,0.0,0.0,0.0,0.0,0.0,0.0,0.0,0.0,0.0,0.0,0.0,0.0,0.0,0.0
FVT,0.0,0.0,0.0,0.0,0.0,0.0,0.0,0.0,0.0,0.0,0.0,0.0,0.0,0.0,0.0,0.0
FVV,0.6931471805599453,0.0,0.29706307738283366,0.0,0.0,0.0,0.0,0.0,0.5493061443340549,1.0986122886681098,0.7737286288863456,0.0,0.0,0.0,0.0,0.0
FWE,2.7400701939510808,2.049711555589573,0.716703787691222,0.8047189562170501,0.0,4.1304746262135446,0.6090132299112135,0.0,2.66202208408042,1.4190310769466272,3.207588175270864,0.0,0.0,1.1989476363991853,0.5545177444479562,0.0
FWG,0.0,0.0,0.0,0.0,0.0,0.0,0.0,0.0,0.0,0.0,0.0,0.0,0.0,0.0,0.0,0.0
FWL,0.0,0.0,0.0,0.0,0.0,0.0,0.0,0.0,0.0,0.0,0.0,0.0,0.0,0.0,0.0,0.0
FWS,0.0,0.0,0.6931471805599453,0.0,0.6931471805599453,0.6931471805599453,0.0,0.0,0.0,0.0,0.0,0.0,0.0,0.0,0.0,0.0
FYA,0.0,0.0,0.0,0.0,0.0,0.0,1.0986122886681098,0.0,0.9241962407465937,0.0,0.9241962407465937,0.0,0.0,0.46209812037329684,0.0,0.0
FYC,0.0,0.0,0.0,0.0,0.0,0.0,0.0,0.0,0.0,0.0,0.0,0.0,0.0,0.0,0.0,0.0
FYD,1.023371152441798,0.716703787691222,0.0,0.0,0.0,0.0,0.0,0.0,0.0,1.6215917908794277,0.0,0.3243183581758855,0.40235947810852507,0.0,1.791759469228055,1.791759469228055
FYE,0.0,0.648636716351771,1.0986122886681098,0.9241962407465937,0.0,0.0,0.716703787691222,0.0,1.2792139405522478,0.0,0.47957905455967414,0.0,0.0,0.0,0.4518012090523637,0.0
FYI,3.0398775768545567,2.66202208408042,0.6777018135785455,0.0,2.131165706406396,1.068728898942307,1.791759469228055,0.0,2.70805020110221,0.5100656043346173,0.0,0.0,0.0,0.0,0.0,0.0
FYK,0.0,0.0,0.6931471805599453,0.0,0.358351893845611,0.5493061443340549,0.29706307738283366,0.0,0.6931471805599453,0.6931471805599453,0.0,0.0,0.0,0.0,0.0,0.0
FYL,0.0,0.0,0.0,0.0,0.0,0.0,0.0,0.0,0.0,0.0,0.0,0.0,0.0,0.0,0.0,0.0
FYP,0.6931471805599453,0.6931471805599453,1.3862943611198906,0.0,0.0,1.0986122886681098,0.0,1.0986122886681098,1.3862943611198906,0.6931471805599453,0.40235947810852507,0.6931471805599453,0.0,1.0986122886681098,0.6931471805599453,0.0
FYQ,0.0,0.0,0.0,0.0,0.0,0.0,0.0,0.0,0.0,0.0,0.0,0.0,0.0,0.0,0.0,0.0
FYR,0.0,0.0,0.0,0.0,0.0,0.0,0.0,0.0,0.0,0.0,0.0,0.0,0.0,0.0,0.0,0.0
FYS,0.0,0.5493061443340549,0.0,0.0,0.6931471805599453,0.6931471805599453,0.0,0.0,0.0,0.0,0.0,0.0,0.0,0.0,0.0,0.0
FYT,1.9459101490553132,1.433407575382444,0.9241962407465937,0.0,0.8047189562170501,0.0,0.0,0.0,1.2070784343255752,0.0,1.0201312086692347,0.6412373393653842,0.0,0.0,1.416606672028108,0.0
FYV,0.0,0.0,0.0,0.0,0.0,0.0,0.0,0.0,0.0,0.0,0.0,0.0,0.0,0.0,0.0,2.70805020110221
FYY,0.6931471805599453,0.0,0.6931471805599453,0.8047189562170501,0.0,0.6931471805599453,0.0,0.0,0.8239592165010823,0.0,0.9241962407465937,0.0,0.0,0.0,0.8047189562170501,1.0986122886681098
GAA,0.5493061443340549,0.5493061443340549,0.6931471805599453,0.5493061443340549,3.0853745464585223,0.6800874724461563,0.14719249777896742,2.720349889784625,0.6412373393653842,2.6223806710998603,0.34004373622307815,0.23978952727983707,0.0,0.0,2.654454765205741,3.4905562722241146
GAD,0.0,0.0,0.0,0.0,0.0,0.0,0.0,0.0,0.0,0.0,0.0,0.0,0.0,0.0,0.0,0.0
GAE,0.0,0.0,0.0,0.0,0.0,0.0,0.0,0.0,0.0,0.0,0.0,0.0,0.0,0.0,0.0,0.0
GAF,0.0,0.0,0.0,0.0,0.0,0.0,0.0,0.0,0.0,0.0,0.0,0.0,0.0,0.0,0.0,0.0
GAG,0.0,0.0,0.0,0.0,0.0,0.0,0.0,0.0,0.0,0.0,0.0,0.0,0.0,0.0,0.0,0.0
GAH,2.9438499555793483,2.8862535685598347,0.0,0.0,2.8147840399962667,2.1370752687086414,3.7188176174884022,3.7745526074153526,2.8147840399962667,3.788835031952404,1.4484877196873203,2.3650517949110452,0.0,3.2188758248682006,3.5121813081422615,3.7188176174884022
GAK,0.0,0.0,0.0,0.0,0.0,0.0,0.0,0.0,0.0,0.0,0.0,0.40235947810852507,0.8047189562170501,0.0,0.0,0.8047189562170501
GAL,0.0,0.0,0.0,0.0,0.0,0.0,0.0,0.0,0.0,0.0,0.0,0.0,0.0,0.0,0.0,0.0
GAN,0.0,0.6931471805599453,0.0,0.0,0.5493061443340549,0.0,0.0,0.0,0.46209812037329684,0.0,0.0,0.0,0.0,0.0,0.5493061443340549,0.0
GAR,0.6931471805599453,1.0750556815368328,1.9459101490553132,0.9241962407465937,0.0,0.0,0.648636716351771,0.0,2.351203577673075,0.0,2.046742304883596,0.9729550745276566,0.0,0.0,1.922571505169192,0.0
GAS,0.5493061443340549,0.0,0.29706307738283366,0.0,0.0,0.0,0.0,0.0,0.0,0.0,0.0850809199219799,0.0,0.0,0.0,0.0,0.0
GAT,0.0,0.0,0.0,0.0,0.0,0.0,0.0,0.0,0.0,0.0,0.0,0.0,0.0,0.0,0.0,0.0
GAV,0.0,0.0,0.0,0.0,0.0,0.0,0.0,0.0,0.0,0.0,0.0,0.0,0.0,0.0,0.0,0.0
GAY,0.0,0.0,0.5493061443340549,0.0,0.0,0.0,0.6931471805599453,0.0,0.9241962407465937,0.0,1.3862943611198906,0.0,0.0,0.0,0.0,0.0
GCA,0.0,0.0,0.0,0.0,0.0,0.0,0.0,0.0,0.0,0.0,0.0,0.0,0.0,0.0,0.0,0.0
GCD,0.0,0.0,0.0,0.0,0.0,0.0,0.0,0.0,0.0,0.0,0.0,0.0,0.0,0.0,0.0,0.0
GCF,0.0,0.46209812037329684,0.0,0.0,0.0,0.0,1.0986122886681098,0.0,0.0,0.0,0.0,0.5493061443340549,0.0,0.0,0.0,0.716703787691222
GCH,0.0,0.5493061443340549,0.46209812037329684,0.0,0.46209812037329684,0.0,0.5493061443340549,0.0,0.46209812037329684,0.6931471805599453,0.6931471805599453,0.0,0.0,0.0,0.0,0.0
GCM,0.0,0.6931471805599453,0.0,0.0,0.0,0.0,0.6931471805599453,0.0,0.0,0.0,0.0,0.0,0.0,0.0,0.0,0.0
GCR,0.0,1.6479184330021646,1.709966238307691,0.0,0.9241962407465937,0.0,0.5493061443340549,1.6215917908794277,1.4853153869141684,0.0,0.0,1.2178089750893693,1.4853153869141684,1.0986122886681098,0.5802964716647593,1.3601749448923126
GCT,0.0,0.6931471805599453,0.0,0.0,0.0,0.0,0.6931471805599453,0.0,0.0,0.0,0.6931471805599453,0.0,0.0,0.0,0.0,0.0
GCV,0.0,0.0,0.0,0.0,0.0,0.0,0.0,0.0,0.0,0.0,0.0,0.0,0.0,0.0,0.0,0.0
GDA,0.0,1.8483924814931874,0.0,0.5493061443340549,0.0,1.4573090814688832,1.0750556815368328,0.0,0.5941261547656673,1.6635532333438687,1.1123125027782677,0.0,1.0150220498520226,0.0,0.40235947810852507,0.0
GDC,0.0,0.6931471805599453,0.0,0.0,0.0,0.0,0.0,0.0,0.0,0.0,0.0,0.0,0.6931471805599453,0.0,0.0,0.0
GDE,0.0,0.8047189562170501,0.0,0.0,1.0986122886681098,0.0,0.9241962407465937,0.0,0.0,1.0986122886681098,1.6094379124341003,0.0,0.0,0.0,0.0,0.0
GDF,0.0,0.0,0.0,0.0,0.0,0.0,0.0,0.0,0.0,0.5493061443340549,0.0,1.0986122886681098,0.0,0.0,1.3862943611198906,0.9241962407465937
GDG,0.0,0.6931471805599453,0.0,1.3862943611198906,0.9241962407465937,0.6931471805599453,0.5493061443340549,0.0,0.6931471805599453,0.0,0.5493061443340549,0.0,0.0,0.9241962407465937,0.0,0.0
GDH,1.0986122886681098,0.8047189562170501,0.0,0.0,1.0986122886681098,1.0986122886681098,0.0,0.0,0.40235947810852507,0.0,0.6931471805599453,0.6931471805599453,0.0,0.6931471805599453,0.0,0.0
GDI,0.0,0.0,0.0,0.0,0.0,0.0,0.0,0.0,0.0,0.0,0.0,0.0,0.0,0.0,0.0,0.0
GDK,0.0,0.0,0.0,0.0,0.0,0.5493061443340549,0.9241962407465937,0.0,0.0,0.0,0.8047189562170501,0.9729550745276566,0.0,0.0,0.5493061443340549,0.891189232148501
GDL,0.0,0.46209812037329684,0.0,0.6931471805599453,0.5493061443340549,0.0,0.6931471805599453,0.0,0.0,0.0,0.8047189562170501,0.0,0.6931471805599453,0.0,0.0,0.0
GDP,0.0,0.0,0.716703787691222,0.0,0.0,0.0,0.0,0.0,0.716703787691222,0.0,0.0,0.0,0.0,0.0,0.0,0.0
GDQ,0.0,0.0,0.0,0.0,0.0,0.0,0.6931471805599453,0.6931471805599453,0.0,0.0,0.0,0.9241962407465937,0.0,0.6931471805599453,0.6931471805599453,0.0
GDR,0.0,0.0,0.0,0.0,0.0,0.0,0.0,0.0,0.0,0.0,0.0,0.0,0.0,0.0,0.0,0.0
GDS,0.0,0.0,0.0,0.0,0.0,0.0,0.0,0.0,0.0,0.0,0.0,0.0,0.0,0.0,0.0,0.0
GDV,0.0,0.0,0.0,0.0,0.0,0.0,0.0,0.0,0.0,0.0,0.0,0.0,0.0,0.0,0.0,0.0
GDY,0.0,0.0,0.0,0.0,0.0,0.0,0.0,0.0,0.0,0.0,0.0,0.0,0.0,0.0,0.0,0.0
GEA,0.0,0.0,0.0,0.0,0.0,0.0,0.0,0.0,0.0,0.0,0.0,0.0,0.0,0.0,0.0,0.0
GEC,0.0,0.0,0.0,0.0,0.0,0.0,0.0,0.0,0.0,0.0,0.0,0.0,0.0,0.0,0.0,0.0
GED,0.0,0.0,0.0,0.5493061443340549,0.0,0.0,0.0,0.6931471805599453,0.6931471805599453,0.5493061443340549,0.0,0.0,0.0,0.0,0.9241962407465937,0.6931471805599453
GEE,0.0,0.46209812037329684,0.0,0.0,0.40235947810852507,0.40235947810852507,0.0,0.0,0.5493061443340549,0.0,0.0,0.0,0.0,0.6931471805599453,0.0,0.0
GEF,0.0,0.0,0.0,0.0,0.0,0.0,0.0,0.6931471805599453,0.0,0.0,0.0,1.0986122886681098,0.0,0.0,1.2070784343255752,0.8047189562170501
GEG,0.0,0.0,0.0,0.0,0.0,0.0,0.0,0.0,0.0,0.0,0.0,0.0,0.0,0.0,0.0,0.0
GEH,0.0,0.0,0.0,0.0,0.0,0.0,0.0,0.0,0.0,0.0,0.0,0.0,0.0,0.0,0.0,0.0
GEI,0.0,0.0,0.0,0.0,0.0,0.0,0.0,0.6931471805599453,0.0,0.0,0.0,0.0,0.0,0.6931471805599453,0.0,0.0
GEK,0.0,0.0,0.5941261547656673,0.0,0.0,0.5493061443340549,1.433407575382444,0.0,1.0750556815368328,1.3862943611198906,1.0986122886681098,0.0,0.0,0.0,0.0,0.0
GEL,0.0,0.0,0.0,0.0,0.0,0.0,0.0,0.0,0.0,0.0,0.0,0.0,0.0,0.0,0.0,0.0
GEM,0.0,0.0,0.0,0.46209812037329684,0.5493061443340549,0.6931471805599453,0.5493061443340549,1.0986122886681098,0.40235947810852507,0.0,0.0,0.5493061443340549,0.0,0.9729550745276566,0.9241962407465937,0.46209812037329684
GEP,0.0,0.0,0.5493061443340549,0.0,0.0,0.6931471805599453,0.0,0.5493061443340549,0.0,0.0,0.5493061443340549,0.716703787691222,0.6931471805599453,0.5493061443340549,0.0,0.5493061443340549
GEQ,0.0,0.6931471805599453,0.6931471805599453,0.0,1.0986122886681098,0.0,0.6931471805599453,0.46209812037329684,0.0,1.0986122886681098,0.6931471805599453,0.6931471805599453,0.0,0.0,1.0986122886681098,0.0
GES,1.6094379124341003,0.6931471805599453,0.6931471805599453,0.0,0.0,0.0,0.0,0.5493061443340549,1.0986122886681098,0.0,0.0,0.0,0.0,0.0,0.0,0.0
GET,0.0,0.0,0.0,0.6931471805599453,0.5493061443340549,0.5493061443340549,0.0,0.0,0.0,0.0,0.0,0.0,0.6931471805599453,0.0,0.0,0.0
GEV,0.0,0.5493061443340549,0.648636716351771,1.297273432703542,0.5493061443340549,0.648636716351771,0.6931471805599453,0.716703787691222,0.9241962407465937,0.0,0.5941261547656673,0.46209812037329684,0.9241962407465937,0.891189232148501,0.40235947810852507,1.2070784343255752
GEY,0.0,0.0,0.0,0.0,0.0,0.0,0.0,0.0,0.0,0.0,0.0,0.0,0.0,0.0,0.0,0.0
GFA,0.6931471805599453,0.0,0.6931471805599453,0.0,0.0,0.0,0.0,0.0,0.0,0.0,0.6931471805599453,0.6931471805599453,0.6931471805599453,0.0,0.0,0.0
GFC,0.0,1.0986122886681098,1.0986122886681098,0.0,1.0986122886681098,0.0,0.0,0.0,0.0,0.0,0.0,0.0,0.9241962407465937,0.0,0.0,0.0
GFD,3.0847559988320254,2.131165706406396,0.8239592165010823,0.0,0.0,0.5493061443340549,1.6635532333438687,0.0,2.4790616760491893,1.4722194895832201,0.0,0.0,0.0,0.0,0.8239592165010823,0.0
GFE,0.0,0.0,0.0,0.0,0.0,1.0986122886681098,0.0,0.6931471805599453,0.0,0.6931471805599453,0.0,0.0,0.0,0.6931471805599453,0.0,0.0
GFG,0.0,1.0986122886681098,0.0,0.5493061443340549,0.5493061443340549,0.46209812037329684,0.6931471805599453,0.0,0.0,0.0,0.46209812037329684,0.0,0.6931471805599453,0.0,0.0,0.0
GFH,0.0,0.0,0.0,0.46209812037329684,0.0,0.40235947810852507,0.0,0.0,0.0,0.0,0.0,0.0,0.6931471805599453,0.46209812037329684,0.0,0.0
GFI,0.0,0.0,0.0,0.0,0.0,0.0,0.0,0.0,0.0,0.0,0.0,0.0,0.0,0.0,0.0,0.0
GFL,0.0,0.0,0.0,0.0,0.0,0.0,0.0,0.0,0.0,0.0,0.0,0.0,0.0,0.0,0.0,0.0
GFM,0.0,0.0,0.0,0.0,0.0,0.6931471805599453,0.3243183581758855,0.0,0.0,0.6931471805599453,0.0,0.0,0.0,0.0,0.0,0.0
GFN,1.1882523095313346,1.5350567286626973,0.0,0.5493061443340549,1.297273432703542,1.0986122886681098,1.1882523095313346,0.0,2.0794415416798357,0.0,1.4387371636790223,0.0,0.0,0.0,0.46209812037329684,0.0
GFP,0.0,0.0,0.0,0.0,0.0,0.0,0.0,0.0,0.0,0.0,0.0,0.0,0.0,0.0,1.791759469228055,1.791759469228055
GFQ,0.0,0.9241962407465937,0.0,0.0,0.9241962407465937,0.0,1.0986122886681098,0.0,0.0,1.0986122886681098,0.0,0.0,0.0,0.0,0.0,0.0
GFR,1.6094379124341003,1.0986122886681098,0.6931471805599453,0.0,0.6931471805599453,0.6931471805599453,0.0,0.6931471805599453,0.5493061443340549,0.6931471805599453,1.0986122886681098,0.9241962407465937,0.6931471805599453,0.0,1.3862943611198906,0.5493061443340549
GFS,0.0,0.0,0.0,0.0,0.0,0.6931471805599453,0.0,0.6931471805599453,0.0,0.6931471805599453,0.5493061443340549,0.0,0.0,0.0,0.0,0.0
GFT,0.9241962407465937,0.9241962407465937,2.0794415416798357,1.9459101490553132,0.46209812037329684,0.891189232148501,1.0750556815368328,1.6094379124341003,1.7993793761572692,2.046742304883596,1.1401797148833273,2.033105440735637,1.6094379124341003,0.8047189562170501,1.770758340035135,1.433407575382444
GFV,0.0,0.0,0.0,0.0,0.0,0.0,0.0,0.0,0.0,0.0,0.0,0.0,0.0,0.0,0.0,0.0
GFW,0.0,0.0,0.0,0.0,0.0,0.0,0.0,0.5493061443340549,0.0,0.6931471805599453,0.5493061443340549,0.0,0.0,0.0,0.0,0.0
GFY,3.0905884840366316,1.2824746787307684,1.1605929433295186,0.0,0.9729550745276566,0.9729550745276566,1.1989476363991853,0.511685576220899,2.736801091938045,0.5100656043346173,0.6543197731480977,0.5364793041447,0.0,0.9729550745276566,1.1605929433295186,0.0
GGD,0.0,1.0986122886681098,0.8047189562170501,1.6094379124341003,1.2070784343255752,0.6931471805599453,0.716703787691222,0.0,0.891189232148501,0.0,1.0750556815368328,0.0,0.6931471805599453,0.8047189562170501,0.0,0.0
GGE,0.0,0.46209812037329684,1.6094379124341003,1.2070784343255752,1.3862943611198906,0.9241962407465937,1.0986122886681098,0.6931471805599453,1.6094379124341003,0.9241962407465937,0.716703787691222,0.5493061443340549,0.46209812037329684,0.8047189562170501,0.6931471805599453,0.6931471805599453
GGF,0.0,1.0986122886681098,0.0,0.6931471805599453,0.5493061443340549,1.0986122886681098,0.6931471805599453,0.0,0.0,0.5493061443340549,0.9241962407465937,0.0,0.6931471805599453,0.0,0.0,0.0
GGG,0.0,0.0,0.0,0.0,0.0,0.0,0.0,0.0,0.0,0.0,0.511685576220899,0.21374577978846138,0.0,0.0,0.5493061443340549,0.716703787691222
GGH,0.0,0.0,0.46209812037329684,1.0750556815368328,0.6931471805599453,0.0,0.0,0.0,0.40235947810852507,0.0,0.0,0.5493061443340549,0.6931471805599453,0.0,0.8047189562170501,0.9241962407465937
GGI,0.0,0.0,0.0,0.0,0.0,0.0,0.0,0.0,0.0,0.0,1.297273432703542,0.8047189562170501,0.0,0.0,1.0750556815368328,1.0986122886681098
GGK,0.0,0.0,0.0,0.0,0.0,0.0,0.6931471805599453,0.0,0.0,0.0,0.6931471805599453,1.3862943611198906,0.0,1.0986122886681098,1.0986122886681098,0.0
GGL,0.511685576220899,0.46209812037329684,0.5493061443340549,0.5493061443340549,0.0,0.6931471805599453,0.0,0.648636716351771,0.0,0.0,0.358351893845611,0.406008819940809,0.6931471805599453,0.5493061443340549,0.511685576220899,0.648636716351771
GGM,0.0,0.0,0.0,0.0,0.0,0.0,0.0,0.0,0.0,0.0,0.0,0.0,0.0,0.0,0.0,0.0
GGN,0.0,0.34004373622307815,0.3243183581758855,0.0,0.5802964716647593,0.3243183581758855,1.2070784343255752,0.0,0.27465307216702745,0.1934321572215864,0.0,0.0,0.0,0.0,0.0,2.8380621538932544
GGP,0.0,0.0,0.0,0.0,0.0,0.0,0.0,0.0,0.0,0.0,0.0,0.0,0.0,0.0,0.0,0.0
GGQ,0.0,0.0,0.0,0.0,0.0,0.0,0.6931471805599453,0.5493061443340549,0.0,0.0,0.0,1.0986122886681098,0.0,0.6931471805599453,0.6931471805599453,0.0
GGR,0.0,0.5493061443340549,0.6931471805599453,0.0,1.2070784343255752,0.6931471805599453,0.0,0.0,0.5493061443340549,0.0,0.9241962407465937,0.6931471805599453,0.0,0.6931471805599453,0.40235947810852507,0.0
GGS,0.0,0.0,0.0,0.0,0.0,0.0,0.0,0.0,0.0,0.0,0.0,0.0,0.0,0.5493061443340549,0.0,0.40235947810852507
GGT,0.0,0.0,0.0,0.0,0.0,0.0,0.0,0.0,0.0,0.0,0.0,0.0,0.0,0.0,0.0,0.0
GGV,0.0,0.0,0.7675283643313486,1.2792139405522478,0.358351893845611,0.42749155957692275,0.0,0.40235947810852507,1.0150220498520226,0.0,1.023371152441798,1.3732653608351373,0.9729550745276566,0.8047189562170501,0.511685576220899,1.0986122886681098
GGY,0.0,1.0986122886681098,0.0,0.0,1.3862943611198906,0.0,0.8047189562170501,0.0,0.0,1.3862943611198906,0.0,0.0,0.0,0.0,0.0,0.0
GHA,0.0,0.0,0.0,0.0,0.6931471805599453,0.5493061443340549,0.0,0.0,0.0,0.0,0.0,0.0,0.0,0.0,0.0,0.0
GHE,0.0,0.0,0.0,0.0,0.0,0.0,0.0,0.0,0.0,0.0,0.0,0.0,0.0,0.0,0.0,0.0
GHF,0.0,0.0,0.0,0.0,0.0,0.0,0.0,0.0,0.0,0.0,0.0,0.0,0.0,0.0,0.0,0.0
GHI,0.0,0.0,0.46209812037329684,1.2070784343255752,0.6931471805599453,0.0,0.0,0.0,0.40235947810852507,0.0,0.0,0.46209812037329684,0.5493061443340549,0.0,0.8047189562170501,0.8047189562170501
GHK,0.6931471805599453,0.5493061443340549,0.0,0.0,0.5493061443340549,0.6931471805599453,0.0,0.5493061443340549,0.6931471805599453,0.0,0.46209812037329684,0.6931471805599453,0.0,1.0986122886681098,0.0,0.0
GHL,0.0,0.46209812037329684,1.6479184330021646,0.0,1.6215917908794277,0.0,0.0,0.0,0.46209812037329684,0.0,0.0,0.0,0.0,1.791759469228055,0.0,0.0
GHR,0.0,0.0,0.0,0.0,0.0,0.0,0.0,0.0,0.0,0.0,0.0,0.0,0.0,0.0,0.0,0.0
GHS,0.0,0.0,0.0,0.0,0.0,0.0,0.6931471805599453,0.0,0.0,0.0,1.0986122886681098,0.5493061443340549,0.0,0.0,0.0,0.0
GHV,0.0,0.6931471805599453,0.0,0.0,0.0,0.0,0.0,0.0,0.0,0.0,0.0,0.0,0.6931471805599453,0.0,0.0,0.0
GIA,0.9036024181047274,0.648636716351771,0.46209812037329684,0.891189232148501,0.511685576220899,0.0,0.0,0.5941261547656673,0.5493061443340549,0.23978952727983707,0.0,0.0,0.9591581091193483,0.511685576220899,0.5493061443340549,0.358351893845611
GID,0.0,0.0,0.0,0.0,0.0,0.0,0.0,0.6931471805599453,0.0,0.0,0.0,0.9241962407465937,0.0,0.0,1.0986122886681098,0.5493061443340549
GIE,0.358351893845611,0.0,1.700218681115391,1.6215917908794277,1.2070784343255752,1.0750556815368328,0.40235947810852507,0.0,2.321185886659037,0.8239592165010823,1.1989476363991853,1.6215917908794277,1.6094379124341003,0.0,1.6215917908794277,1.297273432703542
GIF,0.0,0.0,0.0,0.0,0.0,0.0,0.0,0.0,0.0,0.0,0.0,0.0,0.0,0.0,0.0,0.0
GIG,0.0,0.0,0.0,0.0,0.0,0.406008819940809,0.0,0.0,0.0,0.354151668007027,0.0,0.0,0.0,0.0,0.2850449287208318,0.0
GIH,1.0986122886681098,0.0,0.9241962407465937,0.0,0.0,0.0,0.0,0.0,0.8047189562170501,0.6931471805599453,1.0150220498520226,0.0,0.0,0.0,0.0,0.0
GII,0.0,3.1690739096195473,0.0,1.0750556815368328,2.961959564600181,1.7810369712144316,0.0,2.4072786084294826,0.22590060452618185,3.729661119022684,0.0,0.0,0.6931471805599453,0.0,3.7201474331846307,3.3412376825738166
GIK,0.0,0.0,0.0,0.0,0.0,2.7543904996083586,0.0,2.961959564600181,0.0,0.0,2.849433691611522,0.0,0.0,0.0,0.0,2.4572701292270467
GIL,1.3862943611198906,1.2070784343255752,0.358351893845611,0.9241962407465937,0.0,1.0986122886681098,0.0,0.5493061443340549,0.716703787691222,1.0986122886681098,1.2070784343255752,0.5493061443340549,1.0750556815368328,0.46209812037329684,1.433407575382444,1.0986122886681098
GIN,0.0,0.0,0.0,0.0,0.0,0.0,0.0,0.0,0.0,0.0,0.0,0.0,0.0,0.0,0.0,0.0
GIP,0.4518012090523637,0.0,0.0,0.8239592165010823,0.0,4.631127232530257,0.5545177444479562,0.5493061443340549,0.36967849629863747,1.709966238307691,4.3500101933508875,0.3243183581758855,0.716703787691222,0.6306804786429454,0.0,0.1934321572215864
GIQ,0.0,0.0,0.0,0.0,0.0,0.0,0.6931471805599453,0.0,0.0,0.0,0.0,0.0,0.0,0.6931471805599453,0.0,0.0
GIR,0.0,0.0,0.0,0.0,0.0,3.5509912666551298,0.0,0.0,0.0,0.9729550745276566,0.0,0.0,0.0,0.0,0.0,0.0
GIS,1.2070784343255752,0.0,0.9241962407465937,0.9241962407465937,0.0,0.0,0.8047189562170501,0.0,0.0,0.0,0.716703787691222,1.782378464297002,1.782378464297002,1.0986122886681098,1.0986122886681098,1.791759469228055
GIT,0.0,0.0,0.0,0.0,0.0,0.3243183581758855,0.0,0.6931471805599453,0.0,0.0,0.0,0.0,0.0,0.9241962407465937,0.0,0.6931471805599453
GIV,1.297273432703542,0.0,0.5941261547656673,0.0,0.716703787691222,0.0,0.0,0.0,0.0,0.0,0.0,0.45667836565851344,0.0,0.0,0.47301035898220906,0.0
GIY,1.6215917908794277,0.358351893845611,0.716703787691222,0.358351893845611,0.0,0.358351893845611,0.3243183581758855,0.5493061443340549,0.8047189562170501,0.0,1.0986122886681098,0.8047189562170501,1.0750556815368328,0.46209812037329684,0.891189232148501,1.0986122886681098
GKA,0.0,0.1770758340035135,1.6785266909588594,1.7908995167731467,2.5227219145717816,1.1775399822317394,0.43706344518331003,0.8239592165010823,1.2178089750893693,1.856786033352154,0.9460207179644181,1.9014443457717283,1.9459101490553132,0.7737286288863456,2.261202207397483,1.5813042316832728
GKC,0.5493061443340549,1.0986122886681098,0.0,0.0,0.6931471805599453,1.0986122886681098,0.6931471805599453,0.5493061443340549,0.9241962407465937,0.0,1.3862943611198906,0.6931471805599453,0.0,1.0986122886681098,1.0986122886681098,0.0
GKD,0.0,0.0,0.0,0.0,0.0,0.0,0.0,0.0,0.0,0.0,0.0,0.0,0.0,0.0,0.0,0.0
GKE,0.0,0.0,1.0986122886681098,1.2070784343255752,0.5493061443340549,0.358351893845611,1.297273432703542,0.6931471805599453,1.0750556815368328,1.3862943611198906,1.3732653608351373,1.023371152441798,0.6931471805599453,0.40235947810852507,1.2824746787307684,1.023371152441798
GKG,0.0,0.0,0.0,0.0,0.0,0.0,0.0,0.0,0.0,0.0,1.6635532333438687,1.068728898942307,0.0,0.0,1.1450596030091713,0.0
GKH,0.40235947810852507,0.0,0.6931471805599453,0.5493061443340549,0.0,0.0,0.0,1.0750556815368328,0.6931471805599453,1.2070784343255752,3.9426604654371036,3.408916149364369,0.5493061443340549,0.0,3.5121813081422615,3.3539379704513483
GKI,0.8047189562170501,1.0986122886681098,0.0,0.0,1.6094379124341003,0.17303011317137817,0.8047189562170501,0.0,0.8047189562170501,0.9241962407465937,0.0,0.0,0.0,0.0,0.0,0.0
GKK,0.0,0.0,0.0,0.0,0.0,0.0,0.0,0.0,0.0,0.0,0.0,0.5493061443340549,0.0,0.6931471805599453,0.0,0.0
GKL,0.0,0.0,3.2087895283168626,0.0,0.0,4.08086388868765,0.134119826036175,3.258096538021482,0.2558427881104495,0.9591581091193483,4.666393071817983,0.3153402393214727,0.23978952727983707,0.40235947810852507,0.0,3.0853745464585223
GKM,0.0,0.6931471805599453,0.0,1.3862943611198906,1.0986122886681098,0.6931471805599453,0.6931471805599453,0.0,0.5493061443340549,0.0,0.0,0.0,0.6931471805599453,1.0986122886681098,0.0,0.0
GKN,0.0,0.0,0.5493061443340549,0.0,0.6931471805599453,0.0,0.0,0.0,0.0,0.6931471805599453,0.5493061443340549,0.0,0.0,0.0,0.0,0.0
GKQ,0.0,0.0,0.6931471805599453,0.0,0.6931471805599453,0.5493061443340549,0.5493061443340549,1.0986122886681098,0.0,0.6931471805599453,1.0986122886681098,1.6094379124341003,0.0,0.9241962407465937,1.1882523095313346,1.3862943611198906
GKR,0.5493061443340549,0.0,0.0,1.0986122886681098,0.0,0.6931471805599453,0.46209812037329684,0.5493061443340549,0.8047189562170501,0.0,0.0,0.34004373622307815,0.0,0.40235947810852507,1.023371152441798,0.29706307738283366
GKS,0.6931471805599453,1.0986122886681098,0.6931471805599453,0.0,0.6931471805599453,1.0986122886681098,0.6931471805599453,0.5493061443340549,1.0986122886681098,0.6931471805599453,1.3862943611198906,1.0986122886681098,0.46209812037329684,0.0,1.0986122886681098,0.0
GKT,0.18483924814931874,0.0,0.0,0.6931471805599453,0.0,0.2510965827202212,0.0,0.3868643144431728,0.0,0.0,0.0,0.0,0.0,0.7675283643313486,0.0,0.1770758340035135
GKV,1.6215917908794277,1.0986122886681098,0.6931471805599453,0.6931471805599453,0.0,0.46209812037329684,0.9241962407465937,0.46209812037329684,0.9241962407465937,0.0,0.0,0.46209812037329684,0.6931471805599453,0.40235947810852507,0.0,0.6931471805599453
GKY,0.716703787691222,2.0117973905426254,0.8047189562170501,0.358351893845611,0.40235947810852507,4.023301674163824,2.7471897635881173,2.0591494738871763,2.2800370426149756,0.0,3.9676290621335717,0.5545177444479562,0.21374577978846138,0.29706307738283366,0.33539379704513483,2.0419420781275175
GLA,0.0,0.6931471805599453,0.0,0.6931471805599453,0.46209812037329684,0.9241962407465937,0.6931471805599453,0.5493061443340549,0.0,0.0,0.8047189562170501,0.0,0.6931471805599453,0.6931471805599453,0.0,0.0
GLD,0.0,0.0,0.0,0.0,0.0,0.0,0.0,0.0,0.0,0.0,0.0,0.0,0.0,0.0,0.0,0.0
GLE,0.0,0.0,1.0150220498520226,0.0,0.6516193076042964,0.0,0.0,0.0,0.0,0.6705991301808751,0.0,0.0,0.0,0.0,0.0,0.0
GLF,0.0,0.0,0.6931471805599453,0.0,0.46209812037329684,0.0,0.0,0.0,0.0,0.0,0.6931471805599453,0.0,0.0,0.6931471805599453,0.0,0.0
GLG,0.0,0.0,0.0,0.0,0.0,0.0,0.0,0.0,0.0,0.0,0.0,0.0,0.0,0.0,0.0,0.0
GLH,1.0986122886681098,0.0,1.782378464297002,0.0,0.0,0.0,0.0,0.0,1.297273432703542,1.0986122886681098,0.0,0.0,0.0,0.0,0.0,0.0
GLI,0.0,0.46209812037329684,0.6931471805599453,0.0,0.46209812037329684,0.0,0.9241962407465937,0.0,0.5493061443340549,0.0,0.0,0.46209812037329684,0.0,0.6931471805599453,0.0,0.0
GLK,0.2558427881104495,1.7343713162681,1.945926082541583,0.0,0.9591581091193483,0.5864133416658889,0.15767011966073635,0.5545177444479562,1.9629593194442934,0.7737286288863456,0.0,1.7908995167731467,0.29706307738283366,0.47957905455967414,0.6090132299112135,0.23978952727983707
GLL,0.0,0.0,0.3243183581758855,0.0,0.0,0.0,0.0,0.0,0.6931471805599453,0.0,0.0,0.0,0.0,0.0,0.0,0.0
GLM,0.0,0.0,0.0,0.0,0.0,0.0,0.0,0.0,0.0,0.0,0.0,0.0,0.0,0.0,0.0,0.0
GLN,0.0,0.0,0.0,0.0,0.0,0.0,0.0,0.0,0.0,0.0,0.0,0.0,0.0,0.0,0.0,0.0
GLP,0.648636716351771,1.0986122886681098,0.3243183581758855,1.1882523095313346,0.358351893845611,0.5493061443340549,0.0,0.358351893845611,0.9729550745276566,0.0,0.40235947810852507,0.716703787691222,0.40235947810852507,0.891189232148501,0.9729550745276566,0.8047189562170501
GLR,0.0,0.5493061443340549,0.716703787691222,2.0794415416798357,0.8047189562170501,0.8239592165010823,0.9729550745276566,0.5493061443340549,1.791759469228055,0.716703787691222,0.6516193076042964,0.4518012090523637,0.5493061443340549,1.297273432703542,1.354025100551105,0.7675283643313486
GLS,0.0,0.0,0.0,0.0,0.0,0.0,0.5493061443340549,0.0,0.0,0.6931471805599453,1.6094379124341003,0.8047189562170501,0.0,0.0,0.5493061443340549,0.0
GLT,1.6479184330021646,0.0,2.321185886659037,1.6215917908794277,1.0986122886681098,0.09640951700341174,0.0,0.0,2.131165706406396,1.1295030226309093,1.3200661513668352,1.6094379124341003,1.0986122886681098,0.40235947810852507,1.782378464297002,1.4853153869141684
GLV,0.0,0.0,0.358351893845611,0.0,0.9241962407465937,0.0,1.0986122886681098,0.0,0.40235947810852507,0.6931471805599453,0.3243183581758855,0.3243183581758855,0.0,0.5493061443340549,0.0,0.0
GLY,0.0,0.0,0.0,0.0,0.0,0.0,0.0,0.0,0.0,0.0,0.0,0.0,0.0,0.0,0.0,0.0
GMD,0.0,0.29706307738283366,1.2178089750893693,0.0,1.624035279763236,0.0,0.0,0.0,0.2558427881104495,0.0,0.0,0.47957905455967414,0.0,0.8853791700175675,0.0,0.0
GME,0.6931471805599453,0.5493061443340549,0.0,0.0,0.6931471805599453,0.5493061443340549,0.0,0.0,0.5493061443340549,0.0,0.0,0.0,0.0,0.0,0.0,0.0
GMI,0.0,0.0,1.6215917908794277,2.3978952727983707,0.6931471805599453,0.891189232148501,0.0,0.716703787691222,1.3732653608351373,0.9241962407465937,1.297273432703542,2.1277537294374507,2.0794415416798357,0.8047189562170501,2.617279092592391,1.9459101490553132
GMN,0.0,0.5493061443340549,0.46209812037329684,0.0,0.0,0.0,0.0,0.0,0.0,0.0,0.9241962407465937,1.0750556815368328,0.9241962407465937,0.0,0.6931471805599453,0.5493061443340549
GMP,0.716703787691222,0.5493061443340549,0.6931471805599453,0.0,0.0,0.6931471805599453,0.0,0.0,0.5493061443340549,0.0,0.0,0.0,0.0,0.0,0.0,0.0
GMR,0.0,0.0,0.0,0.0,0.0,0.0,0.0,0.0,0.0,0.0,0.0,0.0,0.0,0.0,0.0,0.0
GMS,0.0,0.0,0.0,0.0,0.0,0.0,0.0,0.0,0.0,0.0,1.908794189207751,2.212103917971477,0.0,0.0,2.2281432400225847,2.281733214926074
GMT,0.0,0.0,0.0,0.0,0.0,0.0,0.0,0.0,0.0,0.0,0.0,0.0,0.0,0.0,0.0,0.0
GMV,0.0,0.0,0.0,0.0,0.0,0.0,0.0,0.0,0.0,0.0,0.0,0.0,0.0,0.0,0.0,0.0
GNA,0.0,0.0,0.0,0.0,0.0,0.0,0.0,0.0,0.0,0.0,0.0,0.0,0.0,0.0,0.0,0.0
GNC,0.0,0.0,0.0,0.0,0.0,0.0,0.0,0.0,0.0,0.0,0.0,0.0,0.0,0.0,0.0,0.0
GND,1.0986122886681098,0.0,0.0,0.0,0.0,0.0,0.0,0.0,0.0,0.0,0.0,0.0,0.0,0.0,0.0,0.0
GNE,0.0,0.0,0.0,0.0,0.0,0.0,0.0,0.0,0.0,0.0,0.0,0.0,0.0,0.0,0.0,2.8380621538932544
GNF,0.0,0.0,0.0,0.0,0.0,0.0,0.0,0.0,0.0,0.0,0.0,0.0,0.0,0.0,0.0,0.0
GNG,0.0,0.0,0.0,0.0,0.0,0.0,0.0,0.0,0.0,0.0,0.0,0.0,0.0,0.0,0.0,0.0
GNI,0.0,0.0,0.0,0.0,0.0,0.0,0.0,0.0,0.0,0.0,0.0,0.0,0.0,0.0,0.0,0.0
GNK,1.2070784343255752,0.0,0.0,0.0,0.0,0.0,0.0,0.0,0.0,0.0,0.0,0.0,0.0,0.0,0.0,0.0
GNL,0.0,0.0,0.0,0.9241962407465937,0.0,0.0,0.0,0.0,0.40235947810852507,0.0,0.0,0.0,0.0,0.0,0.3153402393214727,0.2558427881104495
GNN,0.0,0.0,0.358351893845611,0.0,0.5493061443340549,0.6931471805599453,0.6931471805599453,0.0,0.46209812037329684,0.6931471805599453,0.0,0.0,0.0,0.0,0.0,0.0
GNP,0.0,0.0,0.0,0.0,0.0,0.0,0.0,0.0,0.0,0.0,0.0,0.0,0.0,0.0,0.0,0.0
GNR,0.0,0.0,0.0,0.0,0.0,0.0,0.0,0.0,0.0,0.0,0.0,0.0,0.0,0.0,0.0,0.0
GNS,0.6931471805599453,0.9241962407465937,0.0,0.0,0.6931471805599453,0.6931471805599453,0.0,0.5493061443340549,0.6931471805599453,0.0,0.0,0.0,0.0,0.0,0.0,1.3862943611198906
GNT,0.0,0.0,0.0,0.0,0.0,0.0,0.0,0.0,0.0,0.0,0.0,0.0,0.0,0.0,0.0,0.0
GNV,0.0,0.0,0.0,0.0,0.0,0.0,0.0,0.0,0.0,0.0,0.0,0.0,0.0,0.0,0.0,0.0
GNW,0.0,0.46209812037329684,0.358351893845611,0.6931471805599453,0.8047189562170501,0.0,0.6931471805599453,0.6931471805599453,0.6931471805599453,1.0986122886681098,0.5493061443340549,0.5493061443340549,0.0,0.0,1.3862943611198906,0.5493061443340549
GNY,0.5493061443340549,1.6215917908794277,0.5493061443340549,0.0,1.0986122886681098,0.9241962407465937,0.716703787691222,0.0,0.0,0.0,0.0,0.0,0.6931471805599453,0.0,0.0,0.0
GPA,0.0,0.0,0.0,0.0,0.0,0.0,0.0,0.0,0.0,0.0,0.0,0.0,0.0,0.0,0.0,0.0
GPC,0.0,0.0,0.0,0.0,0.0,0.0,0.0,0.0,0.0,0.0,0.0,0.0,0.0,0.0,0.0,0.0
GPE,0.358351893845611,0.46209812037329684,0.2558427881104495,0.9729550745276566,0.46209812037329684,2.9755661323020512,0.0,0.358351893845611,0.5941261547656673,0.9729550745276566,0.0,0.0,0.0,0.7675283643313486,0.358351893845611,0.8047189562170501
GPF,0.358351893845611,0.358351893845611,0.0,0.0,0.0,0.5493061443340549,0.0,0.0,0.0,0.0,0.0,0.39097158456257786,0.0,0.0,0.39097158456257786,0.0
GPG,0.0,0.0,0.0,0.0,0.0,0.0,0.0,0.0,0.0,0.0,0.0,0.0,0.0,0.0,0.0,0.0
GPH,0.0,0.0,0.0,0.5493061443340549,0.0,0.511685576220899,0.0,0.648636716351771,0.0,0.47957905455967414,0.0,0.9241962407465937,0.6931471805599453,0.6931471805599453,0.8047189562170501,0.0
GPK,2.4595545116643223,0.648636716351771,0.0,0.40235947810852507,0.0,3.7590495887640416,2.62534881637439,0.0,2.4038489485082053,0.0,0.0,0.0,0.8239592165010823,0.358351893845611,0.29706307738283366,0.3243183581758855
GPL,0.716703787691222,0.648636716351771,1.2792139405522478,0.9241962407465937,0.0,0.0,1.1882523095313346,0.0,1.1605929433295186,0.8047189562170501,0.0,0.0,0.0,0.0,0.9591581091193483,0.716703787691222
GPM,0.0,0.0,0.0,0.6931471805599453,0.0,0.0,0.0,0.0,0.0,0.0,0.0,0.0,0.0,0.0,0.6931471805599453,0.6931471805599453
GPN,0.0,0.0,0.0,0.0,0.0,0.6931471805599453,0.6931471805599453,0.5493061443340549,0.0,0.0,0.0,1.0986122886681098,0.0,1.0986122886681098,0.6931471805599453,0.0
GPP,0.8047189562170501,1.0986122886681098,0.5493061443340549,0.40235947810852507,0.716703787691222,0.0,0.0,0.0,0.6931471805599453,0.0,0.0,0.0,0.358351893845611,0.8047189562170501,0.0,0.5493061443340549
GPS,1.3862943611198906,0.6931471805599453,0.6931471805599453,0.0,0.0,0.0,0.0,0.5493061443340549,0.6931471805599453,0.0,1.0986122886681098,1.0986122886681098,0.6931471805599453,0.0,0.9241962407465937,0.6931471805599453
GPV,0.0,0.0,0.0,0.0,0.0,0.0,0.0,0.0,0.0,0.0,0.0,0.0,0.0,0.0,0.0,0.0
GPY,0.0,0.0,0.0,0.0,0.0,0.0,0.0,0.0,0.0,0.0,0.0,0.0,0.0,0.0,0.0,0.0
GQA,1.709966238307691,1.6215917908794277,1.068728898942307,1.782378464297002,2.1972245773362196,1.6635532333438687,1.4210308697928313,1.3732653608351373,1.770758340035135,1.782378464297002,1.2824746787307684,0.40235947810852507,0.0,1.0986122886681098,1.9459101490553132,1.791759469228055
GQC,0.0,0.0,0.0,0.0,0.0,0.0,0.0,0.0,0.0,0.0,0.0,0.0,0.0,0.0,0.0,0.0
GQD,0.0,0.0,0.0,0.0,0.0,0.0,0.0,0.0,0.0,0.0,0.0,0.0,0.0,0.0,0.0,0.0
GQF,0.0,0.0,0.0,0.0,0.0,0.0,0.0,0.0,0.0,0.0,0.0,0.0,0.0,0.0,0.0,0.0
GQG,0.0,0.0,0.0,0.0,0.0,3.093898886419514,0.0,2.270079664070115,0.0,0.0,0.15727302530897302,0.26064772304171857,0.0,0.0,0.22893248029900976,2.3702295140333556
GQH,0.0,0.0,0.0,0.0,0.0,0.0,0.0,0.0,0.0,0.0,0.0,0.0,0.0,0.0,0.0,0.0
GQI,0.0,1.3732653608351373,0.0,0.0,1.791759469228055,0.0,0.0,0.0,0.0,0.0,0.0,0.0,0.0,0.0,0.0,0.0
GQK,0.0,0.0,0.0,0.0,0.0,0.0,0.0,0.0,0.0,0.0,0.0,0.0,0.0,0.0,0.0,0.0
GQL,0.0,0.0,0.0,0.0,0.0,0.0,0.0,0.0,0.0,0.0,0.0,0.0,0.0,0.0,0.0,0.0
GQM,0.0,0.0,0.0,0.0,0.0,0.0,0.0,0.0,0.0,0.0,0.0,0.0,0.0,0.0,0.0,0.0
GQN,0.0,0.0,0.0,0.0,0.0,0.0,0.0,0.0,0.0,0.0,0.0,0.0,0.0,0.0,0.0,0.0
GQP,0.5493061443340549,0.5493061443340549,0.8047189562170501,0.0,0.0,1.0986122886681098,0.6931471805599453,1.3862943611198906,0.9241962407465937,1.3862943611198906,2.4072786084294826,2.6923397483606233,0.46209812037329684,1.0986122886681098,2.3456533666635555,2.680392034232518
GQR,0.0,0.0,0.0,0.0,0.0,0.6931471805599453,0.6931471805599453,0.6931471805599453,0.0,0.0,0.0,0.9241962407465937,0.0,0.6931471805599453,0.6931471805599453,0.0
GQT,1.0986122886681098,0.8047189562170501,0.9729550745276566,0.0,1.0986122886681098,0.0,1.0750556815368328,0.0,0.40235947810852507,1.2070784343255752,0.46209812037329684,0.0,0.0,0.0,0.0,0.0
GQW,0.0,0.0,1.7102695723249906,0.0,0.0,2.9755600321910927,0.0,2.4572701292270467,1.8039084803498968,0.0,1.2042215989627998,0.0,0.0,0.0,0.0,2.1121058421869363
GQY,0.0,0.0,0.0,0.0,0.0,0.0,0.0,0.0,0.0,0.0,0.0,0.0,0.0,0.0,0.0,0.0
GRA,1.0986122886681098,0.0,0.6931471805599453,0.0,0.6931471805599453,0.0,0.0,1.0986122886681098,0.0,0.0,0.0,0.0,0.0,0.5493061443340549,0.0,0.6931471805599453
GRC,0.0,1.6094379124341003,1.782378464297002,0.0,0.8047189562170501,0.0,0.0,0.9241962407465937,1.0986122886681098,0.0,0.0,1.9459101490553132,1.297273432703542,1.0986122886681098,0.0,1.9459101490553132
GRD,0.0,0.5493061443340549,1.3862943611198906,0.6931471805599453,1.2070784343255752,0.46209812037329684,0.8047189562170501,0.46209812037329684,0.8047189562170501,0.6931471805599453,1.0986122886681098,1.0986122886681098,0.40235947810852507,0.5493061443340549,0.5493061443340549,0.6931471805599453
GRE,0.6931471805599453,0.5493061443340549,0.6931471805599453,0.6931471805599453,0.5493061443340549,0.0,0.0,0.5493061443340549,0.5493061443340549,0.0,0.0,0.0,0.6931471805599453,0.0,0.0,1.2070784343255752
GRF,0.0,0.0,0.9591581091193483,0.0,0.22590060452618185,0.40235947810852507,0.716703787691222,0.5493061443340549,1.1882523095313346,0.0,1.624035279763236,1.1295030226309093,0.0,1.0750556815368328,0.7193685818395111,0.9241962407465937
GRG,2.9155479968499836,3.2188758248682006,1.6357994328702448,0.891189232148501,2.4141568686511503,1.5813042316832728,2.9320667083294443,1.4853153869141684,1.8527920366854067,2.718795576433081,0.5941261547656673,1.355403627157091,1.297273432703542,0.40235947810852507,1.770758340035135,0.40235947810852507
GRI,0.6931471805599453,0.46209812037329684,0.0,1.0986122886681098,0.0,0.6931471805599453,0.0,0.5493061443340549,1.0986122886681098,0.6931471805599453,0.0,0.0,0.0,0.0,1.3862943611198906,1.3862943611198906
GRL,0.0,0.0,0.0,0.0,0.0,0.0,0.0,0.0,0.0,0.0,0.0,0.0,0.0,0.0,0.0,0.0
GRP,0.0,0.6931471805599453,0.0,0.6931471805599453,0.6931471805599453,0.0,0.6931471805599453,1.0986122886681098,0.6931471805599453,1.0986122886681098,0.6931471805599453,0.0,0.0,0.0,1.6094379124341003,1.0986122886681098
GRQ,0.0,0.0,0.0,0.0,0.0,0.0,0.0,0.0,0.0,0.0,0.0,0.0,0.0,0.0,0.0,0.0
GRR,2.030044099704045,1.0750556815368328,1.1882523095313346,1.6635532333438687,1.1605929433295186,0.27465307216702745,0.40235947810852507,1.2792139405522478,1.0986122886681098,1.1989476363991853,0.0,0.358351893845611,1.8270396897336403,1.8270396897336403,0.5493061443340549,1.3732653608351373
GRS,0.0,0.9241962407465937,0.6931471805599453,0.6931471805599453,0.9241962407465937,1.0986122886681098,1.433407575382444,1.0986122886681098,0.9241962407465937,0.0,0.6931471805599453,0.9241962407465937,0.0,1.0986122886681098,1.297273432703542,0.5493061443340549
GRT,0.0,0.0,0.0,0.0,0.0,0.0,0.0,0.0,0.0,0.0,0.0,0.0,0.0,0.0,0.0,0.0
GRV,0.0,0.648636716351771,0.0,0.0,0.8047189562170501,0.5493061443340549,0.0,0.46209812037329684,0.5493061443340549,0.0,0.10456906063204158,0.44157749333690227,0.0,0.358351893845611,0.5212954460834371,0.0
GRW,0.0,0.0,0.0,0.0,0.0,0.0,0.0,0.0,0.0,0.0,0.0,0.0,0.0,0.0,0.0,0.0
GSA,0.0,0.6931471805599453,0.0,0.0,0.0,1.0986122886681098,0.6931471805599453,0.5493061443340549,0.0,0.0,0.0,0.5493061443340549,0.0,0.46209812037329684,0.0,0.6931471805599453
GSC,1.0986122886681098,0.0,1.0986122886681098,0.0,0.0,0.0,0.0,0.0,0.716703787691222,0.0,0.0,0.0,0.0,0.0,0.0,0.0
GSD,0.0,0.0,0.0,0.0,0.0,0.0,0.0,0.0,0.0,0.0,0.4857696938229611,2.461392187650023,0.0,0.0,0.8549831191538455,2.2800370426149756
GSE,0.0,0.6931471805599453,0.6931471805599453,0.6931471805599453,0.6931471805599453,0.0,0.0,0.6931471805599453,0.46209812037329684,0.6931471805599453,0.0,0.0,0.0,0.0,0.0,0.0
GSF,0.6931471805599453,0.6931471805599453,0.9241962407465937,0.0,0.0,0.6931471805599453,0.0,1.0986122886681098,1.2070784343255752,0.6931471805599453,1.0986122886681098,0.6931471805599453,0.0,1.0986122886681098,0.6931471805599453,0.0
GSG,1.6094379124341003,0.0,1.1882523095313346,1.709966238307691,0.6931471805599453,1.297273432703542,0.29706307738283366,0.40235947810852507,1.068728898942307,1.0986122886681098,0.812017639881618,2.033231729642506,1.433407575382444,0.9241962407465937,1.740889414994278,1.023371152441798
GSH,0.0,0.8047189562170501,1.0986122886681098,0.0,0.9241962407465937,0.0,0.0,0.0,0.5493061443340549,0.0,0.0,0.648636716351771,0.0,0.0,0.0,0.0
GSI,0.0,0.0,0.0,0.0,0.0,0.0,0.0,0.0,0.0,0.0,0.0,0.0,0.0,0.0,0.0,0.0
GSK,0.0,0.0,0.0,0.0,0.0,0.0,0.0,0.0,0.0,0.0,0.0,0.0,0.0,0.0,0.0,0.0
GSL,0.0,0.4518012090523637,0.0,0.0,0.0,0.9241962407465937,1.0986122886681098,0.0,0.23978952727983707,0.0,0.0,0.23978952727983707,0.0,0.6931471805599453,0.0,0.5493061443340549
GSN,0.0,1.6215917908794277,0.8853791700175675,1.433407575382444,1.297273432703542,2.0794415416798357,0.0,0.40235947810852507,1.1295030226309093,1.433407575382444,1.709966238307691,1.5350567286626973,1.2070784343255752,0.716703787691222,1.9183162182386966,1.0986122886681098
GSP,0.0,2.5649493574615367,0.0,1.0986122886681098,0.0,3.859912388112229,0.5545177444479562,0.0,0.3868643144431728,2.033105440735637,3.233614227413794,0.0,2.6390573296152584,1.1901530767807735,1.3862943611198906,0.47957905455967414
GSQ,0.0,1.0986122886681098,0.0,0.358351893845611,0.5941261547656673,1.0750556815368328,1.2070784343255752,0.716703787691222,0.3243183581758855,0.5941261547656673,0.9241962407465937,0.9729550745276566,0.0,0.0,1.2070784343255752,0.5493061443340549
GSR,0.0,0.3243183581758855,1.6635532333438687,0.0,1.6785266909588594,0.812017639881618,0.0,1.791759469228055,0.21374577978846138,1.6357994328702448,0.0,1.9459101490553132,0.0,1.9459101490553132,1.87024054922693,0.0
GSS,0.0,0.40235947810852507,0.46209812037329684,0.0,0.5493061443340549,1.0986122886681098,0.716703787691222,0.0,0.0,0.648636716351771,1.2070784343255752,2.0794415416798357,1.0986122886681098,0.5493061443340549,1.3732653608351373,1.0986122886681098
GST,3.127772676500623,2.861656003737622,0.3243183581758855,0.0,2.2078874666845114,1.0986122886681098,2.8385445827418403,0.0,1.9789395845202251,0.0,0.47957905455967414,0.0,0.0,0.0,0.0,0.0
GSV,0.0,0.0,0.0,0.0,0.0,0.0,0.0,0.0,0.29706307738283366,0.0,0.5493061443340549,0.5941261547656673,0.0,0.0,0.9241962407465937,0.0
GSW,1.782378464297002,0.0,1.433407575382444,0.0,0.0,0.0,0.0,0.0,1.433407575382444,0.0,0.0,0.0,0.0,0.0,0.0,0.0
GSY,0.0,0.0,0.0,0.0,0.0,0.0,0.0,0.0,0.0,0.0,0.0,0.0,0.0,0.0,0.0,0.0
GTD,0.0,0.0,0.648636716351771,0.0,0.3243183581758855,0.0,0.0,0.0,0.0,0.3243183581758855,0.5493061443340549,0.0,0.0,0.0,0.0,0.0
GTE,0.0,0.0,0.0,0.0,0.0,0.0,0.0,0.0,0.0,0.0,0.6931471805599453,1.0986122886681098,0.0,0.6931471805599453,0.6931471805599453,0.0
GTF,0.0,0.0,0.0,0.0,0.0,0.0,0.0,0.0,0.0,0.0,0.6931471805599453,0.5493061443340549,0.0,0.0,0.6931471805599453,0.0
GTG,0.5493061443340549,0.40235947810852507,0.358351893845611,0.9241962407465937,0.29706307738283366,0.0,0.40235947810852507,0.0,0.8047189562170501,0.0,0.0,0.0,0.0,0.0,0.46209812037329684,1.0986122886681098
GTH,0.0,0.8047189562170501,0.0,0.6931471805599453,0.5493061443340549,0.6931471805599453,0.6931471805599453,0.0,0.0,0.0,0.9241962407465937,0.6931471805599453,0.6931471805599453,0.0,0.0,0.0
GTI,0.0,0.0,0.0,0.0,0.0,0.0,0.0,0.0,0.0,0.0,0.0,0.0,0.0,0.0,0.0,0.0
GTK,2.1459172165788,0.0,2.9320667083294443,0.29706307738283366,0.0,1.6605389135749045,2.9155479968499836,2.4038489485082053,1.4962204585192298,0.0,3.7511182450078286,0.358351893845611,0.0,2.8671249534589043,0.25352591276956377,1.8717802382835576
GTL,0.511685576220899,0.2558427881104495,0.8047189562170501,0.0,0.40235947810852507,1.6479184330021646,0.29706307738283366,0.5493061443340549,0.29706307738283366,0.46209812037329684,1.9183162182386966,0.0,0.0,0.358351893845611,0.0,0.40235947810852507
GTN,0.0,0.0,0.0,0.0,0.0,0.0,0.0,0.0,0.0,0.0,0.0,0.0,0.0,0.0,0.0,0.0
GTP,0.0,0.0,0.0,0.0,0.0,0.0,0.0,0.0,0.0,0.0,0.0,0.0,0.0,0.0,0.0,0.0
GTQ,0.0,0.0,0.0,0.0,0.0,0.6931471805599453,0.0,0.5493061443340549,0.0,0.0,0.9241962407465937,0.9241962407465937,0.0,0.5493061443340549,0.9241962407465937,1.0986122886681098
GTR,0.8239592165010823,1.6094379124341003,1.023371152441798,0.716703787691222,0.0,0.0,0.8047189562170501,1.3862943611198906,1.5813042316832728,0.648636716351771,1.433407575382444,1.433407575382444,1.0986122886681098,1.2070784343255752,1.1882523095313346,0.9241962407465937
GTS,0.0,0.0,0.0,0.0,0.0,0.0,0.0,0.0,0.0,0.0,0.0,0.0,0.0,0.0,0.0,0.0
GTT,0.0,0.0,0.0,0.0,0.0,0.0,0.0,0.0,0.0,0.0,0.8239592165010823,1.297273432703542,0.0,0.0,0.891189232148501,0.8047189562170501
GTV,0.0,0.0,0.0,0.0,0.0,0.0,0.0,0.0,0.0,0.0,0.0,0.0,0.0,0.0,0.0,0.0
GTY,0.0,0.0,0.0,0.0,0.0,0.0,0.0,0.0,0.0,0.0,0.0,0.0,0.0,0.0,0.0,0.0
GVA,0.0,1.3732653608351373,0.5493061443340549,0.0,1.4853153869141684,1.0750556815368328,0.0,0.6931471805599453,0.0,0.0,0.27465307216702745,0.0,0.0,1.2070784343255752,0.0,0.0
GVC,0.0,0.0,0.0,0.0,0.0,0.0,0.0,0.0,0.0,0.0,0.0,0.0,0.0,0.0,0.0,0.0
GVE,1.6785266909588594,1.023371152441798,1.9183162182386966,1.1882523095313346,1.023371152441798,1.3862943611198906,0.9671607861079322,0.6931471805599453,1.1989476363991853,1.4387371636790223,0.8549831191538455,0.0,1.0986122886681098,0.6931471805599453,1.1882523095313346,0.46209812037329684
GVF,0.0,0.0,0.0,0.0,0.0,0.0,0.6931471805599453,0.0,0.0,0.0,0.6931471805599453,0.0,0.0,0.0,0.0,0.0
GVG,0.0,0.9241962407465937,0.9241962407465937,0.0,0.9241962407465937,0.0,0.9241962407465937,0.0,0.9241962407465937,1.0986122886681098,0.0,0.0,0.0,0.0,0.0,0.0
GVH,0.0,0.0,0.0,0.0,0.0,0.0,0.0,0.0,0.0,0.0,0.0,0.0,0.0,0.0,0.0,0.0
GVI,0.0,0.0,0.0,1.0986122886681098,0.0,0.0,0.0,0.6931471805599453,0.5493061443340549,0.0,0.0,0.0,0.0,0.46209812037329684,0.6931471805599453,1.0986122886681098
GVK,0.0,0.6931471805599453,0.0,0.0,0.0,0.0,0.6931471805599453,0.0,0.0,0.0,0.0,0.6931471805599453,0.0,0.0,0.0,0.6931471805599453
GVL,0.0,0.0,0.0,0.0,0.0,0.0,0.0,0.0,0.0,0.0,0.0,0.0,0.0,0.0,0.0,0.0
GVM,0.0,0.0,1.297273432703542,1.9183162182386966,0.46209812037329684,0.7675283643313486,0.0,0.9241962407465937,1.5350567286626973,0.46209812037329684,1.1989476363991853,1.9459101490553132,1.1882523095313346,1.433407575382444,0.8239592165010823,1.6094379124341003
GVP,0.0,0.3243183581758855,0.9241962407465937,0.716703787691222,0.3243183581758855,0.29706307738283366,0.6090132299112135,0.0,0.27465307216702745,0.358351893845611,0.46209812037329684,0.2558427881104495,0.0,0.358351893845611,0.0,1.2070784343255752
GVQ,0.8047189562170501,0.0,0.0,0.0,0.0,0.0,0.0,0.0,0.0,1.0986122886681098,0.716703787691222,0.0,0.0,0.0,0.0,0.0
GVS,0.0,0.6931471805599453,0.46209812037329684,0.0,0.716703787691222,0.0,0.5493061443340549,0.5493061443340549,0.0,0.9241962407465937,0.6931471805599453,1.0986122886681098,0.0,0.5493061443340549,1.6094379124341003,0.0
GVT,1.0986122886681098,0.0,0.9241962407465937,0.6931471805599453,1.0986122886681098,1.2070784343255752,0.40235947810852507,0.0,0.0,1.2070784343255752,1.3862943611198906,0.8047189562170501,0.6931471805599453,0.9241962407465937,0.5493061443340549,0.0
GVV,0.0,0.0,0.0,0.0,0.0,0.0,0.0,0.0,0.0,0.0,0.0,0.0,0.0,0.0,0.0,0.0
GVW,0.0,0.0,0.0,0.0,0.0,0.0,0.0,0.0,0.0,0.0,0.0,0.0,0.0,0.0,0.0,0.0
GVY,0.0,0.0,0.0,0.0,0.0,0.0,0.0,0.0,0.0,0.0,0.0,0.0,0.0,0.0,0.0,0.0
GWD,0.0,0.0,0.0,0.0,0.0,0.0,0.0,0.0,0.0,0.0,0.0,0.0,0.0,0.0,0.0,0.0
GWE,0.0,0.0,0.0,0.0,0.0,0.0,0.0,0.0,0.0,0.0,0.0,0.0,0.0,0.0,0.0,0.0
GWG,0.0,0.0,0.0,0.0,0.5493061443340549,0.6931471805599453,0.0,0.0,0.5493061443340549,0.0,1.4042458549171983,2.459252969409291,0.0,0.0,1.619117475568642,2.5654043584874864
GWI,0.0,0.0,0.6931471805599453,0.0,0.0,0.0,0.0,0.0,0.0,0.0,0.5493061443340549,0.8047189562170501,1.0986122886681098,0.0,0.0,0.6931471805599453
GWK,0.0,2.6390573296152584,0.0,2.033105440735637,0.0,2.7886881807047175,0.44157749333690227,0.0,0.8047189562170501,1.5936825060316215,2.612006021136812,0.0,2.4790616760491893,1.5474572577726913,0.6412373393653842,0.6090132299112135
GWL,0.0,1.922571505169192,2.8903717578961645,1.3862943611198906,1.8072048362094548,1.9459101490553132,1.3862943611198906,0.0,2.2590060452618186,1.0986122886681098,0.0,1.791759469228055,1.791759469228055,1.791759469228055,0.0,1.791759469228055
GWN,0.0,0.0,0.0,0.0,0.0,0.0,0.0,0.0,0.0,0.0,0.0,0.6931471805599453,0.0,0.0,0.0,0.6931471805599453
GYA,0.0,0.0,0.0,0.0,0.0,0.0,0.0,0.0,0.0,0.0,0.0,0.0,0.0,0.0,0.0,0.0
GYC,0.0,0.0,0.0,0.0,0.0,0.0,0.0,0.0,0.0,0.0,0.0,0.0,0.0,0.0,0.0,0.0
GYD,0.0,0.0,0.0,0.0,0.0,0.0,0.0,0.0,0.0,0.0,0.0,0.0,0.0,0.0,0.0,0.0
GYE,0.0,0.0,0.0,0.0,0.0,4.293408882890131,0.0,0.0,0.47957905455967414,1.3862943611198906,4.200790633681543,0.0,0.0,0.0,0.0,0.0
GYF,0.0,1.0986122886681098,0.0,0.5493061443340549,0.9241962407465937,0.0,0.0,0.6931471805599453,0.6931471805599453,0.9241962407465937,0.46209812037329684,0.0,0.0,0.6931471805599453,0.6931471805599453,0.6931471805599453
GYG,0.0,0.0,0.0,0.0,0.0,0.0,0.0,0.0,0.0,0.0,0.0,0.0,0.0,0.0,0.0,0.0
GYI,0.0,0.0,0.6931471805599453,0.5493061443340549,0.5493061443340549,0.0,0.6931471805599453,0.0,1.0986122886681098,0.0,0.0,0.6931471805599453,0.0,0.6931471805599453,1.0986122886681098,0.6931471805599453
GYK,0.8549831191538455,0.0,1.1882523095313346,0.0,0.0,0.0,0.0,0.0,1.782378464297002,0.0,0.0,0.854875278694827,0.5493061443340549,0.0,1.4719249777896741,0.0
GYL,0.0,0.0,0.0,0.0,0.6931471805599453,0.9241962407465937,0.5493061443340549,1.0986122886681098,0.0,0.0,0.0,0.0,0.0,1.2070784343255752,0.0,0.6931471805599453
GYM,0.0,0.6931471805599453,0.0,0.6931471805599453,0.6931471805599453,0.0,0.6931471805599453,0.0,0.0,0.0,1.0986122886681098,0.6931471805599453,0.0,0.0,0.0,0.0
GYN,0.0,0.9241962407465937,0.0,0.0,1.0986122886681098,0.0,1.0986122886681098,0.0,0.0,0.9241962407465937,0.0,0.0,0.0,0.0,0.0,0.0
GYP,1.0986122886681098,0.0,0.0,0.0,0.0,0.0,0.0,0.0,0.0,0.0,0.0,0.0,0.0,0.0,0.0,0.0
GYQ,0.0,0.716703787691222,0.0,0.0,0.8047189562170501,0.0,0.716703787691222,0.0,0.0,1.0986122886681098,1.297273432703542,0.0,0.0,0.0,0.0,0.0
GYR,2.8671249534589043,3.3539379704513483,1.1605929433295186,0.0,3.0847559988320254,1.6635532333438687,2.9761222438871267,1.9459101490553132,1.8776775645064505,3.2416408795932887,0.511685576220899,1.1090354888959124,0.5493061443340549,0.0,2.4790616760491893,0.9729550745276566
GYS,0.0,0.0,0.0,0.0,0.0,0.0,0.0,0.0,0.0,0.0,0.0,0.0,0.0,0.0,0.0,0.0
GYT,0.0,1.3862943611198906,0.5493061443340549,0.0,0.46209812037329684,0.0,1.2070784343255752,0.0,0.0,0.5493061443340549,1.0750556815368328,1.3732653608351373,1.0986122886681098,0.46209812037329684,0.9241962407465937,1.2070784343255752
GYV,0.0,0.0,0.0,0.5493061443340549,0.0,0.0,0.0,0.0,0.0,0.0,0.0,0.0,0.6931471805599453,0.0,0.0,0.0
GYY,0.0,0.46209812037329684,0.0,0.9241962407465937,0.0,0.0,0.0,0.0,0.891189232148501,0.0,0.0,0.0,0.0,0.0,0.0,1.0986122886681098
HAH,0.9241962407465937,0.0,0.0,0.0,0.0,0.0,0.0,0.0,0.6931471805599453,0.6931471805599453,0.6931471805599453,0.0,0.0,0.0,0.6931471805599453,0.6931471805599453
HAI,0.0,0.0,0.0,0.0,0.0,0.0,0.0,0.0,0.0,0.0,0.0,0.0,0.0,0.0,0.0,0.0
HAK,0.5493061443340549,0.0,0.6931471805599453,0.0,1.0986122886681098,0.8047189562170501,0.0,0.0,0.0,0.0,0.0,0.0,0.0,0.0,0.0,0.0
HAL,0.0,0.0,0.0,0.0,0.0,0.0,0.0,0.0,0.0,0.0,0.0,0.0,0.0,0.0,0.0,0.0
HAM,0.0,0.0,0.0,0.0,0.0,0.0,0.0,0.0,0.0,0.0,0.0,0.0,0.0,0.0,0.0,0.0
HAN,0.0,0.40235947810852507,0.5493061443340549,0.0,0.0,1.433407575382444,0.0,0.9241962407465937,0.6931471805599453,0.5941261547656673,1.433407575382444,1.1882523095313346,0.0,0.9241962407465937,1.297273432703542,0.0
HAP,0.0,0.0,0.0,0.0,0.0,0.0,0.0,0.0,0.0,0.0,0.0,0.0,0.0,0.0,0.0,0.0
HAR,0.0,0.0,0.0,0.6931471805599453,0.0,0.0,0.6931471805599453,0.0,0.0,0.0,0.0,1.0986122886681098,0.0,0.5493061443340549,0.6931471805599453,0.6931471805599453
HAS,1.0986122886681098,0.6931471805599453,1.6094379124341003,1.3862943611198906,1.0986122886681098,0.8047189562170501,0.0,0.0,1.3862943611198906,0.0,0.46209812037329684,1.0986122886681098,1.6094379124341003,0.0,0.6931471805599453,0.0
HAV,0.0,0.0,0.0,0.0,0.0,0.0,0.0,0.0,0.0,0.0,0.0,0.0,0.0,0.0,0.0,0.0
HAY,0.0,0.9241962407465937,0.0,0.0,0.5493061443340549,0.0,0.0,0.0,0.5493061443340549,0.0,0.0,0.0,0.0,0.0,0.0,0.0
HCE,0.0,0.0,0.0,0.0,0.0,0.0,0.0,0.0,0.0,0.0,0.0,0.0,0.0,0.0,0.0,0.0
HCF,0.0,0.0,0.0,0.0,0.0,0.0,0.0,0.0,0.0,0.0,0.0,0.0,0.0,0.0,0.0,0.0
HCI,0.0,0.0,0.0,0.0,0.6931471805599453,0.6931471805599453,0.0,0.0,0.0,0.0,0.0,0.0,0.0,0.0,0.0,0.0
HCL,0.0,0.5493061443340549,0.716703787691222,0.9241962407465937,0.9241962407465937,0.8047189562170501,0.0,0.5493061443340549,0.0,0.5941261547656673,0.0,0.6555951677749651,1.6215917908794277,0.0,0.0,0.6777018135785455
HCP,0.0,0.0,0.0,0.0,0.0,0.0,0.0,0.0,0.0,0.0,0.0,0.0,0.0,0.0,0.0,0.0
HCQ,0.0,0.0,0.0,0.0,0.0,0.0,0.0,0.0,0.0,0.0,0.0,0.0,0.0,0.0,0.0,0.0
HCS,0.0,0.0,0.716703787691222,0.0,0.0,0.0,0.0,0.0,0.8047189562170501,1.0986122886681098,0.0,0.0,0.0,0.0,0.0,0.0
HCV,0.0,0.0,0.0,0.0,0.0,0.0,0.0,0.0,0.0,0.0,0.0,0.0,0.0,0.0,0.0,0.0
HCY,0.0,0.0,0.0,0.0,0.0,0.0,0.0,0.6931471805599453,0.0,0.0,0.0,0.0,0.0,0.0,0.0,0.0
HDD,0.0,0.0,0.0,0.0,0.0,0.0,0.0,0.0,0.0,0.0,0.0,0.0,0.0,0.0,0.0,0.0
HDF,0.0,0.0,0.0,0.0,0.0,0.0,0.0,0.0,0.0,0.0,0.0,0.0,0.0,0.0,0.0,0.0
HDG,0.0,0.9241962407465937,0.8047189562170501,0.0,1.2070784343255752,0.0,0.9241962407465937,0.0,0.6931471805599453,0.7675283643313486,1.0986122886681098,1.297273432703542,0.0,0.0,0.9241962407465937,0.0
HDI,0.0,0.5493061443340549,0.0,0.6931471805599453,0.0,0.0,0.0,0.5493061443340549,0.5493061443340549,0.6931471805599453,0.0,0.0,0.5493061443340549,0.0,0.6931471805599453,0.0
HDW,0.6931471805599453,0.0,0.5493061443340549,0.0,0.6931471805599453,0.0,0.0,0.0,0.6931471805599453,1.0986122886681098,1.1295030226309093,0.0,0.0,0.0,0.0,0.0
HEA,0.0,0.6931471805599453,0.6931471805599453,0.0,0.0,0.6931471805599453,0.0,0.6931471805599453,0.0,0.6931471805599453,0.5493061443340549,0.6931471805599453,0.0,0.6931471805599453,0.6931471805599453,0.0
HEG,0.0,0.6931471805599453,0.0,0.0,0.5493061443340549,0.5493061443340549,0.0,0.0,0.0,0.0,0.0,0.0,0.0,0.6931471805599453,0.0,0.0
HEK,0.0,0.0,0.0,0.0,0.0,0.0,0.0,0.0,0.0,0.0,0.0,0.0,0.0,0.0,0.0,0.0
HEL,0.0,0.0,0.0,0.0,0.0,0.0,0.0,0.0,0.0,0.0,0.0,0.0,0.0,0.0,0.0,0.0
HER,0.0,0.0,0.0,0.0,0.46209812037329684,0.6931471805599453,0.0,0.0,0.0,0.0,0.0,0.0,0.0,0.0,0.0,0.0
HEV,1.0986122886681098,1.0986122886681098,1.0986122886681098,0.9241962407465937,1.0986122886681098,0.0,1.0986122886681098,0.0,0.0,0.9241962407465937,0.0,0.0,1.0986122886681098,0.0,0.0,0.0
HFE,0.5493061443340549,0.0,0.5493061443340549,0.0,0.0,0.0,0.0,0.0,0.6931471805599453,0.0,0.0,0.0,0.0,0.0,0.0,0.0
HFG,0.0,0.0,0.0,0.0,0.0,0.0,0.0,0.0,0.0,0.0,0.0,0.0,0.0,0.0,0.0,0.0
HFK,0.0,0.0,0.0,0.0,0.0,0.0,0.0,0.0,0.0,0.0,0.0,0.0,0.0,0.0,0.0,0.0
HFL,0.0,0.0,0.0,0.0,0.0,0.0,0.0,0.0,0.0,0.0,0.0,0.0,0.0,0.0,0.0,0.0
HFQ,0.0,0.0,0.0,0.0,0.0,0.0,0.0,0.0,0.0,0.0,0.0,0.0,0.0,0.0,0.0,0.0
HFT,0.0,0.0,0.0,0.0,0.0,0.0,0.0,0.0,0.0,0.0,0.0,0.0,0.0,0.0,0.0,0.0
HGA,0.0,0.0,0.0,0.0,0.0,0.0,0.0,0.0,0.0,0.0,0.0,0.0,0.0,0.0,0.0,0.0
HGF,0.6931471805599453,0.6931471805599453,0.5493061443340549,0.6931471805599453,0.5493061443340549,0.5493061443340549,0.5493061443340549,0.0,1.3862943611198906,0.0,0.6931471805599453,0.0,0.0,0.0,0.6931471805599453,0.5493061443340549
HGG,1.3862943611198906,0.6931471805599453,0.6931471805599453,0.0,0.0,0.0,0.0,0.5493061443340549,0.0,0.0,1.0986122886681098,0.9241962407465937,0.6931471805599453,0.0,1.0986122886681098,0.5493061443340549
HGH,0.0,0.6931471805599453,0.0,0.0,0.0,0.0,0.0,0.0,0.0,0.0,0.0,0.0,0.6931471805599453,0.0,0.0,0.0
HGI,0.0,0.0,0.0,0.0,0.0,0.0,0.0,0.0,0.0,0.0,0.0,0.0,0.0,0.0,0.0,0.0
HGK,0.0,0.0,1.0750556815368328,1.2070784343255752,0.46209812037329684,0.46209812037329684,0.8047189562170501,0.0,0.8047189562170501,0.0,0.8047189562170501,1.2070784343255752,1.3862943611198906,0.46209812037329684,0.6931471805599453,0.0
HGL,0.0,1.0986122886681098,0.5493061443340549,0.0,0.0,0.0,0.0,0.0,0.0,0.0,0.0,1.0986122886681098,1.3862943611198906,0.0,0.0,1.0986122886681098
HGM,0.6931471805599453,0.5493061443340549,0.0,0.0,0.6931471805599453,0.6931471805599453,0.0,0.0,0.0,0.0,0.0,0.0,0.0,0.0,0.0,0.0
HGN,0.0,0.0,0.0,0.0,0.0,0.0,0.0,0.0,0.0,0.0,0.0,0.0,0.0,0.0,0.0,0.0
HGP,0.0,0.0,0.0,0.0,0.0,0.0,0.0,0.0,0.0,0.0,0.0,0.0,0.0,0.0,0.0,0.0
HGQ,0.0,0.0,0.0,0.0,0.0,0.0,0.0,0.0,0.0,0.0,0.0,0.0,0.0,0.0,0.0,0.0
HGT,0.0,0.0,0.6931471805599453,0.0,0.0,0.0,0.0,0.0,0.0,0.0,1.0986122886681098,0.0,0.0,0.0,0.0,0.0
HGV,0.0,0.0,0.0,0.0,0.0,0.0,0.6931471805599453,0.0,0.0,0.0,0.0928393016676077,0.0,0.0,0.0,0.0,0.0
HGY,0.0,1.0986122886681098,0.0,0.6931471805599453,0.6931471805599453,0.6931471805599453,0.6931471805599453,0.0,0.0,0.0,1.0986122886681098,0.6931471805599453,0.6931471805599453,0.0,0.0,0.0
HHK,0.0,0.6931471805599453,0.0,0.0,0.0,0.0,0.5493061443340549,0.0,0.0,0.0,0.0,0.0,0.0,0.0,0.0,0.0
HHN,0.0,0.0,0.0,0.6931471805599453,0.0,0.0,0.0,0.6931471805599453,0.0,0.5493061443340549,0.0,0.0,0.5493061443340549,0.0,0.6931471805599453,0.0
HHQ,0.0,0.0,0.0,0.0,0.6931471805599453,0.5493061443340549,0.0,0.0,0.0,0.0,0.0,0.0,0.0,0.0,0.0,0.0
HHT,0.0,0.0,0.0,0.0,0.0,0.0,0.0,0.0,0.0,0.0,0.0,0.0,0.0,0.0,0.0,0.0
HIC,0.0,0.0,0.0,0.0,0.0,0.0,0.0,0.0,0.0,0.0,0.0,0.0,0.0,0.0,0.0,0.0
HIE,0.0,0.0,0.0,0.0,0.0,0.0,0.0,0.0,0.0,0.0,0.0,0.0,0.0,0.0,0.0,0.0
HIG,0.46209812037329684,0.0,0.5493061443340549,0.9241962407465937,0.716703787691222,0.5493061443340549,0.358351893845611,0.0,0.9241962407465937,0.0,0.0,0.0,0.0,0.358351893845611,0.0,0.9241962407465937
HII,0.0,0.0,0.0,0.0,0.0,0.0,0.0,0.0,0.0,0.0,0.0,0.0,0.0,0.0,0.0,0.0
HIK,0.0,0.0,0.40235947810852507,1.2070784343255752,0.6931471805599453,0.0,0.0,0.0,0.358351893845611,0.0,0.0,0.46209812037329684,0.6931471805599453,0.0,0.9241962407465937,0.9241962407465937
HIM,0.0,0.0,0.0,0.0,0.0,0.0,0.0,0.0,0.0,0.0,0.0,0.0,0.0,0.0,0.0,0.0
HIP,0.0,0.0,0.0,0.0,0.0,0.0,0.0,0.0,0.0,0.0,0.0,0.0,0.0,0.0,0.0,0.0
HIQ,0.0,0.0,0.0,0.0,0.0,0.0,0.0,0.0,0.0,0.0,0.6931471805599453,1.0986122886681098,0.0,0.0,1.0986122886681098,0.0
HIT,0.0,0.0,0.0,0.0,0.0,0.0,0.0,0.0,0.0,0.0,0.0,0.0,0.0,0.0,0.0,0.0
HIV,0.0,0.0,0.0,0.0,0.0,0.0,0.0,0.0,0.0,0.0,0.0,0.0,0.0,0.0,0.0,0.0
HIW,0.0,0.0,0.0,0.0,0.0,0.0,0.0,1.0986122886681098,0.0,0.0,0.0,0.0,0.0,1.0986122886681098,0.0,0.6931471805599453
HKC,0.0,0.46209812037329684,0.0,0.0,0.0,0.0,0.6931471805599453,0.0,0.5493061443340549,0.0,0.6931471805599453,0.0,0.0,0.0,0.0,0.0
HKG,0.0,0.42749155957692275,0.0,0.0,0.511685576220899,0.22590060452618185,0.0,1.4853153869141684,0.5493061443340549,0.0,0.27465307216702745,0.0,0.0,0.6931471805599453,2.518257283289107,3.8501476017100584
HKM,0.0,0.0,0.0,0.0,0.0,0.0,0.0,0.0,0.0,0.0,0.0,0.0,0.0,0.0,0.0,0.0
HKP,0.0,0.0,0.0,0.0,0.0,0.0,0.0,0.0,0.0,0.0,0.0,0.0,0.0,0.0,0.0,0.0
HKQ,0.0,0.0,0.40235947810852507,0.0,0.0,0.0,0.0,0.0,0.0,0.0,0.6931471805599453,0.0,0.0,0.0,0.0,0.0
HKR,0.0,0.0,0.0,0.0,0.0,0.0,0.0,0.0,0.0,0.0,0.0,0.6931471805599453,0.0,0.0,1.0986122886681098,0.0
HKY,0.5493061443340549,0.6931471805599453,0.0,0.0,0.5493061443340549,0.6931471805599453,0.0,0.6931471805599453,0.6931471805599453,0.0,0.5493061443340549,0.6931471805599453,0.0,1.0986122886681098,0.0,0.0
HLA,0.0,0.0,0.0,0.0,0.0,0.0,0.0,0.0,0.0,0.0,0.0,0.0,0.0,0.0,0.0,0.0
HLD,0.6931471805599453,0.0,0.5493061443340549,0.0,0.0,0.46209812037329684,0.5493061443340549,0.0,0.0,0.0,0.0,0.6931471805599453,0.0,0.5493061443340549,0.0,0.0
HLG,0.0,0.0,0.0,0.0,0.0,0.0,0.0,0.0,0.0,0.0,0.0,0.0,0.0,0.0,0.0,0.0
HLH,0.6931471805599453,0.0,0.0,0.0,0.0,0.0,0.0,0.0,0.6931471805599453,0.0,0.0,0.0,0.0,0.0,0.6931471805599453,0.0
HLI,0.0,0.0,0.0,0.0,0.0,0.0,0.9241962407465937,0.0,0.0,0.0,0.0,0.511685576220899,0.8047189562170501,0.0,0.0,0.716703787691222
HLK,0.0,0.0,1.4853153869141684,0.0,1.6215917908794277,0.0,1.6215917908794277,0.0,0.0,1.791759469228055,0.0,0.0,0.0,0.0,0.0,0.0
HLL,0.358351893845611,0.406008819940809,0.2558427881104495,0.358351893845611,0.27465307216702745,0.0,0.47957905455967414,0.0,0.6543197731480977,0.2558427881104495,0.589878836712387,0.0,0.0,0.0,0.6777018135785455,0.0
HLP,0.0,0.0,0.0,0.0,0.0,0.0,0.0,0.0,0.0,0.0,0.0,0.0,0.0,0.0,0.0,0.0
HLQ,0.0,0.40235947810852507,2.1972245773362196,0.0,2.0794415416798357,0.0,0.0,0.0,0.6931471805599453,0.0,0.0,1.791759469228055,0.0,1.791759469228055,0.0,0.0
HLR,1.0986122886681098,1.3862943611198906,1.0986122886681098,0.6931471805599453,1.2070784343255752,0.6931471805599453,0.0,0.6931471805599453,0.9241962407465937,0.6931471805599453,1.0986122886681098,0.6931471805599453,0.6931471805599453,0.0,0.5493061443340549,1.2070784343255752
HLS,0.0,0.5493061443340549,0.0,0.0,0.0,0.0,0.6931471805599453,0.0,0.0,0.0,0.9241962407465937,0.0,0.6931471805599453,0.0,0.0,0.0
HLT,0.0,0.0,0.0,0.0,0.0,0.0,0.0,0.0,0.0,0.0,0.0,0.0,0.0,0.0,0.0,0.0
HLV,0.0,0.0,0.0,0.0,0.0,0.0,0.6931471805599453,0.0,0.0,0.0,0.0,1.0986122886681098,0.0,0.0,0.6931471805599453,0.0
HLY,0.0,0.0,0.0,0.0,0.0,0.0,0.0,0.0,0.0,0.0,0.0,0.0,0.0,0.0,0.0,0.0
HMH,0.0,0.0,0.0,0.0,0.0,0.0,0.0,0.0,0.0,0.0,0.0,0.0,0.0,0.0,0.0,0.0
HMV,0.0,0.0,0.6931471805599453,0.0,0.6931471805599453,0.0,0.0,0.0,0.0,0.6931471805599453,0.0,0.0,0.0,0.0,0.0,0.0
HNA,0.0,0.0,0.0,0.0,0.0,0.0,0.0,0.0,0.0,0.0,0.0,0.0,0.0,0.0,0.0,0.0
HNH,0.0,0.0,0.0,0.0,0.0,0.5493061443340549,0.0,0.5493061443340549,0.0,0.0,0.0,0.0,0.0,0.5493061443340549,0.0,0.0
HNI,0.0,0.0,0.0,0.0,0.0,0.0,0.0,0.0,0.0,0.0,0.0,0.0,0.0,0.0,0.0,0.0
HNK,1.433407575382444,0.0,0.6931471805599453,0.0,0.0,0.0,0.6931471805599453,0.0,0.6931471805599453,0.0,0.0,0.0,0.0,0.0,0.0,0.0
HNL,0.0,0.0,0.0,0.0,0.0,0.0,0.0,0.0,0.0,0.0,0.0,0.0,0.0,0.0,0.0,0.0
HNM,1.0986122886681098,0.0,1.782378464297002,0.0,0.0,0.0,0.0,0.0,1.6094379124341003,1.0986122886681098,0.0,0.0,0.0,0.0,0.0,0.0
HNN,0.0,0.0,0.0,0.0,0.0,0.0,0.0,0.0,0.0,0.0,0.0,0.0,0.0,0.0,0.0,0.0
HNQ,0.0,0.0,0.0,0.0,0.0,0.0,0.0,0.0,0.0,0.0,0.0,0.0,0.0,0.0,0.0,0.0
HNR,0.0,1.0986122886681098,1.6094379124341003,0.0,0.9241962407465937,2.5649493574615367,1.6094379124341003,1.6094379124341003,0.9241962407465937,2.1972245773362196,1.0986122886681098,0.0,1.0986122886681098,1.0986122886681098,1.0986122886681098,1.0986122886681098
HNT,0.0,0.0,0.0,0.0,0.0,0.0,0.0,0.0,0.0,0.0,0.0,0.0,0.0,0.0,0.0,0.0
HNV,0.0,0.6931471805599453,0.6931471805599453,0.0,1.0986122886681098,0.0,0.0,0.0,0.6931471805599453,0.5493061443340549,0.0,0.0,0.0,0.0,0.0,0.0
HNY,0.0,0.0,0.0,0.6931471805599453,0.0,0.0,0.0,0.5493061443340549,0.0,0.5493061443340549,0.0,0.0,0.6931471805599453,0.0,0.5493061443340549,0.0
HPA,0.0,0.0,0.0,0.0,0.0,4.389717260232888,0.0,0.0,0.406008819940809,1.0750556815368328,4.199759670325546,0.0,0.0,0.0,0.0,0.0
HPD,0.0,0.0,0.0,0.0,0.0,0.0,0.0,0.0,0.0,0.0,0.0,0.0,0.0,0.0,0.0,0.0
HPG,0.0,1.7908995167731467,2.4849066497880004,1.791759469228055,1.2070784343255752,1.9459101490553132,1.6785266909588594,0.0,2.351203577673075,0.9241962407465937,0.0,1.2792139405522478,1.791759469228055,0.0,0.0,1.791759469228055
HPI,0.0,0.0,0.0,0.0,0.0,0.6931471805599453,0.6931471805599453,0.0,0.0,0.0,0.6931471805599453,0.9241962407465937,0.0,0.0,1.3862943611198906,0.9241962407465937
HPK,0.5493061443340549,0.0,0.5493061443340549,0.0,0.0,0.0,0.0,0.0,0.9241962407465937,0.0,1.6635532333438687,0.0,0.0,0.0,0.0,0.0
HPL,0.0,0.0,0.0,0.0,0.0,0.0,0.0,0.0,0.0,0.0,0.0,0.0,0.0,0.0,0.0,0.0
HPN,0.0,0.0,0.0,1.0986122886681098,0.0,0.5493061443340549,0.0,0.6931471805599453,0.8047189562170501,0.0,0.0,0.0,0.0,1.0986122886681098,0.6931471805599453,1.0986122886681098
HPQ,1.3862943611198906,1.0986122886681098,0.5493061443340549,0.6931471805599453,0.0,0.0,0.0,1.433407575382444,0.9241962407465937,0.0,0.0,0.6931471805599453,0.9241962407465937,0.6931471805599453,0.6931471805599453,0.6931471805599453
HPR,1.9459101490553132,1.9459101490553132,2.046742304883596,0.0,1.791759469228055,1.0750556815368328,1.2070784343255752,0.0,0.8047189562170501,0.8047189562170501,3.0398775768545567,2.210284285450008,2.0794415416798357,0.46209812037329684,1.6479184330021646,1.0750556815368328
HPS,0.0,0.0,0.0,0.0,0.0,0.0,0.0,0.0,0.0,0.0,0.0,0.0,0.0,0.0,0.0,0.0
HPT,0.0,0.0,0.0,0.0,0.0,0.0,0.0,0.0,0.0,0.0,0.0,0.0,0.0,0.0,0.0,0.0
HPV,0.0,0.0,0.0,0.0,0.0,0.0,0.0,0.0,0.0,0.0,0.0,0.4691306733327111,0.0,0.0,0.26823965207235,0.4518012090523637
HQC,0.0,0.0,0.0,0.0,0.0,0.0,0.0,0.0,0.0,0.0,0.0,0.0,0.0,0.0,0.0,0.0
HQD,0.0,0.0,0.0,0.0,0.0,0.0,0.0,0.0,0.0,0.0,0.0,0.0,0.0,0.0,0.0,0.0
HQH,0.0,0.0,0.0,0.0,0.0,0.0,0.0,0.0,0.0,0.0,0.0,0.0,0.0,0.0,0.0,0.0
HQK,0.0,0.0,0.0,0.0,0.0,0.0,0.0,0.0,1.0986122886681098,1.2070784343255752,2.7064311512993546,0.0,0.0,0.0,0.0,0.0
HQM,0.0,0.0,0.0,0.0,0.0,0.0,0.0,0.0,0.0,0.0,0.0,0.0,0.0,0.0,0.0,0.0
HQT,0.0,0.0,0.0,0.0,0.6931471805599453,0.5493061443340549,0.0,0.0,0.0,0.0,0.0,0.0,0.0,0.0,0.0,0.0
HQV,0.0,0.0,0.0,0.0,0.0,0.0,0.0,0.0,0.0,0.0,0.0,0.0,0.0,0.0,0.0,0.0
HQY,0.0,0.46209812037329684,0.0,0.0,0.0,0.0,0.6931471805599453,0.0,0.358351893845611,0.0,0.6931471805599453,0.0,0.0,0.0,0.0,0.0
HRD,0.0,0.0,0.0,0.0,0.0,0.0,0.0,0.0,0.0,0.0,0.0,0.0,1.0986122886681098,0.0,0.0,1.0986122886681098
HRG,0.0,0.0,0.6931471805599453,0.0,0.0,0.0,0.0,0.6931471805599453,0.0,0.6931471805599453,0.5493061443340549,1.0986122886681098,0.0,0.0,1.3862943611198906,1.0986122886681098
HRI,0.0,0.6931471805599453,0.0,0.6931471805599453,0.0,0.0,0.6931471805599453,0.0,0.0,0.0,0.0,0.0,0.6931471805599453,0.0,0.0,0.0
HRK,0.0,0.0,0.6931471805599453,0.0,0.0,0.0,0.0,0.0,0.0,0.0,0.6931471805599453,0.0,0.0,0.0,0.0,0.0
HRL,0.0,0.0,0.0,0.0,0.0,0.6931471805599453,0.0,0.5493061443340549,0.0,0.0,0.0,0.0,0.0,0.5493061443340549,0.0,0.0
HRP,0.0,0.0,0.0,0.0,0.0,0.0,0.0,0.0,0.0,0.0,0.0,0.0,0.0,0.0,0.0,0.0
HRQ,0.6931471805599453,1.0986122886681098,0.0,0.8047189562170501,0.6931471805599453,0.0,0.0,0.6931471805599453,0.6931471805599453,0.6931471805599453,0.6931471805599453,0.5493061443340549,1.0986122886681098,0.0,0.9241962407465937,0.5493061443340549
HRR,0.46209812037329684,0.0,0.6931471805599453,0.6931471805599453,0.46209812037329684,1.0986122886681098,0.6931471805599453,0.6931471805599453,0.0,1.0986122886681098,0.0,0.6931471805599453,1.6094379124341003,0.0,0.0,0.9241962407465937
HRS,0.0,0.0,0.0,0.0,0.0,0.0,0.0,0.0,0.0,0.0,0.0,0.0,0.0,0.0,0.0,0.0
HRT,0.0,0.0,0.0,0.0,0.0,0.0,0.0,0.0,0.0,0.0,0.0,0.0,0.0,0.0,0.0,0.0
HRV,0.0,0.0,0.0,0.0,0.0,0.0,0.0,0.0,0.0,0.0,0.0,0.0,0.0,0.0,0.0,0.0
HRW,0.0,0.6931471805599453,0.0,0.0,0.0,0.0,0.0,0.6931471805599453,0.0,0.0,0.0,0.0,0.0,0.0,0.0,1.0986122886681098
HSD,0.0,0.0,0.0,0.0,0.0,0.0,0.0,0.0,0.0,0.0,0.0,0.0,0.0,0.0,0.0,0.0
HSG,0.0,0.0,0.0,0.0,0.0,0.0,0.9241962407465937,0.0,0.0,0.9241962407465937,0.6931471805599453,0.40235947810852507,0.0,0.46209812037329684,0.46209812037329684,0.6931471805599453
HSH,0.0,0.0,0.0,0.0,0.0,0.0,0.0,0.0,0.0,0.0,0.0,0.0,0.0,0.0,0.0,0.0
HSI,0.9241962407465937,0.0,0.0,0.0,0.0,0.0,0.0,0.0,0.0,0.0,0.5493061443340549,0.0,0.0,0.0,0.5493061443340549,0.0
HSL,0.9241962407465937,0.0,0.0,0.0,0.46209812037329684,0.0,0.0,0.0,0.5493061443340549,0.6931471805599453,0.5493061443340549,0.0,0.0,0.0,0.6931471805599453,0.6931471805599453
HSN,0.0,0.0,0.0,0.0,0.0,0.0,0.0,0.0,0.0,0.0,0.0,0.0,0.0,0.0,0.0,0.0
HSP,0.0,0.0,0.0,0.0,0.0,0.0,0.6931471805599453,0.0,0.0,0.0,1.0986122886681098,0.6931471805599453,0.0,0.0,0.0,0.0
HSR,0.0,0.0,0.0,0.5493061443340549,0.0,0.0,0.0,1.2070784343255752,0.6931471805599453,1.0750556815368328,4.343805421853684,3.8789752656175076,0.0,0.0,3.810740708566655,3.4657359027997265
HSS,0.6931471805599453,0.0,0.0,0.6931471805599453,0.0,0.0,0.0,0.5493061443340549,0.6931471805599453,0.0,0.0,0.0,0.0,0.8047189562170501,0.0,0.0
HST,0.0,0.0,0.0,0.0,0.0,0.0,0.0,0.0,0.0,0.0,0.0,0.0,0.0,0.0,0.0,0.0
HSV,0.9241962407465937,1.433407575382444,1.6094379124341003,0.9241962407465937,0.0,0.0,1.782378464297002,0.0,2.1581057455185335,0.716703787691222,2.033105440735637,1.2792139405522478,0.0,0.0,1.4387371636790223,1.6094379124341003
HTE,0.0,0.0,0.0,0.0,0.0,0.0,0.0,0.0,0.0,0.0,0.0,0.0,0.0,0.0,0.0,0.0
HTF,0.0,0.0,0.6931471805599453,0.0,0.0,0.6931471805599453,0.6931471805599453,0.0,0.0,0.5493061443340549,1.0750556815368328,0.9241962407465937,0.6931471805599453,0.0,0.0,1.0750556815368328
HTH,0.0,0.0,0.0,0.0,0.0,0.0,0.0,0.0,0.0,0.0,0.0,0.0,0.0,0.0,0.0,0.0
HTI,0.0,1.4853153869141684,0.0,0.0,1.6215917908794277,0.0,0.0,1.2792139405522478,0.0,1.3732653608351373,0.0,0.0,0.0,0.0,1.791759469228055,0.0
HTL,0.0,0.0,0.0,0.0,0.0,0.0,0.0,0.0,0.0,0.0,0.0,0.0,0.0,0.0,0.0,0.0
HTM,0.0,0.0,0.0,0.0,0.0,0.0,0.0,0.0,0.0,0.0,0.0,0.0,0.0,0.0,0.0,0.0
HTN,0.0,2.961959564600181,0.0,0.0,2.7471897635881173,1.603794087635432,2.8862535685598347,2.6831503763610787,0.0,3.4883177168011756,0.0,0.0,0.0,0.0,3.4883177168011756,3.0423109532347654
HTP,0.0,0.0,0.0,0.0,0.0,0.0,0.0,0.0,0.0,0.0,0.0,0.0,0.0,0.0,0.0,0.0
HTQ,0.0,0.0,0.0,0.0,0.0,0.0,0.0,0.0,0.0,0.0,0.0,0.6931471805599453,0.0,0.0,0.6931471805599453,0.0
HTR,0.0,0.0,0.0,0.0,0.5493061443340549,0.0,0.0,0.0,0.0,0.0,0.0,0.0,0.0,0.0,0.0,0.0
HTT,0.0,0.0,0.0,0.0,0.0,0.0,0.0,0.0,0.0,0.0,0.0,0.0,0.0,0.0,0.0,0.0
HVA,0.5493061443340549,0.6931471805599453,0.46209812037329684,0.0,0.0,0.5493061443340549,0.6931471805599453,0.0,0.6931471805599453,0.0,0.648636716351771,0.6931471805599453,0.5493061443340549,0.6931471805599453,0.0,0.0
HVE,0.0,0.0,0.0,0.0,0.0,0.0,0.0,0.0,0.0,0.0,0.0,0.0,0.0,0.0,0.0,0.0
HVF,2.046742304883596,2.0794415416798357,1.0986122886681098,0.0,0.9241962407465937,0.8047189562170501,1.0986122886681098,1.433407575382444,1.791759469228055,0.716703787691222,1.740889414994278,0.9671607861079322,1.0986122886681098,0.0,1.624035279763236,0.5545177444479562
HVG,0.0,0.0,0.0,0.0,0.0,0.0,0.0,0.0,0.0,0.0,0.0,0.0,0.0,0.0,0.0,0.0
HVI,1.6094379124341003,0.0,0.0,0.0,0.0,0.0,0.0,0.0,0.0,0.0,0.0,0.0,0.0,0.0,0.0,0.0
HVK,1.7908995167731467,0.0,1.9183162182386966,1.433407575382444,0.0,0.0,0.0,0.0,2.1581057455185335,0.0,1.1901530767807735,0.6931471805599453,1.0986122886681098,0.0,0.9241962407465937,1.0986122886681098
HVP,0.0,0.0,0.0,0.0,0.0,0.0,0.6931471805599453,0.6931471805599453,0.0,0.0,0.0,0.40235947810852507,0.0,0.5493061443340549,0.0,0.0
HVR,0.0,0.6931471805599453,0.0,0.0,0.0,0.0,0.6931471805599453,0.0,0.0,0.0,0.0,0.0,0.6931471805599453,0.0,0.0,0.0
HVT,1.0986122886681098,0.46209812037329684,0.0,0.6931471805599453,0.0,0.0,0.40235947810852507,0.0,0.40235947810852507,0.5493061443340549,0.6931471805599453,0.5493061443340549,0.46209812037329684,0.0,0.9241962407465937,1.0986122886681098
HWG,0.0,0.0,0.0,0.0,0.0,0.0,0.0,0.0,0.0,0.0,0.0,0.0,0.0,0.0,0.0,0.0
HWN,0.0,0.0,0.0,0.0,0.0,0.0,0.0,0.5493061443340549,0.0,0.0,0.0,0.5493061443340549,0.0,0.0,1.2070784343255752,0.5493061443340549
HWS,0.0,0.0,0.0,0.0,0.0,0.0,0.0,0.0,0.0,0.0,0.0,0.0,0.0,0.0,0.0,0.0
HWV,3.0398775768545567,2.218070977791825,0.23978952727983707,0.6931471805599453,1.6744873407478829,0.40235947810852507,0.0,0.358351893845611,1.6215917908794277,0.0,0.0,0.0,0.0,0.5493061443340549,0.3243183581758855,0.0
HWY,0.0,0.6931471805599453,0.6931471805599453,0.0,0.0,0.0,0.6931471805599453,0.0,0.0,0.0,0.6931471805599453,1.0986122886681098,1.0986122886681098,0.0,0.6931471805599453,1.0986122886681098
HYA,0.0,0.0,0.0,0.0,0.0,0.0,0.0,0.0,0.0,0.0,0.0,0.0,0.0,0.0,0.0,0.0
HYD,0.0,0.0,0.0,0.0,0.0,0.0,0.0,0.0,0.0,0.0,0.0,0.0,0.0,0.0,0.0,0.0
HYG,0.0,0.0,0.0,0.0,0.0,0.0,0.0,0.0,0.0,0.0,0.0,0.0,0.0,0.0,0.0,0.0
HYH,0.0,0.5493061443340549,0.0,0.6931471805599453,0.6931471805599453,0.0,0.6931471805599453,0.0,0.0,0.0,1.0986122886681098,0.6931471805599453,0.6931471805599453,0.0,0.0,0.0
HYL,0.0,0.0,0.0,0.0,0.0,0.0,0.0,0.0,0.0,0.0,0.0,0.0,0.0,0.0,0.0,0.0
HYN,0.0,0.0,0.0,0.0,0.0,0.0,0.0,0.0,0.0,0.0,0.0,0.0,0.0,0.0,0.0,0.0
HYT,0.9241962407465937,0.0,0.648636716351771,0.0,0.0,0.0,0.0,0.0,0.716703787691222,0.0,1.2938747370452313,0.0,0.0,0.0,0.0,0.0
HYV,0.0,0.0,0.0,0.0,0.0,0.0,0.0,0.0,0.0,0.0,0.0,0.0,0.0,0.0,0.0,0.0
HYY,0.0,0.6931471805599453,0.6931471805599453,0.0,0.0,0.0,1.3862943611198906,0.0,0.0,0.6931471805599453,1.3862943611198906,1.791759469228055,1.0986122886681098,0.6931471805599453,1.0986122886681098,1.3862943611198906
IAA,0.648636716351771,0.0,0.8047189562170501,0.8047189562170501,0.0,0.0,0.0,1.0986122886681098,0.6931471805599453,0.46209812037329684,0.0,0.0,1.2070784343255752,0.8047189562170501,0.0,0.0
IAD,1.2070784343255752,1.0986122886681098,0.5493061443340549,1.433407575382444,1.6215917908794277,0.0,0.9241962407465937,0.0,0.5493061443340549,1.0750556815368328,0.40235947810852507,0.0,1.3862943611198906,0.5493061443340549,0.9241962407465937,0.0
IAE,0.0,0.0,0.0,0.9241962407465937,0.29706307738283366,0.0,0.0,2.9320667083294443,0.0,2.9320667083294443,0.0,1.0986122886681098,0.46209812037329684,0.1934321572215864,3.006514133916495,2.559656384611507
IAF,0.0,0.0,0.0,0.0,0.0,0.0,0.0,0.0,0.0,0.0,0.0,0.0,0.0,0.0,0.0,0.0
IAG,0.0,0.0,1.0986122886681098,0.0,0.0,0.0,0.0,0.6931471805599453,0.6931471805599453,0.6931471805599453,0.6931471805599453,0.5493061443340549,0.6931471805599453,0.0,0.6931471805599453,0.6931471805599453
IAK,0.0,1.0986122886681098,0.0,0.0,0.9241962407465937,0.0,0.0,1.0986122886681098,0.0,0.0,0.0,0.0,0.0,0.6931471805599453,0.0,0.0
IAL,1.433407575382444,0.648636716351771,0.0,1.2070784343255752,0.5941261547656673,0.0,0.0,0.0,0.0,0.0,0.8047189562170501,0.8290575209603337,1.433407575382444,0.5941261547656673,0.5887699911158697,0.5545177444479562
IAN,0.0,0.5941261547656673,0.0,0.0,0.0,0.0,0.0,0.0,0.5941261547656673,0.0,0.812017639881618,0.0,0.0,0.0,0.0,0.0
IAP,0.0,0.0,0.0,0.0,0.0,0.0,0.0,0.0,0.0,0.0,0.0,0.0,0.0,0.0,0.0,0.0
IAQ,0.0,0.5493061443340549,0.5493061443340549,0.0,0.9241962407465937,0.0,0.5493061443340549,0.0,0.0,0.6931471805599453,0.46209812037329684,0.5493061443340549,0.0,0.5493061443340549,0.0,0.0
IAR,1.0986122886681098,1.0986122886681098,0.0,0.0,0.0,0.5493061443340549,1.0986122886681098,0.0,0.6931471805599453,0.0,0.0,0.6931471805599453,0.0,0.5493061443340549,0.0,0.6931471805599453
IAS,0.0,0.0,0.0,0.0,0.0,0.0,0.0,0.0,0.0,0.0,0.0,0.0,0.0,0.0,0.0,0.0
IAT,0.648636716351771,0.8047189562170501,0.0,0.5493061443340549,0.716703787691222,2.436052919644854,0.0,0.0,0.5493061443340549,0.0,0.0,0.0,0.3243183581758855,0.0,0.46209812037329684,0.3243183581758855
IAV,0.0,1.0986122886681098,0.716703787691222,0.0,1.0986122886681098,2.1972245773362196,1.6094379124341003,0.0,0.0,1.297273432703542,0.0,0.0,0.9241962407465937,0.0,0.0,0.0
IAW,0.0,0.0,0.0,0.0,0.0,0.0,0.0,0.0,0.0,0.0,0.0,0.0,0.0,0.0,0.0,0.0
ICA,0.6931471805599453,0.0,0.6931471805599453,0.0,0.46209812037329684,0.6931471805599453,0.0,0.6931471805599453,0.6931471805599453,0.0,0.0,0.5493061443340549,0.0,0.9241962407465937,0.6931471805599453,0.0
ICD,0.0,0.0,0.0,0.0,0.0,0.0,0.0,0.0,0.0,0.0,0.0,0.0,0.0,0.0,0.0,0.0
ICE,0.0,0.0,0.0,0.0,0.0,0.0,0.0,0.0,0.0,0.0,0.0,0.0,0.0,0.0,0.0,0.0
ICI,0.0,0.0,0.0,0.6931471805599453,0.0,0.0,0.0,0.0,0.0,0.0,0.0,0.0,0.0,0.0,0.5493061443340549,0.0
ICL,0.5493061443340549,0.0,0.6931471805599453,0.0,0.5493061443340549,0.0,0.0,0.0,0.0,0.0,0.0,0.0,0.0,0.0,0.0,0.0
ICN,0.0,0.0,0.0,0.0,0.0,0.0,0.0,0.0,0.0,0.0,0.0,0.0,0.0,0.0,0.0,0.0
ICS,0.0,0.0,0.0,0.0,0.0,0.0,0.0,0.0,0.0,0.0,0.0,0.0,0.0,0.0,0.0,0.0
ICT,0.0,0.0,0.0,0.0,0.0,0.0,0.0,0.0,0.716703787691222,0.0,0.0,0.0,0.0,0.0,0.0,0.0
IDA,0.0,0.0,0.0,0.0,0.0,0.0,0.0,0.0,0.0,0.0,0.0,0.0,0.0,0.0,0.0,0.0
IDD,0.0,1.0986122886681098,0.0,0.0,0.0,1.9237120180961527,0.0,0.0,0.0,0.0,2.046742304883596,0.0,0.6931471805599453,0.0,0.0,0.0
IDE,0.5493061443340549,0.0,0.40235947810852507,0.0,0.0,0.46209812037329684,0.5493061443340549,0.0,0.0,0.358351893845611,0.358351893845611,0.0,0.0,0.46209812037329684,0.0,0.0
IDG,0.6931471805599453,0.0,0.6931471805599453,0.0,0.0,0.0,0.0,0.0,0.6931471805599453,0.0,0.0,0.5493061443340549,0.0,0.0,0.6931471805599453,0.0
IDH,0.0,0.0,0.0,0.0,0.0,0.0,0.0,0.0,0.0,0.0,0.0,0.0,0.0,0.0,0.0,0.0
IDI,0.0,0.0,0.0,0.0,0.0,0.0,0.0,0.0,0.0,0.0,0.0,0.0,0.0,0.0,0.0,0.0
IDK,0.6931471805599453,0.0,1.6094379124341003,1.0986122886681098,0.5493061443340549,0.0,0.9241962407465937,0.0,0.0,0.0,1.1882523095313346,2.2590060452618186,1.782378464297002,0.9241962407465937,1.0986122886681098,2.046742304883596
IDL,0.0,0.0,0.0,0.0,0.0,0.0,0.0,0.0,0.0,0.0,0.0,0.0,0.0,0.0,0.0,0.0
IDM,0.0,0.0,0.6931471805599453,0.0,0.6931471805599453,0.5493061443340549,0.0,0.0,0.0,0.6931471805599453,1.0986122886681098,0.0,0.0,0.0,0.0,0.0
IDN,0.0,0.0,0.0,0.0,0.0,0.0,0.0,0.0,0.0,0.0,0.0,0.5493061443340549,0.0,0.0,0.9241962407465937,0.6931471805599453
IDP,0.0,1.4387371636790223,2.1581057455185335,0.0,0.648636716351771,1.9459101490553132,0.358351893845611,0.6931471805599453,2.1581057455185335,0.40235947810852507,0.0,0.0,0.0,0.0,0.46209812037329684,0.0
IDQ,1.297273432703542,0.9241962407465937,0.9729550745276566,0.0,0.9241962407465937,0.0,0.0,0.0,0.8047189562170501,0.0,1.1882523095313346,0.45667836565851344,0.0,0.0,0.9729550745276566,0.5312275020105406
IDR,0.46209812037329684,0.716703787691222,0.891189232148501,0.46209812037329684,0.648636716351771,2.137457797884614,0.9036024181047274,1.0750556815368328,1.1882523095313346,0.9591581091193483,1.0986122886681098,0.8047189562170501,1.791759469228055,1.433407575382444,1.4853153869141684,1.5350567286626973
IDS,0.0,0.6931471805599453,0.0,0.0,0.5493061443340549,0.46209812037329684,0.46209812037329684,0.6931471805599453,0.0,0.46209812037329684,0.0,0.9241962407465937,0.0,0.0,0.9241962407465937,0.5493061443340549
IDT,0.0,0.0,0.46209812037329684,0.0,0.46209812037329684,1.0986122886681098,1.3862943611198906,0.0,0.6931471805599453,0.6931471805599453,0.0,0.9729550745276566,0.0,0.6931471805599453,0.0,0.5493061443340549
IDV,0.0,0.0,0.0,0.0,0.0,0.0,0.0,0.0,0.0,0.0,0.0,0.0,0.0,0.0,0.0,0.0
IDW,0.0,0.0,0.0,0.0,0.0,0.0,0.0,0.0,0.0,0.0,0.0,0.0,0.0,0.0,0.0,0.0
IEA,0.0,0.0,0.0,0.0,0.0,0.0,0.0,0.0,0.0,0.0,0.0,0.0,0.0,0.0,0.0,0.0
IEC,0.0,0.0,0.0,0.0,0.0,0.0,0.0,0.0,0.0,0.0,0.0,0.0,0.0,0.0,0.0,0.0
IED,0.0,0.0,0.0,0.9241962407465937,0.0,1.0986122886681098,0.0,0.6931471805599453,0.6931471805599453,0.6931471805599453,0.5493061443340549,0.0,0.0,0.46209812037329684,0.6931471805599453,1.0986122886681098
IEE,1.791759469228055,0.42749155957692275,1.8483924814931874,0.0,0.0,0.0,0.6090132299112135,0.0,2.030044099704045,0.0,1.0209710390637587,1.2792139405522478,0.0,0.0,1.1605929433295186,1.3862943611198906
IEG,0.5941261547656673,0.0,1.709966238307691,1.433407575382444,0.9241962407465937,0.0,0.0,0.0,1.709966238307691,0.0,0.0,1.297273432703542,1.6094379124341003,0.0,0.9729550745276566,1.297273432703542
IEI,0.0,1.297273432703542,1.6215917908794277,1.4853153869141684,1.3862943611198906,0.0,1.1882523095313346,0.40235947810852507,0.3243183581758855,0.0,1.1882523095313346,1.8072048362094548,2.1581057455185335,0.0,1.068728898942307,1.9459101490553132
IEK,0.0,0.46209812037329684,2.3019858420456756,0.5493061443340549,1.3732653608351373,0.891189232148501,0.0,1.6215917908794277,1.922571505169192,1.770758340035135,4.4984134297522935,3.587364060066563,0.0,1.791759469228055,3.586222415382224,3.0090982605368537
IEL,0.0,0.0,0.0,0.0,0.0,0.0,0.0,0.0,0.0,0.0,0.0,0.0,0.0,0.0,0.0,0.0
IEM,0.3243183581758855,0.5493061443340549,0.7675283643313486,0.0,0.8047189562170501,0.716703787691222,0.5493061443340549,0.0,0.23978952727983707,0.9241962407465937,0.716703787691222,0.0,0.0,0.5493061443340549,0.0,0.0
IEN,0.0,0.0,0.0,0.0,0.0,0.0,0.0,0.0,0.0,0.0,0.0,0.0,0.0,0.0,0.0,0.0
IEQ,0.0,3.2188758248682006,0.0,0.0,3.2188758248682006,0.26064772304171857,0.0,0.0,0.0,0.0,0.0,0.0,0.0,0.0,0.0,0.0
IER,0.0,0.0,0.0,0.0,0.0,0.0,0.0,1.0986122886681098,0.0,0.0,0.0,0.0,0.0,0.5493061443340549,0.0,0.0
IES,1.6094379124341003,0.0,1.433407575382444,0.0,0.6931471805599453,0.0,0.6931471805599453,0.0,0.9241962407465937,1.0986122886681098,2.1277537294374507,0.0,0.5493061443340549,0.0,0.0,0.0
IET,0.0,0.0,0.0,0.0,0.0,0.0,0.0,0.0,0.0,0.0,0.0,0.0,0.0,0.0,0.0,0.0
IEV,0.5493061443340549,0.0,0.8047189562170501,0.5493061443340549,0.6931471805599453,1.2070784343255752,0.5493061443340549,0.0,1.3862943611198906,1.0750556815368328,1.6215917908794277,0.6931471805599453,0.0,0.0,0.8047189562170501,0.0
IEY,0.0,0.0,0.0,0.0,0.6931471805599453,0.5493061443340549,0.0,0.0,0.0,0.0,0.0,0.0,0.0,0.0,0.0,0.0
IFA,0.6931471805599453,1.1882523095313346,0.5493061443340549,0.8047189562170501,1.0986122886681098,0.0,0.0,0.0,0.0,0.0,0.0,0.5493061443340549,0.0,1.0750556815368328,0.0,0.0
IFC,0.6931471805599453,0.0,0.0,0.0,0.0,0.0,0.0,0.0,0.40235947810852507,0.6931471805599453,0.7193685818395111,0.0,0.0,0.0,0.0,0.0
IFD,0.0,0.0,0.0,0.0,0.0,0.0,0.0,0.0,0.0,0.0,0.0,0.0,0.0,0.0,0.0,0.0
IFE,0.0,0.0,2.772588722239781,0.0,2.030044099704045,0.0,0.8047189562170501,0.0,1.6215917908794277,1.6215917908794277,0.0,1.6215917908794277,0.0,1.791759469228055,0.0,0.0
IFG,0.0,0.0,0.0,0.0,0.0,0.0,0.0,0.0,0.0,0.0,0.0,0.0,0.0,0.0,0.0,0.0
IFH,0.0,0.0,1.0986122886681098,0.0,0.0,0.6931471805599453,0.6931471805599453,0.6931471805599453,0.6931471805599453,0.6931471805599453,1.3862943611198906,1.0986122886681098,0.0,0.0,1.3862943611198906,0.8047189562170501
IFK,0.0,2.033105440735637,0.716703787691222,0.9241962407465937,1.8072048362094548,0.511685576220899,0.8239592165010823,1.3732653608351373,0.358351893845611,1.354025100551105,0.0,0.9591581091193483,1.9183162182386966,1.6215917908794277,0.29706307738283366,1.1882523095313346
IFL,0.6931471805599453,0.6931471805599453,0.0,0.8047189562170501,0.0,0.5493061443340549,0.6931471805599453,0.46209812037329684,0.0,0.0,0.0,0.0,1.2070784343255752,0.0,0.6931471805599453,0.0
IFN,0.0,0.0,0.0,0.0,0.0,0.0,0.0,0.0,0.0,0.0,0.0,0.0,0.0,0.0,0.0,0.0
IFQ,0.0,2.3978952727983707,0.0,0.716703787691222,0.0,3.875639907745141,0.6090132299112135,0.0,0.47957905455967414,2.302585092994046,3.0810209216113615,0.0,0.0,1.0750556815368328,1.3862943611198906,0.0
IFR,0.0,0.0,0.0,0.0,0.0,0.0,0.0,0.0,0.0,0.0,0.0,0.0,0.0,0.0,0.0,0.0
IFS,0.2030044099704045,0.358351893845611,0.40235947810852507,0.0,0.5493061443340549,0.0,0.0,0.0,0.29706307738283366,0.40235947810852507,0.0,0.648636716351771,0.40235947810852507,0.0,0.9241962407465937,0.0
IFT,0.0,0.0,0.0,0.0,0.0,0.0,0.0,0.0,0.0,0.0,0.0,0.0,0.0,0.0,0.0,0.0
IFV,0.0,0.0,0.0,0.0,0.0,0.0,0.0,0.0,0.0,0.0,0.0,0.0,0.0,0.0,0.0,0.0
IGA,0.0,0.0,0.0,0.0,0.0,0.0,0.0,0.0,0.0,0.0,0.0,0.0,0.0,0.0,0.0,0.0
IGD,0.0,0.0,0.0,0.0,0.0,0.0,0.0,0.0,0.0,0.0,0.0,0.0,0.0,0.0,0.0,0.0
IGE,0.0,0.0,0.0,0.0,0.0,0.6931471805599453,0.0,0.6931471805599453,0.0,0.0,0.0,0.0,0.0,0.6931471805599453,0.0,0.0
IGG,0.0,0.0,1.1882523095313346,2.046742304883596,0.406008819940809,0.406008819940809,0.0,0.2030044099704045,1.218026459822427,0.14719249777896742,1.355403627157091,1.8483924814931874,1.1882523095313346,0.716703787691222,0.9214762984601425,1.4387371636790223
IGH,0.0,0.0,0.0,0.0,1.0986122886681098,0.9241962407465937,0.0,0.0,0.0,0.0,0.0,0.0,0.0,0.0,0.0,0.0
IGI,0.648636716351771,0.0,0.0,0.716703787691222,0.0,0.0,0.0,0.46209812037329684,0.0,0.0,0.0,0.6931471805599453,0.8047189562170501,0.0,0.0,0.0
IGK,0.0,0.0,0.0,0.6931471805599453,0.0,0.0,0.0,1.3862943611198906,0.6931471805599453,0.9729550745276566,3.8861575505836887,3.253965415302352,0.0,0.0,3.51283698446609,3.2779758388748252
IGL,0.0,0.0,0.0,0.0,0.0,0.29706307738283366,0.0,0.3243183581758855,0.0,0.0,0.0,0.0,0.0,0.5493061443340549,0.0,0.0
IGM,0.0,0.0,0.0,0.0,0.0,0.0,0.0,0.0,0.0,0.0,3.0594441162831703,2.6620426399959674,0.0,0.0,2.906746241057835,2.8380621538932544
IGN,0.0,0.0,0.0,0.0,0.0,0.0,0.0,0.0,0.0,0.0,0.0,0.0,0.0,0.0,0.0,0.0
IGP,0.0,1.355403627157091,0.406008819940809,0.648636716351771,0.8047189562170501,3.201764530240097,1.218026459822427,0.8047189562170501,1.416606672028108,1.6785266909588594,0.5887699911158697,0.0,0.0,0.358351893845611,1.1295030226309093,0.358351893845611
IGQ,0.0,0.0,0.0,0.0,0.0,0.0,0.0,0.0,0.0,0.0,0.0,0.0,0.0,0.0,0.0,0.0
IGR,0.0,0.5493061443340549,1.3862943611198906,0.8047189562170501,1.0986122886681098,0.5493061443340549,1.2070784343255752,0.5493061443340549,0.9241962407465937,0.5493061443340549,1.6094379124341003,1.0986122886681098,1.0986122886681098,0.6931471805599453,0.5493061443340549,0.6931471805599453
IGT,0.648636716351771,0.0,0.716703787691222,0.9729550745276566,0.0,0.0,0.648636716351771,0.0,1.1295030226309093,0.0,1.068728898942307,0.9591581091193483,0.0,0.0,1.709966238307691,1.2070784343255752
IGV,1.0986122886681098,0.0,0.8047189562170501,0.6931471805599453,0.9241962407465937,0.6931471805599453,0.8047189562170501,0.0,0.0,1.3862943611198906,1.0986122886681098,0.5493061443340549,0.6931471805599453,0.6931471805599453,0.0,0.0
IGY,0.0,0.6931471805599453,0.0,0.8047189562170501,0.0,0.0,0.0,0.0,0.46209812037329684,0.0,0.0,0.0,0.0,0.0,0.0,1.0986122886681098
IHA,0.0,0.0,0.0,0.0,0.0,0.0,0.0,0.0,0.0,0.0,0.0,0.0,0.0,0.0,0.0,0.0
IHC,0.0,0.0,0.0,0.0,0.0,0.0,0.0,0.0,0.0,0.0,0.0,0.0,0.0,0.0,0.0,0.0
IHI,0.0,0.0,0.0,0.0,0.0,0.0,0.0,0.0,0.0,0.0,0.6931471805599453,1.0986122886681098,0.0,0.0,0.9241962407465937,0.0
IHL,0.0,1.0986122886681098,0.0,0.0,1.0986122886681098,0.0,0.0,0.0,0.0,0.0,0.0,0.0,0.0,0.0,0.0,1.1882523095313346
IHN,0.0,0.0,0.0,0.0,0.0,0.0,0.0,0.0,0.0,0.0,0.0,0.0,0.0,0.0,0.0,0.0
IHP,1.6479184330021646,1.1882523095313346,1.624035279763236,0.6931471805599453,0.9241962407465937,0.0,1.3862943611198906,0.5941261547656673,0.40235947810852507,0.8047189562170501,1.864830559511342,2.4489258354198435,1.4853153869141684,0.0,2.3062474107536373,2.8165163467596757
IHS,0.9241962407465937,0.0,0.0,0.0,0.0,0.0,0.0,0.46209812037329684,0.0,0.5493061443340549,0.9241962407465937,0.0,0.0,0.0,0.6931471805599453,0.0
IHV,0.9241962407465937,0.0,1.0986122886681098,0.0,0.0,0.0,0.0,0.0,0.9241962407465937,0.0,1.068728898942307,0.0,0.0,0.0,0.0,0.0
IHW,2.9506361727958503,1.9629593194442934,0.27465307216702745,0.5493061443340549,1.9478341740386487,0.27465307216702745,0.0,0.3243183581758855,2.4790616760491893,0.0,0.0,0.0,0.0,0.46209812037329684,0.29706307738283366,0.46209812037329684
IIA,0.0,0.8047189562170501,0.0,0.0,0.9241962407465937,0.0,0.0,0.8047189562170501,0.0,0.0,0.0,0.0,0.0,1.0986122886681098,0.0,0.0
IIC,0.0,0.0,0.0,0.0,0.0,0.0,0.0,0.0,0.0,0.0,0.0,0.0,0.0,0.0,0.0,0.0
IID,0.5493061443340549,0.0,0.46209812037329684,0.0,0.0,0.0,0.5493061443340549,0.0,0.0,0.5493061443340549,0.5493061443340549,0.5493061443340549,0.5493061443340549,0.0,0.0,0.0
IIE,0.0,3.2188758248682006,0.0,0.0,3.2188758248682006,0.22359586469675655,0.0,0.0,0.0,1.6479184330021646,0.26823965207235,0.0,0.0,0.0,0.5493061443340549,0.0
IIF,0.0,0.0,0.0,0.0,0.0,0.0,0.0,0.0,0.0,0.0,0.0,0.0,0.0,0.0,0.0,0.0
IIG,0.5493061443340549,0.3243183581758855,0.40235947810852507,0.8047189562170501,0.40235947810852507,0.0,0.9241962407465937,0.0,0.7675283643313486,0.0,1.6094379124341003,0.358351893845611,0.5493061443340549,0.0,1.0986122886681098,0.0
III,0.5493061443340549,0.5493061443340549,0.5493061443340549,0.5493061443340549,0.5493061443340549,0.0,0.6931471805599453,0.0,1.0750556815368328,0.0,1.0750556815368328,1.0986122886681098,0.0,0.0,1.6094379124341003,0.0
IIK,0.0,0.0,0.5493061443340549,0.0,0.0,0.0,0.6931471805599453,0.0,0.6931471805599453,0.0,1.3862943611198906,0.0,0.0,0.0,0.0,0.0
IIL,0.0,0.0,0.0,0.0,0.0,0.0,0.0,0.0,0.5493061443340549,0.0,0.0,0.0,0.0,0.0,0.5493061443340549,0.0
IIN,0.0,0.40235947810852507,0.0,0.0,0.46209812037329684,0.5493061443340549,0.5493061443340549,0.5493061443340549,0.0,0.8047189562170501,0.0,0.0,0.0,0.0,0.6931471805599453,0.0
IIP,0.0,0.0,0.0,0.0,0.0,0.0,0.0,0.0,0.0,0.0,0.0,0.0,0.0,0.0,0.0,0.0
IIQ,0.0,3.2188758248682006,0.0,0.0,3.2188758248682006,2.1492572089677497,0.0,2.7471897635881173,0.0,3.828641396489095,0.0,0.0,0.0,0.0,3.784189633918261,3.321077827149809
IIR,0.0,0.0,0.0,0.0,0.0,0.0,0.0,0.0,0.0,0.0,0.0,0.0,0.0,0.0,0.0,0.0
IIS,0.0,0.0,0.0,0.6931471805599453,0.0,0.0,0.0,0.0,0.0,0.0,0.0,0.0,0.6931471805599453,0.0,0.0,0.0
IIT,0.0,0.0,0.0,0.0,0.0,0.9241962407465937,0.648636716351771,0.9241962407465937,0.0,0.648636716351771,0.0,0.0,0.0,0.0,0.0,0.0
IIV,0.0,0.0,0.40235947810852507,0.0,0.0,0.0,0.0,0.0,0.3243183581758855,0.0,0.8047189562170501,0.46209812037329684,0.6931471805599453,0.0,0.648636716351771,1.0986122886681098
IIW,0.0,0.5493061443340549,0.0,0.9241962407465937,0.6931471805599453,0.0,0.0,0.0,0.46209812037329684,0.0,0.0,0.0,0.0,0.0,0.5493061443340549,1.0986122886681098
IIY,0.0,0.0,0.0,0.0,0.0,0.0,0.0,0.0,0.0,0.0,0.0,0.0,0.0,0.0,0.0,0.0
IKA,0.0,0.0,0.0,1.0750556815368328,0.0,0.0,0.0,0.46209812037329684,0.0,0.0,0.0,0.0,1.6094379124341003,1.2070784343255752,1.0986122886681098,0.0
IKE,0.0,0.0,0.6931471805599453,0.6931471805599453,0.0,0.0,0.5493061443340549,0.0,0.0,0.5493061443340549,1.6215917908794277,0.6931471805599453,0.0,0.0,0.9241962407465937,0.0
IKF,0.0,0.0,0.46209812037329684,0.0,0.5493061443340549,0.46209812037329684,0.0,0.0,0.0,0.5493061443340549,0.0,0.0,0.0,0.0,0.0,0.0
IKG,0.0,0.0,1.3862943611198906,0.6931471805599453,0.6931471805599453,0.9241962407465937,0.8047189562170501,0.9241962407465937,0.8047189562170501,0.5493061443340549,0.8047189562170501,0.716703787691222,0.6931471805599453,1.3862943611198906,0.46209812037329684,1.433407575382444
IKH,0.0,1.0986122886681098,0.9241962407465937,1.0986122886681098,1.0986122886681098,2.5649493574615367,1.6094379124341003,1.6094379124341003,0.9241962407465937,1.9459101490553132,1.0986122886681098,0.0,1.0986122886681098,0.0,1.0986122886681098,0.8047189562170501
IKI,1.0986122886681098,0.0,1.2070784343255752,0.0,0.6931471805599453,0.0,0.6931471805599453,0.0,0.5493061443340549,1.0986122886681098,1.5813042316832728,0.0,0.0,0.0,0.0,0.0
IKK,1.9453388523047452,1.7600882018224469,0.9814796597221467,2.3650517949110452,1.030347484452772,1.6785266909588594,1.2286350646135233,1.0605046870375292,1.4204561968457576,1.6381800861513645,2.413317640408415,0.8047189562170501,2.736801091938045,1.6769689852256742,1.0823450882099381,0.771276136027294
IKL,0.0,0.0,0.5493061443340549,0.0,0.0,0.0,0.0,0.0,0.0,0.0,0.6931471805599453,0.0,0.0,0.0,0.0,0.0
IKM,0.0,1.0986122886681098,0.0,1.0986122886681098,0.9241962407465937,1.0986122886681098,0.5493061443340549,0.0,1.0986122886681098,0.0,0.5493061443340549,0.0,0.6931471805599453,0.5493061443340549,0.5493061443340549,0.5493061443340549
IKN,0.0,0.0,0.358351893845611,0.0,0.5493061443340549,0.29706307738283366,0.6931471805599453,0.0,0.3243183581758855,0.0,0.0,0.0,0.0,0.0,0.0,0.0
IKQ,0.0,0.0,0.5493061443340549,0.0,0.0,0.0,0.0,0.0,0.0,0.6931471805599453,0.0,0.6931471805599453,0.6931471805599453,0.0,0.0,0.0
IKR,0.0,0.0,0.6931471805599453,0.0,0.0,0.0,0.0,0.0,0.0,0.5493061443340549,0.0,0.0,0.0,0.0,0.0,0.0
IKV,0.40235947810852507,0.7737286288863456,1.922571505169192,0.648636716351771,1.2613609572858908,3.3818380333553684,0.15767011966073635,2.4102379250852937,0.3868643144431728,0.3044522437723423,3.9973066641602744,0.23978952727983707,0.0,0.9729550745276566,0.14719249777896742,2.2281432400225847
IKY,0.0,0.0,0.6931471805599453,0.0,0.0,0.0,0.6931471805599453,0.0,0.6931471805599453,0.0,1.3862943611198906,0.0,0.0,0.0,0.0,0.0
ILA,0.0,0.0,0.0,0.0,0.0,0.0,0.0,0.0,0.6931471805599453,0.0,0.0,0.0,0.0,0.0,0.6931471805599453,0.0
ILD,0.7737286288863456,1.1605929433295186,0.47957905455967414,1.0750556815368328,1.1295030226309093,0.8853791700175675,0.9591581091193483,1.3732653608351373,0.0,0.0,0.708303336014054,1.3601749448923126,1.2395308380245946,1.7908995167731467,0.716703787691222,1.8270396897336403
ILE,0.0,0.0,0.46209812037329684,0.0,0.0,0.0,0.0,0.0,0.5493061443340549,0.0,0.3802888691543457,0.0,0.0,0.0,0.0,0.0
ILF,0.0,0.0,0.0,0.6931471805599453,0.0,0.0,0.0,0.0,0.6931471805599453,0.0,0.0,0.0,0.0,0.0,0.6931471805599453,0.0
ILG,0.0,0.0,0.0,0.0,0.0,0.0,0.0,0.0,0.0,0.0,0.0,0.0,0.0,0.0,0.0,0.0
ILH,1.0986122886681098,0.5493061443340549,0.6931471805599453,0.0,0.0,0.0,0.6931471805599453,0.6931471805599453,0.6931471805599453,0.6931471805599453,1.0986122886681098,0.6931471805599453,0.0,0.0,1.3862943611198906,1.0986122886681098
ILK,0.0,0.0,0.0,0.0,0.0,0.0,0.0,0.0,0.0,0.0,3.9550042392051954,0.0,0.0,0.0,0.0,0.0
ILL,0.0,2.8380621538932544,3.419501114779308,1.433407575382444,2.1265392627313178,2.351203577673075,2.9444389791664403,0.0,3.044522437723423,1.782378464297002,0.6931471805599453,2.3978952727983707,1.6479184330021646,1.791759469228055,0.0,1.6215917908794277
ILM,0.0,0.0,0.0,0.0,0.0,0.0,0.0,0.0,0.0,0.0,0.0,0.0,0.0,0.0,0.0,0.0
ILN,0.0,0.0,1.0986122886681098,0.6931471805599453,0.0,0.0,0.5493061443340549,0.0,0.9241962407465937,0.0,0.8047189562170501,0.0,0.0,0.6931471805599453,0.5493061443340549,0.0
ILP,0.0,0.0,0.0,0.0,0.0,0.0,0.0,0.0,0.0,0.0,0.0,0.0,0.0,0.0,0.0,0.0
ILQ,0.0,0.9241962407465937,0.46209812037329684,0.0,0.0,0.0,0.0,0.0,0.0,0.6931471805599453,0.0,0.0,1.0986122886681098,0.0,0.0,1.0986122886681098
ILR,0.0,0.0,0.3243183581758855,0.5493061443340549,0.0,1.0986122886681098,1.0986122886681098,0.0,0.8047189562170501,0.6931471805599453,0.3243183581758855,0.648636716351771,0.9241962407465937,0.3243183581758855,0.716703787691222,0.9241962407465937
ILS,0.0,0.0,0.0,0.0,0.0,0.0,0.0,0.0,0.0,0.0,0.0,0.0,0.0,0.0,0.0,0.0
ILT,0.0,0.0,0.9729550745276566,0.5493061443340549,0.9241962407465937,0.0,0.5493061443340549,0.0,1.297273432703542,0.8047189562170501,0.716703787691222,0.5493061443340549,0.0,0.0,0.8047189562170501,0.0
ILV,1.4210308697928313,1.1989476363991853,0.2558427881104495,0.0,1.791759469228055,1.0150220498520226,1.0150220498520226,2.1581057455185335,0.0,1.6215917908794277,1.4387371636790223,0.27465307216702745,1.1295030226309093,1.1989476363991853,1.791759469228055,0.0
ILY,0.0,0.0,0.0,0.0,0.0,0.0,0.6931471805599453,0.0,0.0,0.0,0.0,0.6931471805599453,0.0,0.0,0.0,0.6931471805599453
IME,0.0,0.0,0.0,0.0,0.0,0.0,0.0,0.0,0.0,0.0,0.0,0.0,0.0,0.0,0.0,0.0
IMI,0.0,0.0,1.023371152441798,1.4853153869141684,0.46209812037329684,0.358351893845611,0.0,0.5493061443340549,0.5493061443340549,0.9241962407465937,1.2070784343255752,1.0986122886681098,0.8047189562170501,0.0,1.2792139405522478,1.6094379124341003
IML,0.0,0.6931471805599453,0.0,0.0,0.0,0.0,0.0,1.0986122886681098,0.0,1.0986122886681098,0.9241962407465937,0.0,0.6931471805599453,0.0,0.9241962407465937,0.0
IMN,0.0,0.0,0.0,0.0,0.0,0.0,0.0,0.0,0.0,0.0,0.0,0.0,0.0,0.0,0.0,0.0
IMV,0.0,0.0,0.0,0.0,0.0,0.0,0.0,0.0,0.0,0.0,0.0,0.0,0.0,0.0,0.0,0.0
INA,0.0,0.0,0.716703787691222,0.0,0.0,0.0,0.0,0.0,1.0986122886681098,0.0,0.0,0.0,0.0,0.0,0.0,0.0
INC,0.5493061443340549,0.0,0.0,0.0,0.0,0.0,0.0,0.0,0.6931471805599453,0.0,0.0,0.0,0.0,0.0,0.0,0.0
IND,0.0,0.0,0.0,0.0,0.0,0.0,0.0,0.0,0.0,0.0,0.0,0.0,0.0,0.0,0.0,0.0
INE,0.6931471805599453,1.0986122886681098,1.0986122886681098,0.9241962407465937,1.0986122886681098,0.0,0.0,0.0,0.0,0.0,0.0,0.0,0.9241962407465937,0.0,0.0,0.0
ING,0.0,0.46209812037329684,0.0,0.0,0.5493061443340549,0.0,0.0,0.6931471805599453,0.0,0.6931471805599453,0.6931471805599453,1.0986122886681098,0.0,0.5493061443340549,1.0986122886681098,0.0
INI,0.0,0.0,0.0,0.0,0.0,0.5493061443340549,0.6931471805599453,0.0,0.0,0.6931471805599453,0.0,0.0,0.0,0.0,0.0,0.0
INK,0.0,0.5493061443340549,0.0,0.0,0.0,0.40235947810852507,0.0,0.5493061443340549,0.6931471805599453,0.0,0.0,0.0,0.6931471805599453,0.6931471805599453,0.0,0.0
INL,0.0,0.0,0.0,0.0,0.0,0.0,0.0,0.0,0.0,0.0,0.0,0.0,0.0,0.0,0.0,0.0
INN,0.0,0.7126123218020795,0.0,1.4387371636790223,1.791759469228055,4.327589205586157,0.0,0.0,0.8239592165010823,1.87024054922693,3.383590186267174,0.0,1.068728898942307,0.2558427881104495,1.9459101490553132,1.3732653608351373
INP,0.0,0.0,0.0,0.0,0.0,0.0,0.0,0.0,0.0,0.0,0.0,0.0,0.0,0.0,0.0,0.0
INQ,0.0,0.0,0.0,0.0,0.0,0.0,0.0,0.0,0.0,0.0,0.0,0.0,0.0,0.0,0.0,0.0
INR,0.0,0.0,0.5493061443340549,0.0,0.6931471805599453,0.0,0.0,0.0,0.5493061443340549,0.0,0.6931471805599453,0.0,0.0,0.0,0.0,0.0
INS,0.0,0.0,0.0,0.0,0.0,0.0,0.0,0.0,0.0,0.0,0.0,0.0,0.0,0.0,0.0,0.0
INT,0.0,0.0,0.40235947810852507,0.0,0.0,0.0,0.0,0.0,0.0,0.0,0.9241962407465937,0.9729550745276566,1.0986122886681098,0.0,0.5493061443340549,0.6931471805599453
INY,0.0,0.6931471805599453,0.46209812037329684,0.0,0.6931471805599453,0.0,0.6931471805599453,0.0,0.6931471805599453,0.0,0.6931471805599453,0.0,0.0,0.6931471805599453,0.0,0.0
IPA,0.0,0.0,0.0,0.0,0.0,0.0,0.0,0.0,0.0,0.0,0.0,0.0,0.0,0.0,0.0,0.0
IPC,0.0,0.5493061443340549,0.0,0.0,0.0,0.0,0.0,0.0,0.0,0.0,0.0,0.0,0.6931471805599453,0.0,0.0,0.0
IPE,0.4518012090523637,0.3243183581758855,0.0,1.3862943611198906,0.0,0.0,0.17002186811153908,0.12341498185834088,0.3868643144431728,0.6170749092917044,0.0,0.2030044099704045,1.2070784343255752,0.406008819940809,0.9814796597221467,0.09116267361666752
IPF,0.6931471805599453,0.0,0.5493061443340549,0.0,0.0,0.0,0.0,0.0,0.46209812037329684,0.0,0.29706307738283366,0.0,0.0,0.0,0.0,0.0
IPG,0.0,0.0,0.0,0.6931471805599453,0.0,0.0,0.0,0.0,0.0,0.0,0.0,0.0,0.0,0.0,0.0,0.6931471805599453
IPH,0.0,0.0,0.40235947810852507,0.3243183581758855,0.6931471805599453,4.649345982115163,0.42756739308124764,0.0,0.406008819940809,2.302585092994046,4.436106254676986,0.0,0.0,0.511685576220899,0.5493061443340549,0.0
IPI,0.6931471805599453,1.433407575382444,0.40235947810852507,0.9241962407465937,1.297273432703542,0.5493061443340549,0.716703787691222,0.0,0.0,0.0,0.5941261547656673,0.5493061443340549,0.0,1.0750556815368328,0.0,0.0
IPK,0.6931471805599453,0.0,0.0,0.6931471805599453,0.0,0.0,0.6931471805599453,0.5493061443340549,1.0986122886681098,0.0,0.6931471805599453,0.0,0.0,0.0,0.6931471805599453,0.0
IPL,0.0,0.0,0.0,0.0,0.0,0.0945866526695881,0.0,2.6494649600214135,0.0,0.0,0.23456533666635554,0.0,0.0,2.7966574578003813,0.0,2.62534881637439
IPN,0.0,0.0,0.0,0.0,0.0,0.0,0.0,0.6931471805599453,0.0,0.0,0.0,0.0,0.0,0.0,0.0,1.3862943611198906
IPP,0.0,0.0,0.0,0.0,0.0,0.0,0.0,0.0,0.0,0.0,0.0,0.0,0.0,0.0,0.0,0.0
IPQ,0.0,0.0,0.0,0.0,0.0,0.0,0.0,0.0,0.0,0.0,0.0,0.0,0.0,0.0,0.0,0.0
IPS,0.0,0.0,0.3243183581758855,1.3862943611198906,0.0,3.217184111532723,0.0,0.0,0.358351893845611,0.0,0.0,0.0,1.4853153869141684,0.5941261547656673,1.2070784343255752,0.0
IPV,0.8047189562170501,0.0,0.5941261547656673,0.0,0.0,0.5493061443340549,0.0,0.0,0.648636716351771,0.5941261547656673,0.47957905455967414,0.0,0.0,0.0,0.0,0.0
IPY,0.0,0.0,0.0,0.0,0.0,0.0,0.0,0.0,0.0,0.0,0.0,0.0,0.0,0.0,0.0,0.0
IQA,0.0,3.2188758248682006,0.0,0.0,3.2188758248682006,1.9160929006178673,0.27465307216702745,2.3509070164107744,0.0,3.1780538303479458,0.0,0.0,0.0,0.21374577978846138,0.0,2.580218703329911
IQD,0.0,0.0,0.0,0.0,0.0,0.0,0.0,0.0,0.0,0.0,0.0,0.0,0.0,0.0,0.0,0.0
IQE,0.0,0.0,0.0,0.0,0.0,0.0,0.0,0.0,0.0,0.0,0.6931471805599453,1.0986122886681098,0.0,0.0,1.0986122886681098,0.0
IQF,0.0,0.0,0.9241962407465937,1.0986122886681098,0.0,0.0,0.0,0.0,0.0,0.0,1.6094379124341003,1.6479184330021646,1.0986122886681098,0.0,1.6094379124341003,1.9459101490553132
IQG,0.0,0.0,0.0,0.0,0.0,0.0,0.0,0.0,0.0,0.0,0.0,0.6931471805599453,0.0,0.0,0.9241962407465937,0.6931471805599453
IQI,1.9459101490553132,0.0,0.46209812037329684,1.9459101490553132,1.2070784343255752,0.0,0.0,1.0986122886681098,0.5493061443340549,0.40235947810852507,0.0,0.0,1.9459101490553132,1.6094379124341003,0.5493061443340549,1.3862943611198906
IQK,3.324909319864716,2.021525633917275,2.654454765205741,0.0,1.7163644471008168,2.7494223486289533,1.783808990044652,2.9922167728337525,1.9028935265293434,0.7185348377317003,3.437053985014651,1.7300032783987034,1.0986122886681098,1.976783494931689,0.5784571020204704,2.5954778875878497
IQL,0.0,0.0,0.0,0.0,0.0,0.0,0.0,0.0,0.0,0.0,0.0,0.0,0.0,0.0,0.0,0.0
IQM,2.2330485096744495,2.1249100080421623,0.891189232148501,0.0,0.8047189562170501,0.3243183581758855,0.0,0.8047189562170501,0.5493061443340549,0.0,0.0,1.782378464297002,0.0,0.0,1.5474572577726913,0.0
IQP,0.0,0.0,0.0,0.0,0.0,0.0,0.0,0.0,0.0,0.0,0.0,0.0,0.0,0.0,0.0,0.0
IQR,0.0,0.0,0.0,0.6931471805599453,0.0,0.0,0.6931471805599453,0.0,1.0986122886681098,0.0,0.0,0.0,0.0,0.6931471805599453,1.0986122886681098,0.0
IQS,0.0,0.0,0.0,0.0,0.0,0.0,0.0,0.0,0.0,0.0,0.0,0.0,0.0,0.0,0.0,0.0
IQV,0.0,0.0,0.0,0.0,0.0,0.0,0.0,0.0,0.0,0.0,0.0,0.0,0.0,0.0,0.0,0.0
IQY,0.0,1.6215917908794277,0.5493061443340549,0.0,1.6215917908794277,0.0,0.0,1.3732653608351373,0.0,1.9459101490553132,0.0,0.0,0.0,0.0,1.791759469228055,1.791759469228055
IRA,0.0,0.0,0.0,1.3862943611198906,0.0,0.0,1.4853153869141684,0.6931471805599453,1.2792139405522478,0.9729550745276566,0.0,0.0,0.0,0.0,0.9591581091193483,0.8047189562170501
IRD,0.0,0.0,0.0,0.0,0.0,0.0,0.0,0.0,0.0,0.0,0.0,0.0,0.0,0.0,0.0,0.0
IRE,0.5493061443340549,0.5493061443340549,1.3862943611198906,0.46209812037329684,1.4853153869141684,1.3732653608351373,0.0,0.5493061443340549,0.5493061443340549,0.9729550745276566,0.5941261547656673,0.0,0.0,0.9241962407465937,0.6931471805599453,1.0986122886681098
IRF,0.0,0.0,0.0,0.0,0.0,0.0,0.0,0.0,0.0,0.0,0.0,0.0,0.0,0.0,0.0,0.0
IRG,0.0,1.4387371636790223,1.1605929433295186,1.6094379124341003,1.5813042316832728,0.9241962407465937,1.023371152441798,0.716703787691222,0.9036024181047274,0.9729550745276566,1.5350567286626973,1.5813042316832728,1.433407575382444,1.3732653608351373,1.3732653608351373,2.302585092994046
IRI,1.9459101490553132,1.3862943611198906,1.1882523095313346,0.0,0.9241962407465937,1.6094379124341003,1.791759469228055,0.9729550745276566,1.3732653608351373,1.2070784343255752,1.9629593194442934,2.402910225941144,1.0750556815368328,1.0986122886681098,2.033105440735637,0.9241962407465937
IRK,0.0,0.648636716351771,0.8047189562170501,0.0,0.0,0.0,0.511685576220899,0.6931471805599453,0.9036024181047274,0.0,0.8549831191538455,0.0,0.0,0.0,0.0,0.358351893845611
IRL,0.6931471805599453,0.46209812037329684,0.0,0.0,0.0,1.1295030226309093,0.0,0.9241962407465937,0.5493061443340549,0.5493061443340549,0.8047189562170501,1.0986122886681098,0.6931471805599453,0.8047189562170501,1.297273432703542,0.0
IRN,0.0,1.6215917908794277,2.2330485096744495,0.0,2.2330485096744495,1.4853153869141684,2.046742304883596,0.0,2.033105440735637,1.3862943611198906,0.0,2.3978952727983707,0.0,1.4853153869141684,0.0,0.0
IRP,0.6931471805599453,0.0,0.9241962407465937,0.0,0.0,0.0,0.6931471805599453,0.6931471805599453,1.2070784343255752,0.5493061443340549,0.5493061443340549,0.0,0.0,0.0,0.0,1.3862943611198906
IRQ,1.2070784343255752,0.0,1.0986122886681098,0.9241962407465937,0.6931471805599453,0.40235947810852507,0.6931471805599453,0.0,0.0,0.5493061443340549,0.46209812037329684,0.6931471805599453,0.5493061443340549,0.8047189562170501,0.0,0.0
IRR,0.0,0.0,0.0,0.0,0.0,0.0,0.0,0.0,0.0,0.0,0.0,0.0,0.0,0.0,0.0,0.0
IRS,0.0,0.0,0.0,0.0,0.0,0.0,0.0,0.0,0.0,0.0,0.0,0.0,0.0,0.0,0.0,0.0
IRT,0.0,2.351203577673075,2.436052919644854,1.791759469228055,1.3862943611198906,1.791759469228055,2.3978952727983707,0.0,2.3978952727983707,1.6215917908794277,0.0,1.791759469228055,1.791759469228055,0.0,0.0,1.791759469228055
IRY,1.0986122886681098,0.5941261547656673,0.648636716351771,0.716703787691222,0.0,2.5900935650378925,0.648636716351771,0.0,0.0,0.891189232148501,0.385638068013647,2.351203577673075,1.1090354888959124,0.8047189562170501,1.5350567286626973,1.9237120180961527
ISA,2.772588722239781,2.1249100080421623,0.648636716351771,0.9241962407465937,0.29706307738283366,0.29706307738283366,0.5493061443340549,0.46209812037329684,1.0986122886681098,0.0,1.0750556815368328,1.5813042316832728,1.782378464297002,1.433407575382444,0.511685576220899,1.9459101490553132
ISC,0.0,0.0,0.0,0.0,0.0,0.0,0.0,0.0,0.0,0.0,0.0,0.0,0.0,0.0,0.0,0.0
ISD,0.0,0.40235947810852507,0.0,0.6931471805599453,0.8047189562170501,0.6931471805599453,0.5493061443340549,0.0,0.0,0.0,0.0836988609067404,0.0,0.46209812037329684,0.0,0.0,0.0
ISE,0.6931471805599453,0.0,0.0,0.0,0.0,0.0,0.0,0.0,0.3243183581758855,0.0,0.5493061443340549,0.0,0.0,0.0,0.0,0.0
ISF,0.0,0.0,0.0,0.5493061443340549,0.0,0.0,0.0,0.5493061443340549,0.5493061443340549,0.0,0.0,0.0,0.0,0.0,1.0986122886681098,0.6931471805599453
ISG,0.0,0.0,0.0,0.0,0.0,0.0,0.0,0.0,0.0,0.0,0.0,0.0,0.0,0.0,0.0,0.0
ISH,0.0,0.0,0.6931471805599453,0.0,0.0,0.0,0.0,0.0,0.0,0.0,0.0,0.5493061443340549,0.6931471805599453,0.0,0.0,0.0
ISI,0.0,0.0,0.0,0.0,0.0,0.0,0.0,0.0,0.0,0.0,0.0,0.0,0.0,0.0,0.0,0.0
ISK,1.1882523095313346,0.716703787691222,1.0750556815368328,1.3862943611198906,0.46209812037329684,0.10926586129582751,0.0,0.358351893845611,1.4853153869141684,0.358351893845611,0.10030327535122845,0.6931471805599453,0.46209812037329684,0.891189232148501,0.46209812037329684,0.0
ISL,0.0,0.0,0.0,0.0,0.0,0.0,0.0,0.0,0.0,0.0,0.0,0.0,0.0,0.0,0.0,0.0
ISM,1.6215917908794277,1.0986122886681098,0.716703787691222,1.0986122886681098,0.0,0.0,0.0,1.791759469228055,1.2070784343255752,0.5493061443340549,2.535259127695638,2.5713524440127005,1.0750556815368328,0.6931471805599453,2.5254718724898555,2.049711555589573
ISN,0.0,0.0,0.0,0.0,0.0,0.0,0.0,0.0,0.0,0.0,0.0,0.0,0.0,0.0,0.0,0.0
ISP,3.0398775768545567,2.4577664262476278,0.2558427881104495,0.0,2.033231729642506,0.2850449287208318,2.961959564600181,0.0,2.049711555589573,2.518257283289107,0.0,0.0,0.0,0.0,0.0,0.0
ISQ,0.0,0.0,0.0,0.0,0.0,0.0,0.0,0.0,0.0,0.0,0.0,0.0,0.0,0.0,0.0,0.0
ISR,0.0,0.648636716351771,0.40235947810852507,1.0986122886681098,0.0,0.0,0.29706307738283366,0.0,0.5493061443340549,0.0,1.3862943611198906,0.0,2.1972245773362196,0.0,0.0,1.6094379124341003
ISS,0.0,0.9036024181047274,0.46209812037329684,0.0,1.1882523095313346,0.0,0.0,0.0,0.0,0.0,0.0,0.0,0.0,1.3862943611198906,0.0,0.0
IST,0.0,0.9241962407465937,0.46209812037329684,0.0,0.716703787691222,0.0,0.9241962407465937,0.6931471805599453,0.0,0.6931471805599453,0.0,0.0,0.6931471805599453,0.0,0.0,0.0
ISV,0.9241962407465937,0.9241962407465937,1.0986122886681098,0.0,0.6931471805599453,1.0750556815368328,0.5493061443340549,0.5493061443340549,0.46209812037329684,0.40235947810852507,0.0,0.9241962407465937,0.0,0.9241962407465937,0.358351893845611,0.0
ISW,0.0,0.0,0.0,0.0,0.0,0.0,0.0,0.0,0.0,0.0,0.0,0.0,0.0,0.0,0.0,0.0
ISY,2.9506361727958503,2.7316465323956876,0.358351893845611,0.0,1.7435577384702752,0.511685576220899,3.0853745464585223,0.0,2.5146180438806236,0.5941261547656673,0.46209812037329684,0.0,0.0,0.0,0.0,0.0
ITA,0.0,1.0986122886681098,1.0986122886681098,0.0,0.0,0.0,0.0,0.0,0.0,0.0,0.0,0.0,1.6094379124341003,0.0,0.0,0.8047189562170501
ITC,0.0,0.0,0.0,0.0,0.0,0.0,0.0,0.0,0.0,0.0,0.0,0.0,0.0,0.0,0.0,0.0
ITD,2.0794415416798357,1.709966238307691,1.1882523095313346,0.0,1.6785266909588594,1.0750556815368328,1.3862943611198906,1.6215917908794277,1.6479184330021646,0.8047189562170501,2.1249100080421623,2.3019858420456756,2.0794415416798357,2.1972245773362196,2.1972245773362196,1.0986122886681098
ITE,0.0,0.0,0.0,0.0,0.0,0.0,0.0,0.0,0.0,0.0,0.0,0.0,0.0,0.0,0.0,0.0
ITF,0.0,0.0,0.0,0.0,0.0,0.0,0.0,0.0,0.0,0.0,0.0,0.0,0.0,0.0,0.0,0.0
ITG,0.0,0.0,0.358351893845611,0.0,0.46209812037329684,0.0,0.0,0.0,0.0,0.0,0.46209812037329684,0.29706307738283366,0.0,0.358351893845611,0.0,0.0
ITH,0.0,0.0,0.0,0.0,0.0,0.0,0.0,0.0,0.0,0.0,0.0,0.6931471805599453,0.0,0.0,1.0986122886681098,0.0
ITI,0.0,0.0,0.0,0.0,0.0,0.0,0.0,0.0,0.0,0.0,0.0,0.0,0.0,0.0,0.0,0.0
ITK,0.0,0.0,0.0,0.0,0.0,0.6931471805599453,0.0,0.5493061443340549,0.0,0.0,0.0,0.0,0.0,1.0986122886681098,0.0,0.5493061443340549
ITL,0.5493061443340549,0.6931471805599453,0.0,0.0,0.0,0.6931471805599453,0.0,0.6931471805599453,0.6931471805599453,0.0,0.6931471805599453,0.0,0.0,0.0,0.6931471805599453,1.3862943611198906
ITP,0.0,0.0,0.0,0.0,0.0,0.0,0.0,0.0,0.0,0.0,0.0,0.0,0.0,0.0,0.0,0.0
ITQ,0.0,0.0,0.0,0.0,0.0,1.0986122886681098,1.0986122886681098,0.8047189562170501,0.0,1.0986122886681098,0.0,0.0,0.0,0.0,0.0,0.0
ITR,0.0,0.0,0.0,0.0,1.297273432703542,0.0,0.0,0.0,0.0,0.0,0.0,0.0,0.0,1.6094379124341003,0.0,0.0
ITS,0.0,0.46209812037329684,0.0,0.0,0.0,0.0,0.0,0.40235947810852507,0.0,0.0,0.0,0.0,0.0,0.0,0.5493061443340549,0.0
ITT,0.0,0.0,0.0,0.0,0.0,4.173958686506807,0.0,0.1934321572215864,0.0,0.0,0.0,0.0,0.0,0.0,0.0,0.0
ITV,0.0,0.0,0.5493061443340549,0.0,0.0,0.0,0.6931471805599453,0.0,0.5941261547656673,0.0,1.0986122886681098,0.0,0.0,0.6931471805599453,0.0,0.0
IVA,0.6931471805599453,0.0,1.0986122886681098,0.0,0.0,0.0,0.0,0.0,0.6931471805599453,0.5493061443340549,0.0,0.8047189562170501,0.0,0.46209812037329684,0.5493061443340549,0.0
IVC,0.0,0.6931471805599453,0.0,0.0,0.0,0.0,0.6931471805599453,0.0,0.0,0.0,0.0,0.0,0.6931471805599453,0.0,0.0,0.0
IVD,0.0,0.0,0.0,0.0,0.0,0.0,0.0,0.0,0.0,0.0,0.0,0.0,0.0,0.0,0.0,0.0
IVE,0.8047189562170501,0.9729550745276566,0.648636716351771,0.0,0.0,0.0,0.0,0.9729550745276566,1.4853153869141684,0.0,0.2785179050028231,0.5015163767561422,0.0,0.0,0.5228453031602079,0.0
IVF,0.0,0.0,0.0,0.0,0.0,0.0,0.0,0.0,0.0,0.0,0.0,0.0,0.0,0.0,0.6931471805599453,0.6931471805599453
IVG,0.5493061443340549,0.22590060452618185,0.0,0.0,0.0,0.22590060452618185,0.0,0.0,0.0,0.0,0.0,0.0,0.0,0.0,0.0,0.29438499555793485
IVH,0.0,0.0,0.0,0.0,0.0,0.0,0.0,0.0,0.0,0.0,0.0,0.0,0.0,0.0,0.0,0.0
IVI,0.23978952727983707,0.0,0.2030044099704045,0.0,0.0,3.4196300049894988,0.0,0.0,0.0,0.0,0.15727302530897302,0.0,0.1934321572215864,0.0,0.0,0.0
IVK,0.6931471805599453,0.358351893845611,0.716703787691222,0.40235947810852507,0.29706307738283366,0.40235947810852507,0.358351893845611,0.0,0.46209812037329684,0.0,0.648636716351771,1.6094379124341003,1.0986122886681098,0.0,0.9241962407465937,0.0
IVL,0.0,0.0,0.42749155957692275,0.8239592165010823,0.22590060452618185,0.0,0.26823965207235,0.0,0.7126123218020795,0.5312275020105406,4.72461573820874,1.218026459822427,0.5941261547656673,0.2030044099704045,0.9133567313170269,0.5700898574416636
IVM,0.0,0.0,0.6931471805599453,0.0,0.9241962407465937,1.2070784343255752,0.0,0.0,0.0,0.6931471805599453,1.3862943611198906,0.0,0.0,0.0,0.0,0.0
IVN,1.0986122886681098,0.46209812037329684,1.6094379124341003,1.297273432703542,0.0,1.6785266909588594,0.648636716351771,1.0750556815368328,1.7908995167731467,1.1882523095313346,1.2792139405522478,1.791759469228055,1.297273432703542,1.0986122886681098,1.9183162182386966,1.0986122886681098
IVP,0.0,0.0,0.0,0.0,0.0,0.0,0.0,0.0,0.0,0.0,0.0,0.0,0.0,0.0,0.0,0.0
IVQ,0.0,0.0,0.0,0.0,0.0,0.0,0.0,0.0,0.0,0.0,0.0,0.0,0.0,0.0,0.0,0.0
IVR,0.0,1.297273432703542,0.0,0.716703787691222,0.0,0.0,0.8047189562170501,0.0,0.0,0.358351893845611,0.9241962407465937,1.4853153869141684,1.8072048362094548,0.0,0.46209812037329684,1.6215917908794277
IVS,0.8047189562170501,0.0,0.0,0.0,0.716703787691222,0.0,0.0,0.0,0.0,0.0,0.134119826036175,0.4691306733327111,0.0,0.0,0.42756739308124764,0.0
IVT,0.0,0.0,1.791759469228055,1.782378464297002,0.6931471805599453,0.21374577978846138,0.0,2.66202208408042,1.3732653608351373,0.5493061443340549,0.4518012090523637,0.812017639881618,0.5493061443340549,0.8047189562170501,0.9814796597221467,3.8501476017100584
IVV,0.0,0.0,0.46209812037329684,0.9729550745276566,0.0,0.3243183581758855,0.0,0.5493061443340549,0.40235947810852507,0.0,0.716703787691222,1.433407575382444,0.716703787691222,0.0,1.1882523095313346,1.6094379124341003
IVY,0.0,0.0,0.0,0.0,0.0,0.0,0.0,0.0,0.0,0.0,0.0,0.0,0.0,0.0,0.0,0.0
IWF,2.137457797884614,0.0,1.0750556815368328,2.302585092994046,0.891189232148501,0.0,0.40235947810852507,2.0794415416798357,1.0986122886681098,0.891189232148501,0.0,0.8047189562170501,2.1581057455185335,2.046742304883596,0.5493061443340549,1.6215917908794277
IWG,0.0,0.0,0.0,0.0,0.0,3.954110106969375,0.0,0.0,0.0,0.0,0.45667836565851344,0.0,0.0,0.0,0.0,0.0
IWI,0.0,0.0,0.0,0.0,0.0,0.0,0.0,0.6931471805599453,0.0,0.0,0.0,0.0,0.0,0.6931471805599453,0.0,0.0
IWT,0.0,0.0,0.0,0.0,0.0,0.0,0.0,0.0,0.0,0.0,0.0,0.0,0.0,0.0,0.0,0.0
IWV,0.0,0.6931471805599453,0.0,0.0,0.40235947810852507,0.0,0.0,0.0,0.40235947810852507,0.0,0.0,0.0,0.0,0.0,0.5493061443340549,0.0
IYA,1.433407575382444,0.0,0.0,0.0,0.0,1.433407575382444,0.0,0.5493061443340549,0.0,0.0,1.5350567286626973,0.0,0.0,0.0,0.0,0.0
IYD,2.0794415416798357,0.5493061443340549,0.6931471805599453,0.0,0.0,0.0,0.46209812037329684,0.0,0.9241962407465937,0.5493061443340549,1.3862943611198906,0.6931471805599453,0.46209812037329684,0.0,0.9241962407465937,0.9241962407465937
IYF,0.0,0.6931471805599453,0.6931471805599453,0.0,0.0,0.0,0.6931471805599453,0.0,0.0,0.0,0.6931471805599453,1.0986122886681098,0.6931471805599453,0.0,0.6931471805599453,1.0986122886681098
IYG,0.0,0.0,0.0,0.0,0.0,0.0,0.0,0.0,0.0,0.0,0.0,0.0,0.0,0.0,0.0,0.0
IYI,0.708303336014054,1.354025100551105,0.6777018135785455,1.791759469228055,1.6785266909588594,0.0,0.0,1.1989476363991853,0.0,1.2792139405522478,0.7819431691251557,0.7605777383086914,0.6412373393653842,0.0,1.3601749448923126,1.416606672028108
IYL,0.0,0.5493061443340549,0.0,0.0,0.5493061443340549,0.0,0.0,1.1450596030091713,0.0,0.0,0.0,0.0,0.0,0.0,0.40235947810852507,2.3509070164107744
IYN,0.6931471805599453,1.0986122886681098,0.0,1.0986122886681098,0.6931471805599453,0.9241962407465937,0.6931471805599453,1.3862943611198906,0.6931471805599453,1.3862943611198906,0.6931471805599453,0.0,1.0986122886681098,0.6931471805599453,0.9241962407465937,0.0
IYP,0.0,0.0,0.29706307738283366,0.0,0.358351893845611,2.4356858665839884,0.0,0.0,0.0,0.358351893845611,3.2768487453532504,0.0,0.0,0.0,0.0,0.0
IYQ,0.24052113071331957,0.7393569925972749,0.0,0.0,1.297273432703542,3.5091040426862365,0.34339872044851466,2.1492572089677497,0.26823965207235,2.8656762786236665,1.8603969360447026,0.0,0.0,0.15222612188617116,2.6831503763610787,2.1371881967370676
IYR,0.0,0.0,0.0,0.0,0.0,0.0,0.0,0.0,0.0,0.0,0.0,0.0,0.0,0.0,0.0,0.0
IYS,3.332204510175204,2.210820055894223,1.2792139405522478,0.5493061443340549,0.7675283643313486,1.0750556815368328,2.1249100080421623,1.782378464297002,2.218070977791825,2.4790616760491893,0.0,1.7908995167731467,1.6094379124341003,0.6931471805599453,1.9478341740386487,0.6931471805599453
IYT,0.0,0.5493061443340549,0.0,0.8047189562170501,0.0,0.3243183581758855,0.0,0.6931471805599453,0.0,0.0,0.0,0.0,0.9241962407465937,0.6931471805599453,0.6931471805599453,0.0
IYV,0.0,0.5493061443340549,0.0,0.0,0.0,0.0,0.0,0.8047189562170501,0.0,0.0,0.0,0.0,0.0,0.40235947810852507,0.0,0.0
IYW,0.0,0.0,0.0,0.0,0.0,0.0,0.0,0.0,0.0,0.0,1.433407575382444,1.6094379124341003,0.0,0.0,0.9729550745276566,1.0986122886681098
KAA,0.0,0.0,1.0986122886681098,0.0,0.0,0.0,0.0,0.0,0.0,0.0,0.5493061443340549,0.5493061443340549,0.6931471805599453,0.0,0.0,0.0
KAC,0.0,0.0,1.0750556815368328,0.6931471805599453,0.9241962407465937,1.0986122886681098,0.6931471805599453,0.0,1.433407575382444,1.0986122886681098,1.1882523095313346,0.5493061443340549,0.0,0.0,1.2070784343255752,0.0
KAD,0.0,0.0,0.0,1.3862943611198906,0.0,0.6931471805599453,0.5493061443340549,0.5493061443340549,1.0986122886681098,0.0,0.8047189562170501,0.0,0.6931471805599453,1.0986122886681098,0.0,0.6931471805599453
KAE,0.5493061443340549,0.6931471805599453,1.3862943611198906,0.6931471805599453,0.5493061443340549,0.6931471805599453,0.0,0.0,1.3862943611198906,0.0,0.0,0.6931471805599453,0.6931471805599453,0.0,0.0,0.0
KAF,0.0,0.0,0.0,0.6931471805599453,0.0,0.648636716351771,0.0,0.5493061443340549,0.5493061443340549,0.648636716351771,0.0,0.0,0.0,0.0,0.29706307738283366,0.0
KAG,0.0,0.0,0.0,0.0,0.0,0.0,0.0,0.0,0.0,0.27465307216702745,0.0,0.0,0.0,0.0,0.42749155957692275,0.8047189562170501
KAI,0.0,0.0,0.0,0.0,0.0,0.0,0.0,0.0,0.0,0.0,0.5493061443340549,0.8239592165010823,0.0,0.0,0.40235947810852507,0.716703787691222
KAK,0.6931471805599453,0.6931471805599453,0.46209812037329684,0.0,0.0,0.6931471805599453,0.6931471805599453,1.0986122886681098,0.5493061443340549,0.6931471805599453,1.0986122886681098,0.6931471805599453,0.0,1.0986122886681098,0.5493061443340549,0.0
KAL,1.218026459822427,0.44157749333690227,2.2238814317981506,2.207381675250309,0.21374577978846138,1.2625528657860041,2.1121058421869363,2.364666316739703,1.0456906063204159,0.731983424424291,2.945814984383968,1.8776775645064505,2.137836965406238,3.2050547241861365,1.5223905230188228,2.22629621401804
KAM,0.0,0.358351893845611,0.6931471805599453,0.0,0.0,0.0,0.3243183581758855,0.9241962407465937,0.0,1.0986122886681098,0.29706307738283366,0.5493061443340549,0.0,0.0,1.0750556815368328,0.5493061443340549
KAN,0.0,0.6931471805599453,0.6931471805599453,0.6931471805599453,0.0,1.3862943611198906,0.5493061443340549,0.5493061443340549,1.0750556815368328,0.5493061443340549,0.8047189562170501,0.6931471805599453,0.6931471805599453,0.6931471805599453,1.3862943611198906,0.6931471805599453
KAP,1.4853153869141684,1.2070784343255752,1.3732653608351373,1.0750556815368328,0.0,1.2070784343255752,0.9671607861079322,1.433407575382444,1.9237120180961527,1.1989476363991853,1.8270396897336403,1.8072048362094548,0.9241962407465937,0.0,2.2330485096744495,1.6215917908794277
KAQ,0.0,0.0,0.0,0.0,0.0,0.0,0.6931471805599453,0.0,0.0,0.0,0.6931471805599453,1.3862943611198906,0.0,1.0986122886681098,1.0986122886681098,0.0
KAR,0.0,0.6931471805599453,1.0986122886681098,0.6931471805599453,0.0,0.0,0.0,0.0,0.9241962407465937,0.0,0.0,0.6931471805599453,1.0986122886681098,0.6931471805599453,0.6931471805599453,0.0
KAS,0.0,0.0,0.0,0.0,0.0,0.5493061443340549,0.0,0.6931471805599453,0.0,0.0,0.0,0.0,0.0,0.5493061443340549,0.0,0.46209812037329684
KAT,0.0,0.0,1.3862943611198906,1.0986122886681098,0.0,0.0,0.0,0.0,0.0,0.46209812037329684,0.0,0.9729550745276566,1.791759469228055,0.0,0.0,1.0986122886681098
KAV,0.0,0.0,0.0,0.0,0.0,0.0,0.0,0.0,0.0,0.0,0.0,0.0,0.0,0.0,0.0,0.0
KAW,0.6931471805599453,0.0,0.6931471805599453,0.0,0.0,0.0,0.0,1.0986122886681098,0.0,0.0,0.0,0.0,0.9241962407465937,0.5493061443340549,0.0,0.6931471805599453
KCC,0.9241962407465937,1.6215917908794277,1.9459101490553132,1.0986122886681098,0.0,0.0,2.0794415416798357,0.0,2.5146180438806236,0.6931471805599453,2.3978952727983707,1.6094379124341003,0.0,0.0,1.782378464297002,1.0986122886681098
KCF,0.5493061443340549,1.0986122886681098,0.0,0.0,1.0986122886681098,1.0986122886681098,0.6931471805599453,0.5493061443340549,1.0986122886681098,0.0,1.3862943611198906,0.6931471805599453,0.0,1.0986122886681098,1.0986122886681098,0.0
KCG,0.0,0.0,0.0,0.0,0.0,0.0,0.0,0.0,0.0,0.0,0.0,0.0,0.0,0.0,0.0,0.0
KCI,0.0,0.0,0.0,0.0,0.0,0.0,0.0,0.0,0.0,0.0,0.0,0.0,0.0,0.0,0.0,0.0
KCK,0.0,0.5493061443340549,0.0,0.0,0.0,0.0,0.6931471805599453,0.0,0.40235947810852507,1.3862943611198906,0.7675283643313486,0.0,0.0,0.0,0.0,0.0
KCL,0.0,0.6931471805599453,0.0,0.6931471805599453,0.6931471805599453,0.0,0.6931471805599453,0.0,0.0,0.0,0.0,0.0,0.6931471805599453,0.0,0.0,0.0
KCP,0.0,0.0,0.0,0.0,0.0,0.0,0.0,0.0,0.0,0.0,0.0,0.0,0.0,0.0,0.0,0.0
KCR,0.0,0.5493061443340549,0.5493061443340549,0.0,0.0,0.6931471805599453,0.6931471805599453,0.6931471805599453,0.6931471805599453,0.0,1.2070784343255752,1.0986122886681098,0.0,0.0,1.2070784343255752,0.8047189562170501
KCY,0.0,0.0,0.0,0.0,0.0,0.0,0.0,0.0,0.0,0.0,0.0,0.0,0.0,0.0,0.0,0.0
KDA,0.0,0.0,0.0,1.433407575382444,0.0,0.46209812037329684,0.0,0.5493061443340549,1.0750556815368328,0.0,0.0,0.0,0.6931471805599453,0.358351893845611,0.358351893845611,0.5493061443340549
KDD,0.0,0.0,0.648636716351771,0.46209812037329684,0.5493061443340549,0.0,0.0,0.0,0.40235947810852507,0.40235947810852507,1.3862943611198906,0.0,0.5493061443340549,0.0,0.5493061443340549,0.5493061443340549
KDE,2.210820055894223,1.8270396897336403,1.1295030226309093,0.0,1.6215917908794277,1.740889414994278,1.1989476363991853,1.9237120180961527,1.297273432703542,0.9241962407465937,1.0150220498520226,0.358351893845611,1.6479184330021646,1.1989476363991853,0.0,0.0
KDF,0.8047189562170501,0.0,0.46209812037329684,0.0,0.6931471805599453,0.0,1.433407575382444,0.0,0.648636716351771,1.297273432703542,1.1090354888959124,0.0,0.0,0.0,0.0,0.0
KDG,0.0,0.3243183581758855,0.0,0.9241962407465937,0.0,0.0,0.0,0.5493061443340549,0.358351893845611,0.0,0.0,0.0,0.0,0.0,0.46209812037329684,1.0750556815368328
KDH,0.6931471805599453,0.5493061443340549,0.5493061443340549,0.0,0.5493061443340549,0.0,0.40235947810852507,0.0,0.9729550745276566,0.0,0.0,0.0,0.0,0.46209812037329684,0.0,0.0
KDI,0.0,0.0,0.6931471805599453,0.0,0.0,0.0,0.0,0.0,0.0,0.6931471805599453,0.0,0.0,0.0,0.0,0.0,0.0
KDK,0.0,0.0,0.0,0.0,0.0,0.0,0.0,0.0,0.0,0.0,0.0,0.0,0.0,0.0,0.0,0.0
KDL,0.0,0.358351893845611,0.0,1.6094379124341003,0.6777018135785455,0.12314478962461911,0.3271598865740489,0.23978952727983707,0.26823965207235,0.27465307216702745,0.15967440838482228,0.0,0.0,0.5941261547656673,0.8047189562170501,0.36967849629863747
KDM,0.0,0.0,0.0,0.0,0.0,0.0,0.0,0.0,0.0,0.0,0.0,0.0,0.0,0.0,0.0,0.0
KDN,0.6931471805599453,0.0,0.0,0.6931471805599453,0.0,0.0,0.0,0.6931471805599453,0.6931471805599453,0.0,0.0,0.0,0.0,0.6931471805599453,0.6931471805599453,0.0
KDQ,0.0,0.0,0.0,0.0,0.0,0.0,0.0,0.0,0.0,0.0,0.0,0.0,0.0,0.0,0.0,0.0
KDR,0.8047189562170501,0.0,0.0,1.0986122886681098,0.0,0.0,0.0,0.9241962407465937,0.0,0.0,0.0,0.0,0.716703787691222,1.0986122886681098,0.0,0.0
KDS,1.030347484452772,1.9953145010458224,0.5887699911158697,0.7675283643313486,0.8047189562170501,0.5603964491378726,0.49073982986107334,0.7359624888948371,1.1036908376251544,1.709966238307691,4.063333327907451,1.3732653608351373,1.5677471079645748,0.9241962407465937,1.8072048362094548,0.0
KDT,0.0,0.0,0.0,0.0,0.0,0.0,0.0,0.0,0.0,0.0,0.0,0.0,0.0,0.0,0.0,0.0
KDV,0.0,0.0,0.0,0.0,0.0,0.0,0.0,0.0,0.0,0.0,0.0,0.0,0.0,0.0,0.0,0.0
KDY,0.0,0.0,0.0,0.0,0.0,0.0,0.0,0.0,0.0,0.0,0.0,0.0,0.0,0.0,0.0,0.0
KEA,0.0,0.0,0.0,0.0,0.0,0.0,0.0,0.0,0.0,0.0,0.0,0.0,0.0,0.0,0.0,0.0
KEC,0.0,0.0,0.0,0.0,0.0,0.0,0.0,0.0,0.0,0.0,0.0,0.0,0.0,0.0,0.0,0.0
KED,0.0,0.0,0.6931471805599453,0.0,0.46209812037329684,0.46209812037329684,0.0,0.0,0.0,0.6931471805599453,0.0,0.0,0.0,0.0,0.0,0.0
KEE,0.0,0.0,0.0,0.0,0.0,0.0,0.0,0.0,0.0,0.0,0.0,0.0,0.0,0.0,0.0,0.0
KEF,0.6931471805599453,0.6931471805599453,0.5493061443340549,0.0,0.6931471805599453,0.0,0.716703787691222,0.0,0.0,0.6931471805599453,0.46209812037329684,0.9729550745276566,1.297273432703542,0.40235947810852507,0.46209812037329684,1.433407575382444
KEG,0.0,0.0,0.0,0.5941261547656673,0.6931471805599453,0.0,0.5493061443340549,0.0,1.297273432703542,0.40235947810852507,0.14719249777896742,0.46209812037329684,0.0,0.0,1.0750556815368328,0.8047189562170501
KEI,0.5493061443340549,0.0,0.9241962407465937,1.6094379124341003,0.8047189562170501,0.40235947810852507,0.3243183581758855,0.9241962407465937,1.6094379124341003,0.5493061443340549,0.358351893845611,0.9241962407465937,0.5493061443340549,1.3732653608351373,0.891189232148501,0.5493061443340549
KEK,0.0,0.0,0.0,0.5493061443340549,0.0,0.0,0.0,0.0,0.0,0.0,0.0,0.0,0.0,0.0,0.23978952727983707,0.0
KEL,0.0,0.29706307738283366,0.46209812037329684,0.0,0.5493061443340549,0.0,0.0,0.0,0.40235947810852507,0.0,0.0,0.0,0.0,0.0,0.0,0.0
KEM,0.46209812037329684,0.0,0.5493061443340549,0.0,0.0,0.0,0.9241962407465937,0.0,0.5493061443340549,1.0986122886681098,1.2792139405522478,0.46209812037329684,0.0,0.0,1.0986122886681098,0.6931471805599453
KEN,0.0,0.0,0.0,0.0,0.0,0.6931471805599453,0.0,0.6931471805599453,0.0,0.0,0.0,0.0,0.0,0.9241962407465937,0.0,0.6931471805599453
KEP,0.6931471805599453,0.0,0.0,0.6931471805599453,0.0,0.0,0.0,0.0,0.6931471805599453,0.0,0.3264236479455002,0.0,0.0,0.0,0.15222612188617116,0.0
KEQ,0.0,0.0,0.0,0.0,0.0,0.0,0.0,0.0,0.0,0.0,0.0,0.0,0.0,0.0,0.0,0.0
KER,0.0,0.0,0.0,0.0,0.0,0.0,0.0,0.0,0.0,0.0,0.0,0.0,0.0,0.0,0.0,0.0
KES,0.0,0.0,0.0,0.0,0.0,0.0,0.0,0.0,0.0,0.0,0.0,0.0,0.0,0.0,0.0,0.0
KET,3.1690739096195473,2.459252969409291,1.1295030226309093,0.0,1.0986122886681098,3.6825863157525647,2.5995004466930154,0.8741268903666201,2.3138284080818816,0.4471917293935131,1.187357980809621,1.6713233706850963,1.433407575382444,1.0986122886681098,0.5589896617418914,0.7077286138903786
KEV,0.0,0.46209812037329684,0.3243183581758855,0.6931471805599453,0.5493061443340549,0.27465307216702745,0.40235947810852507,0.46209812037329684,0.648636716351771,0.40235947810852507,0.0,0.40235947810852507,0.5493061443340549,0.46209812037329684,0.47957905455967414,0.648636716351771
KEW,0.0,0.5493061443340549,1.0986122886681098,0.0,0.6931471805599453,1.0986122886681098,0.6931471805599453,0.6931471805599453,1.0986122886681098,0.6931471805599453,1.3862943611198906,1.0986122886681098,0.6931471805599453,0.0,1.0986122886681098,0.0
KEY,0.6931471805599453,0.0,0.0,1.0986122886681098,0.0,0.40235947810852507,1.0986122886681098,0.6931471805599453,0.0,1.3862943611198906,0.5493061443340549,1.0986122886681098,1.3862943611198906,0.0,1.0986122886681098,0.0
KFA,0.0,0.0,0.6931471805599453,0.0,0.6931471805599453,0.6931471805599453,0.0,0.0,0.0,0.6931471805599453,0.0,0.0,0.0,0.0,0.0,0.0
KFD,0.0,0.0,0.0,0.0,0.0,0.0,0.0,0.0,0.0,0.0,0.0,0.0,0.0,0.0,0.0,0.0
KFE,0.0,0.0,1.0986122886681098,0.0,0.0,0.0,0.0,0.0,0.0,0.0,0.0,0.0,1.0986122886681098,0.0,0.0,1.0986122886681098
KFG,0.0,0.6931471805599453,0.0,1.0986122886681098,0.0,0.6931471805599453,1.0986122886681098,0.6931471805599453,0.0,1.0986122886681098,0.0,0.6931471805599453,1.0986122886681098,0.0,0.9241962407465937,0.0
KFI,0.0,0.0,0.0,0.0,0.0,0.0,0.0,0.0,0.0,0.0,0.0,0.0,0.0,0.0,0.0,0.0
KFK,0.0,0.0,0.0,0.0,0.0,0.3520176403644894,0.7126123218020795,2.4572701292270467,0.22590060452618185,3.127772676500623,0.0,3.2188758248682006,0.0,0.0,3.127772676500623,2.7180773055310725
KFL,0.0,0.0,0.0,0.0,0.0,0.0,0.0,0.0,0.0,0.0,0.0,0.0,0.0,0.0,0.0,0.0
KFN,0.0,0.5493061443340549,0.6931471805599453,0.0,0.6931471805599453,0.6931471805599453,0.0,0.40235947810852507,0.0,0.0,0.0,0.0,0.0,0.0,0.0,1.0986122886681098
KFP,0.0,0.0,0.0,0.0,0.0,0.0,0.0,0.0,0.0,0.0,0.0,0.0,0.0,0.0,0.0,0.0
KFR,0.0,0.0,0.0,0.0,0.0,0.0,0.0,0.0,0.0,0.0,0.0,0.0,0.0,0.0,0.0,0.0
KFS,1.297273432703542,1.0750556815368328,0.4518012090523637,1.6215917908794277,0.5493061443340549,0.6931471805599453,0.716703787691222,0.5493061443340549,0.8239592165010823,0.40235947810852507,0.0,0.5493061443340549,1.5350567286626973,0.0,0.0,1.6215917908794277
KFT,0.0,1.0986122886681098,0.0,0.6931471805599453,0.6931471805599453,1.0986122886681098,0.0,1.0986122886681098,0.6931471805599453,0.0,0.6931471805599453,0.0,0.9241962407465937,0.6931471805599453,0.5493061443340549,0.0
KFV,0.0,0.0,0.0,0.0,0.0,0.0,0.0,0.0,0.0,0.0,0.0,0.0,0.0,0.0,0.0,0.0
KFY,0.0,0.0,0.0,0.0,0.0,0.0,0.0,0.0,0.0,0.0,0.0,0.0,0.0,0.0,0.0,0.0
KGA,1.3862943611198906,1.3862943611198906,0.0,0.0,1.3862943611198906,1.740889414994278,1.5350567286626973,1.9459101490553132,1.2070784343255752,1.6479184330021646,0.891189232148501,1.3862943611198906,0.0,1.3862943611198906,1.355403627157091,1.782378464297002
KGE,0.0,0.0,0.0,0.0,0.0,0.0,0.0,0.0,0.0,0.0,0.0,0.0,0.0,0.0,0.0,0.0
KGF,0.5493061443340549,0.6931471805599453,0.0,0.0,0.0,0.5493061443340549,0.9241962407465937,1.0986122886681098,0.648636716351771,0.6931471805599453,0.8047189562170501,0.0,0.0,0.8047189562170501,0.46209812037329684,0.0
KGG,0.0,0.0,0.0,0.0,0.0,0.0,0.0,0.0,0.0,0.0,0.0,0.0,0.0,0.0,0.0,0.0
KGI,0.0,0.0,0.0,0.0,0.0,0.0,0.0,0.0,0.0,0.0,0.0,0.0,0.0,0.0,0.0,0.0
KGK,1.0986122886681098,0.0,0.6931471805599453,1.297273432703542,1.0750556815368328,1.6094379124341003,1.297273432703542,1.4387371636790223,1.3862943611198906,0.9241962407465937,0.716703787691222,1.297273432703542,0.46209812037329684,1.6785266909588594,1.1989476363991853,1.782378464297002
KGL,0.0,0.0,0.0,0.0,0.0,0.5493061443340549,0.0,0.46209812037329684,0.0,0.0,0.0,0.0,0.0,0.5493061443340549,0.0,0.0
KGQ,0.46209812037329684,0.6931471805599453,0.46209812037329684,0.0,0.0,1.0986122886681098,0.6931471805599453,1.0986122886681098,1.0986122886681098,0.6931471805599453,1.9629593194442934,1.782378464297002,0.0,0.9241962407465937,1.709966238307691,0.0
KGR,0.406008819940809,0.49073982986107334,0.6777018135785455,0.0,0.5100656043346173,0.2558427881104495,0.21374577978846138,0.36967849629863747,1.0624550040210812,0.0,0.6555951677749651,0.39097158456257786,0.0,0.358351893845611,0.34606022634275635,0.0
KGS,0.0,2.402910225941144,0.0,1.0986122886681098,0.0,2.910373223234746,0.40235947810852507,0.0,0.5941261547656673,1.8270396897336403,2.435817072595037,0.0,2.4790616760491893,1.5474572577726913,0.5312275020105406,0.5545177444479562
KGT,0.0,0.0,0.5493061443340549,0.0,0.0,0.0,0.0,0.0,0.0,0.6931471805599453,0.6931471805599453,0.0,0.0,0.0,0.0,0.0
KGV,0.0,0.0,0.5493061443340549,1.2070784343255752,0.5493061443340549,0.40235947810852507,0.0,0.6931471805599453,0.9241962407465937,0.6931471805599453,0.716703787691222,0.6931471805599453,0.6931471805599453,0.9241962407465937,1.0986122886681098,0.0
KHC,0.5493061443340549,0.0,0.6931471805599453,0.0,0.0,0.0,0.0,0.0,0.0,0.0,0.0,0.6931471805599453,0.6931471805599453,0.0,0.0,0.0
KHG,0.0,0.0,0.0,0.0,0.0,0.0,0.0,0.0,0.0,0.0,0.0,0.0,0.0,0.0,0.0,0.0
KHI,0.0,0.0,0.0,0.0,0.0,0.0,0.0,0.0,0.0,0.0,0.0,0.0,0.0,0.0,0.0,0.0
KHN,0.0,1.0986122886681098,1.3862943611198906,0.9241962407465937,1.0986122886681098,2.5649493574615367,1.433407575382444,1.6094379124341003,0.0,2.1972245773362196,1.0986122886681098,0.0,0.9241962407465937,0.0,1.0986122886681098,1.0986122886681098
KHP,1.791759469228055,1.2070784343255752,0.6931471805599453,0.6931471805599453,0.0,0.6931471805599453,0.6931471805599453,1.6094379124341003,1.0986122886681098,0.0,0.0,0.6931471805599453,1.0986122886681098,0.9241962407465937,0.6931471805599453,0.6931471805599453
KHQ,0.0,0.0,0.0,0.5493061443340549,0.0,0.0,0.0,0.0,1.0986122886681098,1.3862943611198906,2.229761237555815,0.0,0.46209812037329684,0.0,0.0,0.0
KHS,1.0986122886681098,0.46209812037329684,1.297273432703542,1.2070784343255752,0.0,0.0,1.297273432703542,1.3862943611198906,2.030044099704045,0.9729550745276566,4.250178989865487,3.802917381223986,0.0,0.0,3.677970538945277,3.510614637292996
KHT,0.0,0.0,0.0,0.0,0.0,0.0,0.0,0.0,0.0,0.0,0.0,0.0,0.0,0.0,0.0,0.0
KHV,0.0,0.0,0.0,0.0,0.0,0.0,0.0,0.0,0.0,0.0,0.0,0.0,0.0,0.0,0.0,0.0
KHW,0.0,0.0,0.0,0.0,0.0,0.0,0.0,0.5493061443340549,0.0,0.0,0.0,0.5493061443340549,0.0,0.0,1.2070784343255752,0.5493061443340549
KIA,1.0986122886681098,1.297273432703542,0.0,0.0,1.433407575382444,2.5877494740904625,0.5941261547656673,1.3862943611198906,0.0,0.716703787691222,1.8270396897336403,0.0,0.0,0.0,0.0,0.0
KIC,0.0,0.0,0.0,0.0,0.0,0.0,0.0,0.0,0.0,0.0,0.0,0.0,0.0,0.0,0.0,0.0
KID,0.6931471805599453,0.6931471805599453,0.9241962407465937,0.0,1.0986122886681098,0.40235947810852507,0.0,0.0,0.6931471805599453,0.5493061443340549,0.8047189562170501,0.9241962407465937,0.5493061443340549,0.0,0.9241962407465937,0.0
KIE,1.2070784343255752,0.9241962407465937,2.1277537294374507,0.9241962407465937,1.0750556815368328,0.0,1.0624550040210812,0.0,1.4210308697928313,0.47957905455967414,1.3357777284108237,1.8270396897336403,1.8072048362094548,0.0,1.1295030226309093,2.0794415416798357
KIF,0.6931471805599453,0.0,0.46209812037329684,0.0,0.5493061443340549,0.0,0.0,0.0,0.6931471805599453,0.6931471805599453,1.1295030226309093,0.0,0.0,0.0,0.0,0.0
KIG,0.0,0.0,0.0,0.0,0.0,0.0,0.0,0.0,0.0,0.0,0.0,0.0,0.0,0.0,0.0,0.0
KII,0.0,0.0,0.0,0.0,0.0,0.0,0.0,0.0,0.0,0.0,0.0,0.0,0.0,0.0,0.0,0.0
KIK,1.9453388523047452,1.8920414359288362,1.1450596030091713,2.780859035879416,1.023371152441798,0.8107958954397139,1.7343713162681,1.1090354888959124,1.619117475568642,1.4190310769466272,0.554151553310786,1.355403627157091,2.9974488149797636,1.3732653608351373,1.9237120180961527,1.1295030226309093
KIL,0.0,1.8920414359288362,2.680392034232518,1.2070784343255752,2.046742304883596,0.589878836712387,2.351203577673075,0.0,2.2590060452618186,0.8047189562170501,0.13817625349338894,2.0794415416798357,1.068728898942307,1.6215917908794277,0.0,1.791759469228055
KIM,0.0,0.0,1.297273432703542,1.4853153869141684,0.5493061443340549,0.3243183581758855,0.46209812037329684,1.0750556815368328,0.5493061443340549,1.6215917908794277,1.6635532333438687,1.4387371636790223,0.716703787691222,0.0,1.6635532333438687,1.782378464297002
KIN,0.46209812037329684,0.0,0.0,0.0,0.0,0.0,0.0,0.0,0.5493061443340549,0.0,0.0,0.0,0.0,0.0,0.0,0.0
KIP,1.3862943611198906,0.6931471805599453,0.40235947810852507,0.6931471805599453,0.0,0.0,0.0,0.5493061443340549,1.0750556815368328,0.0,0.27465307216702745,0.0,0.6931471805599453,0.0,0.6931471805599453,1.3862943611198906
KIR,0.0,0.511685576220899,0.8047189562170501,0.0,0.0,0.0,0.47957905455967414,0.0,0.9036024181047274,0.0,0.7737286288863456,0.0,0.0,0.0,0.0,0.0
KIS,0.648636716351771,0.5941261547656673,0.716703787691222,0.6931471805599453,1.0986122886681098,0.34606022634275635,0.46209812037329684,1.297273432703542,1.023371152441798,0.9591581091193483,2.1512657869302565,3.145460506179461,0.0,1.0750556815368328,3.405342760846798,3.1303421057545915
KIT,1.4853153869141684,0.0,1.782378464297002,0.0,0.0,3.9382412190764464,1.065582853203198,2.403791043139602,1.8270396897336403,0.0,1.881596248379375,0.0,0.0,0.0,0.0,1.5222612188617115
KIV,0.716703787691222,0.358351893845611,0.46209812037329684,0.358351893845611,0.46209812037329684,0.0,0.0,0.0,0.716703787691222,0.46209812037329684,1.6215917908794277,0.5493061443340549,0.5493061443340549,0.0,1.1295030226309093,0.648636716351771
KIY,1.7908995167731467,1.4853153869141684,0.716703787691222,0.5493061443340549,0.9241962407465937,0.40235947810852507,0.0,1.1882523095313346,0.891189232148501,0.0,0.3802888691543457,0.8047189562170501,1.6479184330021646,0.5493061443340549,0.7393569925972749,0.708303336014054
KKA,0.0,0.3243183581758855,1.4962204585192298,0.9241962407465937,0.0,0.0,0.27465307216702745,1.0986122886681098,0.0,0.8047189562170501,1.433407575382444,1.355403627157091,1.9459101490553132,0.0,1.2070784343255752,1.9183162182386966
KKC,1.0986122886681098,1.791759469228055,2.0794415416798357,1.0986122886681098,0.0,0.0,1.922571505169192,0.0,2.5146180438806236,0.6931471805599453,2.351203577673075,1.791759469228055,0.0,0.0,1.9459101490553132,1.6094379124341003
KKD,2.2800370426149756,2.707926822847902,0.7883505983036818,1.4387371636790223,1.3732653608351373,1.9368841757752095,1.7102695723249906,1.3032386152085929,1.2395308380245946,2.030044099704045,3.5291694193002865,0.358351893845611,2.6494649600214135,1.9343215722158644,0.891189232148501,0.0
KKE,0.0,0.0,0.0,1.3862943611198906,0.27465307216702745,0.0,0.0,0.1770758340035135,0.6931471805599453,0.15767011966073635,0.46209812037329684,0.0,0.6931471805599453,1.6215917908794277,0.23978952727983707,0.41452876048016685
KKG,0.0,0.0,0.0,0.0,0.0,0.0,0.0,0.0,0.0,0.0,0.0,0.0,0.0,0.0,0.0,0.0
KKH,0.0,0.0,0.0,0.46209812037329684,0.0,0.0,0.0,0.0,1.0986122886681098,1.3862943611198906,1.998143030812603,0.0,0.46209812037329684,0.0,0.0,0.0
KKI,0.0,0.0,0.0,0.0,0.0,0.0,0.0,0.0,0.0,0.0,0.0,0.0,0.0,0.0,0.0,0.0
KKK,1.4210308697928313,2.6494649600214135,0.6800874724461563,1.922571505169192,0.8047189562170501,0.6806484737968875,0.9036024181047274,1.068728898942307,1.4210308697928313,1.9789395845202251,2.016681661780448,1.3732653608351373,2.5877494740904625,1.2824746787307684,1.740889414994278,0.5941261547656673
KKL,0.8047189562170501,0.5493061443340549,0.648636716351771,1.3862943611198906,0.6931471805599453,0.8047189562170501,0.9241962407465937,0.716703787691222,1.0986122886681098,0.40235947810852507,0.6412373393653842,0.0,0.6931471805599453,0.5493061443340549,0.648636716351771,0.0
KKM,0.0,0.0,0.0,0.0,0.0,0.0,0.6931471805599453,0.0,0.0,0.0,0.0,0.6931471805599453,0.0,0.0,0.5493061443340549,0.0
KKN,0.0,0.0,0.0,0.0,0.0,0.0,0.0,0.0,0.0,0.0,0.0,0.0,0.0,0.0,0.0,0.0
KKP,0.358351893845611,1.9459101490553132,0.7193685818395111,1.0750556815368328,1.433407575382444,0.46209812037329684,1.9459101490553132,1.3862943611198906,1.433407575382444,1.0986122886681098,0.17910476741397915,0.9382613466654222,2.046742304883596,0.6931471805599453,0.0,1.624035279763236
KKQ,0.0,0.0,0.0,0.0,0.0,0.0,0.0,0.0,0.0,0.0,0.0,0.0,0.0,0.0,0.0,0.0
KKR,0.0,0.9241962407465937,0.0,1.0986122886681098,0.46209812037329684,0.8047189562170501,0.0,0.0,0.0,0.0,0.5493061443340549,0.6931471805599453,0.5493061443340549,1.0986122886681098,0.0,0.6931471805599453
KKS,0.9036024181047274,1.5350567286626973,0.8239592165010823,0.0,1.4853153869141684,0.34697835273068645,0.21374577978846138,1.782378464297002,0.2030044099704045,0.0,0.376319249675875,2.2598692444819912,0.511685576220899,1.6215917908794277,2.21741889107847,2.345829507375467
KKV,1.3862943611198906,1.0986122886681098,0.46209812037329684,0.0,0.6931471805599453,1.0750556815368328,0.40235947810852507,0.5493061443340549,1.0986122886681098,1.0750556815368328,0.40235947810852507,0.891189232148501,0.9241962407465937,0.0,1.3862943611198906,0.5493061443340549
KKW,2.046742304883596,1.6785266909588594,2.1581057455185335,0.0,1.0986122886681098,0.9241962407465937,0.0,0.648636716351771,0.8047189562170501,0.0,2.5503280216730864,2.137457797884614,2.0794415416798357,0.0,1.6479184330021646,1.2792139405522478
KKY,0.0,0.5493061443340549,0.0,0.6931471805599453,0.0,0.0,0.0,0.6931471805599453,0.6931471805599453,0.0,0.0,0.0,0.0,0.0,0.5493061443340549,0.0
KLA,1.3732653608351373,0.0,2.137457797884614,1.433407575382444,0.648636716351771,0.0,0.5941261547656673,0.5493061443340549,2.4849066497880004,1.4387371636790223,1.6215917908794277,1.791759469228055,1.3862943611198906,0.5493061443340549,1.4853153869141684,1.6094379124341003
KLD,0.0,0.0,0.0,0.0,0.0,0.0,0.0,0.0,0.0,0.0,0.0,0.0,0.0,0.0,0.0,0.0
KLE,1.0986122886681098,0.6931471805599453,0.0,0.0,0.0,0.6931471805599453,1.0986122886681098,0.0,0.46209812037329684,0.0,0.0,0.6931471805599453,0.0,0.0,0.0,0.0
KLG,0.6800874724461563,0.2558427881104495,0.891189232148501,0.716703787691222,3.1267746992731547,0.21374577978846138,0.3271598865740489,0.0,0.6800874724461563,3.0493493766626223,0.406008819940809,0.0,0.0,0.0,2.794948308709457,3.0083682293500282
KLI,0.0,0.0,0.0,0.0,0.0,0.0,0.0,0.0,0.0,0.0,0.0,0.0,0.0,0.0,0.0,0.0
KLK,0.6412373393653842,1.354025100551105,1.6785266909588594,0.358351893845611,0.0,1.8544644637902603,0.5364793041447,0.42749155957692275,0.6777018135785455,1.1036908376251544,0.0937779561251957,0.3713572066704308,0.0,0.6777018135785455,0.0,0.5070518255391275
KLL,3.5990510189898375,1.3039425795659698,2.861656003737622,0.5493061443340549,0.1425224643604159,2.688890986133552,2.9320667083294443,2.509657455168998,0.5941261547656673,0.10456906063204158,3.969102562075677,0.34004373622307815,0.0,2.961959564600181,0.134119826036175,2.2493914712279164
KLN,0.5493061443340549,0.0,3.1690739096195473,0.0,0.47957905455967414,3.930562672963574,0.14719249777896742,3.2421400381029697,0.0,0.6800874724461563,4.751165270974276,0.406008819940809,0.0,0.0,0.3044522437723423,3.76319249675875
KLP,0.2030044099704045,2.564625836084481,0.0,0.6931471805599453,0.0,1.2576980601186374,2.1879041668000205,2.279066840416688,0.22590060452618185,3.2188758248682006,0.0,3.2188758248682006,0.0,0.3044522437723423,3.0423109532347654,2.5196083297542313
KLQ,0.0,0.0,0.0,0.0,0.0,0.0,0.0,0.0,0.0,0.0,0.0,0.0,0.0,0.0,0.0,0.0
KLR,0.0,0.0,0.0,0.0,0.0,0.0,0.0,0.0,0.0,0.0,1.0986122886681098,0.0,0.0,0.0,0.0,0.0
KLS,0.0,0.6931471805599453,0.0,0.0,0.0,0.0,0.0,0.0,0.0,0.0,0.0,0.0,0.6931471805599453,0.0,0.0,0.0
KLT,0.6931471805599453,0.0,0.40235947810852507,0.5493061443340549,0.0,0.0,0.0,1.0986122886681098,0.46209812037329684,0.46209812037329684,0.5493061443340549,0.0,0.0,0.46209812037329684,0.5493061443340549,0.0
KLV,0.5312275020105406,1.389172327879094,2.564625836084481,1.8270396897336403,0.0,3.064121897328582,0.33539379704513483,2.4572701292270467,0.406008819940809,0.8676856530307057,4.250684177430274,0.0,2.5877494740904625,1.9183162182386966,0.31370718189612473,2.5525548612666906
KLW,0.0,0.0,0.0,0.0,0.0,0.0,0.0,1.103336028863513,0.0,0.1425224643604159,0.0,0.0,0.0,0.0,0.0,1.1754535082053872
KLY,0.0,0.0,0.6931471805599453,0.0,0.0,0.0,0.0,0.0,0.0,0.6931471805599453,0.0,0.6931471805599453,0.6931471805599453,0.0,0.0,0.0
KMA,0.0,0.0,0.0,0.0,0.0,0.0,1.0986122886681098,0.0,0.0,0.0,0.0,1.433407575382444,0.0,0.0,0.716703787691222,0.8047189562170501
KMG,0.0,0.0,0.0,0.0,0.0,0.0,0.0,0.0,0.0,0.0,0.0,0.0,0.0,0.0,0.0,0.0
KMH,0.0,0.0,0.0,0.0,0.0,0.0,0.5493061443340549,0.0,0.0,0.0,0.0,1.0986122886681098,0.0,0.6931471805599453,1.0986122886681098,0.0
KMK,0.0,1.0986122886681098,0.0,1.791759469228055,1.433407575382444,1.3862943611198906,1.0986122886681098,0.0,0.9729550745276566,0.0,0.9241962407465937,0.0,0.6931471805599453,1.0750556815368328,0.0,0.0
KMR,2.046742304883596,2.2330485096744495,1.3732653608351373,1.791759469228055,2.0794415416798357,1.9478341740386487,1.068728898942307,1.9237120180961527,1.0986122886681098,1.782378464297002,1.218026459822427,1.782378464297002,2.2590060452618186,1.1989476363991853,1.791759469228055,1.791759469228055
KMS,0.0,0.0,0.0,0.0,0.0,0.0,0.0,0.0,0.0,0.0,0.0,0.0,0.0,0.0,0.0,0.0
KMV,0.0,0.0,0.0,0.0,0.0,0.0,0.0,0.0,0.0,0.0,0.0,0.0,0.0,0.0,0.0,0.0
KMY,0.0,0.6931471805599453,0.0,0.0,0.0,0.0,0.0,0.0,0.0,0.0,0.0,0.0,0.6931471805599453,0.0,0.0,0.0
KNA,1.2070784343255752,0.0,0.0,0.0,0.0,0.0,0.0,0.0,0.6931471805599453,0.0,0.0,0.0,0.0,0.0,0.0,0.0
KNC,0.0,0.0,0.0,0.0,0.0,0.0,0.0,0.0,0.0,0.0,0.0,0.0,0.0,0.0,0.0,0.0
KND,0.0,0.0,0.0,0.0,0.0,0.0,0.0,0.0,0.0,0.0,0.0,0.0,0.0,0.0,0.0,0.0
KNF,0.0,0.6931471805599453,0.5941261547656673,0.6931471805599453,0.0,0.0,0.0,0.46209812037329684,0.0,0.0,0.0,0.6705991301808751,1.6094379124341003,0.0,0.0,0.42749155957692275
KNG,0.0,0.0,0.0,0.0,0.0,0.0,0.0,0.0,0.0,0.0,0.0,0.0,0.0,0.0,0.0,0.0
KNI,0.0,0.0,0.0,0.0,0.0,0.0,0.0,0.0,0.0,0.0,0.0,0.0,0.0,0.0,0.0,0.0
KNK,1.1989476363991853,0.0,2.207381675250309,1.433407575382444,0.0,0.0,0.0,0.0,2.351203577673075,0.40235947810852507,1.297273432703542,1.782378464297002,1.6215917908794277,0.0,1.433407575382444,1.433407575382444
KNL,0.0,0.0,0.23978952727983707,0.0,0.358351893845611,0.0,0.0,0.0,0.0,0.29706307738283366,0.0,0.22590060452618185,0.0,0.46209812037329684,0.0,0.0
KNM,0.0,0.9241962407465937,1.6479184330021646,1.9183162182386966,0.5493061443340549,2.302585092994046,1.6215917908794277,1.6094379124341003,2.351203577673075,1.6094379124341003,1.3732653608351373,2.436052919644854,1.6215917908794277,1.6094379124341003,2.137457797884614,1.433407575382444
KNN,0.0,0.0,2.2590060452618186,0.0,1.791759469228055,0.0,0.0,0.0,1.6215917908794277,1.6215917908794277,0.0,1.791759469228055,0.0,1.3862943611198906,0.0,0.0
KNQ,0.6931471805599453,0.6931471805599453,0.0,0.0,0.0,0.6931471805599453,0.0,0.6931471805599453,0.0,0.0,0.0,0.0,0.0,0.6931471805599453,0.0,0.0
KNS,0.6931471805599453,0.40235947810852507,0.40235947810852507,0.0,0.8047189562170501,0.40235947810852507,0.8047189562170501,0.0,0.46209812037329684,1.3862943611198906,0.6931471805599453,0.5493061443340549,0.6931471805599453,0.0,0.0,0.0
KNT,2.351203577673075,0.0,0.46209812037329684,0.0,0.0,0.0,0.0,0.0,2.5649493574615367,0.0,0.0,0.0,0.0,0.0,0.0,0.0
KNW,1.3862943611198906,0.9241962407465937,0.6931471805599453,0.0,0.0,0.0,1.0986122886681098,0.6931471805599453,1.0986122886681098,0.0,0.0,0.6931471805599453,0.5493061443340549,0.0,0.0,0.0
KNY,0.0,0.0,0.46209812037329684,0.0,0.0,0.0,0.0,0.0,0.0,0.0,0.9241962407465937,0.0,0.0,0.0,0.0,0.0
KPA,0.0,0.6931471805599453,0.0,0.6931471805599453,0.5493061443340549,0.6931471805599453,0.6931471805599453,0.0,0.0,0.0,0.9241962407465937,0.6931471805599453,0.6931471805599453,0.0,0.0,0.0
KPC,0.0,0.0,0.0,0.0,0.0,0.0,0.0,0.0,0.0,0.0,0.0,0.0,0.0,0.0,0.0,0.0
KPD,0.9241962407465937,0.0,0.9241962407465937,0.0,0.0,0.0,0.0,0.0,0.9241962407465937,0.0,0.0,1.0750556815368328,0.0,0.0,1.791759469228055,0.0
KPE,0.0,1.0986122886681098,0.9241962407465937,0.6931471805599453,0.8047189562170501,0.0,0.46209812037329684,0.5493061443340549,1.3862943611198906,0.0,0.5941261547656673,0.40235947810852507,0.0,1.0750556815368328,0.358351893845611,1.2070784343255752
KPF,0.0,0.0,0.0,0.0,0.0,0.0,0.0,0.0,0.0,0.0,0.9241962407465937,0.5493061443340549,0.0,0.0,0.40235947810852507,0.5493061443340549
KPG,0.7193685818395111,1.1901530767807735,1.023371152441798,1.0986122886681098,0.40235947810852507,1.8075473864945175,0.41452876048016685,0.0,0.4518012090523637,0.6543197731480977,0.06851456440288853,0.0,0.0,0.7611306094308558,0.36967849629863747,0.0
KPH,0.0,0.0,0.0,0.0,0.0,0.0,0.0,0.0,0.0,0.0,0.0,0.0,0.0,0.0,0.0,0.0
KPI,0.0,1.791759469228055,1.0986122886681098,1.0986122886681098,1.0986122886681098,0.0,1.6094379124341003,0.0,0.6931471805599453,0.0,0.6931471805599453,1.6094379124341003,2.1972245773362196,0.0,0.0,1.6094379124341003
KPK,0.6931471805599453,0.0,2.210284285450008,0.0,0.0,0.0,0.0,0.0,2.137836965406238,0.0,2.6064772304171857,0.0,0.0,0.0,0.0,0.0
KPL,0.6931471805599453,1.0986122886681098,0.0,0.6931471805599453,0.0,0.6931471805599453,0.6931471805599453,0.0,1.0986122886681098,0.0,1.0986122886681098,0.6931471805599453,0.6931471805599453,0.6931471805599453,0.6931471805599453,1.0986122886681098
KPM,0.0,0.0,0.0,1.791759469228055,1.791759469228055,0.40235947810852507,0.46209812037329684,0.0,1.297273432703542,1.6215917908794277,0.0,0.0,0.0,0.0,1.791759469228055,1.791759469228055
KPP,0.0,0.0,0.0,0.0,0.0,0.0,0.0,0.0,0.0,0.0,0.0,0.0,0.0,0.0,0.0,0.0
KPQ,0.0,0.0,0.0,0.0,0.0,0.0,0.0,0.0,0.0,0.0,0.0,0.0,0.0,0.0,0.0,0.0
KPR,0.0,0.0,0.5493061443340549,0.6931471805599453,0.6931471805599453,0.0,0.6931471805599453,0.0,1.0986122886681098,0.0,0.6931471805599453,0.6931471805599453,0.0,0.6931471805599453,0.6931471805599453,0.0
KPS,0.6931471805599453,1.0986122886681098,2.3978952727983707,0.0,0.5493061443340549,0.5493061443340549,0.6931471805599453,0.5493061443340549,2.5146180438806236,0.0,2.70805020110221,0.6931471805599453,0.0,1.0986122886681098,0.0,0.0
KPV,0.0,0.0,0.0,0.6931471805599453,0.0,0.0,0.0,1.3862943611198906,0.6931471805599453,1.2070784343255752,0.0,0.5887699911158697,0.0,0.0,0.0,1.297273432703542
KPW,0.0,0.0,0.5493061443340549,0.0,0.27465307216702745,0.0,0.0,0.0,0.0,0.0,0.0,0.0,0.0,0.0,0.0,0.0
KPY,0.0,0.0,0.0,0.0,0.0,0.0,0.0,0.0,0.0,0.0,0.0,0.0,0.0,0.0,0.0,0.0
KQA,0.6931471805599453,0.6931471805599453,0.6931471805599453,0.0,0.5493061443340549,1.2070784343255752,0.0,1.2070784343255752,0.6931471805599453,0.46209812037329684,0.716703787691222,0.46209812037329684,0.6931471805599453,0.8047189562170501,0.46209812037329684,0.9241962407465937
KQD,1.3862943611198906,0.6931471805599453,1.2070784343255752,1.0986122886681098,1.0986122886681098,1.6094379124341003,1.2070784343255752,0.0,0.0,1.3862943611198906,1.6215917908794277,1.3862943611198906,1.6094379124341003,0.9241962407465937,0.0,0.0
KQF,1.0986122886681098,0.0,1.791759469228055,0.0,0.0,0.0,0.0,0.0,1.433407575382444,0.0,1.9183162182386966,0.0,0.0,0.0,0.0,0.0
KQG,0.0,0.23978952727983707,0.0,1.2070784343255752,0.6090132299112135,2.4328804499827927,0.1425224643604159,2.553839622078879,0.3868643144431728,0.1770758340035135,0.1274149278603323,0.21374577978846138,0.6931471805599453,0.812017639881618,0.23978952727983707,0.9133567313170269
KQI,0.0,0.9241962407465937,1.6215917908794277,1.0986122886681098,0.9241962407465937,1.5350567286626973,0.8047189562170501,1.0750556815368328,0.6931471805599453,0.716703787691222,1.8072048362094548,2.4790616760491893,1.9459101490553132,1.433407575382444,1.9183162182386966,2.1972245773362196
KQK,0.0,1.0986122886681098,0.0,0.0,0.9241962407465937,1.0750556815368328,0.9241962407465937,1.0986122886681098,0.0,0.40235947810852507,0.0,0.8047189562170501,0.0,1.3862943611198906,0.9241962407465937,0.0
KQL,0.0,3.2188758248682006,0.0,0.0,3.0423109532347654,3.0749293079362263,2.4072786084294826,3.3422148600338772,0.0,0.0,0.0,0.0,0.0,0.0,0.0,2.523135709220445
KQN,0.0,0.0,0.0,0.0,0.0,0.0,0.0,0.0,0.0,0.0,0.26823965207235,0.0,0.0,0.0,0.0,0.0
KQP,0.0,0.0,0.0,0.0,0.0,0.0,0.0,0.0,0.0,0.0,0.0,0.0,0.0,0.0,0.0,0.0
KQR,0.6931471805599453,0.0,0.6931471805599453,0.0,0.0,0.0,0.0,0.0,0.0,0.0,1.791759469228055,1.4853153869141684,0.0,0.0,1.297273432703542,1.0986122886681098
KQT,1.0986122886681098,0.46209812037329684,0.8047189562170501,0.6931471805599453,0.0,0.0,0.6931471805599453,0.0,1.2070784343255752,0.0,1.0750556815368328,1.0986122886681098,0.0,0.0,1.3862943611198906,0.0
KQW,2.823364637065122,1.8483924814931874,2.487172562881001,2.137457797884614,0.0,4.275480695716381,2.906746241057835,0.0,2.961959564600181,1.4787139851945499,0.3300700859809263,0.0,2.772588722239781,1.4962204585192298,1.0750556815368328,0.8239592165010823
KQY,0.0,0.0,0.0,0.9241962407465937,0.0,1.0986122886681098,1.0986122886681098,0.6931471805599453,0.648636716351771,0.0,0.891189232148501,1.0986122886681098,0.6931471805599453,0.5493061443340549,0.46209812037329684,1.0750556815368328
KRA,1.023371152441798,0.0,2.6390573296152584,0.9241962407465937,0.0,0.0,0.0,0.0,2.033231729642506,0.0,1.218026459822427,1.6094379124341003,1.6094379124341003,0.0,1.433407575382444,1.6094379124341003
KRD,0.0,0.0,1.0986122886681098,0.0,0.0,0.0,0.6931471805599453,0.0,1.3862943611198906,0.6931471805599453,0.6931471805599453,0.0,0.0,0.0,0.0,0.0
KRE,0.0,0.0,0.0,0.5493061443340549,0.0,0.0,0.0,0.0,0.0,0.0,0.0,0.0,0.6931471805599453,0.0,0.0,0.0
KRF,1.0986122886681098,1.0986122886681098,1.0986122886681098,1.0986122886681098,1.0986122886681098,0.0,0.0,1.0986122886681098,0.0,0.8047189562170501,0.0,0.0,1.3862943611198906,0.0,0.0,0.0
KRG,0.0,0.0,0.3243183581758855,0.0,0.0,0.0,0.0,0.0,0.8047189562170501,0.0,0.18483924814931874,0.17002186811153908,0.0,0.0,0.406008819940809,0.0
KRH,0.0,1.6094379124341003,1.6094379124341003,0.0,1.0986122886681098,0.0,0.0,0.0,0.0,0.0,0.0,0.9241962407465937,1.433407575382444,0.0,0.0,1.0986122886681098
KRI,1.0986122886681098,1.2070784343255752,1.0750556815368328,1.6215917908794277,1.0986122886681098,0.9729550745276566,0.46209812037329684,0.0,0.5493061443340549,0.8047189562170501,0.358351893845611,0.0,0.9241962407465937,0.9729550745276566,0.5493061443340549,0.6931471805599453
KRK,0.5493061443340549,0.0,0.8047189562170501,0.6931471805599453,1.0986122886681098,1.297273432703542,0.0,0.9241962407465937,0.5493061443340549,1.0986122886681098,0.3243183581758855,0.0,0.0,0.9241962407465937,0.6931471805599453,0.5493061443340549
KRL,0.0,0.0,0.0,1.0986122886681098,0.0,0.0,0.0,0.5493061443340549,0.5493061443340549,0.0,0.0,0.6931471805599453,0.0,1.0986122886681098,0.5493061443340549,0.9241962407465937
KRM,0.0,0.0,0.0,0.0,0.0,0.0,0.0,0.0,0.0,0.0,0.0,0.0,0.0,0.0,0.0,0.0
KRN,0.0,0.0,0.0,0.0,0.0,0.0,0.0,0.0,0.0,0.0,0.0,0.0,0.0,0.0,0.0,0.0
KRP,0.0,0.9241962407465937,0.5493061443340549,0.0,0.5493061443340549,0.5493061443340549,1.0750556815368328,0.0,0.6931471805599453,0.8047189562170501,1.6094379124341003,0.8047189562170501,0.6931471805599453,0.5493061443340549,0.6931471805599453,0.0
KRQ,0.0,0.0,0.0,0.0,0.0,0.0,0.0,0.6931471805599453,0.0,0.0,0.0,0.0,0.6931471805599453,0.6931471805599453,0.0,0.0
KRR,0.6931471805599453,0.0,0.0,0.6931471805599453,0.0,0.0,0.0,0.5493061443340549,0.6931471805599453,0.0,0.0,1.3862943611198906,0.0,0.0,1.433407575382444,0.0
KRS,0.0,0.0,0.0,0.0,0.0,0.0,0.0,0.0,0.0,0.0,0.0,0.0,0.0,0.0,0.0,0.0
KRT,2.9761222438871267,2.0117973905426254,2.4356179501787385,2.030044099704045,0.9729550745276566,2.0967425318140505,0.8209786783322445,0.0,2.9438499555793483,1.4387371636790223,1.082527051815106,0.1770758340035135,2.2901192060183426,1.267629563847819,0.7393569925972749,0.5723312007475243
KRV,0.0,0.0,0.0,0.6931471805599453,0.0,0.0,0.6931471805599453,0.5493061443340549,0.6931471805599453,0.0,0.0,1.0986122886681098,0.0,0.46209812037329684,1.3862943611198906,0.6931471805599453
KSC,0.0,0.0,0.0,0.0,0.0,0.0,0.0,0.0,0.0,0.0,0.0,0.0,0.0,0.0,0.0,0.0
KSD,0.5493061443340549,0.716703787691222,0.29706307738283366,0.0,0.2558427881104495,0.716703787691222,0.46209812037329684,0.5493061443340549,0.5941261547656673,0.5493061443340549,0.9729550745276566,0.716703787691222,0.46209812037329684,0.0,1.0986122886681098,0.0
KSE,0.0,3.2188758248682006,0.0,0.0,3.2188758248682006,2.7398148997105296,3.8918202981106265,3.4657359027997265,3.1780538303479458,3.2188758248682006,1.546949443209757,2.5649493574615367,0.0,3.2188758248682006,2.1972245773362196,2.7761238949166773
KSF,0.0,0.0,0.0,0.0,0.0,0.0,0.0,0.0,0.0,0.0,0.0,0.0,0.0,0.0,0.0,0.0
KSG,0.0,0.6931471805599453,0.0,0.6931471805599453,0.6931471805599453,0.0,0.6931471805599453,0.6931471805599453,0.6931471805599453,0.6931471805599453,0.6931471805599453,0.0,0.0,0.0,1.0986122886681098,0.6931471805599453
KSI,0.40235947810852507,0.46209812037329684,0.9591581091193483,0.8047189562170501,1.3862943611198906,0.5493061443340549,0.40235947810852507,0.9241962407465937,1.4387371636790223,1.0986122886681098,0.8047189562170501,0.8047189562170501,0.6931471805599453,0.0,1.6479184330021646,1.0986122886681098
KSK,0.0,0.0,0.0,0.0,0.0,0.0,0.0,0.0,0.0,0.0,0.0,0.0,0.0,0.0,0.0,0.0
KSL,0.0,0.0,0.2558427881104495,0.0,0.358351893845611,0.0,0.0,0.8239592165010823,0.0,1.2792139405522478,0.5887699911158697,2.200110252278059,0.0,1.0986122886681098,2.866815150764888,2.535259127695638
KSM,0.0,0.0,0.0,0.0,0.0,0.0,0.0,0.0,0.0,0.0,0.0,0.0,0.0,0.0,0.0,0.0
KSN,0.8047189562170501,0.8047189562170501,0.0,0.0,1.0986122886681098,0.0,0.0,0.0,0.0,1.0986122886681098,0.0,0.0,0.0,0.0,0.0,0.0
KSP,0.8239592165010823,0.3243183581758855,0.27465307216702745,0.5493061443340549,0.0,0.46209812037329684,0.0,0.9729550745276566,0.716703787691222,1.2070784343255752,0.0,1.297273432703542,0.0,0.0,1.2979800486612707,1.4809797823000905
KSQ,0.0,2.1581057455185335,1.6094379124341003,1.791759469228055,2.033105440735637,1.9459101490553132,2.0794415416798357,0.0,2.0794415416798357,0.6931471805599453,0.0,1.4853153869141684,1.791759469228055,0.0,0.0,1.791759469228055
KSS,0.0,0.0,1.3862943611198906,0.0,0.0,0.0,0.6931471805599453,0.0,1.3862943611198906,0.0,1.0986122886681098,0.0,0.0,0.0,0.0,0.0
KST,0.0,0.0,0.0,0.0,0.0,0.0,0.0,0.0,0.0,0.0,0.6931471805599453,1.0750556815368328,0.0,0.0,0.6931471805599453,0.6931471805599453
KSV,0.0,0.0,0.0,0.0,0.0,0.0,0.0,0.0,0.0,0.0,0.0,0.0,0.0,0.0,0.0,0.0
KSY,0.5493061443340549,0.40235947810852507,0.5493061443340549,0.0,0.0,0.0,0.0,0.6931471805599453,0.0,0.0,0.46209812037329684,1.0986122886681098,0.6931471805599453,0.0,0.0,0.46209812037329684
KTA,0.0,0.0,0.6931471805599453,0.6931471805599453,0.5493061443340549,0.5493061443340549,1.0986122886681098,0.6931471805599453,1.0986122886681098,0.0,0.6931471805599453,0.6931471805599453,0.0,1.2070784343255752,0.9241962407465937,0.6931471805599453
KTD,0.0,1.6215917908794277,0.0,0.0,1.6215917908794277,0.0,0.0,1.4853153869141684,0.0,1.4853153869141684,0.0,0.0,0.0,1.791759469228055,1.4853153869141684,1.6215917908794277
KTE,0.0,3.2188758248682006,0.0,0.0,3.2188758248682006,0.0,0.0,2.4572701292270467,0.0,3.5671521291262347,0.22359586469675655,1.5677471079645748,0.0,0.0,2.3138284080818816,3.674004927623173
KTF,1.0986122886681098,0.8047189562170501,1.0750556815368328,0.0,0.716703787691222,0.6931471805599453,0.0,0.6931471805599453,1.6215917908794277,0.5493061443340549,1.297273432703542,0.0,0.0,0.0,0.0,0.6931471805599453
KTG,0.0,0.0,0.0,0.0,0.0,3.888100468972092,0.0,2.961959564600181,0.0,0.0,3.134377060772674,0.0,0.0,0.0,0.0,0.0
KTH,0.6931471805599453,0.0,0.0,0.6931471805599453,0.0,0.6931471805599453,0.0,0.9241962407465937,0.6931471805599453,0.0,0.0,0.0,0.0,1.3862943611198906,0.0,0.6931471805599453
KTI,0.5493061443340549,0.5941261547656673,0.9241962407465937,0.0,0.0,0.648636716351771,0.891189232148501,0.40235947810852507,0.8047189562170501,0.9729550745276566,0.648636716351771,0.648636716351771,0.0,0.5493061443340549,0.716703787691222,0.0
KTK,1.6094379124341003,0.0,1.7908995167731467,0.6931471805599453,0.0,0.0,0.716703787691222,0.0,1.6479184330021646,0.9241962407465937,0.0,0.0,0.0,0.0,0.6931471805599453,0.0
KTL,0.0,0.0,0.0,0.0,0.0,0.0,0.0,0.0,0.0,0.0,0.0,0.0,0.0,0.0,0.0,0.0
KTM,0.0,0.0,0.0,0.0,0.0,0.0,0.0,0.0,0.0,0.0,0.0,0.0,0.0,0.0,0.0,0.0
KTN,0.0,0.0,2.4849066497880004,0.0,0.0,0.0,0.0,0.0,2.436052919644854,0.0,2.70805020110221,0.0,0.0,0.0,0.0,0.0
KTP,0.406008819940809,0.3868643144431728,0.5100656043346173,0.9241962407465937,0.0,0.5784571020204704,0.49073982986107334,0.0,0.18483924814931874,0.4518012090523637,0.0,0.0,0.9241962407465937,0.2558427881104495,0.0,0.0
KTQ,0.0,0.0,0.0,0.0,0.0,0.0,0.0,0.0,0.0,0.0,0.0,0.0,0.0,0.0,0.0,0.0
KTR,0.6931471805599453,2.3978952727983707,1.4387371636790223,0.0,1.782378464297002,1.782378464297002,2.833213344056216,0.0,0.46209812037329684,2.302585092994046,1.0986122886681098,1.5474572577726913,1.0986122886681098,0.0,0.0,0.0
KTT,0.0,0.0,0.0,0.0,0.0,0.6931471805599453,0.0,0.46209812037329684,0.0,0.5493061443340549,0.0,0.0,0.0,0.5493061443340549,0.358351893845611,1.0986122886681098
KTV,1.433407575382444,0.0,1.297273432703542,0.0,0.0,0.0,0.0,0.0,1.9459101490553132,1.0986122886681098,0.0,0.0,0.0,0.0,0.0,0.0
KTY,0.5493061443340549,1.0986122886681098,0.0,0.6931471805599453,0.0,0.0,0.0,1.3862943611198906,0.5493061443340549,0.0,0.0,0.0,1.3862943611198906,0.6931471805599453,0.0,0.6931471805599453
KVA,0.6931471805599453,0.6931471805599453,0.0,1.0986122886681098,1.433407575382444,0.0,0.0,0.0,0.0,0.0,0.0,0.6931471805599453,0.0,1.3862943611198906,0.0,0.0
KVC,0.0,0.6931471805599453,0.0,0.0,0.0,0.0,0.5493061443340549,0.0,0.0,0.0,0.6931471805599453,0.0,0.0,0.0,0.0,0.0
KVD,0.0,0.5493061443340549,0.0,0.0,0.0,0.0,0.0,0.6931471805599453,0.5493061443340549,0.0,0.0,0.0,0.0,0.0,0.0,0.0
KVE,0.46209812037329684,1.0986122886681098,1.3862943611198906,1.0986122886681098,2.046742304883596,1.2070784343255752,0.6931471805599453,0.6931471805599453,0.9241962407465937,0.9241962407465937,1.3732653608351373,0.46209812037329684,0.0,1.2070784343255752,0.6931471805599453,0.0
KVF,1.782378464297002,1.6479184330021646,1.2070784343255752,0.0,0.9241962407465937,0.5493061443340549,1.3862943611198906,0.8047189562170501,0.9241962407465937,0.358351893845611,0.6931471805599453,1.5350567286626973,1.791759469228055,0.0,0.5493061443340549,1.9459101490553132
KVG,0.0,0.9241962407465937,0.0,0.0,1.0986122886681098,0.0,1.0986122886681098,0.0,0.0,0.0,0.0,0.0,0.0,0.0,0.0,0.0
KVH,0.0,0.0,0.0,0.0,0.0,0.0,0.0,0.0,0.0,0.0,0.0,0.6931471805599453,1.0986122886681098,0.0,0.0,1.0986122886681098
KVI,1.4962204585192298,1.0986122886681098,1.1882523095313346,0.0,1.297273432703542,0.0,0.648636716351771,0.0,0.891189232148501,0.0,1.7993793761572692,0.8178997164351224,1.0750556815368328,0.0,0.8239592165010823,0.5312275020105406
KVK,2.643717534883358,2.030044099704045,2.6064772304171857,2.0794415416798357,0.0,4.148078613752401,2.861656003737622,0.0,2.5561416257536766,1.0201312086692347,0.34697835273068645,0.0,2.1249100080421623,1.0150220498520226,0.891189232148501,0.29706307738283366
KVL,0.358351893845611,0.46209812037329684,0.891189232148501,1.433407575382444,0.9241962407465937,0.0,0.0,1.0986122886681098,0.6931471805599453,0.8047189562170501,1.3732653608351373,1.5474572577726913,0.8047189562170501,0.3243183581758855,1.3732653608351373,2.1972245773362196
KVM,0.0,0.0,0.0,0.0,0.0,0.0,0.0,0.0,0.0,0.0,0.0,0.0,0.0,0.0,0.0,0.0
KVN,0.0,0.0,0.0,0.0,0.0,0.0,0.0,0.0,0.0,0.0,0.0,0.0,0.0,0.0,0.0,0.0
KVP,0.0,0.5493061443340549,0.0,0.0,0.0,1.0986122886681098,0.6931471805599453,0.0,0.0,0.0,0.0,0.5493061443340549,0.0,0.6931471805599453,0.0,0.6931471805599453
KVQ,0.0,1.0986122886681098,0.0,1.0986122886681098,0.6931471805599453,0.0,0.0,0.5493061443340549,0.6931471805599453,0.6931471805599453,0.5493061443340549,0.0,0.9241962407465937,0.0,1.3862943611198906,0.6931471805599453
KVR,0.0,0.0,1.6215917908794277,0.511685576220899,0.4518012090523637,3.3492146807186125,0.0,2.1879041668000205,0.0,0.0,4.200790633681543,0.0,0.5493061443340549,2.961959564600181,0.0,2.0087726617617694
KVS,0.46209812037329684,1.0750556815368328,0.648636716351771,1.2070784343255752,0.8047189562170501,1.1882523095313346,0.5493061443340549,1.3862943611198906,0.716703787691222,1.3862943611198906,0.8047189562170501,0.0,1.0986122886681098,0.0,1.3862943611198906,0.0
KVT,0.6931471805599453,1.297273432703542,0.716703787691222,0.716703787691222,1.4853153869141684,1.218026459822427,0.716703787691222,0.46209812037329684,0.8047189562170501,0.8047189562170501,0.3243183581758855,0.40235947810852507,0.0,1.2070784343255752,0.0,0.0
KVV,0.0,0.0,0.0,0.0,0.0,0.0,0.0,0.0,0.0,0.0,0.0,0.0,0.0,0.0,0.0,0.0
KVY,0.0,0.0,0.0,0.0,0.0,0.0,0.0,0.0,0.0,0.0,0.6931471805599453,1.0986122886681098,0.0,0.0,0.15767011966073635,0.0
KWC,0.0,0.0,0.0,0.0,0.5493061443340549,0.5493061443340549,0.0,0.0,0.0,0.6931471805599453,0.0,0.0,0.0,0.0,0.0,0.0
KWI,1.782378464297002,1.5350567286626973,2.2330485096744495,0.0,1.6094379124341003,2.5649493574615367,1.0986122886681098,0.8047189562170501,1.1882523095313346,1.4387371636790223,2.453699149305367,1.700218681115391,1.7908995167731467,0.0,1.3732653608351373,0.9671607861079322
KWK,1.0986122886681098,0.0,1.297273432703542,0.0,0.6931471805599453,0.0,0.6931471805599453,0.0,0.8047189562170501,1.0986122886681098,2.321185886659037,0.0,0.0,0.0,0.0,0.0
KWR,0.9036024181047274,2.3978952727983707,0.0,2.0794415416798357,0.0,1.9620802814148794,0.891189232148501,0.3243183581758855,0.6777018135785455,2.302585092994046,2.2702285072311987,0.0,2.4849066497880004,1.791759469228055,1.6094379124341003,0.0
KWT,0.0,0.0,0.0,0.0,0.0,0.8831549866738045,0.0,0.0,0.40235947810852507,0.7675283643313486,3.7352817814715733,0.0,0.0,0.0,0.0,0.0
KWV,0.0,1.0986122886681098,1.0986122886681098,0.0,0.9241962407465937,1.0986122886681098,1.0986122886681098,1.0986122886681098,0.6931471805599453,0.9241962407465937,0.0,0.8047189562170501,0.0,1.3862943611198906,0.8047189562170501,0.0
KYA,2.302585092994046,2.060392322691088,1.2070784343255752,0.5493061443340549,0.27465307216702745,3.8797388210967374,2.6142265158010396,2.507466743795708,2.8165163467596757,0.22893248029900976,4.009837881943503,0.0,0.6412373393653842,2.8385445827418403,0.47301035898220906,1.8063323984442
KYD,0.0,0.0,0.0,0.0,0.0,0.0,0.0,0.0,0.0,0.0,0.0,0.0,0.0,0.0,0.0,0.0
KYE,0.0,0.0,0.5493061443340549,0.0,0.0,0.0,0.5493061443340549,0.0,0.6931471805599453,0.0,1.3862943611198906,0.0,0.0,0.0,0.0,0.0
KYG,0.9729550745276566,0.358351893845611,1.1295030226309093,0.40235947810852507,0.648636716351771,0.716703787691222,0.3243183581758855,0.648636716351771,1.2070784343255752,0.3243183581758855,0.5941261547656673,0.8549831191538455,0.23978952727983707,1.3862943611198906,0.7675283643313486,0.0
KYH,0.0,0.0,0.0,0.0,0.0,0.0,0.0,0.0,0.0,0.0,0.0,0.0,0.0,0.0,0.0,0.0
KYK,1.3862943611198906,0.0,1.0986122886681098,1.0986122886681098,0.0,0.0,0.5941261547656673,0.0,1.6635532333438687,0.0,1.7592400249976667,1.2792139405522478,0.0,0.0,0.9591581091193483,1.433407575382444
KYN,0.0,0.6931471805599453,1.0986122886681098,0.6931471805599453,0.0,0.0,0.5493061443340549,0.6931471805599453,1.3862943611198906,0.5493061443340549,1.0986122886681098,0.0,1.0986122886681098,0.0,0.5493061443340549,0.0
KYP,0.0,0.6931471805599453,0.6931471805599453,0.0,0.0,0.0,1.0986122886681098,0.0,0.0,0.0,0.9241962407465937,1.6094379124341003,0.9241962407465937,0.0,1.0986122886681098,1.0986122886681098
KYT,0.36967849629863747,2.1277537294374507,1.0624550040210812,1.0750556815368328,2.321185886659037,0.7747536703100838,0.9241962407465937,1.0986122886681098,0.6306804786429454,1.068728898942307,0.49257915849847644,0.7675283643313486,0.648636716351771,1.023371152441798,0.7675283643313486,0.5493061443340549
KYV,0.0,0.0,0.0,0.0,0.0,0.0,0.0,0.0,0.0,0.0,0.0,0.0,0.0,0.0,0.0,0.0
KYY,0.0,0.716703787691222,1.0750556815368328,0.0,0.8047189562170501,0.0,1.0750556815368328,0.0,0.891189232148501,0.0,0.8239592165010823,0.0,0.0,0.0,0.0,0.0
LAA,0.0,1.6094379124341003,1.0986122886681098,0.0,0.9729550745276566,0.6931471805599453,0.6931471805599453,0.8047189562170501,0.0,0.46209812037329684,0.0,1.433407575382444,1.6094379124341003,0.716703787691222,0.0,1.6094379124341003
LAC,0.0,0.6931471805599453,0.0,0.6931471805599453,0.5493061443340549,0.6931471805599453,0.5493061443340549,0.0,0.0,0.0,0.7193685818395111,0.6931471805599453,0.6931471805599453,0.0,0.9241962407465937,0.0
LAD,0.0,0.0,0.0,0.0,0.0,0.6931471805599453,0.0,1.0986122886681098,0.5493061443340549,0.0,0.0,0.0,0.0,1.0750556815368328,0.40235947810852507,0.5493061443340549
LAE,0.0,0.0,0.0,0.0,0.0,0.0,0.0,0.0,0.0,0.0,0.0,0.0,0.0,0.0,0.0,0.0
LAG,0.0,0.0,0.0,0.5493061443340549,0.6931471805599453,0.0,0.0,0.0,0.0,0.0,0.0,0.5493061443340549,0.6931471805599453,0.0,0.0,0.0
LAI,0.0,0.0,1.0986122886681098,0.716703787691222,0.0,0.0,0.0,0.0,0.891189232148501,0.0,0.0,0.0,1.0986122886681098,0.0,0.0,0.0
LAK,0.0,0.0,0.6931471805599453,0.0,0.0,0.0,0.6931471805599453,0.0,0.6931471805599453,0.0,0.6931471805599453,1.0986122886681098,0.0,0.6931471805599453,0.0,0.0
LAL,0.0,0.46209812037329684,0.0,0.6931471805599453,0.46209812037329684,0.2558427881104495,0.23978952727983707,0.0,0.0,0.0,0.0,0.0,0.6931471805599453,0.0,0.0,0.0
LAN,0.0,0.0,0.0,0.0,0.0,0.0,0.0,0.0,0.0,0.0,0.0,0.0,0.0,0.0,0.0,0.0
LAP,0.0,0.0,0.5493061443340549,0.0,0.46209812037329684,0.0,0.0,0.0,0.0,0.0,0.6931471805599453,0.40235947810852507,0.0,0.6931471805599453,0.0,0.0
LAQ,1.355403627157091,0.0,1.782378464297002,1.1989476363991853,0.5941261547656673,0.3243183581758855,0.29706307738283366,0.46209812037329684,1.9183162182386966,1.1295030226309093,1.297273432703542,0.8047189562170501,0.891189232148501,0.0,1.0986122886681098,1.297273432703542
LAR,0.0,0.0,0.0,0.0,0.0,0.0,0.0,0.8047189562170501,0.0,0.0,0.0,0.0,0.0,0.8047189562170501,0.0,0.0
LAS,0.5493061443340549,0.5493061443340549,1.4387371636790223,1.7908995167731467,0.46209812037329684,1.5474572577726913,0.8239592165010823,1.3732653608351373,2.1249100080421623,1.8270396897336403,1.8270396897336403,2.1277537294374507,1.6094379124341003,1.297273432703542,2.9438499555793483,2.046742304883596
LAT,0.0,0.6931471805599453,0.29706307738283366,0.6931471805599453,1.0986122886681098,0.6931471805599453,0.46209812037329684,0.9241962407465937,0.3243183581758855,0.8047189562170501,0.5493061443340549,0.716703787691222,0.0,1.0986122886681098,1.0750556815368328,1.0986122886681098
LAW,0.0,0.0,0.0,0.0,0.0,0.0,0.0,3.2188758248682006,0.0,2.5649493574615367,0.0,0.0,0.0,0.0,0.0,3.8918202981106265
LAY,0.0,0.0,0.0,0.0,0.0,0.5493061443340549,0.0,0.0,0.0,0.6931471805599453,0.0,0.0,0.0,0.0,0.0,0.0
LCA,0.0,0.0,0.0,0.0,0.0,0.0,0.0,0.0,0.0,0.0,0.0,0.0,0.0,0.0,0.0,0.0
LCD,0.5493061443340549,0.0,0.0,0.0,0.0,0.0,0.0,0.0,0.5493061443340549,0.5493061443340549,0.5493061443340549,0.358351893845611,0.0,0.0,0.5941261547656673,1.0986122886681098
LCG,0.0,0.0,0.0,0.0,0.0,0.0,0.0,0.0,0.0,0.0,0.0,0.13032386152085929,0.0,0.0,0.134119826036175,0.0
LCI,0.0,0.0,0.46209812037329684,0.6931471805599453,0.0,0.0,1.2070784343255752,0.0,1.433407575382444,0.5493061443340549,0.8047189562170501,0.0,0.0,0.0,0.716703787691222,0.5493061443340549
LCK,0.0,0.6931471805599453,0.0,0.0,0.0,0.0,0.0,0.6931471805599453,0.0,0.0,0.0,0.0,0.0,0.0,0.0,0.0
LCL,0.0,0.0,0.0,0.0,0.0,0.0,0.0,0.0,0.0,0.0,0.0,0.0,0.0,0.0,0.0,0.0
LCN,0.0,0.0,0.0,0.0,0.0,0.0,0.0,0.0,0.0,0.0,0.0,0.0,0.0,0.0,0.0,0.0
LCP,0.0,0.0,0.0,0.0,0.0,0.0,0.0,0.0,0.0,0.0,0.0,0.0,0.0,0.0,0.0,0.0
LCR,0.5493061443340549,0.0,0.6931471805599453,0.0,0.6931471805599453,0.0,0.0,0.0,0.6931471805599453,1.0986122886681098,1.297273432703542,0.0,0.0,0.0,0.0,0.0
LCS,0.0,0.0,0.0,0.0,0.0,0.0,0.0,0.0,0.0,0.0,0.0,0.0,0.0,0.0,0.0,0.0
LCT,0.5493061443340549,0.0,0.0,0.0,0.9729550745276566,1.6094379124341003,0.0,0.0,0.0,0.0,1.3862943611198906,0.6931471805599453,0.6931471805599453,0.0,0.0,0.0
LCY,0.0,0.0,0.0,0.0,0.0,0.0,0.0,0.0,0.0,0.0,0.0,0.0,0.0,0.0,0.0,0.0
LDA,0.0,0.0,1.2070784343255752,0.8047189562170501,0.0,0.0,0.0,0.0,1.3732653608351373,0.0,0.0,1.0986122886681098,1.6094379124341003,0.0,0.0,1.6094379124341003
LDD,0.0,0.0,0.0,0.0,0.0,0.0,0.0,0.0,0.0,0.0,0.0,0.0,0.0,0.0,0.0,0.0
LDE,0.0,0.8047189562170501,0.0,0.0,0.0,0.10456906063204158,0.6931471805599453,0.0,0.0,0.0,0.08955238370698958,0.0,0.5493061443340549,0.0,0.0,0.0
LDF,0.0,0.0,0.0,0.0,0.0,0.0,0.0,0.0,0.0,0.0,0.0,0.0,0.0,0.0,0.0,0.0
LDG,1.6094379124341003,0.0,0.9729550745276566,0.9241962407465937,0.40235947810852507,0.648636716351771,0.9591581091193483,0.0,0.0,0.8047189562170501,1.3732653608351373,1.922571505169192,1.782378464297002,1.2070784343255752,1.0986122886681098,1.791759469228055
LDI,0.0,1.068728898942307,0.0,0.0,1.791759469228055,0.9671607861079322,0.0,1.791759469228055,0.0,0.0,0.0,0.0,0.0,1.791759469228055,0.0,0.0
LDK,0.27465307216702745,0.46209812037329684,0.46209812037329684,0.6931471805599453,0.40235947810852507,0.27465307216702745,0.0,0.0,0.0,0.0,0.0,0.5493061443340549,0.6931471805599453,0.5493061443340549,0.0,0.0
LDL,0.0,0.5493061443340549,0.0,0.5493061443340549,0.0,0.0,0.0,0.0,0.0,0.0,0.0,0.0,0.6931471805599453,0.0,0.0,0.0
LDM,0.0,0.0,0.0,0.0,0.0,0.0,0.0,0.0,0.0,0.0,0.0,0.0,0.0,0.0,0.0,0.0
LDN,0.0,0.0,0.46209812037329684,0.0,0.358351893845611,0.0,0.0,0.5493061443340549,0.0,0.0,0.0,0.0,0.0,0.8047189562170501,0.0,0.5493061443340549
LDP,0.0,0.0,0.0,0.0,0.0,0.0,0.0,0.0,0.0,0.0,0.0,0.0,0.0,0.0,0.0,0.0
LDR,2.046742304883596,2.0794415416798357,1.7908995167731467,0.0,1.0986122886681098,1.0750556815368328,1.3862943611198906,0.9241962407465937,0.8047189562170501,0.9241962407465937,2.5503280216730864,1.9629593194442934,1.6785266909588594,0.0,1.9237120180961527,1.2070784343255752
LDS,0.6931471805599453,0.8239592165010823,0.0,0.0,0.5941261547656673,0.40235947810852507,0.9241962407465937,0.9241962407465937,0.29706307738283366,0.5493061443340549,0.0,0.6931471805599453,0.0,0.40235947810852507,0.46209812037329684,0.0
LDT,0.0,0.0,0.648636716351771,0.8047189562170501,0.0,0.23978952727983707,0.0,0.6931471805599453,0.7193685818395111,0.0,1.1882523095313346,1.1295030226309093,0.8047189562170501,0.8047189562170501,0.2558427881104495,0.8239592165010823
LDV,0.5493061443340549,0.8047189562170501,0.0,0.27465307216702745,0.0,0.11446624014950488,1.6094379124341003,0.0,1.6094379124341003,1.9459101490553132,2.7398148997105296,0.6931471805599453,0.5493061443340549,0.5493061443340549,0.5493061443340549,0.9241962407465937
LDW,0.0,0.0,0.0,0.0,0.0,0.0,0.0,0.0,0.0,0.0,0.0,0.0,0.0,0.0,0.0,0.0
LDY,0.0,0.0,0.0,0.0,0.0,0.0,0.0,0.0,0.0,0.0,0.0,0.0,0.0,0.0,0.6931471805599453,0.6931471805599453
LEA,0.0,0.6931471805599453,0.0,0.0,0.5493061443340549,0.6931471805599453,1.2070784343255752,0.0,0.0,0.6931471805599453,0.0,0.0,0.0,0.358351893845611,0.0,0.0
LED,0.0,0.0,0.0,0.0,0.0,0.0,0.0,0.0,0.0,0.0,0.2030044099704045,1.2591286416445535,0.0,0.0,0.5100656043346173,1.4210308697928313
LEE,0.0,0.5493061443340549,0.6931471805599453,0.0,0.5493061443340549,0.0,0.0,0.0,0.6931471805599453,0.0,0.0,0.0,0.0,0.0,0.0,0.0
LEF,0.3243183581758855,0.46209812037329684,0.40235947810852507,0.6931471805599453,1.0750556815368328,1.791759469228055,0.0,0.0,0.0,0.5493061443340549,0.9729550745276566,0.29706307738283366,0.46209812037329684,0.0,0.0,0.0
LEG,0.0,0.0,0.0,0.0,0.29706307738283366,0.0,0.0,0.0,0.0,0.0,0.0,0.0,0.0,0.0,0.0,0.0
LEH,0.0,0.0,0.0,0.0,0.0,0.0,0.0,0.0,0.0,0.0,0.0,0.0,0.0,0.0,0.0,0.0
LEI,0.0,0.5493061443340549,1.433407575382444,1.297273432703542,0.0,1.2792139405522478,0.648636716351771,0.46209812037329684,1.5813042316832728,0.5941261547656673,0.5589896617418914,1.0986122886681098,1.2070784343255752,0.6931471805599453,0.8239592165010823,0.716703787691222
LEK,0.0,0.0,0.0,0.0,0.0,0.0,0.0,0.648636716351771,0.0,0.3271598865740489,0.0,0.8418239574966185,0.0,0.0,0.32779758388748254,0.7819431691251557
LEL,0.0,0.0,0.5493061443340549,0.716703787691222,0.0,2.0797790624897443,0.0,2.6831503763610787,0.7393569925972749,0.0,0.0,0.0,0.716703787691222,0.0,0.0,2.6714852459213345
LEM,0.0,0.0,0.0,0.0,0.0,0.0,0.0,0.0,0.0,0.0,0.0,0.0,0.0,0.0,0.0,0.0
LEN,0.0,0.0,0.46209812037329684,0.0,0.0,0.0,0.0,0.0,0.46209812037329684,0.0,0.8047189562170501,0.0,0.0,0.0,0.0,0.0
LEP,0.0,0.0,0.0,0.0,0.0,0.0,0.0,0.0,0.0,0.0,0.134119826036175,0.0,0.0,0.0,0.0,0.0
LEQ,0.0,0.0,0.0,0.0,0.0,0.0,0.0,0.0,0.0,0.0,0.0,0.0,0.0,0.0,0.0,0.0
LER,0.9241962407465937,0.0,0.0,0.0,0.0,0.46209812037329684,0.6931471805599453,0.0,0.5493061443340549,0.0,0.0,0.0,0.0,0.0,0.0,0.0
LES,1.0986122886681098,0.3243183581758855,0.40235947810852507,0.5493061443340549,1.2070784343255752,0.891189232148501,0.40235947810852507,0.0,0.9729550745276566,1.2070784343255752,0.358351893845611,0.27465307216702745,0.0,0.5493061443340549,0.46209812037329684,0.46209812037329684
LET,0.0,0.0,0.0,0.0,0.0,0.0,0.0,0.0,0.5493061443340549,0.0,0.0,0.0,0.0,0.0,0.6931471805599453,0.0
LEV,0.0,0.0,0.0,0.5493061443340549,0.0,0.0,0.0,0.0,0.5493061443340549,0.15767011966073635,0.0,0.0,0.0,0.0,0.29706307738283366,0.0
LEW,2.4849066497880004,2.1249100080421623,0.40235947810852507,0.0,1.2824746787307684,0.0,0.0,0.0,0.2558427881104495,0.0,0.0,0.2558427881104495,0.0,0.0,0.0,0.358351893845611
LEY,1.2070784343255752,0.5493061443340549,1.023371152441798,0.0,0.716703787691222,1.0986122886681098,0.358351893845611,0.0,0.8047189562170501,0.9241962407465937,0.27465307216702745,0.8047189562170501,0.8047189562170501,0.0,0.0,0.0
LFA,0.0,0.0,0.0,0.0,0.0,0.0,0.0,0.0,0.0,0.0,0.0,0.0,0.0,0.0,0.0,0.0
LFC,0.0,0.0,0.6931471805599453,0.0,0.6931471805599453,0.0,0.0,0.0,0.0,0.0,0.6931471805599453,0.0,0.0,0.6931471805599453,0.0,0.0
LFD,1.791759469228055,0.0,1.2070784343255752,0.5493061443340549,0.5493061443340549,0.40235947810852507,0.5493061443340549,0.8047189562170501,0.9241962407465937,0.0,0.6931471805599453,0.6931471805599453,1.0750556815368328,0.6931471805599453,0.0,0.0
LFE,0.0,0.0,0.40235947810852507,0.0,0.0,0.716703787691222,0.0,0.46209812037329684,0.40235947810852507,0.5493061443340549,2.359515346849548,2.4072786084294826,0.0,0.40235947810852507,2.5561416257536766,2.5917146190251588
LFF,0.0,0.358351893845611,2.833213344056216,0.0,2.302585092994046,0.0,0.0,0.0,2.046742304883596,0.0,0.5493061443340549,1.6215917908794277,0.0,1.6215917908794277,0.0,0.0
LFG,0.0,0.0,0.0,0.0,0.0,0.0,0.0,0.0,0.0,0.0,0.0,0.0,0.0,0.0,0.0,0.0
LFI,0.0,0.0,0.0,0.0,0.0,0.0,0.0,0.0,0.0,0.0,0.0,0.0,0.0,0.0,0.0,0.0
LFK,0.0,0.6931471805599453,0.0,0.6931471805599453,0.6931471805599453,0.0,0.5493061443340549,0.0,0.0,0.0,1.0986122886681098,0.40235947810852507,0.0,0.0,0.0,0.0
LFN,0.0,0.0,0.0,0.0,0.0,0.0,0.0,0.0,0.0,0.0,0.0,0.0,0.0,0.0,0.0,0.0
LFP,0.0,0.0,0.0,0.0,0.0,0.0,0.0,0.0,0.0,0.0,0.0,0.0,0.0,0.0,0.0,0.0
LFQ,0.6931471805599453,1.0986122886681098,1.3862943611198906,0.6931471805599453,1.6094379124341003,0.9729550745276566,0.0,0.5493061443340549,0.6931471805599453,0.5941261547656673,0.0,0.9241962407465937,0.6931471805599453,0.0,0.716703787691222,0.0
LFR,0.716703787691222,1.9183162182386966,2.3650517949110452,0.6931471805599453,2.380306153561547,1.791759469228055,2.030044099704045,1.2070784343255752,2.351203577673075,1.9183162182386966,1.5161442254379565,2.4577664262476278,0.0,1.791759469228055,2.1210093740750584,2.0402624173384694
LFS,1.3862943611198906,0.6931471805599453,0.0,0.5493061443340549,0.0,0.0,0.0,0.9241962407465937,0.6931471805599453,0.0,0.0,0.0,0.9729550745276566,0.6931471805599453,0.5493061443340549,0.0
LFT,0.0,0.0,0.0,0.0,0.0,0.0,0.0,0.0,0.0,0.0,0.0,0.0,0.0,0.0,0.0,0.0
LFV,0.6931471805599453,0.0,0.0,0.6931471805599453,0.0,0.0,0.0,0.6931471805599453,0.0,0.0,0.0,0.0,0.0,0.5493061443340549,0.0,0.0
LFY,0.0,1.782378464297002,0.6931471805599453,0.0,0.358351893845611,0.6931471805599453,0.40235947810852507,0.0,1.6479184330021646,0.6931471805599453,0.0,0.0,0.0,0.0,0.0,0.0
LGA,0.0,0.0,0.0,0.0,0.0,0.0,0.0,0.0,0.0,0.0,0.0,0.0,0.0,0.0,0.0,0.0
LGC,0.0,0.0,0.0,0.0,0.0,0.0,0.0,0.0,0.0,0.0,0.0,0.0,0.0,0.0,0.0,0.0
LGD,0.0,0.0,0.0,0.0,0.0,0.0,0.0,0.0,0.0,0.0,0.0,0.0,0.0,0.0,0.0,0.0
LGE,0.0,0.0,0.0,0.0,0.0,0.0,0.0,0.0,0.0,0.0,0.0,0.0,0.0,0.0,0.0,0.9241962407465937
LGF,0.0,0.0,0.0,0.0,0.0,0.46209812037329684,0.5493061443340549,0.0,0.0,0.5493061443340549,0.0,0.0,0.0,0.0,0.0,0.0
LGG,0.0,0.0,0.0,0.0,0.0,0.0,0.6931471805599453,0.0,0.0,0.0,0.0,0.9241962407465937,0.0,0.6931471805599453,0.716703787691222,0.0
LGI,0.6412373393653842,2.794948308709457,0.23978952727983707,0.0,2.961959564600181,4.405298023294806,0.43706344518331003,2.4072786084294826,0.5312275020105406,4.02535169073515,3.9943561972338073,0.1770758340035135,0.5493061443340549,0.5364793041447,3.435829540573952,2.983875913928921
LGK,0.0,0.0,0.9241962407465937,0.6931471805599453,2.995732273553991,0.354151668007027,0.2850449287208318,0.3243183581758855,1.2070784343255752,2.457828486301612,0.23978952727983707,0.2558427881104495,0.0,0.21374577978846138,2.6142265158010396,2.3456533666635555
LGL,0.0,0.9241962407465937,0.0,0.5493061443340549,0.3243183581758855,0.46209812037329684,0.5941261547656673,0.0,0.0,0.0,1.0986122886681098,0.0,0.5493061443340549,0.0,0.0,0.0
LGN,0.0,0.0,0.648636716351771,0.0,0.0,0.0,0.0,0.0,0.0,0.0,0.0,0.0,1.6094379124341003,0.0,0.0,1.0986122886681098
LGP,0.0,0.0,0.0,0.0,0.0,0.0,0.0,0.0,0.0,0.0,0.0,0.0,0.0,0.0,0.0,0.0
LGQ,0.0,0.0,0.0,0.0,0.0,0.0,0.0,0.0,0.0,0.0,0.0,0.0,0.0,0.0,0.0,0.0
LGR,0.46209812037329684,0.46209812037329684,0.0,0.0,0.0,0.6931471805599453,0.0,0.6931471805599453,0.5493061443340549,0.0,0.5493061443340549,0.0,0.0,0.0,0.0,1.0986122886681098
LGS,1.297273432703542,0.0,0.0,0.0,0.0,0.0,0.0,0.0,0.0,0.0,0.0,0.0,0.0,0.0,0.0,0.0
LGT,0.6931471805599453,0.5493061443340549,0.29706307738283366,0.648636716351771,0.46209812037329684,0.0,0.5493061443340549,0.0,0.648636716351771,0.0,0.0,0.0,0.0,0.0,0.358351893845611,1.0986122886681098
LGV,0.9729550745276566,0.0,1.6094379124341003,1.782378464297002,0.8047189562170501,0.0,0.40235947810852507,0.6931471805599453,1.0750556815368328,1.6215917908794277,1.297273432703542,0.0,1.0986122886681098,0.5493061443340549,1.6215917908794277,0.9241962407465937
LGY,0.0,0.0,0.0,0.0,0.0,0.0,0.0,0.0,0.0,0.0,0.0,0.0,0.0,0.0,0.0,0.0
LHA,0.7675283643313486,0.358351893845611,0.8239592165010823,0.40235947810852507,0.8047189562170501,0.2030044099704045,0.0,0.0,1.0986122886681098,1.3732653608351373,0.0,0.23978952727983707,0.7675283643313486,0.0,2.0794415416798357,0.0
LHE,0.0,0.0,0.0,0.0,0.0,0.0,0.0,0.0,0.0,0.0,0.0,0.0,0.0,0.0,0.0,0.0
LHH,0.0,0.5493061443340549,0.0,0.0,0.0,0.0,0.6931471805599453,0.0,0.0,0.0,0.0,0.0,0.0,0.0,0.0,0.0
LHI,0.0,0.0,0.0,0.0,1.0986122886681098,0.6931471805599453,0.0,0.0,0.0,0.0,0.0,0.0,0.0,0.0,0.0,0.0
LHK,0.0,0.0,0.0,0.0,0.0,0.0,0.0,0.0,0.0,0.0,0.0,0.0,0.0,0.0,0.0,0.0
LHL,0.46209812037329684,0.40235947810852507,0.358351893845611,0.0,0.0,0.0,0.0,0.0,0.6090132299112135,0.0,0.8549831191538455,0.0,0.0,0.0,0.511685576220899,0.0
LHN,0.9241962407465937,0.6931471805599453,1.7908995167731467,0.0,0.9241962407465937,0.6931471805599453,0.0,0.6931471805599453,1.3732653608351373,1.2070784343255752,0.0,0.0,0.0,0.5493061443340549,0.0,0.0
LHP,0.0,0.0,0.0,0.0,0.0,0.0,0.0,0.0,1.0986122886681098,0.9729550745276566,2.8006113904056646,0.0,0.0,0.0,0.0,0.0
LHQ,0.0,0.0,0.0,0.6931471805599453,0.6931471805599453,0.0,0.0,0.0,0.0,0.0,0.0,0.46209812037329684,0.6931471805599453,0.0,0.0,0.0
LHR,0.0,0.0,0.0,0.0,0.0,0.6931471805599453,0.6931471805599453,0.6931471805599453,0.0,0.0,0.0,0.0,0.0,0.5493061443340549,0.0,0.0
LHS,0.0,0.0,0.0,0.0,0.0,0.0,1.0986122886681098,0.0,0.0,1.0986122886681098,0.6931471805599453,0.6931471805599453,0.0,0.6931471805599453,0.6931471805599453,0.6931471805599453
LHT,0.0,0.0,0.0,0.0,0.0,0.0,0.0,0.0,0.0,0.0,0.0,0.0,0.0,0.0,0.0,0.0
LHV,1.0986122886681098,0.6931471805599453,0.0,0.0,0.0,0.0,0.6931471805599453,0.6931471805599453,0.5493061443340549,0.6931471805599453,0.6931471805599453,0.6931471805599453,0.0,0.0,1.2070784343255752,1.0986122886681098
LHY,0.0,0.5493061443340549,0.0,0.6931471805599453,0.5493061443340549,0.0,0.6931471805599453,0.0,0.0,0.0,0.9241962407465937,0.5493061443340549,0.6931471805599453,0.0,0.0,0.0
LIA,0.0,0.2030044099704045,0.2030044099704045,0.0,0.8047189562170501,0.0,0.0,2.6831503763610787,0.0,3.006514133916495,0.06601401719618526,1.2070784343255752,0.0,0.2558427881104495,2.8147840399962667,0.21374577978846138
LIC,0.0,0.0,0.0,0.0,0.0,0.0,0.0,0.0,0.0,0.0,0.0,0.0,0.0,0.0,0.0,0.0
LID,0.0,0.9241962407465937,0.46209812037329684,0.0,0.46209812037329684,0.0,0.358351893845611,0.0,0.6931471805599453,0.0,0.0,0.40235947810852507,1.6094379124341003,0.6931471805599453,0.0,1.0986122886681098
LIE,0.6931471805599453,1.0986122886681098,0.0,0.0,0.0,1.4853153869141684,0.3243183581758855,0.716703787691222,0.46209812037329684,0.716703787691222,0.9241962407465937,0.716703787691222,0.6931471805599453,0.8047189562170501,0.9241962407465937,0.0
LII,0.0,0.0,0.0,0.0,0.0,0.0,0.0,0.0,0.0,0.0,0.0,0.0,0.0,0.0,0.0,0.0
LIK,0.0,0.0,0.0,0.0,0.0,0.0,0.0,0.0,0.0,0.0,0.0,0.0,0.0,0.5545177444479562,0.0,0.39097158456257786
LIL,0.0,0.0,0.0,0.0,0.0,0.0,0.5493061443340549,0.0,0.0,0.0,0.0,0.648636716351771,1.0986122886681098,0.0,0.0,0.9241962407465937
LIM,0.0,0.0,0.0,0.0,0.0,0.0,0.0,0.0,0.0,0.0,0.0,0.0,0.0,0.0,0.0,0.0
LIN,0.0,1.0986122886681098,0.8047189562170501,0.0,0.9241962407465937,0.0,0.0,0.0,0.0,0.0,0.0,0.0,1.0986122886681098,0.0,0.0,0.0
LIP,0.0,0.0,0.0,0.0,0.0,0.0,0.0,0.0,0.0,0.0,0.0,0.0,0.0,0.0,0.0,0.0
LIQ,0.0,0.0,0.8047189562170501,1.0986122886681098,0.0,0.0,0.0,0.0,0.0,0.0,0.9241962407465937,1.791759469228055,1.0986122886681098,0.0,0.9241962407465937,1.922571505169192
LIR,0.0,0.0,0.0,0.6931471805599453,0.0,0.0,0.8047189562170501,0.0,0.8047189562170501,0.46209812037329684,0.0,0.0,0.0,0.0,0.716703787691222,0.5493061443340549
LIS,0.0,0.0,0.0,0.0,0.0,0.0,0.0,0.0,0.0,0.0,0.0,0.0,0.0,0.0,0.0,0.0
LIV,0.0,0.0,0.0,0.0,0.0,0.0,0.0,0.0,0.0,0.0,0.0,0.0,0.0,0.0,0.0,0.0
LIY,3.1354942159291497,2.131165706406396,1.1882523095313346,0.0,0.891189232148501,0.716703787691222,2.436052919644854,0.0,2.137457797884614,2.1265392627313178,1.0986122886681098,0.5493061443340549,1.0986122886681098,0.0,1.8270396897336403,1.0986122886681098
LKA,0.0,0.0,0.0,0.0,0.0,0.0,0.0,0.0,0.0,0.0,0.0,0.0,0.0,0.0,0.0,0.0
LKC,0.0,0.0,0.0,0.0,0.0,0.0,0.0,0.0,0.0,0.0,0.0,0.0,0.0,0.0,0.0,0.0
LKD,0.0,0.0,0.0,0.0,0.0,0.0,0.0,0.0,0.0,0.0,0.0,0.0,0.0,0.0,0.0,0.0
LKE,0.0,0.0,0.21374577978846138,0.46209812037329684,0.0,0.12341498185834088,0.40235947810852507,0.27465307216702745,0.36967849629863747,0.0,3.2422005130493416,0.16357994328702444,0.0,0.5545177444479562,0.10926586129582751,0.22893248029900976
LKF,0.0,0.648636716351771,0.0,2.1972245773362196,0.2558427881104495,0.40235947810852507,0.716703787691222,0.6931471805599453,0.0,1.0986122886681098,0.0,0.27465307216702745,2.0794415416798357,0.0,0.8047189562170501,1.9459101490553132
LKG,0.0,0.0,0.5493061443340549,0.5493061443340549,0.6931471805599453,0.0,0.9241962407465937,0.5493061443340549,0.9729550745276566,0.5493061443340549,0.5493061443340549,0.40235947810852507,0.0,0.0,1.6215917908794277,1.433407575382444
LKI,0.9241962407465937,0.46209812037329684,0.0,0.0,0.0,0.0,0.0,0.0,0.5493061443340549,0.46209812037329684,1.2070784343255752,0.46209812037329684,0.0,0.0,1.3862943611198906,1.0986122886681098
LKK,2.2800370426149756,1.8776775645064505,1.0729586082894,0.46209812037329684,1.8072048362094548,0.8107958954397139,0.7737286288863456,1.5211554766173827,1.2792139405522478,1.4719249777896741,0.8868129443125936,1.6765812880406339,1.6942101997711707,1.1295030226309093,1.3039425795659698,1.530196813003852
LKL,0.0,0.0,0.0,0.0,0.0,0.0,0.0,0.0,0.0,0.0,0.716703787691222,0.0,0.0,0.0,0.0,0.0
LKM,1.3732653608351373,2.3978952727983707,0.0,1.791759469228055,1.782378464297002,2.137457797884614,1.1295030226309093,1.7908995167731467,0.9591581091193483,1.2792139405522478,1.5350567286626973,1.6479184330021646,1.9237120180961527,1.6215917908794277,1.6215917908794277,1.791759469228055
LKN,0.0,0.0,1.0986122886681098,0.0,0.0,0.0,0.0,0.0,1.0986122886681098,0.0,0.6931471805599453,0.0,0.0,0.0,0.0,0.0
LKP,0.6777018135785455,1.7435577384702752,2.060694968905544,0.5493061443340549,0.5941261547656673,1.9547057861573016,0.5463293064791376,0.0,1.6357994328702448,0.7883505983036818,0.14841974760120263,0.1770758340035135,0.358351893845611,0.7193685818395111,0.0,0.0
LKQ,0.0,0.9241962407465937,0.46209812037329684,0.0,0.46209812037329684,1.355403627157091,0.0,1.0750556815368328,0.6931471805599453,0.5493061443340549,1.023371152441798,1.297273432703542,0.0,0.8047189562170501,1.6094379124341003,0.0
LKR,0.0,0.0,0.8047189562170501,1.2070784343255752,0.40235947810852507,0.0,0.0,0.0,0.8239592165010823,0.0,0.3243183581758855,0.5493061443340549,0.9241962407465937,0.3243183581758855,1.3862943611198906,0.0
LKS,0.0,0.0,0.46209812037329684,0.0,0.6931471805599453,0.0,0.0,0.8239592165010823,0.0,0.0,0.5493061443340549,0.0,0.0,1.297273432703542,0.0,0.9241962407465937
LKT,1.1090354888959124,0.3044522437723423,1.530196813003852,1.0986122886681098,0.0,3.9551829792578594,0.5864133416658889,1.0986122886681098,0.9133567313170269,0.708303336014054,3.014640833727095,0.0,0.716703787691222,0.406008819940809,0.0,0.1770758340035135
LKV,0.0,0.0,0.0,0.0,0.0,0.6931471805599453,0.6931471805599453,0.0,0.0,0.0,0.0,0.6931471805599453,0.0,0.6931471805599453,0.0,0.6931471805599453
LKW,0.0,0.0,1.6094379124341003,0.0,1.0986122886681098,2.3978952727983707,1.0986122886681098,0.0,0.9241962407465937,1.782378464297002,0.0,0.0,0.0,0.0,0.0,0.0
LKY,0.46209812037329684,1.2070784343255752,1.7908995167731467,0.40235947810852507,1.6215917908794277,0.3243183581758855,0.716703787691222,1.297273432703542,1.2792139405522478,1.2792139405522478,0.648636716351771,1.023371152441798,0.29706307738283366,0.9241962407465937,1.218026459822427,0.0
LLA,0.0,0.6931471805599453,1.433407575382444,2.0794415416798357,0.0,1.922571505169192,0.9241962407465937,1.791759469228055,2.137457797884614,2.1972245773362196,1.8072048362094548,2.302585092994046,1.297273432703542,0.9241962407465937,2.6561375100527025,1.782378464297002
LLC,0.29706307738283366,0.0,0.27465307216702745,0.0,0.0,0.0,0.0,1.3862943611198906,0.5493061443340549,1.0750556815368328,1.1248379155601986,0.7215633921399587,0.0,0.0,1.3674401042500128,1.2792139405522478
LLD,0.0,0.46209812037329684,1.297273432703542,1.0750556815368328,0.0,0.5493061443340549,0.46209812037329684,0.40235947810852507,1.355403627157091,0.5941261547656673,0.358351893845611,0.648636716351771,1.6215917908794277,0.511685576220899,0.9591581091193483,1.6215917908794277
LLE,0.5941261547656673,0.0,0.0,0.46209812037329684,0.0,0.0,0.0,0.0,0.511685576220899,0.0,0.0,0.2558427881104495,0.0,0.0,0.1934321572215864,0.3243183581758855
LLF,0.0,0.358351893845611,2.8380621538932544,0.358351893845611,1.8483924814931874,0.46209812037329684,0.0,0.0,2.218070977791825,1.3732653608351373,0.40235947810852507,1.3732653608351373,0.0,1.791759469228055,1.3862943611198906,1.2070784343255752
LLG,0.0,0.0,0.0,0.0,0.0,1.0986122886681098,0.8047189562170501,0.5493061443340549,0.0,0.0,0.0,0.46209812037329684,0.0,0.5493061443340549,0.0,0.0
LLH,0.0,0.0,0.0,0.6931471805599453,0.6931471805599453,0.0,0.0,0.0,0.0,0.0,0.0,0.6931471805599453,0.5493061443340549,0.0,0.0,0.0
LLI,2.995732273553991,2.2901192060183426,0.8047189562170501,0.0,0.47957905455967414,0.0,0.0,0.0,0.40235947810852507,0.0,0.0,0.0,0.9241962407465937,0.0,0.0,0.0
LLK,0.0,0.0,0.21374577978846138,0.46209812037329684,0.0,0.0,0.0,0.0,0.23978952727983707,0.0,0.0,0.0,1.782378464297002,0.23978952727983707,0.0,1.6215917908794277
LLL,0.0,0.0,2.355079964463479,0.358351893845611,1.700218681115391,0.0,0.0,0.5941261547656673,0.716703787691222,0.0,0.0,1.2824746787307684,0.0,1.7908995167731467,0.46209812037329684,0.358351893845611
LLM,0.0,1.6215917908794277,2.833213344056216,0.0,2.030044099704045,1.6785266909588594,2.030044099704045,1.0986122886681098,2.4849066497880004,1.4962204585192298,0.5493061443340549,1.9183162182386966,0.0,1.922571505169192,0.9241962407465937,0.0
LLN,0.0,0.0,0.8047189562170501,1.0986122886681098,0.0,0.0,0.5493061443340549,0.5493061443340549,1.297273432703542,0.0,0.0,0.5493061443340549,1.0986122886681098,0.5493061443340549,0.0,0.9241962407465937
LLP,1.0986122886681098,0.46209812037329684,1.6215917908794277,1.791759469228055,0.6931471805599453,0.8047189562170501,0.5493061443340549,0.3243183581758855,1.6479184330021646,0.648636716351771,0.9729550745276566,1.6094379124341003,1.1882523095313346,0.0,1.9183162182386966,1.6094379124341003
LLQ,1.218026459822427,1.791759469228055,1.355403627157091,0.0,0.8047189562170501,0.0,0.0,1.0986122886681098,1.4962204585192298,0.0,1.1605929433295186,0.8178997164351224,0.9241962407465937,0.0,1.3732653608351373,0.0
LLR,2.794948308709457,1.7746813893869464,3.538643069451893,1.1901530767807735,0.4518012090523637,2.4801340127511464,3.3314407823333605,2.509657455168998,2.518257283289107,0.24052113071331957,3.5548286919519763,1.4722194895832201,0.7611306094308558,2.564625836084481,0.7021229274585992,2.097396162891768
LLS,0.0,0.9241962407465937,0.29706307738283366,0.0,0.0,0.0,0.0,0.0,0.3243183581758855,0.5493061443340549,0.5493061443340549,1.0986122886681098,0.648636716351771,0.0,1.2070784343255752,1.433407575382444
LLT,0.0,0.0,0.0,0.0,0.0,0.0,0.0,0.0,0.0,0.0,0.0,0.0,0.0,0.0,0.0,0.0
LLV,0.29706307738283366,0.46209812037329684,0.0,0.5493061443340549,0.0,0.0,0.0,1.2070784343255752,0.9241962407465937,1.0750556815368328,0.10238625538446028,1.7592400249976667,0.0,0.0,1.5497654514833479,2.1249100080421623
LLY,0.0,0.0,1.2070784343255752,0.0,0.0,0.0,0.0,0.0,0.0,0.0,0.0,0.9460207179644181,0.9729550745276566,0.0,0.0,0.7193685818395111
LMA,0.0,0.0,0.0,0.0,0.0,0.648636716351771,0.0,1.0986122886681098,0.6931471805599453,0.716703787691222,0.6931471805599453,0.0,0.0,0.9241962407465937,0.9241962407465937,0.0
LMD,0.0,0.0,0.0,0.0,0.0,0.0,0.0,0.0,0.0,0.0,0.0,0.0,0.0,0.0,0.0,0.0
LME,0.0,0.0,0.0,0.0,0.0,0.0,0.0,0.0,0.0,0.0,0.0,0.0,0.0,0.0,0.0,0.0
LMF,0.0,2.137457797884614,2.772588722239781,0.0,2.3978952727983707,1.791759469228055,2.3978952727983707,0.0,2.3978952727983707,1.6215917908794277,0.0,2.2590060452618186,0.0,1.791759469228055,0.0,0.0
LMG,0.0,0.0,0.0,0.6931471805599453,0.0,0.0,0.0,0.0,0.5493061443340549,0.0,0.0,0.0,0.0,0.0,0.5493061443340549,0.0
LMI,0.0,0.0,0.0,0.0,0.0,0.0,0.0,0.0,0.0,0.0,0.0,0.0,0.0,0.0,0.0,0.0
LMK,0.9241962407465937,0.648636716351771,0.0,0.0,0.9241962407465937,0.0,0.0,0.0,0.0,0.0,0.0,0.49073982986107334,0.0,0.0,0.40235947810852507,0.6777018135785455
LMM,0.0,0.0,0.0,0.0,0.0,0.0,0.0,0.0,0.0,0.0,0.0,0.0,0.0,0.0,0.0,0.0
LMN,0.0,0.5493061443340549,0.0,0.0,0.0,0.0,0.6931471805599453,0.0,0.0,0.0,0.0,0.0,0.6931471805599453,0.0,0.0,0.0
LMP,0.0,0.0,0.0,0.0,0.0,0.0,0.0,0.0,0.0,0.0,0.0,0.0,0.0,0.0,0.0,0.0
LMR,0.0,2.0794415416798357,2.833213344056216,0.46209812037329684,2.1972245773362196,1.9459101490553132,0.6931471805599453,0.0,2.436052919644854,0.9241962407465937,0.5493061443340549,1.791759469228055,1.791759469228055,1.791759469228055,0.46209812037329684,1.791759469228055
LMS,0.0,0.0,0.0,0.0,0.0,0.0,0.0,0.0,0.0,0.0,0.0,0.0,0.0,0.0,0.0,0.0
LMT,0.0,0.0,0.0,0.0,0.0,0.0,0.0,0.0,0.0,0.0,0.0,0.0,0.0,0.0,0.0,0.0
LMY,1.3862943611198906,0.0,0.0,0.0,0.0,0.0,0.0,0.0,0.0,0.0,0.0,0.0,0.0,0.0,0.0,0.0
LND,0.0,0.0,1.0986122886681098,0.0,0.5493061443340549,0.0,0.0,0.0,0.0,0.0,1.0986122886681098,0.6931471805599453,0.0,0.6931471805599453,0.0,0.0
LNE,1.4787139851945499,1.922571505169192,0.406008819940809,2.0794415416798357,2.1972245773362196,1.2938747370452313,1.1090354888959124,0.891189232148501,1.355403627157091,1.0201312086692347,1.0201312086692347,1.5350567286626973,1.6479184330021646,0.7193685818395111,1.5350567286626973,1.922571505169192
LNF,0.6931471805599453,0.0,0.5493061443340549,0.0,0.6931471805599453,0.0,0.0,0.0,0.0,0.0,0.0,0.0,0.0,0.0,0.0,0.0
LNG,0.0,0.0,0.46209812037329684,0.0,0.0,0.0,0.0,0.0,0.0,0.5493061443340549,0.5493061443340549,0.6931471805599453,0.0,0.0,0.5493061443340549,0.0
LNH,0.0,0.0,0.0,0.0,0.0,0.0,0.6931471805599453,0.0,0.0,0.0,0.0,0.9241962407465937,0.0,0.0,1.0986122886681098,0.0
LNI,0.0,0.0,0.0,0.0,0.0,0.0,0.0,0.0,0.0,0.0,0.0,0.0,0.0,0.0,0.0,0.0
LNK,1.433407575382444,2.3019858420456756,2.3650517949110452,2.3978952727983707,0.0,2.720575925791766,0.35184800499953334,0.0,0.716703787691222,1.355403627157091,2.152418436039938,0.0,2.4790616760491893,1.1401797148833273,0.5545177444479562,0.47301035898220906
LNL,0.46209812037329684,0.716703787691222,0.0,0.0,1.2070784343255752,1.4853153869141684,0.40235947810852507,0.0,0.0,0.8047189562170501,0.716703787691222,0.3243183581758855,0.358351893845611,0.0,0.0,0.0
LNM,0.5493061443340549,1.6094379124341003,1.3862943611198906,1.0986122886681098,1.8072048362094548,1.6094379124341003,1.0986122886681098,0.6931471805599453,1.3862943611198906,1.0986122886681098,1.7908995167731467,0.5493061443340549,0.0,1.3862943611198906,0.6931471805599453,0.0
LNN,1.0986122886681098,0.5493061443340549,1.297273432703542,1.6215917908794277,0.6931471805599453,0.9241962407465937,0.5493061443340549,0.40235947810852507,1.922571505169192,1.0750556815368328,0.9729550745276566,1.0986122886681098,1.0750556815368328,0.0,1.4853153869141684,1.6094379124341003
LNP,0.0,0.0,0.0,0.0,0.0,0.0,0.0,0.0,0.0,0.0,0.0,0.0,0.0,0.0,0.0,0.0
LNQ,0.0,0.0,0.5493061443340549,0.0,0.0,0.0,0.6931471805599453,0.0,0.6931471805599453,0.6931471805599453,1.6215917908794277,1.433407575382444,0.0,0.0,1.3862943611198906,1.0986122886681098
LNR,0.0,0.6931471805599453,0.6931471805599453,0.0,1.0986122886681098,0.6931471805599453,0.5493061443340549,0.6931471805599453,0.0,0.6931471805599453,0.0,0.5493061443340549,0.0,0.6931471805599453,0.0,0.0
LNT,0.0,0.6931471805599453,0.0,0.0,0.46209812037329684,0.0,0.0,0.0,0.46209812037329684,0.0,0.0,0.0,0.0,0.0,0.0,0.0
LNV,0.0,0.0,0.6931471805599453,0.46209812037329684,0.0,0.0,0.6931471805599453,0.0,1.0986122886681098,0.0,0.6931471805599453,0.0,0.0,0.5493061443340549,0.6931471805599453,0.0
LNW,0.5493061443340549,0.0,3.258096538021482,0.0,0.0,4.472795654277591,0.0,3.8321858012357346,1.0986122886681098,2.459252969409291,4.674351046170332,0.21374577978846138,0.0,0.0,0.0,4.142454811636189
LPA,0.0,0.0,0.0,0.6931471805599453,0.0,0.0,0.0,0.5493061443340549,0.0,0.0,0.0,0.0,0.0,0.6931471805599453,0.0,0.0
LPC,0.0,0.0,0.0,0.0,0.0,0.0,0.0,0.0,0.0,0.0,0.0,0.0,0.0,0.0,0.0,0.0
LPD,0.9241962407465937,0.5941261547656673,0.5493061443340549,0.0,0.648636716351771,0.0,0.0,0.0,0.716703787691222,0.0,1.1090354888959124,1.0150220498520226,0.9241962407465937,0.0,0.6777018135785455,0.0
LPE,0.648636716351771,0.0,0.0,1.2070784343255752,0.0,0.0,0.0,0.4518012090523637,0.15767011966073635,0.0,4.51213644485702,0.0,0.511685576220899,0.3868643144431728,0.27465307216702745,0.3044522437723423
LPF,0.0,0.0,0.0,0.0,0.0,0.0,0.0,0.0,0.0,0.0,0.0,0.0,0.0,0.0,0.0,0.0
LPG,0.5493061443340549,0.0,0.6931471805599453,0.0,0.0,0.0,0.0,0.0,0.0,0.0,0.5493061443340549,1.0986122886681098,0.6931471805599453,0.0,0.0,0.0
LPH,0.0,0.0,0.0,0.0,0.0,0.0,0.0,0.0,0.0,0.0,0.0,0.0,0.0,0.0,0.0,0.0
LPI,0.34004373622307815,2.603056959092117,0.34004373622307815,0.0,0.27465307216702745,1.2812000382197533,2.3138284080818816,2.0055788195666855,2.508936640984983,2.1628890679454185,0.1889331808287809,0.8501093405576955,0.0,0.0,1.1401797148833273,1.0605046870375292
LPK,0.0,0.0,0.0,0.0,0.0,0.0,0.0,0.0,0.0,0.0,0.0,0.0,0.0,0.0,0.0,0.0
LPL,0.8047189562170501,0.358351893845611,1.6094379124341003,1.6215917908794277,0.5493061443340549,0.358351893845611,0.3243183581758855,0.46209812037329684,2.0794415416798357,1.0750556815368328,0.891189232148501,1.023371152441798,0.8047189562170501,0.0,1.1989476363991853,1.433407575382444
LPM,0.0,0.0,0.0,1.3862943611198906,0.0,1.0750556815368328,1.3862943611198906,0.0,0.0,1.9459101490553132,0.29706307738283366,0.0,0.0,1.3862943611198906,0.0,0.0
LPP,0.0,0.0,0.0,0.0,0.0,0.0,0.0,0.0,0.0,0.0,0.0,0.0,0.0,0.0,0.0,0.0
LPQ,0.0,2.5649493574615367,0.0,1.4853153869141684,0.0,1.9606496773890483,0.0,0.0,0.5941261547656673,1.0750556815368328,2.382512354259646,0.0,2.6390573296152584,1.433407575382444,1.0750556815368328,0.9241962407465937
LPR,0.0,0.0,0.0,0.0,0.0,0.6931471805599453,0.0,0.6931471805599453,0.0,0.0,0.0,0.0,0.0,0.46209812037329684,0.0,0.0
LPS,0.0,0.0,0.0,0.0,0.0,0.0,0.0,0.9241962407465937,0.0,0.0,0.0,0.0,0.0,1.2070784343255752,0.0,0.6931471805599453
LPV,0.6931471805599453,0.40235947810852507,0.0,0.9241962407465937,1.1882523095313346,0.0,0.0,0.0,0.0,0.0,0.0,0.6931471805599453,0.0,0.9729550745276566,0.0,0.0
LPW,0.0,0.0,0.0,0.0,0.0,0.0,0.0,0.0,0.0,0.0,0.0,0.0,0.0,0.0,0.0,0.0
LPY,0.0,1.0986122886681098,0.6931471805599453,0.6931471805599453,0.6931471805599453,0.0,0.0,0.0,0.6931471805599453,0.6931471805599453,0.0,0.0,0.6931471805599453,0.0,0.46209812037329684,0.0
LQA,0.812017639881618,3.098922885268748,0.3271598865740489,0.0,3.2087895283168626,0.406008819940809,0.0,2.794948308709457,0.8501093405576955,3.2188758248682006,0.7036960099990667,0.6705991301808751,0.47957905455967414,0.0,3.098922885268748,3.044607333229986
LQD,0.0,0.0,0.0,0.0,0.0,0.0,0.0,0.0,0.0,0.0,0.0,0.0,0.0,0.0,0.0,0.0
LQE,0.716703787691222,0.0,1.297273432703542,0.0,0.0,0.0,0.0,0.0,0.9241962407465937,0.0,0.8047189562170501,0.40235947810852507,0.0,0.0,0.8047189562170501,0.9241962407465937
LQF,0.0,0.0,0.0,0.0,0.0,0.0,0.0,0.0,0.0,0.0,0.0,0.0,0.0,0.0,0.0,0.0
LQG,0.0,0.0,0.0,0.0,0.0,0.0,0.0,0.0,0.0,0.0,0.0,0.0,0.0,0.0,0.0,0.0
LQI,0.0,0.3243183581758855,2.1277537294374507,0.0,2.2590060452618186,0.0,0.0,0.0,0.358351893845611,0.0,0.0,1.3732653608351373,0.0,1.791759469228055,0.0,0.0
LQK,0.0,0.46209812037329684,0.8047189562170501,0.0,0.0,0.0,0.358351893845611,1.0986122886681098,0.46209812037329684,0.46209812037329684,1.1882523095313346,1.6215917908794277,1.0986122886681098,0.0,1.2070784343255752,1.782378464297002
LQL,0.0,0.0,0.0,1.0986122886681098,0.0,0.0,0.9241962407465937,0.0,0.9241962407465937,0.0,0.9241962407465937,1.0986122886681098,0.0,0.0,1.0986122886681098,1.0986122886681098
LQM,0.0,0.0,0.5493061443340549,0.0,0.0,0.0,0.23978952727983707,0.0,0.0,0.0,0.0,0.0,0.0,0.0,0.0,0.0
LQN,0.0,0.0,0.0,0.0,0.0,0.0,0.0,0.0,0.0,0.0,0.40235947810852507,1.0750556815368328,0.9729550745276566,0.0,0.5493061443340549,0.8047189562170501
LQP,0.0,0.0,0.0,0.0,0.0,0.0,0.0,0.0,0.0,0.0,0.0,0.0,0.0,0.0,0.0,0.0
LQR,0.0,0.0,0.0,0.0,0.0,0.0,0.0,0.0,0.0,0.0,0.0,0.0,0.0,0.0,0.0,0.0
LQS,1.6094379124341003,2.1581057455185335,0.0,1.0986122886681098,1.0750556815368328,1.0986122886681098,1.5350567286626973,0.0,0.0,0.0,0.0,1.1882523095313346,1.782378464297002,0.0,0.0,1.6094379124341003
LQT,0.0,0.0,0.0,1.3862943611198906,0.0,0.6931471805599453,0.6931471805599453,0.5493061443340549,1.0986122886681098,0.0,1.0986122886681098,0.0,0.6931471805599453,1.3862943611198906,0.0,0.6931471805599453
LQV,0.0,0.0,0.46209812037329684,0.0,0.0,0.0,0.0,0.0,0.0,0.5493061443340549,0.5364793041447,2.507466743795708,0.6931471805599453,0.0,0.6090132299112135,2.5654043584874864
LQW,0.0,0.0,0.0,0.0,0.0,0.0,0.6931471805599453,0.0,0.0,0.6931471805599453,1.6094379124341003,1.2070784343255752,0.0,0.0,1.0750556815368328,0.5493061443340549
LQY,0.0,0.0,0.0,0.0,0.0,0.0,0.0,0.0,0.0,0.0,0.0,0.0,0.0,0.0,0.0,0.0
LRA,0.5700898574416636,0.6090132299112135,0.358351893845611,0.9591581091193483,0.5312275020105406,0.40235947810852507,1.0750556815368328,1.0750556815368328,0.46209812037329684,0.5941261547656673,0.0,1.5813042316832728,1.4787139851945499,0.648636716351771,0.46209812037329684,1.355403627157091
LRD,0.0,0.6931471805599453,0.5493061443340549,1.0986122886681098,0.6931471805599453,1.0986122886681098,1.3862943611198906,1.3862943611198906,1.2070784343255752,0.9241962407465937,1.3862943611198906,0.0,0.0,1.433407575382444,0.6931471805599453,1.0986122886681098
LRE,0.0,0.0,0.0,0.0,0.0,0.0,0.0,0.0,0.0,0.0,0.0,0.0,0.0,0.0,0.0,0.0
LRF,0.0,0.0,0.0,1.0986122886681098,0.46209812037329684,0.46209812037329684,0.0,0.0,0.0,0.0,0.0,0.0,0.0,0.0,1.0986122886681098,0.6931471805599453
LRG,3.006514133916495,1.023371152441798,3.1666320449958,0.358351893845611,0.716703787691222,2.8563919505370854,3.3462099402253305,2.564625836084481,1.5767011966073636,0.21371881967370676,4.308129448846386,0.42749155957692275,0.46209812037329684,2.697501371663089,0.1425224643604159,2.17617038357525
LRH,0.0,0.0,0.6931471805599453,0.0,1.0986122886681098,0.0,0.0,0.0,0.0,0.6931471805599453,0.0,0.0,0.0,0.0,0.0,0.0
LRI,0.0,0.0,0.5493061443340549,0.46209812037329684,0.0,0.0,0.0,0.0,0.358351893845611,0.5493061443340549,0.46209812037329684,0.0,0.0,0.0,0.46209812037329684,0.0
LRK,1.7908995167731467,0.716703787691222,0.9729550745276566,0.6931471805599453,0.0,1.297273432703542,1.0750556815368328,1.433407575382444,1.0750556815368328,0.0,1.8072048362094548,1.023371152441798,1.782378464297002,1.3862943611198906,1.2070784343255752,1.791759469228055
LRL,0.0,0.3271598865740489,0.891189232148501,0.5493061443340549,0.36967849629863747,0.0,0.5802964716647593,0.0,0.891189232148501,0.8047189562170501,0.0,0.0,0.9241962407465937,0.0,0.27465307216702745,0.0
LRM,0.0,0.0,0.0,0.6931471805599453,0.0,0.0,0.0,0.0,0.0,0.0,0.0,0.0,0.0,0.0,0.0,0.6931471805599453
LRN,0.0,0.6931471805599453,0.0,0.6931471805599453,0.6931471805599453,0.0,0.0,1.0986122886681098,0.6931471805599453,0.0,0.0,0.0,0.0,0.6931471805599453,0.46209812037329684,1.0986122886681098
LRP,0.0,0.0,0.46209812037329684,0.0,0.5493061443340549,0.0,0.0,0.0,0.0,0.0,0.45667836565851344,2.359515346849548,0.0,0.46209812037329684,0.7737286288863456,2.4141568686511503
LRQ,1.7908995167731467,0.8178997164351224,1.7908995167731467,1.6479184330021646,0.8047189562170501,0.1891733053391762,1.0150220498520226,1.0986122886681098,0.9591581091193483,0.7193685818395111,0.5104855195318794,1.218026459822427,2.033231729642506,0.8047189562170501,1.0201312086692347,1.6785266909588594
LRR,0.0,0.0,0.40235947810852507,0.0,0.716703787691222,0.0,0.0,0.0,0.0,0.46209812037329684,0.648636716351771,0.5493061443340549,0.0,0.0,0.511685576220899,0.891189232148501
LRS,0.0,2.2330485096744495,1.355403627157091,1.1989476363991853,1.9789395845202251,1.9183162182386966,1.5936825060316215,0.8047189562170501,1.9237120180961527,1.5813042316832728,0.22590060452618185,0.812017639881618,1.297273432703542,0.2558427881104495,0.0,1.5350567286626973
LRT,0.0,0.0,0.6931471805599453,0.0,0.0,0.0,0.6931471805599453,0.0,0.0,0.0,0.0,0.0,0.0,0.0,0.0,0.0
LRV,1.0750556815368328,0.0,1.0986122886681098,1.791759469228055,0.5493061443340549,0.6931471805599453,0.0,0.716703787691222,1.0986122886681098,0.0,0.9241962407465937,0.0,0.716703787691222,0.891189232148501,0.9241962407465937,0.0
LRW,0.0,1.9478341740386487,2.833213344056216,1.3732653608351373,0.46209812037329684,0.6411564590211203,2.3978952727983707,0.0,2.4849066497880004,0.6931471805599453,0.0,1.4853153869141684,1.1989476363991853,0.0,0.0,1.6215917908794277
LSA,0.0,0.0,0.0,0.0,0.0,0.0,0.0,0.0,0.0,0.0,0.0,0.0,0.0,0.0,0.0,0.0
LSC,0.0,0.0,0.46209812037329684,0.0,0.0,0.0,0.0,0.0,0.0,0.0,0.0,0.4518012090523637,0.0,0.0,0.3243183581758855,0.6931471805599453
LSE,0.0,0.0,0.0,0.0,0.0,0.0,0.0,0.0,0.0,0.9241962407465937,0.0,0.0,0.0,0.0,0.8047189562170501,0.0
LSF,0.0,0.40235947810852507,0.3243183581758855,0.6931471805599453,0.0,0.0,0.0,0.0,0.40235947810852507,0.46209812037329684,0.358351893845611,1.1882523095313346,0.6931471805599453,0.0,1.3862943611198906,1.0986122886681098
LSG,0.0,0.0,0.0,0.0,0.0,0.0,0.0,0.5493061443340549,0.0,0.5493061443340549,0.6931471805599453,0.0,0.0,0.0,0.6931471805599453,0.6931471805599453
LSH,0.0,0.6931471805599453,0.358351893845611,0.0,1.0986122886681098,0.0,0.0,0.0,0.0,0.46209812037329684,0.0,0.0,0.0,0.0,0.0,0.0
LSI,0.0,0.0,0.0,0.0,0.0,0.0,0.0,0.0,0.0,0.0,0.0,0.0,0.0,0.0,0.0,0.0
LSK,0.0,0.0,3.2188758248682006,0.0,0.0,3.042850090771914,0.0,2.6223806710998603,0.0,0.0,4.072215306387832,0.0,0.0,3.2188758248682006,0.0,1.9459101490553132
LSL,0.0,0.46209812037329684,0.9241962407465937,0.0,0.0,0.0,0.8047189562170501,0.0,0.46209812037329684,0.8047189562170501,1.4853153869141684,1.2070784343255752,0.6931471805599453,0.0,0.9729550745276566,0.6931471805599453
LSN,0.6931471805599453,0.0,0.0,0.0,0.0,0.0,0.6931471805599453,0.0,0.6931471805599453,0.0,0.6931471805599453,0.0,0.0,0.0,0.0,0.0
LSP,0.0,0.6931471805599453,0.0,1.433407575382444,1.0986122886681098,1.0986122886681098,0.716703787691222,0.0,0.8047189562170501,0.0,0.716703787691222,0.0,0.0,0.9241962407465937,0.40235947810852507,0.8047189562170501
LSQ,0.0,0.5493061443340549,0.0,0.0,0.0,0.0,0.6931471805599453,0.0,0.0,0.0,1.0750556815368328,1.0986122886681098,0.0,0.0,0.8047189562170501,0.0
LSR,0.0,0.0,0.0,0.0,0.0,0.0,0.0,0.6931471805599453,0.0,0.0,0.27465307216702745,0.7675283643313486,0.0,0.0,1.0986122886681098,0.9729550745276566
LSS,0.0,0.9241962407465937,0.0,0.0,0.0,0.5941261547656673,0.0,0.5941261547656673,0.0,0.9241962407465937,0.0,0.716703787691222,0.8047189562170501,0.0,0.0,0.9241962407465937
LST,0.0,0.0,0.0,0.0,0.0,0.0,0.0,0.0,0.0,0.0,0.0,0.0,0.0,0.0,0.0,0.0
LSV,1.0986122886681098,0.0,0.0,0.0,0.0,0.0,0.6931471805599453,0.0,0.5493061443340549,0.6931471805599453,0.358351893845611,0.6931471805599453,0.0,0.0,0.716703787691222,0.6931471805599453
LTA,0.5941261547656673,1.0750556815368328,0.406008819940809,0.0,1.6094379124341003,0.0,0.0,0.0,0.0,0.0,0.0,0.49073982986107334,0.716703787691222,0.0,0.0,0.5312275020105406
LTC,0.0,0.0,0.0,0.0,0.0,0.0,0.0,0.0,0.0,0.0,0.0,0.0,0.0,0.0,0.0,0.0
LTD,0.0,0.0,0.0,0.0,1.3862943611198906,0.0,0.0,0.0,0.0,1.2070784343255752,0.0,0.0,0.0,0.0,1.2070784343255752,0.0
LTE,0.915729921196039,2.1370752687086414,2.1121058421869363,1.8072048362094548,1.832442421639441,2.4215914926634823,2.166053773625649,3.543630738880637,1.030196161345544,0.18679881637929088,2.0441046265924663,0.0,2.5022724622424466,2.7958759930989405,0.28375995800876436,2.7080422585458597
LTF,0.0,0.0,0.0,0.0,0.0,0.0,0.0,0.6931471805599453,0.6931471805599453,0.6931471805599453,0.0,0.0,0.0,0.0,1.0986122886681098,0.0
LTG,0.0,0.0,0.0,1.0986122886681098,0.0,0.0,0.0,0.0,0.0,0.0,0.0,0.0,0.6931471805599453,0.0,0.6931471805599453,0.0
LTH,0.0,0.0,0.0,0.0,0.0,0.0,0.0,0.0,0.0,0.0,0.0,0.0,0.0,0.0,0.0,0.0
LTI,0.0,0.8239592165010823,0.5493061443340549,0.0,1.433407575382444,0.358351893845611,0.5493061443340549,0.0,0.40235947810852507,0.0,1.0750556815368328,0.0,0.0,0.0,0.0,0.0
LTK,0.0,0.46209812037329684,0.0,0.0,0.0,0.6931471805599453,0.0,0.9729550745276566,0.0,0.0,0.0,0.0,0.0,1.0986122886681098,0.0,0.0
LTL,0.0,0.0,0.9241962407465937,0.0,0.0,0.0,0.0,0.0,1.0986122886681098,1.0986122886681098,0.0,0.0,0.0,0.0,0.0,0.0
LTM,0.0,0.0,0.0,0.0,0.0,0.5493061443340549,0.0,0.6931471805599453,0.0,0.0,0.0,0.0,0.5493061443340549,0.5493061443340549,0.0,0.9241962407465937
LTN,0.2558427881104495,0.6931471805599453,0.0,0.0,3.091042453358316,0.0,0.0,0.0,0.23978952727983707,2.462936034996733,0.0,0.0,0.0,0.0,2.5917146190251588,1.1605929433295186
LTP,0.0,0.0,0.6931471805599453,0.0,1.0986122886681098,0.5493061443340549,0.0,0.0,0.0,0.6931471805599453,0.0,0.0,0.0,0.0,0.0,0.0
LTQ,0.0,0.0,0.5493061443340549,0.8047189562170501,0.46209812037329684,1.6094379124341003,0.5941261547656673,0.0,0.9241962407465937,0.5493061443340549,1.4853153869141684,0.0,0.0,0.46209812037329684,0.9241962407465937,1.0986122886681098
LTR,0.0,0.40235947810852507,1.1882523095313346,0.8047189562170501,1.0986122886681098,0.9241962407465937,0.716703787691222,1.2070784343255752,0.8239592165010823,0.40235947810852507,0.46209812037329684,0.716703787691222,0.0,1.433407575382444,1.1882523095313346,1.3862943611198906
LTS,0.0,0.8047189562170501,1.3862943611198906,1.3862943611198906,1.433407575382444,0.0,1.791759469228055,0.0,1.433407575382444,1.0986122886681098,1.4387371636790223,2.033105440735637,1.6094379124341003,1.0986122886681098,1.433407575382444,1.9459101490553132
LTT,1.4387371636790223,0.0,2.2590060452618186,1.6215917908794277,1.0986122886681098,0.0,0.0,0.0,2.436052919644854,1.297273432703542,1.197558062886167,1.297273432703542,1.0986122886681098,0.0,2.0794415416798357,1.782378464297002
LTV,0.0,0.0,0.0,0.0,0.0,0.0,0.46209812037329684,0.0,0.0,0.0,0.0,0.0,0.0,0.40235947810852507,0.0,0.0
LTY,0.0,0.6931471805599453,0.0,0.0,0.0,0.0,0.0,0.6931471805599453,0.0,0.0,0.0,0.0,0.0,0.0,0.0,0.0
LVC,0.0,0.0,0.0,0.0,0.0,0.0,0.0,0.0,0.0,0.0,0.0,0.0,0.0,0.0,0.0,0.0
LVD,0.7193685818395111,2.137836965406238,0.0,2.033231729642506,0.0,1.9071916931869874,0.6013028267832989,0.44157749333690227,0.406008819940809,1.8483924814931874,1.7365754285445854,0.648636716351771,2.995732273553991,1.5677471079645748,1.2824746787307684,0.708303336014054
LVE,0.5941261547656673,0.5802964716647593,0.21374577978846138,1.922571505169192,0.0,0.0,0.0,0.0,0.716703787691222,0.16357994328702444,0.0,0.3243183581758855,1.9183162182386966,0.8239592165010823,1.433407575382444,0.9241962407465937
LVF,0.0,0.0,0.0,0.0,0.0,0.0,0.0,0.0,0.0,0.0,0.0,0.0,0.0,0.0,0.0,0.0
LVG,0.0,0.0,3.1303421057545915,1.068728898942307,0.22590060452618185,3.9959580615182495,0.0,3.006514133916495,0.7675283643313486,0.6705991301808751,4.5555974475650185,0.7883505983036818,0.891189232148501,0.891189232148501,0.6867974408970293,3.283914713328978
LVH,0.0,0.0,0.0,0.0,0.0,0.0,0.0,0.0,0.0,0.0,0.0,0.0,0.0,0.0,0.0,0.0
LVI,0.0,0.0,1.433407575382444,0.0,1.4853153869141684,0.0,0.0,0.0,0.0,0.0,0.0,1.1882523095313346,0.0,1.4853153869141684,0.0,0.0
LVK,0.0,0.9460207179644181,0.2030044099704045,0.46209812037329684,1.1036908376251544,0.3873768351550419,0.26823965207235,2.200110252278059,0.42749155957692275,2.0445493290166494,0.0945866526695881,0.27465307216702745,0.0,0.36967849629863747,0.8501093405576955,2.74345605590759
LVL,0.0,0.5493061443340549,0.0,0.0,0.5493061443340549,0.0,0.0,0.6931471805599453,1.0986122886681098,0.0,0.5493061443340549,0.0,0.0,0.0,0.8047189562170501,0.0
LVN,0.47957905455967414,3.091042453358316,1.1090354888959124,0.0,3.091042453358316,1.7866993183615778,0.0,2.4356179501787385,0.6090132299112135,3.1780538303479458,0.0,0.0,0.0,0.0,2.9929717515687337,2.5227219145717816
LVP,0.6931471805599453,0.6931471805599453,0.6931471805599453,0.0,1.0986122886681098,0.6931471805599453,0.5493061443340549,0.6931471805599453,0.6931471805599453,0.0,1.3862943611198906,0.6931471805599453,0.0,0.6931471805599453,0.6931471805599453,1.3862943611198906
LVQ,0.0,0.0,0.0,0.0,0.0,0.0,0.0,0.0,0.0,0.0,0.0,0.0,0.0,0.0,0.0,0.0
LVR,0.0,0.0,0.0,0.6931471805599453,0.0,0.0,0.0,1.2070784343255752,0.6931471805599453,1.2070784343255752,3.563866883426386,3.000716714911657,0.0,0.0,3.2067742378690216,3.3195209643356414
LVS,2.046742304883596,1.2827021792437432,0.6090132299112135,1.9183162182386966,2.030044099704045,1.3039425795659698,0.8501093405576955,1.7962912954140562,1.2824746787307684,1.1775399822317394,1.1901530767807735,0.3868643144431728,1.4962204585192298,1.1450596030091713,1.87024054922693,2.4849066497880004
LVT,0.0,0.0,0.0,0.0,0.0,0.0,0.0,0.0,0.0,0.0,0.0,0.0,0.0,0.0,0.0,0.0
LVV,0.0,0.0,0.0,0.0,0.0,0.0,0.0,0.0,0.0,0.0,0.0,0.0,0.0,0.0,0.0,0.0
LVW,0.648636716351771,1.1882523095313346,0.6931471805599453,1.1882523095313346,0.0,0.0,1.6215917908794277,0.6931471805599453,0.0,1.0750556815368328,0.0,1.791759469228055,2.2330485096744495,0.8047189562170501,0.0,1.6215917908794277
LVY,0.0,0.0,0.0,0.0,0.0,0.6931471805599453,1.0986122886681098,0.0,0.6931471805599453,0.0,0.0,0.5493061443340549,0.0,0.5493061443340549,0.0,0.6931471805599453
LWD,0.0,0.0,0.0,0.0,0.0,0.0,0.0,0.0,0.0,0.0,0.0,0.0,0.0,0.0,0.0,0.0
LWI,0.0,0.0,0.0,0.0,0.0,0.0,0.0,0.0,0.0,0.0,0.0,0.0,0.0,0.0,0.0,0.0
LWM,0.0,1.0986122886681098,0.0,0.0,0.0,4.652371927183974,0.5545177444479562,0.0,0.5941261547656673,1.9459101490553132,4.326068962594874,0.0,0.5493061443340549,0.8239592165010823,0.0,0.2030044099704045
LWY,0.0,0.0,0.0,0.0,0.0,0.0,0.0,1.2026056535665979,0.0,0.0,0.0,0.0,0.0,0.0,0.0,1.1728266833317778
LYD,0.0,0.0,0.46209812037329684,0.0,0.8047189562170501,0.9241962407465937,0.0,0.0,0.0,0.46209812037329684,1.3862943611198906,0.6931471805599453,0.0,0.0,0.0,0.0
LYE,0.0,0.0,0.0,0.0,0.0,0.0,0.0,0.0,0.0,0.0,0.0,0.0,0.0,0.0,0.0,0.0
LYF,0.0,0.0,0.0,0.0,0.0,0.0,0.0,0.5493061443340549,0.0,0.0,0.0,0.0,0.0,0.6931471805599453,0.0,0.0
LYG,0.0,0.0,0.0,0.0,0.0,0.0,0.0,0.0,0.0,0.0,0.0,0.6931471805599453,0.6931471805599453,0.0,0.0,0.0
LYH,0.9241962407465937,0.0,0.0,0.0,0.0,0.0,0.0,0.0,0.0,0.0,0.0,0.0,0.0,0.0,0.0,0.0
LYI,0.0,0.0,0.0,0.0,0.0,0.0,0.0,0.0,0.0,0.0,0.0,0.0,0.0,0.0,0.0,0.0
LYL,0.0,0.0,0.0,0.0,0.0,0.0,0.0,0.0,0.0,0.0,0.0,0.0,0.0,0.0,0.0,0.0
LYN,0.5493061443340549,0.0,0.0,0.6931471805599453,0.0,0.0,0.0,0.6931471805599453,0.0,0.0,0.0,0.0,0.0,0.46209812037329684,0.0,0.0
LYP,0.0,0.0,0.8239592165010823,0.0,0.0,0.0,0.0,0.0,0.0,0.0,0.5545177444479562,1.355403627157091,1.2070784343255752,0.0,0.0,0.8239592165010823
LYQ,0.0,0.8047189562170501,0.648636716351771,1.0986122886681098,0.9241962407465937,1.433407575382444,0.0,1.2070784343255752,0.0,1.0750556815368328,0.46209812037329684,0.0,0.8047189562170501,0.0,0.5493061443340549,1.0986122886681098
LYR,0.0,0.9241962407465937,0.8047189562170501,0.0,1.6094379124341003,1.0750556815368328,1.0986122886681098,0.0,0.40235947810852507,0.6931471805599453,0.29706307738283366,0.0,0.0,0.5493061443340549,0.0,0.0
LYS,2.892296315837252,0.40235947810852507,1.5350567286626973,0.0,1.1605929433295186,0.5493061443340549,1.068728898942307,0.0,0.891189232148501,1.5350567286626973,2.4356179501787385,1.297273432703542,0.5493061443340549,0.0,1.2070784343255752,1.3862943611198906
LYT,0.0,0.0,0.0,0.0,0.0,0.0,0.0,0.0,0.0,0.0,0.0,0.0,0.0,0.0,0.0,0.0
LYV,0.0,0.0,0.0,0.0,0.0,0.0,0.0,0.0,1.0986122886681098,1.0750556815368328,2.9599531663175678,0.0,0.0,0.0,0.0,0.0
LYW,1.1882523095313346,0.0,1.6094379124341003,1.6094379124341003,0.0,0.0,0.0,0.0,1.9183162182386966,0.0,1.433407575382444,0.9241962407465937,0.8047189562170501,0.0,1.297273432703542,0.8047189562170501
LYY,0.0,0.0,0.0,0.0,0.0,0.0,0.0,0.0,0.0,0.0,0.0,0.0,0.0,0.0,0.0,0.0
MAA,0.0,0.0,0.0,0.0,0.0,0.0,0.0,0.0,0.0,0.0,0.0,0.0,0.0,0.0,0.0,0.0
MAE,0.0,0.0,0.0,0.0,0.0,0.0,0.0,0.0,0.0,0.0,0.0,0.4518012090523637,0.0,0.0,0.0,0.648636716351771
MAG,0.0,0.0,0.0,0.0,0.0,0.0,0.0,0.0,0.0,0.0,0.0,0.0,0.0,0.0,0.0,0.0
MAH,0.0,0.0,0.0,0.0,0.0,0.0,0.0,0.0,0.0,0.0,0.0,0.0,0.0,0.0,0.0,0.0
MAK,0.0,0.0,0.0,0.0,0.0,0.0,0.0,0.0,0.0,0.0,0.0,0.0,0.0,0.0,0.0,0.0
MAL,0.0,0.0,0.0,0.0,0.0,0.0,0.6931471805599453,0.0,0.0,0.0,0.0,0.6931471805599453,0.0,0.0,0.6931471805599453,0.0
MAM,0.0,0.0,0.0,0.0,0.0,0.0,0.0,0.0,0.0,0.0,0.0,0.0,0.0,0.0,0.0,0.0
MAN,0.0,0.0,0.0,0.6931471805599453,0.0,0.0,0.0,0.0,0.6931471805599453,0.0,0.0,0.0,0.0,0.0,0.0,0.0
MAP,0.0,0.0,0.0,0.0,0.0,0.0,0.0,0.0,0.0,0.0,0.9241962407465937,0.6931471805599453,0.0,0.0,0.0,0.0
MAS,0.6931471805599453,0.5493061443340549,0.716703787691222,0.6931471805599453,1.3862943611198906,1.355403627157091,1.0986122886681098,0.9241962407465937,0.9241962407465937,1.4853153869141684,1.6215917908794277,0.716703787691222,0.0,0.716703787691222,0.716703787691222,0.6931471805599453
MAT,0.0,0.0,0.8047189562170501,1.6215917908794277,0.0,0.40235947810852507,0.0,0.0,0.716703787691222,0.0,1.0986122886681098,0.8047189562170501,0.648636716351771,0.6931471805599453,0.648636716351771,1.6094379124341003
MAV,0.0,0.0,0.0,0.0,0.0,0.0,0.5493061443340549,1.0986122886681098,0.6931471805599453,0.0,0.0,0.6931471805599453,0.0,0.9241962407465937,0.9241962407465937,0.0
MAY,0.0,0.0,0.0,0.0,0.0,0.0,0.0,0.0,0.0,0.0,0.0,0.0,0.0,0.0,0.0,0.0
MDD,0.0,2.2590060452618186,0.0,0.5493061443340549,0.0,3.558566944029959,0.6412373393653842,0.0,0.3868643144431728,1.8270396897336403,3.325632736102293,0.0,2.351203577673075,2.046742304883596,0.9729550745276566,0.7193685818395111
MDE,0.0,0.0,0.0,0.0,0.0,0.0,0.0,0.0,0.0,0.0,0.0,0.0,0.0,0.0,0.0,0.0
MDG,0.0,0.0,0.1934321572215864,0.0,0.0,0.0,0.0,0.0,0.0,0.0,0.0,0.0,0.29706307738283366,0.0,0.0,0.36967849629863747
MDH,0.6931471805599453,0.0,0.5493061443340549,0.0,0.0,0.5493061443340549,0.46209812037329684,0.0,0.0,0.0,0.0,0.6931471805599453,0.0,0.6931471805599453,0.0,0.0
MDI,0.0,0.46209812037329684,2.2590060452618186,0.0,2.2590060452618186,0.0,0.0,0.0,0.5493061443340549,0.0,0.0,1.0986122886681098,0.0,1.791759469228055,0.0,0.0
MDL,0.8047189562170501,0.0,0.0,0.0,0.0,0.0,0.6931471805599453,0.0,0.5493061443340549,0.6931471805599453,0.5493061443340549,0.6931471805599453,0.0,0.0,0.5493061443340549,0.6931471805599453
MDN,0.0,0.0,0.0,0.0,0.0,0.0,0.5493061443340549,0.6931471805599453,1.0986122886681098,0.6931471805599453,0.0,0.0,0.0,0.0,1.3862943611198906,0.6931471805599453
MDQ,0.0,0.6931471805599453,0.0,0.0,0.6931471805599453,0.0,0.0,0.6931471805599453,0.0,0.0,0.6931471805599453,1.2070784343255752,0.0,0.0,1.0986122886681098,0.0
MDR,0.0,0.0,0.0,0.0,0.0,0.0,0.0,0.0,0.0,0.0,0.0,0.5493061443340549,0.0,0.0,0.6931471805599453,0.5493061443340549
MDT,0.0,0.6931471805599453,0.0,0.6931471805599453,0.6931471805599453,0.0,0.0,0.0,0.6931471805599453,0.6931471805599453,0.0,0.0,0.0,0.0,0.0,0.0
MEA,0.0,0.0,0.0,0.0,0.0,0.0,0.0,0.0,0.0,0.0,0.0,0.0,0.0,0.0,0.0,0.0
MED,0.6931471805599453,0.6931471805599453,0.0,0.0,0.6931471805599453,0.6931471805599453,0.0,0.0,0.6931471805599453,0.0,0.0,0.0,0.0,0.0,0.0,0.0
MEK,0.0,1.6215917908794277,0.0,0.0,0.0,0.0,0.0,0.0,0.9241962407465937,1.0750556815368328,0.0,0.0,1.6215917908794277,0.0,1.3862943611198906,0.0
MEL,0.5493061443340549,1.782378464297002,1.3862943611198906,0.9241962407465937,2.046742304883596,1.433407575382444,1.3862943611198906,0.5493061443340549,1.3862943611198906,1.0986122886681098,1.7908995167731467,0.6931471805599453,0.0,1.0750556815368328,0.5493061443340549,0.0
MEN,0.0,0.0,0.0,0.0,0.0,0.0,0.0,0.0,0.0,0.0,0.0,0.0,0.0,0.0,0.0,0.0
MEP,0.0,0.0,0.0,0.0,0.0,0.0,0.0,0.0,0.0,0.0,0.0,0.0,0.0,0.0,0.0,0.0
MER,0.0,0.0,0.0,0.6931471805599453,0.5493061443340549,0.0,0.0,0.0,0.46209812037329684,0.0,0.0,0.0,0.0,0.0,0.6931471805599453,0.0
MEV,0.0,0.0,0.0,0.0,0.0,0.6931471805599453,0.6931471805599453,0.5493061443340549,0.0,0.0,0.0,0.6931471805599453,0.0,0.9241962407465937,0.0,0.0
MEY,0.0,0.0,0.0,0.0,0.0,0.0,0.0,0.0,0.0,0.0,0.0,0.0,0.0,0.0,0.0,0.0
MFC,1.782378464297002,1.6215917908794277,1.1882523095313346,0.9241962407465937,0.8047189562170501,0.29706307738283366,0.8047189562170501,1.6094379124341003,1.782378464297002,1.6215917908794277,1.740889414994278,1.5474572577726913,1.791759469228055,0.6931471805599453,1.5350567286626973,0.0
MFD,0.0,0.5493061443340549,0.46209812037329684,1.922571505169192,0.0,1.6785266909588594,0.0,1.0986122886681098,1.9183162182386966,1.297273432703542,0.9729550745276566,1.433407575382444,0.5493061443340549,0.9241962407465937,1.9237120180961527,1.6094379124341003
MFK,0.0,2.137457797884614,2.137457797884614,0.0,2.3978952727983707,1.791759469228055,2.3978952727983707,0.0,1.6094379124341003,1.791759469228055,0.0,2.302585092994046,0.6931471805599453,1.6094379124341003,0.0,0.0
MFL,0.0,0.0,0.0,0.0,0.0,0.0,0.0,0.0,0.0,0.0,0.0,0.0,0.0,0.0,0.0,0.0
MFT,0.0,0.0,0.0,0.0,0.0,0.0,0.0,0.0,0.0,0.0,0.0,0.0,0.0,0.0,0.0,0.0
MGA,0.0,0.0,0.6931471805599453,0.0,0.0,0.0,0.5493061443340549,0.0,1.0986122886681098,0.0,1.3862943611198906,0.0,0.0,0.0,0.0,0.0
MGE,0.0,0.0,0.0,0.0,0.0,0.0,0.0,0.0,0.0,0.0,0.0,0.0,0.0,0.0,0.0,0.0
MGG,0.0,0.0,0.0,0.0,0.0,0.0,0.0,0.0,0.0,0.0,0.0,0.0,0.0,0.0,0.0,0.0
MGH,0.0,0.0,0.0,0.0,0.0,0.0,0.0,0.0,0.0,0.0,0.0,0.0,0.0,0.0,0.0,0.0
MGI,1.433407575382444,0.5493061443340549,0.9241962407465937,0.0,0.9241962407465937,0.0,0.0,0.0,1.0986122886681098,0.0,0.5100656043346173,0.6338147819239095,0.5493061443340549,0.0,0.44157749333690227,0.0
MGK,0.0,0.0,0.6931471805599453,0.5493061443340549,0.6931471805599453,0.0,0.0,0.0,0.6931471805599453,0.6931471805599453,0.0,0.0,0.0,0.0,0.6931471805599453,0.0
MGL,0.0,0.0,0.0,0.0,0.0,0.0,0.0,0.0,0.0,0.5493061443340549,1.2070784343255752,0.0,0.0,0.0,0.46209812037329684,0.0
MGS,0.0,0.0,0.0,0.6931471805599453,0.0,0.0,0.0,0.6931471805599453,0.6931471805599453,0.0,0.0,0.0,0.0,0.0,0.6931471805599453,0.6931471805599453
MGV,0.0,0.0,0.0,0.0,0.0,0.0,0.0,0.0,0.0,0.0,0.0,0.0,0.0,0.0,0.0,0.0
MGW,0.0,0.0,0.0,1.3862943611198906,0.0,1.9459101490553132,1.2070784343255752,0.0,0.0,1.9459101490553132,0.9729550745276566,0.0,0.0,1.3862943611198906,0.0,0.0
MGY,0.0,1.0986122886681098,0.0,0.0,0.0,4.642830630673418,0.5312275020105406,0.0,0.4518012090523637,1.9459101490553132,4.295963400145406,0.0,0.5493061443340549,0.7675283643313486,0.0,0.2558427881104495
MHA,0.0,0.0,0.0,0.0,0.0,0.0,0.6931471805599453,0.0,0.0,0.0,0.0,1.0986122886681098,0.0,0.6931471805599453,0.6931471805599453,0.0
MHE,0.0,0.6931471805599453,0.6931471805599453,0.0,0.0,0.6931471805599453,0.0,0.6931471805599453,0.0,0.6931471805599453,0.6931471805599453,0.6931471805599453,0.0,0.6931471805599453,0.6931471805599453,0.0
MHI,0.0,0.0,0.0,0.0,0.0,0.0,0.0,0.0,0.0,0.0,0.0,0.0,0.0,0.0,0.0,0.0
MHN,0.0,0.0,0.0,0.0,0.0,0.0,0.0,0.0,0.0,0.0,0.0,0.0,0.0,0.0,0.0,0.0
MHT,0.0,0.0,0.0,0.0,0.0,0.0,0.0,0.0,0.0,0.0,0.0,0.0,0.0,0.0,0.0,0.0
MIA,0.0,0.0,0.0,0.0,0.0,0.0,0.0,0.0,0.0,0.0,0.0,0.0,0.0,0.0,0.0,0.0
MID,0.0,0.0,0.0,0.0,0.0,0.0,0.0,0.0,0.0,0.0,0.0,0.0,0.0,0.0,0.0,0.0
MIE,0.0,0.0,1.0750556815368328,0.9729550745276566,0.6931471805599453,0.0,0.0,0.5493061443340549,0.358351893845611,0.0,1.1882523095313346,1.433407575382444,0.8047189562170501,0.0,1.3732653608351373,1.0986122886681098
MIG,0.0,0.0,1.6215917908794277,2.1972245773362196,0.6931471805599453,0.716703787691222,0.0,0.9241962407465937,1.2792139405522478,0.9241962407465937,1.433407575382444,2.4849066497880004,2.0794415416798357,0.8047189562170501,2.6561375100527025,1.9459101490553132
MIK,0.0,0.0,0.0,0.0,0.0,0.6931471805599453,0.0,1.0986122886681098,0.0,0.0,0.0,0.0,0.0,1.3862943611198906,0.0,0.6931471805599453
MIL,0.0,0.0,0.0,0.0,0.0,0.0,0.0,0.0,0.0,0.0,0.0,0.0,0.0,0.0,0.0,0.0
MIN,0.0,0.0,0.0,0.0,0.0,0.0,0.0,0.0,0.0,0.0,0.0,0.0,0.0,0.0,0.0,0.0
MIP,0.6931471805599453,0.0,0.0,0.6931471805599453,0.0,0.0,0.0,0.6931471805599453,0.6931471805599453,0.0,0.0,0.0,0.0,0.6931471805599453,0.6931471805599453,0.0
MIR,0.0,0.0,0.0,0.0,0.0,0.0,0.0,0.0,0.0,0.0,0.0,0.0,0.0,0.0,0.0,0.0
MIS,0.0,0.0,0.0,0.0,0.0,0.0,0.0,0.0,0.0,0.0,0.0,0.0,0.0,0.0,0.0,0.0
MIT,0.0,0.0,0.0,0.0,0.0,0.0,0.0,0.0,0.0,0.0,0.0,0.0,0.0,0.0,0.0,0.0
MKA,0.0,0.0,0.0,0.0,0.0,0.0,0.0,0.0,0.0,0.0,0.0,0.0,0.0,0.0,0.0,0.0
MKC,0.0,0.5493061443340549,0.0,0.6931471805599453,0.6931471805599453,0.0,0.6931471805599453,0.0,0.0,0.0,0.0,0.0,0.6931471805599453,0.0,0.0,0.0
MKD,0.0,0.6931471805599453,0.0,1.6094379124341003,1.3862943611198906,1.0986122886681098,0.9241962407465937,0.0,0.716703787691222,0.0,0.9241962407465937,0.0,0.0,1.0750556815368328,0.0,0.0
MKG,1.3862943611198906,1.297273432703542,1.3862943611198906,0.0,1.6094379124341003,2.1277537294374507,1.782378464297002,1.782378464297002,1.2070784343255752,0.891189232148501,0.7675283643313486,0.0,0.0,1.791759469228055,0.0,1.782378464297002
MKH,1.791759469228055,1.3862943611198906,0.6931471805599453,0.6931471805599453,0.0,0.6931471805599453,0.6931471805599453,1.433407575382444,0.9241962407465937,0.0,0.0,0.6931471805599453,1.3862943611198906,1.0986122886681098,0.5493061443340549,0.6931471805599453
MKI,0.6931471805599453,0.5493061443340549,0.0,0.0,0.0,0.6931471805599453,0.6931471805599453,0.0,0.5493061443340549,0.0,0.0,0.0,0.0,0.0,0.0,0.0
MKK,0.0,0.0,0.0,0.5493061443340549,0.5493061443340549,0.0,0.5493061443340549,0.0,0.716703787691222,0.0,0.0,0.0,0.0,0.0,0.46209812037329684,0.0
MKL,0.0,0.0,0.0,0.0,0.0,0.0,0.0,0.0,0.0,0.0,0.0,0.45667836565851344,0.0,0.0,0.0,0.7675283643313486
MKM,0.0,0.0,0.0,0.0,0.0,0.0,0.0,0.0,0.0,0.0,0.0,0.0,0.0,0.0,0.0,0.0
MKQ,0.0,0.5493061443340549,0.0,0.6931471805599453,0.6931471805599453,0.6931471805599453,0.0,0.0,0.5493061443340549,0.0,0.0,0.0,0.5493061443340549,0.0,0.0,0.0
MKR,0.0,1.6094379124341003,1.0986122886681098,0.0,0.8047189562170501,0.0,0.0,0.0,0.0,0.0,0.0,1.0986122886681098,1.433407575382444,0.0,0.0,1.0986122886681098
MKS,0.0,0.0,0.6931471805599453,0.0,0.0,0.0,0.0,0.0,0.0,0.0,0.0,0.6306804786429454,0.0,0.0,0.40235947810852507,0.0
MKT,1.3862943611198906,0.8047189562170501,0.9241962407465937,0.6931471805599453,0.0,0.0,0.6931471805599453,1.2070784343255752,1.0986122886681098,0.0,0.6931471805599453,0.0,1.3862943611198906,1.0986122886681098,0.6931471805599453,0.6931471805599453
MLD,0.0,0.0,0.0,0.0,0.0,0.0,0.0,0.0,0.0,0.0,0.0,0.0,0.0,0.0,0.0,0.0
MLE,0.0,0.0,0.0,0.5493061443340549,0.0,0.0,0.0,1.3862943611198906,0.5493061443340549,1.2070784343255752,0.0,1.5133864427134096,0.0,0.0,0.12676295638478188,2.2078874666845114
MLF,0.0,1.5813042316832728,0.0,0.3243183581758855,0.0,0.6931471805599453,0.511685576220899,1.3862943611198906,1.6479184330021646,0.891189232148501,2.0597048252607606,2.7064311512993546,0.0,0.0,2.300519333904915,3.0325027583292057
MLK,0.0,0.0,0.0,0.0,0.0,0.0,0.0,0.0,0.0,0.0,0.0,0.0,0.0,0.0,0.0,0.0
MLQ,0.0,0.0,0.0,0.0,0.0,0.0,0.0,0.0,0.0,0.0,0.0,0.0,0.0,0.0,0.0,0.0
MLR,0.0,0.0,0.0,0.0,0.0,0.0,0.0,0.0,0.0,0.0,0.0,0.0,0.0,0.0,0.0,0.0
MLS,0.0,0.6931471805599453,0.0,0.0,0.0,0.0,0.0,0.0,0.0,0.0,0.0,0.0,0.6931471805599453,0.0,0.0,0.0
MLT,0.0,0.0,0.0,0.8047189562170501,0.0,0.0,0.6931471805599453,0.0,0.46209812037329684,0.6931471805599453,0.0,0.0,0.0,0.9241962407465937,0.46209812037329684,0.0
MMA,0.0,0.0,0.0,0.0,0.0,0.0,0.0,0.0,0.0,0.0,0.0,0.0,0.0,0.0,0.0,0.0
MME,0.0,0.0,0.0,0.0,0.0,0.0,0.0,0.0,0.0,0.0,0.0,0.0,0.0,0.0,0.0,0.0
MMR,0.0,0.0,0.0,0.0,0.0,0.0,0.0,0.0,0.0,0.0,0.0,0.0,0.0,0.0,0.0,0.0
MNA,0.0,0.0,0.0,0.0,0.0,0.0,0.0,0.0,0.0,0.0,0.0,0.0,0.0,0.0,0.0,0.0
MND,0.0,0.0,0.0,0.0,0.0,0.0,0.0,0.0,0.0,0.0,0.0,0.0,0.0,0.0,0.0,0.0
MNG,0.0,0.5493061443340549,0.0,0.0,0.0,0.0,0.6931471805599453,0.0,0.0,0.0,0.5493061443340549,0.0,0.6931471805599453,0.0,0.0,0.0
MNI,0.0,0.0,0.0,0.0,0.0,0.0,0.0,0.0,0.0,0.0,0.0,0.0,0.0,0.0,0.0,0.0
MNL,0.0,0.0,0.0,0.0,0.0,0.0,0.0,0.0,0.0,0.0,0.0,0.0,0.0,0.0,0.0,0.0
MNS,0.0,0.47957905455967414,0.46209812037329684,0.0,0.0,0.0,1.0986122886681098,0.0,0.358351893845611,0.6931471805599453,1.4387371636790223,0.0,0.0,0.0,0.0,0.0
MNV,0.0,0.0,0.0,0.0,0.0,0.0,0.0,0.0,0.0,0.0,0.0,0.0,0.0,0.0,0.0,0.0
MNW,0.0,0.0,0.6931471805599453,0.0,0.0,0.0,0.0,0.0,0.0,0.0,0.5493061443340549,0.9241962407465937,1.0986122886681098,0.0,0.0,0.5493061443340549
MPE,0.0,0.0,0.0,0.0,0.0,0.0,0.0,0.0,0.0,0.0,0.0,0.0,0.0,0.0,0.0,0.0
MPH,0.0,0.0,0.9241962407465937,0.6931471805599453,0.6931471805599453,0.5493061443340549,0.0,0.0,0.5493061443340549,0.0,0.6931471805599453,1.0986122886681098,1.0986122886681098,0.0,0.6931471805599453,0.0
MPK,0.6931471805599453,1.3862943611198906,0.6931471805599453,0.0,0.6931471805599453,0.5493061443340549,1.791759469228055,0.6931471805599453,0.0,1.6094379124341003,0.9241962407465937,1.3862943611198906,1.3862943611198906,0.0,0.0,0.0
MPL,0.0,0.0,0.0,0.0,0.0,0.0,0.0,1.0986122886681098,0.0,0.0,0.0,0.0,0.0,1.0986122886681098,0.0,0.0
MPN,0.0,0.0,0.0,0.6931471805599453,0.0,0.0,0.0,0.6931471805599453,0.6931471805599453,0.0,0.0,0.0,0.0,0.6931471805599453,0.6931471805599453,1.0986122886681098
MPQ,0.0,0.5493061443340549,1.0986122886681098,2.0794415416798357,0.0,1.922571505169192,1.0986122886681098,1.3862943611198906,1.6479184330021646,1.433407575382444,1.2070784343255752,2.1581057455185335,1.3862943611198906,0.9241962407465937,2.033105440735637,1.6094379124341003
MPR,1.6094379124341003,1.0986122886681098,0.6931471805599453,0.0,0.0,0.5493061443340549,0.0,0.0,0.5493061443340549,0.0,0.0,0.0,0.6931471805599453,0.0,0.0,0.0
MPT,0.0,0.0,0.0,0.0,0.0,0.0,0.0,0.0,0.0,0.0,0.0,0.0,0.0,0.0,0.0,0.0
MQG,0.0,0.0,0.0,0.0,1.4853153869141684,0.0,0.0,0.0,0.0,1.6215917908794277,0.0,0.0,0.0,0.0,1.791759469228055,1.791759469228055
MQL,0.0,0.0,0.0,0.0,0.0,0.0,0.0,0.0,0.0,0.0,0.0,0.0,0.0,0.0,0.0,0.0
MQN,0.0,0.0,0.0,0.0,0.0,0.0,0.0,0.0,0.0,0.0,0.0,0.0,0.0,0.0,0.0,0.0
MQR,0.0,0.0,0.0,0.0,0.0,0.0,0.0,0.0,0.0,0.0,0.0,1.0986122886681098,0.0,0.0,0.6931471805599453,0.0
MQT,0.6931471805599453,0.5493061443340549,0.0,0.0,0.0,0.6931471805599453,0.0,0.0,0.0,0.0,0.0,0.0,0.0,0.0,0.0,0.0
MQV,0.0,0.0,0.0,0.6931471805599453,0.0,0.0,0.0,0.0,0.5493061443340549,0.0,0.0,0.0,0.0,0.0,1.0986122886681098,0.6931471805599453
MRA,0.0,0.0,0.0,0.0,0.5493061443340549,0.5493061443340549,0.0,0.0,0.0,0.6931471805599453,0.0,0.0,0.0,0.0,0.0,0.0
MRC,0.0,0.0,0.0,0.6931471805599453,0.0,0.0,0.0,0.0,0.6931471805599453,0.0,0.0,0.0,0.0,0.0,0.5493061443340549,0.0
MRD,0.0,0.0,0.6931471805599453,0.0,1.0986122886681098,0.8047189562170501,0.0,0.0,0.0,0.6931471805599453,1.3862943611198906,0.0,0.0,0.0,0.0,0.0
MRF,0.0,0.0,0.0,0.0,0.0,0.0,0.0,0.0,0.0,0.0,0.0,0.0,0.0,0.0,0.0,0.0
MRG,3.098922885268748,3.374087206841874,3.3730189238166983,1.1989476363991853,3.4811326830716496,3.5805610513243873,3.1686728254168925,3.784703563830667,3.3422148600338772,2.9920634754318947,1.84989323887799,2.8862535685598347,2.030044099704045,3.312641704942455,1.3732653608351373,3.5374009469532246
MRI,0.0,0.0,1.2070784343255752,0.6931471805599453,1.791759469228055,0.0,0.40235947810852507,0.0,0.7675283643313486,1.791759469228055,0.9729550745276566,0.0,0.0,0.0,1.791759469228055,1.791759469228055
MRP,0.0,0.0,0.0,0.0,0.0,0.0,0.0,0.5493061443340549,0.0,0.0,0.0,0.0,0.0,0.46209812037329684,0.0,0.0
MRS,0.0,0.0,0.0,0.0,0.0,0.6931471805599453,0.0,0.6931471805599453,0.0,0.0,0.8047189562170501,0.716703787691222,0.0,0.6931471805599453,1.0750556815368328,0.9241962407465937
MRV,0.0,0.0,0.0,0.0,0.0,0.0,0.0,0.0,0.0,0.0,0.0,0.0,0.0,0.0,0.0,0.0
MSC,0.0,0.0,0.0,0.0,0.0,0.0,0.0,0.0,0.0,0.0,0.0,0.0,0.0,0.0,0.0,0.0
MSI,0.0,0.0,0.0,0.0,0.0,0.0,0.0,0.0,0.0,0.0,0.0,0.0,0.0,0.0,0.0,0.0
MSK,0.0,0.0,0.6931471805599453,0.0,1.3862943611198906,1.6094379124341003,0.0,0.0,0.0,0.5493061443340549,0.0,0.0,0.0,0.0,0.0,0.0
MSM,0.0,0.0,0.0,0.0,0.0,0.0,0.0,0.0,0.0,0.0,0.0,0.0,0.0,0.0,0.0,0.0
MSP,0.0,0.0,0.0,0.0,0.0,0.0,0.0,0.0,0.0,0.0,0.1856786033352154,2.4572701292270467,0.0,0.0,0.5100656043346173,2.345829507375467
MSR,0.6931471805599453,1.3862943611198906,1.3862943611198906,0.6931471805599453,1.791759469228055,2.2590060452618186,1.6479184330021646,1.3862943611198906,1.0986122886681098,2.030044099704045,1.433407575382444,2.3978952727983707,0.6931471805599453,1.2070784343255752,2.302585092994046,0.0
MSS,0.0,0.6931471805599453,1.0986122886681098,0.0,1.0986122886681098,0.0,0.6931471805599453,1.0986122886681098,0.0,1.3862943611198906,0.6931471805599453,0.6931471805599453,0.0,0.6931471805599453,1.3862943611198906,0.6931471805599453
MST,0.0,0.0,0.0,1.0986122886681098,0.0,0.0,0.0,0.0,0.0,0.0,1.3732653608351373,1.922571505169192,1.3862943611198906,0.0,1.791759469228055,1.9459101490553132
MSW,0.0,0.0,0.0,0.0,0.0,0.0,0.0,0.0,0.0,0.0,0.0,0.0,0.0,0.0,0.0,0.0
MSY,0.0,0.6931471805599453,0.0,0.0,0.0,0.0,0.0,0.0,0.0,0.0,0.0,0.0,0.6931471805599453,0.0,0.0,0.0
MTD,0.0,0.0,0.0,0.8047189562170501,0.0,0.6931471805599453,0.0,0.6931471805599453,0.46209812037329684,0.0,0.0,0.0,0.6931471805599453,0.8047189562170501,0.0,0.0
MTE,0.0,0.0,0.0,0.0,0.0,0.0,0.0,0.0,0.0,0.0,0.0,0.0,0.0,0.0,0.0,0.0
MTK,0.0,0.0,0.0,0.0,0.0,1.6513667657442168,0.0,0.0,0.716703787691222,1.9459101490553132,1.3200661513668352,0.0,0.0,0.0,0.0,0.0
MTL,0.0,0.0,0.0,0.0,0.0,0.0,0.0,0.0,0.0,0.0,0.0,0.0,0.0,0.0,0.0,0.0
MTN,0.0,0.0,0.0,0.0,0.0,0.0,0.0,0.0,0.0,0.0,0.0,0.0,0.0,0.0,0.0,0.0
MTQ,1.9343215722158644,2.1277537294374507,0.0,0.0,0.0,0.0,0.0,0.0,0.40235947810852507,0.0,0.0,0.0,0.0,0.0,0.0,0.0
MTT,0.0,0.0,0.0,0.0,0.0,0.0,0.0,0.0,0.0,0.0,0.0,0.0,0.0,0.0,0.0,0.0
MTV,0.0,0.0,0.0,0.0,0.0,0.0,0.0,0.0,0.0,0.0,0.0,0.0,0.0,0.0,0.0,0.0
MTW,0.0,0.0,0.0,0.0,0.0,0.0,0.0,0.0,0.0,0.0,1.2070784343255752,1.297273432703542,0.0,0.0,1.2070784343255752,1.3862943611198906
MVD,0.0,0.0,0.0,0.0,0.0,0.0,0.0,0.0,0.0,0.0,0.0,0.0,0.0,0.0,0.0,0.0
MVE,0.0,0.0,0.0,0.6931471805599453,0.0,0.0,0.0,0.0,0.46209812037329684,0.0,0.0,0.0,0.0,0.0,0.46209812037329684,0.0
MVF,0.0,0.0,0.0,0.0,0.0,0.0,0.0,0.0,0.0,0.0,0.0,0.0,0.0,0.0,0.0,0.0
MVG,0.0,0.0,0.0,0.0,0.0,0.0,0.0,0.0,0.0,0.0,0.0,0.0,0.0,0.0,0.0,0.0
MVH,0.0,0.0,1.791759469228055,0.0,1.4853153869141684,0.0,1.791759469228055,0.0,0.0,1.6215917908794277,0.0,0.0,0.0,0.0,0.0,0.0
MVL,0.0,0.0,0.0,0.0,0.0,0.0,0.0,0.0,0.0,0.0,0.0,0.0,0.0,0.0,0.0,0.0
MVN,0.0,0.0,0.0,0.0,0.0,0.0,0.0,0.0,0.0,0.0,0.0,0.0,0.0,0.0,0.0,0.0
MVQ,0.0,0.0,0.6931471805599453,0.6931471805599453,0.6931471805599453,0.0,0.0,0.0,0.46209812037329684,0.0,0.40235947810852507,1.0750556815368328,0.5493061443340549,0.0,1.1882523095313346,1.0986122886681098
MVR,0.0,0.0,0.0,0.0,0.0,0.0,0.0,0.0,0.0,0.0,0.0,0.0,0.0,0.0,0.0,0.0
MVT,0.0,0.0,0.0,0.0,0.0,0.0,0.0,0.6931471805599453,0.0,0.0,0.0,0.0,0.0,0.6931471805599453,0.0,0.0
MVV,0.0,0.0,0.0,0.0,0.0,0.0,0.0,0.0,0.0,0.0,0.0,0.0,0.0,0.0,0.0,0.0
MYA,0.0,0.5493061443340549,0.0,0.6931471805599453,0.0,0.0,0.0,0.0,0.0,0.0,0.0,0.0,0.6931471805599453,0.0,0.0,0.0
MYD,0.0,0.6931471805599453,1.3862943611198906,0.0,1.0986122886681098,1.3862943611198906,0.0,0.6931471805599453,0.8047189562170501,0.46209812037329684,0.0,0.0,0.0,0.0,0.0,1.3862943611198906
MYS,1.2070784343255752,0.0,0.0,0.0,0.0,0.0,0.0,0.0,0.0,0.0,0.0,0.0,0.0,0.0,0.0,0.0
MYT,0.0,0.0,0.0,0.0,0.0,0.0,0.0,0.0,0.0,0.0,0.0,0.0,0.0,0.0,0.0,0.0
MYW,0.0,0.0,0.0,0.0,0.0,0.0,0.0,0.0,0.0,0.0,0.0,0.0,0.0,0.0,0.0,0.0
NAA,0.6931471805599453,0.0,0.6931471805599453,1.0986122886681098,0.0,0.0,1.3862943611198906,0.0,1.1882523095313346,0.0,0.8047189562170501,0.8047189562170501,0.0,1.0986122886681098,0.5493061443340549,1.0986122886681098
NAD,0.0,0.0,0.0,0.0,0.0,0.0,0.0,0.6931471805599453,0.0,0.0,0.0,0.0,0.0,0.5493061443340549,0.0,0.0
NAE,0.0,0.0,0.0,0.0,0.0,0.0,0.0,0.0,0.0,0.0,0.0,0.0,0.0,0.0,0.0,0.0
NAF,0.0,0.0,0.0,0.0,0.0,0.0,0.0,0.0,0.0,0.0,0.0,0.0,0.0,0.0,0.0,0.0
NAG,0.0,0.0,0.0,0.0,0.0,0.0,0.0,0.0,0.0,0.0,0.0,0.0,0.0,0.0,0.0,0.0
NAH,0.0,0.0,0.0,0.0,0.0,0.0,0.0,0.0,0.0,0.0,0.0,0.0,0.0,0.0,0.0,0.0
NAK,0.0,1.0986122886681098,0.0,0.0,0.0,0.0,0.0,0.6931471805599453,0.6931471805599453,0.0,0.3243183581758855,0.0,0.0,0.0,0.46209812037329684,0.0
NAL,0.0,0.0,0.5493061443340549,0.0,1.6215917908794277,0.0,0.0,0.0,0.47957905455967414,1.4853153869141684,0.0,0.40235947810852507,0.0,0.0,1.0986122886681098,0.5493061443340549
NAN,0.0,0.8047189562170501,0.0,0.8047189562170501,0.0,0.0,0.716703787691222,0.0,0.0,0.0,0.0,0.0,2.046742304883596,0.0,0.0,1.6094379124341003
NAP,0.0,0.0,0.0,0.6931471805599453,0.0,0.0,0.0,0.6931471805599453,0.5493061443340549,0.0,0.0,0.0,0.0,0.5493061443340549,0.5493061443340549,0.6931471805599453
NAQ,1.2070784343255752,0.0,0.0,0.0,0.0,0.0,0.0,0.0,0.6931471805599453,0.0,0.0,0.0,0.0,0.0,0.0,0.0
NAR,0.0,0.0,0.0,0.0,0.0,0.0,0.0,0.0,0.0,0.0,0.0,0.0,0.0,0.0,0.0,0.0
NAS,0.6931471805599453,0.0,0.0,0.0,0.0,0.0,0.6931471805599453,0.6931471805599453,0.6931471805599453,0.6931471805599453,0.9241962407465937,0.40235947810852507,0.0,0.0,0.648636716351771,0.5941261547656673
NAT,0.0,0.0,0.0,0.0,0.0,0.0,0.0,0.0,0.0,0.0,0.0,0.0,0.0,0.0,0.0,0.0
NAW,0.0,0.0,0.0,0.0,0.0,0.0,0.0,0.0,0.0,0.0,0.0,0.0,0.0,0.0,0.0,0.0
NAY,0.0,0.0,0.0,0.6931471805599453,0.0,0.0,0.0,0.6931471805599453,0.6931471805599453,0.0,0.0,0.0,0.0,0.5493061443340549,0.6931471805599453,0.6931471805599453
NCA,0.0,0.0,0.0,0.0,0.0,0.0,0.0,0.0,0.0,0.0,0.0,0.0,0.0,0.0,0.0,0.0
NCK,0.0,0.0,0.0,0.0,0.0,0.0,0.0,0.0,0.0,0.0,0.0,0.0,0.0,0.0,0.0,0.0
NCP,0.0,0.0,0.0,0.0,0.0,0.0,0.0,0.0,0.0,0.0,0.0,0.0,0.0,0.0,0.0,0.0
NCS,0.0,0.0,0.0,0.0,0.0,0.0,0.0,0.0,0.0,0.6931471805599453,0.3243183581758855,0.0,0.0,0.0,0.0,0.0
NCY,1.6094379124341003,1.782378464297002,0.0,0.0,1.433407575382444,1.0986122886681098,1.6094379124341003,0.0,1.6094379124341003,0.0,1.6479184330021646,0.0,0.0,0.0,0.0,0.0
NDA,0.0,0.0,0.0,0.0,0.0,0.0,0.0,0.0,0.0,0.0,0.0,0.0,0.0,0.0,0.0,0.0
NDF,0.9241962407465937,0.0,0.0,0.0,0.0,0.0,0.0,0.0,0.0,0.0,0.0,0.0,0.0,0.0,0.0,0.0
NDG,0.0,0.5493061443340549,0.0,0.0,0.0,0.0,0.0,0.6931471805599453,0.0,0.0,0.0,0.0,0.5493061443340549,0.0,0.0,0.0
NDI,0.0,0.0,3.2188758248682006,0.6931471805599453,0.0,2.6366694928034633,0.1934321572215864,3.0853745464585223,0.47957905455967414,0.5493061443340549,4.4559294420606035,0.0,0.0,1.782378464297002,1.0986122886681098,2.778344655758188
NDK,0.0,0.0,0.0,0.0,0.0,0.0,0.0,0.0,0.0,0.0,0.0,0.0,0.0,0.0,0.0,0.0
NDL,0.0,0.0,0.358351893845611,0.6931471805599453,0.5493061443340549,0.0,0.0,1.2070784343255752,0.6931471805599453,1.3862943611198906,0.10926586129582751,1.3411982603617503,0.0,0.5493061443340549,0.12676295638478188,1.5474572577726913
NDP,0.0,0.5493061443340549,0.3243183581758855,1.791759469228055,0.0,0.0,0.5493061443340549,0.0,0.6931471805599453,0.3243183581758855,0.0,1.3862943611198906,1.791759469228055,0.0,0.0,1.791759469228055
NDQ,0.0,0.0,0.0,0.0,0.0,0.0,0.0,0.0,0.0,0.0,0.0,0.0,0.0,0.0,0.0,0.0
NDR,0.0,0.0,0.0,0.0,0.0,0.0,0.0,0.0,0.0,0.0,0.0,0.0,0.0,0.0,0.0,0.0
NDV,0.0,3.127772676500623,0.0,0.0,2.8385445827418403,1.565395226210864,0.0,0.0,0.0,0.0,0.0,0.0,0.0,0.0,0.0,0.0
NEC,0.0,0.0,0.0,1.0986122886681098,0.0,0.0,0.0,0.0,0.716703787691222,0.0,1.0986122886681098,0.5493061443340549,0.0,0.0,1.2792139405522478,0.0
NEE,0.5493061443340549,0.5941261547656673,0.648636716351771,0.9241962407465937,0.8047189562170501,0.0,0.0,0.0,0.0,0.0,0.0,0.0,0.716703787691222,0.0,0.0,0.0
NEG,0.0,0.0,0.0,0.0,0.0,0.0,0.0,0.0,0.0,0.0,0.0,0.0,0.0,0.0,0.0,0.0
NEI,0.0,0.0,0.0,0.0,0.0,0.0,0.0,0.0,0.0,0.0,0.0,0.0,0.0,0.0,0.0,0.0
NEK,2.0402624173384694,1.6215917908794277,0.358351893845611,1.791759469228055,1.2070784343255752,1.1989476363991853,1.068728898942307,0.9036024181047274,1.8072048362094548,1.1989476363991853,1.5350567286626973,1.355403627157091,1.2792139405522478,0.0,1.791759469228055,1.3732653608351373
NEL,0.0,0.0,1.068728898942307,0.0,1.3732653608351373,0.0,0.0,0.0,0.0,1.6215917908794277,0.0,0.0,0.0,0.0,0.0,0.0
NEN,0.0,0.6931471805599453,0.0,0.6931471805599453,0.6931471805599453,0.5493061443340549,0.0,0.6931471805599453,0.5493061443340549,0.6931471805599453,0.0,0.0,0.0,1.0986122886681098,0.6931471805599453,1.0986122886681098
NEQ,0.0,0.0,0.0,0.0,0.0,0.0,0.0,0.0,0.0,0.0,0.0,0.0,0.0,0.0,0.0,2.8380621538932544
NER,1.6094379124341003,0.40235947810852507,0.9241962407465937,1.922571505169192,0.9241962407465937,1.2070784343255752,0.9241962407465937,1.3862943611198906,0.5493061443340549,1.3862943611198906,0.0,0.5493061443340549,2.0794415416798357,1.6094379124341003,0.0,0.9241962407465937
NES,0.0,0.0,0.0,0.0,0.0,0.0,0.0,0.0,0.0,0.0,0.0,0.0,0.0,0.0,0.0,0.0
NET,0.0,0.0,0.0,0.46209812037329684,0.0,4.373843856472943,0.0,0.648636716351771,0.716703787691222,1.6479184330021646,3.608536697179722,0.0,1.1295030226309093,0.716703787691222,0.8047189562170501,0.0
NEV,0.0,0.0,1.5350567286626973,0.9241962407465937,0.46209812037329684,0.0,0.0,0.0,1.0986122886681098,0.0,0.0,1.0986122886681098,1.6094379124341003,0.0,0.0,1.6094379124341003
NFA,0.0,1.6479184330021646,0.9241962407465937,0.0,1.709966238307691,0.9241962407465937,0.0,0.6931471805599453,0.0,0.0,0.358351893845611,0.0,0.0,0.0,0.0,0.0
NFE,0.0,0.0,0.0,0.0,0.0,0.0,0.0,0.0,0.0,0.0,0.0,0.0,0.0,0.0,0.0,0.0
NFG,0.0,0.0,0.0,0.0,0.0,0.0,0.0,0.0,0.0,0.0,0.0,0.0,0.0,0.0,0.0,0.0
NFI,1.0986122886681098,0.0,0.9241962407465937,0.6931471805599453,0.6931471805599453,0.6931471805599453,0.5493061443340549,0.0,0.0,0.5493061443340549,0.5493061443340549,0.40235947810852507,0.5493061443340549,0.5493061443340549,0.0,0.0
NFK,0.0,0.0,0.0,0.0,0.0,0.0,0.0,0.0,0.0,0.0,0.0,0.0,0.0,0.0,0.0,0.0
NFL,0.0,1.433407575382444,0.0,1.0986122886681098,0.0,0.0,0.9241962407465937,0.0,0.0,0.0,0.0,1.6094379124341003,2.1972245773362196,0.0,0.0,1.6094379124341003
NFM,0.0,0.0,1.2070784343255752,0.0,0.0,0.0,0.6931471805599453,0.0,1.3862943611198906,0.0,1.3862943611198906,0.0,0.0,0.0,0.0,0.0
NFN,0.0,0.9241962407465937,1.0986122886681098,0.0,0.0,0.0,0.0,0.8047189562170501,0.0,0.0,0.0,0.0,1.433407575382444,0.0,0.0,1.433407575382444
NFP,0.0,0.0,0.0,0.0,0.0,0.0,0.0,0.0,0.0,0.0,0.0,0.0,0.0,0.0,0.0,0.0
NFQ,0.0,0.0,0.0,0.0,0.0,0.0,0.0,0.0,0.0,0.0,0.0,0.0,0.0,0.0,0.0,0.0
NFR,0.0,0.0,0.0,0.0,0.0,0.0,0.0,0.0,0.0,0.0,0.0,0.0,0.0,0.0,0.0,0.0
NFS,0.0,0.0,0.0,0.0,0.0,0.0,0.0,0.0,0.0,0.0,0.0,0.0,0.0,0.0,0.0,0.0
NFT,0.0,1.023371152441798,0.9591581091193483,0.0,1.1989476363991853,0.891189232148501,0.0,0.46209812037329684,0.3243183581758855,0.0,0.0,0.9814796597221467,0.9729550745276566,1.0986122886681098,0.1425224643604159,0.47957905455967414
NFV,0.6931471805599453,1.2070784343255752,1.3862943611198906,0.6931471805599453,1.6094379124341003,2.3978952727983707,1.023371152441798,1.2070784343255752,1.0986122886681098,2.033105440735637,1.6094379124341003,2.0794415416798357,0.6931471805599453,1.0750556815368328,2.0794415416798357,0.0
NFY,0.0,0.5941261547656673,1.297273432703542,0.6931471805599453,0.0,0.0,0.511685576220899,0.0,1.4210308697928313,0.0,0.648636716351771,0.0,0.0,0.0,0.511685576220899,0.0
NGA,0.0,0.0,0.0,0.0,0.0,0.0,0.0,0.0,0.0,0.0,0.0,0.0,0.0,0.0,0.0,0.0
NGD,0.0,0.0,0.0,0.0,0.0,0.0,0.0,0.0,0.0,0.0,0.0,0.0,0.0,0.0,0.0,0.0
NGE,0.0,0.0,0.0,0.0,0.0,0.0,0.0,0.0,0.0,0.0,0.0,0.0,0.0,0.0,0.0,0.0
NGG,0.0,0.5493061443340549,0.0,0.5493061443340549,0.0,0.0,0.6931471805599453,0.0,0.0,0.0,0.5493061443340549,0.0,0.6931471805599453,0.0,0.0,0.0
NGI,0.0,0.0,0.0,0.0,0.0,0.0,0.0,0.0,0.0,0.0,0.0,0.0,0.0,0.0,0.0,0.0
NGK,0.0,0.46209812037329684,0.6931471805599453,0.0,0.0,0.0,0.0,0.46209812037329684,0.0,0.5493061443340549,0.40235947810852507,0.40235947810852507,0.0,0.0,0.5493061443340549,0.0
NGL,0.0,0.0,0.0,0.0,0.0,0.0,0.0,0.0,0.0,0.0,0.0,0.0,0.0,0.0,0.0,0.0
NGM,0.0,0.0,0.0,0.0,0.0,0.0,0.0,0.0,0.0,0.0,0.0,0.0,0.0,0.0,0.0,0.0
NGN,0.0,0.0,0.0,0.0,0.0,0.0,0.0,0.0,0.0,0.0,0.0,0.0,0.0,0.0,0.0,0.0
NGP,0.0,0.0,0.0,0.0,0.0,0.0,0.0,0.0,0.0,0.0,0.0,0.0,0.0,0.0,0.0,0.0
NGR,0.0,0.0,0.6931471805599453,0.0,0.6931471805599453,0.0,0.0,0.8047189562170501,0.0,0.0,0.0,0.0,0.0,0.9241962407465937,0.0,0.6931471805599453
NGS,0.0,0.6931471805599453,0.5493061443340549,0.6931471805599453,0.40235947810852507,0.0,0.0,0.6931471805599453,0.46209812037329684,0.6931471805599453,0.0,0.0,0.0,0.0,0.6931471805599453,0.0
NGT,0.0,0.0,0.0,0.0,0.0,0.0,0.0,0.0,0.0,0.0,0.6931471805599453,1.0986122886681098,0.0,0.5493061443340549,0.6931471805599453,0.0
NGV,0.0,2.2833918282925674,0.5941261547656673,0.0,2.4790616760491893,1.4853153869141684,0.9591581091193483,1.0986122886681098,0.0,0.8047189562170501,0.1934321572215864,0.5493061443340549,0.0,1.2070784343255752,0.9241962407465937,0.0
NGY,0.0,0.0,0.6931471805599453,0.0,0.6931471805599453,0.5493061443340549,0.0,0.0,0.0,0.9241962407465937,0.6931471805599453,0.0,0.0,0.0,0.0,0.0
NHD,0.0,0.5493061443340549,0.0,1.0986122886681098,0.0,0.0,0.0,0.5493061443340549,0.6931471805599453,0.6931471805599453,0.0,0.0,0.9241962407465937,0.0,0.46209812037329684,0.0
NHI,0.0,0.0,0.0,0.0,0.0,0.0,0.0,0.0,0.0,0.0,0.0,0.0,0.0,0.0,0.0,0.0
NHK,0.0,0.0,0.0,0.0,0.0,0.0,0.0,0.0,0.0,0.0,0.0,0.0,0.0,0.0,0.0,0.0
NHL,0.0,0.0,0.0,0.0,0.0,0.0,0.6931471805599453,0.0,0.0,0.0,0.0,1.0986122886681098,0.0,0.0,1.0986122886681098,0.0
NHP,0.0,1.7908995167731467,1.782378464297002,2.0794415416798357,0.9729550745276566,1.782378464297002,1.5813042316832728,0.6931471805599453,1.922571505169192,0.46209812037329684,0.0,1.3732653608351373,1.791759469228055,1.0986122886681098,0.6931471805599453,2.0794415416798357
NHQ,0.0,0.0,0.0,0.0,0.0,0.0,0.0,0.0,0.0,0.0,0.0,0.0,0.0,0.0,0.0,0.0
NHR,0.0,0.5493061443340549,0.0,0.0,0.0,0.0,0.0,0.6931471805599453,0.0,0.0,0.0,0.0,0.0,0.0,0.0,0.6931471805599453
NHT,0.0,1.6215917908794277,0.0,0.0,1.791759469228055,0.0,0.0,1.3732653608351373,0.0,1.3732653608351373,0.0,0.46209812037329684,0.0,0.0,0.6931471805599453,0.0
NHY,0.0,0.0,0.0,0.0,0.0,0.0,0.0,0.0,0.0,0.0,0.0,0.0,0.0,0.0,0.0,0.0
NIE,0.0,0.6931471805599453,1.6215917908794277,0.5493061443340549,0.0,0.0,0.0,1.3862943611198906,1.0750556815368328,0.9729550745276566,4.533389193219236,3.9053301709646457,0.0,0.0,4.013570227600468,3.3872417001706525
NIF,0.6931471805599453,0.6931471805599453,0.0,1.0986122886681098,0.0,0.6931471805599453,1.0986122886681098,1.0986122886681098,0.0,1.2070784343255752,0.0,0.5493061443340549,1.3862943611198906,0.0,0.8047189562170501,0.0
NIG,0.0,0.0,0.0,0.0,0.0,0.6931471805599453,0.6931471805599453,0.6931471805599453,0.0,0.0,0.0,1.0986122886681098,0.0,0.6931471805599453,0.6931471805599453,0.0
NIH,0.0,0.0,0.0,0.0,0.0,0.0,0.0,0.0,0.0,0.0,0.0,0.0,0.0,0.0,0.0,0.0
NIK,0.0,0.6931471805599453,0.0,0.6931471805599453,0.0,0.6931471805599453,1.0986122886681098,0.0,0.0,0.6931471805599453,0.0,0.6931471805599453,0.6931471805599453,0.0,0.0,0.0
NIL,0.0,0.5493061443340549,0.0,0.6931471805599453,0.6931471805599453,0.6931471805599453,0.5493061443340549,0.0,0.0,0.0,1.0986122886681098,0.0,0.6931471805599453,0.0,0.0,0.0
NIN,0.0,0.0,1.6094379124341003,0.0,0.0,0.0,0.0,0.0,0.8047189562170501,0.0,0.0,0.0,0.0,0.0,0.0,0.0
NIP,0.0,0.5493061443340549,0.0,0.0,0.0,0.0,0.0,0.0,0.0,0.0,0.0,0.0,0.5493061443340549,0.0,0.0,0.0
NIR,0.0,0.0,0.0,0.0,0.0,0.6931471805599453,0.5493061443340549,0.0,0.0,0.5493061443340549,0.0,0.0,0.0,0.0,0.0,0.0
NIS,0.0,0.0,0.0,0.0,0.0,0.0,0.0,0.0,0.0,0.0,0.0,0.0,0.0,0.0,0.0,0.0
NIT,0.0,0.0,0.0,0.0,0.0,0.0,0.0,0.0,0.0,0.0,0.0,0.0,0.0,0.0,0.0,0.0
NIV,0.0,0.0,0.0,0.0,0.0,0.0,0.0,0.0,0.0,0.0,0.0,0.0,0.0,0.0,0.0,0.0
NKA,0.6931471805599453,0.46209812037329684,0.0,0.0,0.0,0.46209812037329684,0.0,0.0,0.0,0.0,0.0,0.0,0.6931471805599453,0.0,0.0,0.0
NKC,0.0,0.0,0.0,0.0,0.0,0.0,0.0,0.0,0.0,0.0,0.0,0.0,0.0,0.0,0.0,0.0
NKD,0.0,0.358351893845611,0.0,0.9241962407465937,0.40235947810852507,0.0,0.0,0.0,0.40235947810852507,0.0,0.0,0.0,0.0,0.0,0.5493061443340549,1.0986122886681098
NKF,1.6094379124341003,0.5493061443340549,0.5493061443340549,0.0,0.0,0.0,1.0986122886681098,0.6931471805599453,1.0986122886681098,0.0,0.0,0.6931471805599453,0.6931471805599453,0.0,0.0,0.6931471805599453
NKG,0.0,0.0,0.0,0.0,0.0,0.0,0.0,0.0,0.0,0.0,0.0,0.0,0.0,0.0,0.0,0.0
NKI,0.0,0.5493061443340549,0.9036024181047274,1.1989476363991853,0.40235947810852507,0.3243183581758855,0.23978952727983707,0.40235947810852507,0.6412373393653842,0.8239592165010823,0.7883505983036818,0.7393569925972749,0.8047189562170501,0.0,0.9671607861079322,1.023371152441798
NKK,0.46209812037329684,0.0,0.358351893845611,0.0,0.0,0.0,0.0,0.0,0.0,0.0,0.40235947810852507,1.0986122886681098,0.6931471805599453,0.0,0.0,0.0
NKL,0.0,0.0,1.3862943611198906,0.0,0.0,0.0,0.5493061443340549,0.0,1.2070784343255752,0.6931471805599453,0.6931471805599453,0.0,0.0,0.0,0.0,0.0
NKM,0.0,0.0,0.0,0.0,0.0,0.0,0.0,0.0,0.0,0.0,0.0,0.0,0.0,0.0,0.0,0.0
NKP,0.0,0.0,2.2590060452618186,1.0986122886681098,0.0,0.6931471805599453,0.0,0.5493061443340549,2.70805020110221,0.0,2.5649493574615367,0.0,0.0,0.8047189562170501,0.5493061443340549,1.0986122886681098
NKQ,0.0,0.0,0.0,1.433407575382444,1.0986122886681098,1.3862943611198906,0.5493061443340549,1.0986122886681098,0.9729550745276566,0.5493061443340549,1.0750556815368328,0.0,0.0,1.2070784343255752,0.9241962407465937,0.6931471805599453
NKR,3.0905884840366316,1.7435577384702752,2.9761222438871267,2.436052919644854,0.358351893845611,2.8005270891210285,0.6274143637922495,0.0,3.0325027583292057,1.2824746787307684,1.9568821010731157,0.9671607861079322,2.487172562881001,1.1107348367250678,1.416606672028108,0.9122670306460151
NKS,0.5493061443340549,0.0,0.0,0.0,0.0,0.0,0.0,0.0,0.0,0.0,0.0,0.5493061443340549,0.46209812037329684,0.0,0.0,0.5493061443340549
NKT,0.0,0.0,0.0,0.0,0.0,2.5649493574615367,0.0,0.0,0.0,0.0,1.7908995167731467,0.0,0.0,0.0,0.0,0.0
NKV,1.3862943611198906,0.0,0.0,0.0,0.0,0.0,0.0,0.0,0.0,0.0,0.0,0.0,0.0,0.0,0.0,0.0
NKW,0.0,0.0,0.0,0.0,0.0,0.0,0.0,0.0,0.0,0.0,0.0,0.0,0.0,0.0,0.0,0.0
NKY,1.433407575382444,1.2070784343255752,1.6094379124341003,0.0,1.0986122886681098,0.5493061443340549,1.433407575382444,0.5493061443340549,1.6215917908794277,0.0,1.3862943611198906,0.0,0.6931471805599453,0.40235947810852507,0.0,0.0
NLA,0.0,0.0,0.3243183581758855,0.0,0.358351893845611,0.6931471805599453,0.6931471805599453,0.0,0.46209812037329684,0.6931471805599453,0.0,0.0,0.0,0.0,0.0,0.0
NLC,0.0,0.0,0.0,0.0,0.0,0.0,0.0,0.0,0.0,0.0,0.0,0.0,0.0,0.0,0.0,0.0
NLD,1.6479184330021646,1.6785266909588594,2.0794415416798357,0.0,1.297273432703542,1.2070784343255752,1.3862943611198906,1.0986122886681098,0.46209812037329684,0.9241962407465937,1.8920414359288362,2.137457797884614,1.6094379124341003,0.0,2.3978952727983707,1.433407575382444
NLE,0.5493061443340549,1.0986122886681098,0.0,0.0,1.0986122886681098,1.791759469228055,0.5493061443340549,0.0,0.0,0.9241962407465937,0.9241962407465937,0.6931471805599453,0.6931471805599453,0.0,0.0,0.0
NLF,0.6931471805599453,0.0,0.0,0.6931471805599453,0.0,0.0,0.0,0.6931471805599453,0.0,0.0,0.0,0.0,0.0,0.5493061443340549,0.0,0.0
NLG,0.6931471805599453,0.6931471805599453,0.9241962407465937,0.0,0.46209812037329684,0.5493061443340549,1.0986122886681098,0.0,0.46209812037329684,0.9241962407465937,0.8047189562170501,0.3243183581758855,0.46209812037329684,0.0,0.358351893845611,0.0
NLH,0.8047189562170501,0.40235947810852507,0.891189232148501,0.46209812037329684,0.5493061443340549,0.5493061443340549,0.0,0.0,1.0150220498520226,0.0,0.812017639881618,0.29706307738283366,1.0986122886681098,0.0,0.7193685818395111,0.0
NLI,0.0,0.0,0.0,0.0,0.0,0.0,0.0,0.0,0.0,0.0,0.0,0.0,0.0,0.0,0.0,0.0
NLK,0.7393569925972749,0.6089044875446846,0.1770758340035135,0.0,0.5493061443340549,3.9973066641602744,0.0,1.2792139405522478,0.29438499555793485,0.7883505983036818,2.3811741216909117,0.5119312769223013,0.0,0.406008819940809,0.5469760417000051,0.2763525069867779
NLL,0.0,0.5493061443340549,0.891189232148501,1.922571505169192,0.40235947810852507,1.8270396897336403,0.9729550745276566,1.9459101490553132,2.137457797884614,1.9183162182386966,1.5474572577726913,2.3978952727983707,1.6094379124341003,1.2070784343255752,2.453699149305367,1.9459101490553132
NLM,0.0,0.0,0.0,1.0986122886681098,0.0,0.0,0.0,0.0,0.6931471805599453,0.0,0.0,0.0,0.0,0.0,1.0986122886681098,0.6931471805599453
NLN,1.8072048362094548,1.4853153869141684,0.0,1.4853153869141684,1.9459101490553132,1.4853153869141684,1.1882523095313346,0.0,1.297273432703542,1.3732653608351373,0.46209812037329684,0.358351893845611,1.0150220498520226,0.0,1.791759469228055,1.068728898942307
NLP,0.511685576220899,0.0,0.716703787691222,0.0,0.0,0.0,0.0,0.0,1.0986122886681098,0.0,0.0,0.5527050139735558,0.0,0.0,0.40235947810852507,0.21374577978846138
NLR,0.0,0.0,0.0,0.0,0.6931471805599453,0.0,0.0,0.0,0.0,0.0,1.0986122886681098,1.2070784343255752,0.0,0.0,0.9241962407465937,1.3862943611198906
NLS,0.0,0.0,0.6931471805599453,0.0,0.6931471805599453,0.0,0.0,0.0,0.0,0.6931471805599453,0.0,0.0,0.0,0.0,0.0,0.0
NLT,0.0,1.2070784343255752,0.511685576220899,0.0,0.891189232148501,1.6215917908794277,1.3732653608351373,0.46209812037329684,0.0,0.0,0.0,1.4853153869141684,0.0,0.0,0.0,0.0
NLY,0.0,0.0,0.0,0.0,0.0,0.0,0.0,0.0,0.0,0.0,0.0,0.0,0.0,0.0,0.0,0.0
NME,0.5493061443340549,1.5350567286626973,1.3862943611198906,1.0986122886681098,1.8072048362094548,1.6094379124341003,1.3862943611198906,0.46209812037329684,1.2070784343255752,1.0986122886681098,2.0794415416798357,0.6931471805599453,0.0,1.0750556815368328,0.5493061443340549,0.0
NMF,2.046742304883596,2.302585092994046,1.922571505169192,0.9241962407465937,1.0986122886681098,1.8072048362094548,1.4853153869141684,2.046742304883596,1.9459101490553132,1.6479184330021646,2.321185886659037,1.7343713162681,2.0794415416798357,0.6931471805599453,2.2590060452618186,1.0150220498520226
NMG,0.0,0.0,1.6094379124341003,0.0,0.0,0.0,0.0,0.0,0.9241962407465937,0.0,0.0,0.0,0.0,0.0,0.0,0.0
NMK,0.0,0.0,0.5493061443340549,0.0,0.0,0.0,0.5493061443340549,0.0,0.6931471805599453,0.0,0.6931471805599453,0.6931471805599453,0.0,0.6931471805599453,0.0,0.0
NMP,0.0,0.5493061443340549,1.6094379124341003,2.046742304883596,0.6931471805599453,2.1972245773362196,1.3862943611198906,1.3862943611198906,1.7908995167731467,1.433407575382444,1.433407575382444,2.4849066497880004,1.791759469228055,1.3862943611198906,2.2590060452618186,1.6094379124341003
NMV,0.0,0.0,0.0,0.0,0.0,0.0,0.0,0.0,0.0,0.0,0.0,0.0,0.0,0.0,0.0,0.0
NNA,0.6931471805599453,0.0,1.0986122886681098,0.9241962407465937,0.0,0.0,0.9241962407465937,0.0,1.297273432703542,0.0,1.3862943611198906,1.3862943611198906,0.0,1.1882523095313346,0.9241962407465937,1.0986122886681098
NNE,0.0,0.0,0.9671607861079322,0.6931471805599453,1.791759469228055,4.2760792164415555,0.0,0.0,0.5941261547656673,2.2330485096744495,3.8467354836755545,0.0,1.1295030226309093,0.29706307738283366,0.6931471805599453,0.0
NNG,0.0,0.0,0.0,0.0,0.0,0.0,0.0,0.0,0.0,0.0,0.0,0.0,0.0,0.0,0.0,0.0
NNI,0.0,0.0,0.0,0.0,0.0,0.0,0.0,0.0,0.0,0.0,0.0,0.0,0.0,0.0,0.0,0.0
NNK,1.0986122886681098,0.0,1.6094379124341003,1.4853153869141684,0.46209812037329684,2.380306153561547,0.6931471805599453,0.40235947810852507,0.3243183581758855,1.0750556815368328,2.0402624173384694,1.023371152441798,1.0986122886681098,0.0,1.4853153869141684,1.433407575382444
NNL,0.8047189562170501,1.8483924814931874,1.6744873407478829,1.6215917908794277,2.5878440720649096,1.5350567286626973,2.033105440735637,0.0,1.770758340035135,1.740889414994278,0.0,1.068728898942307,0.0,0.0,1.791759469228055,1.4853153869141684
NNM,0.6931471805599453,1.0986122886681098,0.0,1.0986122886681098,0.0,0.9241962407465937,0.6931471805599453,1.3862943611198906,0.6931471805599453,1.3862943611198906,0.0,0.0,1.0986122886681098,0.6931471805599453,1.0986122886681098,0.0
NNP,0.0,0.0,0.0,0.0,0.0,0.0,0.0,0.0,0.0,0.0,0.0,1.0986122886681098,0.0,0.0,1.0986122886681098,0.0
NNR,0.0,0.0,0.46209812037329684,0.0,0.0,0.0,0.0,0.0,0.0,0.0,0.18483924814931874,0.0,0.0,0.0,0.0,0.0
NNT,0.0,0.6931471805599453,0.0,1.0986122886681098,0.6931471805599453,0.0,0.6931471805599453,0.0,1.0986122886681098,0.0,1.0986122886681098,0.6931471805599453,0.0,1.0986122886681098,0.6931471805599453,0.6931471805599453
NNY,0.0,0.0,0.0,0.0,0.0,0.0,0.0,0.6931471805599453,0.0,0.0,0.0,0.0,0.0,0.5493061443340549,0.0,0.0
NPA,1.0986122886681098,0.6931471805599453,1.3862943611198906,1.0986122886681098,0.40235947810852507,0.0,1.3862943611198906,0.6931471805599453,1.782378464297002,0.0,1.3862943611198906,0.9241962407465937,0.0,1.3862943611198906,1.0750556815368328,1.0986122886681098
NPD,0.0,0.0,0.0,0.0,0.0,0.0,0.0,0.0,0.0,0.0,0.0,0.0,0.0,0.0,0.0,0.0
NPE,0.0,0.40235947810852507,0.0,0.0,0.0,0.0,0.0,0.8047189562170501,0.5493061443340549,0.5493061443340549,0.8047189562170501,0.0,0.5493061443340549,0.0,1.0986122886681098,0.0
NPG,0.0,0.6931471805599453,0.0,0.0,0.6931471805599453,1.6094379124341003,0.0,0.0,0.0,0.6931471805599453,0.0,0.0,0.0,0.0,0.0,0.0
NPI,0.0,0.0,0.5493061443340549,0.0,0.0,0.0,0.0,0.0,0.46209812037329684,0.0,0.0,0.0,0.0,0.0,0.0,0.0
NPL,0.0,0.0,0.0,0.0,0.5493061443340549,0.6931471805599453,0.0,0.0,0.0,0.0,0.0,0.0,0.0,0.0,0.0,0.0
NPP,0.0,0.0,0.0,0.0,0.0,0.0,0.0,0.8047189562170501,0.0,0.5493061443340549,1.3862943611198906,0.0,0.0,0.0,1.0986122886681098,0.0
NPR,0.0,0.0,0.0,0.0,0.0,0.0,0.0,0.0,0.0,0.0,0.0,0.0,0.0,0.0,0.0,0.0
NPS,0.0,0.0,0.0,0.0,0.0,0.0,0.0,0.0,0.0,0.0,0.0,0.0,0.0,0.0,0.0,0.0
NPV,0.0,0.0,1.6094379124341003,1.0750556815368328,0.9241962407465937,0.9241962407465937,0.0,0.6931471805599453,1.0750556815368328,0.9729550745276566,0.9241962407465937,1.433407575382444,0.8047189562170501,0.0,1.433407575382444,1.6094379124341003
NPY,0.7675283643313486,0.0,0.1934321572215864,0.5941261547656673,0.9241962407465937,2.9378128315095022,0.0,0.0,0.40235947810852507,0.812017639881618,0.0,0.0,0.29706307738283366,0.648636716351771,0.0,0.358351893845611
NQA,0.0,0.0,0.0,0.0,0.0,0.0,0.0,0.0,0.0,0.0,0.0,0.0,0.0,0.0,0.0,0.0
NQD,0.0,0.0,0.0,0.0,0.0,0.0,0.0,0.0,0.0,0.0,0.0,0.0,0.0,0.0,0.0,0.0
NQE,0.0,0.0,0.0,0.0,0.0,0.0,0.0,0.0,0.0,0.0,0.0,0.0,0.0,0.0,0.0,0.0
NQF,0.0,0.0,0.0,0.0,0.0,0.0,0.0,0.0,0.0,0.0,0.0,0.0,0.0,0.0,0.0,0.0
NQI,0.0,3.091042453358316,0.0,0.0,3.091042453358316,0.0,0.0,0.0,0.0,1.5222612188617115,0.0,0.0,0.0,0.0,0.0,0.0
NQK,0.0,3.2188758248682006,0.0,0.0,3.2188758248682006,0.406008819940809,0.0,2.4572701292270467,0.0,3.8918202981106265,0.0,1.3862943611198906,0.0,0.0,3.8918202981106265,3.3745137466805954
NQL,0.0,0.0,0.0,0.0,0.0,0.0,0.0,0.0,0.0,0.0,0.0,0.0,0.0,0.0,0.0,0.0
NQM,0.0,0.0,0.0,0.0,0.0,0.0,0.0,0.0,0.0,0.0,0.0,0.0,0.0,0.0,0.0,0.0
NQN,0.0,0.0,0.0,0.0,0.0,0.0,0.6931471805599453,0.0,0.0,0.0,0.6931471805599453,1.3862943611198906,0.0,0.0,1.0986122886681098,0.0
NQS,0.0,0.0,0.0,0.0,0.0,0.0,0.0,0.0,0.0,0.0,0.0,0.0,0.0,0.0,0.0,0.0
NQV,1.3862943611198906,0.6931471805599453,1.782378464297002,0.0,0.0,0.0,0.0,0.6931471805599453,1.2070784343255752,1.0986122886681098,0.0,0.0,0.0,0.0,0.0,0.0
NQW,0.0,0.0,0.0,0.0,0.0,0.0,0.0,0.0,0.0,0.0,0.0,0.0,0.0,0.0,0.0,0.0
NQY,0.0,0.0,0.6931471805599453,0.0,0.0,0.0,0.6931471805599453,0.0,0.6931471805599453,0.6931471805599453,1.791759469228055,1.6094379124341003,0.0,0.0,1.3862943611198906,1.0986122886681098
NRA,0.0,0.0,0.0,0.0,0.0,0.6931471805599453,0.6931471805599453,0.6931471805599453,0.0,0.0,0.0,0.6931471805599453,0.0,0.5493061443340549,0.5493061443340549,0.0
NRC,0.0,0.0,0.0,0.0,0.0,0.0,0.0,0.0,0.0,0.0,0.0,0.0,0.0,0.0,0.0,0.0
NRD,0.0,0.6931471805599453,0.0,0.0,0.0,0.6931471805599453,0.5493061443340549,0.5493061443340549,0.5493061443340549,0.0,0.6931471805599453,0.40235947810852507,0.5493061443340549,0.0,0.0,0.0
NRE,0.0,0.0,0.0,0.0,3.2188758248682006,2.2213256282451583,0.0,3.3531625760812678,0.0,3.3594777730056418,0.0,0.0,0.0,0.0,3.440959880822257,3.1686728254168925
NRF,0.0,0.716703787691222,1.297273432703542,0.0,0.9241962407465937,2.5649493574615367,1.297273432703542,1.6094379124341003,0.9241962407465937,2.1972245773362196,1.0750556815368328,0.648636716351771,1.0750556815368328,0.9241962407465937,1.2070784343255752,1.0986122886681098
NRK,0.5493061443340549,2.2590060452618186,1.4853153869141684,0.6931471805599453,2.380306153561547,2.1972245773362196,1.709966238307691,1.3862943611198906,1.3862943611198906,1.6215917908794277,2.3978952727983707,1.3862943611198906,0.0,1.791759469228055,1.0986122886681098,0.0
NRL,0.0,0.0,0.6931471805599453,0.0,0.0,0.0,0.0,0.0,0.0,0.0,0.6931471805599453,0.0,0.0,0.0,0.0,0.0
NRN,0.0,0.0,0.5493061443340549,0.0,0.6931471805599453,0.0,0.0,0.0,0.6931471805599453,0.0,0.5493061443340549,0.0,0.0,0.0,0.0,0.0
NRQ,0.0,0.0,0.0,0.0,0.6931471805599453,0.0,0.0,0.0,0.0,0.0,0.0,0.0,0.0,0.0,0.6931471805599453,0.0
NRR,2.3978952727983707,2.033105440735637,1.7908995167731467,1.7908995167731467,1.6785266909588594,1.023371152441798,0.648636716351771,1.8483924814931874,2.137457797884614,1.6785266909588594,2.033231729642506,1.2792139405522478,1.6479184330021646,1.709966238307691,2.302585092994046,1.297273432703542
NRS,0.0,0.0,0.0,0.5493061443340549,0.0,0.0,0.0,0.0,0.6931471805599453,0.0,0.0,0.0,0.0,0.0,0.5493061443340549,0.0
NRT,0.0,0.0,0.0,0.0,0.0,0.0,0.0,0.6931471805599453,0.0,1.0986122886681098,0.0,0.0,0.0,0.0,0.0,0.0
NRW,0.0,0.0,0.0,0.0,0.0,0.0,0.0,0.0,0.0,0.0,0.0,0.0,0.0,0.0,0.0,0.0
NRY,0.0,0.6931471805599453,0.6931471805599453,0.0,1.0986122886681098,0.0,0.0,0.0,0.0,0.6931471805599453,0.0,0.0,0.0,0.0,0.0,0.0
NSA,0.3243183581758855,0.0,0.0,0.46209812037329684,0.0,0.0,0.40235947810852507,0.0,0.0,0.40235947810852507,0.0,0.0,0.9241962407465937,0.0,0.0,0.0
NSC,0.0,0.0,0.0,0.0,0.0,0.0,0.0,0.0,0.0,0.0,0.0,0.0,0.0,0.0,0.0,0.0
NSD,0.0,0.0,0.0,0.0,0.0,0.0,0.0,0.0,0.0,0.0,0.0,0.0,0.0,0.0,0.0,0.0
NSE,0.6931471805599453,0.0,0.0,0.0,0.0,0.0,0.0,1.0986122886681098,0.6931471805599453,0.0,0.0,0.0,0.0,0.5493061443340549,0.6931471805599453,0.0
NSF,0.0,0.0,0.0,0.0,0.0,0.0,0.0,0.0,0.0,0.0,0.0,0.0,0.0,0.0,0.0,0.0
NSG,0.0,0.0,0.6931471805599453,0.0,0.0,0.40235947810852507,0.5493061443340549,0.6931471805599453,0.6931471805599453,0.0,0.0,0.0,0.0,1.0986122886681098,0.0,0.6931471805599453
NSK,0.0,0.0,0.0,0.0,0.0,0.0,0.0,0.0,0.0,0.0,0.0,0.0,0.0,0.0,0.0,0.0
NSL,0.0,0.2558427881104495,0.40235947810852507,0.0,0.0,0.0,0.6931471805599453,0.0,0.5493061443340549,0.6931471805599453,1.068728898942307,0.0,0.0,0.0,0.0,0.0
NSM,1.0986122886681098,1.2070784343255752,0.0,0.0,0.6931471805599453,1.0986122886681098,0.0,0.6931471805599453,0.6931471805599453,0.0,0.0,0.0,0.0,0.0,0.0,1.2070784343255752
NSN,0.0,0.0,0.0,0.0,0.0,0.0,0.0,0.0,0.0,0.0,0.0,0.0,0.0,0.0,0.0,0.0
NSP,0.0,0.0,0.0,0.0,0.0,0.46209812037329684,0.0,0.0,0.0,0.6931471805599453,0.0,0.0,0.0,0.0,0.0,0.0
NSQ,0.0,2.70805020110221,0.0,0.0,2.70805020110221,2.3978952727983707,0.0,2.4790616760491893,0.0,3.283914713328978,0.0,0.648636716351771,0.0,0.0,3.0847559988320254,3.0715876615338082
NSR,0.6931471805599453,1.6479184330021646,0.648636716351771,1.0986122886681098,1.4387371636790223,0.648636716351771,0.29706307738283366,0.6931471805599453,0.46209812037329684,1.0986122886681098,0.9241962407465937,0.46209812037329684,0.0,1.0750556815368328,0.0,0.0
NSS,0.6931471805599453,0.0,0.5493061443340549,0.0,0.0,0.0,0.46209812037329684,0.0,0.46209812037329684,0.0,0.0,0.0,0.0,0.0,0.0,0.0
NSV,0.0,0.0,0.0,0.0,0.0,0.0,0.0,0.0,0.0,0.0,0.0,0.6931471805599453,0.0,0.0,0.0,1.0986122886681098
NSW,0.0,0.0,0.0,0.0,0.0,0.0,0.0,0.0,0.0,0.0,0.0,0.0,0.0,0.0,0.0,0.0
NSY,0.0,0.6931471805599453,0.358351893845611,1.3862943611198906,0.0,1.6215917908794277,0.0,0.6931471805599453,0.40235947810852507,1.0986122886681098,1.0750556815368328,1.4853153869141684,0.40235947810852507,0.6931471805599453,1.5936825060316215,0.8047189562170501
NTA,2.1277537294374507,0.0,0.8047189562170501,1.2792139405522478,0.0,0.8239592165010823,0.6412373393653842,0.358351893845611,2.5022724622424466,0.0,1.3732653608351373,1.791759469228055,0.358351893845611,1.3862943611198906,0.9591581091193483,1.297273432703542
NTC,0.0,0.0,0.0,0.0,0.0,0.0,0.0,0.0,0.0,0.0,0.6931471805599453,1.0986122886681098,0.0,0.0,1.0986122886681098,0.0
NTD,0.0,0.0,0.0,0.0,0.0,0.0,0.0,0.0,0.0,0.0,0.0,0.0,0.0,0.0,0.0,0.0
NTE,0.0,0.0,0.0,0.0,0.0,0.0,0.0,0.0,0.0,0.0,0.0,0.0,0.0,0.0,0.0,0.0
NTF,1.3862943611198906,1.2070784343255752,0.0,0.0,1.0750556815368328,0.0,0.0,0.0,0.0,0.0,0.0,0.0,0.0,0.0,0.0,0.0
NTG,0.0,0.0,0.0,0.0,0.0,0.0,0.0,0.0,0.0,0.0,0.0,0.0,0.0,0.0,0.0,0.0
NTH,0.0,0.0,0.0,0.0,0.0,0.0,0.0,0.0,0.0,0.0,0.0,0.0,0.0,0.0,0.0,0.0
NTI,0.6931471805599453,1.0986122886681098,1.0986122886681098,0.5493061443340549,1.0986122886681098,1.6094379124341003,0.5493061443340549,0.0,0.0,1.0986122886681098,0.8047189562170501,0.46209812037329684,0.5493061443340549,0.5493061443340549,0.0,0.0
NTK,0.0,0.0,0.0,0.0,0.0,0.0,0.0,0.0,0.0,0.0,0.0,0.0,0.0,0.0,0.0,0.0
NTL,0.0,0.0,0.0,0.0,0.0,0.0,0.0,0.0,0.0,0.0,0.0,0.0,0.0,0.0,0.0,0.0
NTM,0.0,0.0,0.0,0.0,0.0,0.0,0.0,0.0,0.0,0.0,1.0986122886681098,1.0750556815368328,0.0,0.0,0.46209812037329684,1.3862943611198906
NTN,0.6931471805599453,0.0,0.40235947810852507,0.0,0.0,0.0,0.5493061443340549,0.0,0.5493061443340549,0.0,0.0,0.0,0.0,0.0,0.0,0.0
NTP,0.7393569925972749,2.748663632459161,0.36967849629863747,2.2590060452618186,3.0185441734062133,2.652590956946619,2.8457612708291733,2.3138284080818816,1.6357994328702448,3.8467354836755545,0.38811305772597937,1.8483924814931874,2.402910225941144,1.4210308697928313,3.710493690030066,2.983875913928921
NTQ,0.0,1.0986122886681098,0.0,0.0,0.0,0.0,0.0,0.0,0.0,0.0,0.0,0.0,1.0986122886681098,0.0,0.0,0.9241962407465937
NTS,0.0,0.0,0.0,0.0,0.0,0.0,0.0,0.0,0.0,0.0,0.0,0.0,0.0,0.0,0.0,0.0
NTT,0.0,3.091042453358316,0.0,0.0,3.091042453358316,0.0,0.0,2.5482766946873254,0.0,3.1780538303479458,0.0,0.0,0.0,0.0,3.091042453358316,3.405342760846798
NTV,0.0,0.0,0.0,0.0,0.0,0.0,0.0,0.0,0.0,0.0,0.0,0.0,0.0,0.0,0.0,0.0
NTY,0.0,0.0,1.0986122886681098,0.6931471805599453,0.6931471805599453,0.0,0.0,0.0,0.0,0.0,0.716703787691222,1.1882523095313346,1.433407575382444,0.0,0.46209812037329684,0.5493061443340549
NVA,0.0,0.0,0.5493061443340549,0.6931471805599453,0.0,0.0,0.6931471805599453,0.0,0.9241962407465937,0.0,0.6931471805599453,0.0,0.0,0.6931471805599453,0.6931471805599453,0.0
NVC,0.0,0.0,0.0,0.0,0.0,0.0,0.0,0.0,0.0,0.0,0.0,0.0,0.0,0.0,0.0,0.0
NVD,0.5493061443340549,0.0,0.0,0.0,0.0,0.0,0.0,0.0,0.5493061443340549,0.0,0.6931471805599453,0.0,0.0,0.0,0.6931471805599453,1.3862943611198906
NVF,0.0,0.0,0.0,0.0,0.0,0.0,0.0,0.0,0.0,0.0,0.0,0.0,0.0,0.0,0.0,0.0
NVG,0.0,0.0,0.0,0.0,0.0,0.6931471805599453,0.0,0.0,0.0,0.0,0.42749155957692275,0.7675283643313486,0.0,0.5493061443340549,0.648636716351771,0.40235947810852507
NVI,0.0,0.0,0.0,0.0,0.0,0.0,0.0,0.0,0.0,0.0,0.0,0.0,0.0,0.0,0.0,0.0
NVK,0.0,0.0,0.6931471805599453,0.0,0.0,0.0,0.0,0.0,0.5493061443340549,0.0,0.0,0.0,0.0,0.0,0.0,0.0
NVL,0.0,2.3978952727983707,0.0,0.511685576220899,0.0,1.8289707039383931,1.3862943611198906,0.0,0.4518012090523637,2.033105440735637,1.117720858693756,0.0,2.4849066497880004,1.9459101490553132,1.3862943611198906,0.0
NVM,0.0,0.0,0.0,0.0,0.0,0.0,0.0,0.0,0.0,0.0,0.0,0.0,0.0,0.0,0.0,0.0
NVR,0.0,0.0,0.0,0.0,0.5493061443340549,0.0,0.0,0.0,0.0,0.0,0.0,0.0,0.0,0.0,0.0,0.0
NVS,0.0,0.0,0.0,0.0,0.0,0.0,0.0,0.0,0.0,0.0,0.0,0.0,0.0,0.0,0.0,0.0
NVT,0.0,0.0,0.0,0.0,0.0,0.0,0.0,0.0,0.0,0.0,0.0,0.0,0.0,0.0,0.0,0.0
NVV,0.0,0.6931471805599453,0.6931471805599453,0.0,1.0986122886681098,0.0,0.0,0.0,0.6931471805599453,0.0,0.0,0.0,0.0,0.0,0.0,0.0
NVY,0.0,0.0,0.0,0.0,0.0,0.0,0.0,0.0,0.0,0.0,0.0,0.0,0.0,0.0,0.0,0.0
NWA,0.46209812037329684,0.0,3.2188758248682006,0.0,0.0,4.556074129089067,0.0,3.8918202981106265,0.716703787691222,2.5066474420887053,4.649345982115163,0.1770758340035135,0.0,0.0,0.3243183581758855,4.115184083861385
NWG,0.0,0.6931471805599453,0.6931471805599453,0.6931471805599453,1.0986122886681098,0.0,0.6931471805599453,0.6931471805599453,0.6931471805599453,1.0986122886681098,0.6931471805599453,0.5493061443340549,0.0,0.0,1.3862943611198906,0.6931471805599453
NWI,0.6931471805599453,0.0,0.0,0.6931471805599453,0.0,0.0,0.6931471805599453,0.0,0.0,0.5493061443340549,0.0,0.6931471805599453,0.6931471805599453,0.0,0.6931471805599453,0.0
NWN,1.2070784343255752,0.9241962407465937,0.6931471805599453,0.0,0.0,0.0,1.0986122886681098,0.6931471805599453,1.0986122886681098,0.0,0.0,0.6931471805599453,0.6931471805599453,0.0,0.0,0.6931471805599453
NWR,1.6094379124341003,0.648636716351771,1.6215917908794277,0.0,1.0986122886681098,0.0,0.6931471805599453,0.0,0.0,1.0986122886681098,2.436052919644854,1.4853153869141684,1.2070784343255752,0.0,1.5350567286626973,1.0750556815368328
NWV,0.0,0.0,0.9729550745276566,0.0,0.0,0.0,0.0,1.0986122886681098,0.0,0.0,0.0,0.46209812037329684,1.2070784343255752,0.0,0.0,1.433407575382444
NWY,0.0,0.0,0.6931471805599453,0.0,0.0,0.0,0.0,0.0,0.0,0.0,0.0,0.9241962407465937,0.0,0.0,0.0,0.6931471805599453
NYA,1.6094379124341003,0.8047189562170501,1.782378464297002,0.0,1.4853153869141684,0.40235947810852507,0.716703787691222,0.0,0.46209812037329684,0.0,0.0,1.9459101490553132,0.0,1.6215917908794277,0.0,0.6931471805599453
NYE,0.0,0.0,0.0,0.0,0.0,0.0,0.0,0.0,0.0,0.0,0.0,0.0,0.0,0.0,0.0,0.0
NYF,0.0,0.0,0.5493061443340549,0.0,0.0,0.0,0.0,0.0,0.0,0.0,1.0986122886681098,0.0,0.0,0.0,0.0,0.0
NYG,0.0,0.6931471805599453,0.6931471805599453,0.0,0.0,0.0,0.6931471805599453,0.0,0.0,0.0,1.3862943611198906,1.791759469228055,1.0986122886681098,0.6931471805599453,1.0986122886681098,1.3862943611198906
NYI,0.0,0.0,0.0,0.0,0.0,0.0,0.0,0.0,0.0,0.0,0.0,0.0,0.0,0.0,0.0,0.0
NYK,0.0,0.8047189562170501,0.0,0.0,1.0986122886681098,0.6931471805599453,0.0,0.46209812037329684,0.0,0.6931471805599453,0.0,0.0,0.0,0.6931471805599453,0.6931471805599453,0.0
NYL,0.5493061443340549,0.8239592165010823,0.5493061443340549,0.0,0.8047189562170501,0.0,0.0,0.0,0.46209812037329684,0.0,0.29706307738283366,0.5493061443340549,0.6931471805599453,0.0,0.0,0.6931471805599453
NYN,0.0,1.1882523095313346,0.0,0.6931471805599453,0.648636716351771,0.716703787691222,0.0,0.40235947810852507,0.0,0.46209812037329684,0.0,0.0,0.46209812037329684,0.0,0.5493061443340549,0.0
NYQ,0.0,0.0,0.0,0.0,0.0,0.0,0.0,0.0,0.0,0.0,0.0,0.0,0.0,0.0,0.0,0.0
NYR,0.0,0.40235947810852507,0.40235947810852507,0.0,0.5493061443340549,0.0,0.5493061443340549,0.0,0.46209812037329684,0.0,0.6931471805599453,0.0,0.0,0.6931471805599453,0.0,0.0
NYS,0.0,0.0,0.0,0.0,0.0,0.0,0.0,0.0,0.0,0.0,0.0,0.0,0.0,0.0,0.0,0.0
NYT,0.5493061443340549,0.6931471805599453,0.6931471805599453,0.0,0.0,0.0,0.0,0.0,0.0,0.0,0.0,0.0,0.5493061443340549,0.0,0.0,0.0
PAA,0.0,0.0,0.6931471805599453,0.9241962407465937,0.0,0.46209812037329684,0.0,0.40235947810852507,1.297273432703542,0.0,0.716703787691222,1.0986122886681098,0.0,1.0986122886681098,0.0,0.9241962407465937
PAC,0.0,0.0,0.0,0.0,0.0,0.0,0.0,0.0,0.0,0.0,0.0,0.0,0.0,0.0,0.0,0.0
PAD,1.0986122886681098,0.6931471805599453,0.0,0.0,0.0,0.5493061443340549,1.0986122886681098,0.0,0.5493061443340549,0.0,0.0,0.6931471805599453,0.0,0.5493061443340549,0.0,0.6931471805599453
PAE,0.9241962407465937,0.0,1.0750556815368328,0.0,0.6931471805599453,0.0,0.0,0.0,1.0750556815368328,0.5493061443340549,1.1605929433295186,0.0,0.0,0.0,0.0,0.0
PAG,0.0,0.0,0.0,0.0,0.0,3.633027956804691,0.0,0.0,0.47957905455967414,0.8239592165010823,3.6539185497465825,0.0,0.0,0.0,0.0,0.0
PAH,0.0,0.0,0.0,0.0,0.0,0.0,0.0,3.091042453358316,0.0,0.0,0.0,0.0,0.0,0.0,2.580218703329911,3.8918202981106265
PAI,0.29706307738283366,2.5649493574615367,0.0,0.8047189562170501,0.0,3.8917074053567866,0.6412373393653842,0.0,0.6412373393653842,2.302585092994046,3.233614227413794,0.0,2.6390573296152584,1.354025100551105,1.297273432703542,0.36967849629863747
PAK,0.0,0.0,0.0,0.0,0.0,0.0,0.0,0.0,0.0,0.0,0.0,0.0,0.0,0.0,0.0,0.0
PAL,0.0,0.0,0.0,0.0,0.0,0.0,0.0,0.0,0.0,0.0,0.0,0.0,0.0,0.0,0.0,0.0
PAN,1.0986122886681098,0.9241962407465937,1.433407575382444,1.0750556815368328,0.8047189562170501,0.6931471805599453,1.6094379124341003,0.6931471805599453,1.5350567286626973,0.0,1.791759469228055,1.2070784343255752,0.5493061443340549,1.433407575382444,1.3862943611198906,0.9241962407465937
PAP,0.0,0.0,0.0,0.0,0.0,0.0,0.0,0.0,0.0,0.0,0.0,0.0,0.0,0.0,0.0,0.0
PAQ,0.0,0.0,0.0,0.0,0.0,0.0,0.0,0.0,0.0,0.0,0.0,0.0,0.0,0.0,0.0,0.0
PAS,0.0,0.0,0.0,1.2070784343255752,1.0986122886681098,1.0986122886681098,0.0,0.5493061443340549,0.46209812037329684,0.6931471805599453,0.46209812037329684,0.0,0.5493061443340549,0.9241962407465937,0.6931471805599453,0.0
PAT,0.0,0.0,0.0,0.0,0.0,0.0,0.0,0.5493061443340549,0.0,0.0,0.0,0.0,0.0,0.6931471805599453,0.0,0.0
PAV,0.0,0.0,0.0,0.0,0.0,0.0,0.0,0.0,0.0,0.0,0.0,0.0,0.0,0.0,0.0,0.0
PCG,0.0,0.0,0.0,0.0,0.0,0.0,0.0,0.0,0.0,0.0,0.0,0.0,0.0,0.0,0.0,0.0
PCL,0.0,0.0,0.0,0.0,0.0,0.0,0.0,0.0,0.0,0.0,0.0,0.0,0.0,0.0,0.0,0.0
PCM,0.0,0.0,0.0,0.0,0.0,0.0,0.0,0.0,0.0,0.0,0.0,0.0,0.0,0.0,0.0,0.0
PCN,0.6931471805599453,1.297273432703542,0.0,0.0,1.0986122886681098,1.0986122886681098,0.8047189562170501,0.0,0.0,0.0,0.8047189562170501,0.0,0.0,0.0,0.0,0.0
PCP,0.0,0.0,0.0,0.0,0.0,0.0,0.0,0.0,0.0,0.0,0.0,0.0,0.0,0.0,0.0,0.0
PCS,0.0,0.5493061443340549,0.0,0.0,0.0,0.0,0.0,0.0,0.0,0.0,0.0,0.0,0.5493061443340549,0.0,0.0,0.0
PCV,0.0,0.0,0.0,0.0,0.0,0.0,0.0,0.0,0.0,0.0,0.0,1.433407575382444,1.9459101490553132,0.0,0.0,1.6094379124341003
PDD,0.8047189562170501,0.0,0.6931471805599453,0.6931471805599453,0.0,0.40235947810852507,0.3243183581758855,0.0,1.2070784343255752,0.5493061443340549,0.46209812037329684,0.5493061443340549,0.0,0.0,0.8047189562170501,0.6931471805599453
PDE,0.648636716351771,0.0,0.0,0.0,0.0,0.0,0.0,0.0,0.8047189562170501,0.0,0.0,0.0,0.0,0.0,0.0,0.0
PDF,0.6931471805599453,0.6931471805599453,0.358351893845611,0.0,0.3243183581758855,0.40235947810852507,0.0,0.6931471805599453,0.0,0.0,0.5493061443340549,0.5493061443340549,0.0,0.6931471805599453,0.5493061443340549,0.0
PDG,0.0,0.0,0.0,0.0,0.0,0.0,0.0,0.0,0.0,0.0,0.0,0.0,0.0,0.0,0.0,0.0
PDH,0.0,0.0,0.0,0.0,0.0,0.0,0.0,0.0,0.0,0.0,0.0,0.0,0.0,0.0,0.0,0.0
PDI,0.0,0.0,0.0,0.0,0.0,0.0,0.0,0.0,0.0,0.0,0.0,0.0,0.0,0.0,0.0,0.0
PDK,0.0,2.6223806710998603,0.0,0.0,3.0423109532347654,0.9611482314401966,0.0,0.21374577978846138,0.42749155957692275,1.8245340612920302,0.5861852591149305,0.0,0.0,0.0,0.0,0.1934321572215864
PDL,0.0,0.0,0.0,0.0,0.0,0.0,0.0,0.0,0.0,0.0,0.0,0.0,0.0,0.0,0.0,0.0
PDN,0.0,0.0,0.0,0.0,0.0,0.0,0.0,0.0,0.0,0.0,0.0,0.0,0.0,0.0,0.0,0.0
PDP,0.0,0.0,0.0,0.0,0.0,0.0,0.0,0.0,0.0,0.0,0.0,0.0,0.0,0.0,0.0,0.0
PDQ,0.0,0.0,0.0,0.0,0.0,0.0,0.0,0.0,0.0,0.0,0.0,0.0,0.0,0.0,0.0,0.0
PDR,2.046742304883596,1.9459101490553132,0.716703787691222,0.0,0.9241962407465937,0.0,0.0,0.716703787691222,1.6215917908794277,0.0,2.210284285450008,0.9671607861079322,0.716703787691222,0.0,1.0750556815368328,0.0
PDS,0.6931471805599453,1.0986122886681098,0.0,0.0,0.0,1.2070784343255752,0.9241962407465937,0.0,1.0986122886681098,0.0,0.9241962407465937,0.6931471805599453,0.6931471805599453,0.6931471805599453,0.0,0.5493061443340549
PEA,1.0986122886681098,0.6931471805599453,0.648636716351771,1.2070784343255752,0.40235947810852507,0.5493061443340549,0.0,0.0,0.716703787691222,0.0,0.0,0.0,0.0,0.0,0.5493061443340549,1.0986122886681098
PEC,0.0,0.6931471805599453,0.0,0.0,0.0,0.0,0.5493061443340549,0.0,0.3243183581758855,0.0,0.0,0.0,0.0,0.0,0.0,0.0
PED,0.0,0.0,0.0,0.0,1.1295030226309093,0.0,0.0,0.0,0.0,1.3732653608351373,0.0,0.358351893845611,0.0,0.0,0.0,0.6931471805599453
PEE,0.0,1.0750556815368328,0.0,0.0,0.0,0.0,0.5493061443340549,0.0,0.0,0.0,0.0,0.0,1.0986122886681098,0.0,0.0,0.0
PEF,1.6094379124341003,1.0986122886681098,0.6931471805599453,0.0,0.0,0.6931471805599453,0.0,0.9241962407465937,0.6931471805599453,0.0,0.0,0.0,0.6931471805599453,0.0,0.0,0.0
PEG,0.716703787691222,1.433407575382444,0.9241962407465937,0.716703787691222,1.0750556815368328,0.3243183581758855,0.648636716351771,0.891189232148501,0.9241962407465937,0.8047189562170501,0.9729550745276566,0.9729550745276566,0.5493061443340549,1.1882523095313346,1.433407575382444,0.358351893845611
PEI,0.0,0.0,0.0,0.0,0.0,0.0,0.6931471805599453,0.0,0.0,0.0,0.5493061443340549,0.0,0.0,0.0,0.0,0.0
PEK,0.0,0.0,0.0,0.0,0.0,0.0,0.0,0.0,0.0,0.0,4.574710978503383,0.0,0.0,0.0,0.0,0.0
PEL,0.0,0.0,0.0,0.0,0.0,0.0,0.0,0.0,0.0,0.0,0.0,0.0,0.0,0.0,0.0,0.0
PEM,0.0,0.0,0.0,0.6931471805599453,0.0,0.0,0.0,1.0986122886681098,0.5493061443340549,0.0,0.0,0.0,0.0,1.3862943611198906,0.6931471805599453,1.0986122886681098
PEN,0.29706307738283366,0.2558427881104495,0.0,0.0,0.0,2.6973239771548347,0.0,0.0,0.0,0.7193685818395111,0.0,0.0,0.27465307216702745,0.29706307738283366,0.0,0.0
PEP,0.9241962407465937,0.0,0.40235947810852507,1.3862943611198906,0.46209812037329684,0.358351893845611,0.0,1.3862943611198906,0.6931471805599453,0.46209812037329684,0.0,0.40235947810852507,1.3862943611198906,1.0986122886681098,0.6931471805599453,0.5493061443340549
PEQ,0.0,0.0,0.6931471805599453,0.0,1.0986122886681098,0.6931471805599453,0.0,0.0,0.0,0.6931471805599453,0.0,0.0,0.0,0.0,0.0,0.0
PER,0.0,0.6931471805599453,0.46209812037329684,0.0,0.6931471805599453,1.297273432703542,0.9241962407465937,0.0,0.9241962407465937,0.8047189562170501,0.6931471805599453,0.0,0.0,0.0,0.0,0.0
PES,1.0750556815368328,0.0,0.0,1.3862943611198906,0.0,0.0,0.0,0.8047189562170501,0.46209812037329684,0.0,0.0,0.0,1.791759469228055,0.9241962407465937,0.5493061443340549,0.8047189562170501
PET,0.0,0.6931471805599453,0.6931471805599453,0.0,0.6931471805599453,0.0,0.6931471805599453,0.0,1.0986122886681098,0.0,0.6931471805599453,0.0,0.0,0.6931471805599453,0.5493061443340549,0.0
PEV,0.0,0.0,0.0,0.0,0.0,0.0,0.0,0.0,0.0,0.0,0.0,0.0,0.0,0.0,0.0,0.0
PEW,0.0,0.0,0.0,0.0,0.0,1.2884269308556602,2.4072786084294826,0.3271598865740489,2.6223806710998603,2.487172562881001,0.0,0.0,0.0,0.0,2.680392034232518,0.0
PFD,0.8047189562170501,0.0,0.5493061443340549,0.0,0.0,0.0,0.0,0.0,1.0986122886681098,0.0,0.42749155957692275,0.0,0.0,0.0,0.0,0.0
PFE,0.0,0.0,0.0,0.0,0.0,0.0,0.0,0.0,0.0,0.0,0.0,0.0,0.0,0.0,0.0,0.0
PFF,0.0,0.0,0.0,0.0,0.0,0.0,0.0,0.0,0.0,0.0,0.0,0.0,0.0,0.0,0.0,0.0
PFG,0.6931471805599453,0.5493061443340549,0.0,0.0,0.0,0.0,0.0,0.0,0.0,0.0,0.0,0.0,0.0,0.0,0.0,0.0
PFI,0.0,0.6931471805599453,0.6931471805599453,0.0,0.9241962407465937,1.2070784343255752,0.0,0.0,0.0,0.5493061443340549,0.9729550745276566,0.5493061443340549,0.6931471805599453,0.0,0.0,0.0
PFK,0.0,0.0,0.0,0.0,0.0,0.0,0.0,2.8147840399962667,0.0,2.8862535685598347,0.0,0.0,0.0,0.0,2.961959564600181,3.7523485970433237
PFL,0.0,0.0,0.0,0.0,0.0,0.0,0.0,0.0,1.0986122886681098,1.0750556815368328,3.4684917402475626,0.5493061443340549,0.0,0.0,0.0,0.46209812037329684
PFN,0.0,0.0,0.0,0.0,0.0,0.0,0.0,0.0,0.0,0.0,0.0,0.21374577978846138,0.6931471805599453,0.0,0.0,0.0
PFP,0.0,0.0,0.0,0.0,0.0,0.0,0.0,0.0,0.0,0.0,0.0,0.0,0.0,0.0,0.0,0.0
PFR,0.0,0.0,0.0,0.0,0.0,0.0,0.0,0.0,0.0,0.0,0.0,0.0,0.0,0.0,0.0,0.0
PFS,0.0,0.0,0.0,0.0,0.0,0.0,0.0,0.6931471805599453,0.0,0.0,0.0,0.0,0.0,0.5493061443340549,0.0,0.0
PFT,0.0,0.0,0.0,0.0,0.0,0.0,0.0,0.0,0.0,0.0,0.0,0.0,0.0,0.0,0.0,0.0
PFV,0.0,0.0,0.0,0.0,0.0,0.0,0.0,0.0,0.0,0.0,0.0,0.49073982986107334,0.0,0.0,0.45667836565851344,0.0
PFY,1.297273432703542,0.29706307738283366,0.0,0.0,0.0,0.0,0.0,0.0,0.0,1.3732653608351373,0.0,0.29706307738283366,0.3243183581758855,0.0,1.791759469228055,1.791759469228055
PGA,0.5493061443340549,0.6931471805599453,0.5493061443340549,0.0,0.0,1.3862943611198906,0.0,0.0,0.0,0.0,0.5493061443340549,0.46209812037329684,0.0,0.0,0.0,0.0
PGD,0.0,0.0,0.0,0.0,0.0,0.0,0.0,0.0,0.0,0.0,0.0,0.0,0.0,0.0,0.0,0.0
PGE,0.0,0.0,0.0,0.0,0.0,0.0,0.0,0.6931471805599453,0.0,0.0,0.0,0.0,0.0,0.40235947810852507,0.0,0.0
PGF,0.0,0.0,0.0,0.0,0.0,0.0,0.0,0.0,0.0,0.0,0.0,0.0,0.0,0.0,0.0,0.0
PGG,0.0,0.0,0.0,0.0,0.0,0.0,0.0,0.0,0.0,0.0,0.0,0.0,0.0,0.0,0.0,0.0
PGH,0.0,0.0,0.0,0.0,0.0,0.0,0.0,0.0,0.0,0.0,0.0,0.0,0.0,0.0,0.0,0.0
PGI,1.1401797148833273,0.3271598865740489,0.36967849629863747,1.023371152441798,0.42749155957692275,3.642379132715952,0.0,2.4050883945369566,0.5312275020105406,0.8873406946934732,3.3234665069057368,0.0,1.0201312086692347,0.7393569925972749,0.3243183581758855,0.47957905455967414
PGK,0.2030044099704045,0.5493061443340549,0.8047189562170501,0.0,1.0986122886681098,1.2070784343255752,0.6931471805599453,0.5493061443340549,0.648636716351771,1.0986122886681098,1.6785266909588594,1.1989476363991853,0.6931471805599453,0.0,1.782378464297002,0.5493061443340549
PGL,0.0,0.0,0.5493061443340549,1.2070784343255752,0.5493061443340549,0.0,0.0,0.0,1.0986122886681098,0.0,0.40235947810852507,0.0,0.0,0.8047189562170501,1.0986122886681098,0.0
PGM,0.0,0.27465307216702745,0.9814796597221467,0.0,1.1295030226309093,0.0,0.0,0.0,0.17002186811153908,0.0,0.0,0.0,0.0,0.7393569925972749,0.0,0.0
PGQ,0.0,0.0,0.0,0.0,0.9241962407465937,0.0,0.0,0.0,0.0,1.0986122886681098,0.0,0.0,0.0,0.0,0.0,0.0
PGR,1.297273432703542,0.5493061443340549,0.716703787691222,0.9729550745276566,0.716703787691222,0.0,1.0750556815368328,0.0,0.6931471805599453,0.46209812037329684,0.0,0.0,0.40235947810852507,0.9241962407465937,0.0,0.5493061443340549
PGT,0.6931471805599453,0.5493061443340549,0.0,0.0,0.6931471805599453,0.9241962407465937,0.6931471805599453,0.46209812037329684,0.6931471805599453,0.0,0.6931471805599453,0.0,0.0,0.6931471805599453,0.6931471805599453,1.3862943611198906
PGV,0.0,0.5493061443340549,0.6931471805599453,0.0,0.6931471805599453,0.0,0.6931471805599453,0.0,0.0,0.0,0.0,0.9241962407465937,0.0,0.5493061443340549,0.0,0.6931471805599453
PGW,0.0,1.922571505169192,2.70805020110221,1.791759469228055,1.3732653608351373,1.9459101490553132,1.3862943611198906,0.0,2.3978952727983707,0.40235947810852507,0.0,0.0,1.791759469228055,0.0,0.0,1.791759469228055
PGY,0.0,0.0,0.0,0.0,0.0,0.0,0.0,0.0,0.0,0.0,0.0,0.0,0.0,0.0,0.0,0.0
PHA,0.0,0.0,0.0,0.0,0.0,0.8047189562170501,0.0,1.0986122886681098,0.46209812037329684,0.9241962407465937,0.46209812037329684,0.9241962407465937,0.0,0.46209812037329684,0.716703787691222,0.0
PHD,0.0,0.0,0.0,0.0,0.0,0.0,0.0,0.0,0.0,0.0,0.0,0.0,0.0,0.0,0.0,0.0
PHE,0.0,0.0,0.0,0.0,0.6931471805599453,0.6931471805599453,0.0,0.0,0.0,0.0,0.0,0.0,0.0,0.0,0.0,0.0
PHF,0.0,0.0,0.0,0.0,0.0,0.0,0.0,0.0,0.0,0.0,0.0,0.0,0.0,0.0,0.0,0.0
PHG,0.0,0.0,0.5493061443340549,0.6931471805599453,0.6931471805599453,0.0,0.0,0.0,0.0,0.0,0.0,0.8047189562170501,1.0986122886681098,0.0,0.6931471805599453,0.0
PHH,0.0,0.0,0.0,0.5493061443340549,0.0,0.0,0.0,0.0,0.0,0.5493061443340549,0.0,0.0,0.0,0.0,0.6931471805599453,0.0
PHL,0.0,0.0,0.0,0.0,0.0,0.0,0.0,0.0,0.0,0.0,0.0,0.0,0.0,0.0,0.0,0.0
PHP,0.2558427881104495,0.0,0.21374577978846138,0.0,0.0,4.594685653239287,0.0,0.0,0.812017639881618,1.4387371636790223,4.263715743188175,0.0,0.0,0.47957905455967414,0.0,0.0
PHR,0.0,0.0,0.0,0.0,0.0,0.0,0.0,0.0,0.0,0.0,0.0,0.0,0.0,0.0,0.0,0.0
PHV,0.0,0.0,0.0,0.6931471805599453,0.0,0.0,0.0,0.0,0.0,0.0,0.0,0.0,0.6931471805599453,0.0,0.0,0.0
PHY,0.0,0.6931471805599453,0.6931471805599453,0.0,0.0,0.0,1.3862943611198906,0.0,0.0,0.6931471805599453,1.3862943611198906,1.791759469228055,0.6931471805599453,0.6931471805599453,1.0986122886681098,1.3862943611198906
PIA,0.0,0.0,0.6931471805599453,1.0986122886681098,0.5493061443340549,0.0,0.0,0.0,0.6931471805599453,0.5493061443340549,0.46209812037329684,0.0,0.6931471805599453,0.6931471805599453,0.6931471805599453,0.0
PIC,0.0,0.0,0.0,0.0,0.0,0.0,0.0,0.0,0.0,0.0,0.0,0.0,0.0,0.0,0.0,0.0
PIE,0.0,0.0,0.0,0.0,0.0,0.0,0.0,0.0,0.0,0.0,0.0,0.0,0.0,0.0,0.0,0.0
PIF,0.5493061443340549,1.624035279763236,1.297273432703542,1.297273432703542,1.2824746787307684,0.40235947810852507,1.433407575382444,0.5493061443340549,0.6931471805599453,0.8047189562170501,1.023371152441798,2.0794415416798357,2.1972245773362196,0.9729550745276566,1.3862943611198906,1.782378464297002
PIG,0.0,0.0,1.0750556815368328,0.6931471805599453,0.6931471805599453,0.0,1.0986122886681098,0.6931471805599453,0.9241962407465937,1.0986122886681098,0.9241962407465937,0.9241962407465937,0.0,0.6931471805599453,0.6931471805599453,0.6931471805599453
PII,0.0,0.0,0.0,0.0,0.0,0.0,0.0,0.0,0.0,0.0,0.0,0.0,0.0,0.0,0.0,0.0
PIL,0.0,0.0,0.5493061443340549,0.6931471805599453,0.0,0.0,0.6931471805599453,0.0,1.6094379124341003,0.0,0.9241962407465937,0.5493061443340549,0.0,0.0,0.9241962407465937,0.0
PIM,0.0,0.0,0.0,0.0,0.0,0.0,0.0,0.0,0.0,0.0,0.0,0.0,0.0,0.0,0.0,0.0
PIN,0.0,0.0,0.0,0.8047189562170501,0.0,0.0,0.0,0.0,0.0,0.0,0.0,0.0,0.0,0.0,0.0,1.0986122886681098
PIP,0.0,0.0,0.5493061443340549,0.0,0.0,0.0,0.0,0.0,0.5493061443340549,0.0,0.0,0.0,0.0,0.0,0.0,0.0
PIQ,0.0,2.6223806710998603,0.0,0.0,2.7887850404652017,1.4150350991356175,2.6223806710998603,1.9234693770633606,2.4072786084294826,0.5100656043346173,0.08107958954397138,0.6931471805599453,0.0,0.0,0.0,1.3925895250141154
PIR,0.0,0.0,0.0,0.0,0.0,0.0,0.0,0.0,0.0,0.0,0.0,0.0,0.0,0.0,0.0,0.0
PIS,0.0,0.0,0.5493061443340549,0.0,0.0,0.0,0.0,0.0,0.0,0.0,0.0,1.0986122886681098,0.358351893845611,0.6931471805599453,0.0,0.0
PIT,0.0,0.0,0.0,0.0,0.0,0.0,0.0,0.0,0.0,0.0,0.0,0.0,0.0,0.0,0.0,0.0
PIV,0.47957905455967414,0.42756739308124764,0.36967849629863747,0.0,0.0,0.0,0.0,0.47957905455967414,0.9671607861079322,0.36078169606997934,4.480139560270916,0.7611306094308558,0.0,0.0,0.8853791700175675,0.0
PKA,0.0,0.0,0.0,0.0,0.0,0.0,0.0,0.0,0.0,0.0,0.0,0.0,0.0,0.0,0.0,0.0
PKD,1.0986122886681098,0.40235947810852507,0.5493061443340549,0.5493061443340549,0.6931471805599453,0.0,0.46209812037329684,0.5493061443340549,1.433407575382444,0.0,0.0,0.0,0.0,0.5493061443340549,0.358351893845611,0.0
PKE,0.46209812037329684,0.0,0.0,0.6931471805599453,0.0,0.0,0.0,0.0,0.6931471805599453,0.0,0.0,0.0,0.0,0.0,0.46209812037329684,0.0
PKF,0.0,0.0,0.0,0.0,0.0,0.0,0.13032386152085929,2.3509070164107744,0.22590060452618185,2.6831503763610787,0.0,3.1780538303479458,0.0,0.0,2.8862535685598347,0.0
PKG,0.0,0.0,0.0,0.0,0.0,0.0,1.0986122886681098,0.0,1.0986122886681098,0.0,1.0986122886681098,0.0,0.0,0.46209812037329684,0.0,0.0
PKI,0.46209812037329684,0.5493061443340549,0.0,0.648636716351771,0.0,0.0,0.0,0.5493061443340549,0.358351893845611,0.0,0.40235947810852507,0.0,0.46209812037329684,0.0,0.3243183581758855,1.6094379124341003
PKK,1.0986122886681098,1.791759469228055,2.0794415416798357,1.0986122886681098,0.0,0.0,1.9459101490553132,0.0,2.402910225941144,0.0,2.4849066497880004,1.791759469228055,0.0,0.0,1.9459101490553132,1.6094379124341003
PKL,2.892296315837252,1.9629593194442934,0.0,0.0,0.0,0.0,0.0,0.0,0.46209812037329684,0.0,0.0,0.0,0.0,0.0,0.0,0.0
PKM,0.0,0.0,0.0,0.0,0.0,0.0,0.0,0.0,0.0,0.0,0.0,0.8047189562170501,0.0,0.0,0.0,0.716703787691222
PKN,0.0,0.0,0.0,0.0,0.0,0.0,0.0,0.0,0.0,0.0,0.0,0.0,0.0,0.0,0.0,0.0
PKP,0.0,0.0,1.0750556815368328,0.0,0.0,0.0,0.0,0.0,0.648636716351771,0.0,1.7993793761572692,0.358351893845611,0.0,0.0,0.46209812037329684,0.5493061443340549
PKQ,0.9241962407465937,0.6931471805599453,1.782378464297002,0.0,0.5493061443340549,1.2070784343255752,0.0,0.716703787691222,1.433407575382444,0.40235947810852507,1.709966238307691,0.9729550745276566,0.0,1.3862943611198906,0.8047189562170501,0.0
PKR,0.0,0.0,0.0,0.0,0.0,0.0,0.0,0.0,0.0,0.0,0.0,0.0,0.0,0.0,0.0,0.0
PKS,0.0,2.1972245773362196,0.27465307216702745,1.791759469228055,1.355403627157091,1.791759469228055,1.782378464297002,0.0,0.716703787691222,0.40235947810852507,0.0,1.6215917908794277,1.791759469228055,0.0,0.0,1.791759469228055
PKT,0.6931471805599453,1.3862943611198906,2.3978952727983707,0.0,0.6931471805599453,0.5493061443340549,1.782378464297002,0.6931471805599453,2.380306153561547,1.433407575382444,2.321185886659037,1.3862943611198906,1.3862943611198906,0.0,0.0,0.0
PKV,2.778344655758188,2.218070977791825,0.0,1.9237120180961527,0.9591581091193483,3.621646191315178,2.7887850404652017,0.0,2.3069753330782543,0.6412373393653842,0.13044960218423865,0.511685576220899,2.1277537294374507,1.1901530767807735,1.0750556815368328,0.5493061443340549
PKW,0.6931471805599453,0.0,0.0,0.5493061443340549,0.0,0.0,0.0,0.5493061443340549,0.6931471805599453,0.0,0.0,0.0,0.0,0.0,0.6931471805599453,0.0
PKY,0.0,0.0,0.0,0.0,0.0,0.0,0.0,0.0,0.0,0.0,0.0,0.0,0.0,0.0,0.0,0.0
PLC,0.0,0.0,0.5493061443340549,0.6931471805599453,0.0,0.0,1.2070784343255752,0.0,1.433407575382444,0.5493061443340549,0.9241962407465937,0.0,0.0,0.0,0.716703787691222,0.5493061443340549
PLD,0.2030044099704045,1.0750556815368328,0.1934321572215864,0.5493061443340549,0.6931471805599453,0.17910476741397915,0.5493061443340549,0.0,0.8239592165010823,0.0,0.26401323027336704,0.8047189562170501,0.40235947810852507,1.0986122886681098,0.5493061443340549,1.0986122886681098
PLF,0.0,0.0,0.0,0.0,0.0,0.0,0.0,0.0,0.0,0.0,2.564625836084481,2.509657455168998,0.0,0.0,2.564625836084481,2.5654043584874864
PLG,0.0,0.0,0.0,0.0,0.0,0.0,0.5493061443340549,0.0,0.0,0.0,0.0,0.9241962407465937,0.0,0.46209812037329684,1.0986122886681098,0.0
PLI,0.0,0.0,0.0,0.6931471805599453,0.0,0.0,0.9241962407465937,0.0,0.8047189562170501,0.5493061443340549,0.0,0.0,0.0,0.0,0.716703787691222,0.5493061443340549
PLK,0.0,0.0,0.6931471805599453,0.0,0.6931471805599453,0.0,0.0,0.0,0.0,0.0,0.6931471805599453,0.0,0.0,0.6931471805599453,0.0,0.0
PLL,0.0,0.0,0.0,0.0,0.0,0.0,0.0,0.0,0.0,0.0,0.0,0.0,0.0,0.0,0.0,0.0
PLM,0.0,0.0,0.0,0.0,0.0,0.0,0.0,0.0,0.0,0.0,0.0,0.0,0.0,0.0,0.0,0.0
PLN,1.0986122886681098,0.46209812037329684,1.6094379124341003,1.6215917908794277,0.6931471805599453,0.716703787691222,0.46209812037329684,0.358351893845611,1.7908995167731467,1.2070784343255752,1.2070784343255752,1.0986122886681098,1.2070784343255752,0.0,1.2792139405522478,1.433407575382444
PLQ,0.0,1.9459101490553132,0.0,0.0,1.0986122886681098,1.0986122886681098,1.433407575382444,0.0,0.0,0.0,0.0,0.0,0.0,0.0,0.0,0.0
PLR,0.0,1.6785266909588594,1.4853153869141684,0.6931471805599453,1.6785266909588594,2.0794415416798357,1.7908995167731467,1.0986122886681098,1.9183162182386966,0.0,0.0,0.0,0.0,0.5493061443340549,0.0,0.5493061443340549
PLS,0.0,0.0,0.0,0.0,0.0,0.0,0.0,0.0,0.0,0.0,0.0,0.0,0.0,0.0,0.0,0.0
PLT,0.42756739308124764,0.8831549866738045,0.24682996371668176,2.351203577673075,2.3283619763817294,2.5874300685517313,0.3347954436269616,1.3763839523289028,0.0,2.0937229779857494,0.1653422675167431,1.0729586082894,2.6494649600214135,0.7359624888948371,2.6620426399959674,2.1210093740750584
PLV,0.406008819940809,1.4190310769466272,1.0624550040210812,0.6931471805599453,1.4722194895832201,0.7863651265448652,0.22893248029900976,2.1415154528426634,0.3271598865740489,2.3209825416901926,0.15727302530897302,0.3243183581758855,1.0986122886681098,0.36967849629863747,1.1775399822317394,3.130790452421728
PLW,0.0,0.0,0.0,0.0,0.0,0.0,0.0,0.0,0.0,0.0,0.0,0.0,0.0,0.0,0.0,0.0
PLY,1.0986122886681098,0.0,0.0,0.0,0.0,0.0,0.0,0.0,0.0,0.0,0.0,0.0,0.0,0.0,0.0,0.0
PMF,0.0,0.0,0.0,0.0,0.0,0.0,0.0,0.0,0.0,0.0,0.0,0.0,0.0,0.0,0.0,0.0
PMG,0.0,0.0,0.0,1.3862943611198906,0.0,1.4387371636790223,1.0750556815368328,0.0,0.0,1.9459101490553132,0.7675283643313486,0.0,0.0,1.2070784343255752,0.0,0.0
PMQ,0.0,0.0,0.0,0.6931471805599453,0.0,0.0,0.0,0.0,0.6931471805599453,0.0,0.0,0.0,0.0,0.0,0.5493061443340549,0.6931471805599453
PMR,0.0,0.0,0.0,0.6931471805599453,1.791759469228055,0.0,0.0,0.0,0.0,1.791759469228055,0.0,0.0,0.0,0.0,1.791759469228055,1.791759469228055
PMV,0.0,0.0,0.0,0.0,0.0,0.0,0.0,0.0,0.0,0.0,0.0,0.0,0.0,0.0,0.0,0.0
PMY,0.0,0.0,0.6931471805599453,0.0,1.0986122886681098,1.3862943611198906,0.0,0.0,0.0,0.6931471805599453,0.0,0.0,0.0,0.0,0.0,0.0
PNA,0.5493061443340549,0.0,0.0,0.0,0.0,0.0,0.6931471805599453,0.5493061443340549,0.46209812037329684,0.5493061443340549,0.46209812037329684,0.5493061443340549,0.0,0.0,0.5493061443340549,1.0986122886681098
PNE,0.0,0.0,0.0,0.0,0.0,0.0,0.0,0.0,0.0,0.0,0.0,0.0,0.0,0.0,0.0,0.0
PNG,0.0,0.0,0.3243183581758855,0.0,0.5493061443340549,0.3243183581758855,0.0,0.0,0.0,0.358351893845611,0.0,0.5493061443340549,0.0,0.0,1.0986122886681098,0.0
PNH,0.0,1.791759469228055,0.0,0.40235947810852507,1.6215917908794277,0.0,0.0,1.782378464297002,0.40235947810852507,1.791759469228055,0.0,0.0,0.0,0.9241962407465937,0.5493061443340549,0.648636716351771
PNI,0.0,0.0,0.0,0.0,0.0,0.6931471805599453,0.6931471805599453,0.6931471805599453,0.0,0.0,0.0,0.9241962407465937,0.0,1.0986122886681098,0.6931471805599453,0.0
PNK,0.0,0.0,0.0,1.0986122886681098,0.0,0.5493061443340549,0.0,0.6931471805599453,1.0986122886681098,0.0,0.0,0.0,0.0,1.0986122886681098,0.6931471805599453,1.0986122886681098
PNL,0.0,0.6931471805599453,0.0,0.0,0.0,0.6931471805599453,0.0,0.0,0.0,0.0,0.0,0.0,0.0,0.0,0.0,0.0
PNN,0.0,0.0,0.0,0.0,0.0,0.0,0.0,0.6931471805599453,0.0,0.0,0.0,0.0,0.0,0.0,0.0,1.3862943611198906
PNP,0.0,0.9241962407465937,0.0,0.0,0.5493061443340549,1.297273432703542,0.40235947810852507,0.8047189562170501,0.6931471805599453,1.0986122886681098,0.716703787691222,0.0,0.46209812037329684,0.0,0.9241962407465937,0.0
PNT,1.3862943611198906,1.3862943611198906,0.0,0.0,1.3862943611198906,0.0,0.0,0.0,0.0,0.0,0.0,0.0,0.0,0.0,0.0,0.0
PNY,0.0,0.0,0.0,0.0,0.0,0.0,0.0,0.0,0.0,0.0,0.0,0.0,0.0,0.0,0.0,0.0
PPC,0.0,0.0,0.0,0.0,0.0,0.0,0.0,0.0,0.0,0.0,0.0,1.6094379124341003,1.9459101490553132,0.0,0.0,1.6094379124341003
PPD,0.6931471805599453,0.8047189562170501,0.0,0.0,0.0,0.8047189562170501,0.8047189562170501,0.0,0.8047189562170501,0.0,0.0,0.46209812037329684,0.6931471805599453,0.5493061443340549,0.0,0.40235947810852507
PPE,0.648636716351771,1.0986122886681098,0.9241962407465937,0.40235947810852507,1.0750556815368328,0.40235947810852507,0.0,0.0,0.6931471805599453,0.40235947810852507,0.0,0.0,0.3243183581758855,0.8047189562170501,0.6931471805599453,0.5493061443340549
PPF,0.0,0.0,0.0,0.0,0.0,0.0,0.0,0.0,0.9241962407465937,1.0750556815368328,3.0447713407437966,0.0,0.0,0.0,0.0,0.0
PPG,0.0,0.0,0.0,0.0,0.0,0.0,0.0,0.0,0.0,0.0,0.0,0.0,0.0,0.0,0.0,0.0
PPK,0.0,0.0,0.0,0.0,0.0,0.0,0.0,0.0,0.0,0.0,0.0,0.0,0.0,0.0,0.0,0.0
PPL,0.0,2.7348802085000257,0.9671607861079322,0.0,2.6923397483606233,1.8471718443692866,1.6389879194374126,2.4072786084294826,1.1450596030091713,2.756706044495027,0.0,0.648636716351771,0.0,0.0,2.892296315837252,3.4654725152867574
PPN,0.0,0.5493061443340549,0.0,0.0,0.0,0.0,0.0,0.8047189562170501,0.6931471805599453,0.6931471805599453,0.9241962407465937,0.0,0.0,0.0,1.0986122886681098,0.0
PPP,0.0,0.0,0.0,0.0,0.0,0.0,0.0,0.8047189562170501,0.0,0.6931471805599453,1.2070784343255752,0.0,0.0,0.0,0.8047189562170501,0.0
PPR,0.0,0.0,0.0,0.0,0.0,0.0,0.0,0.0,0.0,0.0,0.0,0.0,0.0,0.0,0.0,0.0
PPS,0.0,0.0,0.0,0.0,0.0,0.0,0.0,0.0,0.0,0.0,0.0,0.0,0.0,0.0,0.0,0.0
PPT,0.0,0.0,0.0,0.0,0.0,0.0,0.0,0.0,0.0,0.0,0.0,0.0,0.0,0.0,0.0,0.0
PPV,0.0,0.0,0.0,0.5493061443340549,0.0,0.0,0.0,0.6931471805599453,0.6931471805599453,0.6931471805599453,0.0,0.0,0.0,0.6931471805599453,1.3862943611198906,0.6931471805599453
PPW,0.0,0.0,0.9729550745276566,0.0,0.0,0.0,0.0,0.0,0.0,0.0,0.5100656043346173,0.5312275020105406,1.2070784343255752,0.0,0.0,0.0
PPY,0.0,0.0,0.0,0.0,0.0,0.0,0.0,0.0,0.0,0.0,0.0,0.0,0.0,0.0,0.0,0.0
PQA,0.0,0.0,0.0,0.0,0.0,0.0,0.6931471805599453,1.0986122886681098,1.0986122886681098,1.0986122886681098,0.6931471805599453,0.0,0.0,0.0,1.3862943611198906,0.6931471805599453
PQD,0.0,0.0,0.0,0.0,0.0,0.0,0.0,0.0,0.0,0.0,0.0,0.0,0.0,0.0,0.0,0.0
PQE,1.3862943611198906,0.8047189562170501,0.40235947810852507,1.0986122886681098,0.0,0.0,0.0,1.7908995167731467,0.9241962407465937,1.0750556815368328,2.578249072016262,1.966785503324895,0.716703787691222,0.6931471805599453,2.1210093740750584,1.6942101997711707
PQG,0.0,2.70805020110221,0.27465307216702745,2.402910225941144,0.0,2.7263111695468445,0.3271598865740489,0.21374577978846138,0.8178997164351224,1.4210308697928313,2.601187679732959,1.3862943611198906,2.5503280216730864,1.4962204585192298,1.8920414359288362,1.2938747370452313
PQI,0.0,0.0,0.0,0.0,0.0,0.0,0.0,0.0,0.0,0.0,0.0,0.0,0.0,0.0,0.0,0.0
PQR,0.0,1.0986122886681098,1.3862943611198906,0.6931471805599453,2.0794415416798357,1.4853153869141684,1.782378464297002,1.0986122886681098,0.6931471805599453,1.4387371636790223,1.297273432703542,2.302585092994046,0.0,1.6094379124341003,2.302585092994046,0.0
PQS,0.0,0.0,0.0,0.0,0.0,0.0,0.0,0.0,0.0,0.0,0.0,0.0,0.0,0.0,0.0,0.0
PQV,0.0,0.6931471805599453,0.6931471805599453,0.0,0.0,0.6931471805599453,0.0,0.6931471805599453,0.0,0.0,0.5493061443340549,0.0,0.0,0.6931471805599453,0.0,0.0
PRA,0.0,0.0,0.0,0.6931471805599453,0.0,0.0,0.0,0.6931471805599453,0.5493061443340549,0.0,0.0,0.0,0.0,1.0986122886681098,0.6931471805599453,1.0986122886681098
PRD,0.6931471805599453,0.0,0.46209812037329684,0.9241962407465937,0.0,0.6931471805599453,1.0986122886681098,0.0,1.433407575382444,0.5493061443340549,0.9241962407465937,0.9241962407465937,0.0,0.0,1.2070784343255752,0.9241962407465937
PRE,0.6931471805599453,0.6931471805599453,0.6931471805599453,0.0,0.0,1.0986122886681098,0.0,1.0986122886681098,1.0986122886681098,0.6931471805599453,1.0986122886681098,0.6931471805599453,0.0,1.0986122886681098,0.6931471805599453,0.0
PRG,0.0,0.0,0.0,0.0,0.0,0.0,0.0,0.0,0.0,0.0,0.0,0.0,0.0,0.0,0.0,0.0
PRI,1.6094379124341003,1.0986122886681098,0.6931471805599453,0.0,0.0,0.6931471805599453,0.0,0.0,0.6931471805599453,0.0,0.0,0.0,0.5493061443340549,0.0,0.0,0.0
PRL,0.0,0.0,0.6931471805599453,0.0,0.0,0.0,0.6931471805599453,0.0,0.5493061443340549,0.0,0.0,0.0,0.0,0.6931471805599453,0.0,0.0
PRM,0.0,0.0,0.0,0.0,0.0,0.0,0.0,0.0,0.0,0.0,0.0,0.0,0.0,0.0,0.0,0.0
PRN,0.0,0.0,0.0,0.0,0.0,0.0,0.0,0.0,0.0,0.0,0.0,0.0,0.0,0.0,0.0,0.0
PRP,0.0,0.0,0.0,0.0,0.0,0.0,0.0,0.0,0.0,0.0,0.0,0.0,0.0,0.0,0.0,0.0
PRQ,0.0,0.0,0.5493061443340549,0.46209812037329684,1.2070784343255752,0.9241962407465937,0.46209812037329684,0.0,0.8047189562170501,0.0,1.2070784343255752,0.8047189562170501,0.6931471805599453,0.5493061443340549,0.6931471805599453,0.0
PRR,0.0,1.3862943611198906,0.0,0.0,0.0,0.6931471805599453,1.6215917908794277,0.6931471805599453,0.6931471805599453,1.2070784343255752,1.6094379124341003,1.0986122886681098,1.3862943611198906,0.6931471805599453,0.0,0.0
PRS,0.0,0.0,0.0,0.0,0.0,0.0,0.0,0.0,0.0,0.0,0.0,0.0,0.0,0.0,0.0,0.0
PRV,0.8047189562170501,0.0,0.9241962407465937,1.4853153869141684,0.3243183581758855,0.40235947810852507,0.0,1.433407575382444,0.40235947810852507,0.46209812037329684,0.0,0.46209812037329684,1.6094379124341003,1.0750556815368328,0.46209812037329684,0.9241962407465937
PRW,0.0,0.5493061443340549,0.0,1.2070784343255752,0.6931471805599453,1.0986122886681098,0.9241962407465937,0.0,0.716703787691222,0.0,0.9241962407465937,0.6931471805599453,0.0,0.40235947810852507,0.9241962407465937,1.0986122886681098
PRY,1.782378464297002,1.9459101490553132,2.046742304883596,0.0,1.791759469228055,1.2070784343255752,1.3862943611198906,0.0,0.9241962407465937,0.9241962407465937,3.091042453358316,1.9629593194442934,2.0794415416798357,0.6931471805599453,1.782378464297002,1.3862943611198906
PSA,0.0,0.0,0.0,0.0,0.0,0.0,0.0,0.0,0.0,0.0,0.0,0.0,0.0,0.0,0.0,0.0
PSC,0.0,0.0,0.8047189562170501,0.0,0.0,0.0,0.0,0.0,0.9241962407465937,0.0,0.0,0.0,0.0,0.0,0.0,0.0
PSD,0.6931471805599453,0.40235947810852507,0.46209812037329684,0.0,0.0,0.0,0.0,1.0986122886681098,0.0,0.5493061443340549,0.6931471805599453,0.6931471805599453,0.0,0.5493061443340549,0.6931471805599453,0.0
PSE,0.0,0.0,0.0,0.0,0.0,0.0,0.0,0.0,0.0,0.0,0.0,0.0,0.0,0.0,0.0,0.0
PSG,0.5493061443340549,1.3862943611198906,0.0,0.0,0.40235947810852507,0.6931471805599453,1.0986122886681098,0.6931471805599453,1.0986122886681098,0.0,1.0986122886681098,0.5493061443340549,0.0,0.9241962407465937,0.0,0.0
PSH,1.3862943611198906,0.6931471805599453,0.6931471805599453,0.0,0.0,0.0,0.0,0.6931471805599453,0.0,0.0,1.0986122886681098,1.0986122886681098,0.6931471805599453,0.0,1.0986122886681098,0.6931471805599453
PSI,0.0,0.0,0.0,1.6094379124341003,0.0,3.1859756371375183,0.0,0.0,0.3243183581758855,0.0,0.0,0.0,1.4853153869141684,0.716703787691222,1.6215917908794277,0.3243183581758855
PSK,0.0,0.0,2.2330485096744495,0.0,0.0,0.0,0.0,0.5493061443340549,1.9629593194442934,0.3243183581758855,0.9516656224425799,0.0,0.0,0.0,0.0,0.0
PSL,0.0,0.0,0.0,0.6931471805599453,0.6931471805599453,0.0,0.0,0.0,0.0,0.0,0.0,0.0,0.0,0.0,0.5493061443340549,0.0
PSM,0.0,0.0,0.0,0.0,0.0,0.0,0.0,0.0,0.0,0.0,0.0,0.0,0.0,0.0,0.0,0.0
PSN,0.0,1.3732653608351373,0.46209812037329684,0.0,1.5350567286626973,0.8047189562170501,0.0,0.5493061443340549,0.0,0.0,0.358351893845611,0.0,0.0,0.0,0.0,0.0
PSP,1.6094379124341003,0.5493061443340549,1.3862943611198906,0.0,0.0,0.6931471805599453,0.0,1.0986122886681098,0.5493061443340549,0.0,0.5493061443340549,0.6931471805599453,1.0986122886681098,0.0,0.0,0.0
PSQ,0.648636716351771,0.0,0.0,0.648636716351771,0.0,0.0,0.0,0.46209812037329684,0.0,0.0,0.0,0.6931471805599453,0.716703787691222,0.0,0.0,0.0
PSR,0.0,0.0,0.0,0.0,0.0,0.0,0.0,0.716703787691222,0.0,0.0,0.5493061443340549,0.5493061443340549,0.0,0.358351893845611,0.0,1.0986122886681098
PSS,1.433407575382444,0.0,0.5493061443340549,0.0,0.0,0.0,0.0,0.0,0.6931471805599453,0.0,0.0,0.0,0.0,0.0,0.0,0.0
PST,1.9183162182386966,2.1581057455185335,0.0,0.0,1.8072048362094548,0.5493061443340549,0.0,0.0,0.5493061443340549,0.0,0.0,0.0,0.0,0.0,0.0,0.0
PSV,0.0,0.0,0.0,0.5493061443340549,0.0,0.0,0.0,1.3862943611198906,0.0,0.0,3.817588378415502,3.054070702732402,0.0,0.0,3.6725113928509128,3.312641704942455
PTA,0.0,0.0,0.0,0.0,0.0,0.0,0.0,0.0,0.0,0.0,0.0,0.0,0.0,0.0,0.0,0.0
PTD,0.0,0.0,0.0,0.6931471805599453,0.6931471805599453,0.0,0.0,0.0,0.0,0.6931471805599453,0.6931471805599453,0.5493061443340549,0.0,0.0,0.5493061443340549,0.6931471805599453
PTE,0.0,0.0,0.0,0.0,0.0,0.0,0.0,0.0,0.0,0.0,0.0,0.0,0.0,0.0,0.0,0.0
PTH,0.0,0.0,0.0,0.0,0.0,0.0,0.0,0.0,0.0,0.0,0.0,0.0,0.0,0.0,0.0,0.0
PTI,0.0,0.0,0.0,0.0,0.0,0.0,0.0,0.0,0.0,0.0,0.0,0.0,0.0,0.0,0.0,0.0
PTK,0.5493061443340549,0.5493061443340549,0.0,0.0,0.6931471805599453,0.6931471805599453,0.0,0.0,0.46209812037329684,0.0,0.0,0.0,0.0,0.0,0.0,0.0
PTL,1.791759469228055,0.0,1.922571505169192,1.297273432703542,1.0986122886681098,0.716703787691222,1.2070784343255752,0.5493061443340549,2.046742304883596,1.4853153869141684,1.791759469228055,0.5493061443340549,0.9241962407465937,0.6931471805599453,1.297273432703542,1.0986122886681098
PTN,0.0,1.0986122886681098,0.0,0.0,1.0986122886681098,0.0,0.8047189562170501,0.0,0.0,1.0986122886681098,0.0,0.0,0.0,0.0,0.0,0.0
PTR,0.0,0.0,0.0,0.0,0.0,0.0,0.0,0.0,0.0,0.0,0.0,0.0,0.0,0.0,0.0,0.0
PTT,0.0,0.0,0.0,0.0,0.0,0.0,0.0,0.0,0.0,0.0,0.0,0.0,0.0,0.0,0.0,0.0
PTY,0.0,0.0,0.6931471805599453,0.0,0.0,0.0,0.0,0.0,0.0,0.0,0.0,0.716703787691222,0.5493061443340549,0.0,0.0,0.5493061443340549
PVA,0.46209812037329684,0.5493061443340549,0.6931471805599453,1.3862943611198906,1.2792139405522478,0.0,0.0,1.2070784343255752,1.3862943611198906,1.2070784343255752,0.0,0.47301035898220906,0.0,1.3862943611198906,0.0,0.8047189562170501
PVC,0.5493061443340549,0.891189232148501,0.3868643144431728,0.0,0.0,0.0,0.0,0.891189232148501,1.2792139405522478,0.716703787691222,0.08236597895548704,0.6705991301808751,0.0,0.0,0.7359624888948371,0.0
PVD,0.0,0.0,0.9241962407465937,0.0,0.0,0.0,0.0,0.0,0.0,0.0,0.0,0.716703787691222,0.0,0.0,0.0,0.0
PVE,0.0,0.6931471805599453,0.0,0.5493061443340549,0.46209812037329684,0.0,0.0,0.0,0.40235947810852507,0.5493061443340549,1.0986122886681098,0.6931471805599453,0.0,0.0,0.9241962407465937,0.5493061443340549
PVF,0.7675283643313486,2.1249100080421623,0.0,2.1277537294374507,0.0,1.8042874341995696,0.6412373393653842,0.21374577978846138,0.47957905455967414,1.0150220498520226,0.6166310796259967,0.0,2.772588722239781,1.4787139851945499,0.6412373393653842,0.7611306094308558
PVG,0.0,0.0,0.0,0.0,0.0,0.9241962407465937,0.0,0.0,0.0,1.0986122886681098,0.0,0.0,0.0,0.0,0.0,0.0
PVH,0.0,0.0,0.0,0.0,0.0,0.0,0.0,0.0,0.0,0.0,0.0,0.0,0.0,0.0,0.0,0.0
PVI,1.0986122886681098,0.0,0.8047189562170501,0.0,0.0,0.0,0.0,0.0,0.8047189562170501,0.6931471805599453,1.1882523095313346,0.0,0.0,0.0,0.0,0.0
PVK,0.0,0.6931471805599453,0.1934321572215864,0.29706307738283366,0.5493061443340549,0.09640951700341174,0.2558427881104495,1.0986122886681098,0.2030044099704045,0.5493061443340549,0.07983720419241114,0.0,0.0,0.0,0.7675283643313486,1.0986122886681098
PVL,0.6931471805599453,0.6931471805599453,0.6931471805599453,0.0,0.9241962407465937,1.0750556815368328,0.0,1.0986122886681098,0.358351893845611,1.0986122886681098,0.0,0.46209812037329684,0.0,0.6931471805599453,0.46209812037329684,0.0
PVP,0.0,0.0,0.0,0.0,0.0,0.0,0.0,0.0,0.0,0.0,0.0,0.0,0.0,0.0,0.0,0.0
PVQ,1.6094379124341003,0.0,1.433407575382444,0.0,0.0,0.0,0.0,0.0,1.2070784343255752,0.5941261547656673,0.0,0.8047189562170501,0.9241962407465937,0.0,0.0,0.9241962407465937
PVR,0.0,0.0,0.0,0.6931471805599453,0.0,0.0,0.0,0.0,0.6931471805599453,0.0,0.0,0.0,0.0,0.0,0.9241962407465937,0.6931471805599453
PVT,0.0,0.0,0.0,0.0,0.0,0.0,0.0,0.0,0.0,0.0,0.0,0.0,0.0,0.0,0.0,0.0
PVV,0.0,0.0,0.0,0.0,0.0,0.0,0.0,0.0,0.0,0.0,0.0,0.0,0.0,0.0,0.0,0.0
PVY,0.0,0.0,0.0,0.0,0.0,0.0,0.0,0.0,0.0,0.0,0.0,0.0,0.0,0.0,0.0,0.0
PWD,0.0,0.0,0.9729550745276566,0.0,0.0,0.0,0.0,0.0,0.0,0.0,0.1770758340035135,0.6777018135785455,1.0750556815368328,0.0,0.0,0.0
PWL,0.0,0.0,0.0,0.0,0.0,0.0,0.0,0.0,0.0,0.0,0.0,0.0,0.0,0.0,0.0,0.0
PWP,0.0,0.0,0.5493061443340549,0.0,0.0,0.6931471805599453,0.0,0.0,0.0,0.40235947810852507,0.0,0.0,0.46209812037329684,0.0,0.0,0.5493061443340549
PWQ,0.0,0.0,0.0,0.0,0.0,0.0,0.0,0.0,0.0,0.0,0.19662627890412895,2.1754930114005266,0.0,0.0,0.26823965207235,2.7400701939510808
PWT,0.0,0.0,0.6931471805599453,0.0,0.0,0.0,0.0,0.0,0.0,0.0,0.0,0.358351893845611,0.5493061443340549,0.0,0.0,0.40235947810852507
PYA,0.0,0.0,0.0,0.0,0.0,0.0,0.0,0.0,0.0,0.0,0.0,0.0,0.0,0.0,0.0,0.0
PYE,0.0,0.0,0.0,0.0,0.0,0.0,0.0,0.6931471805599453,0.6931471805599453,0.0,0.0,0.0,0.0,0.0,0.6931471805599453,0.0
PYG,0.0,1.0986122886681098,0.0,0.0,0.6931471805599453,0.0,0.0,0.0,0.46209812037329684,0.0,0.0,0.0,0.0,0.0,0.5493061443340549,0.0
PYI,0.0,0.0,0.6931471805599453,0.0,0.0,0.0,0.0,0.0,0.0,0.6931471805599453,0.0,0.0,0.6931471805599453,0.0,0.0,0.0
PYL,0.0,0.0,0.0,0.0,0.0,0.0,0.0,0.0,0.0,0.0,0.0,0.0,0.0,0.0,0.0,0.0
PYM,0.0,0.0,0.0,0.0,0.0,0.0,0.0,0.0,0.0,0.0,0.0,0.0,0.0,0.0,0.0,0.0
PYN,0.0,0.648636716351771,0.0,0.716703787691222,0.0,3.3111475878156207,0.3243183581758855,0.0,0.0,0.6412373393653842,0.0,0.46209812037329684,1.023371152441798,0.27465307216702745,0.7193685818395111,0.5941261547656673
PYP,1.6215917908794277,0.0,1.3732653608351373,1.0986122886681098,0.9241962407465937,0.0,0.0,0.0,1.2070784343255752,0.40235947810852507,0.0,0.0,0.5493061443340549,1.0986122886681098,0.0,0.5493061443340549
PYQ,0.0,0.0,0.0,0.0,0.0,0.0,0.0,0.0,0.0,0.0,0.0,0.0,0.0,0.0,0.0,0.0
PYR,0.0,0.8047189562170501,0.0,0.0,0.9241962407465937,0.5493061443340549,0.0,0.0,0.0,0.6931471805599453,0.0,0.0,0.0,0.0,0.0,0.0
PYS,2.8671249534589043,2.6327235234386124,0.22590060452618185,0.0,1.7993793761572692,0.648636716351771,3.0853745464585223,0.0,1.7962912954140562,2.6714852459213345,0.3243183581758855,0.0,0.0,0.0,0.0,0.0
PYV,0.0,0.0,1.1882523095313346,1.922571505169192,0.0,0.5493061443340549,0.0,0.716703787691222,1.0986122886681098,0.0,1.433407575382444,1.8072048362094548,1.3862943611198906,1.0986122886681098,2.402910225941144,1.433407575382444
PYW,0.0,0.9241962407465937,0.0,1.791759469228055,0.0,1.0986122886681098,0.0,0.0,0.0,0.0,0.0,0.0,1.791759469228055,0.0,0.0,1.791759469228055
PYY,0.0,0.0,0.0,0.0,0.0,0.0,0.0,0.0,0.0,0.0,0.0,0.0,0.0,0.0,0.0,0.0
QAA,0.0,0.27465307216702745,0.46209812037329684,1.0986122886681098,0.0,0.0,0.511685576220899,0.0,1.4787139851945499,0.0,1.8270396897336403,1.355403627157091,0.40235947810852507,0.0,1.0986122886681098,1.5350567286626973
QAC,0.0,0.0,0.46209812037329684,0.6931471805599453,1.0986122886681098,0.0,0.8047189562170501,0.0,0.716703787691222,0.46209812037329684,0.5493061443340549,0.5493061443340549,0.0,0.6931471805599453,0.6931471805599453,0.0
QAF,0.0,1.4853153869141684,0.0,1.791759469228055,1.9459101490553132,1.1989476363991853,1.1989476363991853,1.4853153869141684,1.1882523095313346,1.4853153869141684,1.6215917908794277,0.0,0.0,1.791759469228055,1.791759469228055,1.791759469228055
QAG,1.6479184330021646,1.6785266909588594,0.9241962407465937,0.0,1.9459101490553132,0.5493061443340549,0.9241962407465937,1.0986122886681098,1.6215917908794277,0.0,0.9671607861079322,0.8853791700175675,0.9241962407465937,0.0,1.3732653608351373,0.0
QAI,0.648636716351771,3.0423109532347654,0.0,0.8047189562170501,2.8862535685598347,0.0,0.0,1.2938747370452313,0.0,2.2281432400225847,0.0,0.0,0.716703787691222,0.0,2.5713524440127005,2.4102379250852937
QAK,0.9241962407465937,1.2070784343255752,1.433407575382444,0.8047189562170501,1.3862943611198906,0.648636716351771,0.0,1.0986122886681098,0.40235947810852507,0.40235947810852507,0.46209812037329684,1.0986122886681098,1.6094379124341003,0.0,0.8047189562170501,0.0
QAL,0.9241962407465937,0.0,1.1882523095313346,0.0,0.0,0.0,0.46209812037329684,0.8047189562170501,1.6479184330021646,0.8047189562170501,0.6931471805599453,0.0,0.0,0.0,1.3862943611198906,0.5493061443340549
QAM,0.0,0.0,0.6931471805599453,0.0,0.6931471805599453,0.0,0.0,0.0,0.0,0.6931471805599453,0.0,0.0,0.0,0.0,0.0,0.0
QAP,0.1934321572215864,0.3243183581758855,0.0,0.0,0.0,0.8047189562170501,0.0,1.2070784343255752,0.2558427881104495,0.0,1.1989476363991853,1.3732653608351373,0.46209812037329684,0.9241962407465937,1.1295030226309093,0.716703787691222
QAQ,0.0,3.2188758248682006,0.0,0.0,3.2188758248682006,2.0087726617617694,0.0,2.4052113071331958,0.0,1.0750556815368328,0.0,0.0,0.0,0.0,0.0,2.0913812126408318
QAR,1.297273432703542,2.046742304883596,1.922571505169192,1.2070784343255752,1.2070784343255752,0.6931471805599453,1.0750556815368328,1.922571505169192,2.302585092994046,1.6094379124341003,2.321185886659037,2.70805020110221,2.1972245773362196,1.6479184330021646,2.4849066497880004,2.1277537294374507
QAT,0.0,2.9761222438871267,0.0,0.0,3.127772676500623,1.2812000382197533,2.564625836084481,2.0760513646207226,0.3243183581758855,1.8270396897336403,0.0,0.0,0.9241962407465937,0.0,0.0,2.2283706983303775
QAV,0.0,0.0,0.0,0.0,0.0,0.0,0.6931471805599453,0.0,0.0,0.0,0.0,1.0986122886681098,0.0,0.0,0.6931471805599453,0.0
QAW,0.0,0.0,0.8047189562170501,0.0,0.0,0.0,0.0,0.6931471805599453,0.0,0.0,0.0,1.0986122886681098,1.0986122886681098,0.0,0.0,1.0986122886681098
QAY,0.6931471805599453,1.433407575382444,0.6931471805599453,1.0986122886681098,1.297273432703542,0.0,0.0,0.0,0.0,0.0,0.0,0.6931471805599453,0.0,1.3862943611198906,0.0,0.0
QCG,0.0,0.0,0.0,0.0,0.0,0.0,0.0,0.0,0.0,0.0,0.0,0.0,0.0,0.0,0.0,0.0
QCN,0.0,0.0,0.0,0.0,0.0,0.0,0.0,0.0,0.0,0.0,0.0,0.0,0.0,0.0,0.0,0.0
QDA,0.0,0.0,0.0,0.0,0.0,0.0,0.0,0.0,0.0,0.0,0.0,0.0,0.0,0.0,0.0,0.0
QDC,0.0,0.0,0.0,0.0,0.0,0.0,0.0,0.0,0.0,0.0,0.0,0.0,0.0,0.0,0.0,0.0
QDD,0.0,0.0,0.0,0.0,0.0,0.0,0.0,0.0,0.0,0.0,0.0,0.0,0.0,0.0,0.0,0.0
QDF,1.4853153869141684,1.766309973347609,1.2792139405522478,0.5493061443340549,0.0,3.5882072389143462,0.5312275020105406,0.0,0.0,1.218026459822427,0.0,0.0,0.0,0.8549831191538455,0.0,0.0
QDG,0.0,0.0,0.0,0.0,0.0,0.0,0.0,0.0,0.0,0.0,0.0,0.0,0.0,0.0,0.0,0.0
QDI,0.0,0.0,0.6931471805599453,0.0,0.0,0.0,0.0,0.0,0.0,0.5493061443340549,0.0,0.5493061443340549,0.6931471805599453,0.0,0.0,0.0
QDL,0.0,0.0,0.0,0.0,0.0,0.0,0.0,0.0,0.0,0.0,0.0,0.0,0.0,0.0,0.0,0.0
QDM,0.0,0.0,0.0,0.0,0.0,0.0,0.0,0.0,0.0,0.0,0.0,0.0,0.0,0.0,0.0,0.0
QDN,1.2070784343255752,1.0986122886681098,1.0750556815368328,1.3862943611198906,1.791759469228055,2.1972245773362196,1.0750556815368328,0.0,0.0,1.433407575382444,1.8072048362094548,1.2070784343255752,1.6094379124341003,0.9241962407465937,0.0,0.0
QDR,0.0,0.0,0.0,0.0,0.0,0.0,0.0,0.0,0.0,0.0,0.0,0.0,0.0,0.0,0.0,0.0
QDS,1.0986122886681098,0.21374577978846138,1.3732653608351373,0.0,0.27465307216702745,0.4518012090523637,0.40235947810852507,0.4518012090523637,1.2070784343255752,0.5364793041447,0.0,0.716703787691222,0.0,1.0986122886681098,0.29438499555793485,0.134119826036175
QDT,0.0,0.0,0.0,0.0,0.0,0.0,0.0,0.0,0.0,0.0,0.0,0.0,0.0,0.0,0.0,0.0
QDV,0.0,0.0,0.0,0.0,0.0,0.0,0.0,0.0,0.0,0.0,0.0,0.0,0.0,0.0,0.0,0.0
QDW,0.0,0.0,0.0,0.0,0.0,0.0,0.0,0.0,0.0,0.0,0.0,0.46209812037329684,0.0,0.0,0.6931471805599453,0.0
QDY,0.0,0.0,0.0,0.0,0.0,0.0,0.0,0.0,0.0,0.0,0.0,0.0,0.0,0.0,0.0,0.0
QEA,0.0,0.0,0.0,0.0,0.0,0.0,0.0,0.0,0.0,0.0,0.0,0.0,0.0,0.0,0.0,0.0
QEC,0.0,0.0,0.0,0.0,0.0,0.0,0.0,0.0,0.0,0.0,0.6931471805599453,0.6931471805599453,0.0,0.0,0.0,0.0
QED,0.0,0.0,0.0,0.0,0.0,0.0,0.0,0.0,0.0,0.0,0.0,0.0,0.0,0.0,0.0,0.0
QEE,0.0,0.0,0.0,0.0,0.0,0.0,0.0,0.0,0.0,0.0,0.0,0.0,0.0,0.0,0.0,0.0
QEF,0.0,0.0,0.0,0.0,0.0,0.0,0.0,0.0,0.0,0.0,0.0,0.0,0.0,0.0,0.0,0.0
QEG,0.9241962407465937,0.0,0.8047189562170501,0.0,0.0,0.0,0.0,0.0,0.716703787691222,0.0,0.0,0.0,0.0,0.0,0.0,0.0
QEH,0.0,0.0,0.0,0.0,0.0,0.0,0.0,0.0,0.0,0.0,0.0,0.0,0.0,0.0,0.0,0.0
QEK,0.0,0.6931471805599453,0.0,0.6931471805599453,0.0,0.0,0.0,0.6931471805599453,0.6931471805599453,0.0,0.0,0.0,0.0,0.0,0.6931471805599453,0.0
QEL,0.0,0.716703787691222,0.29706307738283366,1.0986122886681098,1.3862943611198906,0.40235947810852507,0.9241962407465937,1.0750556815368328,0.5941261547656673,1.6215917908794277,3.032288450875913,2.4052113071331958,0.0,0.46209812037329684,2.1121058421869363,2.210284285450008
QEM,1.3862943611198906,0.8047189562170501,0.6931471805599453,0.6931471805599453,0.0,0.0,0.0,1.3862943611198906,0.5493061443340549,0.0,0.0,0.0,1.2070784343255752,0.6931471805599453,0.6931471805599453,0.6931471805599453
QEP,0.0,0.648636716351771,1.3862943611198906,0.6931471805599453,1.2792139405522478,0.2849433691611522,0.9591581091193483,2.4138218433578,0.46209812037329684,2.5995004466930154,0.31454605061794605,1.922571505169192,0.0,0.9241962407465937,3.137071818961247,3.810740708566655
QEQ,0.0,0.0,0.0,0.0,0.0,0.0,0.0,0.0,0.0,0.6931471805599453,0.6931471805599453,0.0,0.0,0.0,0.0,0.0
QER,0.0,0.0,0.6931471805599453,0.0,1.0986122886681098,0.0,0.6931471805599453,0.0,0.0,0.6931471805599453,0.6931471805599453,0.6931471805599453,0.0,0.6931471805599453,0.0,0.0
QES,0.0,0.0,0.0,0.0,0.0,0.0,0.0,0.0,0.0,0.0,0.6931471805599453,0.46209812037329684,0.0,0.0,0.8047189562170501,1.0986122886681098
QET,0.0,0.0,0.0,0.0,0.0,0.6931471805599453,0.0,1.2070784343255752,0.0,0.0,0.0,0.0,0.0,1.3862943611198906,0.0,0.6931471805599453
QEV,0.0,0.0,0.0,0.0,0.0,0.0,0.0,0.0,0.0,0.0,0.0,0.0,0.0,0.0,0.0,0.0
QFA,0.0,1.0986122886681098,0.0,1.0986122886681098,1.0986122886681098,0.0,0.0,0.6931471805599453,0.0,1.0986122886681098,0.9241962407465937,0.0,1.0986122886681098,0.0,1.3862943611198906,1.3862943611198906
QFE,0.0,0.0,0.0,0.6931471805599453,0.0,0.0,0.0,0.6931471805599453,0.6931471805599453,0.0,0.0,0.0,0.0,1.0986122886681098,0.6931471805599453,1.0986122886681098
QFG,0.9241962407465937,0.716703787691222,1.2070784343255752,0.0,0.9241962407465937,0.0,0.5493061443340549,0.0,0.0,0.0,1.1295030226309093,1.2824746787307684,0.0,0.6931471805599453,1.6215917908794277,1.0750556815368328
QFH,0.0,0.0,0.0,0.0,0.0,0.0,0.0,0.0,0.0,0.0,0.0,0.0,0.0,0.0,0.0,0.0
QFI,0.0,0.0,0.0,0.0,0.0,0.0,0.0,0.0,0.0,0.0,0.0,0.0,0.0,0.0,0.0,0.0
QFL,0.0,0.0,0.9241962407465937,1.0986122886681098,0.0,0.0,0.0,0.0,0.0,0.0,1.433407575382444,1.5350567286626973,0.8047189562170501,0.0,1.433407575382444,1.782378464297002
QFM,0.0,0.0,0.0,0.0,0.0,0.0,0.0,0.0,0.0,0.0,0.6931471805599453,1.3862943611198906,0.0,0.0,1.0986122886681098,0.0
QFP,0.0,0.0,0.0,0.0,0.0,0.0,0.0,0.0,0.0,0.0,0.0,0.0,0.0,0.0,0.0,0.0
QFR,0.0,0.0,0.0,0.0,0.0,0.0,0.0,0.0,0.0,0.0,0.0,0.0,0.0,0.0,0.0,0.0
QFS,0.9241962407465937,0.0,1.4853153869141684,0.0,0.0,0.0,0.0,0.0,1.433407575382444,0.0,1.6785266909588594,0.0,0.0,0.0,0.0,0.0
QFV,0.0,1.3862943611198906,0.5493061443340549,0.0,1.297273432703542,0.0,0.0,0.0,0.0,0.0,0.0,0.0,0.0,0.0,0.0,0.0
QGA,0.0,0.0,0.0,0.0,0.0,0.0,0.0,0.0,0.0,0.0,0.0,0.6931471805599453,0.0,0.0,0.9241962407465937,0.5493061443340549
QGC,0.0,0.8047189562170501,0.46209812037329684,0.0,0.9241962407465937,0.0,0.9241962407465937,0.0,0.3243183581758855,1.0986122886681098,0.6931471805599453,0.0,0.0,0.0,0.0,0.0
QGD,0.5493061443340549,1.2070784343255752,0.0,0.0,0.46209812037329684,0.3243183581758855,0.5493061443340549,0.8047189562170501,1.0986122886681098,0.0,1.3862943611198906,0.6931471805599453,0.0,0.9241962407465937,0.0,0.0
QGE,0.0,0.6931471805599453,0.0,0.6931471805599453,0.5493061443340549,0.6931471805599453,0.0,0.0,0.0,0.0,0.0,0.0,0.6931471805599453,0.0,0.0,0.0
QGF,0.0,0.0,0.0,0.0,1.4853153869141684,0.0,0.0,0.0,0.0,1.791759469228055,0.0,0.0,0.0,0.0,1.791759469228055,1.6215917908794277
QGG,0.0,0.0,0.0,0.0,0.0,0.0,0.0,0.0,0.0,0.0,0.0,0.0,0.0,0.0,0.0,0.0
QGI,0.0,0.0,0.0,0.8047189562170501,1.0986122886681098,0.9241962407465937,0.0,0.6931471805599453,0.40235947810852507,0.6931471805599453,0.716703787691222,0.0,0.0,1.0986122886681098,0.46209812037329684,0.0
QGK,0.0,0.46209812037329684,0.6931471805599453,2.0794415416798357,0.0,2.0794415416798357,0.716703787691222,1.0986122886681098,1.4853153869141684,1.297273432703542,1.297273432703542,2.1972245773362196,1.2070784343255752,1.0986122886681098,2.2330485096744495,1.433407575382444
QGL,0.5493061443340549,0.891189232148501,1.297273432703542,0.6931471805599453,0.5941261547656673,0.891189232148501,0.0,1.3862943611198906,1.3862943611198906,0.716703787691222,0.2558427881104495,1.6094379124341003,0.6931471805599453,0.8047189562170501,1.297273432703542,0.0
QGQ,0.0,0.0,0.0,0.0,0.0,3.198441576182374,0.0,3.1686728254168925,0.0,0.0,0.0,0.0,0.0,0.0,0.0,2.74345605590759
QGR,0.0,0.0,0.0,0.0,0.0,0.6931471805599453,0.6931471805599453,0.5493061443340549,0.0,0.0,0.0,0.6931471805599453,0.0,0.9241962407465937,0.0,0.6931471805599453
QGS,1.6094379124341003,0.0,0.8047189562170501,0.0,0.0,0.0,0.0,0.0,0.648636716351771,0.0,0.0,0.0,0.0,0.0,0.0,0.0
QGT,0.0,0.0,0.0,0.0,0.0,0.0,0.0,0.0,0.0,0.0,0.5493061443340549,0.42749155957692275,0.0,0.0,0.648636716351771,0.648636716351771
QGV,0.0,0.0,0.0,0.0,0.0,0.0,0.0,0.0,0.0,0.0,0.0,0.0,0.0,0.0,0.0,0.0
QGW,0.0,2.402910225941144,0.0,1.782378464297002,0.0,2.8313409161628633,0.0,0.0,0.42749155957692275,0.891189232148501,2.4725158851046243,0.0,2.70805020110221,1.068728898942307,0.9729550745276566,0.6777018135785455
QGY,2.9506361727958503,2.8862535685598347,0.891189232148501,0.0,1.87024054922693,0.9591581091193483,2.70805020110221,0.40235947810852507,1.9789395845202251,2.5227219145717816,0.9241962407465937,0.0,0.46209812037329684,0.0,1.4787139851945499,0.0
QHF,0.0,0.0,0.0,0.0,0.0,0.0,0.0,0.0,0.0,0.0,0.0,0.0,0.0,0.0,0.0,0.0
QHG,0.0,0.5493061443340549,0.0,0.8047189562170501,0.0,0.6931471805599453,1.3862943611198906,0.0,0.8047189562170501,0.0,1.433407575382444,0.0,0.0,0.46209812037329684,0.0,0.0
QHL,0.0,0.0,0.0,0.0,0.0,0.0,0.0,0.0,0.0,0.0,0.0,0.0,0.0,0.0,0.0,0.0
QHR,0.0,0.0,0.5493061443340549,0.6931471805599453,0.46209812037329684,0.22359586469675655,0.46209812037329684,0.6931471805599453,0.0,0.8047189562170501,0.0,0.6931471805599453,1.3862943611198906,0.0,0.0,0.9241962407465937
QHS,0.0,0.0,0.0,0.0,0.0,0.0,0.0,0.0,0.0,0.0,0.0,0.0,0.0,0.0,0.0,0.0
QHV,0.0,0.0,0.0,0.0,0.0,0.0,0.0,0.0,0.0,0.0,0.0,0.0,0.0,0.0,0.0,0.0
QIA,0.0,0.8047189562170501,0.0,0.0,0.0,0.0,0.9241962407465937,0.0,0.0,0.0,0.0,0.0,0.0,0.0,0.0,0.0
QIF,0.6931471805599453,1.0986122886681098,1.0986122886681098,0.0,1.0986122886681098,0.0,0.0,0.0,0.6931471805599453,0.0,0.0,0.9241962407465937,0.6931471805599453,0.0,0.648636716351771,0.0
QIG,0.0,0.0,0.0,0.0,0.0,0.0,0.0,0.0,0.0,0.0,0.0,0.0,0.0,0.0,0.0,0.0
QIH,1.0986122886681098,0.0,0.0,0.0,0.0,0.0,0.0,0.46209812037329684,0.0,0.6931471805599453,1.0986122886681098,0.0,0.0,0.0,0.46209812037329684,0.0
QII,0.5802964716647593,3.2188758248682006,0.42749155957692275,1.0986122886681098,3.258096538021482,0.32779758388748254,0.15767011966073635,0.0,0.0,2.207381675250309,0.3044522437723423,0.22590060452618185,0.5493061443340549,0.511685576220899,0.0,0.0
QIL,0.0,1.87024054922693,2.6561375100527025,0.0,2.6561375100527025,1.3732653608351373,0.8239592165010823,1.3732653608351373,1.355403627157091,0.9591581091193483,0.511685576220899,1.4853153869141684,0.0,1.6215917908794277,0.0,0.0
QIN,0.0,0.0,0.0,0.0,0.0,0.0,0.0,0.0,0.0,0.0,0.0,0.0,0.0,0.0,0.0,0.0
QIP,0.0,0.0,0.0,0.0,0.0,0.0,0.0,0.0,0.0,0.0,0.0,0.0,0.0,0.0,0.0,0.0
QIQ,0.0,0.0,0.0,0.0,0.0,0.0,0.0,0.0,0.0,0.0,0.0,0.0,0.0,0.0,0.0,0.0
QIR,1.6094379124341003,1.0986122886681098,1.4853153869141684,0.9241962407465937,0.9729550745276566,1.922571505169192,0.8047189562170501,0.8047189562170501,0.6931471805599453,0.8239592165010823,1.9237120180961527,2.2833918282925674,1.782378464297002,1.433407575382444,1.740889414994278,2.046742304883596
QIT,0.0,0.0,0.0,0.0,0.0,0.0,0.0,0.0,0.0,0.0,0.0,0.0,0.0,0.0,0.0,0.0
QIV,0.0,0.0,0.0,0.0,0.0,0.0,0.0,0.0,0.0,0.0,0.0,0.0,0.0,0.0,0.0,0.0
QIW,2.3978952727983707,0.0,1.0750556815368328,2.5649493574615367,1.4853153869141684,0.0,0.40235947810852507,1.791759469228055,1.0986122886681098,0.9729550745276566,0.0,0.9241962407465937,2.5649493574615367,2.0794415416798357,1.0986122886681098,1.791759469228055
QIY,0.0,0.11179793234837827,0.0,0.0,0.0,3.959113459057784,0.0,4.30406509320417,0.0,3.3412376825738166,3.192633694700825,0.0,0.0,0.11728266833317777,2.8862535685598347,3.543543264105372
QKD,0.0,0.6931471805599453,0.0,0.5493061443340549,0.5493061443340549,0.0,0.0,0.46209812037329684,0.0,0.6931471805599453,0.5493061443340549,0.0,0.6931471805599453,0.0,1.0986122886681098,0.46209812037329684
QKE,3.2188758248682006,2.509657455168998,1.3862943611198906,0.0,2.518257283289107,2.7601361434219465,2.5561416257536766,2.1371881967370676,3.295836866004329,1.4387371636790223,2.53418920252199,2.70805020110221,0.0,0.29706307738283366,1.3862943611198906,1.9453388523047452
QKF,0.0,0.0,0.0,0.0,0.0,0.0,0.0,0.0,0.0,0.0,0.0,0.0,0.0,0.0,0.0,0.0
QKG,0.0,0.0,0.0,0.0,0.0,0.0,0.0,0.0,0.0,0.0,0.0,0.0,0.0,0.0,0.0,0.0
QKI,1.4853153869141684,1.2178089750893693,1.9183162182386966,0.0,0.1934321572215864,4.356176855478904,2.1879041668000205,2.3138284080818816,2.355079964463479,0.0,2.5033438073224326,0.6090132299112135,0.0,0.0,0.5589896617418914,1.0926586129582752
QKK,0.0,0.46209812037329684,1.0750556815368328,0.0,0.0,0.0,0.46209812037329684,1.0986122886681098,0.0,0.8047189562170501,0.9729550745276566,0.9729550745276566,0.0,0.0,0.5493061443340549,1.6215917908794277
QKL,3.2421400381029697,0.0,3.1303421057545915,1.297273432703542,0.3868643144431728,3.536521415817441,0.27465307216702745,2.794948308709457,1.4210308697928313,0.6013028267832989,4.571170211635922,0.5545177444479562,0.648636716351771,3.1690739096195473,0.5887699911158697,2.603056959092117
QKN,0.0,0.0,0.0,0.0,0.0,0.0,0.0,0.0,0.0,0.0,0.0,0.0,0.0,0.0,0.0,0.0
QKP,0.0,0.0,0.0,0.0,0.0,0.0,0.0,0.0,0.0,0.0,0.0,0.0,0.0,0.0,0.0,0.0
QKQ,0.0,0.0,0.0,0.0,0.0,2.218747663126016,0.0,2.9440639471783188,0.0,1.1036908376251544,0.0,0.0,0.0,0.0,0.0,1.8765226933308443
QKR,0.0,0.0,0.0,0.0,0.0,0.0,0.0,0.0,0.0,0.0,0.0,0.0,0.0,0.0,0.0,0.0
QKS,0.0,0.6931471805599453,0.0,0.5493061443340549,0.6931471805599453,0.0,0.6931471805599453,0.6931471805599453,0.5493061443340549,0.6931471805599453,0.5493061443340549,0.0,0.0,0.0,1.0986122886681098,0.6931471805599453
QKT,0.0,3.2188758248682006,0.0,0.0,3.2188758248682006,0.42749155957692275,0.0,2.6831503763610787,0.0,3.8321858012357346,0.0,1.3862943611198906,0.0,0.0,3.8918202981106265,3.664884843278882
QKV,1.4387371636790223,0.812017639881618,1.0750556815368328,0.0,0.9591581091193483,0.0,1.0986122886681098,0.0,0.716703787691222,0.0,2.436052919644854,1.9183162182386966,1.0986122886681098,0.0,0.49073982986107334,0.37024494557502263
QKW,0.0,1.0986122886681098,0.9241962407465937,0.0,0.9241962407465937,1.3862943611198906,0.9241962407465937,1.0986122886681098,0.6931471805599453,0.8047189562170501,0.0,0.8047189562170501,0.0,1.3862943611198906,0.9241962407465937,0.0
QKY,0.0,0.0,0.0,0.0,0.0,0.0,0.0,0.0,0.0,0.0,0.0,0.0,0.0,0.0,0.0,0.0
QLA,0.0,0.0,0.0,0.0,0.0,0.0,0.0,0.0,0.0,0.0,0.0,0.0,0.0,0.0,0.0,0.0
QLD,0.0,0.0,0.0,0.0,0.0,0.0,0.0,0.0,0.0,0.0,0.0,0.0,0.0,0.0,0.0,0.0
QLE,0.0,0.0,0.0,0.0,0.0,0.0,0.0,0.0,0.0,0.0,0.0,0.0,0.0,0.0,0.0,0.0
QLF,0.0,0.0,0.0,0.0,0.0,0.0,0.0,0.0,0.0,0.0,0.0,0.0,0.0,0.0,0.0,0.0
QLG,0.0,1.619117475568642,0.0,0.358351893845611,0.0,4.585145879477962,0.42756739308124764,0.0,1.0986122886681098,2.302585092994046,4.011579471094655,0.0,0.0,0.7393569925972749,0.0,0.0
QLH,0.0,0.0,0.0,0.0,0.6931471805599453,0.0,0.5493061443340549,0.0,0.0,0.0,0.0,0.46209812037329684,0.0,0.5493061443340549,0.0,0.0
QLI,0.0,0.0,0.0,0.0,0.0,0.0,0.0,0.0,0.0,0.0,0.0,0.0,0.0,0.0,0.0,0.0
QLL,0.0,0.0,0.9241962407465937,0.40235947810852507,0.6931471805599453,0.0,0.0,0.0,0.511685576220899,0.46209812037329684,0.40235947810852507,1.4853153869141684,0.40235947810852507,0.0,1.1989476363991853,1.433407575382444
QLM,0.0,0.0,0.0,0.0,0.0,0.0,0.0,0.0,0.0,0.0,0.0,0.0,0.0,0.0,0.0,0.0
QLN,0.0,0.0,0.0,0.0,0.0,0.0,0.0,0.0,0.0,0.0,0.0,0.0,0.0,0.0,0.0,0.0
QLP,0.0,0.0,0.0,0.0,0.0,0.0,0.0,0.0,0.9241962407465937,0.0,1.0986122886681098,0.0,0.0,0.0,0.0,0.0
QLQ,0.0,0.0,0.0,1.2070784343255752,0.0,0.6931471805599453,0.6931471805599453,0.6931471805599453,0.6931471805599453,0.0,1.1882523095313346,0.46209812037329684,0.6931471805599453,0.9241962407465937,0.358351893845611,0.9241962407465937
QLR,0.9729550745276566,0.0,0.8047189562170501,1.2070784343255752,0.6931471805599453,1.0986122886681098,0.46209812037329684,1.0986122886681098,0.0,0.891189232148501,0.0,0.27465307216702745,0.8853791700175675,1.0986122886681098,0.0,0.5493061443340549
QLS,0.0,0.0,3.2188758248682006,0.0,0.0,2.808240990323213,0.0,2.4072786084294826,0.0,0.0,3.8560199756840143,0.42749155957692275,0.0,3.127772676500623,0.21371881967370676,2.0087726617617694
QLT,0.0,3.2188758248682006,0.0,0.0,0.46209812037329684,3.1265684523148414,1.7278097460167723,2.6831503763610787,0.0,0.0,0.0,0.0,0.0,0.0,0.0,1.6797388865028209
QLV,0.6931471805599453,0.29706307738283366,0.5493061443340549,0.0,0.2558427881104495,0.0,0.0,0.0,0.6931471805599453,0.0,0.40235947810852507,0.716703787691222,0.0,0.0,0.3243183581758855,0.5493061443340549
QLW,0.0,0.0,0.0,0.0,0.0,0.0,0.0,0.0,0.0,0.0,0.0,0.0,0.0,0.0,0.0,0.0
QLY,0.0,0.0,0.0,0.0,0.0,0.0,0.0,0.0,0.0,0.0,0.0,0.0,0.0,0.0,0.0,0.0
QMA,0.0,0.0,0.0,0.0,0.0,0.0,0.6931471805599453,0.6931471805599453,0.0,0.0,0.0,1.0986122886681098,0.0,0.6931471805599453,0.5493061443340549,0.0
QME,0.0,0.0,0.0,0.0,0.0,0.0,0.0,0.0,0.0,0.0,0.0,0.0,0.0,0.0,0.0,0.0
QMG,1.3862943611198906,0.6931471805599453,0.716703787691222,0.0,0.6931471805599453,0.0,0.0,0.0,0.9241962407465937,0.0,0.42756739308124764,0.6338147819239095,0.40235947810852507,0.0,0.44157749333690227,0.0
QMI,0.0,0.0,0.0,0.0,0.0,0.0,0.0,0.0,0.0,0.0,0.0,0.0,0.0,0.0,0.0,0.0
QML,0.0,0.0,0.0,0.0,0.0,0.0,0.0,0.0,0.0,0.0,0.0,0.0,0.0,0.0,0.0,0.0
QMN,0.0,0.2030044099704045,0.46209812037329684,0.0,0.0,0.0,0.22590060452618185,0.0,0.29706307738283366,0.6931471805599453,1.2792139405522478,0.0,0.0,0.0,0.0,0.0
QMP,0.0,0.0,0.0,0.0,0.0,0.0,0.0,0.0,0.0,0.0,0.0,0.0,0.0,0.0,0.0,0.0
QMS,0.0,0.0,0.0,1.0986122886681098,0.0,0.0,0.0,0.0,0.0,0.0,1.3732653608351373,1.922571505169192,1.3862943611198906,0.0,1.791759469228055,1.9459101490553132
QMT,2.2590060452618186,2.033231729642506,0.0,0.0,0.0,0.0,0.0,0.0,0.5493061443340549,0.0,0.0,0.0,0.0,0.0,0.0,0.0
QMV,0.0,0.0,0.0,0.0,0.0,0.0,0.0,0.0,0.0,0.0,0.0,0.0,0.0,0.0,0.0,0.0
QNC,0.0,0.0,0.0,0.0,0.0,0.0,0.0,0.0,0.0,0.6931471805599453,0.27465307216702745,0.0,0.0,0.0,0.0,0.0
QNE,1.6094379124341003,0.0,0.9241962407465937,1.9459101490553132,0.5493061443340549,0.5493061443340549,0.6931471805599453,1.3862943611198906,0.6931471805599453,1.3862943611198906,0.0,0.5493061443340549,1.9459101490553132,1.6094379124341003,0.0,0.9241962407465937
QNF,0.0,0.0,0.0,0.0,0.0,0.0,0.0,0.0,0.0,0.0,0.0,0.0,0.0,0.0,0.0,0.0
QNH,0.0,2.1972245773362196,1.433407575382444,1.791759469228055,2.1581057455185335,1.9459101490553132,2.0794415416798357,0.0,2.0794415416798357,0.6931471805599453,0.0,1.6215917908794277,1.791759469228055,0.0,0.0,1.791759469228055
QNL,0.0,0.0,0.0,0.0,0.0,0.6931471805599453,0.5493061443340549,0.6931471805599453,0.0,0.0,0.0,0.6931471805599453,0.0,1.0986122886681098,0.0,0.0
QNM,0.0,0.0,0.0,0.0,0.0,1.433407575382444,0.9241962407465937,1.0986122886681098,0.0,0.648636716351771,0.0,0.0,0.0,0.0,0.0,0.0
QNN,0.0,0.0,0.0,0.0,0.0,0.0,0.0,0.0,0.0,0.0,0.6931471805599453,0.9241962407465937,0.0,0.0,1.0986122886681098,0.0
QNP,0.0,0.0,0.0,0.0,0.0,0.0,0.0,0.0,0.0,0.0,0.0,0.0,0.0,0.0,0.0,0.0
QNQ,0.0,0.0,0.0,0.0,0.0,0.0,0.0,0.0,0.0,0.0,0.0,0.0,0.0,0.0,0.0,0.0
QNR,1.922571505169192,1.8072048362094548,0.891189232148501,1.9183162182386966,1.770758340035135,0.358351893845611,0.511685576220899,1.0986122886681098,0.46209812037329684,0.29706307738283366,0.7737286288863456,1.3732653608351373,1.5350567286626973,1.5813042316832728,0.716703787691222,1.4853153869141684
QNT,0.0,0.0,0.0,0.0,0.0,0.0,0.6931471805599453,0.0,0.0,0.0,0.6931471805599453,1.3862943611198906,0.0,0.0,1.0986122886681098,0.0
QNV,0.0,0.0,0.0,0.0,0.0,0.0,0.0,0.0,0.0,0.0,0.0,0.0,0.0,0.0,0.0,0.0
QPD,0.21374577978846138,3.1690739096195473,0.0,0.0,3.258096538021482,2.0591494738871763,0.0,0.0,0.0,1.1901530767807735,0.0,0.0,0.0,0.0,0.0,0.0
QPE,0.0,0.0,0.0,0.0,0.0,0.0,0.0,0.0,0.0,0.0,0.0,0.0,0.0,0.0,0.0,0.0
QPG,0.0,0.0,1.0986122886681098,0.0,0.6931471805599453,0.5493061443340549,1.2070784343255752,0.0,0.0,0.6931471805599453,1.0986122886681098,0.0,0.0,0.0,0.0,0.0
QPI,0.0,0.0,0.0,0.0,0.0,0.0,0.0,0.0,0.42749155957692275,0.8239592165010823,4.74493212836325,0.0,0.0,0.0,0.0,0.0
QPK,0.6931471805599453,0.0,0.6931471805599453,0.0,0.0,0.0,0.0,0.0,0.0,0.0,0.6931471805599453,0.6931471805599453,0.0,0.0,0.0,0.0
QPL,0.0,0.0,0.8047189562170501,1.0986122886681098,0.9241962407465937,0.0,1.2070784343255752,0.0,0.0,1.0986122886681098,1.433407575382444,2.2590060452618186,1.6094379124341003,1.2070784343255752,1.3862943611198906,1.782378464297002
QPQ,0.0,0.0,0.5493061443340549,0.0,0.0,0.0,0.5493061443340549,1.0986122886681098,1.0986122886681098,0.9241962407465937,0.6931471805599453,0.6931471805599453,0.6931471805599453,0.0,1.3862943611198906,0.6931471805599453
QPR,0.6931471805599453,0.6931471805599453,0.6931471805599453,0.0,0.0,1.0986122886681098,0.0,1.0986122886681098,1.0986122886681098,0.6931471805599453,1.3862943611198906,0.6931471805599453,0.0,1.0986122886681098,0.6931471805599453,0.0
QPS,0.0,0.0,0.0,0.9241962407465937,0.5493061443340549,0.0,0.0,1.2070784343255752,0.0,0.0,3.912023005428146,3.294639158219482,0.0,0.0,3.62410307404143,3.4657359027997265
QPT,1.8270396897336403,0.716703787691222,1.6785266909588594,1.1882523095313346,1.297273432703542,0.46209812037329684,1.1882523095313346,0.0,1.9629593194442934,1.8072048362094548,1.2792139405522478,1.433407575382444,0.9241962407465937,0.0,1.6094379124341003,1.3862943611198906
QPV,0.0,0.0,0.0,0.5493061443340549,0.0,0.0,0.0,0.0,0.5493061443340549,0.0,0.0,0.0,0.0,0.0,0.6931471805599453,0.6931471805599453
QPY,0.0,0.648636716351771,0.0,0.0,0.8047189562170501,0.0,0.9241962407465937,0.0,0.0,1.0986122886681098,0.0,0.0,0.0,0.0,0.0,0.0
QQI,0.0,0.0,0.0,0.0,0.0,0.0,0.0,0.0,0.0,0.0,0.0,0.0,0.0,0.0,0.0,0.0
QQK,0.0,0.0,0.0,0.0,0.0,0.0,0.0,0.0,0.0,0.0,0.0,0.0,0.0,0.0,0.0,0.0
QQL,0.0,0.0,0.0,0.0,0.0,0.0,0.0,0.0,0.0,0.0,0.0,0.0,0.0,0.0,0.0,0.0
QQP,0.0,0.0,0.0,0.0,0.0,0.0,0.6931471805599453,0.0,0.0,0.0,0.0,0.6931471805599453,0.0,0.5493061443340549,0.6931471805599453,0.0
QQR,0.0,0.0,0.0,0.0,0.0,0.0,0.0,0.0,0.0,0.0,0.0,0.0,0.0,0.0,0.0,0.0
QQS,2.8671249534589043,2.1249100080421623,2.046742304883596,0.0,2.1265392627313178,1.0750556815368328,0.0,0.8239592165010823,0.46209812037329684,1.8483924814931874,0.0,1.782378464297002,0.0,0.0,1.6635532333438687,0.0
QQT,0.0,0.0,0.0,0.0,0.0,0.0,0.6931471805599453,0.0,0.6931471805599453,0.6931471805599453,0.0,0.0,0.0,0.0,0.5493061443340549,0.0
QQV,0.0,0.0,0.0,0.0,0.0,0.0,0.0,0.0,0.0,0.0,0.0,0.0,0.0,0.0,0.0,0.0
QQY,0.0,0.6931471805599453,0.6931471805599453,0.0,0.0,0.0,0.0,0.0,0.0,0.0,0.0,0.5493061443340549,0.6931471805599453,0.0,0.0,0.6931471805599453
QRC,0.0,0.0,0.0,0.0,0.0,0.0,0.0,0.0,0.0,0.0,0.0,0.0,0.0,0.0,0.0,0.0
QRD,0.0,0.0,0.0,0.0,0.0,0.0,0.0,0.0,0.0,0.0,0.0,0.0,0.0,0.0,0.0,0.0
QRE,0.0,0.0,0.0,0.0,0.0,0.0,0.0,0.0,0.0,0.0,1.1882523095313346,1.4853153869141684,0.0,0.0,1.6215917908794277,1.0986122886681098
QRF,0.0,0.0,0.0,0.0,0.0,0.6931471805599453,0.6931471805599453,0.5493061443340549,0.0,0.0,0.0,0.9241962407465937,0.0,0.6931471805599453,0.6931471805599453,0.0
QRG,1.3862943611198906,0.0,0.6931471805599453,0.6931471805599453,0.0,0.0,0.0,0.5493061443340549,0.6931471805599453,0.0,1.0986122886681098,0.6931471805599453,0.0,0.0,1.3862943611198906,1.0986122886681098
QRK,0.0,1.3862943611198906,0.0,0.0,0.0,0.5493061443340549,1.433407575382444,0.0,0.6931471805599453,0.9241962407465937,1.6094379124341003,1.0986122886681098,1.3862943611198906,0.0,0.0,0.0
QRL,1.6094379124341003,0.6931471805599453,0.9241962407465937,0.0,1.0986122886681098,1.0986122886681098,0.5493061443340549,0.0,0.5493061443340549,0.8047189562170501,0.0,0.9241962407465937,0.0,1.0986122886681098,0.8047189562170501,0.0
QRM,0.0,1.3862943611198906,1.3862943611198906,0.6931471805599453,2.0794415416798357,1.6215917908794277,1.9459101490553132,1.2070784343255752,1.0986122886681098,1.5350567286626973,1.297273432703542,2.302585092994046,0.6931471805599453,1.297273432703542,2.302585092994046,0.0
QRQ,1.0986122886681098,0.40235947810852507,0.6931471805599453,0.0,0.0,0.0,0.5493061443340549,0.9241962407465937,1.0986122886681098,0.6931471805599453,1.0986122886681098,0.8047189562170501,0.0,0.0,1.0986122886681098,0.0
QRR,0.0,0.0,0.6931471805599453,0.5493061443340549,0.0,0.0,0.6931471805599453,0.0,1.0986122886681098,0.0,0.0,0.0,0.0,0.6931471805599453,1.0986122886681098,0.0
QRT,0.0,0.0,0.0,0.0,0.0,0.0,0.0,0.0,0.0,0.0,0.0,0.0,0.0,0.0,0.0,0.0
QSA,0.0,0.0,0.6931471805599453,0.0,0.6931471805599453,0.0,0.0,0.0,0.0,0.6931471805599453,0.0,0.0,0.0,0.0,0.0,0.0
QSE,0.716703787691222,0.0,0.0,0.648636716351771,0.0,0.0,0.6931471805599453,0.46209812037329684,0.0,0.5493061443340549,0.0,0.6931471805599453,0.648636716351771,0.0,0.0,0.0
QSG,0.0,0.0,0.0,0.0,0.0,0.0,0.0,0.0,0.0,0.0,0.0,0.0,0.0,0.0,0.0,0.0
QSI,0.0,0.0,0.0,0.0,0.0,0.0,0.6931471805599453,0.6931471805599453,0.0,0.0,0.0,0.0,0.0,0.5493061443340549,0.0,0.0
QSL,0.0,0.0,1.0986122886681098,0.0,0.0,0.0,0.6931471805599453,0.0,0.6931471805599453,0.6931471805599453,0.6931471805599453,0.0,0.0,0.0,0.0,0.0
QSN,0.0,0.0,0.0,0.0,0.0,0.0,0.0,0.5493061443340549,0.0,0.5493061443340549,1.0986122886681098,0.0,0.0,0.0,1.0986122886681098,0.0
QSP,0.0,0.0,0.0,0.0,0.0,0.0,0.0,0.0,0.0,0.0,0.0,0.0,0.0,0.0,0.0,0.0
QSS,0.9671607861079322,2.850449287208318,0.406008819940809,1.2792139405522478,2.033105440735637,3.860900256939511,1.1901530767807735,0.22590060452618185,0.6090132299112135,2.302585092994046,3.0841392122488336,0.9729550745276566,1.297273432703542,1.1295030226309093,0.40235947810852507,0.812017639881618
QST,0.0,0.0,0.0,0.0,0.0,0.0,0.0,0.0,0.0,0.0,0.0,0.0,0.0,0.0,0.0,0.0
QSV,2.351203577673075,2.049711555589573,1.624035279763236,0.0,1.0750556815368328,1.297273432703542,0.0,0.9036024181047274,0.358351893845611,1.8920414359288362,0.0,1.218026459822427,0.0,0.0,1.700218681115391,0.0
QSY,3.1354942159291497,2.9974488149797636,2.351203577673075,0.0,2.9929717515687337,1.6785266909588594,1.433407575382444,1.1882523095313346,0.47957905455967414,2.617279092592391,0.0,1.6479184330021646,0.0,0.0,2.033231729642506,0.0
QTA,0.0,0.0,0.0,0.3243183581758855,0.5493061443340549,0.0,0.0,0.0,0.46209812037329684,0.0,0.0,0.6931471805599453,0.0,0.0,0.6931471805599453,0.46209812037329684
QTD,0.0,1.9459101490553132,0.5493061443340549,0.0,0.29706307738283366,0.0,0.0,0.0,0.5493061443340549,0.0,0.0,0.0,1.791759469228055,0.0,0.0,1.791759469228055
QTF,0.0,0.0,0.0,0.0,0.0,0.0,0.0,0.0,0.0,0.0,1.0986122886681098,0.6931471805599453,0.0,0.0,0.0,0.0
QTG,0.9241962407465937,0.8047189562170501,0.0,1.3862943611198906,0.8047189562170501,0.6931471805599453,1.3862943611198906,0.6931471805599453,0.716703787691222,1.0986122886681098,0.5493061443340549,0.0,0.6931471805599453,1.2070784343255752,0.0,0.6931471805599453
QTI,0.0,0.0,1.3862943611198906,0.0,0.0,0.0,0.6931471805599453,0.0,1.0986122886681098,0.6931471805599453,0.6931471805599453,0.0,0.0,0.0,0.0,0.0
QTK,0.0,0.0,0.0,0.0,0.0,0.0,0.6931471805599453,0.0,0.6931471805599453,0.6931471805599453,0.0,0.0,0.0,0.0,0.6931471805599453,0.5493061443340549
QTL,0.5493061443340549,0.0,0.5493061443340549,0.0,0.6931471805599453,0.0,0.0,0.0,0.0,1.0986122886681098,1.0750556815368328,0.0,0.0,0.0,0.0,0.0
QTR,1.0986122886681098,0.0,1.433407575382444,0.0,0.0,0.0,0.0,0.0,1.1882523095313346,0.9241962407465937,0.0,0.0,0.0,0.0,0.0,0.0
QTV,1.2070784343255752,0.716703787691222,0.40235947810852507,0.6931471805599453,0.0,0.0,0.6931471805599453,0.0,1.2070784343255752,0.0,0.9729550745276566,1.2070784343255752,0.0,0.5493061443340549,1.2070784343255752,0.0
QVA,0.0,0.40235947810852507,0.0,0.0,0.5493061443340549,0.648636716351771,0.716703787691222,1.0986122886681098,0.0,0.648636716351771,0.8047189562170501,0.648636716351771,0.0,0.46209812037329684,0.5941261547656673,0.0
QVD,0.0,0.0,0.0,0.0,0.0,0.0,0.0,0.6931471805599453,0.0,0.0,0.0,0.0,0.0,0.0,0.0,3.044522437723423
QVE,0.0,0.0,0.0,0.0,0.0,0.0,0.0,0.0,0.0,0.0,0.0,0.0,0.0,0.0,0.0,0.0
QVF,0.0,0.0,0.0,0.0,0.0,0.0,0.0,0.0,0.0,0.0,0.0,0.0,0.0,0.0,0.0,0.0
QVG,0.0,0.0,0.0,0.0,0.0,0.0,0.0,0.0,0.0,0.0,0.0,0.0,0.0,0.0,0.0,0.0
QVI,0.0,0.0,0.0,0.0,0.0,0.0,0.0,0.0,0.0,0.0,0.0,0.0,0.0,0.0,0.0,0.0
QVK,0.0,0.0,0.5493061443340549,0.0,0.0,0.0,0.0,0.0,0.0,0.5493061443340549,0.0,0.46209812037329684,0.5493061443340549,0.0,0.0,0.0
QVL,0.0,0.5493061443340549,0.6931471805599453,1.0986122886681098,0.9241962407465937,0.0,0.6931471805599453,0.5493061443340549,1.0986122886681098,1.2070784343255752,0.6931471805599453,0.5493061443340549,0.0,0.0,1.433407575382444,0.5493061443340549
QVM,0.0,0.0,0.0,0.6931471805599453,0.0,0.0,0.0,1.3862943611198906,0.46209812037329684,1.3862943611198906,1.6079730953829978,3.0475412213530206,0.0,0.0,2.0477251076892053,3.1687099775789975
QVN,0.0,0.0,1.6094379124341003,0.0,0.0,0.0,0.0,0.0,1.0986122886681098,0.46209812037329684,0.0,0.0,0.0,0.0,0.0,0.0
QVP,0.0,0.0,0.0,0.0,0.0,0.0,0.0,0.6931471805599453,0.0,0.0,0.0,0.0,0.0,0.6931471805599453,0.0,0.0
QVQ,0.0,0.0,0.0,0.0,0.0,0.0,0.0,0.0,0.0,0.0,0.0,0.0,0.0,0.0,0.0,0.0
QVR,0.0,0.716703787691222,0.9241962407465937,1.0986122886681098,0.0,0.0,0.716703787691222,0.0,0.0,1.0986122886681098,0.0,1.0986122886681098,2.1972245773362196,0.0,0.0,1.6094379124341003
QVS,0.6931471805599453,0.6931471805599453,0.0,0.0,0.0,0.0,0.0,0.6931471805599453,0.0,0.0,0.0,0.0,0.0,0.0,0.0,0.0
QVT,0.0,0.0,0.0,0.0,0.0,0.0,0.0,0.0,0.0,0.0,0.5493061443340549,0.5493061443340549,0.0,0.0,0.5493061443340549,0.5493061443340549
QVV,0.0,0.0,0.0,0.0,0.0,0.0,0.0,0.0,0.0,0.0,0.20913812126408315,1.966785503324895,0.0,0.0,0.39097158456257786,1.87024054922693
QVY,0.0,0.6931471805599453,0.0,0.0,0.0,0.6931471805599453,0.0,0.6931471805599453,0.0,0.0,0.0,0.0,0.0,0.6931471805599453,0.0,0.0
QWK,0.0,0.0,0.0,0.0,0.0,0.0,0.0,0.0,0.0,0.0,0.0,0.0,0.0,0.0,0.0,0.0
QWL,0.0,0.0,0.0,0.0,0.0,0.0,0.5493061443340549,0.0,0.0,0.6931471805599453,0.9241962407465937,0.891189232148501,0.0,0.0,1.0750556815368328,0.648636716351771
QWN,0.0,0.0,2.5649493574615367,0.0,0.0,0.0,0.0,0.0,2.772588722239781,0.0,2.833213344056216,0.0,0.0,0.0,0.0,0.0
QWP,1.2824746787307684,1.770758340035135,0.0,2.3978952727983707,0.0,3.9462036612203795,1.4722194895832201,0.0,1.4962204585192298,1.1295030226309093,0.0,0.0,2.3650517949110452,1.4387371636790223,0.9729550745276566,0.5100656043346173
QWT,0.0,0.0,0.0,0.0,0.0,3.020131984758291,0.0,2.3138284080818816,0.0,0.0,0.0,0.0,0.0,0.0,0.0,2.270079664070115
QYA,0.0,3.0325027583292057,0.22590060452618185,0.0,3.0325027583292057,1.8872763037076763,0.0,2.4272669662954716,0.0,3.79632796501567,0.0,0.0,0.0,0.0,3.9889840465642745,3.4161800204215464
QYE,0.6931471805599453,0.0,0.40235947810852507,0.6931471805599453,1.2070784343255752,1.3862943611198906,0.0,0.0,0.0,0.0,1.2070784343255752,0.358351893845611,0.46209812037329684,0.0,0.0,0.0
QYF,0.0,0.0,0.0,0.0,0.0,0.6931471805599453,0.6931471805599453,0.0,0.0,0.0,0.9241962407465937,0.8047189562170501,0.6931471805599453,0.0,0.0,1.3862943611198906
QYG,0.0,0.0,0.0,0.0,0.0,0.0,0.0,0.0,0.0,0.0,0.0,0.0,0.0,0.0,0.0,0.0
QYI,0.0,1.0986122886681098,0.0,0.0,0.0,2.436052919644854,0.0,0.0,0.0,0.0,2.351203577673075,0.0,0.6931471805599453,0.0,0.0,0.0
QYK,0.0,0.0,0.0,1.0986122886681098,0.0,0.6931471805599453,0.6931471805599453,0.6931471805599453,1.0986122886681098,0.0,0.46209812037329684,0.0,0.0,0.5493061443340549,0.6931471805599453,1.0986122886681098
QYL,0.0,0.0,0.0,0.0,0.0,0.0,0.0,0.0,0.0,0.0,0.0,0.0,0.0,0.0,0.0,0.0
QYM,0.0,2.137457797884614,0.0,0.8047189562170501,0.0,4.170087006425905,0.41452876048016685,0.0,0.47957905455967414,1.9237120180961527,4.163900124214198,0.0,2.351203577673075,1.709966238307691,0.7193685818395111,0.6090132299112135
QYN,0.0,2.3978952727983707,0.0,1.0750556815368328,0.0,0.9842331761151738,0.891189232148501,0.0,0.5941261547656673,1.6479184330021646,0.0,0.0,2.1277537294374507,1.9459101490553132,1.2070784343255752,0.5493061443340549
QYR,0.0,0.0,0.6931471805599453,0.0,0.0,0.0,0.6931471805599453,0.0,0.5493061443340549,1.0986122886681098,1.9459101490553132,1.6094379124341003,0.0,0.0,1.433407575382444,0.0
QYS,0.0,0.6931471805599453,0.6931471805599453,0.0,0.0,0.0,0.0,0.0,0.0,0.0,0.0,0.6931471805599453,0.6931471805599453,0.0,0.0,0.5493061443340549
QYV,0.0,0.6931471805599453,0.0,0.0,0.0,0.0,0.6931471805599453,0.0,0.46209812037329684,0.0,0.6931471805599453,0.0,0.0,0.0,0.0,0.0
RAC,0.648636716351771,0.0,0.0,0.0,0.0,0.0,0.6931471805599453,0.46209812037329684,0.0,0.46209812037329684,0.0,0.6931471805599453,0.9729550745276566,0.0,0.0,0.5493061443340549
RAD,0.0,0.0,0.6931471805599453,0.0,0.0,0.0,0.5493061443340549,0.6931471805599453,1.0986122886681098,1.0986122886681098,1.9459101490553132,1.6094379124341003,0.0,0.6931471805599453,1.6215917908794277,0.0
RAE,0.0,0.0,0.0,0.0,0.0,0.0,0.0,0.0,0.0,0.0,0.0,0.0,0.0,0.0,0.0,0.0
RAF,0.511685576220899,0.648636716351771,1.023371152441798,0.8047189562170501,0.0,0.0,0.648636716351771,0.716703787691222,2.2330485096744495,0.0,1.5350567286626973,0.0,0.648636716351771,0.9241962407465937,0.891189232148501,0.0
RAG,0.0,0.6931471805599453,0.9241962407465937,0.0,1.0986122886681098,1.0986122886681098,0.6931471805599453,1.2070784343255752,0.0,1.6094379124341003,0.5493061443340549,0.6931471805599453,0.6931471805599453,1.0986122886681098,1.2070784343255752,1.0986122886681098
RAI,0.0,0.0,0.6931471805599453,0.0,0.6931471805599453,0.0,0.0,1.0986122886681098,0.0,0.0,0.5493061443340549,0.0,0.0,1.0986122886681098,0.0,0.0
RAK,0.6931471805599453,0.0,1.2070784343255752,0.0,1.2070784343255752,0.5493061443340549,0.0,0.0,0.5493061443340549,1.0986122886681098,1.355403627157091,0.0,0.0,0.0,0.0,0.0
RAL,0.891189232148501,0.9241962407465937,1.5350567286626973,1.0986122886681098,0.40235947810852507,0.0,0.716703787691222,0.0,1.6479184330021646,0.0,0.0,1.5350567286626973,2.046742304883596,0.0,0.47957905455967414,2.1972245773362196
RAM,0.0,0.0,0.0,0.6931471805599453,0.0,0.0,0.0,0.6931471805599453,0.6931471805599453,0.0,0.0,0.0,0.0,1.0986122886681098,0.6931471805599453,1.0986122886681098
RAN,0.0,0.0,0.0,0.0,0.0,0.0,0.0,0.0,0.0,0.0,0.0,0.0,0.0,0.0,0.0,0.0
RAP,0.0,0.0,0.0,0.0,0.0,0.6931471805599453,0.6931471805599453,0.6931471805599453,0.0,0.0,0.0,0.6931471805599453,0.0,0.6931471805599453,0.6931471805599453,0.0
RAR,2.046742304883596,0.9241962407465937,0.5493061443340549,2.302585092994046,1.297273432703542,0.5493061443340549,0.5493061443340549,1.2070784343255752,1.3862943611198906,0.716703787691222,0.6931471805599453,0.5493061443340549,1.433407575382444,1.6094379124341003,1.6094379124341003,1.9459101490553132
RAS,0.0,0.0,0.0,0.0,0.0,0.0,0.0,0.0,0.0,0.0,0.0,0.0,0.0,0.0,0.0,0.0
RAT,0.0,0.648636716351771,0.5493061443340549,1.6094379124341003,0.6931471805599453,1.791759469228055,1.3862943611198906,1.3862943611198906,1.297273432703542,1.0986122886681098,1.2070784343255752,0.8047189562170501,1.0986122886681098,0.9729550745276566,1.1882523095313346,1.6094379124341003
RAV,0.0,0.0,0.0,0.9241962407465937,0.0,0.0,0.0,0.0,0.0,0.0,1.297273432703542,1.791759469228055,1.791759469228055,0.0,1.2070784343255752,2.3978952727983707
RCD,0.0,0.0,0.0,0.0,0.0,0.0,0.0,0.0,0.0,0.0,0.0,0.0,0.0,0.0,0.0,0.0
RCE,0.0,1.6094379124341003,1.782378464297002,0.0,1.0986122886681098,0.0,0.0,0.8047189562170501,1.0986122886681098,0.0,0.0,1.9459101490553132,1.297273432703542,1.0986122886681098,0.0,1.9459101490553132
RCF,0.0,0.0,0.0,0.0,0.0,0.0,0.0,0.0,0.0,0.0,0.0,0.0,0.0,0.0,0.0,0.0
RCK,0.0,0.0,0.0,0.0,0.0,0.0,0.0,0.0,0.0,0.0,0.0,0.0,0.0,0.0,0.0,0.0
RCS,0.0,0.0,0.0,0.5493061443340549,0.0,0.0,0.0,0.0,0.6931471805599453,0.0,0.0,0.0,0.0,0.0,1.0986122886681098,0.0
RCV,0.0,0.0,0.0,0.0,0.0,0.0,0.0,0.0,0.0,0.0,0.0,0.0,0.0,0.0,0.0,0.0
RCW,0.0,0.0,0.0,0.0,0.0,0.0,0.0,0.0,0.0,0.0,0.0,0.0,0.0,0.0,0.0,0.0
RDA,0.0,0.0,0.0,0.0,0.0,0.0,0.0,0.0,0.0,0.0,0.0,0.0,0.0,0.0,0.0,0.0
RDC,0.0,0.0,0.0,0.6931471805599453,0.0,0.0,0.0,0.0,0.0,0.0,0.0,0.0,0.0,0.0,0.6931471805599453,0.0
RDD,0.5493061443340549,0.46209812037329684,1.433407575382444,1.2070784343255752,0.5493061443340549,0.40235947810852507,0.6931471805599453,0.40235947810852507,1.2070784343255752,0.5941261547656673,0.4518012090523637,0.2850449287208318,1.0750556815368328,0.0,0.7737286288863456,0.7193685818395111
RDE,0.0,0.0,0.0,0.0,0.0,0.0,0.0,0.0,0.0,0.0,0.0,0.0,0.0,0.0,0.0,0.0
RDF,0.0,0.0,0.0,0.0,0.0,0.0,0.0,0.0,0.0,0.0,0.0,0.0,0.0,0.0,0.0,0.0
RDG,0.0,0.6931471805599453,0.8239592165010823,0.5493061443340549,0.40235947810852507,0.0,0.8047189562170501,0.6931471805599453,0.716703787691222,0.40235947810852507,1.0750556815368328,0.648636716351771,1.2070784343255752,0.6931471805599453,1.023371152441798,1.6094379124341003
RDH,0.0,0.0,0.0,0.0,0.0,0.0,0.6931471805599453,0.0,0.0,0.0,0.0,0.0,0.0,0.6931471805599453,0.0,0.0
RDI,1.8072048362094548,1.6785266909588594,1.922571505169192,0.0,0.8047189562170501,0.891189232148501,1.2070784343255752,1.297273432703542,0.8047189562170501,0.716703787691222,2.453699149305367,1.6094379124341003,2.0794415416798357,1.0986122886681098,2.1581057455185335,0.6777018135785455
RDL,0.0,0.40235947810852507,0.5802964716647593,0.6931471805599453,0.22590060452618185,0.358351893845611,0.5941261547656673,0.0,0.6090132299112135,0.9241962407465937,1.9459101490553132,1.0986122886681098,0.6931471805599453,0.0,1.433407575382444,0.716703787691222
RDM,0.9241962407465937,0.46209812037329684,0.0,0.0,0.0,0.46209812037329684,0.6931471805599453,0.0,0.46209812037329684,0.0,0.0,0.0,0.0,0.0,0.0,0.0
RDN,0.0,0.0,0.0,0.0,0.0,0.0,0.0,0.0,0.0,0.0,0.3243183581758855,0.358351893845611,0.0,0.0,0.40235947810852507,0.5493061443340549
RDP,0.0,0.0,0.6931471805599453,0.0,1.0986122886681098,0.9241962407465937,0.0,0.0,0.0,0.6931471805599453,1.3862943611198906,0.0,0.0,0.0,0.0,0.0
RDR,0.0,0.0,0.0,0.0,0.0,0.6931471805599453,0.0,0.0,0.0,0.6931471805599453,0.0,0.0,0.0,0.0,0.0,0.0
RDS,0.0,0.9241962407465937,0.46209812037329684,0.0,0.46209812037329684,0.0,0.5493061443340549,0.46209812037329684,0.6931471805599453,0.0,1.3862943611198906,0.716703787691222,0.0,0.0,0.9729550745276566,0.8047189562170501
RDT,0.0,0.6931471805599453,0.5493061443340549,1.0986122886681098,0.5493061443340549,1.0986122886681098,1.2070784343255752,0.6931471805599453,1.3862943611198906,1.0986122886681098,1.3862943611198906,0.0,0.0,0.8047189562170501,0.6931471805599453,1.0986122886681098
RDV,0.0,0.0,0.0,0.0,0.0,0.5493061443340549,0.0,0.5493061443340549,0.0,0.0,0.0,0.0,0.0,0.46209812037329684,0.0,0.0
RDW,0.0,0.0,0.0,0.0,0.0,1.297273432703542,1.0986122886681098,0.0,0.46209812037329684,0.8047189562170501,0.0,0.0,0.0,0.0,0.0,0.0
RDY,0.0,0.0,0.0,0.0,0.0,0.0,0.0,0.0,0.0,0.0,0.0,0.0,0.0,0.0,0.0,0.0
RED,0.0,0.6931471805599453,0.6931471805599453,0.6931471805599453,0.6931471805599453,1.0986122886681098,0.0,0.6931471805599453,0.5493061443340549,0.5493061443340549,0.6931471805599453,0.0,0.0,0.5493061443340549,0.6931471805599453,0.6931471805599453
REE,0.8047189562170501,0.0,0.6931471805599453,0.716703787691222,0.0,0.0,0.0,1.2070784343255752,0.5493061443340549,0.46209812037329684,0.0,0.0,1.791759469228055,0.891189232148501,0.5493061443340549,0.6931471805599453
REF,0.6931471805599453,0.5493061443340549,0.6931471805599453,0.0,0.9241962407465937,0.358351893845611,0.46209812037329684,0.0,0.0,1.0986122886681098,0.40235947810852507,0.0,0.0,0.6931471805599453,0.0,0.6931471805599453
REG,0.0,0.0,0.0,1.0986122886681098,0.0,0.0,0.0,0.5493061443340549,0.40235947810852507,0.0,0.0,0.0,0.6931471805599453,0.46209812037329684,0.6931471805599453,0.716703787691222
REH,0.0,0.0,0.0,0.0,0.0,0.0,0.0,0.0,0.0,0.0,0.0,0.0,0.0,0.0,0.0,0.0
REI,0.0,0.0,0.0,0.0,0.0,0.0,0.0,0.0,0.0,0.0,0.0,0.0,0.0,0.0,0.0,0.0
REK,0.6931471805599453,0.6931471805599453,0.6931471805599453,0.6931471805599453,0.6931471805599453,0.6931471805599453,0.0,0.6931471805599453,0.6931471805599453,0.0,0.0,0.0,0.6931471805599453,0.0,0.0,1.0986122886681098
REL,2.9506361727958503,1.9789395845202251,2.5482766946873254,2.4849066497880004,0.5493061443340549,2.18102489515689,1.030196161345544,0.14719249777896742,2.0760513646207226,1.709966238307691,1.8721606602154754,0.0,2.780859035879416,1.1775399822317394,0.9671607861079322,0.7611306094308558
REN,1.433407575382444,1.0986122886681098,1.4853153869141684,0.0,0.5493061443340549,0.0,0.6931471805599453,0.0,0.6931471805599453,1.0986122886681098,2.2330485096744495,1.433407575382444,1.0750556815368328,0.0,1.3862943611198906,0.0
REP,0.6931471805599453,0.6931471805599453,0.6931471805599453,0.0,0.0,1.0986122886681098,0.0,1.0986122886681098,0.6931471805599453,0.6931471805599453,1.0986122886681098,0.6931471805599453,0.0,1.0986122886681098,0.6931471805599453,0.0
RER,1.791759469228055,1.0986122886681098,1.6479184330021646,0.9241962407465937,0.9729550745276566,0.46209812037329684,0.9729550745276566,1.6785266909588594,2.046742304883596,1.2792139405522478,1.5813042316832728,0.9591581091193483,0.40235947810852507,1.297273432703542,2.1581057455185335,0.891189232148501
RES,0.40235947810852507,0.0,0.6931471805599453,0.40235947810852507,0.46209812037329684,1.0986122886681098,0.6931471805599453,0.46209812037329684,0.0,1.0986122886681098,0.0,0.6931471805599453,1.0750556815368328,0.0,0.0,0.5493061443340549
RET,0.9814796597221467,1.355403627157091,0.5941261547656673,0.40235947810852507,2.9320667083294443,0.0,0.0,2.462936034996733,1.2824746787307684,3.459371116130456,1.9135024711265767,0.9241962407465937,0.5493061443340549,0.0,3.435054161701485,3.366657777705761
REW,0.0,0.0,0.0,0.0,0.0,0.0,0.0,0.0,0.0,0.0,1.9459101490553132,1.782378464297002,0.0,0.0,1.9459101490553132,1.3862943611198906
REY,0.0,0.0,0.6931471805599453,0.0,1.0986122886681098,0.9241962407465937,0.0,0.0,0.0,0.6931471805599453,0.0,0.0,0.0,0.0,0.0,0.0
RFA,0.0,0.0,0.5493061443340549,0.0,0.5493061443340549,0.0,0.0,0.0,0.46209812037329684,0.0,0.5941261547656673,0.6931471805599453,0.0,0.6931471805599453,0.6931471805599453,0.0
RFD,0.0,0.0,0.0,0.0,0.6931471805599453,0.5493061443340549,0.0,0.0,0.0,0.0,0.0,0.0,0.0,0.0,0.0,0.0
RFE,0.0,0.0,0.0,0.0,0.0,0.0,0.0,0.0,0.0,0.0,0.716703787691222,0.716703787691222,0.46209812037329684,0.0,0.40235947810852507,0.5941261547656673
RFG,0.0,0.0,0.0,0.648636716351771,0.0,0.46209812037329684,0.46209812037329684,0.29706307738283366,0.0,0.0,0.0,0.5493061443340549,0.0,0.40235947810852507,0.891189232148501,0.5493061443340549
RFI,0.0,0.0,0.8047189562170501,0.6931471805599453,0.0,0.5493061443340549,0.5493061443340549,0.6931471805599453,0.0,1.0986122886681098,0.8047189562170501,0.716703787691222,0.9241962407465937,0.0,0.40235947810852507,0.716703787691222
RFK,1.0986122886681098,1.0986122886681098,1.0986122886681098,1.0986122886681098,1.0986122886681098,0.0,0.0,1.0986122886681098,0.0,0.8047189562170501,0.0,0.0,1.0986122886681098,0.0,0.0,0.0
RFL,0.0,0.0,0.0,0.0,0.0,0.0,0.0,0.0,0.0,0.0,0.6931471805599453,1.3862943611198906,0.0,0.0,0.9241962407465937,0.5493061443340549
RFM,0.0,0.0,0.0,0.0,0.0,0.0,0.0,0.0,0.0,0.0,0.0,0.0,0.0,0.0,0.0,0.0
RFP,1.1882523095313346,0.0,0.9241962407465937,1.0750556815368328,0.358351893845611,0.29706307738283366,0.0,0.9241962407465937,0.0,0.716703787691222,0.0,0.0,1.3862943611198906,0.9241962407465937,0.0,0.6931471805599453
RFR,1.3862943611198906,0.5493061443340549,0.5493061443340549,0.0,0.0,0.6931471805599453,0.6931471805599453,1.2070784343255752,0.6931471805599453,0.6931471805599453,1.0986122886681098,1.2070784343255752,0.6931471805599453,1.0986122886681098,1.3862943611198906,1.0986122886681098
RFS,0.0,0.0,0.0,0.0,0.0,0.0,0.0,0.0,0.0,0.0,0.5493061443340549,1.0986122886681098,0.0,0.0,0.0,0.40235947810852507
RFT,0.0,0.4518012090523637,1.7908995167731467,0.0,0.8047189562170501,2.436052919644854,0.5802964716647593,0.9241962407465937,0.7675283643313486,1.416606672028108,1.4210308697928313,0.27465307216702745,0.8047189562170501,0.9241962407465937,0.511685576220899,0.40235947810852507
RFV,0.0,0.0,0.0,0.0,0.0,0.0,0.0,0.0,0.0,0.0,0.0,0.0,0.0,0.0,0.0,0.0
RFY,0.0,0.0,0.0,0.0,0.0,0.0,0.0,0.0,0.0,0.0,0.0,0.0,0.0,0.0,0.0,0.0
RGA,3.091042453358316,2.5254718724898555,2.5649493574615367,0.0,2.9017013233611677,3.4228953985696435,3.5733986367231556,3.6961852238271384,2.9017013233611677,3.5201764036448937,1.5495073406201676,2.833213344056216,0.0,2.9929717515687337,3.6375861597263857,3.6961852238271384
RGC,0.0,1.3862943611198906,1.7908995167731467,0.0,1.2070784343255752,0.0,1.0986122886681098,0.8047189562170501,0.9729550745276566,0.648636716351771,0.6931471805599453,1.782378464297002,1.6094379124341003,0.9241962407465937,0.0,1.9459101490553132
RGD,0.0,0.5493061443340549,0.358351893845611,0.0,1.0986122886681098,0.0,0.648636716351771,0.0,0.5493061443340549,1.0750556815368328,0.6411564590211203,0.5527050139735558,0.0,0.0,0.41452876048016685,0.3868643144431728
RGE,0.0,0.6931471805599453,0.0,0.5493061443340549,0.0,0.0,0.0,1.0986122886681098,0.9241962407465937,0.5493061443340549,0.0,0.9241962407465937,0.0,0.0,1.3732653608351373,1.0750556815368328
RGF,2.9155479968499836,2.8385445827418403,1.8483924814931874,0.0,2.780859035879416,1.4387371636790223,3.0423109532347654,1.1882523095313346,1.8776775645064505,2.778344655758188,0.5493061443340549,1.416606672028108,0.5493061443340549,0.0,2.1265392627313178,0.5493061443340549
RGG,0.0,1.297273432703542,0.0,1.6094379124341003,1.6094379124341003,1.3862943611198906,1.2070784343255752,0.0,0.3243183581758855,0.5493061443340549,1.6215917908794277,0.46209812037329684,0.5493061443340549,0.716703787691222,0.716703787691222,1.0986122886681098
RGH,0.0,0.0,0.0,0.0,0.0,0.0,0.6931471805599453,0.0,0.0,0.0,1.0986122886681098,0.6931471805599453,0.0,0.0,0.0,0.0
RGI,0.0,0.5493061443340549,0.0,0.0,0.0,0.0,0.0,0.6931471805599453,0.46209812037329684,0.0,0.0,1.3862943611198906,0.0,0.0,1.6094379124341003,0.8047189562170501
RGL,1.6094379124341003,1.922571505169192,2.9438499555793483,0.0,1.7908995167731467,1.6215917908794277,1.2070784343255752,0.0,2.5146180438806236,1.0986122886681098,0.6931471805599453,1.2792139405522478,0.0,1.791759469228055,0.0,0.0
RGN,1.3862943611198906,0.0,0.0,1.0986122886681098,0.0,0.0,0.0,0.0,0.6931471805599453,0.0,0.0,0.0,0.0,0.0,1.2070784343255752,0.9241962407465937
RGP,0.648636716351771,0.0,0.46209812037329684,0.5493061443340549,0.716703787691222,0.0,0.0,0.0,0.0,0.0,0.0,0.0,0.358351893845611,0.8047189562170501,0.0,0.8047189562170501
RGQ,1.9183162182386966,2.2330485096744495,1.3732653608351373,1.4853153869141684,1.9459101490553132,1.6357994328702448,1.1295030226309093,2.1581057455185335,1.1882523095313346,1.2792139405522478,1.2824746787307684,1.782378464297002,2.137457797884614,1.1295030226309093,1.3732653608351373,1.6215917908794277
RGR,1.0750556815368328,0.9241962407465937,1.3862943611198906,1.0750556815368328,0.716703787691222,0.46209812037329684,0.0,1.4853153869141684,0.9241962407465937,1.3862943611198906,0.8047189562170501,0.6931471805599453,1.6094379124341003,1.0750556815368328,0.5493061443340549,1.3732653608351373
RGS,0.0,1.3862943611198906,0.5545177444479562,0.0,1.709966238307691,1.2070784343255752,0.716703787691222,0.0,1.354025100551105,0.0,0.891189232148501,1.297273432703542,0.0,2.302585092994046,1.3862943611198906,0.6931471805599453
RGT,2.70805020110221,0.358351893845611,3.2188758248682006,0.0,0.648636716351771,3.124869177257822,3.3195209643356414,2.5131148098040326,1.922571505169192,0.1425224643604159,3.4684917402475626,0.0,0.0,2.8385445827418403,0.0,1.9250738008550292
RGV,0.0,0.0,0.0,0.0,0.0,0.0,0.0,0.0,0.0,0.0,0.6931471805599453,0.5493061443340549,0.0,0.5493061443340549,0.6931471805599453,0.0
RGW,0.0,0.0,0.0,0.0,0.0,0.0,0.0,0.0,0.0,0.0,0.0,0.0,0.0,0.0,0.0,0.0
RGY,0.0,0.6931471805599453,0.0,0.0,0.5493061443340549,0.0,0.0,0.0,0.0,0.5493061443340549,0.0,0.0,0.0,0.0,0.0,0.0
RHE,0.0,0.0,0.0,0.0,0.0,0.0,0.0,0.0,0.0,0.0,0.0,0.0,0.0,0.0,0.0,0.0
RHG,0.0,1.6094379124341003,1.4853153869141684,0.6931471805599453,1.0986122886681098,0.0,0.6931471805599453,0.46209812037329684,0.9241962407465937,0.0,0.5493061443340549,1.0986122886681098,1.6094379124341003,0.46209812037329684,0.8047189562170501,1.3862943611198906
RHH,0.0,0.0,0.0,0.0,0.0,0.0,0.0,0.0,0.0,0.0,0.0,0.0,0.0,0.0,0.0,0.0
RHM,0.0,0.0,0.5493061443340549,0.0,1.0986122886681098,0.0,0.0,0.0,0.0,0.6931471805599453,0.0,0.0,0.0,0.0,0.0,0.0
RHP,1.297273432703542,1.0986122886681098,0.0,1.2070784343255752,1.0750556815368328,0.5493061443340549,0.0,1.0986122886681098,0.6931471805599453,0.0,0.6931471805599453,0.5493061443340549,0.9729550745276566,1.6094379124341003,0.6931471805599453,0.9241962407465937
RHV,0.0,0.0,0.0,0.0,0.0,0.0,0.0,0.0,0.0,0.0,0.0,0.0,0.0,0.0,0.0,0.0
RIA,0.6931471805599453,0.0,0.40235947810852507,0.0,0.0,0.0,0.0,0.0,0.6931471805599453,0.0,0.0,0.0,0.0,0.0,0.0,0.0
RID,0.6931471805599453,0.0,0.9241962407465937,1.2070784343255752,0.9241962407465937,1.0986122886681098,1.6094379124341003,0.5493061443340549,0.0,0.6931471805599453,1.5350567286626973,2.2590060452618186,1.782378464297002,1.0986122886681098,0.648636716351771,2.4849066497880004
RIE,0.0,0.0,1.5350567286626973,0.0,1.9459101490553132,0.0,0.0,0.6931471805599453,0.0,0.0,0.0,1.6215917908794277,0.0,1.791759469228055,0.0,0.9241962407465937
RIF,0.0,0.0,0.0,0.0,0.0,0.0,0.0,0.0,0.0,0.0,0.0,0.0,0.0,0.0,0.0,0.0
RIG,0.8047189562170501,0.46209812037329684,0.9241962407465937,1.3862943611198906,0.9241962407465937,0.8047189562170501,0.46209812037329684,1.297273432703542,0.5493061443340549,1.6215917908794277,3.875835711785627,3.405342760846798,0.0,1.3862943611198906,3.134377060772674,3.085104544109176
RII,0.0,0.5493061443340549,0.6931471805599453,0.6931471805599453,0.0,0.0,1.0986122886681098,0.0,0.5493061443340549,0.0,1.433407575382444,0.0,0.5493061443340549,0.0,0.0,0.0
RIK,0.0,1.3862943611198906,0.46209812037329684,0.9241962407465937,1.3862943611198906,1.2070784343255752,0.5493061443340549,0.0,0.46209812037329684,0.5493061443340549,0.6931471805599453,0.0,0.6931471805599453,0.46209812037329684,0.6931471805599453,0.6931471805599453
RIL,0.0,0.0,0.358351893845611,0.0,0.5493061443340549,0.6931471805599453,0.0,0.0,0.0,0.0,0.0,0.0,0.0,0.0,0.0,0.0
RIM,0.0,0.0,0.0,0.0,0.0,0.0,0.0,0.0,0.0,0.0,0.0,0.0,0.0,0.0,0.0,0.0
RIP,0.0,0.0,0.0,0.0,0.0,0.0,0.0,0.0,0.0,0.0,0.0,0.0,0.0,0.0,0.0,0.0
RIQ,1.2824746787307684,1.6785266909588594,0.5493061443340549,2.0794415416798357,2.1972245773362196,0.0,0.0,0.8047189562170501,0.40235947810852507,1.5350567286626973,0.0,0.0,1.1090354888959124,1.0986122886681098,1.9459101490553132,2.1972245773362196
RIR,2.0794415416798357,1.782378464297002,1.1882523095313346,1.6479184330021646,1.1882523095313346,1.297273432703542,0.9729550745276566,1.1882523095313346,2.033105440735637,1.0750556815368328,1.7343713162681,1.7908995167731467,1.3862943611198906,1.433407575382444,2.5146180438806236,1.9459101490553132
RIS,1.297273432703542,1.3862943611198906,0.9241962407465937,1.433407575382444,0.9241962407465937,0.716703787691222,0.46209812037329684,0.0,1.2070784343255752,0.0,0.0,0.6931471805599453,1.2070784343255752,0.716703787691222,0.716703787691222,0.0
RIT,1.6479184330021646,1.4853153869141684,1.0986122886681098,0.0,0.9241962407465937,0.9729550745276566,1.0750556815368328,1.3732653608351373,1.4853153869141684,0.5941261547656673,2.321185886659037,2.4849066497880004,1.3862943611198906,0.9241962407465937,2.3978952727983707,0.0
RKA,1.0986122886681098,0.6931471805599453,1.3732653608351373,0.0,0.0,1.2070784343255752,0.8047189562170501,0.46209812037329684,1.2070784343255752,0.0,1.3862943611198906,0.0,0.5493061443340549,0.6931471805599453,0.0,0.46209812037329684
RKC,0.6931471805599453,0.0,0.5493061443340549,0.0,0.6931471805599453,0.0,0.0,0.0,0.46209812037329684,1.0986122886681098,1.1882523095313346,0.0,0.0,0.0,0.0,0.0
RKD,0.0,0.0,0.0,0.0,0.0,0.0,0.0,0.6931471805599453,0.0,0.0,0.0,0.0,0.0,0.0,0.0,0.6931471805599453
RKE,0.46209812037329684,0.5493061443340549,0.6777018135785455,0.0,0.0,0.0,0.7193685818395111,0.0,1.023371152441798,0.0,1.0624550040210812,0.5312275020105406,0.9241962407465937,0.6931471805599453,0.42749155957692275,0.9036024181047274
RKG,0.0,0.0,0.5493061443340549,0.0,0.0,0.6931471805599453,0.0,0.5493061443340549,0.0,0.0,0.5493061443340549,0.0,0.0,0.0,0.0,0.0
RKI,1.0986122886681098,1.782378464297002,1.297273432703542,1.0986122886681098,1.6094379124341003,1.6094379124341003,1.791759469228055,1.3862943611198906,0.6931471805599453,1.791759469228055,1.0986122886681098,2.0794415416798357,2.1972245773362196,1.3862943611198906,1.0986122886681098,1.6094379124341003
RKK,0.6931471805599453,1.297273432703542,0.0,1.3862943611198906,1.0986122886681098,0.0,0.8047189562170501,1.0986122886681098,0.6931471805599453,0.0,0.0,1.0986122886681098,2.1972245773362196,0.6931471805599453,0.6931471805599453,1.6094379124341003
RKL,1.974639709733454,1.9478341740386487,1.4335624767294521,2.436052919644854,1.6215917908794277,2.0635928529061087,1.1295030226309093,0.5493061443340549,1.5211554766173827,1.9953145010458224,2.523135709220445,1.1882523095313346,2.5503280216730864,2.033105440735637,2.1581057455185335,1.2824746787307684
RKP,0.6931471805599453,1.0986122886681098,0.0,0.0,0.0,0.0,0.6931471805599453,0.0,0.6931471805599453,0.0,0.6931471805599453,0.0,0.0,0.0,0.6931471805599453,1.3862943611198906
RKQ,0.0,0.0,0.0,0.0,0.0,0.0,0.0,0.0,0.0,0.0,0.716703787691222,0.0,0.0,0.0,0.0,0.0
RKR,1.2070784343255752,1.4853153869141684,0.46209812037329684,1.2070784343255752,0.8239592165010823,0.716703787691222,1.3732653608351373,0.0,1.0986122886681098,0.648636716351771,1.791759469228055,1.0750556815368328,1.297273432703542,0.9241962407465937,0.6931471805599453,0.9241962407465937
RKS,0.9241962407465937,0.8047189562170501,0.0,0.5493061443340549,1.297273432703542,1.0986122886681098,0.0,1.0750556815368328,0.46209812037329684,1.3862943611198906,0.0,1.831459842392078,0.0,0.0,1.578268128349331,1.9629593194442934
RKT,0.0,0.6931471805599453,0.6931471805599453,0.0,0.6931471805599453,0.0,0.0,0.0,0.6931471805599453,0.6931471805599453,0.0,0.0,0.0,0.0,0.0,0.0
RKV,0.0,0.0,1.0986122886681098,0.0,0.0,0.0,0.0,0.0,0.0,1.0986122886681098,0.0,0.0,0.0,0.0,0.0,0.0
RKY,0.9241962407465937,1.8270396897336403,0.708303336014054,0.8047189562170501,2.2330485096744495,0.40539794771985693,1.2792139405522478,1.2070784343255752,0.708303336014054,0.648636716351771,0.5551653643690984,0.0,1.433407575382444,0.8047189562170501,0.358351893845611,0.0
RLA,0.891189232148501,0.46209812037329684,0.9241962407465937,0.716703787691222,0.648636716351771,0.716703787691222,0.46209812037329684,0.0,0.6931471805599453,0.511685576220899,0.0,0.9241962407465937,0.5493061443340549,0.648636716351771,0.8047189562170501,0.46209812037329684
RLD,0.0,0.0,0.0,0.0,0.0,0.0,0.0,0.0,0.0,0.0,0.0,0.0,0.0,0.0,0.0,0.0
RLF,0.8047189562170501,1.355403627157091,2.6561375100527025,0.0,2.4790616760491893,1.297273432703542,1.2792139405522478,0.0,1.0750556815368328,0.8047189562170501,0.0,1.3732653608351373,0.0,1.6215917908794277,0.0,0.0
RLG,0.0,0.0,0.0,0.0,0.0,0.0,0.0,0.0,0.0,0.0,0.0,0.0,0.0,0.0,0.0,0.0
RLH,0.0,0.46209812037329684,1.433407575382444,0.0,1.1882523095313346,0.0,0.0,0.0,0.5493061443340549,0.0,0.0,0.0,0.0,0.0,0.0,0.0
RLI,0.46209812037329684,0.40235947810852507,0.0,0.0,0.0,1.1295030226309093,0.0,0.716703787691222,0.46209812037329684,0.47957905455967414,0.648636716351771,0.716703787691222,1.791759469228055,0.9241962407465937,0.716703787691222,0.9241962407465937
RLK,2.3978952727983707,2.351203577673075,1.8270396897336403,1.4853153869141684,1.1882523095313346,1.023371152441798,1.7908995167731467,1.6215917908794277,2.1249100080421623,1.1989476363991853,2.1265392627313178,2.5503280216730864,2.302585092994046,1.4853153869141684,2.210284285450008,1.8072048362094548
RLL,0.0,0.0,0.648636716351771,0.0,0.0,0.0,0.0,0.0,0.648636716351771,0.0,0.0,0.0,0.0,0.0,0.0,0.0
RLM,0.0,0.0,0.0,0.0,0.0,0.0,0.0,0.0,0.0,0.0,0.0,0.0,0.0,0.0,0.0,0.0
RLN,0.5493061443340549,0.6931471805599453,0.5493061443340549,0.0,1.6094379124341003,1.791759469228055,0.0,0.0,0.0,1.3862943611198906,1.3862943611198906,0.5493061443340549,0.6931471805599453,0.0,0.0,0.0
RLP,0.0,0.0,0.0,0.0,0.0,0.0,0.0,0.0,0.0,0.0,0.0,0.0,0.0,0.0,0.0,0.0
RLQ,0.0,0.0,0.0,0.0,0.0,0.0,0.0,0.0,0.0,0.0,0.0,0.0,0.0,0.0,0.0,0.0
RLR,0.0,0.0,0.5493061443340549,0.5493061443340549,0.9241962407465937,0.0,0.0,0.6931471805599453,0.9241962407465937,0.5493061443340549,0.0,0.0,0.0,0.46209812037329684,0.648636716351771,1.0986122886681098
RLS,0.0,0.0,0.6931471805599453,0.0,0.0,0.8047189562170501,0.22590060452618185,0.8047189562170501,0.0,0.716703787691222,0.648636716351771,0.511685576220899,0.0,0.0,0.511685576220899,0.0
RLT,0.0,0.0,0.0,0.0,0.0,0.0,0.0,0.0,0.0,0.0,0.0,0.6931471805599453,0.0,0.0,0.9241962407465937,1.0986122886681098
RLV,0.648636716351771,0.0,1.0986122886681098,1.1882523095313346,0.46209812037329684,0.46209812037329684,0.9241962407465937,1.791759469228055,1.433407575382444,1.2070784343255752,0.0,0.5493061443340549,1.0750556815368328,1.5350567286626973,1.1882523095313346,0.8047189562170501
RLY,0.0,0.0,0.6931471805599453,0.0,1.0986122886681098,1.0750556815368328,0.0,0.0,0.0,0.6931471805599453,1.0750556815368328,0.6931471805599453,0.6931471805599453,0.0,0.0,0.0
RMD,0.0,0.0,0.0,0.0,0.0,0.0,0.0,0.0,0.0,0.0,0.6931471805599453,0.5493061443340549,0.0,0.0,0.40235947810852507,0.6931471805599453
RMG,0.0,0.0,0.0,0.0,0.0,0.0,0.0,0.0,0.0,0.0,0.0,0.0,0.0,0.0,0.0,0.0
RMK,1.3862943611198906,1.2070784343255752,1.3862943611198906,0.5493061443340549,1.3862943611198906,2.1249100080421623,1.4387371636790223,1.9459101490553132,0.8239592165010823,0.0,1.7908995167731467,0.0,0.0,1.2070784343255752,0.0,1.7908995167731467
RML,0.0,0.0,0.0,0.0,0.0,0.0,0.0,0.0,0.0,0.0,0.0,0.0,0.0,0.0,0.0,0.0
RMM,0.0,0.0,0.0,0.0,0.0,0.0,0.0,0.0,0.0,0.0,0.0,0.0,0.0,0.0,0.0,0.0
RMN,0.0,0.0,0.0,0.0,0.0,0.0,0.0,0.0,0.0,0.0,0.0,0.0,0.0,0.0,0.0,0.0
RMP,0.0,0.0,0.0,0.0,0.0,0.0,0.0,0.0,0.0,0.0,0.0,0.0,0.0,0.0,0.0,0.0
RMR,3.091042453358316,2.403791043139602,3.091042453358316,0.0,2.9929717515687337,3.879329598421205,3.633632376598942,3.310008086590539,2.9017013233611677,1.0750556815368328,3.304211376958083,2.833213344056216,0.0,2.9017013233611677,0.0,2.955228662330656
RMS,0.0,1.3862943611198906,1.3862943611198906,0.6931471805599453,2.0794415416798357,1.6215917908794277,1.782378464297002,1.3862943611198906,1.0986122886681098,1.5350567286626973,1.1882523095313346,2.302585092994046,0.6931471805599453,1.297273432703542,2.302585092994046,0.0
RMT,0.0,0.0,0.0,0.0,0.0,0.0,0.0,0.0,0.0,0.0,0.0,0.0,0.0,0.0,0.0,0.0
RNA,0.0,0.0,0.0,0.3243183581758855,0.0,0.0,0.0,0.6931471805599453,0.40235947810852507,0.0,0.0,0.0,0.0,0.5493061443340549,0.46209812037329684,1.0986122886681098
RNE,0.0,0.0,0.0,0.0,0.0,0.0,0.0,0.0,0.0,0.0,0.0,0.0,0.0,0.0,0.0,0.0
RNF,0.6931471805599453,1.3862943611198906,1.433407575382444,0.6931471805599453,1.4853153869141684,2.321185886659037,1.9459101490553132,1.3862943611198906,1.0986122886681098,2.137457797884614,1.297273432703542,2.2590060452618186,0.6931471805599453,1.2070784343255752,2.302585092994046,0.0
RNI,0.0,0.0,1.9459101490553132,0.6931471805599453,0.0,0.0,0.0,1.3862943611198906,0.8047189562170501,0.9729550745276566,4.589290468737189,4.286650087355609,1.0986122886681098,0.0,4.343805421853684,3.5553480614894135
RNL,0.0,0.5493061443340549,0.0,0.6931471805599453,0.6931471805599453,0.0,0.0,0.6931471805599453,0.0,0.0,0.0,0.0,0.0,0.0,0.0,0.6931471805599453
RNN,0.0,1.6215917908794277,2.5649493574615367,0.0,2.4849066497880004,1.791759469228055,2.046742304883596,0.0,2.302585092994046,1.2070784343255752,0.5493061443340549,2.3978952727983707,0.0,1.791759469228055,0.0,0.0
RNP,0.6931471805599453,0.40235947810852507,1.297273432703542,1.3862943611198906,0.46209812037329684,0.0,0.8047189562170501,0.6931471805599453,1.782378464297002,0.0,1.2070784343255752,0.8047189562170501,0.5493061443340549,1.3862943611198906,0.9241962407465937,1.0750556815368328
RNQ,0.0,0.0,0.0,0.0,0.0,0.0,0.0,0.0,0.0,0.0,0.0,0.0,0.0,0.0,0.0,0.0
RNR,1.6094379124341003,1.922571505169192,1.4853153869141684,0.6931471805599453,1.3862943611198906,0.6931471805599453,1.0750556815368328,1.8072048362094548,2.1581057455185335,1.791759469228055,2.033105440735637,1.6215917908794277,0.8047189562170501,1.297273432703542,2.1972245773362196,0.40235947810852507
RNS,0.0,0.0,0.0,0.0,0.0,0.0,0.0,0.6931471805599453,0.0,0.46209812037329684,0.0,0.0,0.0,0.0,0.0,0.0
RNT,0.0,0.0,0.0,0.0,0.0,0.0,0.0,0.0,0.0,0.0,0.0,0.0,0.0,0.0,0.0,0.0
RNV,0.0,0.0,0.0,0.0,0.0,0.0,0.0,0.0,0.0,0.0,0.0,0.0,0.0,0.0,0.0,0.0
RPA,0.0,0.0,0.0,0.0,0.0,0.0,0.0,0.0,0.0,0.0,0.0,0.0,0.0,0.0,0.0,0.0
RPE,0.6931471805599453,0.0,0.8239592165010823,0.0,1.6215917908794277,0.0,1.0986122886681098,0.0,0.0,1.6215917908794277,0.0,0.0,0.0,0.0,0.0,0.0
RPF,1.0986122886681098,0.0,0.0,0.0,0.0,0.0,0.0,0.0,0.0,0.0,0.0,0.0,0.0,0.0,0.0,0.0
RPG,0.0,0.0,0.0,0.0,0.0,0.0,0.0,0.6931471805599453,0.0,0.0,0.0,0.0,0.0,0.6931471805599453,0.0,0.0
RPH,0.46209812037329684,0.0,0.5493061443340549,0.0,0.0,0.0,0.0,0.0,0.6931471805599453,0.0,0.9036024181047274,0.0,0.0,0.0,0.0,0.0
RPI,0.0,0.0,0.6931471805599453,0.0,0.0,0.0,0.0,0.0,0.0,0.0,0.6931471805599453,0.0,0.0,0.0,0.0,0.0
RPK,1.0986122886681098,0.6931471805599453,0.0,1.0986122886681098,0.0,0.0,0.0,0.6931471805599453,1.0986122886681098,0.0,0.6931471805599453,0.0,0.6931471805599453,0.0,1.0986122886681098,1.3862943611198906
RPL,0.0,0.0,1.0986122886681098,0.0,1.0986122886681098,0.0,0.0,0.0,0.0,0.0,2.603056959092117,2.5066474420887053,0.0,0.716703787691222,2.7316465323956876,2.4141568686511503
RPN,0.0,1.791759469228055,0.0,0.0,1.6215917908794277,0.0,0.0,1.3732653608351373,0.0,1.791759469228055,0.0,0.0,0.0,0.0,0.0,0.0
RPR,0.0,1.6094379124341003,0.0,0.0,0.0,0.6931471805599453,1.791759469228055,0.6931471805599453,0.6931471805599453,1.2070784343255752,1.6094379124341003,1.3862943611198906,1.3862943611198906,0.6931471805599453,0.0,0.0
RPS,0.0,0.0,0.0,0.5493061443340549,0.0,0.0,0.0,0.0,0.5493061443340549,0.0,0.0,0.0,0.0,0.0,1.0986122886681098,0.5493061443340549
RPT,0.0,0.0,0.0,0.0,0.0,0.0,0.0,0.0,0.0,0.0,0.0,0.0,0.0,0.0,0.0,0.0
RPV,1.6479184330021646,1.2824746787307684,1.023371152441798,0.46209812037329684,0.9729550745276566,1.2070784343255752,1.023371152441798,2.0794415416798357,1.782378464297002,1.023371152441798,1.6635532333438687,1.1295030226309093,0.23978952727983707,0.9241962407465937,1.9237120180961527,0.716703787691222
RPW,0.0,0.0,0.5493061443340549,0.0,0.5493061443340549,1.0986122886681098,0.0,0.0,0.0,0.40235947810852507,0.0,0.0,0.46209812037329684,0.0,0.0,0.46209812037329684
RQA,1.297273432703542,1.700218681115391,1.3732653608351373,0.6931471805599453,0.8239592165010823,0.0,0.6543197731480977,1.6785266909588594,1.740889414994278,1.0986122886681098,1.8920414359288362,2.207381675250309,1.433407575382444,1.297273432703542,2.1265392627313178,0.891189232148501
RQF,0.5493061443340549,0.9241962407465937,0.0,1.0986122886681098,1.0986122886681098,0.0,0.0,0.6931471805599453,0.6931471805599453,1.0986122886681098,1.0986122886681098,0.6931471805599453,0.9241962407465937,0.0,1.433407575382444,1.3862943611198906
RQG,2.9506361727958503,2.906746241057835,1.1450596030091713,0.0,1.974639709733454,0.6777018135785455,2.70805020110221,0.0,2.4790616760491893,2.0402624173384694,0.46209812037329684,0.0,0.46209812037329684,1.0986122886681098,1.2178089750893693,0.0
RQH,0.9241962407465937,0.0,1.0986122886681098,0.891189232148501,0.46209812037329684,0.24682996371668176,0.46209812037329684,1.0986122886681098,0.0,0.891189232148501,0.0,0.6931471805599453,1.0986122886681098,0.648636716351771,0.0,0.9241962407465937
RQI,1.6215917908794277,0.9036024181047274,1.0750556815368328,1.0986122886681098,0.5493061443340549,0.40235947810852507,0.9729550745276566,1.433407575382444,0.648636716351771,1.433407575382444,1.433407575382444,0.358351893845611,0.46209812037329684,1.2070784343255752,0.6931471805599453,0.0
RQK,0.6931471805599453,0.4518012090523637,1.4853153869141684,0.46209812037329684,0.2030044099704045,0.0,0.511685576220899,0.0,0.9036024181047274,0.0,1.2824746787307684,0.891189232148501,0.0,0.0,0.7605777383086914,0.15767011966073635
RQL,1.0986122886681098,0.0,2.8903717578961645,1.6479184330021646,0.511685576220899,2.8014613361036798,0.9241962407465937,2.461392187650023,1.0986122886681098,0.41452876048016685,3.527988889785515,0.4518012090523637,1.1090354888959124,3.0325027583292057,0.134119826036175,2.3761190724603036
RQM,1.2070784343255752,1.3862943611198906,0.0,0.9241962407465937,0.0,0.0,1.0986122886681098,0.0,0.0,0.0,0.0,0.9241962407465937,1.9459101490553132,0.0,0.0,1.433407575382444
RQN,0.0,0.0,0.0,0.0,0.0,0.6931471805599453,0.5493061443340549,0.9241962407465937,0.0,0.6931471805599453,0.29706307738283366,0.6931471805599453,0.0,1.0986122886681098,0.0,0.6931471805599453
RQP,0.0,0.0,0.9241962407465937,1.433407575382444,1.2070784343255752,0.0,0.716703787691222,0.0,0.0,1.0986122886681098,1.782378464297002,2.046742304883596,0.9241962407465937,0.9241962407465937,1.6215917908794277,1.7908995167731467
RQQ,0.0,0.0,0.0,0.0,0.0,0.0,0.0,0.0,0.0,0.0,0.0,0.0,0.0,0.0,0.0,0.0
RQR,1.6094379124341003,0.511685576220899,1.6094379124341003,0.6931471805599453,0.5493061443340549,0.0,0.0,1.6479184330021646,1.9459101490553132,1.6094379124341003,1.7908995167731467,0.3243183581758855,0.0,0.0,1.922571505169192,0.6931471805599453
RQS,0.5493061443340549,1.922571505169192,1.2070784343255752,0.9241962407465937,2.3978952727983707,1.4853153869141684,0.9241962407465937,1.0986122886681098,0.6931471805599453,0.0,2.030044099704045,0.6931471805599453,0.0,1.3862943611198906,0.0,0.0
RQV,0.0,0.0,0.0,0.0,0.0,0.0,0.0,0.6931471805599453,0.0,0.0,0.0,0.0,0.0,0.5493061443340549,0.6931471805599453,0.0
RQY,0.0,0.0,0.0,0.0,1.0986122886681098,0.9241962407465937,0.0,0.0,0.0,0.0,0.9241962407465937,0.5493061443340549,0.5493061443340549,0.0,0.0,0.0
RRA,1.6094379124341003,0.0,0.46209812037329684,2.046742304883596,1.0750556815368328,0.9241962407465937,0.716703787691222,0.9241962407465937,1.0750556815368328,0.40235947810852507,1.0986122886681098,0.358351893845611,1.6094379124341003,1.5350567286626973,0.5493061443340549,1.791759469228055
RRE,0.46209812037329684,0.0,0.6931471805599453,0.6931471805599453,0.46209812037329684,1.0986122886681098,0.6931471805599453,0.6931471805599453,0.0,1.0986122886681098,0.0,0.5493061443340549,1.6094379124341003,0.0,0.0,0.9241962407465937
RRF,0.0,0.0,0.0,0.0,0.0,0.0,0.0,0.0,0.0,0.0,0.0,0.0,0.0,0.0,0.0,0.0
RRG,1.1882523095313346,0.6931471805599453,0.40235947810852507,1.0750556815368328,0.5941261547656673,0.0,0.0,0.8047189562170501,0.5493061443340549,0.0,0.29706307738283366,0.5493061443340549,0.40235947810852507,1.4853153869141684,0.5941261547656673,1.4853153869141684
RRI,0.0,0.716703787691222,0.40235947810852507,1.433407575382444,0.8549831191538455,1.3862943611198906,0.648636716351771,0.0,0.511685576220899,0.0,0.716703787691222,1.6479184330021646,0.0,0.7675283643313486,1.4387371636790223,0.9241962407465937
RRK,1.6215917908794277,1.0986122886681098,0.46209812037329684,1.1882523095313346,1.0750556815368328,0.46209812037329684,0.0,0.46209812037329684,0.6931471805599453,0.0,0.0,0.0,1.0750556815368328,1.433407575382444,0.46209812037329684,0.9241962407465937
RRL,0.891189232148501,0.648636716351771,1.0750556815368328,1.6479184330021646,0.891189232148501,1.1882523095313346,0.8239592165010823,1.433407575382444,0.9729550745276566,1.0986122886681098,1.0750556815368328,1.0986122886681098,2.218070977791825,1.2792139405522478,1.2070784343255752,1.6479184330021646
RRN,1.6094379124341003,2.1972245773362196,1.791759469228055,0.6931471805599453,1.3862943611198906,1.0986122886681098,1.0750556815368328,2.046742304883596,2.302585092994046,1.791759469228055,2.1581057455185335,2.0794415416798357,1.0986122886681098,1.297273432703542,2.1972245773362196,0.46209812037329684
RRP,0.6931471805599453,1.6094379124341003,0.6931471805599453,0.0,0.0,0.9241962407465937,1.433407575382444,0.5493061443340549,1.0986122886681098,1.0986122886681098,1.6094379124341003,1.3862943611198906,1.3862943611198906,0.5493061443340549,0.6931471805599453,0.6931471805599453
RRQ,0.0,0.8047189562170501,1.1882523095313346,0.0,1.791759469228055,0.0,0.9241962407465937,0.0,0.46209812037329684,1.0986122886681098,0.6931471805599453,0.0,0.0,1.0986122886681098,0.0,0.0
RRR,3.0280269804991176,3.4654725152867574,2.462936034996733,2.1277537294374507,2.932186232757231,1.5211554766173827,3.3531625760812678,2.9493941835619344,3.063696955031054,3.754261891560654,2.300519333904915,2.2800370426149756,2.4790616760491893,1.9014443457717283,2.9172055557333607,1.3086395462961955
RRS,3.0398775768545567,2.7966574578003813,0.7737286288863456,0.716703787691222,1.9343215722158644,1.355403627157091,3.276360172302729,2.0794415416798357,1.9344675489074454,3.310008086590539,1.354025100551105,1.1901530767807735,0.9241962407465937,0.358351893845611,2.131165706406396,0.716703787691222
RRT,0.0,0.0,0.5493061443340549,0.0,1.0986122886681098,0.0,0.0,0.0,0.0,0.46209812037329684,0.5493061443340549,0.6931471805599453,0.0,0.6931471805599453,0.0,0.0
RRV,0.0,0.0,0.6931471805599453,0.0,0.6931471805599453,0.0,0.0,0.0,0.6931471805599453,0.0,0.6931471805599453,0.0,0.0,0.5493061443340549,0.0,0.0
RRW,1.791759469228055,1.5350567286626973,1.791759469228055,0.6931471805599453,0.9241962407465937,0.8047189562170501,1.0750556815368328,1.9183162182386966,2.1581057455185335,1.791759469228055,1.8270396897336403,0.648636716351771,0.0,1.433407575382444,1.922571505169192,0.46209812037329684
RSA,0.0,1.0986122886681098,0.0,0.0,0.5493061443340549,0.6931471805599453,0.0,0.5493061443340549,0.5493061443340549,0.0,0.6931471805599453,0.6931471805599453,0.0,1.0986122886681098,0.6931471805599453,0.0
RSC,0.0,0.0,0.0,0.0,0.0,0.0,0.0,0.0,0.0,0.0,0.0,0.0,0.0,0.0,0.0,0.0
RSF,0.0,0.0,0.0,0.0,0.0,0.0,1.0986122886681098,0.0,0.0,0.0,0.0,1.0986122886681098,1.433407575382444,0.0,0.0,1.0986122886681098
RSG,2.7887850404652017,1.9135024711265767,1.7102695723249906,0.0,1.1054100279471115,1.3601749448923126,2.2833918282925674,1.3086395462961955,1.8527920366854067,2.506661145025408,0.716703787691222,2.218070977791825,0.358351893845611,0.0,2.3456533666635555,0.0
RSI,0.0,0.0,0.0,0.0,0.0,0.0,0.0,0.0,0.0,0.0,0.9729550745276566,0.648636716351771,0.0,0.0,0.891189232148501,0.8047189562170501
RSL,2.355079964463479,1.9478341740386487,1.4387371636790223,1.1989476363991853,1.6479184330021646,2.131165706406396,1.624035279763236,2.1581057455185335,1.8072048362094548,1.4853153869141684,1.218026459822427,1.2824746787307684,2.2330485096744495,1.068728898942307,1.6215917908794277,1.4853153869141684
RSM,0.0,0.0,0.648636716351771,0.0,0.9241962407465937,1.9343215722158644,1.1882523095313346,0.0,0.716703787691222,1.6094379124341003,0.716703787691222,0.0,0.0,0.0,1.0986122886681098,1.0986122886681098
RSN,0.0,1.5350567286626973,0.358351893845611,1.3862943611198906,0.3243183581758855,1.791759469228055,0.648636716351771,0.0,0.46209812037329684,0.358351893845611,0.6931471805599453,1.6215917908794277,0.0,0.0,1.0986122886681098,1.3862943611198906
RSP,0.0,0.0,0.0,0.0,0.0,0.0,0.0,0.0,0.0,0.0,0.0,0.0,0.0,0.0,0.0,0.0
RSQ,0.5493061443340549,1.5813042316832728,0.40235947810852507,1.0986122886681098,1.1882523095313346,1.2070784343255752,1.3732653608351373,0.6931471805599453,0.6931471805599453,0.9729550745276566,1.2792139405522478,0.9241962407465937,0.6931471805599453,1.3862943611198906,0.0,0.0
RSR,1.6094379124341003,0.46209812037329684,0.8047189562170501,1.922571505169192,0.9241962407465937,0.9241962407465937,0.46209812037329684,1.3862943611198906,0.9241962407465937,1.3862943611198906,0.0,0.6931471805599453,1.9459101490553132,1.6094379124341003,1.3862943611198906,1.2070784343255752
RST,1.9459101490553132,1.6094379124341003,2.2590060452618186,1.0986122886681098,0.9241962407465937,1.0986122886681098,0.5493061443340549,1.0986122886681098,2.1972245773362196,1.0986122886681098,0.0,0.6931471805599453,0.9241962407465937,0.6931471805599453,0.6931471805599453,0.6931471805599453
RSV,0.0,0.0,0.0,0.0,0.0,1.0986122886681098,0.6931471805599453,0.46209812037329684,0.0,0.6931471805599453,0.0,1.0986122886681098,0.0,0.40235947810852507,0.6931471805599453,0.0
RSW,0.0,0.0,0.0,0.0,0.0,0.0,0.0,0.0,0.0,0.0,0.0,0.0,0.0,0.0,0.0,0.0
RSY,0.6931471805599453,1.1882523095313346,0.9241962407465937,1.2070784343255752,1.782378464297002,1.3862943611198906,0.0,0.6931471805599453,1.0750556815368328,0.0,1.2070784343255752,0.6931471805599453,0.0,1.3862943611198906,0.5493061443340549,0.0
RTA,0.9729550745276566,0.9241962407465937,0.46209812037329684,0.9729550745276566,1.2070784343255752,0.5493061443340549,0.6931471805599453,0.0,0.5493061443340549,0.0,0.5493061443340549,0.46209812037329684,0.0,0.8047189562170501,0.46209812037329684,0.8047189562170501
RTC,1.9459101490553132,0.0,1.5350567286626973,0.0,0.0,0.0,0.0,0.0,1.0986122886681098,0.8047189562170501,0.0,0.0,0.0,0.0,0.0,0.0
RTE,1.6215917908794277,1.0750556815368328,0.46209812037329684,0.0,0.0,0.5493061443340549,0.891189232148501,0.0,0.8047189562170501,0.0,0.5493061443340549,0.3243183581758855,0.0,0.0,0.0,0.0
RTF,0.0,0.6931471805599453,0.6931471805599453,0.0,0.5493061443340549,0.0,0.6931471805599453,0.0,0.6931471805599453,0.0,0.6931471805599453,0.0,0.0,0.6931471805599453,0.0,0.0
RTH,0.0,0.0,0.0,0.0,0.0,0.0,0.0,0.0,0.0,0.0,0.0,0.0,0.0,0.0,0.0,0.0
RTI,0.0,0.0,0.0,0.0,0.0,0.0,0.0,0.0,0.0,0.0,0.0,0.0,0.0,0.0,0.0,0.0
RTK,0.0,0.0,0.0,0.0,0.0,0.0,0.0,0.0,0.0,0.0,0.0,0.0,0.0,0.0,0.0,0.0
RTL,0.0,0.0,0.0,0.0,0.0,0.0,0.0,0.0,0.0,0.0,0.0,0.0,0.0,0.0,0.0,0.0
RTN,0.0,0.8047189562170501,0.40235947810852507,0.0,0.9241962407465937,0.0,0.8047189562170501,0.0,0.0,0.6931471805599453,0.6931471805599453,0.358351893845611,0.9241962407465937,0.6931471805599453,0.0,0.0
RTP,0.0,0.0,0.0,0.0,0.0,0.0,0.0,0.0,0.0,0.0,0.0,0.0,0.0,0.0,0.0,0.0
RTQ,2.62534881637439,2.218070977791825,0.0,1.0986122886681098,0.0,2.397462878992775,0.7404898911500453,0.0,2.344884655308477,1.1605929433295186,0.0,0.0,2.351203577673075,1.1036908376251544,0.5802964716647593,0.15767011966073635
RTR,0.0,0.0,1.9459101490553132,0.6931471805599453,0.0,0.0,0.0,1.3862943611198906,0.8047189562170501,1.3862943611198906,4.589290468737189,4.343805421853684,1.6094379124341003,0.0,4.326557943095731,3.5553480614894135
RTS,0.0,2.4849066497880004,2.70805020110221,1.791759469228055,1.6094379124341003,1.791759469228055,2.3978952727983707,0.0,2.3978952727983707,1.791759469228055,0.0,1.791759469228055,1.791759469228055,0.0,0.0,1.791759469228055
RTT,0.0,0.0,0.0,0.0,0.0,0.0,0.0,0.0,0.0,0.0,0.0,0.0,0.0,0.0,0.0,0.0
RTV,0.0,0.40235947810852507,0.0,0.5493061443340549,0.6931471805599453,0.0,0.0,0.40235947810852507,0.27465307216702745,0.358351893845611,0.0,0.0,0.0,0.0,0.5493061443340549,0.40235947810852507
RTY,0.0,0.0,0.0,0.0,0.0,0.0,0.0,0.0,0.0,0.0,0.0,0.0,0.0,0.0,0.0,0.0
RVA,0.0,1.791759469228055,1.023371152441798,0.9241962407465937,0.8047189562170501,0.3243183581758855,1.782378464297002,0.0,2.2590060452618186,0.716703787691222,0.511685576220899,0.0,0.0,0.5493061443340549,0.4518012090523637,0.0
RVC,0.0,0.0,0.0,0.0,0.0,0.0,0.0,0.0,0.0,0.0,0.0,0.0,0.0,0.0,0.0,0.0
RVD,1.3862943611198906,0.0,0.5493061443340549,1.0986122886681098,0.0,0.0,0.6931471805599453,0.9241962407465937,0.6931471805599453,0.0,0.0,1.0986122886681098,0.0,0.716703787691222,1.2070784343255752,0.5493061443340549
RVE,0.0,0.0,0.0,0.0,0.0,0.0,0.0,0.0,0.0,0.0,0.0,0.0,0.0,0.0,0.0,0.0
RVF,0.0,1.0986122886681098,0.0,0.0,0.9241962407465937,0.6931471805599453,0.0,0.6931471805599453,0.6931471805599453,0.0,0.6931471805599453,0.0,0.0,0.6931471805599453,0.6931471805599453,0.0
RVG,0.0,0.0,0.0,0.0,0.0,0.0,0.0,0.0,0.0,0.0,0.0,0.0,0.0,0.0,0.0,0.0
RVH,0.0,0.0,0.0,0.0,0.0,0.0,0.0,0.0,0.0,0.0,0.0,0.0,0.0,0.0,0.0,0.0
RVI,1.0986122886681098,0.0,0.9729550745276566,0.0,0.5493061443340549,0.0,0.0,0.0,0.8047189562170501,0.0,1.0986122886681098,1.0986122886681098,0.0,0.9241962407465937,0.9241962407465937,0.0
RVK,0.0,0.0,0.0,0.0,0.0,0.0,0.0,0.0,0.0,0.0,0.0,0.0,0.0,0.0,0.0,0.0
RVL,0.0,0.0,0.0,0.0,0.0,0.0,0.0,0.9241962407465937,0.0,0.0,0.0,0.0,0.0,0.9241962407465937,0.0,0.46209812037329684
RVM,0.0,0.0,0.0,0.0,0.0,0.0,0.0,0.0,0.0,0.0,0.0,0.0,0.0,0.0,0.0,0.0
RVN,0.6931471805599453,1.0750556815368328,1.782378464297002,1.0986122886681098,0.0,0.0,0.648636716351771,0.0,2.351203577673075,0.0,1.9183162182386966,1.0750556815368328,0.0,0.0,1.7908995167731467,0.0
RVP,0.0,0.0,0.0,0.6931471805599453,0.0,0.0,0.0,0.0,0.0,0.0,0.0,0.6931471805599453,0.5493061443340549,0.0,0.9241962407465937,0.0
RVQ,1.6094379124341003,0.0,0.9241962407465937,1.9459101490553132,0.8047189562170501,0.0,0.0,1.3862943611198906,0.6931471805599453,0.8047189562170501,0.0,0.5493061443340549,1.9459101490553132,1.3862943611198906,0.6931471805599453,1.0986122886681098
RVR,0.0,0.0,0.0,0.0,0.0,0.0,0.0,0.0,0.0,0.0,0.0,0.0,0.0,0.0,0.0,0.0
RVS,0.0,0.0,0.0,0.0,0.0,0.0,0.0,0.0,0.0,0.0,0.0,0.0,0.0,0.0,0.0,0.0
RVT,0.0,0.9036024181047274,0.7737286288863456,1.0986122886681098,0.8047189562170501,0.0,1.218026459822427,0.0,2.030044099704045,1.1882523095313346,0.1647319579109741,0.12341498185834088,0.0,0.0,0.2785179050028231,0.0
RVV,0.0,0.0,0.0,0.0,0.0,0.0,0.0,0.0,0.0,0.0,0.0,0.0,0.0,0.0,0.0,0.0
RVY,0.0,1.782378464297002,2.8903717578961645,1.433407575382444,2.2330485096744495,1.9459101490553132,2.2590060452618186,0.5493061443340549,2.2590060452618186,1.6215917908794277,1.0986122886681098,1.9459101490553132,0.46209812037329684,1.7908995167731467,0.9241962407465937,0.0
RWE,0.0,2.4849066497880004,2.833213344056216,1.791759469228055,0.40235947810852507,1.9459101490553132,2.3978952727983707,0.0,2.4849066497880004,0.6931471805599453,0.0,1.3732653608351373,1.791759469228055,0.0,0.0,1.791759469228055
RWG,0.0,0.0,0.0,0.0,0.0,0.0,0.0,0.0,1.0986122886681098,0.0,0.0,0.0,0.0,0.0,0.0,0.0
RWH,0.6931471805599453,0.6931471805599453,0.0,0.0,0.0,0.6931471805599453,0.6931471805599453,0.0,0.6931471805599453,0.0,1.0986122886681098,0.6931471805599453,0.0,0.6931471805599453,0.0,0.0
RWQ,0.0,0.6931471805599453,0.0,0.0,0.0,0.0,0.0,0.0,0.0,0.0,0.0,0.0,0.6931471805599453,0.0,0.0,0.0
RWR,1.6094379124341003,1.2792139405522478,1.791759469228055,0.6931471805599453,0.9241962407465937,0.9241962407465937,0.9241962407465937,1.6479184330021646,2.1972245773362196,1.791759469228055,1.8072048362094548,0.648636716351771,0.0,1.0986122886681098,1.922571505169192,0.46209812037329684
RWS,0.0,0.0,0.0,0.0,0.0,0.0,0.0,0.0,0.0,0.0,0.0,0.0,0.0,0.0,0.0,0.0
RWV,0.0,0.0,0.0,0.0,0.0,0.0,0.0,0.0,0.0,0.0,0.0,0.47301035898220906,0.0,0.0,0.0,0.5312275020105406
RWW,0.0,0.6931471805599453,0.0,0.0,0.0,0.0,0.0,0.6931471805599453,0.0,0.0,0.0,0.0,0.0,0.0,0.0,0.9241962407465937
RWY,0.0,0.3243183581758855,0.0,1.0750556815368328,0.6931471805599453,0.9241962407465937,0.716703787691222,0.0,0.5941261547656673,0.0,0.22893248029900976,0.42749155957692275,0.0,0.358351893845611,0.26064772304171857,0.406008819940809
RYA,0.0,0.0,0.0,0.0,0.0,0.0,0.0,0.0,0.0,0.0,1.6479184330021646,1.4853153869141684,0.0,0.0,1.6215917908794277,1.2070784343255752
RYD,0.0,0.0,0.0,0.0,0.0,0.0,0.0,0.0,0.0,0.0,0.0,0.0,0.0,0.0,0.0,0.0
RYE,0.0,0.0,1.9459101490553132,0.6931471805599453,0.0,0.0,0.0,1.3862943611198906,0.9241962407465937,1.2070784343255752,4.624972813284271,4.343805421853684,1.6094379124341003,0.0,4.3694478524670215,3.5553480614894135
RYG,1.3862943611198906,1.0986122886681098,0.5493061443340549,0.0,0.0,0.6931471805599453,1.0986122886681098,0.0,0.5493061443340549,0.0,0.0,0.6931471805599453,0.0,0.5493061443340549,0.0,0.6931471805599453
RYI,1.6094379124341003,1.0986122886681098,1.0986122886681098,1.0986122886681098,0.0,0.0,1.0986122886681098,0.0,0.0,0.0,1.433407575382444,2.2330485096744495,1.9459101490553132,0.9241962407465937,1.782378464297002,2.1581057455185335
RYM,0.0,0.0,0.0,0.0,0.0,0.0,0.0,0.0,0.0,0.0,0.0,0.0,0.0,0.0,0.0,0.0
RYN,1.9459101490553132,1.9459101490553132,2.1972245773362196,0.0,1.791759469228055,1.3862943611198906,1.2070784343255752,0.0,0.9241962407465937,1.0986122886681098,2.6064772304171857,2.380306153561547,2.0794415416798357,0.6931471805599453,2.033105440735637,1.3732653608351373
RYQ,0.0,0.0,0.0,0.0,0.0,2.5623577217969555,0.0,0.0,0.0,0.891189232148501,0.0,0.0,0.0,0.0,0.0,0.0
RYS,0.0,0.0,0.0,0.0,0.6931471805599453,0.46209812037329684,0.0,0.0,0.0,0.0,0.0,0.0,0.0,0.0,0.0,0.0
RYT,0.9241962407465937,0.46209812037329684,0.5493061443340549,0.0,1.0986122886681098,0.0,0.0,0.0,0.0,0.6931471805599453,0.0,0.0,0.0,0.0,0.0,0.0
RYV,1.4853153869141684,1.4853153869141684,1.6094379124341003,1.2070784343255752,1.6094379124341003,1.791759469228055,1.6215917908794277,2.1972245773362196,1.3862943611198906,2.0794415416798357,1.2070784343255752,2.046742304883596,1.433407575382444,1.3862943611198906,2.2590060452618186,1.0986122886681098
SAA,0.0,0.0,0.0,0.0,0.6931471805599453,0.6931471805599453,0.0,0.5493061443340549,0.0,0.0,0.6931471805599453,0.5493061443340549,0.0,1.0986122886681098,0.0,0.5493061443340549
SAD,0.6931471805599453,0.0,0.0,0.0,0.0,0.0,0.0,0.0,0.6931471805599453,0.0,0.0,0.0,0.0,0.0,0.0,0.0
SAE,0.0,0.0,0.0,0.0,0.0,0.0,0.0,0.0,0.0,0.0,0.0,0.0,0.0,0.0,0.0,0.0
SAF,0.0,0.0,0.0,0.0,0.0,0.0,0.0,0.0,0.0,0.0,0.0,0.0,0.0,0.0,0.0,0.0
SAG,0.0,0.0,0.0,0.0,0.0,0.0,0.0,0.0,0.0,0.0,0.0,0.0,0.0,0.0,0.0,0.0
SAI,0.0,0.0,0.6931471805599453,0.0,0.0,0.0,0.0,0.0,0.6931471805599453,0.0,0.0,0.0,0.0,0.0,0.0,0.0
SAL,1.0750556815368328,1.0986122886681098,0.5493061443340549,1.0750556815368328,0.358351893845611,0.6931471805599453,1.0986122886681098,0.5493061443340549,0.358351893845611,0.0,0.6777018135785455,1.068728898942307,2.0794415416798357,0.648636716351771,0.6777018135785455,1.6479184330021646
SAM,0.0,0.0,0.6931471805599453,0.0,0.6931471805599453,0.0,0.0,0.0,0.0,0.5493061443340549,0.0,0.0,0.0,0.0,0.0,0.0
SAN,0.0,0.0,0.0,0.0,0.0,0.0,0.0,0.6931471805599453,0.0,0.9241962407465937,0.0,0.0,0.0,0.0,0.0,0.0
SAP,0.0,0.6931471805599453,0.0,0.0,0.0,1.0986122886681098,1.0986122886681098,0.0,0.5493061443340549,0.0,0.0,0.5493061443340549,0.0,0.5493061443340549,0.0,0.6931471805599453
SAQ,0.5493061443340549,1.5350567286626973,0.9729550745276566,0.9241962407465937,1.6785266909588594,1.297273432703542,1.1882523095313346,0.5493061443340549,0.358351893845611,0.8047189562170501,1.5813042316832728,0.9241962407465937,0.0,1.297273432703542,0.0,0.0
SAR,0.0,0.0,0.40235947810852507,0.0,0.0,0.0,0.0,0.0,0.5493061443340549,0.6931471805599453,0.9241962407465937,1.297273432703542,0.0,0.0,1.433407575382444,1.0986122886681098
SAS,2.9929717515687337,1.766309973347609,0.9729550745276566,0.0,0.648636716351771,0.0,2.1249100080421623,0.8047189562170501,1.0750556815368328,1.766309973347609,0.0,1.4387371636790223,0.0,0.0,1.5767011966073636,0.0
SAT,0.0,1.791759469228055,0.0,0.0,1.791759469228055,0.0,0.0,0.0,0.0,0.6931471805599453,0.0,0.0,0.0,0.0,0.0,0.0
SAV,2.2330485096744495,2.3019858420456756,1.8072048362094548,0.6931471805599453,2.1249100080421623,1.4853153869141684,1.624035279763236,1.4387371636790223,0.5493061443340549,2.049711555589573,0.0,1.782378464297002,0.9241962407465937,0.0,1.700218681115391,0.0
SCA,0.0,0.0,0.5493061443340549,0.0,0.0,0.0,0.0,0.0,0.0,0.0,0.0,0.5493061443340549,0.0,0.0,0.29706307738283366,0.46209812037329684
SCC,0.0,0.0,0.0,0.0,0.0,0.0,0.0,0.0,0.0,0.0,0.0,0.0,0.0,0.0,0.0,0.0
SCE,0.0,0.0,0.0,0.0,0.0,0.0,0.0,0.0,0.0,0.0,0.0,0.0,0.0,0.0,0.0,0.0
SCI,0.0,0.5493061443340549,0.6931471805599453,0.5493061443340549,1.0986122886681098,1.0750556815368328,0.6931471805599453,0.0,0.6931471805599453,0.9241962407465937,0.6931471805599453,0.0,0.0,0.5493061443340549,0.0,0.6931471805599453
SCK,0.0,0.0,0.0,0.0,0.0,0.0,0.0,0.0,0.0,0.0,0.0,0.0,0.0,0.0,0.0,0.0
SCM,0.0,0.0,0.0,0.0,0.0,0.0,0.0,0.0,0.0,0.0,0.0,0.0,0.0,0.0,0.0,0.0
SCN,0.0,0.0,0.0,0.0,0.0,0.0,0.0,0.0,0.0,0.0,0.0,0.0,0.0,0.0,0.0,0.0
SCP,0.0,0.0,0.0,0.0,0.0,0.0,0.0,0.0,0.0,0.0,0.0,0.0,0.0,0.0,0.0,0.0
SCQ,0.0,1.0986122886681098,1.0986122886681098,0.0,0.6931471805599453,0.46209812037329684,0.0,0.5493061443340549,0.9729550745276566,0.0,0.5493061443340549,0.0,0.0,0.0,0.0,0.0
SCS,1.0986122886681098,0.0,0.8047189562170501,0.0,0.0,0.0,0.0,0.0,0.716703787691222,0.0,0.0,0.0,0.0,0.0,0.0,0.0
SCT,0.0,0.0,0.0,0.0,0.0,0.0,0.0,0.0,0.0,0.0,0.0,0.0,0.0,0.0,0.0,0.0
SDA,0.0,0.0,0.0,0.0,0.6931471805599453,0.0,0.0,0.0,0.0,0.0,2.0424646366873693,2.4641234825514258,0.0,0.0,1.3086395462961955,2.5654043584874864
SDC,0.0,0.0,0.0,0.0,0.0,0.0,0.0,0.0,0.0,0.0,0.0,0.0,0.0,0.0,0.0,0.0
SDD,0.0,0.0,0.0,0.0,0.0,0.0,0.0,0.0,0.0,0.0,0.0,0.0,0.0,0.0,0.0,0.0
SDE,0.0,0.0,0.0,0.0,0.0,0.0,0.0,0.0,0.0,0.0,0.0,0.0,0.0,0.0,0.0,0.0
SDG,0.6931471805599453,0.6931471805599453,0.0,0.0,0.0,0.6931471805599453,0.0,0.9241962407465937,0.46209812037329684,0.6931471805599453,1.0986122886681098,0.6931471805599453,0.0,1.0986122886681098,0.6931471805599453,0.0
SDI,1.0624550040210812,2.2833918282925674,0.6412373393653842,0.0,1.068728898942307,0.9671607861079322,0.0,1.8270396897336403,0.21374577978846138,1.4387371636790223,0.0,1.3086395462961955,1.0986122886681098,1.3732653608351373,1.2938747370452313,0.5493061443340549
SDK,0.6931471805599453,0.6931471805599453,1.0986122886681098,0.0,0.6931471805599453,1.0986122886681098,0.6931471805599453,0.5493061443340549,1.0986122886681098,0.6931471805599453,1.3862943611198906,0.6931471805599453,0.6931471805599453,0.0,1.0986122886681098,0.0
SDL,0.0,0.46209812037329684,0.6931471805599453,0.5493061443340549,1.0986122886681098,0.08800441009112235,0.5493061443340549,0.0,0.0,0.0,0.33539379704513483,0.5493061443340549,0.6931471805599453,0.5493061443340549,0.0,0.0
SDP,0.0,0.40235947810852507,0.0,0.0,0.0,0.0,0.5493061443340549,0.0,0.0,0.0,0.0,0.6931471805599453,0.0,0.6931471805599453,0.0,0.46209812037329684
SDQ,0.0,0.0,0.0,0.0,0.0,0.0,0.0,0.0,0.0,0.0,0.0,0.0,0.0,0.0,0.0,0.0
SDR,0.0,0.0,0.0,0.0,0.0,0.0,0.0,0.0,0.0,0.0,0.0,0.0,0.0,0.0,0.0,0.0
SDS,0.0,0.0,0.0,0.0,0.0,0.0,0.0,0.0,0.0,0.0,0.0,0.0,0.0,0.0,0.0,0.0
SDY,0.0,0.0,0.8047189562170501,0.0,0.40235947810852507,0.0,0.0,0.0,0.0,0.0,3.425728220144426,2.906746241057835,0.0,0.0,2.8161411229159152,2.8380621538932544
SEA,0.716703787691222,0.0,0.0,0.358351893845611,0.0,0.0,0.5493061443340549,0.40235947810852507,0.0,0.6931471805599453,0.0,0.46209812037329684,0.716703787691222,0.0,0.0,0.0
SED,0.0,0.0,0.0,0.0,0.0,0.0,0.0,0.0,0.0,0.0,0.0,0.0,0.0,0.0,0.0,0.0
SEE,0.0,0.0,0.5493061443340549,0.0,0.0,0.0,0.0,0.0,0.0,0.0,1.3732653608351373,1.6215917908794277,1.2070784343255752,0.6931471805599453,1.6094379124341003,1.9459101490553132
SEF,0.0,0.0,0.9241962407465937,0.0,0.0,0.0,0.5493061443340549,0.0,0.0,0.9241962407465937,0.0,0.0,0.0,0.0,0.0,0.0
SEI,0.0,0.0,0.0,0.0,0.0,0.0,0.0,0.0,0.0,0.0,0.0,0.0,0.0,0.0,0.0,0.0
SEK,0.6931471805599453,0.6931471805599453,1.0986122886681098,0.6931471805599453,0.6931471805599453,0.0,0.0,0.6931471805599453,0.5493061443340549,1.0986122886681098,0.6931471805599453,0.9241962407465937,0.6931471805599453,0.0,0.46209812037329684,0.0
SEL,0.0,3.0423109532347654,0.0,0.0,3.0423109532347654,1.8872763037076763,0.0,2.833213344056216,0.0,3.2188758248682006,0.0,0.0,0.0,0.0,3.127772676500623,2.833213344056216
SEN,0.0,0.0,0.0,0.0,0.0,0.0,0.0,0.0,0.0,0.0,0.0,0.0,0.0,0.0,0.0,0.0
SEP,0.0,0.0,0.6931471805599453,0.0,0.0,0.0,0.0,0.0,0.6931471805599453,0.6931471805599453,1.0986122886681098,0.6931471805599453,0.0,0.0,1.0986122886681098,0.5493061443340549
SEQ,0.6931471805599453,0.6931471805599453,0.6931471805599453,0.0,0.6931471805599453,0.6931471805599453,0.0,0.0,0.0,0.0,0.0,0.0,0.0,0.0,0.0,0.0
SER,0.0,0.40235947810852507,0.8047189562170501,1.0986122886681098,0.716703787691222,0.0,0.648636716351771,0.0,0.0,0.0,1.6479184330021646,1.782378464297002,1.791759469228055,0.0,0.9241962407465937,1.9459101490553132
SES,0.0,3.2188758248682006,0.0,0.0,3.2188758248682006,2.706317629537765,3.8918202981106265,3.7612001156935624,3.1780538303479458,3.2188758248682006,1.6654960931072953,2.5649493574615367,0.0,3.2188758248682006,3.2188758248682006,3.633632376598942
SET,0.6931471805599453,0.0,0.0,0.6931471805599453,0.0,0.0,0.0,0.8047189562170501,0.5493061443340549,0.0,0.0,0.0,0.0,0.5493061443340549,0.6931471805599453,0.0
SEV,1.0986122886681098,1.2070784343255752,1.0986122886681098,0.6931471805599453,1.297273432703542,1.433407575382444,0.29706307738283366,0.8047189562170501,1.2070784343255752,0.891189232148501,1.433407575382444,1.782378464297002,0.6931471805599453,0.8047189562170501,1.5350567286626973,0.0
SEW,0.0,0.0,0.0,0.0,0.0,0.0,0.0,0.0,0.0,0.0,0.0,0.0,0.0,0.0,0.0,0.0
SEY,0.0,0.0,0.6931471805599453,0.0,0.0,0.0,0.0,0.0,0.6931471805599453,0.0,0.0,0.0,0.0,0.0,0.0,0.0
SFC,0.0,0.0,0.0,0.0,0.0,0.0,0.0,0.0,0.0,0.0,0.0,0.0,0.0,0.0,0.0,0.0
SFD,1.3862943611198906,2.6390573296152584,2.6390573296152584,0.6931471805599453,0.9729550745276566,0.0,0.0,0.9241962407465937,2.5649493574615367,0.6931471805599453,0.0,0.8047189562170501,2.1972245773362196,0.5493061443340549,0.5493061443340549,1.9459101490553132
SFE,1.3862943611198906,0.0,1.5350567286626973,0.6931471805599453,0.0,0.0,0.46209812037329684,0.0,1.6479184330021646,0.0,1.1989476363991853,0.0,0.0,0.6931471805599453,0.9241962407465937,0.6931471805599453
SFF,0.6931471805599453,0.6931471805599453,0.0,0.0,0.0,0.0,0.0,0.9241962407465937,0.5493061443340549,0.5493061443340549,0.0,0.5493061443340549,0.0,1.0986122886681098,0.6931471805599453,0.0
SFG,0.0,0.0,0.0,0.0,0.0,0.0,0.0,0.0,0.0,0.0,0.0,0.0,0.0,0.0,0.0,0.0
SFH,0.0,0.0,0.0,0.0,0.0,0.0,0.0,0.6931471805599453,0.0,0.0,0.0,0.0,0.0,0.0,0.0,0.0
SFI,0.0,0.6931471805599453,0.0,0.6931471805599453,0.0,0.0,0.5493061443340549,1.0986122886681098,0.0,0.716703787691222,0.0,0.0,0.5493061443340549,0.0,0.0,0.0
SFK,0.6931471805599453,0.6931471805599453,0.0,0.0,0.0,0.0,1.0986122886681098,0.0,0.0,0.0,0.0,1.297273432703542,1.9459101490553132,0.0,0.0,1.6094379124341003
SFL,0.0,0.0,0.0,0.6931471805599453,0.0,0.0,0.0,0.0,0.0,0.0,0.0,0.0,0.0,0.0,0.6931471805599453,0.0
SFM,1.0986122886681098,0.0,1.1882523095313346,0.0,0.0,0.0,0.0,0.0,0.9241962407465937,1.0986122886681098,0.0,0.0,0.0,0.0,0.0,0.0
SFN,0.0,0.0,0.0,0.5493061443340549,0.0,0.0,0.0,0.5493061443340549,0.6931471805599453,0.0,0.0,0.0,0.0,0.0,0.6931471805599453,0.6931471805599453
SFP,3.2087895283168626,2.961959564600181,1.4722194895832201,0.0,2.1459172165788,1.1295030226309093,0.0,1.3732653608351373,0.3243183581758855,1.624035279763236,0.0,1.218026459822427,0.0,0.0,1.9183162182386966,0.0
SFQ,0.0,0.0,0.0,0.0,0.0,0.6931471805599453,0.0,1.0986122886681098,0.0,0.0,0.0,0.0,0.0,1.2070784343255752,0.0,0.6931471805599453
SFR,0.0,0.46209812037329684,0.8239592165010823,0.0,0.6931471805599453,0.0,0.0,0.0,0.9729550745276566,0.0,0.0,0.0,0.0,0.0,0.0,0.0
SFS,0.0,0.0,0.0,0.0,0.0,0.0,0.0,0.0,0.0,0.0,0.0,0.0,0.0,0.0,0.0,0.0
SFT,0.0,0.0,0.0,0.0,0.0,0.0,0.0,0.0,0.0,0.0,0.0,0.0,0.0,0.0,0.0,0.0
SFV,0.358351893845611,0.9241962407465937,0.46209812037329684,0.0,1.3862943611198906,0.0,0.0,0.0,0.40235947810852507,1.2070784343255752,1.2824746787307684,1.3862943611198906,0.0,0.0,1.3862943611198906,1.0986122886681098
SFY,0.0,0.0,0.0,0.0,0.0,0.0,0.0,0.0,0.0,0.0,0.0,0.0,0.0,0.0,0.0,0.0
SGA,0.0,0.0,0.0,0.0,0.0,0.0,0.0,0.0,0.0,0.0,0.0,0.0,0.0,0.0,0.0,0.0
SGC,0.0,0.0,0.0,0.0,0.0,0.0,0.0,0.5493061443340549,0.0,0.0,0.0,0.6931471805599453,0.0,0.0,0.5493061443340549,0.5493061443340549
SGD,0.0,0.0,0.0,0.0,0.0,0.0,0.0,0.0,0.0,0.0,0.0,0.0,0.0,0.0,0.0,0.0
SGE,0.0,0.0,0.0,0.0,0.0,0.0,0.0,0.0,0.0,0.0,0.0,0.0,0.0,0.0,0.0,0.0
SGF,2.6457324378465152,0.6412373393653842,0.3243183581758855,0.0,0.2558427881104495,0.27465307216702745,0.29706307738283366,0.358351893845611,2.402910225941144,0.7737286288863456,0.716703787691222,0.0,0.0,0.0,0.0,0.0
SGG,0.0,0.0,0.0,0.0,0.0,0.0,0.0,0.0,0.0,0.0,0.0,0.0,0.0,0.0,0.0,0.0
SGH,0.6931471805599453,0.5493061443340549,0.0,0.0,0.6931471805599453,0.5493061443340549,0.0,0.5493061443340549,0.5493061443340549,0.0,0.6931471805599453,0.6931471805599453,0.0,0.6931471805599453,0.0,0.0
SGI,0.0,0.0,0.5493061443340549,0.0,0.0,0.0,0.0,0.0,0.5493061443340549,0.0,0.0,0.0,0.0,0.0,0.0,0.0
SGK,0.5941261547656673,0.9241962407465937,0.0,0.6931471805599453,0.6931471805599453,0.716703787691222,0.6931471805599453,0.46209812037329684,1.3862943611198906,0.0,1.2070784343255752,0.46209812037329684,0.0,0.9729550745276566,1.0986122886681098,0.0
SGL,0.0,0.23978952727983707,0.0,0.0,0.29706307738283366,0.0,0.0,0.2030044099704045,0.0,0.29706307738283366,0.0,0.0,0.0,0.0,0.2030044099704045,0.0
SGM,0.0,0.5493061443340549,1.782378464297002,2.2590060452618186,0.6931471805599453,0.9591581091193483,0.0,0.8047189562170501,1.355403627157091,0.9241962407465937,1.023371152441798,2.2330485096744495,2.0794415416798357,0.8047189562170501,2.617279092592391,1.9459101490553132
SGN,1.0986122886681098,0.0,0.0,0.0,0.0,0.0,0.0,0.0,0.0,0.0,0.0,0.0,0.0,0.0,0.0,0.0
SGQ,0.0,0.0,0.0,0.0,0.0,0.0,0.0,0.0,0.0,0.0,0.0,0.0,0.0,0.0,0.0,0.0
SGR,3.2188758248682006,3.1690739096195473,1.6635532333438687,0.40235947810852507,2.6494649600214135,1.9237120180961527,3.0905884840366316,1.4387371636790223,1.8776775645064505,2.9692014061493484,0.22590060452618185,1.709966238307691,0.6931471805599453,0.40235947810852507,2.207381675250309,0.29706307738283366
SGS,2.4038489485082053,2.0597048252607606,0.1770758340035135,0.5493061443340549,1.8920414359288362,0.511685576220899,2.6831503763610787,0.0,1.7962912954140562,1.4809797823000905,0.0,0.16357994328702444,0.47957905455967414,0.0,0.0,0.0
SGT,0.0,0.0,0.3243183581758855,0.0,0.29706307738283366,0.0,0.0,0.0,0.0,0.0,0.0,0.0,0.0,0.0,0.0,0.0
SGV,0.0,0.358351893845611,1.0750556815368328,0.0,1.023371152441798,0.46209812037329684,1.3732653608351373,0.0,0.358351893845611,1.068728898942307,0.8047189562170501,0.358351893845611,0.6931471805599453,0.8047189562170501,0.358351893845611,0.46209812037329684
SGW,0.0,0.0,0.0,0.0,0.0,0.0,0.0,0.0,0.0,0.0,0.0,0.0,0.0,0.0,0.0,0.0
SGY,1.2070784343255752,1.2070784343255752,1.0986122886681098,0.5493061443340549,0.0,0.40235947810852507,1.9459101490553132,0.9241962407465937,0.5493061443340549,0.0,1.2070784343255752,1.6479184330021646,1.0986122886681098,1.1882523095313346,0.8047189562170501,1.6094379124341003
SHA,0.0,1.0986122886681098,0.0,0.0,1.0986122886681098,0.0,0.0,0.0,0.6931471805599453,0.0,0.0,0.0,0.0,0.0,0.0,0.0
SHD,0.6931471805599453,0.0,0.46209812037329684,0.0,0.5493061443340549,0.0,0.0,0.0,0.6931471805599453,1.0986122886681098,1.1989476363991853,0.0,0.0,0.0,0.0,0.0
SHE,0.0,0.0,0.0,0.0,0.0,0.0,0.0,0.0,0.0,0.0,0.0,0.0,0.0,0.0,0.0,0.0
SHG,1.3862943611198906,0.6931471805599453,0.6931471805599453,0.0,0.0,0.0,0.0,0.5493061443340549,0.0,0.0,1.0986122886681098,0.9241962407465937,0.5493061443340549,0.0,1.0986122886681098,0.5493061443340549
SHL,0.0,0.6931471805599453,0.6931471805599453,0.0,1.0986122886681098,0.0,0.0,0.0,0.0,0.6931471805599453,0.0,0.0,0.0,0.0,0.0,0.0
SHN,1.6094379124341003,0.0,0.6931471805599453,0.0,0.0,0.0,0.5493061443340549,0.0,0.5493061443340549,0.0,0.0,0.0,0.0,0.0,0.0,0.0
SHR,0.0,0.0,0.0,0.0,0.0,0.0,0.0,0.0,0.0,0.0,0.0,0.0,0.0,0.0,0.0,0.0
SHS,0.0,0.0,0.0,0.0,0.0,0.0,0.0,0.0,0.0,0.0,0.0,0.0,0.0,0.0,0.0,0.0
SHT,0.0,0.0,0.0,0.0,0.0,0.0,0.0,0.0,0.0,0.0,0.0,0.0,0.0,0.0,0.0,0.0
SHV,0.0,0.0,0.6931471805599453,0.0,0.0,0.0,0.0,0.0,0.0,0.0,0.0,0.0,0.6931471805599453,0.0,0.0,0.0
SHW,0.0,0.6931471805599453,0.6931471805599453,0.0,0.0,0.0,0.5493061443340549,0.0,0.0,0.0,0.6931471805599453,1.0986122886681098,1.0986122886681098,0.0,0.6931471805599453,0.9241962407465937
SIA,0.0,0.0,0.0,0.0,0.0,0.0,0.0,0.0,0.0,0.0,0.0,0.0,0.0,0.0,0.0,0.0
SIC,0.0,0.0,0.0,0.0,0.5493061443340549,0.0,0.0,0.0,0.0,0.0,0.0,0.0,0.0,0.0,0.0,0.0
SID,0.0,0.0,0.0,0.0,0.0,0.0,0.0,0.0,0.0,0.0,0.0,0.0,0.0,0.0,0.0,0.0
SIE,1.0986122886681098,0.0,0.0,0.0,0.0,0.0,0.0,0.0,0.0,0.0,0.0,0.0,0.0,0.0,0.0,0.0
SIG,0.0,0.0,0.0,0.0,0.0,0.6931471805599453,0.0,0.6931471805599453,0.0,0.0,0.648636716351771,0.40235947810852507,0.0,0.6931471805599453,0.716703787691222,0.5493061443340549
SIH,2.9506361727958503,2.8385445827418403,0.27465307216702745,0.0,1.7343713162681,0.648636716351771,2.850449287208318,0.0,2.3019858420456756,0.3243183581758855,0.0,0.0,0.0,0.0,0.0,0.0
SII,0.0,0.6931471805599453,0.8047189562170501,0.5493061443340549,0.46209812037329684,0.40235947810852507,0.0,0.5493061443340549,1.2070784343255752,0.0,0.8047189562170501,0.9241962407465937,0.6931471805599453,0.0,1.6094379124341003,0.0
SIK,0.0,0.0,0.0,0.0,0.46209812037329684,0.0,0.0,0.0,0.0,0.0,0.0,0.0,0.0,0.0,0.0,0.0
SIL,0.0,0.0,0.0,0.0,0.0,0.0,0.0,0.0,0.0,0.0,0.0,0.0,0.0,0.0,0.0,0.0
SIN,0.0,0.0,0.0,0.0,0.0,4.241138302987511,0.0,0.0,0.0,0.0,2.060694968905544,0.0,0.0,0.0,0.0,0.0
SIP,0.0,0.0,0.5493061443340549,0.0,0.6931471805599453,0.6931471805599453,0.0,0.0,0.5493061443340549,0.0,0.0,0.0,0.0,0.0,0.0,0.0
SIR,0.0,0.0,0.0,0.6931471805599453,0.46209812037329684,0.0,0.0,0.6931471805599453,0.8047189562170501,0.9241962407465937,0.5493061443340549,0.0,0.0,0.0,1.3862943611198906,1.0986122886681098
SIS,3.3195209643356414,2.553839622078879,0.6412373393653842,1.0986122886681098,1.8527920366854067,0.7193685818395111,3.2087895283168626,0.8239592165010823,2.210820055894223,0.648636716351771,0.0,0.358351893845611,1.2070784343255752,0.40235947810852507,0.5312275020105406,0.716703787691222
SIT,0.0,0.0,0.0,0.0,0.0,0.0,0.0,0.0,0.0,0.0,0.0,0.0,0.0,0.0,0.0,0.0
SIV,0.0,0.0,0.0,0.0,0.0,4.392783383676206,0.0,0.0,0.0,0.0,0.0,0.0,0.0,0.0,0.0,0.0
SKA,1.2070784343255752,0.9241962407465937,1.0986122886681098,0.0,0.0,0.0,0.5493061443340549,1.2070784343255752,0.40235947810852507,1.0986122886681098,1.2070784343255752,0.9241962407465937,0.0,0.6931471805599453,1.2070784343255752,1.0986122886681098
SKC,0.0,0.0,0.0,0.0,0.0,0.0,0.0,0.0,0.0,0.0,0.0,0.0,0.0,0.0,0.0,0.0
SKD,0.0,0.0,0.648636716351771,0.0,0.0,0.0,0.0,0.29706307738283366,0.5493061443340549,0.3243183581758855,0.32779758388748254,0.0,0.0,0.0,0.29706307738283366,0.0
SKF,0.0,0.0,0.0,0.0,0.0,0.0,0.0,0.0,0.0,0.0,0.0,0.0,0.0,0.0,0.0,0.0
SKG,0.0,0.0,1.0986122886681098,1.3862943611198906,0.9241962407465937,0.5493061443340549,0.0,0.6931471805599453,0.8047189562170501,0.0,0.9241962407465937,0.6931471805599453,0.6931471805599453,0.9241962407465937,0.6931471805599453,0.6931471805599453
SKH,0.0,0.0,0.0,0.0,0.0,0.0,0.0,0.6931471805599453,0.0,0.0,0.0,0.5493061443340549,0.0,0.0,0.5493061443340549,0.5493061443340549
SKI,0.358351893845611,0.27465307216702745,1.0750556815368328,1.3732653608351373,1.6094379124341003,0.0,0.0,0.5493061443340549,0.8239592165010823,0.5545177444479562,0.32057822951056014,0.9241962407465937,0.4518012090523637,0.6777018135785455,1.2070784343255752,0.0
SKK,0.0,0.0,0.0,0.0,0.0,0.0,0.0,0.0,0.0,0.0,0.0,0.0,0.0,0.0,0.0,0.0
SKL,1.297273432703542,0.0,3.1690739096195473,0.0,0.0,3.1010246554822523,0.0,2.2281432400225847,0.46209812037329684,0.0,3.8141067150787533,0.0,0.0,2.7471897635881173,0.0,2.1492572089677497
SKN,2.5649493574615367,0.0,0.5493061443340549,0.0,0.0,0.0,0.0,0.0,2.6390573296152584,0.0,0.0,0.0,0.0,0.0,0.0,0.0
SKP,0.0,0.0,2.4849066497880004,1.2070784343255752,0.6931471805599453,0.6931471805599453,0.0,0.0,2.4790616760491893,0.0,2.436052919644854,0.0,0.6931471805599453,0.8047189562170501,0.6931471805599453,0.0
SKR,0.0,0.0,0.5493061443340549,0.0,0.9241962407465937,1.0750556815368328,0.0,0.0,0.0,0.6931471805599453,0.0,0.0,0.0,0.0,0.0,0.0
SKS,0.0,0.0,0.0,0.0,0.0,0.0,0.0,0.0,0.0,0.0,0.5493061443340549,0.9241962407465937,0.0,0.0,0.6931471805599453,0.0
SKT,0.0,0.0,0.0,0.0,0.0,0.0,0.0,0.0,0.0,0.0,0.0,0.0,0.0,0.0,0.0,0.0
SKV,0.46209812037329684,0.716703787691222,0.0,0.0,0.9241962407465937,0.0,0.5493061443340549,0.0,0.29706307738283366,0.0,0.0,0.3243183581758855,0.0,0.0,0.46209812037329684,0.40235947810852507
SKW,0.8047189562170501,0.0,1.6094379124341003,0.0,1.0986122886681098,0.0,0.6931471805599453,0.0,1.0986122886681098,1.0986122886681098,2.218070977791825,0.0,0.0,0.0,0.0,0.0
SLA,0.0,0.0,0.0,0.0,0.0,0.6931471805599453,0.0,1.0986122886681098,0.0,0.0,0.0,0.0,0.0,1.297273432703542,0.0,1.0986122886681098
SLC,0.0,0.0,0.6931471805599453,0.0,0.6931471805599453,1.0986122886681098,0.0,0.0,0.0,0.6931471805599453,0.9241962407465937,0.46209812037329684,0.6931471805599453,0.0,0.0,0.0
SLD,0.0,0.0,0.6931471805599453,0.0,0.0,0.0,0.0,0.0,0.0,0.0,0.40235947810852507,0.9241962407465937,0.5493061443340549,0.0,0.0,0.6931471805599453
SLE,0.9241962407465937,0.6931471805599453,0.8047189562170501,0.5493061443340549,0.8047189562170501,0.8047189562170501,0.5493061443340549,0.0,0.46209812037329684,0.8047189562170501,0.2850449287208318,1.6357994328702448,0.0,0.5493061443340549,0.511685576220899,1.9183162182386966
SLF,1.2070784343255752,0.5493061443340549,0.0,0.5493061443340549,0.0,0.0,0.0,1.0986122886681098,0.5493061443340549,0.0,0.0,0.0,1.2070784343255752,0.5493061443340549,0.6931471805599453,0.0
SLG,0.0,0.0,0.8047189562170501,0.0,0.0,0.0,0.0,0.0,0.0,0.0,0.0,0.0,1.6094379124341003,0.0,0.0,1.0986122886681098
SLH,0.0,0.0,0.0,0.40235947810852507,0.0,0.0,0.358351893845611,0.0,0.0,1.4853153869141684,0.23978952727983707,0.29706307738283366,0.0,0.0,2.0794415416798357,0.5493061443340549
SLI,0.0,0.0,0.0,0.0,0.0,0.0,0.0,0.0,0.0,0.0,0.0,0.0,0.0,0.0,0.0,0.0
SLK,1.5474572577726913,1.87024054922693,0.21374577978846138,1.4853153869141684,1.5350567286626973,2.0117973905426254,1.1901530767807735,1.8270396897336403,1.1989476363991853,1.0150220498520226,1.1090354888959124,1.2395308380245946,2.137457797884614,1.2824746787307684,1.1989476363991853,1.9459101490553132
SLL,1.6094379124341003,1.3732653608351373,0.716703787691222,0.0,0.8047189562170501,0.0,0.0,1.0986122886681098,1.6215917908794277,0.0,0.9814796597221467,0.7611306094308558,0.5493061443340549,0.0,1.1295030226309093,0.0
SLM,0.0,0.0,0.0,0.0,0.0,0.0,0.0,0.0,0.0,0.0,0.0,0.0,0.0,0.0,0.0,0.0
SLN,0.0,0.0,0.0,0.0,0.0,0.0,0.0,0.0,0.0,0.0,0.0,0.0,0.0,0.0,0.0,0.0
SLP,0.0,0.0,0.0,0.0,0.0,0.0,0.0,1.0986122886681098,0.0,0.0,0.0,0.0,0.0,1.3862943611198906,0.0,0.6931471805599453
SLQ,0.0,0.0,0.0,0.0,0.0,0.0,0.5493061443340549,0.0,0.0,0.6931471805599453,1.6094379124341003,1.3862943611198906,0.0,0.0,0.9729550745276566,0.5493061443340549
SLR,0.42749155957692275,0.5802964716647593,0.648636716351771,1.0986122886681098,0.23978952727983707,0.0,0.8549831191538455,0.0,0.0,0.0,0.42749155957692275,0.9241962407465937,1.782378464297002,0.0,0.0,1.1295030226309093
SLS,0.0,0.0,0.9241962407465937,0.0,0.0,0.46209812037329684,0.5493061443340549,0.5493061443340549,0.40235947810852507,0.9241962407465937,0.8047189562170501,0.0,0.0,0.0,0.0,0.0
SLT,0.0,0.9241962407465937,0.0,0.0,0.0,0.0,1.0986122886681098,0.0,0.0,0.0,0.0,0.0,0.0,0.0,0.0,0.0
SLV,0.0,0.0,0.5493061443340549,0.0,0.0,0.0,0.0,0.0,0.0,0.0,0.5493061443340549,0.6931471805599453,0.5493061443340549,0.0,0.5493061443340549,0.0
SLY,2.7400701939510808,0.2558427881104495,1.1882523095313346,0.0,0.7193685818395111,0.46209812037329684,2.030044099704045,0.0,0.5493061443340549,2.033231729642506,0.0,0.0,0.6931471805599453,0.0,1.8072048362094548,0.0
SMD,0.0,0.6931471805599453,0.6931471805599453,0.0,0.5493061443340549,0.6931471805599453,0.5493061443340549,0.0,0.6931471805599453,0.5493061443340549,0.0,0.6931471805599453,0.0,0.9241962407465937,0.5493061443340549,0.0
SMI,0.0,0.0,0.0,0.0,0.0,0.0,0.0,0.0,0.0,0.0,0.0,0.0,0.0,0.0,0.0,0.0
SMK,1.6215917908794277,1.2070784343255752,1.3862943611198906,0.9241962407465937,1.0750556815368328,1.9237120180961527,1.782378464297002,1.297273432703542,1.5350567286626973,1.297273432703542,0.46209812037329684,0.5493061443340549,1.0750556815368328,0.8047189562170501,0.9241962407465937,0.6931471805599453
SML,0.0,0.0,0.0,0.6931471805599453,0.0,0.0,0.0,0.6931471805599453,0.6931471805599453,0.6931471805599453,0.0,1.6479184330021646,0.0,0.0,0.15767011966073635,2.321185886659037
SMM,0.0,0.0,0.0,0.0,0.0,0.0,0.0,0.0,0.0,0.0,0.0,0.0,0.0,0.0,0.0,0.0
SMQ,0.29706307738283366,0.23978952727983707,0.0,0.0,1.6215917908794277,0.3243183581758855,0.0,0.0,0.0,1.791759469228055,0.0,0.0,0.0,0.0,1.791759469228055,1.4853153869141684
SMT,0.0,0.0,0.0,0.0,0.0,2.0269897385992848,0.0,0.0,0.4518012090523637,1.9459101490553132,1.4461427550511763,0.0,0.0,0.0,0.0,0.0
SMV,0.0,0.0,0.0,0.6931471805599453,0.0,0.0,0.0,0.0,0.6931471805599453,0.0,0.0,0.0,0.0,0.0,0.6931471805599453,0.0
SMY,0.6931471805599453,1.0986122886681098,0.0,0.0,0.0,0.6931471805599453,0.0,0.6931471805599453,0.6931471805599453,0.0,0.0,0.0,0.0,0.0,0.0,1.3862943611198906
SNC,0.0,0.0,0.0,0.0,0.0,0.0,0.0,0.0,0.0,0.0,0.0,0.0,0.0,0.0,0.0,0.0
SND,0.0,1.6479184330021646,0.40235947810852507,1.791759469228055,0.3243183581758855,1.791759469228055,0.9241962407465937,0.0,0.5493061443340549,0.3243183581758855,0.0,1.6094379124341003,0.0,0.0,0.0,1.791759469228055
SNF,0.0,1.6357994328702448,1.297273432703542,0.0,1.5767011966073636,0.5941261547656673,0.0,0.9729550745276566,0.0,0.0,0.27465307216702745,0.0,1.6094379124341003,0.0,0.0,1.433407575382444
SNI,0.0,0.0,0.0,0.0,0.0,0.0,0.0,0.0,0.0,0.0,0.0,0.0,0.0,0.0,0.0,0.0
SNK,0.0,1.6094379124341003,1.6094379124341003,0.0,1.3862943611198906,1.0986122886681098,0.46209812037329684,0.0,1.6094379124341003,0.0,1.6215917908794277,0.6931471805599453,0.0,0.46209812037329684,0.6931471805599453,0.0
SNL,0.8047189562170501,0.5493061443340549,0.0,0.0,0.9241962407465937,0.0,0.0,0.6931471805599453,0.46209812037329684,1.3862943611198906,1.0986122886681098,0.5493061443340549,0.0,0.0,0.9241962407465937,0.9241962407465937
SNN,0.0,0.0,0.0,0.0,0.0,0.0,0.0,0.0,0.0,0.0,0.0,0.0,0.0,0.0,0.0,0.0
SNP,0.0,0.0,0.0,0.0,0.0,0.0,0.0,0.5493061443340549,0.0,0.5493061443340549,0.9241962407465937,0.0,0.0,0.0,1.0986122886681098,0.0
SNQ,0.0,0.0,0.0,0.0,0.0,0.0,0.6931471805599453,0.0,0.0,0.0,0.6931471805599453,1.3862943611198906,0.0,0.0,1.0986122886681098,0.0
SNS,0.0,0.716703787691222,0.23978952727983707,1.3862943611198906,0.8047189562170501,1.1295030226309093,0.0,0.46209812037329684,0.22590060452618185,1.023371152441798,0.6412373393653842,0.9036024181047274,0.6931471805599453,0.9241962407465937,1.6785266909588594,0.716703787691222
SNT,0.0,0.0,0.5493061443340549,0.5493061443340549,0.5493061443340549,0.0,0.0,0.0,0.0,0.0,0.8047189562170501,1.297273432703542,0.9241962407465937,0.0,0.40235947810852507,1.2070784343255752
SNV,0.0,0.0,0.0,0.0,0.0,0.0,0.0,0.0,0.0,0.0,0.0,0.0,0.0,0.0,0.0,0.0
SNW,0.0,0.0,0.0,0.0,0.0,0.0,0.0,0.0,0.0,0.0,0.0,0.6931471805599453,0.0,0.0,0.6931471805599453,0.6931471805599453
SNY,0.5493061443340549,0.5493061443340549,0.6931471805599453,0.0,0.0,0.0,0.6931471805599453,0.0,0.6931471805599453,0.0,0.40235947810852507,0.6931471805599453,0.6931471805599453,0.0,0.0,0.6931471805599453
SPA,0.0,2.5649493574615367,0.0,0.9241962407465937,0.0,3.6523850760237977,0.5545177444479562,0.0,0.47957905455967414,2.302585092994046,3.233614227413794,0.0,2.5146180438806236,1.4210308697928313,1.2070784343255752,0.511685576220899
SPD,0.0,0.0,0.0,0.0,0.0,0.0,0.0,0.0,0.0,0.0,0.0,0.0,0.0,0.0,0.0,0.0
SPE,1.6094379124341003,1.0986122886681098,0.6931471805599453,0.0,0.0,0.5493061443340549,0.0,1.0986122886681098,0.6931471805599453,0.0,0.0,0.0,0.6931471805599453,0.0,0.0,0.0
SPF,0.0,0.0,0.6931471805599453,0.0,0.9241962407465937,1.0750556815368328,0.0,0.0,0.0,0.46209812037329684,0.6090132299112135,0.406008819940809,0.5493061443340549,0.0,0.0,0.0
SPG,0.0,0.0,0.0,0.0,0.0,0.0,0.0,0.0,0.0,0.0,0.0,0.0,0.0,0.0,0.0,0.0
SPI,0.0,0.0,0.6931471805599453,0.0,0.0,0.0,0.0,0.0,0.0,0.0,0.15767011966073635,0.6931471805599453,0.358351893845611,0.0,0.0,0.0
SPL,0.0,0.0,0.0,0.0,0.0,0.0,0.0,0.0,0.0,0.0,0.0,0.0,0.0,0.0,0.0,0.0
SPQ,0.0,0.0,0.0,0.5493061443340549,0.0,0.0,0.0,1.2070784343255752,0.6931471805599453,1.2070784343255752,2.8878937627389645,1.6713233706850963,0.0,0.0,2.024599857071647,1.6581150419206674
SPR,0.0,0.5493061443340549,0.0,1.2070784343255752,0.46209812037329684,1.0986122886681098,1.0986122886681098,0.0,0.648636716351771,0.0,0.9241962407465937,0.5493061443340549,0.0,0.40235947810852507,0.8047189562170501,1.0986122886681098
SPS,0.891189232148501,0.40235947810852507,0.46209812037329684,0.0,0.0,0.5493061443340549,0.0,0.0,0.5493061443340549,0.0,0.0,0.0,0.0,0.0,0.0,0.0
SPT,0.0,0.0,0.0,0.5493061443340549,0.5493061443340549,0.0,0.0,0.0,0.0,0.6931471805599453,0.6931471805599453,0.5493061443340549,0.0,0.0,0.5493061443340549,0.6931471805599453
SPV,0.0,0.0,0.0,0.0,0.0,0.0,0.6931471805599453,0.0,0.0,0.0,1.0986122886681098,0.6931471805599453,0.0,0.0,0.0,0.0
SPW,0.0,0.0,0.0,0.0,0.0,0.0,0.0,0.0,0.0,0.0,0.2006065507024569,2.359515346849548,0.0,0.0,0.354151668007027,2.345829507375467
SPY,2.6457324378465152,2.6223806710998603,0.9814796597221467,1.6785266909588594,1.7343713162681,1.3086395462961955,2.7081884344831684,0.42749155957692275,2.344884655308477,2.8922855101023526,0.7883505983036818,1.416606672028108,1.3732653608351373,0.9241962407465937,1.8512247278751133,1.9459101490553132
SQA,0.6931471805599453,1.6215917908794277,0.9241962407465937,1.0986122886681098,1.5350567286626973,0.716703787691222,0.0,0.5493061443340549,0.46209812037329684,0.46209812037329684,0.27465307216702745,1.3862943611198906,0.5493061443340549,1.3862943611198906,0.46209812037329684,0.0
SQD,0.0,0.0,0.0,0.0,0.0,0.0,0.0,0.0,0.0,0.0,0.0,0.0,0.0,0.0,0.0,0.0
SQE,0.0,0.9241962407465937,1.3862943611198906,0.6931471805599453,1.6094379124341003,1.023371152441798,1.1882523095313346,0.9241962407465937,0.6931471805599453,0.8047189562170501,1.297273432703542,1.782378464297002,0.0,0.9241962407465937,1.6479184330021646,0.0
SQF,0.0,0.0,0.0,0.0,0.0,0.0,0.0,0.0,0.0,0.0,0.5493061443340549,1.3862943611198906,0.0,0.0,1.0986122886681098,0.0
SQH,0.0,0.6931471805599453,0.0,0.0,0.0,0.0,0.6931471805599453,0.0,0.0,0.0,1.0986122886681098,0.0,0.0,0.0,0.0,0.0
SQI,0.0,0.5802964716647593,0.0,0.0,0.6090132299112135,4.07642196375723,0.0,3.8918202981106265,0.0,3.098922885268748,4.160277988751723,0.0,0.0,0.0,0.0,3.810740708566655
SQK,0.0,0.0,0.0,0.0,0.0,0.0,0.0,0.0,0.0,0.0,0.0,0.0,0.0,0.0,0.0,0.0
SQL,0.0,0.0,0.0,0.0,0.0,0.0,0.0,0.0,0.0,0.0,0.46209812037329684,1.4853153869141684,0.0,0.5493061443340549,1.3732653608351373,1.0986122886681098
SQN,0.0,2.302585092994046,1.297273432703542,1.791759469228055,2.302585092994046,1.9459101490553132,2.0794415416798357,0.0,1.7908995167731467,0.5493061443340549,0.0,1.6215917908794277,1.791759469228055,0.0,0.0,1.791759469228055
SQQ,0.0,0.0,0.0,0.0,0.0,0.0,0.0,0.0,0.0,0.0,0.0,0.0,0.0,0.0,0.0,0.0
SQR,0.0,1.3862943611198906,0.0,0.0,0.0,0.6931471805599453,1.4853153869141684,0.6931471805599453,1.0986122886681098,1.2070784343255752,1.6094379124341003,1.0986122886681098,1.3862943611198906,0.0,0.6931471805599453,0.0
SQS,1.8527920366854067,2.049711555589573,1.6635532333438687,0.5941261547656673,0.7675283643313486,1.1882523095313346,0.358351893845611,1.3732653608351373,0.27465307216702745,1.0201312086692347,0.0,1.6785266909588594,0.648636716351771,0.0,1.8483924814931874,0.0
SQT,0.0,0.0,0.0,0.3243183581758855,0.5493061443340549,0.0,0.0,0.0,0.6931471805599453,0.0,0.0,0.6931471805599453,0.0,0.0,0.6931471805599453,0.46209812037329684
SQV,0.0,0.8047189562170501,0.40235947810852507,0.6931471805599453,1.0750556815368328,0.5493061443340549,0.9729550745276566,1.0750556815368328,0.5493061443340549,0.9036024181047274,1.3862943611198906,0.8239592165010823,0.0,0.0,1.1882523095313346,0.0
SQY,0.0,3.2188758248682006,0.0,0.0,3.2188758248682006,2.359515346849548,0.0,2.509657455168998,0.0,3.8321858012357346,0.0,0.0,0.0,0.0,3.8918202981106265,3.4193204299338262
SRA,0.0,0.6931471805599453,1.0986122886681098,0.0,1.0986122886681098,0.0,0.6931471805599453,1.0986122886681098,0.0,1.3862943611198906,0.6931471805599453,0.6931471805599453,0.6931471805599453,0.6931471805599453,1.6094379124341003,0.6931471805599453
SRD,0.0,0.6931471805599453,0.0,0.6931471805599453,0.5493061443340549,0.0,0.0,0.0,0.6931471805599453,0.0,0.29706307738283366,0.46209812037329684,0.0,0.0,1.023371152441798,0.8047189562170501
SRF,0.0,0.0,0.3243183581758855,0.0,0.0,0.0,0.0,0.0,0.0,0.22590060452618185,0.27465307216702745,0.5941261547656673,0.0,0.0,0.0,0.40235947810852507
SRG,1.6094379124341003,0.0,1.6094379124341003,0.0,0.0,0.0,0.9241962407465937,0.0,0.9241962407465937,0.8047189562170501,0.0,0.0,0.0,0.0,0.0,0.0
SRH,0.0,0.0,0.0,0.0,0.0,0.0,0.0,0.0,0.0,0.0,0.0,0.0,0.0,0.0,0.0,0.0
SRI,2.0794415416798357,0.716703787691222,0.3243183581758855,1.791759469228055,0.8047189562170501,0.0,0.0,1.297273432703542,1.0986122886681098,0.0,0.0,0.0,1.2070784343255752,1.2792139405522478,0.40235947810852507,1.2070784343255752
SRL,0.358351893845611,0.5493061443340549,0.891189232148501,0.5493061443340549,1.709966238307691,1.709966238307691,0.0,0.5941261547656673,0.22590060452618185,1.3732653608351373,1.2792139405522478,1.6357994328702448,0.3243183581758855,1.922571505169192,0.812017639881618,0.8047189562170501
SRM,0.0,0.0,0.0,0.0,0.0,0.0,0.0,0.0,0.0,0.0,0.0,0.0,0.0,0.0,0.0,0.0
SRN,0.6931471805599453,1.2070784343255752,1.433407575382444,0.6931471805599453,1.791759469228055,2.5649493574615367,1.782378464297002,1.3862943611198906,0.9241962407465937,1.9343215722158644,1.6094379124341003,2.3978952727983707,0.6931471805599453,1.0750556815368328,2.1581057455185335,0.0
SRP,0.0,0.0,0.40235947810852507,0.0,0.46209812037329684,1.0986122886681098,0.0,0.0,0.5493061443340549,0.358351893845611,0.47957905455967414,0.0,0.358351893845611,0.0,0.0,0.0
SRQ,1.297273432703542,0.0,1.0986122886681098,1.6094379124341003,0.40235947810852507,1.0986122886681098,0.6931471805599453,1.6094379124341003,0.0,1.3862943611198906,0.0,0.5493061443340549,1.9459101490553132,1.2070784343255752,0.5493061443340549,0.9241962407465937
SRR,0.0,1.1882523095313346,1.023371152441798,1.0986122886681098,1.2792139405522478,0.0,0.3243183581758855,0.0,0.5493061443340549,0.648636716351771,0.6931471805599453,0.0,2.1972245773362196,0.9241962407465937,0.0,1.6094379124341003
SRS,2.0980546915917953,2.137836965406238,1.7278097460167723,1.4210308697928313,1.7102695723249906,2.4682996371668176,0.9671607861079322,2.207381675250309,1.416606672028108,2.453699149305367,1.1901530767807735,1.9789395845202251,2.351203577673075,1.709966238307691,2.072643802400834,1.4853153869141684
SRT,0.0,0.0,0.46209812037329684,0.5493061443340549,0.0,0.0,0.0,1.0750556815368328,0.6931471805599453,1.0750556815368328,4.243507423291503,3.9331233114318698,0.0,0.0,3.7412366108471917,3.4965075614664802
SRV,0.0,0.0,0.0,0.0,0.0,0.0,0.0,0.0,0.0,0.0,0.0,0.0,0.0,0.0,0.0,0.0
SRW,0.0,0.0,0.0,0.0,0.0,0.0,0.0,0.0,0.0,0.0,0.0,0.0,0.0,0.0,0.0,0.0
SRY,0.6931471805599453,0.6931471805599453,0.0,1.0986122886681098,0.0,0.0,1.0986122886681098,1.0986122886681098,0.0,1.3862943611198906,0.0,0.5493061443340549,1.0986122886681098,0.0,0.9241962407465937,0.0
SSA,2.218070977791825,3.006514133916495,1.9478341740386487,0.716703787691222,2.778344655758188,1.416606672028108,1.9478341740386487,1.6215917908794277,1.023371152441798,2.2803594297666545,1.3601749448923126,1.4210308697928313,0.0,0.8239592165010823,2.5146180438806236,0.0
SSC,0.0,0.6931471805599453,0.0,0.0,0.0,0.0,0.0,0.6931471805599453,0.0,0.0,0.0,0.0,0.0,0.0,0.0,0.0
SSD,0.0,1.0986122886681098,0.0,0.0,0.46209812037329684,0.6931471805599453,0.0,0.716703787691222,0.0,0.0,0.0,0.8047189562170501,1.0986122886681098,0.0,0.0,1.0986122886681098
SSE,0.27465307216702745,0.0,1.433407575382444,0.8047189562170501,0.0,0.0,0.0,0.0,0.0,0.0,2.033105440735637,2.030044099704045,1.624035279763236,0.0,1.0986122886681098,2.030044099704045
SSF,1.3862943611198906,0.5493061443340549,1.4387371636790223,0.0,0.6931471805599453,0.0,0.0,0.0,1.4853153869141684,0.0,1.0201312086692347,0.0,0.0,0.0,0.0,0.0
SSG,0.6931471805599453,0.0,0.0,0.6931471805599453,0.0,0.0,0.0,0.6931471805599453,0.6931471805599453,0.0,0.0,0.0,0.0,1.0986122886681098,0.0,0.0
SSH,1.6094379124341003,0.5493061443340549,1.0986122886681098,0.0,0.0,0.0,0.8047189562170501,0.0,0.6931471805599453,0.0,0.6931471805599453,0.9241962407465937,0.8047189562170501,0.0,0.46209812037329684,0.8047189562170501
SSI,3.0398775768545567,2.9155479968499836,0.40235947810852507,0.0,1.6744873407478829,0.4518012090523637,2.9506361727958503,0.0,2.210284285450008,0.358351893845611,0.0,0.0,0.0,0.0,0.0,0.0
SSK,0.0,0.0,0.8047189562170501,0.0,0.0,0.0,0.0,0.0,0.9241962407465937,0.0,1.0986122886681098,0.0,0.0,0.0,0.0,0.0
SSL,0.5941261547656673,0.6777018135785455,0.6090132299112135,0.9241962407465937,0.47957905455967414,0.358351893845611,2.049711555589573,0.0,0.0,1.7993793761572692,0.3243183581758855,1.218026459822427,1.5350567286626973,0.0,1.4787139851945499,1.6479184330021646
SSM,0.0,0.0,0.0,0.0,0.0,2.860306294098927,0.29706307738283366,0.0,0.3868643144431728,1.9459101490553132,1.1795476898172976,0.0,0.0,0.8047189562170501,0.0,0.0
SSN,0.0,0.0,0.0,0.0,0.0,0.0,0.0,0.0,0.0,0.0,0.0,0.5493061443340549,0.0,0.0,0.0,0.6931471805599453
SSP,0.0,0.0,0.0,0.0,0.0,0.0,0.0,0.0,0.0,0.0,0.0,0.0,0.0,0.0,0.0,0.0
SSQ,0.0,0.0,0.0,0.0,0.6931471805599453,0.0,0.0,0.0,0.0,0.0,0.6931471805599453,0.9241962407465937,0.0,0.5493061443340549,1.0986122886681098,0.0
SSR,0.0,0.46209812037329684,0.9241962407465937,0.0,0.8047189562170501,0.9241962407465937,0.6931471805599453,1.6094379124341003,0.0,1.4853153869141684,1.2070784343255752,1.0750556815368328,0.6931471805599453,0.5493061443340549,1.5350567286626973,0.6931471805599453
SSS,0.0,0.0,0.0,0.0,0.0,0.0,0.0,0.0,0.0,0.0,0.0,0.0,0.0,0.0,0.0,0.0
SST,0.0,0.0,0.6931471805599453,0.0,0.0,0.0,0.0,0.0,0.0,0.6931471805599453,0.0,0.0,0.0,0.0,0.0,0.0
SSV,0.0,0.0,0.0,0.6931471805599453,0.0,0.8047189562170501,0.0,0.0,0.9241962407465937,1.0986122886681098,0.27465307216702745,0.7675283643313486,0.0,0.0,0.8047189562170501,0.6931471805599453
SSW,0.9241962407465937,1.0986122886681098,0.6931471805599453,0.0,0.0,1.2070784343255752,1.0986122886681098,0.0,1.0986122886681098,0.0,1.0986122886681098,0.6931471805599453,0.5493061443340549,0.6931471805599453,0.0,0.6931471805599453
STA,0.0,0.0,0.6931471805599453,0.0,0.0,0.0,0.0,0.0,0.0,0.0,0.5493061443340549,1.2070784343255752,0.0,0.0,0.6931471805599453,0.5493061443340549
STD,0.0,0.0,0.0,0.0,0.0,0.0,0.0,0.0,0.0,0.0,0.0,0.0,0.0,0.0,0.0,0.0
STE,0.0,0.0,0.0,0.0,0.716703787691222,1.0986122886681098,0.0,0.0,0.0,0.0,0.0,0.0,0.0,0.0,0.0,0.0
STF,2.046742304883596,1.740889414994278,0.0,0.0,0.0,0.0,0.0,0.0,0.358351893845611,0.0,0.0,0.0,0.0,0.0,0.0,0.0
STG,1.9459101490553132,0.6931471805599453,1.433407575382444,0.0,0.0,0.0,0.0,0.0,1.433407575382444,0.0,0.0,0.0,0.6931471805599453,0.0,0.0,0.0
STK,0.0,1.4853153869141684,0.0,1.9459101490553132,0.46209812037329684,0.12676295638478188,0.716703787691222,0.8047189562170501,1.3862943611198906,0.9729550745276566,0.9027294781610561,1.9459101490553132,2.1972245773362196,1.6094379124341003,2.046742304883596,1.9459101490553132
STL,1.6094379124341003,0.0,1.5813042316832728,0.0,0.0,0.0,0.0,0.0,1.218026459822427,1.297273432703542,0.0,0.0,0.5493061443340549,0.0,0.0,0.0
STN,0.0,0.0,0.0,0.0,0.0,0.0,0.0,0.0,0.0,0.0,0.0,0.0,0.0,0.0,0.0,0.0
STP,1.0986122886681098,1.0986122886681098,0.0,0.0,1.6094379124341003,1.0986122886681098,0.9241962407465937,0.0,0.0,0.0,0.9241962407465937,0.0,0.0,0.0,0.0,0.0
STQ,0.0,0.0,0.0,0.0,0.0,0.0,0.0,0.0,0.0,0.0,0.0,0.0,0.0,0.0,0.0,0.0
STR,0.0,0.9729550745276566,0.0,0.0,0.0,0.0,0.0,0.46209812037329684,1.3862943611198906,0.0,0.0,0.3243183581758855,0.0,0.0,1.0750556815368328,0.0
STS,0.6931471805599453,1.3862943611198906,1.6094379124341003,1.433407575382444,1.6479184330021646,1.3732653608351373,0.46209812037329684,1.3862943611198906,1.6094379124341003,0.8047189562170501,1.6479184330021646,2.0794415416798357,1.0986122886681098,1.1882523095313346,1.6785266909588594,0.5493061443340549
STT,0.0,0.0,0.0,0.0,0.0,0.0,0.0,0.0,0.0,0.0,0.0,0.0,0.0,0.0,0.0,0.0
STV,0.0,0.0,0.6931471805599453,0.0,0.0,0.0,0.0,0.0,0.0,0.0,0.0,0.6931471805599453,0.6931471805599453,0.0,0.0,0.6931471805599453
STW,0.0,1.0986122886681098,0.0,0.0,1.0986122886681098,0.0,1.0986122886681098,0.0,0.0,0.0,0.0,0.0,0.0,0.0,0.0,0.0
STY,2.8671249534589043,2.697501371663089,0.2558427881104495,0.0,1.7993793761572692,0.4518012090523637,2.5503280216730864,0.0,0.7393569925972749,0.0,0.0,0.0,0.0,0.0,0.0,0.0
SVA,0.0,0.0,0.46209812037329684,0.0,0.0,0.0,0.0,0.0,0.0,0.0,0.6931471805599453,0.0,0.0,0.0,0.0,0.0
SVC,0.0,0.0,0.0,0.0,0.0,0.0,0.5493061443340549,0.5493061443340549,0.0,0.0,0.46209812037329684,1.0986122886681098,0.0,0.0,1.0750556815368328,0.8047189562170501
SVD,0.6931471805599453,0.6931471805599453,0.0,0.0,0.6931471805599453,0.6931471805599453,0.0,0.0,0.0,0.0,0.0,0.0,0.0,0.0,0.0,0.0
SVE,0.0,0.0,0.0,0.0,0.0,0.0,0.0,0.0,0.0,0.0,0.716703787691222,1.1882523095313346,0.0,0.0,0.8047189562170501,0.5493061443340549
SVF,0.0,0.0,0.0,0.0,0.0,0.0,0.0,0.0,0.0,0.0,0.0,0.8047189562170501,0.5493061443340549,0.0,0.0,1.2070784343255752
SVG,0.0,0.6931471805599453,0.46209812037329684,0.6931471805599453,0.46209812037329684,0.6931471805599453,0.5493061443340549,0.0,0.9241962407465937,0.0,0.9729550745276566,0.5493061443340549,0.6931471805599453,0.0,0.0,0.0
SVH,0.0,0.0,0.0,0.0,0.0,0.0,0.0,0.0,0.0,0.0,0.0,0.0,0.0,0.0,0.0,0.0
SVI,0.0,0.0,0.0,0.0,0.0,0.0,0.46209812037329684,0.0,0.0,0.0,0.0,0.8047189562170501,0.0,0.358351893845611,0.5493061443340549,0.0
SVK,0.0,0.29706307738283366,1.2070784343255752,0.0,0.23978952727983707,0.0,0.21374577978846138,0.0,0.9036024181047274,0.0,1.5350567286626973,0.648636716351771,0.0,0.0,0.4518012090523637,0.0
SVL,0.0,0.0,0.0,0.46209812037329684,0.0,0.0,0.0,1.2070784343255752,0.0,0.0,3.817588378415502,3.054070702732402,0.0,0.0,3.563866883426386,3.3872417001706525
SVM,0.0,0.0,0.0,0.0,0.0,0.0,0.0,0.0,0.0,0.0,0.0,0.0,0.0,0.0,0.0,0.0
SVN,0.0,0.0,0.0,0.0,0.0,0.0,0.0,0.0,0.0,0.0,0.0,0.0,0.0,0.0,0.0,0.0
SVP,0.648636716351771,0.8549831191538455,0.812017639881618,0.5941261547656673,0.5493061443340549,0.09831313945206448,1.6785266909588594,0.0,1.9478341740386487,1.0750556815368328,0.8955238370698958,1.1295030226309093,0.0,0.0,1.4387371636790223,1.297273432703542
SVQ,1.0986122886681098,1.0986122886681098,1.0986122886681098,0.0,0.6931471805599453,1.3862943611198906,0.5493061443340549,0.5493061443340549,0.6931471805599453,0.6931471805599453,0.0,1.0986122886681098,0.0,1.0986122886681098,0.6931471805599453,0.0
SVR,0.0,1.5350567286626973,2.1972245773362196,0.0,2.5503280216730864,1.4853153869141684,0.511685576220899,0.9241962407465937,0.40235947810852507,0.0,2.1581057455185335,1.791759469228055,0.0,2.0794415416798357,0.0,0.0
SVS,2.351203577673075,2.5878440720649096,1.6357994328702448,0.40235947810852507,2.380306153561547,1.5813042316832728,1.6635532333438687,1.8072048362094548,1.2395308380245946,2.0851817843337486,0.9036024181047274,1.6635532333438687,1.2070784343255752,0.6931471805599453,2.215505645854608,1.4853153869141684
SVT,0.0,0.7675283643313486,0.5493061443340549,0.6931471805599453,0.9729550745276566,0.07983720419241114,0.891189232148501,0.0,1.1882523095313346,1.0750556815368328,1.2069109216789,0.6931471805599453,0.0,0.27465307216702745,0.5493061443340549,0.0
SVV,0.5493061443340549,0.0,0.0,0.6931471805599453,0.0,0.0,0.0,0.0,1.3862943611198906,0.6931471805599453,0.5493061443340549,0.0,0.0,0.0,1.2070784343255752,0.6931471805599453
SVW,0.0,0.0,1.0986122886681098,0.6931471805599453,0.0,0.6931471805599453,0.5493061443340549,0.0,0.6931471805599453,0.5493061443340549,1.2070784343255752,0.9241962407465937,0.5493061443340549,0.0,1.2070784343255752,1.6094379124341003
SVY,0.0,0.8047189562170501,0.0,0.0,1.0986122886681098,0.0,0.0,0.0,0.0,0.0,0.0,0.0,0.0,0.0,0.0,0.0
SWD,0.0,0.0,0.0,0.0,0.0,0.0,0.0,0.0,0.0,0.0,0.0,0.0,0.0,0.0,0.0,0.0
SWF,0.6931471805599453,0.0,0.5493061443340549,0.9241962407465937,0.0,0.0,1.2070784343255752,0.0,1.0750556815368328,0.0,0.9241962407465937,0.9241962407465937,0.0,0.0,0.9241962407465937,0.9241962407465937
SWG,0.0,0.46209812037329684,0.0,0.0,0.0,0.0,0.0,0.0,0.40235947810852507,0.0,0.0,0.17002186811153908,0.0,0.0,0.1934321572215864,0.0
SWK,0.0,0.0,0.0,0.0,0.0,0.0,0.0,0.0,0.0,0.0,0.0,0.0,0.0,0.0,0.0,0.0
SWL,0.0,0.0,0.0,0.0,0.0,0.0,0.0,0.0,0.0,0.0,0.0,0.0,0.0,0.0,0.0,0.0
SWR,0.9241962407465937,1.0986122886681098,0.6931471805599453,0.0,0.0,1.3862943611198906,1.0986122886681098,0.0,1.0986122886681098,0.0,0.6931471805599453,0.6931471805599453,0.5493061443340549,0.6931471805599453,0.0,0.6931471805599453
SWS,1.6094379124341003,0.0,1.0986122886681098,0.0,0.0,0.0,0.0,0.0,1.297273432703542,0.9241962407465937,0.0,0.0,0.0,0.0,0.0,0.0
SWT,0.0,0.1934321572215864,0.358351893845611,0.0,0.0,0.0,0.0,0.0,0.29706307738283366,0.0,4.023673018105058,0.0,0.0,0.0,0.0,0.0
SWV,0.0,0.0,0.0,0.0,0.0,0.0,0.0,0.0,0.0,0.0,0.0,0.0,0.0,0.0,0.0,0.0
SYA,0.0,0.5493061443340549,0.0,0.0,0.0,0.0,0.46209812037329684,0.0,0.0,0.5493061443340549,0.0,0.0,0.6931471805599453,0.0,0.0,0.0
SYC,0.0,0.0,0.0,0.0,0.0,0.0,0.0,0.6931471805599453,0.0,0.0,0.0,0.8047189562170501,0.0,0.0,1.2070784343255752,0.5493061443340549
SYD,0.0,1.0750556815368328,0.5493061443340549,0.8047189562170501,1.0750556815368328,1.0750556815368328,0.0,0.46209812037329684,0.40235947810852507,0.46209812037329684,0.648636716351771,1.2070784343255752,0.0,0.0,1.2792139405522478,0.9241962407465937
SYG,0.0,0.9241962407465937,0.0,0.0,0.9241962407465937,1.0986122886681098,0.716703787691222,0.0,0.0,1.0986122886681098,0.0,0.0,0.0,0.0,0.0,0.0
SYI,1.0986122886681098,2.351203577673075,0.46209812037329684,1.791759469228055,1.5350567286626973,1.9459101490553132,2.3978952727983707,0.0,2.0794415416798357,0.5493061443340549,0.0,1.6215917908794277,1.791759469228055,0.0,0.0,1.3732653608351373
SYL,0.5493061443340549,1.297273432703542,0.716703787691222,0.8047189562170501,1.4387371636790223,1.0750556815368328,0.0,0.6931471805599453,0.8047189562170501,0.0,0.9729550745276566,0.40235947810852507,0.0,1.2070784343255752,0.358351893845611,0.0
SYM,0.0,0.6931471805599453,0.0,0.0,0.6931471805599453,0.0,0.0,0.5493061443340549,0.0,0.0,0.0,0.0,0.0,0.0,0.0,0.0
SYP,0.358351893845611,0.0,0.5493061443340549,0.0,0.0,0.0,0.0,0.0,0.0,0.0,0.46209812037329684,0.6931471805599453,0.6931471805599453,0.0,0.0,0.0
SYR,0.0,0.0,0.0,0.0,0.0,0.5493061443340549,0.0,0.0,0.0,0.0,0.0,0.0,0.0,0.5493061443340549,0.0,0.0
SYS,3.4600065567974068,3.324263171302827,1.6581150419206674,0.0,2.6865715112096873,1.2938747370452313,2.9320667083294443,1.2792139405522478,2.2078874666845114,2.2803594297666545,0.3243183581758855,1.0201312086692347,0.0,0.0,1.7343713162681,0.5493061443340549
SYV,0.0,0.0,0.0,0.0,0.0,0.0,0.0,0.0,0.0,0.0,0.0,0.0,0.0,0.0,0.0,0.0
TAA,1.4387371636790223,1.4387371636790223,1.023371152441798,0.0,1.5350567286626973,0.511685576220899,0.0,0.511685576220899,1.068728898942307,0.0,0.4864775372638283,1.0814445339727092,1.4962204585192298,0.0,0.39097158456257786,0.5312275020105406
TAC,0.0,0.0,0.0,0.0,0.0,1.0986122886681098,1.0986122886681098,0.6931471805599453,0.0,0.0,0.0,1.0986122886681098,0.0,0.0,0.5493061443340549,1.0986122886681098
TAD,0.0,0.0,0.0,0.0,0.0,0.0,0.0,0.0,0.0,0.0,0.0,0.0,0.0,0.0,0.0,0.0
TAE,0.0,0.0,1.0986122886681098,0.5493061443340549,0.6931471805599453,0.0,0.6931471805599453,0.0,1.0986122886681098,0.0,1.0986122886681098,0.6931471805599453,0.0,0.6931471805599453,0.9241962407465937,0.0
TAF,0.0,1.2824746787307684,0.0,1.0986122886681098,0.0,0.8522290373410922,0.511685576220899,0.716703787691222,0.0,1.297273432703542,0.0,0.0,1.3732653608351373,0.40235947810852507,0.716703787691222,0.46209812037329684
TAG,0.9241962407465937,0.5493061443340549,1.3732653608351373,1.791759469228055,0.6931471805599453,0.9729550745276566,0.0,0.5493061443340549,1.6785266909588594,0.5941261547656673,1.2070784343255752,1.297273432703542,1.0750556815368328,0.9241962407465937,1.624035279763236,1.1882523095313346
TAH,0.0,0.0,0.0,0.0,0.0,0.0,0.0,0.0,0.0,0.0,0.0,0.0,0.0,0.0,0.0,0.0
TAI,0.0,0.0,0.0,0.0,0.0,0.0,0.0,0.0,0.0,0.0,0.0,0.0,0.0,0.0,0.0,0.0
TAL,0.0,0.40235947810852507,0.29706307738283366,1.1605929433295186,0.358351893845611,1.4962204585192298,1.0150220498520226,0.5941261547656673,1.4787139851945499,0.716703787691222,1.297273432703542,1.6215917908794277,0.6777018135785455,1.297273432703542,0.9036024181047274,1.5350567286626973
TAN,0.0,0.0,0.0,0.0,0.0,0.6931471805599453,0.6931471805599453,0.6931471805599453,0.0,0.0,0.0,0.0,0.0,0.9241962407465937,0.0,0.46209812037329684
TAQ,0.0,0.0,0.0,0.0,0.0,0.0,0.0,0.0,0.0,0.0,0.0,0.0,0.0,0.0,0.0,0.0
TAR,0.0,0.0,0.0,0.0,0.0,0.0,0.0,0.0,0.0,0.0,0.0,0.0,0.0,0.0,0.0,0.0
TAS,0.6931471805599453,0.0,0.46209812037329684,0.716703787691222,0.0,0.6931471805599453,0.5493061443340549,0.0,1.297273432703542,0.0,1.2070784343255752,0.9241962407465937,0.9241962407465937,0.0,0.9241962407465937,1.433407575382444
TAT,0.0,0.0,0.46209812037329684,0.0,0.0,0.5493061443340549,0.5493061443340549,0.0,0.0,0.5493061443340549,0.0,0.5493061443340549,0.5493061443340549,0.0,0.0,0.716703787691222
TAV,0.4518012090523637,0.716703787691222,0.5493061443340549,0.716703787691222,0.9591581091193483,0.6931471805599453,0.8047189562170501,0.0,0.7675283643313486,0.0,0.891189232148501,1.023371152441798,0.0,1.0750556815368328,1.6479184330021646,1.297273432703542
TAY,0.5493061443340549,0.0,0.358351893845611,0.0,0.0,0.0,0.0,0.0,0.6931471805599453,0.0,0.0,0.5493061443340549,0.0,0.0,0.0,0.5493061443340549
TCC,0.0,0.0,0.0,0.0,0.0,0.0,0.0,0.0,0.0,0.0,0.0,0.0,0.0,0.0,0.0,0.0
TCD,0.6931471805599453,1.0986122886681098,0.0,0.0,0.0,0.5493061443340549,0.6931471805599453,0.5493061443340549,0.6931471805599453,0.0,0.9241962407465937,0.6931471805599453,0.0,0.6931471805599453,0.0,0.0
TCE,0.0,0.40235947810852507,0.46209812037329684,0.6931471805599453,0.0,0.0,0.46209812037329684,0.0,0.9241962407465937,0.0,0.0,0.0,0.0,0.0,0.358351893845611,0.0
TCI,0.0,0.0,0.0,0.0,0.0,0.0,0.0,0.0,0.0,0.0,0.0,0.5493061443340549,0.0,0.0,1.0986122886681098,0.0
TCK,0.0,0.0,0.0,0.0,0.0,0.0,0.0,0.0,0.0,0.0,0.0,0.0,0.0,0.0,0.0,0.0
TCL,0.0,1.0750556815368328,0.0,0.5493061443340549,0.5493061443340549,0.9241962407465937,0.0,0.8047189562170501,0.46209812037329684,0.46209812037329684,0.40235947810852507,0.0,0.648636716351771,0.5493061443340549,0.0,0.0
TCN,0.6931471805599453,0.5493061443340549,0.0,0.6931471805599453,0.0,0.6931471805599453,1.2070784343255752,0.0,0.0,0.6931471805599453,0.0,0.9241962407465937,1.0986122886681098,0.0,0.0,0.46209812037329684
TCQ,0.0,0.0,0.0,0.0,0.0,0.0,0.0,0.0,0.0,0.0,0.0,0.0,0.0,0.0,0.0,0.0
TCR,1.355403627157091,0.0,1.9343215722158644,0.0,0.0,0.0,0.0,0.0,1.355403627157091,0.8047189562170501,0.0,0.0,0.0,0.0,0.0,0.0
TCS,0.6931471805599453,1.297273432703542,1.0986122886681098,1.0986122886681098,1.791759469228055,1.3862943611198906,0.8047189562170501,0.6931471805599453,0.9241962407465937,0.0,0.46209812037329684,0.5493061443340549,0.0,1.2070784343255752,0.0,0.0
TCV,0.0,0.0,0.0,0.0,0.0,0.0,0.0,0.0,0.0,0.0,0.0,0.0,0.0,0.0,0.0,0.0
TDA,0.0,1.791759469228055,0.6931471805599453,0.0,0.40235947810852507,0.0,0.0,0.0,0.5493061443340549,0.0,0.0,0.0,1.6094379124341003,0.0,0.0,1.6094379124341003
TDE,0.0,0.0,0.0,0.0,0.0,0.0,0.0,0.0,0.0,0.0,0.0,0.0,0.0,0.0,0.0,0.0
TDF,0.0,0.0,0.5493061443340549,0.0,0.29706307738283366,0.0,0.0,0.40235947810852507,0.0,0.0,0.46209812037329684,0.358351893845611,0.0,0.0,0.891189232148501,0.8047189562170501
TDG,0.0,0.0,0.9241962407465937,0.0,0.0,0.0,0.0,0.0,1.0986122886681098,0.0,0.0,0.0,0.0,0.0,0.0,0.0
TDI,0.0,0.0,0.6931471805599453,0.6931471805599453,0.0,0.6931471805599453,0.5493061443340549,0.0,0.0,0.5493061443340549,0.8047189562170501,0.9241962407465937,0.6931471805599453,0.0,0.46209812037329684,1.0750556815368328
TDK,0.0,0.0,0.0,0.5493061443340549,0.0,0.6931471805599453,0.0,0.6931471805599453,0.0,0.0,0.0,0.0,0.6931471805599453,0.6931471805599453,0.0,0.0
TDM,0.0,0.0,0.0,0.0,0.0,0.0,0.0,0.0,0.0,0.0,0.0,0.0,0.0,0.0,0.0,0.0
TDN,2.046742304883596,1.922571505169192,2.0794415416798357,0.0,0.8047189562170501,1.0750556815368328,1.3862943611198906,1.6215917908794277,1.791759469228055,1.0750556815368328,2.402910225941144,2.6390573296152584,2.0794415416798357,1.3862943611198906,2.1972245773362196,1.791759469228055
TDP,0.0,0.0,0.6931471805599453,1.0986122886681098,0.6931471805599453,0.0,0.0,0.0,0.5493061443340549,0.5493061443340549,0.9241962407465937,0.0,0.0,0.6931471805599453,0.5493061443340549,0.0
TDR,0.0,0.0,0.0,0.0,0.0,0.0,0.0,0.0,0.0,0.0,0.0,0.0,0.0,0.0,0.0,0.0
TDS,0.0,2.772588722239781,0.0,0.0,2.772588722239781,1.3732653608351373,0.0,2.5503280216730864,0.0,3.006514133916495,0.0,0.0,0.0,1.4853153869141684,2.3978952727983707,2.535259127695638
TDT,0.0,0.0,0.0,0.0,1.3862943611198906,0.0,0.0,0.0,0.0,1.2070784343255752,0.0,0.0,0.0,0.0,1.2070784343255752,1.6479184330021646
TDV,0.0,0.0,0.5493061443340549,0.6931471805599453,0.5493061443340549,0.0,0.0,0.0,0.0,0.5493061443340549,0.5493061443340549,0.46209812037329684,0.46209812037329684,0.0,0.46209812037329684,0.6931471805599453
TDY,0.0,0.6931471805599453,1.922571505169192,0.0,1.4853153869141684,0.0,0.0,0.0,0.5493061443340549,0.6931471805599453,0.6931471805599453,1.4853153869141684,0.0,1.791759469228055,0.0,0.0
TEA,0.0,2.961959564600181,0.0,0.6931471805599453,3.0423109532347654,3.361163403726703,2.564625836084481,2.9320667083294443,1.740889414994278,0.0,0.0,0.0,0.0,0.716703787691222,0.0,0.7359624888948371
TED,1.6094379124341003,0.0,0.5493061443340549,0.0,0.0,0.5493061443340549,1.0986122886681098,0.0,0.6931471805599453,0.0,0.0,0.6931471805599453,0.0,0.0,0.0,0.0
TEE,0.34004373622307815,0.15222612188617116,0.14719249777896742,1.6215917908794277,0.0,0.0,0.14719249777896742,2.5227219145717816,0.42749155957692275,0.0,0.0,0.0,2.6390573296152584,0.9729550745276566,0.9036024181047274,2.4356179501787385
TEF,0.5493061443340549,0.648636716351771,0.0,0.0,0.0,0.0,0.6931471805599453,0.0,0.358351893845611,0.0,0.6931471805599453,0.0,0.0,0.0,0.0,0.0
TEG,0.0,0.0,0.0,0.0,0.0,0.0,0.0,0.0,0.0,0.0,0.0,0.0,0.0,0.0,0.0,0.0
TEH,0.0,0.0,0.0,0.0,0.0,0.0,0.0,0.0,0.0,0.0,0.0,0.0,0.0,0.0,0.0,0.0
TEI,0.0,1.4853153869141684,0.0,0.0,1.0986122886681098,1.0986122886681098,0.8047189562170501,0.0,0.0,0.0,0.0,0.0,0.6931471805599453,0.0,0.0,0.0
TEK,0.0,0.0,0.0,0.0,0.0,0.0,0.0,0.0,0.0,0.0,0.0,0.0,0.0,0.0,0.0,0.0
TEL,0.0,3.2188758248682006,0.0,0.0,3.2188758248682006,0.4518012090523637,0.0,2.4072786084294826,0.0,3.6375861597263857,0.0,0.0,0.0,0.0,3.2188758248682006,3.3745137466805954
TEM,0.0,1.6215917908794277,0.0,0.0,0.0,0.0,0.0,0.0,1.0986122886681098,1.0750556815368328,0.0,0.0,1.1295030226309093,0.0,1.3862943611198906,0.0
TEN,0.0,0.0,0.0,0.0,0.0,0.0,0.0,0.6931471805599453,0.0,0.40235947810852507,0.0,0.9133567313170269,0.0,0.0,0.16357994328702444,1.068728898942307
TEP,0.0,0.0,0.0,0.0,0.0,0.0,0.0,0.0,0.0,0.0,0.0,0.0,0.0,0.0,0.0,0.0
TEQ,0.0,0.0,0.0,0.0,0.0,0.0,0.0,0.0,0.0,0.0,0.0,0.0,0.0,0.0,0.0,0.0
TER,0.0,0.0,0.0,0.0,0.0,0.0,0.0,0.0,0.0,0.0,0.22590060452618185,0.648636716351771,0.0,0.6931471805599453,0.511685576220899,0.0
TES,0.0,0.0,0.0,0.0,0.0,4.373843856472943,0.0,1.9453388523047452,0.0,0.0,2.841633511014653,0.0,0.0,0.0,0.0,0.0
TET,0.0,0.0,0.0,0.0,0.0,0.0,0.0,0.0,0.0,0.0,0.0,0.0,0.0,0.0,0.0,0.0
TEV,0.5802964716647593,0.0,1.7908995167731467,0.358351893845611,0.0,0.0,0.708303336014054,1.6785266909588594,0.0,0.0,3.3492146807186125,0.0,0.9036024181047274,3.0398775768545567,0.0,2.4595545116643223
TEW,0.0,0.0,0.0,0.0,0.0,0.0,0.0,0.0,0.0,0.0,0.0,0.0,0.0,0.0,0.0,0.0
TEY,0.0,2.961959564600181,0.0,0.0,2.8147840399962667,1.3056945917820009,2.4572701292270467,1.4880611219435633,0.0,0.0,0.0,0.0,0.0,0.0,0.0,1.4880611219435633
TFE,0.6931471805599453,0.6931471805599453,1.0750556815368328,0.0,0.5493061443340549,0.0,0.0,0.0,1.2070784343255752,0.0,0.7675283643313486,0.0,0.0,0.0,0.0,0.0
TFF,0.0,0.0,0.0,0.0,0.0,0.0,0.0,0.0,0.0,0.0,0.9241962407465937,0.6931471805599453,0.0,0.0,0.6931471805599453,0.5493061443340549
TFG,2.4849066497880004,1.8267134626340538,0.29706307738283366,0.0,0.0,0.0,0.0,0.0,0.3243183581758855,0.0,0.0,0.358351893845611,0.0,0.0,0.0,0.0
TFH,1.0986122886681098,0.9241962407465937,0.6931471805599453,0.6931471805599453,0.6931471805599453,0.6931471805599453,0.0,0.6931471805599453,0.9241962407465937,0.0,0.9241962407465937,0.0,0.6931471805599453,0.0,0.6931471805599453,1.3862943611198906
TFK,0.0,0.5493061443340549,0.6931471805599453,0.0,0.40235947810852507,0.0,0.6931471805599453,0.6931471805599453,1.0986122886681098,0.0,0.40235947810852507,0.0,0.0,0.6931471805599453,0.46209812037329684,0.0
TFP,0.6931471805599453,0.5493061443340549,0.0,0.0,0.6931471805599453,0.6931471805599453,0.0,0.6931471805599453,0.0,0.0,0.0,0.0,0.0,0.0,0.0,0.6931471805599453
TFR,0.0,0.0,0.0,0.0,0.0,0.0,0.0,0.0,0.0,0.0,0.0,0.0,0.0,0.0,0.0,0.0
TFS,0.0,0.0,0.358351893845611,0.0,0.0,0.0,0.0,0.0,0.0,0.0,0.0,0.40235947810852507,0.0,0.0,0.0,0.46209812037329684
TFT,0.0,0.6931471805599453,0.6931471805599453,0.0,0.0,0.0,0.5493061443340549,0.0,0.0,0.0,1.0986122886681098,1.791759469228055,1.0986122886681098,0.6931471805599453,1.0986122886681098,1.3862943611198906
TFV,0.0,0.0,0.5493061443340549,0.0,0.0,0.6931471805599453,0.6931471805599453,0.0,0.0,0.5493061443340549,1.1882523095313346,1.0750556815368328,0.5493061443340549,0.0,0.5493061443340549,1.4853153869141684
TFY,0.0,0.0,0.0,0.0,0.0,0.0,0.0,0.0,0.0,0.0,0.0,0.0,0.0,0.0,0.0,0.0
TGA,0.0,0.0,0.0,0.0,0.0,0.0,0.0,0.0,0.0,0.0,0.0,0.0,0.0,0.0,0.0,0.0
TGC,0.0,0.0,0.0,0.0,0.0,0.0,0.0,0.0,0.0,0.0,0.0,0.0,0.0,0.0,0.0,0.0
TGD,0.0,0.0,0.0,0.0,0.0,0.0,0.0,0.0,0.0,0.0,0.0,0.0,0.0,0.0,0.0,0.0
TGE,0.0,0.0,0.6931471805599453,0.0,0.0,0.0,0.0,0.0,0.0,0.0,0.6931471805599453,0.8047189562170501,1.0986122886681098,0.0,0.5493061443340549,0.46209812037329684
TGG,0.0,0.0,0.0,1.0750556815368328,0.6931471805599453,0.6931471805599453,0.0,0.46209812037329684,0.8047189562170501,0.0,0.716703787691222,0.5493061443340549,0.6931471805599453,0.8047189562170501,0.46209812037329684,0.5493061443340549
TGI,0.0,0.0,0.0,1.0986122886681098,0.0,0.0,0.0,0.0,0.0,0.0,0.0,0.0,0.46209812037329684,0.0,0.6931471805599453,0.0
TGK,0.9241962407465937,0.7359624888948371,0.0,0.0,0.7737286288863456,3.8070983758685064,0.25352591276956377,2.4572701292270467,0.0,0.26064772304171857,4.113274162146511,0.0,0.3243183581758855,0.0,0.0,2.0763613580565377
TGL,0.0,0.0,0.0,0.29706307738283366,0.0,0.0,0.0,0.0,0.6931471805599453,0.0,0.0,0.0,0.0,0.0,0.6931471805599453,0.46209812037329684
TGN,0.0,0.5493061443340549,0.5493061443340549,0.6931471805599453,0.9241962407465937,0.0,0.6931471805599453,0.6931471805599453,0.5493061443340549,1.0986122886681098,0.5493061443340549,0.6931471805599453,0.0,0.0,1.3862943611198906,0.6931471805599453
TGP,0.6931471805599453,0.5493061443340549,0.40235947810852507,1.0750556815368328,0.0,0.6931471805599453,0.0,0.0,1.0986122886681098,0.0,0.0,0.0,0.0,0.0,0.5493061443340549,0.9241962407465937
TGQ,0.0,0.0,0.0,0.0,0.0,0.0,0.0,0.0,0.0,0.0,0.7193685818395111,0.46209812037329684,0.0,0.0,0.5493061443340549,0.0
TGS,1.2824746787307684,1.0986122886681098,1.2792139405522478,0.8239592165010823,0.9241962407465937,1.2070784343255752,0.46209812037329684,0.40235947810852507,1.4210308697928313,0.0,1.023371152441798,1.3732653608351373,0.0,0.29706307738283366,1.4387371636790223,1.2070784343255752
TGT,0.0,0.0,0.0,0.0,0.0,0.0,0.0,0.0,0.0,0.0,0.0,0.0,0.0,0.0,0.0,0.0
TGV,0.0,0.0,0.0,0.0,0.0,0.0,0.0,0.0,0.0,0.0,0.0,0.0,0.0,0.0,0.0,0.0
TGW,0.0,0.0,0.0,0.0,0.0,0.0,0.0,0.0,0.0,0.0,1.389172327879094,2.3702295140333556,0.0,0.0,1.3575648004417495,2.9444389791664403
TGY,0.0,0.0,0.6931471805599453,0.6931471805599453,0.6931471805599453,0.0,0.6931471805599453,0.0,1.0986122886681098,0.0,0.0,0.5493061443340549,0.0,0.5493061443340549,1.0986122886681098,0.6931471805599453
THA,0.0,0.0,0.0,0.0,0.0,0.0,0.0,0.0,0.0,0.0,0.0,0.0,0.0,0.0,0.0,0.0
THC,0.0,0.0,0.0,0.0,0.6931471805599453,0.6931471805599453,0.0,0.0,0.0,0.46209812037329684,0.0,0.0,0.0,0.0,0.0,0.0
THE,0.0,0.0,0.0,0.0,0.0,0.0,0.0,0.0,0.0,0.0,0.0,0.0,0.0,0.0,0.0,0.0
THG,0.0,1.0986122886681098,0.46209812037329684,0.6931471805599453,0.6931471805599453,0.46209812037329684,0.6931471805599453,0.0,0.0,0.0,1.433407575382444,0.5493061443340549,0.6931471805599453,0.0,0.0,0.0
THK,0.0,0.0,0.0,0.0,0.0,0.0,0.0,0.0,0.0,0.0,0.0,0.6931471805599453,0.0,0.0,1.0986122886681098,0.0
THL,0.0,0.0,0.0,0.0,0.0,0.0,0.9241962407465937,0.0,0.0,0.0,0.0,0.511685576220899,0.716703787691222,0.0,0.0,0.5941261547656673
THS,0.6931471805599453,0.0,0.0,0.6931471805599453,0.6931471805599453,0.0,0.0,0.6931471805599453,0.6931471805599453,0.0,0.0,0.0,0.0,0.8047189562170501,0.0,0.0
THT,0.0,0.0,0.0,0.0,0.0,0.6931471805599453,0.6931471805599453,0.0,0.0,0.6931471805599453,0.0,0.46209812037329684,0.0,0.0,0.0,1.2070784343255752
THV,1.782378464297002,1.922571505169192,1.297273432703542,0.0,1.0986122886681098,0.648636716351771,1.0986122886681098,1.6094379124341003,1.6215917908794277,0.9241962407465937,1.5936825060316215,1.0150220498520226,0.8047189562170501,0.0,2.046742304883596,0.6777018135785455
THW,0.0,0.0,0.0,0.0,0.0,0.0,0.0,0.0,0.0,0.0,0.0,0.0,0.0,0.0,0.0,0.0
THY,0.0,0.0,0.0,0.0,0.0,0.0,0.0,0.0,0.0,0.0,0.0,0.0,0.0,0.0,0.0,0.0
TIA,0.0,0.3243183581758855,0.0,0.0,0.0,0.0,0.0,0.0,0.3243183581758855,0.0,0.8549831191538455,0.0,0.0,0.0,0.0,0.0
TID,0.0,0.40235947810852507,0.0,0.0,0.0,0.5493061443340549,0.6931471805599453,0.0,0.0,0.46209812037329684,0.0,0.0,0.0,0.0,0.0,0.0
TIE,0.6931471805599453,1.0986122886681098,1.3862943611198906,0.46209812037329684,1.0986122886681098,1.4853153869141684,0.46209812037329684,0.0,0.6931471805599453,0.9241962407465937,0.716703787691222,0.5493061443340549,0.5493061443340549,0.5493061443340549,0.0,0.0
TIF,0.0,0.0,0.0,0.0,0.0,0.0,0.0,0.0,0.0,0.0,0.0,0.0,0.0,0.0,0.0,0.0
TIG,0.0,1.9459101490553132,1.6094379124341003,0.9241962407465937,0.9241962407465937,0.0,1.9459101490553132,0.0,1.624035279763236,1.6094379124341003,1.1882523095313346,0.0,0.0,0.0,0.7675283643313486,0.46209812037329684
TIH,0.0,0.0,0.0,0.0,0.0,0.0,0.0,0.0,0.0,0.0,0.0,1.0986122886681098,0.0,0.0,1.0986122886681098,0.0
TII,0.0,0.0,0.0,0.0,0.0,0.0,0.0,0.0,0.0,0.0,0.0,0.0,0.0,0.0,0.0,0.0
TIK,0.6931471805599453,1.6094379124341003,1.6094379124341003,1.0986122886681098,2.046742304883596,1.433407575382444,1.3862943611198906,0.46209812037329684,1.0750556815368328,1.3862943611198906,1.922571505169192,0.6931471805599453,0.0,1.2070784343255752,0.6931471805599453,0.0
TIL,0.0,0.0,0.0,0.0,0.0,0.0,0.0,0.0,0.0,0.0,0.0,0.0,0.0,0.0,0.0,0.0
TIN,0.0,0.6931471805599453,0.6931471805599453,0.0,0.6931471805599453,0.0,0.6931471805599453,0.0,0.6931471805599453,0.0,0.5493061443340549,0.0,0.0,0.6931471805599453,0.0,0.0
TIP,0.0,0.0,0.0,1.6094379124341003,0.0,2.908878798892469,0.5493061443340549,0.0,0.23978952727983707,0.0,0.200474260954429,0.0,1.6215917908794277,0.5941261547656673,0.9729550745276566,0.40235947810852507
TIQ,0.0,0.0,0.0,0.0,0.0,0.0,0.0,0.0,0.0,0.0,0.0,0.5493061443340549,0.0,0.0,0.9241962407465937,0.6931471805599453
TIR,0.0,0.0,1.0986122886681098,0.0,0.0,0.0,0.6931471805599453,0.0,0.9241962407465937,0.6931471805599453,0.6931471805599453,0.0,0.0,0.0,0.0,0.0
TIS,1.87024054922693,1.9629593194442934,0.49073982986107334,0.0,0.0,0.0,0.18483924814931874,0.0,0.42749155957692275,0.18483924814931874,1.4387371636790223,0.27465307216702745,0.0,0.0,0.27465307216702745,0.0
TIT,0.0,0.3243183581758855,0.0,0.0,0.0,0.0,0.0,0.40235947810852507,0.5493061443340549,0.0,0.5493061443340549,0.0,0.0,0.0,0.0,0.0
TIV,0.5493061443340549,0.0,1.0986122886681098,0.0,0.0,0.46209812037329684,0.0,0.0,0.5493061443340549,0.5493061443340549,0.0,0.8047189562170501,0.0,0.5493061443340549,0.46209812037329684,0.0
TIW,0.0,0.0,0.0,0.0,0.0,0.0,0.0,0.0,0.0,0.0,0.6931471805599453,0.0,0.0,0.0,0.0,0.0
TIY,0.0,1.4962204585192298,0.0,2.0794415416798357,1.9459101490553132,0.5493061443340549,0.0,2.046742304883596,0.40235947810852507,1.7908995167731467,0.27465307216702745,0.0,0.4518012090523637,0.6931471805599453,2.1972245773362196,1.791759469228055
TKA,2.5877494740904625,0.8853791700175675,3.4339872044851463,1.355403627157091,0.18483924814931874,1.906870862732618,2.7081884344831684,2.459252969409291,2.6494649600214135,0.6516193076042964,3.8037175938787446,1.8483924814931874,1.355403627157091,2.9761222438871267,1.4204561968457576,2.1891489176872274
TKC,0.0,0.0,0.0,0.0,0.0,0.6931471805599453,0.6931471805599453,0.6931471805599453,0.0,0.0,0.46209812037329684,0.9241962407465937,0.0,0.0,0.9729550745276566,0.716703787691222
TKD,0.0,0.0,0.0,0.0,0.0,0.0,0.0,0.0,0.0,0.0,0.0,0.0,0.0,0.0,0.0,0.0
TKE,0.0,0.9241962407465937,0.9241962407465937,0.0,1.0986122886681098,2.046742304883596,1.0750556815368328,0.9241962407465937,0.5493061443340549,1.2070784343255752,0.0,0.0,0.8047189562170501,0.0,0.46209812037329684,0.5493061443340549
TKF,0.0,1.0986122886681098,0.0,0.5493061443340549,0.5493061443340549,0.9241962407465937,0.0,0.8047189562170501,0.5493061443340549,0.0,0.46209812037329684,0.0,1.0986122886681098,0.6931471805599453,0.0,0.0
TKG,0.6931471805599453,0.6931471805599453,0.0,0.0,0.6931471805599453,0.6931471805599453,0.0,0.6931471805599453,0.6931471805599453,0.0,0.0,0.0,0.0,0.0,0.5493061443340549,0.0
TKI,0.0,0.0,0.0,0.0,0.0,1.1763898064334288,0.0,0.0,0.0,0.8239592165010823,0.0,0.0,0.0,0.0,0.0,0.0
TKK,0.9729550745276566,1.2070784343255752,0.6931471805599453,0.0,0.0,0.0,0.6931471805599453,0.5493061443340549,0.648636716351771,0.6931471805599453,0.46209812037329684,0.5493061443340549,0.6931471805599453,0.0,1.0986122886681098,0.6931471805599453
TKL,0.0,0.46209812037329684,0.0,0.6931471805599453,3.1780538303479458,0.0,0.0,0.0,0.0,2.9974488149797636,0.0,0.0,0.0,0.0,2.7471897635881173,2.6756264549510558
TKN,1.2070784343255752,0.8047189562170501,0.8047189562170501,0.0,0.0,0.46209812037329684,0.6931471805599453,0.6931471805599453,0.6931471805599453,0.0,0.8047189562170501,0.6931471805599453,0.6931471805599453,0.46209812037329684,0.0,0.0
TKP,0.0,0.0,0.0,0.0,0.0,0.0,0.0,0.0,0.0,0.0,0.0,0.0,0.0,0.0,0.0,0.0
TKQ,1.6215917908794277,0.8047189562170501,1.297273432703542,1.2070784343255752,0.5493061443340549,1.0986122886681098,1.6094379124341003,0.0,0.9729550745276566,1.2070784343255752,1.5813042316832728,1.6094379124341003,1.3862943611198906,0.9241962407465937,1.3862943611198906,0.0
TKR,0.6931471805599453,0.0,0.0,0.6931471805599453,0.0,0.0,0.0,1.0986122886681098,0.358351893845611,0.0,0.0,0.0,0.0,0.5493061443340549,0.3243183581758855,0.0
TKT,1.6215917908794277,0.6931471805599453,1.297273432703542,0.0,0.6931471805599453,0.6931471805599453,0.0,0.0,1.5813042316832728,0.8047189562170501,0.0,0.0,0.0,0.0,0.0,0.0
TKV,0.0,0.716703787691222,0.716703787691222,1.433407575382444,0.0,1.4387371636790223,0.8239592165010823,0.9241962407465937,0.0,1.023371152441798,1.1882523095313346,1.355403627157091,1.297273432703542,0.0,1.5350567286626973,1.4387371636790223
TKW,1.0986122886681098,2.302585092994046,0.0,1.9459101490553132,0.0,0.0,0.648636716351771,0.0,0.5941261547656673,1.2070784343255752,0.12676295638478188,0.0,2.4849066497880004,1.3862943611198906,1.3862943611198906,0.0
TKY,0.0,0.0,0.0,0.0,0.0,0.0,0.0,0.0,0.0,0.0,0.0,0.0,0.0,0.0,0.0,0.0
TLA,0.0,0.6931471805599453,0.0,0.6931471805599453,0.6931471805599453,0.6931471805599453,0.6931471805599453,0.0,0.0,0.0,0.0,0.0,0.6931471805599453,0.0,0.0,0.0
TLE,1.3862943611198906,0.3243183581758855,0.3243183581758855,0.46209812037329684,1.2070784343255752,1.6215917908794277,0.0,0.0,0.6931471805599453,0.358351893845611,1.2070784343255752,0.3243183581758855,0.3243183581758855,0.0,0.0,0.0
TLF,0.6931471805599453,1.0986122886681098,1.2070784343255752,0.6931471805599453,1.6094379124341003,0.9729550745276566,0.0,0.5493061443340549,0.5493061443340549,0.8047189562170501,0.0,0.648636716351771,0.6931471805599453,0.0,0.648636716351771,0.0
TLG,0.5493061443340549,0.6931471805599453,0.0,0.5493061443340549,0.0,0.6931471805599453,0.0,0.6931471805599453,0.5493061443340549,0.0,0.6931471805599453,0.0,0.0,0.5493061443340549,0.5493061443340549,0.46209812037329684
TLH,0.0,0.0,0.0,0.0,0.0,0.6931471805599453,0.6931471805599453,0.6931471805599453,0.0,0.0,0.0,0.6931471805599453,0.0,0.6931471805599453,0.0,0.0
TLI,0.0,0.0,0.5493061443340549,0.9241962407465937,0.0,0.46209812037329684,0.0,0.0,0.716703787691222,0.0,0.8047189562170501,0.29706307738283366,0.46209812037329684,0.6931471805599453,0.0,0.0
TLK,1.6094379124341003,0.0,2.0794415416798357,0.0,0.0,0.0,0.8047189562170501,0.0,1.782378464297002,1.0986122886681098,0.0,0.0,0.0,0.0,0.0,0.0
TLL,0.0,0.0,0.0,0.0,0.0,0.0,0.0,0.0,0.0,0.0,0.0,0.0,0.0,0.0,0.0,0.0
TLM,0.0,0.0,0.0,0.0,0.0,0.0,0.0,0.0,0.0,0.0,0.0,0.0,0.0,0.0,0.0,0.0
TLP,0.0,0.0,0.5493061443340549,0.0,0.0,0.0,0.0,0.0,0.0,0.5493061443340549,0.0,0.46209812037329684,0.6931471805599453,0.0,0.0,0.0
TLQ,0.0,0.0,0.5493061443340549,0.0,0.0,0.0,0.0,0.0,0.0,0.6931471805599453,0.0,0.5493061443340549,0.6931471805599453,0.0,0.0,0.0
TLR,1.2070784343255752,0.0,1.0750556815368328,0.6931471805599453,0.0,0.0,0.0,0.0,0.9241962407465937,1.0986122886681098,0.0,0.0,0.0,0.0,0.0,0.6931471805599453
TLS,0.0,0.0,0.6931471805599453,0.0,0.6931471805599453,0.0,0.0,0.0,0.0,0.0,0.0,0.0,0.0,0.0,0.0,0.0
TLT,0.29706307738283366,0.0,0.648636716351771,0.0,0.27465307216702745,1.433407575382444,0.46209812037329684,0.358351893845611,0.0,0.22590060452618185,1.7908995167731467,0.0,0.0,0.6931471805599453,0.0,0.5493061443340549
TLV,0.23978952727983707,0.27465307216702745,0.0,0.0,0.0,0.46209812037329684,0.0,0.6931471805599453,0.22590060452618185,0.0,0.5493061443340549,0.0,0.0,0.0,0.46209812037329684,0.891189232148501
TLY,1.782378464297002,0.0,1.782378464297002,1.297273432703542,0.5493061443340549,0.0,0.40235947810852507,0.0,1.6635532333438687,0.891189232148501,2.1581057455185335,1.0986122886681098,1.0986122886681098,0.0,1.433407575382444,0.9241962407465937
TMA,0.0,0.6931471805599453,0.0,0.5493061443340549,0.6931471805599453,0.0,0.0,0.0,0.6931471805599453,0.5493061443340549,0.0,0.0,0.0,0.0,0.0,0.0
TMD,0.0,0.0,0.6931471805599453,0.0,0.0,0.0,0.0,0.0,0.6931471805599453,0.0,0.0,0.0,0.6931471805599453,0.0,0.46209812037329684,1.0986122886681098
TMN,0.0,0.5493061443340549,0.0,0.0,0.0,0.0,0.5493061443340549,0.0,0.0,0.0,0.6931471805599453,0.0,0.0,0.0,0.0,0.0
TMP,0.0,0.0,0.0,0.6931471805599453,0.0,0.0,0.0,0.6931471805599453,0.6931471805599453,0.0,0.0,0.0,0.0,0.6931471805599453,0.6931471805599453,0.6931471805599453
TMQ,0.0,0.0,0.0,0.0,0.0,0.0,0.0,0.0,0.0,0.0,0.0,0.0,0.0,0.0,0.0,0.0
TMR,0.0,0.0,0.0,0.0,0.0,0.6931471805599453,0.0,0.46209812037329684,0.0,0.0,0.8047189562170501,0.891189232148501,0.0,0.46209812037329684,1.297273432703542,1.0986122886681098
TMT,0.0,0.0,0.0,0.0,0.0,0.0,0.0,0.0,0.0,0.0,1.2070784343255752,1.433407575382444,0.0,0.0,1.0750556815368328,1.3862943611198906
TNA,0.0,0.648636716351771,0.0,0.5493061443340549,0.0,0.0,0.5493061443340549,0.0,0.0,0.0,0.0,0.0,1.709966238307691,0.0,0.0,1.023371152441798
TND,0.0,3.2188758248682006,0.0,0.0,2.961959564600181,1.6443495456693247,2.564625836084481,0.0,0.0,2.4050883945369566,0.0,0.0,0.0,0.0,0.0,0.0
TNE,0.0,0.0,0.0,0.0,0.0,0.0,0.0,0.0,0.0,0.0,0.0,0.0,0.0,0.0,0.0,0.0
TNF,1.0986122886681098,0.0,0.9241962407465937,0.6931471805599453,0.5493061443340549,0.5493061443340549,0.40235947810852507,0.0,0.0,0.6931471805599453,0.9241962407465937,0.5493061443340549,0.5493061443340549,0.40235947810852507,0.0,0.0
TNG,0.0,1.0986122886681098,0.0,0.0,0.9241962407465937,0.0,0.8047189562170501,0.0,0.0,0.9241962407465937,0.0,0.0,0.0,0.0,0.0,0.0
TNI,0.6931471805599453,0.6931471805599453,0.0,1.0986122886681098,0.0,0.6931471805599453,1.0986122886681098,1.0986122886681098,0.0,1.3862943611198906,0.0,0.6931471805599453,1.3862943611198906,0.0,1.0986122886681098,0.0
TNK,0.0,0.0,0.0,0.0,0.0,0.0,0.0,0.0,0.0,0.0,0.0,0.0,0.0,0.0,0.0,0.0
TNL,0.0,0.0,0.0,0.0,0.0,0.0,0.0,0.0,0.0,0.0,0.9241962407465937,0.0,0.0,0.0,0.6931471805599453,0.6931471805599453
TNN,0.0,0.0,0.0,0.0,0.0,0.0,0.0,0.0,0.0,0.0,0.0,0.0,0.5493061443340549,0.0,0.0,0.40235947810852507
TNP,0.0,0.0,1.5350567286626973,1.2070784343255752,0.891189232148501,0.6412373393653842,0.0,0.40235947810852507,1.0986122886681098,0.9729550745276566,0.648636716351771,1.023371152441798,0.9241962407465937,0.0,1.1882523095313346,0.9591581091193483
TNQ,0.0,3.2188758248682006,0.0,0.0,3.2188758248682006,0.511685576220899,0.0,2.4072786084294826,0.0,3.8321858012357346,0.0,1.3862943611198906,0.0,0.0,3.8321858012357346,3.562073942428863
TNR,0.6931471805599453,0.8047189562170501,1.0986122886681098,0.0,0.46209812037329684,1.6094379124341003,1.2070784343255752,0.5493061443340549,0.6931471805599453,0.6931471805599453,0.6931471805599453,1.3862943611198906,0.0,1.0986122886681098,0.6931471805599453,0.0
TNS,0.46209812037329684,2.3019858420456756,0.46209812037329684,0.0,2.380306153561547,0.0,0.21374577978846138,2.833213344056216,0.511685576220899,3.258096538021482,0.0,0.0,0.0,0.2030044099704045,2.453699149305367,2.9920634754318947
TNT,0.0,0.6931471805599453,0.23978952727983707,0.0,3.0847559988320254,0.0,0.2763525069867779,0.2558427881104495,0.0,2.4038489485082053,0.29706307738283366,0.2558427881104495,0.0,0.22590060452618185,2.5254718724898555,3.0475412213530206
TNV,0.40235947810852507,0.0,0.0,0.0,0.0,0.0,0.0,0.0,0.5493061443340549,0.0,0.5493061443340549,0.0,0.0,0.0,0.0,1.0986122886681098
TNY,0.0,0.6931471805599453,0.6931471805599453,0.0,0.0,0.0,0.6931471805599453,0.0,0.0,0.0,1.3862943611198906,1.791759469228055,1.0986122886681098,0.6931471805599453,1.0986122886681098,1.3862943611198906
TPC,1.0986122886681098,1.6094379124341003,0.0,0.0,0.9241962407465937,1.0986122886681098,1.0986122886681098,0.0,0.0,0.0,0.5941261547656673,0.0,0.0,0.0,0.0,0.0
TPD,0.0,0.0,0.0,0.0,0.0,0.0,0.0,0.0,1.0986122886681098,1.0750556815368328,1.5246746883313111,0.0,0.0,0.0,0.0,0.0
TPE,0.0,0.891189232148501,0.8047189562170501,0.0,1.0750556815368328,0.648636716351771,1.0750556815368328,0.6931471805599453,0.0,0.9241962407465937,0.46209812037329684,0.716703787691222,1.0986122886681098,0.8047189562170501,0.0,0.0
TPG,0.0,0.0,0.0,0.0,0.0,3.8969834495850826,0.0,0.0,0.511685576220899,1.5350567286626973,2.595451697570672,0.0,0.0,0.8047189562170501,0.0,0.0
TPI,0.0,0.0,1.0986122886681098,0.0,0.5493061443340549,0.0,0.8047189562170501,0.5493061443340549,0.40235947810852507,1.0986122886681098,0.5493061443340549,0.6931471805599453,0.0,0.6931471805599453,0.5493061443340549,0.6931471805599453
TPK,0.23978952727983707,0.27465307216702745,0.1934321572215864,0.0,0.2558427881104495,0.0,0.354151668007027,2.300519333904915,0.6777018135785455,2.8862535685598347,0.0,2.765993003203175,0.0,0.0,2.8147840399962667,0.0
TPL,0.0,0.0,0.0,0.0,0.0,0.0,0.0,0.0,0.0,0.0,0.0,0.0,0.0,0.0,0.0,0.0
TPP,0.0,2.7471897635881173,0.0,0.0,2.6223806710998603,1.4002664152009656,2.5131148098040326,2.364666316739703,0.0,3.6375861597263857,0.6707875940902697,2.1972245773362196,0.0,0.0,3.58351893845611,3.1799232147068737
TPQ,0.0,0.0,0.0,0.0,0.0,0.0,0.0,0.0,0.0,0.0,0.0,0.0,0.0,0.0,0.0,0.0
TPR,0.0,0.0,0.0,0.0,0.0,0.0,0.0,0.0,0.0,0.0,0.0,0.0,0.0,0.0,0.0,0.0
TPS,0.8047189562170501,0.0,0.0,0.8047189562170501,0.0,0.0,0.0,0.46209812037329684,0.0,0.5493061443340549,0.0,0.6931471805599453,0.648636716351771,0.0,0.0,0.0
TPV,0.7675283643313486,1.9478341740386487,0.0,2.3978952727983707,0.0,1.1289577490276248,0.9729550745276566,0.0,0.0,1.2824746787307684,0.0,0.0,2.402910225941144,1.1605929433295186,0.9729550745276566,0.5941261547656673
TQA,0.0,1.0986122886681098,0.0,0.0,0.0,0.0,0.0,0.0,0.0,0.0,0.0,0.0,1.0986122886681098,0.0,0.0,0.9241962407465937
TQD,1.3732653608351373,1.8920414359288362,1.1295030226309093,0.716703787691222,0.0,3.1710208488092335,0.35184800499953334,0.0,0.0,0.8290575209603337,0.0,0.0,2.030044099704045,1.2938747370452313,0.6090132299112135,0.0
TQF,0.0,1.3862943611198906,0.46209812037329684,0.0,1.1882523095313346,0.0,0.0,0.0,0.0,0.0,0.0,0.0,0.0,0.0,0.0,0.0
TQG,0.0,0.0,0.0,0.0,0.0,0.0,0.0,0.0,0.0,0.0,0.0,0.0,0.0,0.0,0.0,0.0
TQH,0.0,0.0,0.0,0.8047189562170501,0.0,0.5493061443340549,1.0986122886681098,0.0,0.716703787691222,0.0,1.0986122886681098,0.0,0.0,0.5493061443340549,1.0986122886681098,1.0986122886681098
TQK,0.0,0.0,0.0,0.0,0.0,0.0,0.0,0.0,0.0,0.0,0.0,0.0,0.0,0.0,0.0,0.0
TQL,0.0,0.0,0.0,0.0,0.0,0.6931471805599453,0.0,0.46209812037329684,0.0,0.0,0.0,0.0,0.0,0.6931471805599453,0.0,0.0
TQM,0.0,0.0,0.0,0.0,0.0,0.0,0.0,0.0,0.0,0.0,0.0,0.0,0.0,0.0,0.0,0.0
TQN,0.0,0.0,0.0,0.0,0.0,1.6094379124341003,0.9241962407465937,0.9241962407465937,0.0,0.716703787691222,0.0,0.0,0.0,0.0,0.0,0.0
TQP,0.0,0.0,0.46209812037329684,0.0,0.6931471805599453,1.0986122886681098,0.0,0.0,0.0,0.5493061443340549,1.6479184330021646,0.9036024181047274,0.0,0.0,0.7675283643313486,1.6094379124341003
TQQ,0.0,0.0,0.0,0.0,0.0,0.0,0.6931471805599453,0.0,0.0,0.0,0.0,0.6931471805599453,0.0,0.6931471805599453,0.0,0.0
TQS,0.0,0.0,0.0,0.0,0.0,0.0,0.0,0.0,0.0,0.0,0.0,0.0,0.0,0.0,0.0,0.0
TQT,0.6931471805599453,0.46209812037329684,0.0,0.0,0.0,0.0,0.0,0.0,0.0,0.0,0.0,0.6931471805599453,0.0,0.6931471805599453,0.0,0.0
TQV,0.0,0.0,0.0,0.0,0.0,0.0,0.0,0.0,0.0,0.0,0.5493061443340549,0.716703787691222,0.0,0.0,0.46209812037329684,0.40235947810852507
TQY,0.0,0.0,0.0,0.0,0.0,0.0,0.0,0.0,0.0,0.0,0.0,0.0,0.0,0.0,0.0,0.0
TRA,0.0,0.0,0.0,0.0,0.0,0.0,0.0,0.0,0.0,0.0,0.0,0.0,0.0,0.0,0.0,0.0
TRD,0.0,0.0,0.0,0.0,0.0,0.0,0.0,0.0,0.0,0.0,0.0,0.0,0.0,0.0,0.0,0.0
TRE,0.6931471805599453,0.0,0.46209812037329684,0.6931471805599453,0.5493061443340549,0.46209812037329684,0.46209812037329684,0.9241962407465937,0.6931471805599453,0.0,0.0,0.9241962407465937,0.5493061443340549,1.2070784343255752,1.0986122886681098,0.9241962407465937
TRF,0.0,0.0,0.0,0.0,0.5493061443340549,0.0,0.0,0.0,0.0,0.0,0.0,0.0,0.0,0.0,0.0,0.0
TRG,0.0,0.0,0.0,0.0,1.6094379124341003,0.0,0.0,0.0,0.0,0.0,0.0,0.0,0.0,1.6094379124341003,0.0,0.0
TRH,0.0,0.0,0.46209812037329684,0.6931471805599453,0.0,0.0,0.6931471805599453,0.6931471805599453,1.0986122886681098,0.0,0.6931471805599453,0.0,0.0,0.6931471805599453,1.0986122886681098,0.6931471805599453
TRI,0.0,0.9729550745276566,0.0,0.46209812037329684,0.0,0.0,0.0,0.46209812037329684,1.1882523095313346,0.0,0.29706307738283366,0.891189232148501,1.2070784343255752,0.0,1.2070784343255752,0.0
TRK,2.218070977791825,0.0,2.218070977791825,1.6094379124341003,1.3862943611198906,0.6931471805599453,0.716703787691222,0.0,1.8483924814931874,1.4387371636790223,0.8239592165010823,1.6094379124341003,1.6094379124341003,0.0,1.9459101490553132,1.297273432703542
TRL,0.0,0.5493061443340549,1.1882523095313346,0.0,1.1882523095313346,0.0,0.0,0.0,0.5493061443340549,0.0,0.0,0.0,0.0,0.0,0.0,0.0
TRN,0.6931471805599453,0.0,0.6931471805599453,0.8047189562170501,0.0,0.0,1.0986122886681098,0.0,1.1882523095313346,0.0,1.3862943611198906,0.9241962407465937,0.0,1.0750556815368328,0.9241962407465937,1.0986122886681098
TRP,0.0,0.5493061443340549,1.1882523095313346,0.0,1.355403627157091,1.791759469228055,2.137457797884614,0.6931471805599453,0.0,1.5350567286626973,0.0,1.6215917908794277,0.0,0.0,0.0,0.0
TRQ,1.6094379124341003,2.3978952727983707,1.791759469228055,0.9241962407465937,1.3862943611198906,0.0,1.2070784343255752,2.0794415416798357,2.302585092994046,1.0986122886681098,1.9183162182386966,2.0794415416798357,1.6094379124341003,1.297273432703542,1.922571505169192,0.9241962407465937
TRR,0.6931471805599453,1.782378464297002,0.6931471805599453,1.6094379124341003,1.2070784343255752,1.433407575382444,2.1581057455185335,1.0986122886681098,1.0750556815368328,1.0986122886681098,1.6094379124341003,1.782378464297002,1.3862943611198906,1.6215917908794277,1.0750556815368328,1.3862943611198906
TRS,0.0,0.0,0.0,0.0,0.0,0.0,0.0,0.0,0.0,0.0,0.6931471805599453,1.0986122886681098,0.0,0.0,1.0986122886681098,0.0
TRT,1.6094379124341003,0.0,1.6479184330021646,0.0,0.0,0.0,0.0,0.0,1.433407575382444,0.716703787691222,0.0,0.0,0.0,0.0,0.0,0.0
TRV,0.0,0.0,0.0,0.0,0.0,0.0,0.0,0.9241962407465937,0.0,0.0,0.0,0.0,0.0,1.0986122886681098,0.0,0.6931471805599453
TRY,0.0,0.0,1.9459101490553132,0.6931471805599453,0.0,0.0,0.0,1.2070784343255752,0.9241962407465937,1.2070784343255752,4.581088468549271,4.283985140187091,1.6094379124341003,0.0,4.3101206261433775,3.5671521291262347
TSA,0.0,1.2070784343255752,0.46209812037329684,0.0,0.8239592165010823,0.5493061443340549,0.9241962407465937,0.0,0.46209812037329684,1.0986122886681098,0.6931471805599453,0.5493061443340549,0.0,0.6931471805599453,0.0,0.0
TSD,0.0,0.0,0.6931471805599453,0.0,0.6931471805599453,0.0,0.0,0.0,0.0,0.0,1.0986122886681098,0.5493061443340549,0.0,0.6931471805599453,0.0,0.0
TSE,0.6931471805599453,1.2070784343255752,1.3862943611198906,0.5493061443340549,1.433407575382444,1.433407575382444,0.40235947810852507,0.9241962407465937,1.3862943611198906,1.6094379124341003,1.9459101490553132,2.0794415416798357,0.6931471805599453,1.0986122886681098,1.9183162182386966,0.6931471805599453
TSF,0.0,2.4849066497880004,2.3978952727983707,1.0986122886681098,0.5941261547656673,0.0,0.0,0.0,2.3978952727983707,0.0,0.0,0.0,1.791759469228055,0.0,0.0,1.791759469228055
TSG,0.0,0.5493061443340549,0.0,0.0,0.0,0.0,0.0,0.5493061443340549,0.0,0.0,0.0,0.0,0.0,0.0,0.5493061443340549,0.0
TSH,0.0,0.0,0.3243183581758855,0.8047189562170501,0.0,0.3243183581758855,0.0,0.0,0.716703787691222,0.0,0.8047189562170501,0.716703787691222,0.5493061443340549,0.5493061443340549,0.0,0.0
TSI,0.0,1.0986122886681098,0.0,0.0,1.0986122886681098,0.0,1.0986122886681098,0.0,0.0,1.0986122886681098,0.0,0.0,0.0,0.0,0.0,0.0
TSK,2.4849066497880004,0.0,0.9036024181047274,1.2070784343255752,0.47957905455967414,0.29706307738283366,0.0,0.46209812037329684,2.70805020110221,0.0,0.9729550745276566,0.891189232148501,1.0986122886681098,0.9241962407465937,0.648636716351771,0.8047189562170501
TSL,0.0,0.0,0.0,0.0,0.0,0.0,0.0,0.0,0.0,0.0,0.0,0.0,0.0,0.0,0.0,0.0
TSN,0.0,0.0,0.0,0.0,0.0,0.0,0.0,0.0,0.0,0.0,0.0,0.0,0.0,0.0,0.0,0.0
TSP,0.0,0.0,0.0,0.0,0.0,0.0,0.0,0.0,0.0,0.0,0.0,0.0,0.0,0.0,0.0,0.0
TSR,0.0,0.0,0.0,0.0,0.0,0.40235947810852507,0.0,0.0,0.0,0.0,0.0,0.8047189562170501,0.0,0.6931471805599453,0.511685576220899,1.0986122886681098
TSS,0.0,0.0,0.5941261547656673,1.3862943611198906,0.716703787691222,0.0,0.40235947810852507,0.0,0.9241962407465937,0.0,0.6777018135785455,1.6785266909588594,1.3862943611198906,0.0,0.9729550745276566,1.922571505169192
TSV,0.0,0.0,0.6931471805599453,0.6931471805599453,0.0,0.0,0.0,0.0,0.5493061443340549,0.0,0.5493061443340549,0.0,0.0,0.0,0.6931471805599453,0.0
TTA,0.0,0.0,0.0,0.0,0.0,0.0,0.0,0.0,0.0,0.0,0.0,0.0,0.0,0.0,0.0,0.0
TTD,0.0,0.0,0.0,0.0,0.0,0.0,0.0,0.0,0.0,0.6931471805599453,0.5493061443340549,0.0,0.0,0.0,0.6931471805599453,1.0986122886681098
TTE,0.0,0.0,0.0,0.0,0.0,4.05052534554987,0.0,2.1110880299972,0.0,0.0,2.789113213116302,0.0,0.0,0.0,0.0,0.0
TTH,0.0,0.0,0.0,0.0,0.0,0.6931471805599453,1.3862943611198906,0.0,0.0,0.6931471805599453,0.0,0.7193685818395111,0.5941261547656673,0.0,0.0,1.0750556815368328
TTI,0.0,0.0,0.0,0.0,0.0,0.0,0.0,0.0,0.0,0.0,0.0,0.0,0.0,0.0,0.0,0.0
TTK,0.0,0.0,0.0,0.0,0.0,0.0,0.0,0.0,0.0,0.0,0.0,0.0,0.0,0.0,0.0,0.0
TTL,0.0,0.0,0.0,0.0,0.0,0.0,0.0,0.0,0.0,0.0,0.0,0.0,0.0,0.0,0.0,0.0
TTN,0.0,3.2188758248682006,0.0,0.0,3.2188758248682006,0.0,0.0,2.7471897635881173,0.0,3.283914713328978,0.0,0.0,0.0,0.0,3.0423109532347654,3.247581155445318
TTP,0.0,0.0,0.0,0.0,0.0,0.0,0.0,0.0,0.8047189562170501,1.0750556815368328,1.2296264847046454,0.0,0.0,0.0,0.0,0.0
TTQ,0.0,0.0,0.0,0.0,0.0,0.0,0.0,0.0,0.0,0.0,0.0,0.0,0.0,0.0,0.0,0.0
TTR,2.5649493574615367,0.0,2.2590060452618186,1.791759469228055,1.2070784343255752,0.8047189562170501,0.9241962407465937,0.9241962407465937,2.137457797884614,1.297273432703542,1.8270396897336403,1.9237120180961527,1.6094379124341003,1.0986122886681098,2.033231729642506,1.9183162182386966
TTT,0.0,0.0,0.0,0.0,0.0,0.6931471805599453,0.5493061443340549,0.0,0.0,0.0,0.0,0.5493061443340549,0.0,0.0,0.0,0.46209812037329684
TTV,0.0,0.0,0.0,0.0,0.0,0.0,0.0,0.0,0.0,0.0,0.0,0.0,0.0,0.0,0.0,0.0
TVA,0.0,0.0,0.0,0.0,0.0,0.0,0.0,0.0,0.0,0.0,0.0,0.0,0.0,0.0,0.0,0.0
TVE,0.0,0.0,0.0,0.6931471805599453,0.0,0.0,0.0,0.6931471805599453,0.6931471805599453,0.0,0.0,0.0,0.0,0.0,1.0986122886681098,0.5493061443340549
TVF,0.0,0.0,0.0,0.0,0.0,0.0,0.0,0.0,0.0,0.0,0.0,0.0,0.0,0.0,0.0,0.0
TVG,0.0,0.40235947810852507,0.0,0.6931471805599453,0.29706307738283366,0.40235947810852507,0.0,0.46209812037329684,0.6931471805599453,0.6931471805599453,0.0,0.5493061443340549,0.0,0.8047189562170501,0.6931471805599453,0.6931471805599453
TVH,0.0,0.0,0.0,0.0,0.0,0.0,0.0,0.0,0.0,0.0,0.0,0.0,0.0,0.0,0.0,0.0
TVI,0.0,0.0,0.40235947810852507,0.0,0.0,0.0,0.0,0.0,0.3243183581758855,0.0,0.9241962407465937,0.0,0.0,0.0,0.0,0.0
TVK,0.0,0.0,0.6931471805599453,0.5493061443340549,0.0,0.0,0.0,0.0,1.3862943611198906,0.0,0.716703787691222,0.6931471805599453,0.0,0.0,0.9241962407465937,0.0
TVL,1.0986122886681098,0.0,0.8047189562170501,0.0,0.0,0.0,0.0,0.0,1.2070784343255752,0.891189232148501,2.25313079215041,0.0,0.0,0.0,0.0,0.0
TVM,0.0,0.0,0.0,0.0,1.0986122886681098,1.0986122886681098,0.0,0.0,0.0,0.6931471805599453,0.0,0.0,0.0,0.0,0.0,0.0
TVN,0.0,0.0,2.8147840399962667,0.0,0.0,2.5268082639366525,0.0,2.6831503763610787,0.0,0.0,4.315842643933318,0.22590060452618185,0.0,3.0423109532347654,0.1770758340035135,2.509657455168998
TVP,0.0,0.0,0.40235947810852507,0.0,0.0,0.0,0.0,0.0,0.0,0.0,0.0,0.6931471805599453,0.358351893845611,0.0,0.0,0.40235947810852507
TVQ,0.0,0.0,0.0,0.0,0.0,0.5941261547656673,0.0,0.0,0.42749155957692275,0.9729550745276566,4.233035221463802,0.0,0.0,0.0,0.0,0.0
TVR,1.6094379124341003,0.0,1.433407575382444,0.0,0.0,0.0,0.0,0.0,1.782378464297002,0.0,0.0,0.0,0.0,0.0,0.0,0.0
TVS,0.0,0.0,0.0,0.0,0.0,0.0,0.0,0.0,0.0,0.0,0.0,0.0,0.0,0.0,0.0,0.0
TVT,0.0,0.0,0.0,0.0,0.0,0.0,0.0,0.0,0.0,0.0,0.0,0.0,0.648636716351771,0.0,0.0,0.8047189562170501
TVV,0.0,1.5350567286626973,1.782378464297002,0.0,0.40235947810852507,0.6931471805599453,0.3243183581758855,0.0,2.3978952727983707,0.46209812037329684,0.0,0.0,0.0,0.0,0.0,0.0
TVY,0.0,0.0,0.0,0.0,0.0,0.0,0.0,0.0,0.0,0.0,0.0,0.0,0.0,0.0,0.0,0.0
TWE,2.4761533688963264,1.993805361664022,0.0,0.0,0.0,2.511911010538959,2.270079664070115,0.0,2.6831503763610787,0.0,0.0,0.0,0.0,0.0,0.0,0.0
TWG,0.0,0.0,0.0,0.0,0.0,0.0,0.0,0.0,0.0,0.0,0.0,0.0,0.0,0.0,0.0,0.0
TWI,0.0,0.0,0.0,0.0,0.0,0.08236597895548704,0.2030044099704045,0.0,0.0,0.0,0.0,0.0,0.0,0.0,0.0,0.0
TWT,0.0,0.0,0.0,0.0,0.0,0.0,0.0,0.0,0.0,0.0,0.0,0.3243183581758855,0.0,0.0,0.22590060452618185,0.0
TWV,0.0,0.0,0.0,0.0,0.0,0.0,0.0,0.0,0.0,0.0,0.0,0.0,0.0,0.0,0.0,0.0
TWW,0.0,2.995732273553991,0.0,0.0,0.0,2.3038520686779207,1.1605929433295186,0.0,1.1295030226309093,0.0,0.0,0.0,0.0,0.0,0.0,0.0
TWY,0.0,0.0,0.0,0.0,0.0,0.0,0.0,0.0,0.0,0.0,1.6094379124341003,1.6215917908794277,0.0,0.0,1.433407575382444,1.2070784343255752
TYA,0.0,0.0,0.40235947810852507,0.0,0.0,0.0,0.0,0.0,0.0,0.0,0.0,0.8047189562170501,0.5493061443340549,0.0,0.0,0.5493061443340549
TYD,0.0,0.9241962407465937,0.9241962407465937,0.6931471805599453,1.3862943611198906,1.782378464297002,0.9241962407465937,1.2070784343255752,0.0,1.0986122886681098,0.0,0.5493061443340549,1.6094379124341003,1.3862943611198906,0.0,0.0
TYE,0.0,0.0,0.0,0.0,0.0,0.0,0.0,0.0,0.0,0.0,0.0,0.0,0.0,0.0,0.0,0.0
TYF,0.0,0.0,0.0,0.0,0.0,0.0,0.0,0.0,0.0,0.0,0.0,0.0,0.0,0.0,0.0,0.0
TYG,0.0,0.0,0.0,0.0,0.0,0.0,0.0,0.0,0.0,0.0,0.0,0.0,0.0,0.0,0.0,0.0
TYH,0.0,0.0,0.0,0.0,0.0,0.0,0.0,0.0,0.0,0.0,0.0,0.0,0.0,0.0,0.0,0.0
TYL,0.0,0.0,0.0,0.0,0.0,0.0,0.0,0.0,0.0,0.0,0.0,0.0,0.0,0.0,0.0,0.0
TYM,0.0,0.0,0.0,0.0,0.0,0.0,0.0,0.0,0.0,0.0,0.0,0.0,0.0,0.0,0.0,0.0
TYP,0.0,0.0,0.0,0.0,0.0,0.0,0.0,0.0,0.0,0.0,0.0,0.0,0.0,0.0,0.0,0.0
TYQ,0.0,0.0,0.0,0.0,0.0,3.7567025940507808,0.0,3.1303421057545915,0.0,0.22590060452618185,0.0,0.0,0.0,0.0,0.0,0.8239592165010823
TYR,0.0,0.0,0.0,0.0,0.0,0.0,0.0,0.0,0.0,0.0,0.0,0.0,0.0,0.0,0.0,0.0
TYS,0.0,0.5493061443340549,0.0,0.6931471805599453,0.0,0.0,0.0,1.0750556815368328,0.0,0.0,0.46209812037329684,0.6931471805599453,0.6931471805599453,0.46209812037329684,0.46209812037329684,0.5493061443340549
TYT,0.0,0.0,0.6931471805599453,0.0,0.0,0.0,0.0,0.0,0.0,0.0,1.0986122886681098,1.2070784343255752,1.0986122886681098,0.0,0.6931471805599453,0.5493061443340549
TYY,2.715129600883499,2.5713524440127005,0.23978952727983707,0.0,1.87024054922693,0.648636716351771,2.0402624173384694,0.0,0.29706307738283366,0.0,0.0,0.0,0.0,0.0,0.0,0.0
VAA,0.5493061443340549,0.23978952727983707,0.27465307216702745,1.0986122886681098,1.2792139405522478,0.0,0.0,0.0,0.716703787691222,0.0,0.0,0.5493061443340549,0.0,1.2070784343255752,0.0,0.0
VAC,0.0,0.0,0.0,0.0,0.0,0.0,0.0,0.0,0.0,0.0,0.0,0.0,0.0,0.0,0.0,0.0
VAD,0.0,0.0,0.0,0.0,0.0,0.6931471805599453,0.0,0.0,0.0,0.0,0.0,0.0,0.0,0.46209812037329684,0.0,0.0
VAE,0.0,1.433407575382444,0.8047189562170501,0.0,1.297273432703542,0.5941261547656673,0.0,0.46209812037329684,0.0,0.0,0.1934321572215864,0.0,0.46209812037329684,1.2070784343255752,0.0,0.0
VAF,0.0,0.0,0.0,0.6931471805599453,0.0,0.0,0.0,1.3862943611198906,0.5493061443340549,1.3862943611198906,0.0,0.3271598865740489,0.0,0.0,0.39097158456257786,1.1882523095313346
VAG,0.0,0.0,0.0,0.0,0.0,0.0,0.0,0.0,0.0,0.0,0.0,0.0,0.0,0.0,0.0,0.0
VAH,0.0,0.0,0.6931471805599453,0.0,0.0,0.0,0.0,0.0,0.0,0.0,0.6931471805599453,0.0,0.0,0.0,0.0,0.0
VAI,0.0,0.0,0.0,0.5493061443340549,0.0,0.0,0.0,0.0,1.0986122886681098,0.0,0.0,0.0,0.0,0.0,0.6931471805599453,0.0
VAK,0.358351893845611,0.0,1.0750556815368328,0.6931471805599453,0.0,0.0,0.5493061443340549,0.0,1.297273432703542,0.0,0.46209812037329684,0.5493061443340549,0.0,0.0,0.716703787691222,0.0
VAL,0.0,0.0,0.0,0.0,0.0,0.0,0.0,0.0,0.0,0.0,0.0,0.0,0.0,0.0,0.0,0.0
VAP,0.0,0.0,0.716703787691222,0.9729550745276566,0.0,0.47957905455967414,0.0,0.6931471805599453,0.9036024181047274,0.0,0.8549831191538455,1.0750556815368328,0.8047189562170501,1.0986122886681098,0.0,1.0986122886681098
VAQ,0.0,0.0,0.0,0.0,0.0,0.0,0.0,0.0,0.0,0.0,0.0,0.0,0.0,0.0,0.0,0.0
VAR,0.46209812037329684,1.791759469228055,1.297273432703542,1.0986122886681098,0.9241962407465937,0.6931471805599453,2.0794415416798357,0.0,2.1277537294374507,1.0986122886681098,0.6412373393653842,0.0,0.0,0.0,0.7193685818395111,0.891189232148501
VAS,3.0398775768545567,2.131165706406396,0.9729550745276566,0.6931471805599453,2.137836965406238,0.49073982986107334,0.8047189562170501,0.5941261547656673,1.0986122886681098,0.406008819940809,0.716703787691222,1.5350567286626973,0.0,0.716703787691222,0.9460207179644181,0.0
VAT,0.0,0.0,0.0,0.0,0.0,0.0,0.0,0.0,0.0,0.0,0.8239592165010823,1.297273432703542,0.0,0.5493061443340549,1.1882523095313346,1.0986122886681098
VAV,0.0,0.0,0.0,0.0,0.0,0.0,0.0,0.0,0.0,0.0,0.0,0.0,0.0,0.0,0.0,0.0
VAW,2.351203577673075,1.766309973347609,0.5941261547656673,0.0,0.511685576220899,0.0,0.0,0.5493061443340549,0.40235947810852507,1.9343215722158644,0.0,1.6479184330021646,0.0,0.0,1.709966238307691,0.0
VAY,0.0,0.0,0.0,1.2070784343255752,0.5493061443340549,0.5493061443340549,0.0,0.0,0.5493061443340549,0.0,0.0,0.0,0.6931471805599453,0.8047189562170501,0.6931471805599453,0.0
VCA,0.0,0.0,0.716703787691222,0.0,0.0,0.0,0.0,0.9241962407465937,0.0,0.0,0.0,0.0,1.3862943611198906,0.0,0.0,1.3862943611198906
VCD,0.0,0.6931471805599453,0.0,0.0,0.0,0.0,0.6931471805599453,0.6931471805599453,0.5493061443340549,0.0,0.5493061443340549,1.0986122886681098,0.0,0.0,1.2070784343255752,0.716703787691222
VCE,1.3862943611198906,0.6931471805599453,0.5493061443340549,0.0,0.0,0.0,0.6931471805599453,0.6931471805599453,0.6931471805599453,0.5493061443340549,1.0986122886681098,1.0986122886681098,0.46209812037329684,0.0,1.2070784343255752,0.5493061443340549
VCH,0.0,0.6931471805599453,0.0,0.0,0.0,0.0,0.6931471805599453,0.0,0.0,0.0,0.6931471805599453,0.0,0.0,0.0,0.0,0.0
VCK,1.782378464297002,1.4853153869141684,1.0986122886681098,0.0,0.9241962407465937,0.0,0.0,1.791759469228055,1.6215917908794277,1.0986122886681098,0.3243183581758855,1.2792139405522478,0.0,0.0,1.3732653608351373,0.0
VCL,1.0986122886681098,0.0,0.0,0.0,1.0986122886681098,0.0,0.0,0.0,0.0,0.0,0.0,0.2763525069867779,0.0,0.0,0.2850449287208318,0.0
VCM,0.0,0.5493061443340549,0.0,0.0,0.0,0.0,0.6931471805599453,0.0,0.0,0.0,0.0,0.0,0.6931471805599453,0.0,0.0,0.0
VCP,0.0,0.0,0.8047189562170501,0.0,0.0,0.0,0.0,0.0,0.648636716351771,0.0,0.0,0.0,0.0,0.0,0.0,0.0
VCS,0.0,0.0,0.0,0.0,0.0,0.0,0.0,0.0,0.0,0.0,0.0,0.0,0.0,0.0,0.0,0.0
VCT,0.0,0.0,0.0,0.0,0.0,0.0,0.0,0.0,0.0,0.0,0.0,0.0,0.0,0.0,0.0,0.0
VCV,0.0,0.0,0.0,0.0,0.0,0.0,0.6931471805599453,0.0,0.0,0.0,0.0,1.0986122886681098,0.0,0.0,0.8047189562170501,0.6931471805599453
VDA,0.0,0.6931471805599453,0.0,0.0,0.0,0.0,0.0,1.0986122886681098,0.5493061443340549,0.0,0.0,0.0,0.0,0.6931471805599453,0.0,0.6931471805599453
VDC,1.3862943611198906,0.0,0.0,0.0,0.0,0.0,0.0,0.0,0.0,0.0,0.0,0.0,0.0,0.0,0.0,0.0
VDD,0.6931471805599453,0.0,0.0,0.0,0.0,0.0,0.6931471805599453,0.0,0.46209812037329684,0.0,0.46209812037329684,1.0986122886681098,0.0,0.0,1.3862943611198906,1.3862943611198906
VDE,0.0,0.0,0.5493061443340549,0.0,0.0,0.5493061443340549,0.0,0.0,0.0,0.6931471805599453,0.0,0.0,0.0,0.0,0.0,0.0
VDF,0.6090132299112135,2.210284285450008,0.0,2.3978952727983707,0.0,1.9733082384752811,0.34339872044851466,0.0,0.47957905455967414,1.1090354888959124,0.7941707847532152,0.0,2.8903717578961645,1.2613609572858908,0.891189232148501,0.6412373393653842
VDG,0.5493061443340549,0.3243183581758855,0.0,0.0,2.9444389791664403,0.2030044099704045,0.0,2.680392034232518,0.0,2.348996309387612,0.0,0.0,0.0,0.0,2.3548838738425864,3.7745526074153526
VDI,0.0,1.782378464297002,2.137457797884614,0.0,0.358351893845611,1.9459101490553132,0.5493061443340549,0.0,2.030044099704045,0.40235947810852507,0.0,0.0,0.0,0.0,0.0,0.0
VDK,0.0,0.0,0.0,0.0,0.0,0.0,0.0,0.5493061443340549,0.0,0.0,0.0,0.0,0.0,0.0,0.0,3.044522437723423
VDM,0.0,0.0,0.0,0.0,0.0,0.0,0.0,0.0,0.0,0.0,0.0,0.0,0.0,0.0,0.0,0.0
VDN,0.0,0.0,0.0,0.0,0.0,0.0,0.0,0.0,0.0,0.0,0.0,0.0,0.0,0.0,0.0,0.0
VDP,0.0,0.0,0.0,0.6931471805599453,0.0,0.0,0.0,0.46209812037329684,0.0,0.0,0.0,0.0,0.0,0.5493061443340549,0.0,0.0
VDQ,0.0,0.0,0.0,0.0,0.0,0.0,0.0,0.0,0.0,0.0,0.0,0.0,0.0,0.0,0.0,0.0
VDR,0.0,0.9241962407465937,0.0,0.6931471805599453,0.0,1.2070784343255752,0.6931471805599453,1.297273432703542,0.6931471805599453,0.8047189562170501,0.6931471805599453,0.0,0.8047189562170501,0.6931471805599453,0.6931471805599453,0.0
VDS,0.0,0.0,0.0,0.0,0.0,0.0,0.0,0.0,0.0,0.0,0.0,0.0,0.0,0.0,0.0,0.0
VDV,0.0,0.0,0.0,0.0,0.0,0.46209812037329684,0.0,0.5493061443340549,0.0,0.0,0.0,0.0,0.0,0.9241962407465937,0.0,0.6931471805599453
VDY,0.0,0.0,0.0,0.0,0.0,0.0,0.6931471805599453,0.0,0.0,0.0,0.0,0.6931471805599453,0.0,0.6931471805599453,0.6931471805599453,0.0
VED,0.5493061443340549,0.0,0.29706307738283366,0.0,0.9241962407465937,0.0,0.0,0.0,0.0,0.5493061443340549,0.3243183581758855,0.0,0.0,1.0986122886681098,0.0,0.0
VEE,0.0,0.0,0.0,0.0,0.0,0.0,0.0,0.0,0.0,0.0,0.0,0.0,0.0,0.0,0.0,0.0
VEG,1.0750556815368328,1.3732653608351373,0.0,0.46209812037329684,1.2070784343255752,0.8047189562170501,0.648636716351771,0.0,0.9729550745276566,0.29706307738283366,0.3582095348279583,0.3932525578082579,0.0,0.0,0.4471917293935131,0.47957905455967414
VEI,0.5941261547656673,0.0,1.1882523095313346,0.358351893845611,0.0,0.0,0.0,0.6931471805599453,1.4853153869141684,0.0,0.0,0.0,0.0,0.0,0.5493061443340549,0.46209812037329684
VEK,0.0,0.0,0.0,0.0,0.0,0.0,0.0,0.0,0.0,0.0,0.0,0.0,0.0,0.0,0.0,0.0
VEL,0.0,0.0,0.0,0.0,0.0,0.0,0.0,0.0,0.0,0.0,0.0,0.5493061443340549,0.0,0.6931471805599453,0.0,0.0
VEN,0.0,0.0,0.0,0.0,0.0,0.0,0.0,0.0,0.0,0.0,0.0,0.0,0.0,0.0,0.0,0.0
VEQ,2.302585092994046,0.0,2.0794415416798357,1.433407575382444,0.9241962407465937,0.46209812037329684,0.9729550745276566,0.6931471805599453,2.436052919644854,1.782378464297002,1.1882523095313346,1.433407575382444,0.8047189562170501,0.6931471805599453,1.433407575382444,1.433407575382444
VER,1.7908995167731467,1.6479184330021646,1.0986122886681098,0.0,0.716703787691222,1.0750556815368328,1.2070784343255752,1.791759469228055,1.6479184330021646,0.8047189562170501,1.624035279763236,1.6215917908794277,0.3243183581758855,0.8047189562170501,1.4853153869141684,0.0
VES,0.0,0.0,0.0,0.5493061443340549,0.0,0.0,0.0,0.0,0.358351893845611,0.0,0.0,0.0,0.0,0.0,0.5493061443340549,0.0
VET,0.0,0.0,0.0,0.0,0.0,0.0,0.0,0.0,0.0,0.0,0.0,0.0,0.0,0.0,0.0,0.0
VEV,1.3862943611198906,1.4387371636790223,1.6215917908794277,1.297273432703542,1.5813042316832728,1.6094379124341003,0.42749155957692275,1.0750556815368328,1.6215917908794277,0.47957905455967414,0.40235947810852507,0.5493061443340549,0.648636716351771,1.3862943611198906,0.0,0.0
VEW,0.0,0.0,0.0,0.0,0.0,0.0,0.0,0.0,0.0,0.0,0.0,0.0,0.0,0.0,0.0,0.0
VEY,0.0,0.5493061443340549,0.0,0.9241962407465937,0.5493061443340549,0.40235947810852507,0.0,0.5493061443340549,0.40235947810852507,0.716703787691222,0.0,0.0,0.0,0.3243183581758855,0.9241962407465937,0.0
VFA,0.6090132299112135,1.9629593194442934,0.0,2.351203577673075,0.0,1.414502474430501,0.9729550745276566,0.0,0.511685576220899,1.1989476363991853,0.7297163058957424,0.0,2.772588722239781,1.416606672028108,1.0750556815368328,0.7675283643313486
VFD,0.0,0.6931471805599453,0.0,0.0,0.0,0.0,0.0,0.6931471805599453,0.0,0.0,0.0,0.0,0.0,0.0,0.0,1.0986122886681098
VFE,0.8047189562170501,0.0,0.0,0.0,0.0,0.0,0.40235947810852507,0.0,0.5493061443340549,0.40235947810852507,0.5493061443340549,0.5493061443340549,0.5493061443340549,0.0,0.5493061443340549,0.5493061443340549
VFF,0.0,0.0,0.0,0.0,0.0,0.0,0.0,0.0,0.0,0.0,0.0,0.0,0.0,0.0,0.0,0.0
VFG,0.0,1.6094379124341003,0.716703787691222,0.0,0.9241962407465937,0.0,0.0,0.9241962407465937,0.0,0.0,0.0,1.433407575382444,1.433407575382444,0.0,0.0,1.6094379124341003
VFH,0.0,1.0986122886681098,0.0,0.0,1.0986122886681098,0.6931471805599453,0.0,0.5493061443340549,0.6931471805599453,0.0,0.6931471805599453,0.0,0.0,0.6931471805599453,0.6931471805599453,0.0
VFI,0.0,0.0,0.0,0.0,0.0,0.0,0.0,0.0,0.0,0.0,0.0,0.0,0.0,0.0,0.0,0.0
VFK,0.0,0.0,0.8047189562170501,0.0,0.0,0.0,0.0,0.0,0.511685576220899,0.0,0.46209812037329684,0.46209812037329684,0.46209812037329684,0.0,0.40235947810852507,0.9729550745276566
VFL,0.0,0.0,0.0,0.0,0.0,0.0,0.0,0.0,0.0,0.0,0.0,0.0,0.0,0.0,0.0,0.0
VFN,0.0,0.0,0.0,0.0,0.0,0.0,0.0,0.0,0.0,0.0,0.0,0.0,0.0,0.0,0.0,0.0
VFR,2.5649493574615367,2.033105440735637,1.6215917908794277,0.0,1.0986122886681098,1.2070784343255752,1.6094379124341003,1.433407575382444,1.9459101490553132,0.9241962407465937,1.8270396897336403,1.87024054922693,1.6094379124341003,1.3862943611198906,2.046742304883596,1.068728898942307
VFS,0.0,0.0,0.0,0.0,0.0,0.0,0.6931471805599453,0.0,0.0,0.0,0.5493061443340549,0.0,0.0,0.0,0.0,0.0
VFV,0.0,0.0,0.0,0.0,0.0,0.0,0.0,0.0,0.0,0.0,0.0,0.46209812037329684,0.0,0.0,0.0,0.6931471805599453
VFW,0.0,0.0,0.0,0.0,0.0,0.0,0.0,0.0,0.0,0.0,0.0,0.0,0.0,0.0,0.0,0.0
VFY,0.0,0.0,0.0,0.0,0.0,0.0,0.0,0.0,0.0,0.0,0.0,0.0,0.0,0.0,0.0,0.0
VGA,0.5493061443340549,0.0,0.358351893845611,0.5493061443340549,0.29706307738283366,0.7675283643313486,0.5493061443340549,0.0,0.9729550745276566,0.0,1.1882523095313346,0.0,0.0,0.0,0.3243183581758855,0.0
VGD,0.40235947810852507,0.716703787691222,0.0,0.5493061443340549,0.5493061443340549,0.21853172259165501,0.716703787691222,0.0,0.9241962407465937,1.6479184330021646,2.0658394264183535,0.9241962407465937,0.716703787691222,0.0,0.9241962407465937,0.9729550745276566
VGF,0.5493061443340549,0.0,0.5493061443340549,0.0,0.0,0.0,0.0,0.0,0.0,0.0,0.5493061443340549,0.0,0.0,0.0,0.0,0.0
VGG,0.0,0.7193685818395111,0.40235947810852507,0.0,0.812017639881618,0.46209812037329684,1.2070784343255752,0.0,0.716703787691222,0.5493061443340549,0.3243183581758855,0.5493061443340549,0.0,0.46209812037329684,0.0,0.0
VGH,0.0,0.0,0.0,0.0,0.0,0.0,0.0,0.0,0.0,0.0,0.0,0.0,0.0,0.0,0.0,0.0
VGI,0.0,0.0,1.7908995167731467,1.0986122886681098,0.5493061443340549,0.648636716351771,0.0,0.0,1.4387371636790223,0.716703787691222,0.0,1.0986122886681098,1.6094379124341003,0.0,0.0,1.6094379124341003
VGK,0.46209812037329684,0.0,3.258096538021482,0.0,0.0,4.052046701753435,0.0,3.127772676500623,0.0,0.42756739308124764,4.593861915964437,0.8551347861624953,0.358351893845611,0.40235947810852507,1.1401797148833273,3.2188758248682006
VGL,0.0,0.6931471805599453,0.0,0.6931471805599453,0.6931471805599453,0.6931471805599453,0.5493061443340549,0.6931471805599453,0.6931471805599453,0.6931471805599453,0.0,0.0,0.0,1.0986122886681098,0.6931471805599453,1.0986122886681098
VGN,0.6931471805599453,1.0986122886681098,0.0,0.0,0.6931471805599453,0.6931471805599453,0.0,0.6931471805599453,0.5493061443340549,0.0,0.0,0.0,0.0,0.0,0.0,1.3862943611198906
VGP,0.0,0.0,0.8047189562170501,0.0,0.0,0.0,0.0,0.0,0.9241962407465937,0.0,0.0,0.0,0.0,0.0,0.0,0.0
VGQ,0.0,0.0,0.0,0.0,0.0,0.0,0.0,0.0,0.0,0.0,0.0,0.0,0.0,0.0,0.0,0.0
VGR,0.0,0.0,0.0,0.0,0.0,0.0,0.0,0.0,0.0,0.0,0.0,0.0,0.0,0.0,0.0,0.0
VGS,0.0,0.0,0.9729550745276566,1.6785266909588594,0.6931471805599453,0.14841974760120263,0.0,0.46209812037329684,1.1295030226309093,0.5941261547656673,0.5212954460834371,1.791759469228055,0.511685576220899,0.716703787691222,1.7908995167731467,1.1882523095313346
VGT,0.0,0.6931471805599453,0.0,0.6931471805599453,0.46209812037329684,0.6931471805599453,0.6931471805599453,0.0,0.0,0.0,1.0986122886681098,0.6931471805599453,0.6931471805599453,0.0,0.0,0.0
VGV,0.0,0.0,0.0,0.0,0.0,0.0,0.0,0.0,0.0,0.0,0.0,0.0,0.0,0.0,0.0,0.0
VGW,0.0,0.0,0.6931471805599453,0.0,0.0,0.0,0.0,0.0,0.0,0.0,0.6931471805599453,0.8047189562170501,1.0986122886681098,0.0,0.0,0.5493061443340549
VGY,0.0,0.8047189562170501,0.0,0.0,0.9241962407465937,0.0,1.0986122886681098,0.0,0.0,1.0986122886681098,1.0986122886681098,0.0,0.0,0.0,0.0,0.0
VHE,1.0986122886681098,0.0,0.0,0.9241962407465937,0.0,0.0,0.0,0.0,0.0,0.0,0.0,0.0,1.0986122886681098,0.0,0.0,0.0
VHG,0.0,0.0,0.0,0.0,0.0,0.0,0.0,0.0,0.0,0.0,0.0,0.0,0.0,0.0,0.0,0.0
VHI,0.0,0.0,0.0,0.0,0.0,0.0,0.0,0.0,0.0,0.0,0.0,0.0,0.0,0.0,0.0,0.0
VHL,0.0,0.0,1.1295030226309093,0.0,1.3732653608351373,0.0,1.791759469228055,0.0,0.0,1.6215917908794277,0.0,0.0,0.0,0.0,0.0,0.0
VHN,0.0,0.0,0.0,0.0,0.0,0.0,0.0,0.0,0.0,0.0,0.0,0.0,0.0,0.0,0.0,0.0
VHP,0.0,0.0,0.0,0.0,0.0,0.0,0.0,0.0,0.0,0.0,0.0,0.0,0.0,0.0,0.0,0.0
VHR,0.5493061443340549,0.6931471805599453,0.0,0.5493061443340549,0.5493061443340549,0.0,0.5493061443340549,0.0,0.6931471805599453,0.46209812037329684,0.46209812037329684,0.46209812037329684,0.8047189562170501,0.0,1.0986122886681098,0.5493061443340549
VHS,0.0,0.0,0.0,0.0,0.0,0.0,0.0,0.0,0.0,0.0,0.0,0.0,0.0,0.0,0.0,0.0
VHT,0.0,0.0,0.0,0.0,0.0,0.0,0.0,0.0,0.0,0.0,0.0,0.0,0.0,0.0,0.0,0.0
VHV,0.0,0.0,0.0,0.0,0.0,0.0,0.6931471805599453,0.6931471805599453,0.0,0.0,0.0,0.6931471805599453,0.0,0.6931471805599453,0.5493061443340549,0.0
VHY,0.0,0.0,0.0,0.0,0.0,0.0,0.0,0.0,0.0,0.0,0.0,0.0,0.0,0.0,0.0,0.0
VIA,0.0,0.0,0.0,0.0,0.0,0.0,0.0,0.0,0.0,0.0,0.0,0.0,0.0,0.0,0.0,0.0
VIC,0.0,0.0,0.0,0.0,0.0,0.0,0.0,0.0,0.0,0.0,0.0,0.0,0.0,0.0,0.0,0.0
VID,1.433407575382444,0.5941261547656673,0.0,0.0,0.9241962407465937,0.0,0.0,0.46209812037329684,0.648636716351771,0.0,1.355403627157091,0.49073982986107334,0.0,0.0,1.023371152441798,0.5545177444479562
VIE,1.3862943611198906,0.0,1.1882523095313346,0.0,0.0,0.0,0.0,0.0,1.0750556815368328,0.0,1.023371152441798,0.0,0.0,0.0,0.0,0.0
VIF,0.0,1.1989476363991853,2.453699149305367,0.0,2.5227219145717816,0.5493061443340549,0.358351893845611,1.4853153869141684,1.6479184330021646,1.624035279763236,0.0,1.2938747370452313,0.0,2.2590060452618186,0.5493061443340549,0.0
VIG,0.0,0.0,0.0,0.0,0.0,0.0,0.0,0.0,0.0,0.0,0.0,0.0,0.0,0.0,0.0,0.0
VIH,0.0,0.6931471805599453,0.0,1.0986122886681098,0.0,0.0,0.6931471805599453,0.6931471805599453,0.6931471805599453,0.0,0.0,0.0,0.0,0.46209812037329684,0.6931471805599453,1.0986122886681098
VII,0.0,0.0,0.0,0.0,0.0,0.0,0.0,0.0,0.0,0.0,0.0,0.0,0.0,0.0,0.0,0.0
VIK,1.6094379124341003,1.0986122886681098,1.4853153869141684,0.8047189562170501,1.2070784343255752,2.2330485096744495,1.433407575382444,0.891189232148501,1.6094379124341003,2.0794415416798357,1.8072048362094548,0.0,1.0986122886681098,0.5493061443340549,1.0986122886681098,0.648636716351771
VIL,0.0,0.0,0.5493061443340549,0.0,0.0,0.0,0.0,0.0,0.0,0.0,1.0986122886681098,0.0,0.0,0.0,0.0,0.0
VIN,0.0,0.0,0.3243183581758855,0.0,0.40235947810852507,0.0,0.0,0.0,0.358351893845611,0.0,0.716703787691222,0.9241962407465937,0.0,0.40235947810852507,0.5493061443340549,0.0
VIP,0.27465307216702745,0.0,0.0,0.0,0.0,0.2552427597659397,0.0,2.5654043584874864,0.0,0.3868643144431728,0.23456533666635554,0.0,0.29706307738283366,2.7966574578003813,0.0,2.62534881637439
VIQ,0.0,0.0,0.0,0.0,0.0,0.0,0.0,0.0,0.0,0.0,0.0,0.0,0.0,0.0,0.0,0.0
VIR,0.0,0.716703787691222,0.0,0.0,0.716703787691222,0.0,0.8047189562170501,0.0,0.0,0.8047189562170501,1.433407575382444,0.0,0.0,0.0,0.0,0.0
VIS,0.0,0.8047189562170501,0.0,0.0,1.0986122886681098,0.0,0.0,0.0,0.0,0.0,0.0,0.0,0.0,0.0,0.0,0.0
VIT,0.0,0.0,0.0,0.0,0.0,0.0,0.6931471805599453,0.0,0.0,0.0,0.0,1.0986122886681098,0.0,0.5493061443340549,0.6931471805599453,0.0
VIV,0.40235947810852507,0.0,0.5493061443340549,0.46209812037329684,0.358351893845611,0.0,0.0,0.0,0.5941261547656673,0.0,0.891189232148501,1.2824746787307684,0.891189232148501,0.0,1.1989476363991853,0.8047189562170501
VIW,0.0,0.0,0.0,0.0,0.0,4.34115964043658,0.0,0.0,0.0,0.0,0.29438499555793485,0.0,0.0,0.0,0.0,0.0
VIY,0.8549831191538455,0.0,0.0,0.0,0.0,1.5638863382503114,0.0,0.0,0.42749155957692275,1.0750556815368328,2.6815371507177446,0.0,0.0,0.0,0.0,0.0
VKA,0.0,0.0,0.0,0.716703787691222,0.0,0.29706307738283366,0.3243183581758855,0.0,1.1882523095313346,0.40235947810852507,0.8549831191538455,1.1882523095313346,0.5493061443340549,0.0,1.0986122886681098,1.1882523095313346
VKD,0.0,0.0,0.0,0.0,0.0,0.0,0.0,0.0,0.0,0.0,0.0,0.0,0.0,0.0,0.0,0.0
VKE,0.0,0.0,0.46209812037329684,0.0,0.9241962407465937,0.46209812037329684,0.0,0.0,0.6931471805599453,0.6931471805599453,0.40235947810852507,0.5493061443340549,0.0,0.5493061443340549,1.0986122886681098,0.0
VKF,0.0,0.0,0.0,0.0,0.0,0.0,0.0,0.0,0.0,0.0,0.0,0.0,0.0,0.0,0.0,0.0
VKG,0.3243183581758855,0.5493061443340549,0.9729550745276566,0.0,0.27465307216702745,0.3243183581758855,0.22590060452618185,0.9241962407465937,0.8239592165010823,0.2030044099704045,1.6215917908794277,0.0,0.0,0.46209812037329684,0.3243183581758855,0.0
VKH,0.0,0.0,0.0,0.0,0.0,0.0,0.0,0.0,0.0,0.0,0.0,0.0,0.0,0.0,0.0,0.0
VKI,0.0,0.0,0.0,0.0,0.0,0.0,0.0,0.0,0.0,0.0,0.0,0.0,0.0,0.0,0.0,0.0
VKK,0.0,0.6931471805599453,0.6931471805599453,0.0,0.0,0.0,0.6931471805599453,0.0,0.6931471805599453,0.0,0.6931471805599453,0.0,0.0,0.0,0.0,0.0
VKL,0.0,0.0,0.1425224643604159,0.0,0.0,0.0,0.0,2.0241014320958137,0.0,1.254828727584499,0.0,0.1770758340035135,0.5493061443340549,0.0,0.0,2.366904794617611
VKM,0.0,0.0,0.0,0.0,0.0,0.0,0.0,0.0,0.0,0.0,0.0,0.0,0.0,0.0,0.0,0.0
VKN,1.624035279763236,1.433407575382444,2.4790616760491893,2.402910225941144,1.0750556815368328,1.8270396897336403,1.1605929433295186,1.2792139405522478,2.5022724622424466,1.1989476363991853,1.4210308697928313,2.5503280216730864,1.9237120180961527,1.3732653608351373,2.380306153561547,1.9183162182386966
VKQ,2.1891489176872274,2.9415119239134286,2.012362782270809,1.7908995167731467,2.509657455168998,4.18562361206044,3.247581155445318,2.6715554568216473,2.359515346849548,1.0624550040210812,0.20526611787921364,0.0,2.436052919644854,1.1989476363991853,0.47301035898220906,2.338866377801672
VKR,0.0,0.0,0.0,0.0,0.0,0.0,0.0,0.5493061443340549,0.0,0.0,0.0,0.9241962407465937,0.6931471805599453,0.46209812037329684,1.0986122886681098,0.0
VKS,0.0,0.0,0.0,0.6931471805599453,0.0,0.0,0.6931471805599453,0.6931471805599453,1.0986122886681098,0.6931471805599453,0.0,0.6931471805599453,0.0,0.0,1.3862943611198906,1.3862943611198906
VKT,0.0,0.0,0.47957905455967414,0.5493061443340549,0.29706307738283366,0.0,0.358351893845611,0.0,0.9241962407465937,0.0,0.5493061443340549,0.46209812037329684,0.0,0.5493061443340549,1.0986122886681098,0.0
VKV,0.0,0.0,0.0,0.0,0.0,0.0,0.0,0.0,0.0,0.0,0.6931471805599453,1.0986122886681098,0.0,0.0,0.5493061443340549,0.0
VKY,1.3862943611198906,0.0,1.4387371636790223,0.0,0.0,0.0,0.0,0.0,1.4853153869141684,0.0,1.1090354888959124,0.0,0.0,0.0,0.0,0.0
VLA,0.0,0.0,0.0,0.0,0.0,0.0,0.0,0.0,0.0,0.0,0.0,0.0,0.0,0.0,0.0,0.0
VLD,0.40235947810852507,0.46209812037329684,0.0,0.0,0.0,0.11179793234837827,1.0750556815368328,0.716703787691222,0.7675283643313486,1.922571505169192,2.8941850782234515,0.3243183581758855,0.0,0.40235947810852507,0.358351893845611,0.0
VLE,0.0,0.0,0.0,0.0,0.0,0.0,0.0,0.0,0.0,0.0,0.0,0.0,0.0,0.0,0.0,0.0
VLF,0.0,0.0,0.5493061443340549,0.5493061443340549,0.6931471805599453,0.0,0.0,0.0,0.0,0.0,0.0,0.6931471805599453,1.0986122886681098,0.0,0.0,0.0
VLG,0.5493061443340549,0.0,0.0,0.0,0.0,0.0,0.0,0.0,0.716703787691222,0.0,0.0,0.0,0.0,0.0,0.46209812037329684,0.9241962407465937
VLH,0.0,0.0,0.0,0.0,0.0,0.0,0.0,0.0,0.0,0.0,0.0,0.0,0.0,0.0,0.0,0.0
VLI,0.0,0.5493061443340549,1.0750556815368328,0.9241962407465937,1.0986122886681098,0.0,0.0,0.0,0.0,0.46209812037329684,1.9459101490553132,1.8270396897336403,0.8047189562170501,0.0,1.433407575382444,2.046742304883596
VLK,0.6931471805599453,0.648636716351771,1.2070784343255752,0.6931471805599453,1.433407575382444,0.5493061443340549,0.0,1.2070784343255752,0.6931471805599453,1.0986122886681098,0.0,1.0986122886681098,0.6931471805599453,0.8047189562170501,1.1882523095313346,0.0
VLL,0.0,0.0,0.0,0.0,0.0,0.0,0.0,0.0,0.0,0.0,0.0,0.0,0.0,0.0,0.0,0.0
VLN,0.0,0.40235947810852507,0.6931471805599453,0.40235947810852507,0.8047189562170501,0.0,0.0,0.40235947810852507,0.40235947810852507,0.648636716351771,0.0,0.0,0.0,0.0,0.358351893845611,0.0
VLP,0.0,2.1277537294374507,0.0,0.648636716351771,0.0,1.675091117034899,0.47301035898220906,0.0,0.2763525069867779,1.9629593194442934,3.931860366737328,0.0,1.8920414359288362,1.1450596030091713,0.7675283643313486,0.3153402393214727
VLQ,0.0,0.0,0.0,0.8047189562170501,0.0,0.0,0.648636716351771,0.716703787691222,0.648636716351771,0.0,3.408062436225293,2.9440639471783188,0.0,0.0,3.3868732470828746,3.0423109532347654
VLR,1.6094379124341003,1.3862943611198906,0.716703787691222,1.0986122886681098,1.0986122886681098,1.782378464297002,1.0986122886681098,1.0986122886681098,1.0750556815368328,0.9241962407465937,0.0,0.0,1.6215917908794277,0.46209812037329684,0.6931471805599453,0.0
VLS,0.0,0.0,0.0,0.0,0.0,0.648636716351771,0.0,0.5493061443340549,0.0,0.5941261547656673,0.0,0.5941261547656673,0.0,0.0,0.5941261547656673,0.9241962407465937
VLT,0.8047189562170501,0.46209812037329684,0.0,0.6931471805599453,0.9241962407465937,0.0,0.0,0.358351893845611,0.358351893845611,0.5493061443340549,0.0,0.5100656043346173,0.0,0.716703787691222,0.4518012090523637,1.0150220498520226
VLV,0.0,0.0,1.2070784343255752,1.1989476363991853,0.358351893845611,0.0,0.0,0.0,0.8239592165010823,0.5941261547656673,0.648636716351771,1.0986122886681098,0.648636716351771,0.5493061443340549,0.812017639881618,1.297273432703542
VLY,0.5493061443340549,0.0,0.6931471805599453,0.6931471805599453,1.0986122886681098,0.5493061443340549,0.0,1.0986122886681098,0.0,0.6931471805599453,0.0,0.0,0.0,1.0986122886681098,0.0,0.0
VMA,0.0,0.0,0.9729550745276566,1.2792139405522478,0.0,0.5493061443340549,0.0,0.46209812037329684,1.1882523095313346,0.0,1.433407575382444,1.023371152441798,0.8239592165010823,0.9241962407465937,0.716703787691222,1.433407575382444
VMC,0.0,0.0,0.0,0.0,0.0,0.0,0.0,0.0,0.0,0.0,0.0,0.0,0.0,0.0,0.0,0.0
VMF,0.0,0.0,0.5493061443340549,1.433407575382444,0.0,0.6931471805599453,0.0,0.46209812037329684,0.8239592165010823,0.716703787691222,0.9241962407465937,1.3862943611198906,0.0,0.5493061443340549,1.3732653608351373,0.9241962407465937
VMH,0.0,0.6931471805599453,0.0,0.0,0.0,0.6931471805599453,0.0,0.6931471805599453,0.0,0.6931471805599453,0.0,0.0,0.0,0.5493061443340549,0.6931471805599453,0.0
VMK,0.0,0.0,0.40235947810852507,0.0,0.0,0.0,0.0,0.0,0.0,0.0,0.0,0.5212954460834371,0.0,0.0,0.40235947810852507,0.0
VML,0.0,0.0,0.0,0.6931471805599453,0.0,0.0,0.0,1.2070784343255752,0.5493061443340549,1.2070784343255752,1.7051556809708837,3.0629131171912762,0.0,0.0,2.0913812126408318,3.1303421057545915
VMP,0.0,0.0,0.0,0.0,0.0,0.0,0.0,0.0,0.0,0.0,0.0,0.0,0.0,0.0,0.0,0.0
VMR,0.0,0.0,0.6931471805599453,0.0,1.0986122886681098,1.3862943611198906,0.0,0.0,0.0,0.5493061443340549,1.3862943611198906,0.0,0.0,0.0,0.0,0.0
VMS,0.0,0.0,0.6931471805599453,0.0,1.3862943611198906,1.6094379124341003,0.0,0.0,0.0,0.6931471805599453,0.0,0.0,0.0,0.0,0.0,0.0
VMT,0.0,0.0,0.0,0.9241962407465937,0.5493061443340549,0.5493061443340549,0.0,0.6931471805599453,0.46209812037329684,0.6931471805599453,0.0,0.0,0.6931471805599453,0.9241962407465937,0.5493061443340549,0.0
VMV,0.0,0.0,0.8047189562170501,0.5493061443340549,0.5493061443340549,0.0,0.0,0.0,0.46209812037329684,0.0,0.358351893845611,0.891189232148501,0.716703787691222,0.0,1.023371152441798,1.297273432703542
VNA,0.0,0.0,0.0,0.0,0.0,0.0,0.0,0.0,0.0,0.0,0.0,0.0,0.0,0.0,0.0,0.0
VNC,0.0,0.0,0.0,0.0,0.0,0.0,0.0,0.0,0.0,0.0,0.0,0.0,0.0,0.0,0.0,0.0
VND,0.0,0.0,3.2188758248682006,0.0,0.0,2.5268082639366525,0.0,3.2188758248682006,0.0,0.0,4.392783383676206,0.0,0.0,3.2188758248682006,0.0,2.6831503763610787
VNE,0.0,0.0,0.0,0.0,0.0,0.0,0.0,0.0,0.0,0.0,0.0,0.0,0.0,0.0,0.0,0.0
VNF,0.0,0.5493061443340549,1.1882523095313346,0.9241962407465937,0.0,0.0,0.47957905455967414,0.0,1.624035279763236,0.0,1.355403627157091,0.0,0.0,0.0,0.47957905455967414,0.0
VNG,0.0,0.0,0.0,0.0,0.0,0.0,0.0,0.0,0.0,0.0,0.0,0.0,0.0,0.0,0.0,0.0
VNI,0.0,0.0,1.433407575382444,0.0,0.0,0.0,0.0,0.0,0.9241962407465937,0.16357994328702444,0.0,0.0,0.0,0.0,0.0,0.0
VNL,0.716703787691222,0.358351893845611,1.1882523095313346,1.4853153869141684,0.0,1.7908995167731467,0.511685576220899,1.1882523095313346,1.4962204585192298,1.023371152441798,0.5119312769223013,1.014103651078255,1.3732653608351373,0.716703787691222,1.3310213199979837,0.8501093405576955
VNQ,0.36967849629863747,3.091042453358316,1.218026459822427,0.0,3.091042453358316,1.816816188299471,0.0,2.5227219145717816,0.49073982986107334,3.0847559988320254,0.0,0.0,0.0,0.0,3.044522437723423,2.5227219145717816
VNR,0.0,0.0,0.0,0.0,0.0,0.0,0.0,0.0,0.0,0.0,0.0,0.0,0.0,0.0,0.0,0.0
VNS,0.0,0.0,0.0,0.0,0.0,0.0,0.0,0.0,0.0,0.0,0.0,0.0,0.0,0.0,0.0,0.9241962407465937
VNT,0.0,2.4572701292270467,0.3243183581758855,0.0,3.2188758248682006,1.310102145956914,2.6484262747484673,2.564625836084481,3.127772676500623,3.810740708566655,0.771276136027294,3.0847559988320254,0.0,0.3243183581758855,3.513034202823403,3.1122652739684296
VNW,0.6931471805599453,0.0,0.0,0.6931471805599453,0.0,0.0,0.5493061443340549,0.0,0.0,0.5493061443340549,0.0,0.6931471805599453,0.6931471805599453,0.0,0.6931471805599453,0.0
VNY,1.433407575382444,0.9241962407465937,0.6931471805599453,0.0,0.0,0.6931471805599453,1.0986122886681098,0.0,0.5493061443340549,0.0,0.0,0.6931471805599453,0.0,0.0,0.0,0.6931471805599453
VPA,0.0,0.0,0.0,1.2070784343255752,0.5493061443340549,0.4518012090523637,0.0,3.1354942159291497,0.46209812037329684,0.27465307216702745,0.23978952727983707,0.0,0.0,0.9241962407465937,1.354025100551105,3.8918202981106265
VPF,0.0,0.0,0.0,0.0,0.0,0.0,0.0,0.6931471805599453,0.0,0.0,0.0,0.0,0.0,0.5493061443340549,0.0,0.0
VPG,0.6931471805599453,0.6931471805599453,0.0,0.0,0.6931471805599453,0.6931471805599453,0.6931471805599453,0.6931471805599453,0.5493061443340549,0.0,0.6931471805599453,0.0,0.0,0.0,0.6931471805599453,1.3862943611198906
VPI,0.0,0.0,0.0,0.716703787691222,0.0,0.0,0.0,0.0,0.0,0.0,0.0,0.0,0.0,0.0,0.0,1.0986122886681098
VPK,1.3862943611198906,2.046742304883596,1.6479184330021646,1.6094379124341003,1.6094379124341003,0.0,1.6479184330021646,0.0,1.8270396897336403,0.648636716351771,1.740889414994278,1.355403627157091,0.0,1.3862943611198906,1.2824746787307684,1.6094379124341003
VPL,0.0,0.5941261547656673,0.21374577978846138,0.27465307216702745,2.961959564600181,0.1274149278603323,0.14719249777896742,1.023371152441798,0.354151668007027,2.4577664262476278,0.26401323027336704,0.22590060452618185,0.8047189562170501,0.812017639881618,0.6090132299112135,0.6090132299112135
VPN,0.0,0.6931471805599453,0.0,0.0,0.5493061443340549,1.433407575382444,0.5493061443340549,0.0,0.0,0.6931471805599453,0.0,0.6931471805599453,0.0,0.0,1.0986122886681098,0.0
VPP,0.0,0.0,0.0,0.0,0.0,0.0,0.0,0.0,0.0,0.0,0.0,0.0,0.0,0.0,0.0,0.0
VPQ,0.0,0.0,0.0,0.0,0.0,0.0,0.0,0.0,0.0,0.0,0.0,0.0,0.0,0.0,0.0,0.0
VPR,0.0,0.0,0.46209812037329684,0.9241962407465937,0.0,0.6931471805599453,0.6931471805599453,0.46209812037329684,0.5493061443340549,0.0,0.0,0.0,0.6931471805599453,0.8047189562170501,0.0,0.5493061443340549
VPS,0.0,0.29706307738283366,0.0,0.0,0.358351893845611,0.5493061443340549,0.40235947810852507,0.0,0.0,0.29706307738283366,0.46209812037329684,0.40235947810852507,0.0,0.0,0.0,0.5493061443340549
VPV,0.0,0.0,0.0,0.0,0.0,0.0,0.0,0.0,0.0,0.0,0.0,0.0,0.0,0.0,0.0,0.0
VPW,0.0,0.0,0.6931471805599453,0.0,0.0,0.0,0.0,0.0,0.0,0.0,0.0,0.6931471805599453,0.6931471805599453,0.0,0.0,0.6931471805599453
VPY,0.0,0.6931471805599453,0.0,0.0,0.0,0.9241962407465937,0.5493061443340549,0.0,0.0,0.0,0.0,0.6931471805599453,0.0,0.5493061443340549,0.0,0.6931471805599453
VQA,0.0,0.0,0.648636716351771,0.0,0.0,0.0,0.0,0.0,0.0,0.0,0.0,0.5493061443340549,1.0986122886681098,0.0,0.0,0.716703787691222
VQD,0.0,0.6931471805599453,0.0,0.0,0.5493061443340549,1.0986122886681098,0.46209812037329684,1.0986122886681098,0.0,0.46209812037329684,0.0,0.46209812037329684,0.0,0.9241962407465937,0.5493061443340549,0.0
VQF,0.0,0.0,0.0,0.0,0.0,0.0,0.0,0.0,0.0,0.0,0.0,0.0,0.0,0.0,0.0,0.0
VQG,0.6931471805599453,1.3862943611198906,1.3862943611198906,0.6931471805599453,1.0986122886681098,1.0750556815368328,0.0,1.3862943611198906,1.0986122886681098,0.8047189562170501,0.46209812037329684,1.791759469228055,0.6931471805599453,0.9241962407465937,1.791759469228055,0.0
VQI,1.6094379124341003,0.0,0.9241962407465937,1.9459101490553132,0.8047189562170501,0.0,0.0,1.3862943611198906,0.6931471805599453,0.46209812037329684,0.0,0.5493061443340549,1.9459101490553132,1.3862943611198906,0.6931471805599453,1.0986122886681098
VQK,1.6215917908794277,1.2938747370452313,1.2792139405522478,0.5493061443340549,0.23978952727983707,3.8570080181823627,2.135303938354977,2.279066840416688,1.9629593194442934,0.08955238370698958,2.350782795579506,0.0,0.29706307738283366,0.0,0.22893248029900976,1.0605046870375292
VQL,2.4849066497880004,1.6025273620930682,0.42749155957692275,0.22590060452618185,0.21374577978846138,4.3346276363783725,0.4095450215378411,0.0,2.380306153561547,1.2026056535665979,3.832749771136084,0.4578649605980195,0.2030044099704045,0.9671607861079322,0.15767011966073635,0.6516193076042964
VQM,0.0,0.0,0.0,1.0986122886681098,0.0,0.0,0.0,0.0,0.0,0.0,1.3732653608351373,1.6215917908794277,1.6215917908794277,0.0,1.3862943611198906,2.1581057455185335
VQP,0.0,0.0,0.0,0.0,0.0,0.4518012090523637,0.0,0.0,0.406008819940809,0.8239592165010823,4.167054712959096,0.0,0.0,0.0,0.0,0.0
VQQ,0.0,0.0,0.0,0.0,0.0,0.0,0.0,0.0,0.0,0.0,0.0,0.0,0.0,0.0,0.0,0.0
VQR,1.6094379124341003,0.5493061443340549,0.8047189562170501,0.0,1.0986122886681098,0.9241962407465937,0.40235947810852507,0.0,0.6931471805599453,0.648636716351771,0.0,0.648636716351771,0.0,1.0986122886681098,0.8047189562170501,0.0
VQS,0.0,0.0,0.0,0.0,0.0,0.0,0.0,0.0,0.0,0.0,0.0,0.0,0.0,0.0,0.0,0.0
VQT,1.433407575382444,0.0,1.023371152441798,0.0,0.0,0.0,0.0,0.0,1.1882523095313346,1.1882523095313346,0.7193685818395111,0.0,0.0,0.0,0.0,0.0
VQV,0.0,0.0,0.0,0.0,0.0,0.0,0.0,0.0,0.0,0.0,0.0,0.9241962407465937,1.6094379124341003,0.0,0.0,0.9241962407465937
VRA,0.0,0.0,0.0,0.0,0.0,0.0,0.0,0.0,0.0,0.0,0.0,0.0,0.0,0.0,0.0,0.0
VRD,0.0,0.0,0.5493061443340549,0.0,0.0,0.5493061443340549,0.0,0.5493061443340549,0.6931471805599453,0.6931471805599453,0.9241962407465937,1.297273432703542,0.0,0.6931471805599453,1.6094379124341003,1.0986122886681098
VRH,0.0,0.0,0.0,0.0,0.0,0.0,0.0,0.0,0.0,0.0,0.0,0.0,0.0,0.0,0.0,0.0
VRI,0.0,0.358351893845611,1.6215917908794277,1.3862943611198906,1.6215917908794277,0.0,0.358351893845611,1.297273432703542,0.46209812037329684,0.891189232148501,3.563866883426386,3.348084587643539,0.46209812037329684,2.0794415416798357,3.3116093971477,3.137071818961247
VRK,0.9241962407465937,1.709966238307691,1.6479184330021646,1.6094379124341003,0.6931471805599453,0.0,1.0986122886681098,0.0,0.8047189562170501,0.5493061443340549,0.0,1.6094379124341003,2.833213344056216,0.0,0.0,2.1972245773362196
VRL,0.0,0.0,0.0,0.0,0.0,0.0,0.0,0.46209812037329684,0.5493061443340549,0.0,0.0,0.0,0.0,0.5493061443340549,0.46209812037329684,0.5493061443340549
VRM,0.0,0.0,0.0,0.0,0.0,0.0,0.0,0.0,0.0,0.6931471805599453,1.0986122886681098,0.5493061443340549,0.0,0.0,0.40235947810852507,0.6931471805599453
VRN,0.0,0.0,0.0,0.0,0.0,0.0,0.0,0.0,0.0,0.0,0.0,0.0,0.0,0.0,0.0,0.0
VRP,0.0,0.0,0.0,0.6931471805599453,0.0,0.0,0.0,0.0,0.5493061443340549,0.0,0.0,0.0,0.0,0.0,1.0986122886681098,0.6931471805599453
VRQ,2.0402624173384694,2.064575928493354,1.354025100551105,0.716703787691222,0.9831313945206448,3.639613359357052,0.4936599274333635,2.4138218433578,0.47957905455967414,0.1891733053391762,3.986564862952934,0.3153402393214727,0.0,2.8852040655950413,0.0,2.0087726617617694
VRR,0.0,0.0,0.0,0.0,0.0,0.0,0.0,0.0,0.0,0.0,0.0,0.0,0.0,0.0,0.0,0.0
VRS,0.0,0.0,0.0,0.0,0.0,0.0,0.0,0.0,0.0,0.0,0.0,0.0,0.0,0.0,0.0,0.0
VRT,0.0,0.0,0.0,0.0,0.0,0.0,0.0,0.0,0.0,0.0,0.0,0.0,0.0,0.0,0.0,0.0
VRV,0.9241962407465937,0.0,1.1882523095313346,0.0,0.8047189562170501,0.0,0.0,0.0,0.648636716351771,0.0,0.29706307738283366,0.0,0.0,0.0,0.0,0.0
VRY,0.6931471805599453,1.3862943611198906,1.2070784343255752,0.6931471805599453,1.791759469228055,2.1972245773362196,0.8047189562170501,1.791759469228055,1.0986122886681098,1.2070784343255752,0.716703787691222,1.6215917908794277,0.6931471805599453,1.2070784343255752,1.6215917908794277,0.0
VSA,0.0,0.0,0.0,0.0,0.0,0.0,0.0,0.0,0.0,0.0,0.0,0.0,0.0,0.0,0.0,0.0
VSC,0.0,0.0,0.0,0.0,0.0,0.0,0.0,0.0,0.0,0.0,0.0,0.0,0.0,0.0,0.0,0.0
VSD,0.0,0.0,0.0,0.0,0.0,0.0,0.0,0.0,0.0,0.0,0.0,0.0,0.0,0.0,0.0,0.0
VSE,0.0,0.0,0.46209812037329684,0.0,0.0,0.0,0.0,0.0,0.6931471805599453,0.0,0.0,0.0,0.0,0.0,0.0,0.0
VSF,1.3862943611198906,0.9241962407465937,0.0,0.6931471805599453,0.0,0.0,0.0,1.3862943611198906,0.5493061443340549,0.0,0.0,0.0,1.2070784343255752,0.6931471805599453,0.6931471805599453,0.5493061443340549
VSG,0.0,0.0,0.0,0.0,0.0,0.0,0.0,0.0,0.0,0.358351893845611,0.6931471805599453,0.9241962407465937,0.40235947810852507,0.0,0.716703787691222,0.0
VSH,0.0,0.0,0.0,0.0,0.0,0.0,0.0,0.0,0.0,0.0,0.0,0.0,0.0,0.0,0.0,0.0
VSI,0.0,0.6931471805599453,0.6931471805599453,0.0,0.6931471805599453,0.6931471805599453,0.0,0.0,0.6931471805599453,0.0,0.0,0.0,0.0,0.0,0.0,0.0
VSL,0.0,0.0,0.0,0.0,0.0,0.0,0.0,0.0,0.0,0.0,0.0,0.0,0.0,0.0,0.0,0.0
VSM,0.0,0.0,0.0,0.6931471805599453,0.0,0.0,0.0,0.0,0.0,0.0,0.0,0.0,0.0,0.0,0.5493061443340549,0.0
VSP,0.0,0.0,0.0,0.0,0.0,0.0,0.0,0.0,0.0,0.0,0.0,0.0,0.0,0.0,0.0,0.0
VSQ,0.0,1.4853153869141684,0.8047189562170501,0.5493061443340549,1.7908995167731467,1.1989476363991853,0.3243183581758855,1.4853153869141684,0.716703787691222,1.782378464297002,0.5493061443340549,0.40235947810852507,0.6931471805599453,0.0,1.6479184330021646,0.9729550745276566
VSR,2.5022724622424466,2.0402624173384694,1.068728898942307,2.0794415416798357,1.4387371636790223,2.131165706406396,1.4962204585192298,2.2330485096744495,1.6635532333438687,1.9183162182386966,1.1036908376251544,1.5813042316832728,2.402910225941144,1.4853153869141684,1.922571505169192,1.4853153869141684
VSS,1.9478341740386487,1.9953145010458224,1.624035279763236,0.0,2.5877494740904625,0.8853791700175675,1.9237120180961527,1.6094379124341003,0.7675283643313486,2.0117973905426254,0.22590060452618185,1.1090354888959124,0.0,0.0,1.7435577384702752,0.0
VST,0.0,0.6931471805599453,1.0986122886681098,1.2070784343255752,1.0986122886681098,0.46209812037329684,0.0,0.6931471805599453,0.9241962407465937,0.0,0.46209812037329684,0.6931471805599453,1.0986122886681098,0.8047189562170501,0.6931471805599453,0.0
VSV,0.0,0.0,1.0986122886681098,0.0,0.0,0.6931471805599453,0.5493061443340549,0.5493061443340549,1.3862943611198906,0.5493061443340549,1.433407575382444,0.8239592165010823,0.0,0.0,1.2070784343255752,1.297273432703542
VSW,0.0,0.46209812037329684,0.0,0.0,0.0,0.0,0.0,0.0,0.46209812037329684,0.0,0.0,0.13817625349338894,0.0,0.0,0.14719249777896742,0.0
VSY,0.0,0.0,0.0,0.0,0.0,0.0,0.0,0.0,0.0,0.0,0.0,0.0,0.0,0.0,0.0,0.0
VTA,0.0,0.0,1.3732653608351373,1.6479184330021646,0.46209812037329684,1.218026459822427,0.5941261547656673,0.9729550745276566,1.3732653608351373,1.0986122886681098,0.891189232148501,1.433407575382444,0.9241962407465937,0.9241962407465937,1.4387371636790223,1.1882523095313346
VTC,0.716703787691222,1.4387371636790223,0.716703787691222,1.0986122886681098,1.4853153869141684,1.0986122886681098,0.716703787691222,0.648636716351771,0.8239592165010823,0.0,0.8239592165010823,0.716703787691222,0.0,1.0986122886681098,0.0,0.0
VTD,0.0,0.0,0.0,0.0,0.0,0.0,0.0,2.2590060452618186,0.0,0.0,0.0,0.0,0.0,0.0,1.782378464297002,3.044522437723423
VTE,0.0,0.0,0.0,0.5493061443340549,0.0,0.0,0.0,0.0,0.0,0.0,0.0,0.0,0.46209812037329684,0.0,0.0,0.0
VTF,0.0,0.0,0.0,0.0,0.0,0.0,0.0,0.0,0.0,0.0,0.0,0.0,0.0,0.0,0.0,0.0
VTG,0.5941261547656673,0.648636716351771,0.0,0.3243183581758855,0.358351893845611,0.40235947810852507,0.5493061443340549,0.0,0.27465307216702745,0.0,0.0,0.33539379704513483,0.0,0.0,0.2510965827202212,0.22590060452618185
VTH,0.0,0.0,0.0,0.0,0.0,0.0,0.0,0.0,0.0,0.0,0.0,0.0,0.0,0.0,0.0,0.0
VTI,0.0,1.782378464297002,1.1882523095313346,1.0986122886681098,1.0986122886681098,0.0,1.4387371636790223,0.0,2.030044099704045,1.297273432703542,1.6479184330021646,0.0,0.0,0.0,0.7193685818395111,0.46209812037329684
VTK,1.6094379124341003,1.0750556815368328,0.716703787691222,0.6931471805599453,0.5493061443340549,1.433407575382444,0.9241962407465937,0.6931471805599453,0.5493061443340549,1.6094379124341003,1.433407575382444,1.0986122886681098,1.2070784343255752,0.5493061443340549,0.9241962407465937,0.5493061443340549
VTL,0.0,0.0,0.0,0.0,0.0,0.0,0.0,0.0,0.0,0.0,0.0,0.0,0.648636716351771,0.0,0.0,0.8047189562170501
VTM,0.0,0.0,0.0,0.0,0.0,0.0,0.0,0.6931471805599453,0.0,0.0,0.0,0.0,0.0,0.5493061443340549,0.6931471805599453,0.0
VTN,0.0,0.0,1.0986122886681098,1.2070784343255752,0.3243183581758855,0.29706307738283366,0.0,2.072643802400834,0.9729550745276566,0.3271598865740489,0.511685576220899,0.7737286288863456,0.8047189562170501,0.0,1.6381800861513645,2.479211744992268
VTQ,0.0,0.0,0.0,0.0,0.0,0.0,0.6931471805599453,0.0,0.0,0.0,0.0,0.6931471805599453,0.0,0.5493061443340549,0.0,0.0
VTR,0.0,0.0,0.46209812037329684,0.6931471805599453,0.0,0.0,0.5493061443340549,0.46209812037329684,1.0986122886681098,0.0,0.6931471805599453,0.0,0.0,0.5493061443340549,1.0986122886681098,0.6931471805599453
VTS,0.0,1.3862943611198906,0.5493061443340549,0.0,1.2070784343255752,0.6931471805599453,1.0986122886681098,0.0,0.40235947810852507,1.0986122886681098,0.6931471805599453,0.5493061443340549,0.0,0.5493061443340549,0.0,0.0
VTT,0.0,0.0,0.0,0.0,0.0,0.0,0.0,0.0,0.0,0.0,0.0,0.0,0.0,0.0,0.0,0.0
VTV,0.0,0.0,0.0,0.0,0.0,0.0,0.0,0.0,0.5941261547656673,1.0750556815368328,2.25313079215041,0.0,0.0,0.0,0.29706307738283366,0.0
VTY,0.0,0.0,0.0,0.0,0.0,0.0,0.0,0.0,0.0,0.0,0.6931471805599453,0.5493061443340549,0.0,0.0,0.6931471805599453,0.0
VVA,0.0,0.0,0.0,1.297273432703542,0.40235947810852507,0.5493061443340549,0.0,0.6931471805599453,1.2070784343255752,0.0,0.0,0.0,0.6931471805599453,0.9241962407465937,0.716703787691222,0.0
VVC,0.0,0.0,0.0,0.0,0.0,0.0,0.0,0.0,0.0,0.0,0.0,0.0,0.0,0.0,0.0,0.0
VVD,0.0,1.6479184330021646,1.5813042316832728,0.0,0.40235947810852507,0.6931471805599453,0.46209812037329684,0.0,2.3978952727983707,0.40235947810852507,0.0,0.0,0.0,0.0,0.0,0.0
VVE,0.5493061443340549,0.6931471805599453,0.40235947810852507,0.0,0.5493061443340549,0.0,0.0,0.0,0.0,0.9241962407465937,0.8239592165010823,0.0,0.0,0.0,0.0,0.0
VVG,0.0,0.6931471805599453,0.0,0.0,1.0986122886681098,0.6931471805599453,0.0,0.0,0.0,0.0,0.0,0.0,0.0,0.0,0.0,0.0
VVH,0.0,0.0,0.0,0.0,0.0,0.0,0.0,0.0,0.0,0.0,0.0,0.0,0.0,0.0,0.0,0.0
VVI,1.0986122886681098,0.716703787691222,1.1882523095313346,0.9729550745276566,1.3862943611198906,2.030044099704045,1.297273432703542,0.648636716351771,1.023371152441798,1.6094379124341003,1.297273432703542,1.2070784343255752,1.0750556815368328,0.0,1.5350567286626973,1.433407575382444
VVK,0.0,1.0986122886681098,1.791759469228055,2.0794415416798357,0.0,2.046742304883596,1.297273432703542,1.6094379124341003,2.033105440735637,1.1882523095313346,1.0750556815368328,2.1972245773362196,1.6094379124341003,1.6094379124341003,2.302585092994046,1.6094379124341003
VVL,1.433407575382444,0.358351893845611,0.40235947810852507,0.6931471805599453,0.358351893845611,0.0,0.0,0.6931471805599453,0.0,0.0,0.0,0.5493061443340549,1.2070784343255752,0.0,0.0,0.0
VVM,0.0,0.0,0.358351893845611,0.8047189562170501,0.0,0.6931471805599453,0.0,0.0,0.9729550745276566,0.0,0.9241962407465937,0.716703787691222,0.0,0.6931471805599453,0.891189232148501,1.0986122886681098
VVN,0.0,0.0,0.0,0.0,0.0,0.0,0.0,0.0,0.0,0.0,0.0,0.3153402393214727,0.0,0.0,0.22893248029900976,0.0
VVP,0.0,0.0,0.0,0.0,0.0,0.0,0.0,0.7193685818395111,0.0,0.0,0.0,0.0,0.0,1.2070784343255752,0.0,0.49073982986107334
VVQ,0.0,0.0,0.0,0.0,0.0,0.0,0.0,0.0,0.0,0.0,0.0,0.0,0.0,0.0,0.0,0.0
VVR,0.6931471805599453,0.0,0.0,0.0,0.0,0.0,0.0,0.0,0.6931471805599453,0.0,0.0,0.0,0.0,0.0,0.5493061443340549,0.6931471805599453
VVS,0.0,0.0,0.0,0.6931471805599453,0.0,0.0,0.0,0.0,0.8047189562170501,0.0,0.0,0.0,0.0,0.0,0.5493061443340549,0.0
VVT,0.0,0.0,1.1882523095313346,1.0750556815368328,0.6931471805599453,0.358351893845611,0.0,0.46209812037329684,0.40235947810852507,1.0986122886681098,1.0986122886681098,1.297273432703542,0.9241962407465937,0.0,1.1882523095313346,1.433407575382444
VVV,0.0,0.0,0.0,0.6931471805599453,0.0,0.0,0.0,0.0,1.0986122886681098,0.0,0.0,0.0,0.0,0.0,0.40235947810852507,0.0
VVY,0.0,0.6931471805599453,0.0,0.6931471805599453,0.6931471805599453,0.0,0.6931471805599453,0.0,0.0,0.0,0.0,0.0,0.6931471805599453,0.0,0.0,0.0
VWA,0.0,0.0,0.0,0.0,0.0,0.6931471805599453,0.6931471805599453,0.6931471805599453,0.0,0.0,0.0,0.0,0.0,1.0986122886681098,0.0,0.6931471805599453
VWD,0.0,0.0,0.0,0.0,0.0,0.0,0.0,0.0,0.0,0.0,0.0,0.0,0.0,0.0,0.0,0.0
VWE,0.0,0.0,0.0,0.0,0.0,0.0,0.0,0.0,0.0,0.0,0.0,0.0,0.0,0.0,0.0,0.0
VWG,0.0,0.0,0.6931471805599453,0.0,0.0,0.0,0.0,0.0,0.0,0.0,0.5493061443340549,0.9241962407465937,0.0,0.0,0.6931471805599453,0.6931471805599453
VWH,0.0,0.0,0.0,0.0,0.0,0.0,0.0,0.0,0.0,0.0,0.0,0.0,0.0,0.0,0.0,0.0
VWP,0.0,0.8047189562170501,0.0,1.0986122886681098,0.0,0.0,0.8047189562170501,0.0,0.0,0.0,0.0,1.6094379124341003,2.1972245773362196,0.0,0.0,1.6094379124341003
VWT,0.648636716351771,0.0,0.6931471805599453,0.716703787691222,0.0,0.0,0.6931471805599453,0.6931471805599453,0.0,1.3862943611198906,0.0,0.6931471805599453,1.2070784343255752,0.8047189562170501,0.0,0.0
VWV,0.0,0.0,1.0986122886681098,0.6931471805599453,0.0,0.6931471805599453,0.6931471805599453,0.0,0.6931471805599453,0.6931471805599453,1.2070784343255752,1.0986122886681098,0.5493061443340549,0.0,1.2070784343255752,1.3862943611198906
VYA,0.0,0.5941261547656673,0.9241962407465937,1.2070784343255752,1.0750556815368328,0.46209812037329684,0.0,0.6931471805599453,0.716703787691222,0.0,0.3243183581758855,0.6931471805599453,0.6931471805599453,1.0986122886681098,0.5493061443340549,0.6931471805599453
VYE,0.0,0.0,0.0,0.0,0.0,0.0,0.0,0.0,0.0,0.0,0.0,0.0,0.0,0.0,0.0,0.0
VYG,0.0,1.6094379124341003,1.6215917908794277,0.5493061443340549,1.6479184330021646,1.791759469228055,2.4849066497880004,0.0,0.0,1.791759469228055,0.0,0.0,0.5493061443340549,0.0,0.0,0.0
VYI,0.0,0.0,0.0,0.0,0.0,0.0,0.0,0.0,0.0,0.0,0.0,0.0,0.0,0.0,0.0,0.0
VYK,0.6931471805599453,0.6931471805599453,0.0,0.0,0.0,0.0,0.6931471805599453,0.0,1.0986122886681098,0.0,0.6931471805599453,0.0,0.0,0.0,0.0,0.0
VYL,0.0,0.0,0.0,0.0,0.0,0.0,0.0,0.0,0.0,0.0,0.15767011966073635,0.34004373622307815,0.9241962407465937,0.0,0.12341498185834088,0.0
VYM,0.0,0.0,0.0,0.0,0.0,0.0,0.0,0.0,0.0,0.0,0.0,0.0,0.0,0.0,0.0,0.0
VYN,0.0,0.0,0.0,0.0,0.0,0.0,0.0,0.0,0.0,0.0,0.0,0.0,0.0,0.0,0.0,0.0
VYP,0.6931471805599453,0.5493061443340549,0.0,0.0,0.0,0.6931471805599453,0.0,0.0,0.0,0.0,0.0,0.0,0.0,0.0,0.0,0.0
VYR,0.0,0.5493061443340549,0.0,0.6931471805599453,0.46209812037329684,0.0,0.5493061443340549,0.0,0.0,0.0,0.0,0.0,0.6931471805599453,0.0,0.0,0.0
VYT,0.0,0.0,0.0,0.0,0.0,0.0,0.0,0.5493061443340549,0.0,0.0,0.0,0.0,0.0,0.6931471805599453,0.0,0.0
VYV,0.46209812037329684,0.0,0.0,0.0,0.0,0.6931471805599453,1.0986122886681098,0.0,0.6931471805599453,0.0,0.0,0.5493061443340549,0.0,0.6931471805599453,0.0,0.6931471805599453
VYW,0.0,0.0,0.0,0.0,0.0,0.0,0.0,0.0,0.0,0.0,0.0,0.0,0.0,0.0,0.0,0.0
VYY,0.0,0.0,0.40235947810852507,0.0,0.0,0.0,0.0,0.0,0.0,0.0,0.4095450215378411,0.9036024181047274,0.0,0.0,0.6777018135785455,0.354151668007027
WAE,0.0,0.0,0.0,0.0,0.0,0.40235947810852507,0.6931471805599453,0.0,0.0,0.5493061443340549,0.0,0.0,0.0,0.0,0.0,0.0
WAL,0.0,0.0,0.0,0.0,0.0,0.6931471805599453,0.6931471805599453,0.5493061443340549,0.0,0.0,0.0,0.0,0.0,0.9241962407465937,0.0,0.6931471805599453
WAS,0.0,0.0,0.0,0.0,0.0,4.419103578903077,0.0,3.8918202981106265,0.3868643144431728,3.0493493766626223,4.482170124781837,0.29706307738283366,0.0,0.0,0.29706307738283366,3.8501476017100584
WCI,0.0,0.0,0.0,0.0,0.6931471805599453,0.5493061443340549,0.0,0.0,0.0,0.6931471805599453,0.0,0.0,0.0,0.0,0.0,0.0
WCN,0.0,0.6931471805599453,0.0,0.0,0.0,0.0,0.0,0.46209812037329684,0.0,0.0,0.0,0.0,0.5493061443340549,0.0,0.0,0.0
WDA,0.0,0.0,0.0,0.0,0.0,0.0,0.0,0.0,0.0,0.0,0.0,0.0,0.0,0.0,0.0,0.0
WDD,0.0,0.0,0.0,0.0,0.0,0.0,0.0,0.0,0.0,0.0,0.0,0.0,0.0,0.0,0.0,0.0
WDI,0.0,0.0,0.0,0.0,0.0,0.0,0.0,0.0,0.0,0.0,0.0,0.0,0.0,0.0,0.0,0.0
WDK,0.0,0.0,0.0,0.0,0.0,0.0,0.0,0.0,0.0,0.0,0.0,0.40235947810852507,1.2070784343255752,0.0,0.0,0.0
WDW,0.0,0.0,0.0,0.0,0.0,0.0,0.0,0.0,0.0,0.0,0.0,0.0,0.0,0.0,0.0,0.0
WEA,1.3862943611198906,0.9729550745276566,0.0,0.0,0.0,1.6635532333438687,0.9729550745276566,0.0,1.0750556815368328,0.0,0.0,0.0,0.0,0.0,0.0,0.0
WEC,0.0,0.0,0.0,0.0,0.0,0.0,0.0,0.0,0.0,0.0,0.0,0.0,0.0,0.0,0.0,0.0
WEF,0.0,2.6831503763610787,0.0,0.0,2.6831503763610787,1.1724631696180654,2.7471897635881173,2.4072786084294826,2.509657455168998,3.2188758248682006,2.21741889107847,3.2188758248682006,0.0,0.0,3.0423109532347654,2.4050883945369566
WEG,0.0,0.0,0.0,0.0,0.0,0.0,0.0,0.0,0.0,0.0,0.0,0.0,0.0,0.0,0.0,0.0
WEH,0.0,0.0,0.0,0.0,0.0,0.0,0.0,0.0,0.0,0.0,0.0,0.0,0.0,0.0,0.0,0.0
WEP,0.0,1.782378464297002,0.46209812037329684,1.791759469228055,0.27465307216702745,1.9459101490553132,0.40235947810852507,0.0,1.791759469228055,0.0,0.0,0.0,1.791759469228055,0.0,0.0,1.791759469228055
WES,0.0,0.0,0.0,0.0,0.0,0.0,0.0,0.0,0.0,0.0,0.0,0.0,0.0,0.0,0.0,0.0
WET,2.2803594297666545,1.8267134626340538,0.23978952727983707,0.0,0.0,2.6973239771548347,1.9863197060613502,0.0,2.6457324378465152,0.0,0.25352591276956377,0.0,0.0,0.0,0.0,0.0
WEV,2.6494649600214135,1.7962912954140562,0.6931471805599453,0.8047189562170501,0.0,3.92542024232364,0.5100656043346173,0.0,2.6064772304171857,1.3700350969755404,2.9554749509908587,0.0,0.0,1.1295030226309093,0.6777018135785455,0.23978952727983707
WFL,0.0,0.0,0.0,0.0,0.0,0.0,0.0,1.0986122886681098,0.0,0.0,0.0,0.0,0.0,0.9241962407465937,0.0,0.6931471805599453
WFQ,2.1972245773362196,0.0,0.9241962407465937,2.5649493574615367,1.0750556815368328,0.0,0.40235947810852507,1.791759469228055,1.0986122886681098,1.0750556815368328,0.0,0.8047189562170501,2.1972245773362196,2.1972245773362196,0.6931471805599453,1.6215917908794277
WFS,0.0,0.0,0.0,0.0,0.0,0.0,0.0,0.0,0.0,0.0,0.0,0.0,0.0,0.0,0.0,0.0
WFT,0.6931471805599453,0.0,0.6931471805599453,1.0986122886681098,0.0,0.6931471805599453,1.0750556815368328,0.0,0.9729550745276566,0.0,1.0986122886681098,0.8047189562170501,0.0,0.358351893845611,0.8047189562170501,1.0986122886681098
WGE,0.6931471805599453,0.5941261547656673,0.5941261547656673,0.0,1.0986122886681098,0.3243183581758855,0.358351893845611,0.8239592165010823,0.40235947810852507,0.8047189562170501,0.22590060452618185,0.36967849629863747,0.648636716351771,0.716703787691222,0.5545177444479562,0.2558427881104495
WGF,0.0,0.0,0.0,0.0,0.0,0.0,0.0,0.0,0.0,1.0986122886681098,0.0,0.0,0.0,0.0,0.0,0.0
WGG,0.0,0.0,0.0,0.0,0.0,0.0,0.0,0.6931471805599453,0.0,0.0,0.0,0.0,0.0,0.0,0.0,0.5493061443340549
WGI,1.0986122886681098,0.0,0.9241962407465937,0.0,0.0,0.0,0.0,0.0,0.8047189562170501,1.0986122886681098,1.2824746787307684,0.0,0.0,0.0,0.0,0.0
WGK,0.0,0.0,0.0,0.0,0.0,1.433407575382444,0.0,0.0,0.0,0.0,0.0,0.0,0.0,0.0,0.0,0.0
WGL,0.0,0.0,0.0,0.0,0.0,0.0,0.0,0.0,1.0986122886681098,0.0,0.3044522437723423,0.0,0.0,0.0,0.0,0.0
WGN,0.0,0.0,0.0,0.0,0.0,0.0,0.0,0.0,0.0,0.0,1.5246746883313111,2.459252969409291,0.0,0.0,1.3575648004417495,2.7400701939510808
WGQ,2.351203577673075,1.8920414359288362,0.40235947810852507,0.0,0.0,0.0,0.0,0.0,0.3243183581758855,0.0,1.3601749448923126,1.5199387884272784,0.0,0.0,1.2938747370452313,1.2070784343255752
WGR,0.0,0.9241962407465937,0.0,0.0,0.6931471805599453,0.5493061443340549,0.0,0.6931471805599453,0.6931471805599453,0.0,0.6931471805599453,0.0,0.0,0.6931471805599453,0.5493061443340549,0.0
WGS,0.0,0.0,0.0,0.0,0.0,0.0,0.0,0.0,0.0,0.0,0.0,0.0,0.0,0.0,0.0,0.0
WHV,0.648636716351771,0.46209812037329684,1.433407575382444,0.9241962407465937,0.0,0.46209812037329684,0.5493061443340549,0.0,2.1581057455185335,0.0,1.297273432703542,0.6931471805599453,0.8047189562170501,0.5493061443340549,0.716703787691222,0.9241962407465937
WID,0.0,0.0,0.9241962407465937,0.0,1.0986122886681098,2.2590060452618186,1.433407575382444,0.6931471805599453,0.5493061443340549,1.782378464297002,0.0,0.0,0.0,0.46209812037329684,0.6931471805599453,0.0
WIK,0.6931471805599453,0.0,0.0,0.5493061443340549,0.0,0.0,0.0,0.0,0.0,0.5493061443340549,0.0,0.0,0.0,0.0,0.6931471805599453,0.0
WIN,0.0,0.0,0.6931471805599453,0.0,0.0,0.0,0.0,0.0,0.0,0.0,0.5493061443340549,0.9241962407465937,1.0986122886681098,0.0,0.5493061443340549,0.46209812037329684
WIP,0.0,0.0,0.0,0.0,0.0,0.0,0.0,0.0,0.0,0.0,0.0,0.0,0.0,0.0,0.0,0.0
WIQ,1.9459101490553132,1.6094379124341003,1.9459101490553132,0.0,1.0986122886681098,0.0,0.0,0.0,0.716703787691222,0.0,2.321185886659037,1.4722194895832201,1.791759469228055,0.0,1.0750556815368328,0.7193685818395111
WIR,0.0,0.0,1.6094379124341003,0.0,0.0,0.0,0.0,1.0986122886681098,1.0986122886681098,0.0,0.0,1.6094379124341003,1.6094379124341003,1.0986122886681098,0.0,1.9459101490553132
WIS,0.0,1.1882523095313346,0.46209812037329684,0.0,1.433407575382444,0.0,0.0,0.0,0.0,0.0,0.0,0.0,0.0,1.2070784343255752,0.0,0.0
WIT,0.0,0.0,0.0,0.0,0.0,0.0,0.0,0.0,0.0,0.0,0.0,0.0,0.0,0.0,0.0,0.0
WIV,0.0,0.0,0.0,0.6931471805599453,0.0,0.0,0.0,0.0,0.0,0.0,0.0,0.0,0.0,0.0,0.5493061443340549,0.0
WKD,1.0986122886681098,0.0,0.8047189562170501,0.0,0.6931471805599453,0.0,0.6931471805599453,0.0,1.0986122886681098,0.6931471805599453,1.8072048362094548,0.0,0.0,0.0,0.0,0.0
WKG,0.0,2.3019858420456756,0.0,1.9459101490553132,0.0,3.068051272178675,0.40235947810852507,0.0,0.648636716351771,2.1581057455185335,2.548298557206646,0.0,2.4790616760491893,1.5474572577726913,0.5312275020105406,0.7193685818395111
WKN,0.0,0.0,0.0,0.0,0.0,0.0,0.0,0.0,0.0,0.0,0.0,0.0,0.0,0.0,0.0,0.0
WKP,0.0,0.0,0.0,0.0,0.0,0.0,0.0,0.0,0.0,0.0,0.0,0.0,0.0,0.0,0.0,0.0
WLD,0.0,0.0,0.0,0.0,0.0,0.0,0.0,0.0,0.0,0.0,0.0,0.0,0.0,0.0,0.0,0.0
WLG,0.0,0.0,0.0,0.0,0.0,0.0,0.0,0.0,0.0,0.0,0.0,0.0,0.0,0.0,0.0,0.0
WLM,0.0,2.0794415416798357,2.833213344056216,0.0,2.1972245773362196,1.9459101490553132,0.5493061443340549,0.0,2.2590060452618186,1.0986122886681098,0.0,1.791759469228055,1.791759469228055,1.791759469228055,0.0,1.791759469228055
WLN,0.0,0.0,0.6931471805599453,0.0,0.0,0.0,0.0,0.0,0.0,0.0,0.6931471805599453,0.6931471805599453,0.0,0.0,0.6931471805599453,0.0
WLQ,0.0,0.0,0.0,0.0,0.0,0.0,0.0,0.0,0.0,0.0,0.0,0.0,0.0,0.0,0.0,0.0
WLS,0.0,0.0,0.0,0.0,0.0,0.0,0.0,0.0,0.0,0.0,0.0,0.0,0.0,0.0,0.0,0.0
WLY,0.0,0.0,0.0,0.0,0.0,0.0,0.6931471805599453,0.0,0.6931471805599453,0.6931471805599453,1.791759469228055,1.2070784343255752,0.0,0.0,1.0750556815368328,1.0986122886681098
WMG,0.0,1.0986122886681098,0.0,0.0,0.0,4.465643558393337,0.7193685818395111,0.0,0.47957905455967414,1.9459101490553132,4.3606749598216,0.0,0.46209812037329684,0.7675283643313486,0.0,0.23978952727983707
WMI,0.0,0.0,0.0,0.0,0.0,0.0,0.0,0.0,0.0,0.0,0.0,0.0,0.0,0.0,0.0,0.0
WNK,1.6094379124341003,1.0986122886681098,2.6390573296152584,0.0,0.0,0.0,1.0986122886681098,0.6931471805599453,2.8903717578961645,0.0,2.833213344056216,0.6931471805599453,0.5493061443340549,0.0,0.0,0.6931471805599453
WNL,0.0,0.0,0.0,0.0,0.0,0.0,0.0,0.0,0.0,0.0,0.0,0.6931471805599453,0.0,0.0,0.0,0.6931471805599453
WNR,0.0,0.46209812037329684,0.5493061443340549,0.6931471805599453,0.46209812037329684,0.9241962407465937,0.5493061443340549,0.0,0.8047189562170501,0.5493061443340549,0.9241962407465937,1.0986122886681098,0.5493061443340549,0.0,0.6931471805599453,0.0
WNS,0.0,0.0,0.0,0.0,0.0,0.0,0.0,0.6931471805599453,0.0,0.0,0.0,0.5493061443340549,0.0,0.0,1.3862943611198906,0.5493061443340549
WPG,0.0,0.0,0.5493061443340549,0.5493061443340549,0.0,0.5493061443340549,0.0,0.0,0.0,0.40235947810852507,0.0,0.0,0.46209812037329684,0.0,0.0,0.46209812037329684
WPK,0.0,0.0,0.0,0.6931471805599453,0.0,0.0,0.0,0.0,0.0,0.0,0.0,0.0,0.0,0.6931471805599453,0.0,0.6931471805599453
WPL,1.4387371636790223,2.137457797884614,0.0,2.302585092994046,0.0,3.7985146853820084,1.530196813003852,0.0,1.2395308380245946,0.8853791700175675,0.0,0.0,2.453699149305367,0.9241962407465937,0.9729550745276566,0.3868643144431728
WPP,0.0,0.0,0.0,1.0986122886681098,0.0,0.0,0.5941261547656673,0.0,0.0,0.0,0.0,1.433407575382444,2.1972245773362196,0.0,0.0,1.6094379124341003
WPR,0.0,0.0,0.0,0.0,0.0,0.0,0.0,0.0,0.0,0.0,0.0,0.0,0.0,0.0,0.0,0.0
WQA,0.0,3.0423109532347654,0.0,0.0,2.7471897635881173,1.1164048935728708,2.4072786084294826,2.3069753330782543,0.358351893845611,2.6823965207235005,0.0,0.0,0.0,0.0,0.5493061443340549,2.765993003203175
WQM,0.0,0.0,0.0,0.0,0.0,0.0,0.0,0.0,0.0,0.0,0.0,0.0,0.0,0.0,0.0,0.0
WQQ,0.0,0.0,0.0,0.0,0.0,0.0,0.0,0.0,0.0,0.0,0.0,0.0,0.0,0.0,0.0,0.0
WQV,0.0,0.0,0.0,0.0,0.0,0.0,0.0,0.0,0.0,0.0,0.2006065507024569,2.0055788195666855,0.0,0.0,0.2850449287208318,2.780859035879416
WRC,0.0,0.0,0.0,0.0,0.0,0.0,0.0,0.0,0.0,0.0,0.0,0.0,0.0,0.0,0.0,0.0
WRE,2.046742304883596,1.1295030226309093,1.9237120180961527,0.6931471805599453,0.9241962407465937,0.0,0.9241962407465937,1.5350567286626973,1.7908995167731467,1.782378464297002,2.210284285450008,1.068728898942307,1.0750556815368328,0.6931471805599453,2.030044099704045,0.358351893845611
WRF,0.0,0.0,0.46209812037329684,0.6931471805599453,0.0,0.6931471805599453,0.5493061443340549,0.0,0.0,0.5493061443340549,0.648636716351771,0.9241962407465937,0.6931471805599453,0.0,0.40235947810852507,0.8047189562170501
WRG,0.6931471805599453,0.9241962407465937,0.0,0.0,0.0,1.3862943611198906,1.0986122886681098,0.0,1.0986122886681098,0.0,0.6931471805599453,0.5493061443340549,0.0,0.6931471805599453,0.0,0.6931471805599453
WRK,0.5545177444479562,2.3978952727983707,0.0,1.9459101490553132,0.0,1.6408383892727034,0.9729550745276566,0.0,0.4518012090523637,2.1581057455185335,2.0124744458379817,0.0,2.4849066497880004,1.791759469228055,1.3862943611198906,0.0
WRN,0.0,0.0,0.0,0.0,0.0,0.0,0.0,0.0,0.0,0.0,0.0,0.0,0.0,0.0,0.0,0.0
WRQ,0.6931471805599453,0.0,0.0,0.6931471805599453,0.0,0.0,0.0,0.5493061443340549,0.6931471805599453,0.0,0.0,0.0,0.0,0.0,0.6931471805599453,0.0
WRS,0.6931471805599453,1.433407575382444,1.0986122886681098,1.0986122886681098,1.9459101490553132,0.6931471805599453,0.0,0.0,0.9241962407465937,0.0,0.8047189562170501,0.6931471805599453,0.0,1.3862943611198906,0.0,0.0
WSF,0.0,0.0,0.0,0.0,0.0,0.0,0.0,0.0,0.0,0.0,0.0,0.0,0.0,0.0,0.0,0.0
WSG,0.0,0.0,0.0,0.0,0.0,0.0,0.0,0.0,0.0,0.0,0.0,0.0,0.0,0.0,0.0,0.0
WSK,0.0,0.0,0.0,0.0,0.0,0.0,0.0,0.0,0.0,0.0,0.0,0.0,0.0,0.0,0.0,0.0
WSR,0.0,0.0,0.0,0.0,0.0,0.0,0.0,0.0,0.0,0.0,0.0,0.0,0.0,0.0,0.0,0.0
WST,1.6094379124341003,0.0,1.6215917908794277,0.0,0.0,0.0,0.0,0.0,1.9459101490553132,0.9241962407465937,0.0,0.0,0.0,0.0,0.0,0.0
WSV,0.0,0.6931471805599453,0.6931471805599453,0.0,0.6931471805599453,0.6931471805599453,0.0,0.0,0.5493061443340549,0.0,0.0,0.0,0.0,0.0,0.0,0.0
WTA,0.0,0.0,0.0,0.0,0.0,0.0,0.0,0.0,0.0,0.0,0.0,0.0,0.0,0.0,0.0,0.0
WTE,0.0,0.0,0.0,0.0,0.0,0.0,0.0,0.0,0.0,0.0,0.0,0.0,0.0,0.0,0.0,0.0
WTF,0.0,0.0,0.6931471805599453,0.0,0.0,0.0,0.0,0.0,0.0,0.0,0.0,0.6931471805599453,0.6931471805599453,0.0,0.0,0.6931471805599453
WTH,0.0,0.0,0.0,0.0,0.0,0.0,0.0,0.0,0.0,0.0,0.0,0.0,0.0,0.0,0.0,0.0
WTI,0.0,0.0,0.0,0.0,0.0,0.0,0.0,0.0,0.0,0.0,0.0,0.6931471805599453,0.0,0.0,1.0986122886681098,0.6931471805599453
WTK,0.0,0.46209812037329684,0.5493061443340549,0.0,0.0,0.0,0.0,0.0,0.46209812037329684,0.0,0.0,0.0,0.0,0.0,0.0,0.0
WTL,0.0,0.0,0.0,0.0,0.0,0.0,0.0,0.0,0.0,0.0,0.0,0.0,0.0,0.0,0.0,0.0
WTP,0.648636716351771,0.0,0.6931471805599453,0.716703787691222,0.0,0.0,0.6931471805599453,0.6931471805599453,0.0,1.0986122886681098,0.0,0.6931471805599453,1.2070784343255752,0.8047189562170501,0.0,0.0
WTQ,0.0,0.0,0.0,0.0,0.0,0.0,0.0,0.0,0.0,0.0,0.0,0.0,0.0,0.0,0.0,0.0
WTV,0.0,0.0,2.509657455168998,0.0,0.2030044099704045,2.586638404563862,0.1770758340035135,2.1879041668000205,0.34004373622307815,0.4936599274333635,4.67524214993925,0.0,0.0,2.4072786084294826,0.0,1.7810369712144316
WTY,0.0,0.0,0.0,0.0,0.0,3.859003016129216,0.0,2.564625836084481,0.0,0.0,0.0,0.0,0.0,0.0,0.0,0.0
WVA,2.4849066497880004,1.9135024711265767,0.0,0.0,1.1450596030091713,0.0,0.0,0.0,0.511685576220899,0.0,0.9671607861079322,1.023371152441798,0.0,0.0,1.1090354888959124,0.9729550745276566
WVC,0.0,0.0,0.8047189562170501,0.0,0.0,0.0,0.0,0.8047189562170501,0.0,0.0,0.0,0.0,1.2070784343255752,0.0,0.0,1.3862943611198906
WVF,0.0,0.0,0.0,0.0,0.0,0.0,0.0,0.0,0.0,0.0,0.0,0.0,0.0,0.0,0.0,0.0
WVG,0.0,0.0,1.3862943611198906,0.6931471805599453,0.0,0.6931471805599453,0.5493061443340549,0.0,0.5493061443340549,0.6931471805599453,0.891189232148501,0.891189232148501,0.46209812037329684,0.0,0.716703787691222,1.023371152441798
WVL,0.716703787691222,0.5493061443340549,0.0,0.0,0.716703787691222,0.0,0.0,0.0,0.0,0.0,0.0,0.41452876048016685,0.0,0.0,0.0,0.7675283643313486
WVP,0.0,0.0,0.0,0.0,0.0,0.0,0.0,3.2188758248682006,0.0,2.5649493574615367,0.0,0.0,0.0,0.0,0.0,3.8918202981106265
WVQ,0.0,1.0986122886681098,1.0986122886681098,0.0,0.6931471805599453,1.0986122886681098,0.46209812037329684,1.0986122886681098,0.6931471805599453,0.9241962407465937,0.0,1.0986122886681098,0.0,1.3862943611198906,1.0986122886681098,0.0
WVR,2.4849066497880004,1.8920414359288362,0.27465307216702745,0.0,0.0,0.0,0.0,0.0,0.358351893845611,0.0,0.0,0.3243183581758855,0.0,0.0,0.0,0.0
WVS,0.0,0.0,0.0,0.0,0.0,0.0,0.0,0.6931471805599453,0.5493061443340549,0.0,0.0,0.0,0.0,0.6931471805599453,0.6931471805599453,0.0
WWC,0.0,0.0,0.0,0.0,0.0,0.0,0.0,0.0,0.0,0.0,0.0,0.0,0.0,0.0,0.0,0.0
WWG,0.0,0.6931471805599453,0.0,0.0,0.0,0.0,0.0,0.6931471805599453,0.0,0.0,0.0,0.0,0.0,0.0,0.0,1.0986122886681098
WWT,0.0,2.8671249534589043,0.0,0.0,0.0,1.2324083686445446,0.0,0.0,0.0,0.0,0.0,0.0,0.0,0.0,0.0,0.0
WYA,0.0,0.0,0.0,0.0,0.0,0.0,0.0,0.0,0.0,0.0,0.0,0.0,0.0,0.0,0.0,0.0
WYF,0.0,0.5493061443340549,0.46209812037329684,1.3862943611198906,0.5493061443340549,1.0986122886681098,1.2070784343255752,0.0,0.9241962407465937,0.0,1.0750556815368328,1.6094379124341003,1.0986122886681098,0.5493061443340549,1.0750556815368328,1.6094379124341003
WYQ,1.6744873407478829,1.4431267842799174,0.358351893845611,0.0,0.0,0.0,0.0,0.5463293064791376,0.21374577978846138,0.0,0.0,0.5723312007475243,0.0,0.0,0.22905530270493013,0.5280264605467341
WYR,0.0,0.0,0.0,0.0,0.0,0.0,0.0,0.0,0.0,0.0,1.433407575382444,1.6094379124341003,0.0,0.0,1.6215917908794277,1.0986122886681098
WYV,0.0,0.0,0.0,0.0,0.0,0.0,0.0,0.0,0.0,0.0,0.0,0.0,0.0,0.0,0.0,0.0
YAA,0.0,0.0,0.6931471805599453,0.0,0.0,0.0,0.0,0.0,0.0,0.0,0.0,0.40235947810852507,0.0,0.0,0.0,0.0
YAD,2.4356179501787385,2.049711555589573,1.2792139405522478,0.6931471805599453,1.740889414994278,0.22590060452618185,0.21374577978846138,1.2070784343255752,1.1605929433295186,0.0,1.3862943611198906,0.0,1.2070784343255752,0.5493061443340549,0.46209812037329684,0.0
YAF,0.0,0.5493061443340549,0.0,0.0,0.0,0.0,0.0,0.0,0.0,0.0,0.0,0.0,0.6931471805599453,0.0,0.0,0.0
YAG,1.297273432703542,0.0,0.3243183581758855,0.0,0.0,0.891189232148501,0.0,0.891189232148501,0.9241962407465937,0.8047189562170501,1.782378464297002,0.0,0.0,0.0,0.8047189562170501,0.0
YAI,0.0,0.0,0.0,0.0,0.0,0.0,0.0,0.0,0.0,0.0,0.0,0.0,0.0,0.0,0.0,0.0
YAK,0.0,1.791759469228055,1.2070784343255752,1.2070784343255752,1.782378464297002,0.358351893845611,0.358351893845611,1.5350567286626973,0.716703787691222,1.355403627157091,0.47957905455967414,0.40235947810852507,0.29706307738283366,1.2070784343255752,1.9459101490553132,1.9459101490553132
YAL,0.0,3.1690739096195473,1.0201312086692347,0.0,3.3539379704513483,2.4072786084294826,0.8047189562170501,2.4102379250852937,0.21374577978846138,3.784703563830667,0.2558427881104495,1.6215917908794277,0.0,1.2792139405522478,3.9318256327243257,3.4654725152867574
YAM,0.0,0.6931471805599453,0.0,0.6931471805599453,0.0,0.0,0.6931471805599453,0.0,0.0,0.0,0.0,0.0,0.6931471805599453,0.0,0.0,0.0
YAN,0.0,0.0,0.0,0.0,0.0,0.0,0.0,0.0,0.0,0.0,0.0,0.0,0.0,0.0,0.0,0.0
YAP,1.6094379124341003,0.0,0.0,0.0,0.0,0.0,0.0,0.0,0.0,0.0,0.0,0.0,0.0,0.0,0.0,0.0
YAR,3.367295829986474,2.7316465323956876,3.1690739096195473,0.0,2.302585092994046,3.9838575401033944,3.76319249675875,2.8862535685598347,3.0853745464585223,0.0,3.237846150574375,2.5649493574615367,0.0,3.2188758248682006,0.0,2.09247152266851
YAS,0.0,0.0,0.0,0.0,0.0,0.0,0.0,0.0,0.0,0.0,0.891189232148501,1.0986122886681098,0.0,0.0,0.9729550745276566,1.0986122886681098
YAT,0.0,0.0,0.0,0.0,0.0,0.0,0.0,0.0,0.0,0.0,0.0,0.0,0.0,0.0,0.0,0.0
YAV,0.0,0.46209812037329684,0.0,0.0,0.0,0.0,0.0,0.5493061443340549,0.0,0.0,0.0,0.0,0.5493061443340549,0.0,0.0,0.0
YAW,0.0,0.0,0.0,0.0,0.0,0.0,0.0,0.0,0.0,0.0,0.0,0.0,0.0,0.0,0.0,0.0
YCA,2.772588722239781,2.0402624173384694,0.40235947810852507,0.0,0.0,0.0,0.0,0.0,0.9241962407465937,0.0,0.0,0.40235947810852507,0.0,0.0,0.0,0.6931471805599453
YCN,0.0,0.0,0.0,0.0,0.0,0.0,0.0,0.0,0.0,0.0,1.6094379124341003,1.2070784343255752,0.0,0.0,1.2070784343255752,0.9241962407465937
YCQ,2.351203577673075,2.0402624173384694,0.358351893845611,0.0,0.0,0.0,0.0,0.0,0.40235947810852507,0.0,0.0,0.5493061443340549,0.0,0.0,0.0,0.0
YCS,0.0,0.0,0.0,0.0,0.0,0.0,0.0,0.0,0.0,0.0,0.0,0.0,0.0,0.0,0.0,0.0
YCT,0.0,0.0,0.0,0.0,0.0,0.0,0.0,0.6931471805599453,0.0,0.0,0.0,1.2070784343255752,0.0,0.0,0.8047189562170501,0.716703787691222
YDA,1.4853153869141684,0.0,0.6931471805599453,0.0,0.0,0.0,0.6931471805599453,0.5493061443340549,0.6931471805599453,0.0,0.5493061443340549,0.0,0.5493061443340549,0.6931471805599453,0.0,0.0
YDD,0.0,0.0,0.5493061443340549,0.9729550745276566,0.6931471805599453,0.0,0.0,0.5493061443340549,0.40235947810852507,0.0,0.8047189562170501,1.297273432703542,0.8047189562170501,0.0,1.1989476363991853,1.0986122886681098
YDF,0.0,1.0986122886681098,1.0750556815368328,0.0,1.6094379124341003,2.6390573296152584,1.0986122886681098,0.9241962407465937,0.0,1.0750556815368328,0.0,0.0,0.9241962407465937,0.9241962407465937,0.0,0.0
YDG,0.9241962407465937,1.922571505169192,2.3978952727983707,1.0986122886681098,0.8047189562170501,0.0,1.4853153869141684,0.0,2.402910225941144,0.0,2.5877494740904625,1.791759469228055,0.0,0.0,1.9459101490553132,1.6094379124341003
YDK,1.1882523095313346,1.0750556815368328,0.0,1.6215917908794277,1.0986122886681098,0.4518012090523637,0.46209812037329684,0.23978952727983707,1.433407575382444,1.782378464297002,0.0,0.29706307738283366,0.3243183581758855,0.0,1.6215917908794277,1.6215917908794277
YDL,0.0,0.0,0.0,0.0,0.0,0.0,0.0,0.0,0.0,0.0,0.0,0.0,0.0,0.0,0.0,0.0
YDP,0.0,0.0,0.0,0.0,0.0,0.0,0.0,0.22590060452618185,0.0,0.0,0.0,0.0,0.0,0.0,0.0,0.5941261547656673
YDR,0.0,0.5493061443340549,0.0,0.0,0.5493061443340549,0.9241962407465937,0.5493061443340549,0.0,0.0,1.0986122886681098,0.0,0.0,0.0,0.0,0.0,0.0
YDS,1.0986122886681098,0.46209812037329684,0.6931471805599453,0.0,0.0,0.0,0.0,0.0,0.6931471805599453,0.6931471805599453,0.9241962407465937,0.6931471805599453,0.0,0.0,1.0986122886681098,1.0986122886681098
YDT,0.0,0.0,0.8047189562170501,0.0,0.0,0.0,0.0,0.0,0.9241962407465937,0.0,0.0,0.0,0.0,0.0,0.0,0.0
YDV,0.0,0.0,0.0,0.0,0.0,0.0,0.0,0.0,0.0,0.0,0.0,0.0,0.0,0.0,0.0,0.0
YDW,0.0,0.0,0.0,0.0,0.5493061443340549,0.0,0.0,0.0,0.0,0.0,0.9241962407465937,0.5493061443340549,0.0,0.0,0.0,0.0
YEC,0.0,0.0,0.0,0.0,0.0,0.0,0.0,0.0,0.0,0.0,0.0,0.0,0.0,0.0,0.0,0.0
YEE,0.6931471805599453,0.0,0.0,0.0,0.0,0.0,0.0,0.5493061443340549,0.6931471805599453,0.0,0.0,0.0,0.0,0.0,0.5493061443340549,0.0
YEF,0.5493061443340549,0.0,0.8047189562170501,0.6931471805599453,1.3862943611198906,1.433407575382444,0.46209812037329684,0.0,0.46209812037329684,0.0,1.782378464297002,0.46209812037329684,0.5493061443340549,0.0,0.0,0.0
YEG,0.0,0.0,0.0,0.0,0.0,0.0,0.0,0.0,0.0,0.0,0.0,0.0,0.0,0.0,0.0,0.0
YEK,0.0,0.0,0.0,0.0,0.0,0.0,0.0,0.0,0.0,0.0,0.0,0.0,0.0,0.0,0.0,0.0
YEL,0.0,0.0,0.0,0.0,0.0,4.387279038010588,0.0,0.0,0.5493061443340549,1.0750556815368328,4.295963400145406,0.0,0.0,0.0,0.0,0.0
YER,0.0,0.0,1.9459101490553132,0.5493061443340549,0.0,0.0,0.0,1.0750556815368328,0.9241962407465937,1.0750556815368328,4.589290468737189,4.343805421853684,1.0986122886681098,0.0,4.297911364615754,3.6109179126442243
YES,0.0,0.0,0.0,0.0,0.0,0.0,0.0,0.0,0.0,0.0,0.0,0.0,0.0,0.0,0.0,0.0
YET,0.0,0.8047189562170501,1.023371152441798,0.8047189562170501,0.0,0.0,0.716703787691222,0.0,1.023371152441798,0.0,0.47957905455967414,0.0,0.0,0.0,0.511685576220899,0.0
YFA,0.9241962407465937,0.6931471805599453,0.0,0.0,0.0,0.0,0.6931471805599453,0.0,0.0,0.0,0.0,0.6931471805599453,0.0,0.0,0.0,0.6931471805599453
YFC,0.0,0.6931471805599453,0.0,0.6931471805599453,0.6931471805599453,0.0,0.0,0.6931471805599453,0.6931471805599453,0.0,0.0,0.0,0.0,0.6931471805599453,0.6931471805599453,0.6931471805599453
YFD,0.0,0.6931471805599453,0.6931471805599453,0.0,0.5493061443340549,0.5493061443340549,0.6931471805599453,0.0,0.0,0.0,0.6931471805599453,0.9241962407465937,0.6931471805599453,0.0,0.5493061443340549,1.0986122886681098
YFE,0.0,0.0,0.0,0.0,0.0,0.0,0.0,0.5493061443340549,0.0,0.0,0.0,0.0,0.0,0.46209812037329684,0.0,0.0
YFF,0.0,0.0,0.0,0.0,0.0,0.6931471805599453,0.6931471805599453,0.0,0.0,0.6931471805599453,0.9729550745276566,1.0986122886681098,0.6931471805599453,0.0,0.716703787691222,1.3862943611198906
YFI,0.0,0.6931471805599453,0.0,0.0,0.6931471805599453,0.0,0.0,0.0,0.0,0.6931471805599453,0.0,0.0,0.0,0.0,0.0,0.0
YFP,1.6094379124341003,2.1972245773362196,0.0,0.0,1.6094379124341003,1.0986122886681098,1.6094379124341003,0.0,1.433407575382444,0.0,1.297273432703542,0.0,0.0,0.0,0.0,0.0
YFS,0.0,2.5649493574615367,0.0,0.8047189562170501,0.0,3.4423216040357065,0.8239592165010823,0.0,0.354151668007027,2.302585092994046,3.007113914316435,0.0,2.5146180438806236,2.0794415416798357,1.3862943611198906,0.511685576220899
YFT,0.0,0.6931471805599453,0.9241962407465937,0.0,0.0,0.0,0.6931471805599453,0.0,0.0,0.6931471805599453,1.3862943611198906,1.0986122886681098,0.6931471805599453,0.0,0.6931471805599453,1.0986122886681098
YFV,0.0,0.0,0.46209812037329684,0.0,0.0,0.0,0.0,0.0,0.46209812037329684,0.0,0.0,0.0,0.0,0.0,0.0,0.0
YFY,0.6931471805599453,0.0,0.6931471805599453,1.3862943611198906,0.6931471805599453,1.0986122886681098,0.9241962407465937,0.0,1.0750556815368328,0.0,1.0986122886681098,0.8047189562170501,0.0,0.5493061443340549,0.8047189562170501,0.9241962407465937
YGA,0.0,0.40235947810852507,0.0,0.0,0.3243183581758855,0.0,0.0,0.0,0.27465307216702745,0.0,0.0,0.0,0.0,0.0,0.46209812037329684,0.0
YGC,0.0,0.6931471805599453,0.0,0.6931471805599453,0.0,0.0,0.6931471805599453,0.0,0.0,0.0,0.0,0.0,0.6931471805599453,0.0,0.0,0.0
YGD,0.0,0.0,0.0,0.0,0.0,0.0,0.0,0.0,0.0,0.0,0.0,0.0,0.0,0.0,0.0,0.0
YGE,0.0,0.0,0.0,0.0,0.0,0.0,0.0,0.0,0.0,0.0,0.0,0.0,0.0,0.0,0.0,0.0
YGF,0.8047189562170501,0.9591581091193483,0.5493061443340549,0.0,1.0986122886681098,0.0,0.716703787691222,0.0,0.8239592165010823,1.0986122886681098,0.0,0.5100656043346173,0.0,0.0,1.3732653608351373,0.0
YGI,0.0,1.2070784343255752,0.0,0.40235947810852507,0.0,0.46209812037329684,0.0,0.716703787691222,0.0,0.0,0.0,0.0,1.2070784343255752,0.5493061443340549,0.0,1.0986122886681098
YGK,1.433407575382444,0.6931471805599453,0.6931471805599453,0.0,0.0,0.6931471805599453,1.0986122886681098,0.0,0.5493061443340549,0.0,0.0,0.6931471805599453,0.5493061443340549,0.0,0.0,0.6931471805599453
YGL,0.0,1.2070784343255752,1.6215917908794277,0.0,1.4853153869141684,1.791759469228055,2.3978952727983707,0.0,0.0,1.6215917908794277,0.0,0.0,0.0,0.0,0.0,0.0
YGM,0.0,0.6931471805599453,0.6931471805599453,0.0,0.0,0.0,0.6931471805599453,0.0,0.0,0.0,1.3862943611198906,1.791759469228055,1.0986122886681098,0.6931471805599453,1.0986122886681098,1.3862943611198906
YGP,0.6931471805599453,0.6931471805599453,0.0,0.0,0.0,0.6931471805599453,0.0,0.5493061443340549,0.0,0.0,0.0,0.6931471805599453,0.0,1.0986122886681098,0.0,0.0
YGQ,0.0,0.0,1.3862943611198906,0.0,0.0,0.0,0.6931471805599453,0.0,1.0986122886681098,0.5493061443340549,0.6931471805599453,0.0,0.0,0.0,0.0,0.0
YGR,0.0,0.0,0.0,0.0,0.0,0.0,0.0,0.0,0.0,0.0,0.0,0.6931471805599453,0.6931471805599453,0.0,0.0,0.0
YGS,0.0,0.6931471805599453,0.6931471805599453,0.0,0.0,0.0,1.0986122886681098,0.0,0.0,0.0,1.3862943611198906,1.791759469228055,1.0986122886681098,0.0,1.0986122886681098,1.0986122886681098
YGV,0.0,0.0,0.0,0.0,0.0,0.0,0.0,0.0,0.0,0.0,0.0,0.0,0.0,0.0,0.0,0.0
YHC,0.0,0.0,0.9241962407465937,0.0,0.0,0.0,0.0,0.0,0.8047189562170501,1.0986122886681098,0.0,0.0,0.0,0.0,0.0,0.0
YHD,0.0,0.8047189562170501,1.0986122886681098,0.0,1.2070784343255752,0.0,0.5941261547656673,0.0,0.5493061443340549,0.9729550745276566,0.9241962407465937,1.6094379124341003,0.0,0.0,1.0986122886681098,0.0
YHF,0.0,0.0,0.0,0.0,0.0,0.0,0.0,0.0,0.0,0.0,0.0,0.0,0.0,0.0,0.0,0.0
YHK,0.0,0.0,0.5493061443340549,0.0,0.0,0.0,0.0,0.0,0.0,0.0,0.6931471805599453,0.0,0.0,0.0,0.0,0.0
YHL,0.0,0.5493061443340549,0.0,0.6931471805599453,0.0,0.0,0.6931471805599453,0.0,0.0,0.0,1.0986122886681098,0.0,0.6931471805599453,0.0,0.0,0.0
YHS,1.0986122886681098,0.0,0.0,0.0,0.0,0.0,0.0,0.0,0.0,0.0,0.0,0.0,0.0,0.0,0.0,0.0
YIA,0.0,0.0,0.0,0.0,0.0,0.0,0.0,0.0,0.0,0.0,0.0,0.0,0.0,0.0,0.0,0.0
YID,0.9241962407465937,1.0986122886681098,0.40235947810852507,0.0,0.0,2.321185886659037,0.0,0.0,0.9241962407465937,0.0,2.351203577673075,0.5493061443340549,0.6931471805599453,0.0,0.0,0.0
YIE,0.0,0.0,0.0,0.8047189562170501,0.0,0.5493061443340549,0.0,0.6931471805599453,0.5493061443340549,0.6931471805599453,0.0,0.0,0.0,0.6931471805599453,0.5493061443340549,0.0
YIG,0.0,0.0,0.0,0.0,0.0,0.0,0.0,0.0,0.0,0.0,0.0,0.0,0.0,0.0,0.0,0.0
YIH,1.5350567286626973,1.1882523095313346,1.6785266909588594,0.6931471805599453,1.0986122886681098,0.0,1.2070784343255752,0.648636716351771,0.358351893845611,0.5493061443340549,3.771871027314227,2.752277942907028,1.3732653608351373,0.0,2.748663632459161,2.5917146190251588
YIK,0.0,0.0,0.6931471805599453,0.0,0.0,0.0,0.0,0.0,0.0,0.5493061443340549,0.0,0.6931471805599453,0.6931471805599453,0.0,0.0,0.0
YIL,1.6094379124341003,0.0,1.1882523095313346,0.9241962407465937,1.0986122886681098,1.6094379124341003,1.9459101490553132,0.0,0.6931471805599453,0.648636716351771,1.433407575382444,2.4849066497880004,1.782378464297002,0.8047189562170501,1.782378464297002,2.302585092994046
YIN,0.0,1.2792139405522478,0.0,1.791759469228055,1.791759469228055,0.0,0.0,1.2792139405522478,0.0,1.4853153869141684,0.0,0.0,0.0,0.0,1.791759469228055,1.4853153869141684
YIQ,0.0,0.0,0.6931471805599453,0.6931471805599453,0.0,0.0,0.6931471805599453,0.0,1.0986122886681098,0.0,0.0,0.6931471805599453,0.0,0.6931471805599453,1.0986122886681098,0.6931471805599453
YIR,0.0,2.2330485096744495,2.5649493574615367,1.791759469228055,1.9459101490553132,1.9459101490553132,2.4849066497880004,0.0,2.2590060452618186,1.782378464297002,0.0,1.791759469228055,1.791759469228055,0.0,0.0,1.791759469228055
YIS,2.715129600883499,2.6831503763610787,0.358351893845611,0.0,1.7102695723249906,0.3868643144431728,2.861656003737622,0.0,2.049711555589573,0.0,0.0,0.0,0.0,0.0,0.0,0.0
YIV,0.0,0.0,0.0,0.0,0.0,0.0,0.0,0.0,0.0,0.0,0.0,0.0,0.0,0.0,0.0,0.0
YKC,0.0,0.0,0.0,0.0,0.0,0.0,0.0,0.0,0.0,0.0,0.0,0.0,0.0,0.0,0.0,0.0
YKD,0.0,0.0,0.0,0.0,0.0,0.0,0.0,0.0,0.0,0.0,0.0,0.0,0.0,0.0,0.0,0.0
YKE,0.0,0.0,0.5493061443340549,0.0,0.3243183581758855,0.40235947810852507,0.358351893845611,0.0,0.5493061443340549,0.46209812037329684,0.0,0.0,0.0,0.0,0.0,0.0
YKG,0.716703787691222,0.0,0.8047189562170501,0.0,0.0,0.0,0.0,0.0,1.2070784343255752,0.0,0.0,0.8178997164351224,0.46209812037329684,0.0,0.6090132299112135,0.0
YKH,0.0,0.0,1.0750556815368328,1.0986122886681098,0.0,0.0,1.1882523095313346,0.0,1.355403627157091,0.0,1.8270396897336403,1.2792139405522478,0.0,0.0,1.355403627157091,1.6094379124341003
YKK,0.6931471805599453,0.6931471805599453,0.0,0.0,0.0,0.0,0.6931471805599453,0.0,1.0986122886681098,0.0,0.5493061443340549,0.0,0.0,0.0,0.0,0.0
YKL,0.0,0.0,0.0,0.0,0.0,0.0,0.0,0.0,0.0,0.0,0.0,0.0,0.0,0.0,0.0,0.0
YKP,0.9241962407465937,0.0,0.8047189562170501,0.0,0.0,0.0,0.0,0.0,1.0986122886681098,0.0,0.0,0.5545177444479562,0.0,0.0,1.6215917908794277,0.0
YKR,0.0,0.0,0.0,1.0986122886681098,0.0,0.0,0.0,0.6931471805599453,0.6931471805599453,0.0,0.0,0.0,0.0,0.6931471805599453,0.6931471805599453,1.0986122886681098
YKS,0.0,0.0,1.3862943611198906,0.0,0.0,0.0,0.5493061443340549,0.0,1.3862943611198906,0.0,1.3862943611198906,0.0,0.0,0.0,0.0,0.0
YKT,1.3862943611198906,0.0,1.2070784343255752,0.0,0.0,0.5493061443340549,0.0,0.46209812037329684,1.6215917908794277,0.46209812037329684,1.355403627157091,0.0,0.0,0.5493061443340549,0.6931471805599453,0.0
YKV,0.6931471805599453,1.433407575382444,0.9241962407465937,1.0986122886681098,1.791759469228055,1.0986122886681098,0.0,0.6931471805599453,1.0986122886681098,0.0,0.40235947810852507,0.6931471805599453,0.0,1.3862943611198906,0.0,0.0
YLA,0.0,0.0,0.0,0.0,0.0,0.0,0.0,0.0,0.0,0.0,0.2030044099704045,0.0,0.0,0.0,0.13032386152085929,0.0
YLC,0.0,0.0,0.0,0.0,0.0,0.0,0.0,0.0,0.0,0.0,0.0,0.0,0.0,0.0,0.0,0.0
YLD,0.0,0.0,0.0,0.0,0.0,0.0,0.0,0.0,0.0,0.0,0.0,0.0,0.0,0.0,0.0,0.0
YLE,0.0,0.0,0.0,0.0,0.0,0.0,0.0,0.0,0.0,0.0,0.0,0.9241962407465937,0.8047189562170501,0.0,0.0,0.0
YLG,0.46209812037329684,0.5493061443340549,0.5493061443340549,0.716703787691222,0.46209812037329684,0.0,0.46209812037329684,0.0,1.0986122886681098,0.0,0.0,0.0,0.0,0.0,0.46209812037329684,1.0986122886681098
YLH,0.0,0.9241962407465937,0.6931471805599453,0.0,1.2070784343255752,0.0,0.0,0.0,0.5493061443340549,0.46209812037329684,0.0,0.0,0.0,0.0,0.0,0.0
YLK,0.0,0.0,0.0,0.0,0.0,0.0,0.0,0.0,0.0,0.0,0.0,0.0,0.0,0.0,0.0,0.0
YLL,0.0,0.3243183581758855,2.833213344056216,0.0,2.137457797884614,0.0,0.0,0.0,0.40235947810852507,0.0,0.6931471805599453,1.5350567286626973,0.0,1.791759469228055,0.8047189562170501,1.0986122886681098
YLN,0.6931471805599453,1.6215917908794277,1.433407575382444,1.0986122886681098,1.9183162182386966,1.3862943611198906,0.0,0.5493061443340549,1.3862943611198906,0.8047189562170501,1.5813042316832728,0.8047189562170501,0.6931471805599453,1.0750556815368328,0.5493061443340549,0.6931471805599453
YLQ,0.0,0.0,0.29706307738283366,0.0,0.0,0.0,0.2030044099704045,0.0,0.0,0.0,0.27465307216702745,0.5312275020105406,0.9729550745276566,0.0,0.3243183581758855,0.716703787691222
YLR,0.0,0.0,0.0,0.0,0.0,0.0,0.0,0.0,0.0,0.0,0.0,0.0,0.0,0.0,0.0,0.0
YLS,0.0,0.0,0.0,0.0,0.0,0.0,0.0,0.0,0.0,0.0,0.0,0.0,0.0,0.0,0.0,0.0
YLT,0.6931471805599453,0.0,0.0,0.0,0.0,0.6931471805599453,0.0,1.0986122886681098,0.46209812037329684,0.0,0.0,0.0,0.0,1.3862943611198906,0.0,0.5493061443340549
YLV,0.0,0.0,0.0,0.0,0.0,0.0,0.0,0.0,0.0,0.0,0.0,0.0,0.0,0.0,0.0,0.0
YLY,0.0,0.9241962407465937,0.0,0.0,1.0986122886681098,1.0986122886681098,0.8047189562170501,0.0,0.0,0.0,0.0,0.0,0.0,0.0,0.0,0.0
YMA,0.0,0.6931471805599453,0.0,0.6931471805599453,0.5493061443340549,0.0,0.6931471805599453,0.0,0.0,0.0,0.9241962407465937,0.6931471805599453,0.0,0.0,0.0,0.0
YMD,0.0,2.1277537294374507,0.0,0.5941261547656673,0.6931471805599453,4.170087006425905,0.39097158456257786,0.42749155957692275,0.5802964716647593,2.033105440735637,4.243507423291503,0.0,2.2330485096744495,1.4787139851945499,1.1882523095313346,0.8549831191538455
YMI,0.0,0.0,0.0,0.0,0.0,0.0,0.0,0.0,0.0,0.0,0.0,0.0,0.0,0.0,0.0,0.0
YMK,0.0,0.0,0.0,0.0,0.0,0.0,0.0,0.0,0.0,0.0,0.0,0.0,0.0,0.0,0.0,0.0
YML,0.0,0.0,0.0,0.0,0.0,0.0,0.0,0.0,0.0,0.0,0.0,0.0,0.0,0.0,0.0,0.0
YMQ,0.0,0.0,0.0,0.0,0.0,0.0,0.0,0.0,0.0,0.0,0.0,0.0,0.0,0.0,0.0,0.0
YMR,0.0,0.0,0.0,0.0,0.0,0.0,0.0,0.0,0.0,0.0,0.0,0.0,0.0,0.0,0.0,0.0
YMY,0.0,0.0,0.0,0.0,0.0,0.0,0.0,0.0,0.0,0.0,0.0,0.0,0.0,0.0,0.0,0.0
YNA,0.0,0.0,0.0,0.0,0.0,0.0,0.0,0.46209812037329684,0.0,0.0,0.0,0.0,0.0,0.46209812037329684,0.0,0.0
YNF,0.0,0.0,1.2070784343255752,0.0,0.46209812037329684,0.0,0.40235947810852507,0.5493061443340549,1.0986122886681098,0.0,0.9241962407465937,0.5493061443340549,0.0,0.5493061443340549,0.46209812037329684,0.0
YNG,0.0,0.0,0.0,0.0,0.0,0.0,0.0,0.0,0.0,0.0,0.0,0.0,0.0,0.0,0.0,0.0
YNH,0.0,0.5493061443340549,0.0,1.0986122886681098,0.0,0.0,0.0,0.6931471805599453,0.6931471805599453,0.6931471805599453,0.0,0.0,0.9241962407465937,0.0,0.6931471805599453,0.0
YNL,0.0,0.0,0.0,0.0,0.0,0.0,0.0,0.0,0.0,0.0,0.0,0.0,0.0,0.0,0.0,0.0
YNN,0.6931471805599453,0.9241962407465937,0.0,1.0986122886681098,0.0,1.0986122886681098,0.6931471805599453,1.3862943611198906,0.6931471805599453,1.3862943611198906,0.6931471805599453,0.0,1.0986122886681098,0.6931471805599453,1.0986122886681098,0.0
YNP,0.0,0.0,0.0,0.0,0.0,0.0,0.0,0.0,0.0,0.0,0.0,0.0,0.0,0.0,0.0,0.0
YNS,0.0,0.0,0.0,0.0,0.0,0.0,0.0,0.0,0.0,0.0,0.0,1.0986122886681098,0.0,0.0,1.3862943611198906,1.0986122886681098
YNT,0.0,1.770758340035135,0.0,1.6785266909588594,0.0,3.1710036611363654,0.891189232148501,0.0,0.0,1.5350567286626973,0.0,0.0,2.1277537294374507,1.5350567286626973,0.8239592165010823,0.40235947810852507
YNV,0.0,2.1277537294374507,0.0,0.9729550745276566,0.0,1.1397734766446088,1.0986122886681098,0.0,0.8047189562170501,1.6479184330021646,0.0,0.5493061443340549,2.351203577673075,1.7908995167731467,1.0750556815368328,0.9241962407465937
YNW,1.6094379124341003,0.716703787691222,1.791759469228055,0.0,0.8047189562170501,0.0,0.6931471805599453,0.0,0.0,0.8047189562170501,2.5503280216730864,1.4210308697928313,1.0750556815368328,0.0,1.6479184330021646,1.0750556815368328
YNY,1.0986122886681098,2.137457797884614,0.0,0.0,1.9183162182386966,1.433407575382444,0.8047189562170501,0.0,0.0,1.433407575382444,0.0,0.0,0.0,0.0,0.0,0.0
YPD,0.0,0.0,0.0,0.0,0.0,0.0,0.0,0.0,0.0,0.0,0.0,0.0,0.0,0.0,0.0,0.0
YPE,0.0,0.0,0.0,0.0,0.0,0.0,0.0,0.0,0.0,0.0,0.0,0.0,0.0,0.0,0.0,0.0
YPG,0.891189232148501,0.0,0.22590060452618185,0.8047189562170501,0.5493061443340549,1.781933441713193,0.0,2.380306153561547,0.358351893845611,0.1934321572215864,3.099014681240335,0.0,0.29706307738283366,0.42749155957692275,0.0,0.21374577978846138
YPH,0.0,0.6931471805599453,0.6931471805599453,0.0,0.0,0.0,1.3862943611198906,0.0,0.0,0.0,1.3862943611198906,1.791759469228055,1.0986122886681098,0.6931471805599453,1.0986122886681098,1.3862943611198906
YPK,0.0,0.0,0.0,0.0,0.0,0.0,0.0,0.0,0.0,0.0,0.0,0.0,0.0,0.0,0.0,0.0
YPL,1.0986122886681098,0.0,0.0,0.0,0.0,0.0,0.0,0.0,0.0,0.0,0.0,0.0,0.0,0.0,0.0,0.0
YPM,0.0,0.0,0.6931471805599453,0.0,1.0986122886681098,1.0986122886681098,0.0,0.0,0.0,0.6931471805599453,0.0,0.0,0.0,0.0,0.0,0.0
YPP,0.0,0.0,0.9729550745276566,0.0,0.0,0.0,0.0,0.0,0.0,0.0,0.6090132299112135,0.6412373393653842,0.9729550745276566,0.0,0.0,0.0
YPQ,0.5493061443340549,0.0,0.6931471805599453,0.0,0.0,0.0,0.0,0.0,0.0,0.0,0.6931471805599453,0.6931471805599453,0.6931471805599453,0.0,0.0,0.0
YPS,0.6931471805599453,0.6931471805599453,0.6931471805599453,0.0,0.0,1.0986122886681098,0.0,1.0986122886681098,0.6931471805599453,0.6931471805599453,0.5493061443340549,0.6931471805599453,0.0,1.0986122886681098,0.6931471805599453,0.0
YPT,0.6931471805599453,0.5493061443340549,0.0,0.0,0.0,0.6931471805599453,0.0,0.0,0.0,0.0,0.0,0.0,0.0,0.0,0.0,0.0
YPV,1.6094379124341003,0.0,1.433407575382444,0.0,0.0,0.0,0.0,0.0,1.0750556815368328,1.0986122886681098,0.0,0.0,0.0,0.0,0.0,0.0
YPY,0.0,0.0,0.8047189562170501,0.0,0.0,0.0,0.0,0.0,0.716703787691222,0.0,0.0,0.0,0.0,0.0,0.0,0.0
YQA,1.0986122886681098,1.6094379124341003,0.9241962407465937,0.9241962407465937,1.9459101490553132,1.6479184330021646,0.648636716351771,0.9241962407465937,0.0,0.716703787691222,0.9241962407465937,0.0,0.8047189562170501,0.0,0.0,1.0986122886681098
YQD,0.0,0.0,0.0,0.0,0.0,0.0,0.0,0.0,0.0,0.0,0.0,0.0,0.0,0.0,0.0,0.0
YQE,0.0,0.0,0.0,0.0,0.0,0.0,0.0,2.359515346849548,0.0,2.7471897635881173,0.0,0.0,0.0,0.0,2.6831503763610787,2.403791043139602
YQG,0.0,0.0,0.0,0.0,0.0,0.0,0.0,0.0,0.0,0.0,0.0,0.0,0.0,0.0,0.0,0.0
YQI,0.0,0.0,0.0,0.0,0.0,3.707748601680387,0.0,3.1303421057545915,0.0,0.27465307216702745,0.0,0.0,0.0,0.0,0.0,0.5802964716647593
YQL,0.0,0.0,0.0,0.0,0.0,0.0,0.0,0.0,0.0,0.0,0.0,0.0,0.0,0.0,0.0,0.0
YQM,1.3862943611198906,0.46209812037329684,0.716703787691222,0.0,0.6931471805599453,0.0,0.0,0.0,1.0986122886681098,0.0,0.45667836565851344,0.7611306094308558,0.46209812037329684,0.0,0.44157749333690227,0.0
YQN,0.0,0.0,0.0,0.0,0.0,0.0,0.0,0.0,0.0,0.0,0.0,0.0,0.0,0.0,0.0,0.0
YQP,0.0,0.716703787691222,0.0,0.0,0.9241962407465937,0.0,0.9241962407465937,0.0,0.0,1.0986122886681098,1.433407575382444,0.0,0.0,0.0,0.0,0.0
YQQ,2.4849066497880004,2.0402624173384694,0.46209812037329684,0.0,0.0,0.0,0.0,0.0,0.46209812037329684,0.0,0.0,0.716703787691222,0.0,0.0,0.0,0.6931471805599453
YQR,0.0,0.0,0.0,0.0,0.0,0.0,0.0,0.0,0.0,0.0,0.0,0.0,0.0,0.0,0.0,0.0
YQS,0.0,0.0,0.40235947810852507,0.0,0.5493061443340549,0.0,0.0,0.46209812037329684,0.0,0.9241962407465937,0.9241962407465937,0.0,0.0,0.0,0.9241962407465937,0.0
YQT,0.0,0.0,0.0,0.0,0.0,0.0,0.0,0.0,0.0,0.0,0.0,0.0,0.0,0.0,0.0,0.0
YQY,0.0,2.715129600883499,0.0,1.3732653608351373,0.0,3.702583746479852,0.6555951677749651,0.0,0.5700898574416636,2.137836965406238,3.145997358883264,0.0,2.218070977791825,1.4719249777896741,0.8239592165010823,0.42749155957692275
YRA,0.0,0.0,0.6931471805599453,0.0,0.0,0.0,0.6931471805599453,0.0,0.6931471805599453,1.0986122886681098,1.9459101490553132,1.6094379124341003,0.0,0.0,1.433407575382444,0.0
YRD,0.0,0.6931471805599453,0.0,0.6931471805599453,0.46209812037329684,1.0986122886681098,0.6931471805599453,0.0,0.0,0.5493061443340549,0.8047189562170501,0.0,0.6931471805599453,0.0,0.0,0.0
YRG,0.0,0.0,0.358351893845611,0.0,0.9241962407465937,1.0986122886681098,0.0,0.0,0.0,0.5493061443340549,0.6931471805599453,0.0,0.0,0.0,0.0,0.0
YRH,0.0,0.0,0.0,0.0,0.0,0.0,0.0,0.0,0.0,0.0,0.0,0.0,0.0,0.0,0.0,0.0
YRI,0.0,0.0,0.6931471805599453,0.0,0.6931471805599453,0.6931471805599453,0.0,0.0,0.0,0.6931471805599453,0.0,0.0,0.0,0.0,0.0,0.0
YRL,1.0986122886681098,1.6094379124341003,0.0,0.0,1.433407575382444,1.0986122886681098,1.6094379124341003,0.0,0.0,0.0,0.0,0.0,0.0,0.0,0.0,0.0
YRM,0.0,0.0,0.0,0.0,0.0,0.0,0.0,0.0,0.0,0.0,0.0,0.0,0.0,0.0,0.0,0.0
YRN,0.0,0.0,0.0,0.0,0.0,0.0,0.0,0.0,0.0,0.0,0.0,0.0,0.0,0.0,0.0,0.0
YRP,0.0,0.0,0.0,0.0,0.0,0.0,0.0,0.0,0.0,0.0,0.0,0.0,0.0,0.0,0.0,0.0
YRQ,0.0,0.0,0.0,0.0,0.0,0.0,0.0,0.0,0.0,0.0,1.433407575382444,1.791759469228055,0.0,0.0,1.791759469228055,0.9241962407465937
YRR,2.715129600883499,3.2779758388748252,1.624035279763236,1.6094379124341003,2.794948308709457,1.9478341740386487,2.9920634754318947,1.5350567286626973,2.044429611063216,3.1213595380964074,0.7737286288863456,1.218026459822427,0.6931471805599453,0.5802964716647593,2.5227219145717816,1.2792139405522478
YRT,0.0,0.6931471805599453,0.6931471805599453,0.0,0.6931471805599453,0.0,0.6931471805599453,0.0,0.6931471805599453,0.0,0.6931471805599453,0.0,0.0,0.6931471805599453,0.0,0.0
YRV,0.0,0.0,0.0,0.0,0.0,0.0,0.0,0.0,0.0,0.0,0.0,0.0,0.0,0.0,0.0,0.0
YSA,3.1354942159291497,1.9789395845202251,1.023371152441798,0.0,0.8239592165010823,0.9241962407465937,2.1265392627313178,0.716703787691222,2.351203577673075,2.453699149305367,1.6479184330021646,2.3978952727983707,0.6931471805599453,0.0,2.402910225941144,0.9241962407465937
YSD,0.0,0.0,0.0,0.0,0.0,0.0,0.6931471805599453,0.0,0.0,0.0,0.0,0.6931471805599453,0.0,0.6931471805599453,0.0,0.6931471805599453
YSE,0.6931471805599453,0.5493061443340549,0.6931471805599453,0.0,0.6931471805599453,0.6931471805599453,0.0,0.0,0.0,0.0,0.0,0.0,0.0,0.0,0.0,0.0
YSF,3.1354942159291497,2.9320667083294443,2.033231729642506,0.0,2.7966574578003813,1.5350567286626973,0.0,1.433407575382444,0.716703787691222,2.380306153561547,0.0,1.4387371636790223,0.0,0.0,2.033231729642506,0.0
YSG,3.646506944666701,2.6223806710998603,0.708303336014054,0.0,1.8512247278751133,0.9729550745276566,2.9920634754318947,0.0,1.9344675489074454,2.5525548612666906,0.2558427881104495,0.2030044099704045,0.46209812037329684,0.40235947810852507,0.22590060452618185,0.0
YSI,1.791759469228055,1.2070784343255752,1.0986122886681098,0.6931471805599453,0.0,0.6931471805599453,0.0,1.6094379124341003,0.9241962407465937,0.0,0.0,0.6931471805599453,1.2070784343255752,0.6931471805599453,0.6931471805599453,0.6931471805599453
YSK,1.0986122886681098,0.0,1.2070784343255752,0.0,1.0986122886681098,0.0,0.6931471805599453,0.0,0.9241962407465937,1.0986122886681098,2.218070977791825,0.0,0.0,0.0,0.0,0.0
YSL,1.3862943611198906,0.0,0.8047189562170501,0.0,0.0,0.0,0.0,0.0,0.0,0.0,0.0,0.0,1.433407575382444,0.0,0.0,0.9241962407465937
YSN,0.0,0.0,0.0,0.0,0.0,0.0,0.0,0.0,0.0,0.0,0.0,0.0,0.0,0.0,0.0,0.0
YSR,0.0,0.0,0.0,0.0,0.0,0.0,0.0,0.0,0.0,0.0,0.0,0.0,0.0,0.0,0.0,0.0
YSS,2.9506361727958503,2.8862535685598347,0.511685576220899,0.0,1.7102695723249906,0.891189232148501,3.258096538021482,0.40235947810852507,2.3019858420456756,0.7737286288863456,0.40235947810852507,0.0,0.0,0.0,0.0,0.358351893845611
YST,0.0,0.6931471805599453,0.6931471805599453,0.0,0.0,0.0,0.0,0.0,0.0,0.0,0.0,0.6931471805599453,0.6931471805599453,0.0,0.0,0.46209812037329684
YSV,0.0,0.5493061443340549,0.0,0.6931471805599453,0.0,0.0,0.0,1.3862943611198906,0.6931471805599453,0.0,0.0,0.0,1.3862943611198906,0.6931471805599453,0.6931471805599453,0.6931471805599453
YTA,0.0,1.4853153869141684,0.0,0.6931471805599453,0.6931471805599453,0.4400220504556117,0.0,0.0,0.0,0.716703787691222,0.0,0.0,0.3243183581758855,0.6931471805599453,0.0,0.46209812037329684
YTF,0.0,0.6931471805599453,0.6931471805599453,0.0,0.0,0.0,0.9241962407465937,0.0,0.0,0.0,1.3862943611198906,1.791759469228055,1.0986122886681098,0.6931471805599453,1.0986122886681098,1.3862943611198906
YTG,0.0,0.0,0.6931471805599453,0.0,0.0,0.0,0.0,0.0,0.0,0.0,0.5493061443340549,1.0750556815368328,1.0986122886681098,0.0,0.6931471805599453,0.46209812037329684
YTH,1.9459101490553132,1.922571505169192,1.1882523095313346,0.0,0.8047189562170501,0.8047189562170501,1.0986122886681098,1.6094379124341003,1.6215917908794277,0.9241962407465937,1.4722194895832201,0.8178997164351224,0.9241962407465937,0.0,1.4787139851945499,0.0
YTI,0.6931471805599453,1.433407575382444,1.0750556815368328,0.9241962407465937,1.922571505169192,1.433407575382444,1.0986122886681098,0.6931471805599453,1.3862943611198906,0.9241962407465937,1.782378464297002,0.6931471805599453,0.0,1.3862943611198906,0.6931471805599453,0.0
YTK,1.2070784343255752,0.891189232148501,0.46209812037329684,0.8047189562170501,0.0,1.1295030226309093,1.433407575382444,0.716703787691222,0.0,1.433407575382444,0.0,0.46209812037329684,0.9241962407465937,0.0,1.0986122886681098,0.0
YTL,0.9241962407465937,1.0750556815368328,1.297273432703542,0.6931471805599453,0.8047189562170501,0.7193685818395111,0.0,0.716703787691222,0.3243183581758855,0.8047189562170501,0.0,0.648636716351771,0.9241962407465937,0.358351893845611,0.5941261547656673,0.0
YTM,0.0,0.6931471805599453,0.0,0.0,0.0,0.0,0.6931471805599453,0.0,0.0,0.0,0.6931471805599453,0.0,0.0,0.0,0.0,0.0
YTN,0.6931471805599453,0.6931471805599453,0.0,1.0986122886681098,0.0,0.6931471805599453,1.0986122886681098,1.0986122886681098,0.0,1.3862943611198906,0.0,0.6931471805599453,1.3862943611198906,0.0,0.9241962407465937,0.0
YTQ,0.0,0.0,0.0,0.0,0.0,0.0,0.0,0.0,0.0,0.0,0.0,0.0,0.0,0.0,0.0,0.0
YTR,0.0,0.0,0.0,0.0,0.0,0.0,0.0,0.0,0.0,0.0,0.6931471805599453,1.0986122886681098,0.0,0.0,1.0986122886681098,0.0
YTT,0.0,0.0,0.0,0.0,0.0,0.0,0.0,0.0,0.0,0.0,0.0,0.0,0.0,0.0,0.0,0.0
YTV,1.0986122886681098,0.6931471805599453,0.716703787691222,0.0,0.716703787691222,0.5493061443340549,0.6931471805599453,0.0,0.716703787691222,0.9241962407465937,0.511685576220899,0.0,0.0,0.0,0.0,0.0
YTY,0.0,0.6931471805599453,0.6931471805599453,0.0,1.0986122886681098,0.0,0.0,0.0,0.0,0.6931471805599453,0.0,0.0,0.0,0.0,0.0,0.0
YVA,0.0,0.0,1.297273432703542,2.0794415416798357,0.0,0.8047189562170501,0.0,0.8047189562170501,1.1882523095313346,0.0,1.023371152441798,2.1972245773362196,1.0750556815368328,1.0986122886681098,2.5146180438806236,1.6094379124341003
YVC,1.297273432703542,0.6931471805599453,1.6215917908794277,0.0,0.0,0.0,0.6931471805599453,0.6931471805599453,1.0750556815368328,0.5493061443340549,1.0986122886681098,1.0986122886681098,0.0,0.0,1.3862943611198906,1.0986122886681098
YVD,0.0,0.0,0.5493061443340549,0.0,0.0,0.18483924814931874,0.0,2.137457797884614,0.0,0.23978952727983707,0.0,0.0,0.0,0.0,0.2558427881104495,3.713572066704308
YVE,0.0,0.0,0.0,0.0,0.5493061443340549,0.5493061443340549,0.0,0.0,0.0,0.0,0.0,0.0,0.0,0.0,0.0,0.0
YVF,0.0,0.0,0.0,0.0,0.0,0.0,0.0,0.0,0.0,0.0,0.0,0.0,0.0,0.0,0.0,0.0
YVG,0.0,0.0,0.0,0.0,0.0,0.0,0.0,0.0,1.0986122886681098,0.891189232148501,2.8620850602991688,0.0,0.0,0.0,0.0,0.0
YVI,0.0,0.5493061443340549,0.0,0.0,0.0,0.0,0.6931471805599453,0.6931471805599453,0.0,0.0,0.0,0.0,0.0,0.46209812037329684,0.0,0.0
YVN,1.0986122886681098,1.0986122886681098,0.0,1.0986122886681098,0.0,0.40235947810852507,1.3862943611198906,0.40235947810852507,0.5493061443340549,0.6931471805599453,0.0,0.9241962407465937,1.3862943611198906,0.6931471805599453,0.5493061443340549,0.6931471805599453
YVQ,0.6931471805599453,1.2070784343255752,0.8239592165010823,0.6931471805599453,1.0986122886681098,1.2070784343255752,0.0,1.2070784343255752,0.716703787691222,0.716703787691222,0.5493061443340549,1.1989476363991853,0.6931471805599453,0.8047189562170501,1.3732653608351373,0.0
YVS,0.0,0.0,0.0,0.0,0.0,0.0,0.0,0.0,0.0,0.0,0.0,0.0,0.0,0.0,0.0,0.0
YVT,0.0,0.0,0.0,0.0,0.0,0.0,0.0,0.0,0.0,0.0,0.0,0.0,0.0,0.0,0.0,0.0
YVV,0.0,0.0,0.0,0.0,0.0,0.0,0.0,0.0,0.0,0.0,0.0,0.0,0.0,0.0,0.0,0.0
YVW,0.0,0.0,0.0,0.0,0.0,0.0,0.0,0.0,0.0,0.0,0.0,0.0,0.0,0.0,0.0,0.0
YWD,0.0,0.0,0.0,0.0,0.0,0.0,0.0,0.0,0.0,0.0,0.0,0.0,0.0,0.0,0.0,0.0
YWG,3.091042453358316,2.137836965406238,0.46209812037329684,0.0,0.3868643144431728,0.46209812037329684,0.0,0.0,2.5649493574615367,0.0,1.1882523095313346,1.0986122886681098,0.0,0.0,0.891189232148501,0.8047189562170501
YWH,1.0986122886681098,0.0,1.433407575382444,1.297273432703542,0.0,0.0,0.0,0.0,2.046742304883596,0.0,1.433407575382444,1.0986122886681098,1.0986122886681098,0.0,1.297273432703542,1.0986122886681098
YWP,0.0,0.0,0.0,0.0,0.0,0.0,0.0,0.0,0.0,0.0,0.0,0.0,0.0,0.0,0.0,0.0
YWQ,0.0,2.8147840399962667,0.0,0.0,3.0423109532347654,1.2812000382197533,2.270079664070115,2.0241014320958137,0.40235947810852507,2.7635250698677787,0.0,0.0,0.0,0.0,0.29706307738283366,2.21741889107847
YWV,0.0,0.0,0.0,0.0,0.0,0.0,0.0,0.0,0.0,0.0,0.0,0.0,0.0,0.0,0.0,0.0
YYA,3.0398775768545567,2.6714852459213345,0.9036024181047274,0.0,2.3019858420456756,0.8047189562170501,2.6561375100527025,0.0,0.9036024181047274,0.0,0.7675283643313486,0.0,0.0,0.0,0.0,0.0
YYC,0.891189232148501,0.5802964716647593,0.40235947810852507,0.0,0.0,0.0,0.0,0.0,0.0,0.0,0.9036024181047274,1.023371152441798,0.0,0.0,0.5802964716647593,0.9241962407465937
YYD,0.0,0.0,0.0,0.0,0.0,0.0,0.0,0.0,0.0,0.0,0.0,0.0,0.0,0.0,0.0,0.0
YYG,0.0,0.6931471805599453,0.6931471805599453,0.0,0.0,0.0,1.0986122886681098,0.0,0.0,0.6931471805599453,1.3862943611198906,1.791759469228055,1.0986122886681098,0.6931471805599453,1.0986122886681098,1.3862943611198906
YYH,0.0,0.0,0.0,0.0,0.0,0.0,0.0,0.0,0.0,0.0,0.0,0.0,0.0,0.0,0.0,0.0
YYI,0.0,0.0,0.0,0.0,0.0,0.0,0.0,0.0,0.0,0.0,0.0,0.0,0.0,0.0,0.0,0.0
YYL,0.5493061443340549,0.5493061443340549,0.46209812037329684,0.9241962407465937,0.5493061443340549,0.6931471805599453,0.0,0.0,1.297273432703542,0.0,0.8047189562170501,0.0,0.0,0.0,0.716703787691222,1.0986122886681098
YYN,0.0,0.0,0.0,0.0,0.0,0.0,0.0,0.0,0.0,0.0,0.0,0.0,0.0,0.0,0.0,0.0
YYP,0.0,0.0,0.0,0.0,0.0,0.0,0.0,0.0,0.0,0.0,0.0,0.0,0.0,0.0,0.0,0.0
YYQ,0.0,0.0,0.0,0.0,0.0,0.0,0.0,0.0,0.0,0.0,0.0,0.0,0.0,0.0,0.0,0.0
YYR,0.0,0.46209812037329684,0.0,0.716703787691222,0.0,0.6931471805599453,0.0,0.0,1.0750556815368328,0.0,0.0,0.0,0.0,0.40235947810852507,0.0,1.0986122886681098
