aa_motif,AAA,AAC,AAG,AAT,ACA,ACC,ACG,ACT,AGA,AGC,AGG,AGT,ATA,ATC,ATG,ATT,CAA,CAC,CAG,CAT,CCA,CCC,CCG,CCT,CGA,CGC,CGG,CGT,CTA,CTC,CTG,CTT,GAA,GAC,GAG,GAT,GCA,GCC,GCG,GCT,GGA,GGC,GGG,GGT,GTA,GTC,GTG,GTT,TAA,TAC,TAG,TAT,TCA,TCC,TCG,TCT,TGA,TGC,TGG,TGT,TTA,TTC,TTG,TTT
AA,1.8920414359288362,0.27465307216702745,0.6777018135785455,0.5941261547656673,0.8501093405576955,0.18483924814931874,0.49073982986107334,1.9789395845202251,0.5312275020105406,0.9729550745276566,1.1605929433295186,1.7278097460167723,0.648636716351771,1.0986122886681098,1.1882523095313346,0.7193685818395111,1.1989476363991853,2.6375085175813764,0.9133567313170269,0.0,0.7737286288863456,1.1882523095313346,0.47301035898220906,0.3243183581758855,1.8512247278751133,0.21374577978846138,0.3868643144431728,0.0,0.5493061443340549,0.0,0.0,2.7761238949166773,1.6942101997711707,0.9814796597221467,1.7343713162681,1.7343713162681,2.2388095926747393,0.0,0.0,0.23978952727983707,1.6357994328702448,0.0,1.3411982603617503,1.2615678546102225,1.218026459822427,1.1989476363991853,0.4729332633479405,1.9281903400682348,0.5941261547656673,1.740889414994278,1.8483924814931874,0.0,1.416606672028108,0.648636716351771,0.3868643144431728,1.1882523095313346,1.3086395462961955,2.4102379250852937,0.7865051156165158,1.2792139405522478,1.9343215722158644,0.7883505983036818,2.7847624476014743,3.2087895283168626
AC,0.0,0.0,0.0,0.0,0.0,0.5493061443340549,0.5493061443340549,0.358351893845611,0.0,0.891189232148501,0.2558427881104495,0.0,1.3862943611198906,0.0,0.8047189562170501,0.8239592165010823,0.0,0.0,0.511685576220899,0.46209812037329684,1.0750556815368328,0.0,0.9729550745276566,0.0,1.0986122886681098,0.0,0.9241962407465937,0.9241962407465937,0.0,0.0,0.0,0.46209812037329684,0.40235947810852507,0.0,0.716703787691222,0.9241962407465937,0.40235947810852507,1.0750556815368328,0.40235947810852507,0.0,0.46209812037329684,0.358351893845611,0.15222612188617116,0.39097158456257786,0.0,0.358351893845611,0.8239592165010823,0.3153402393214727,0.0,0.7193685818395111,0.358351893845611,0.0,0.0,0.5493061443340549,0.46209812037329684,0.0,0.8047189562170501,0.6931471805599453,0.39097158456257786,0.5493061443340549,0.358351893845611,0.9241962407465937,0.47957905455967414,0.0
AD,2.7400701939510808,2.5146180438806236,0.716703787691222,0.46209812037329684,2.351203577673075,0.6090132299112135,0.21374577978846138,0.358351893845611,0.716703787691222,0.0,0.891189232148501,0.511685576220899,1.0750556815368328,1.0750556815368328,1.2070784343255752,0.0,0.9241962407465937,0.29706307738283366,0.23978952727983707,0.0,0.0,0.358351893845611,0.29706307738283366,1.3732653608351373,0.9729550745276566,0.511685576220899,0.2558427881104495,0.5493061443340549,0.9241962407465937,0.9729550745276566,1.6094379124341003,0.9241962407465937,0.9036024181047274,0.716703787691222,0.716703787691222,1.218026459822427,0.2850449287208318,0.0,0.0,0.0,0.4518012090523637,0.0,0.9460207179644181,0.27465307216702745,0.40235947810852507,0.29706307738283366,0.354151668007027,0.40235947810852507,0.9241962407465937,0.891189232148501,0.0,1.6094379124341003,0.9241962407465937,1.218026459822427,0.6931471805599453,1.6094379124341003,1.6215917908794277,0.5493061443340549,0.0,0.0,0.0,2.0794415416798357,0.0,0.0
AE,0.0,0.511685576220899,0.20477251076892056,0.0,0.2558427881104495,0.3294639158219482,0.5493061443340549,0.6931471805599453,0.6777018135785455,1.4387371636790223,0.8024262028098276,0.5493061443340549,0.9241962407465937,0.9729550745276566,1.0986122886681098,0.0,0.0,0.31370718189612473,1.0986122886681098,0.40235947810852507,1.297273432703542,0.3921299354778096,0.24052113071331957,2.9438499555793483,0.11446624014950488,0.9241962407465937,0.3044522437723423,0.0,0.0,0.46209812037329684,0.5493061443340549,2.650328299108541,0.2595451697570672,0.5493061443340549,1.023371152441798,0.40235947810852507,0.25352591276956377,0.27465307216702745,0.0,2.4138218433578,0.8549831191538455,0.47957905455967414,0.3354596740708194,1.9760817390881644,1.0750556815368328,0.648636716351771,2.2083111109989297,2.012362782270809,0.0,0.0,0.4518012090523637,0.40235947810852507,1.297273432703542,0.0,0.11728266833317777,0.46209812037329684,0.511685576220899,2.1628764146422275,2.4577664262476278,0.5802964716647593,0.0,1.9496253350197617,1.9281903400682348,2.4072786084294826
AF,0.0,0.0,0.0,0.9241962407465937,0.0,0.7883505983036818,1.0986122886681098,1.4853153869141684,0.5493061443340549,0.0,0.2850449287208318,0.0,0.46209812037329684,0.8047189562170501,0.9241962407465937,1.6785266909588594,0.0,1.4853153869141684,0.0,0.0,0.0,0.6013028267832989,0.6777018135785455,0.4518012090523637,0.9591581091193483,0.5941261547656673,0.27465307216702745,0.0,0.5493061443340549,1.922571505169192,0.46209812037329684,0.0,0.0,1.0986122886681098,0.9591581091193483,1.0986122886681098,1.4853153869141684,1.2824746787307684,0.0,0.716703787691222,0.511685576220899,0.0,0.12891245360081308,0.41452876048016685,0.0,0.0,0.0,0.7675283643313486,0.47957905455967414,1.1989476363991853,0.0,0.0,0.0,1.4387371636790223,0.0,0.9729550745276566,0.9036024181047274,1.5936825060316215,0.6908812674669447,0.0,0.0,0.6931471805599453,1.4190310769466272,0.0
AG,1.3862943611198906,0.8047189562170501,1.1775399822317394,0.0,0.716703787691222,0.5070518255391275,1.0986122886681098,0.648636716351771,0.7675283643313486,0.648636716351771,0.22590060452618185,1.8072048362094548,0.5493061443340549,0.0,0.5941261547656673,1.2792139405522478,0.9241962407465937,1.1882523095313346,0.358351893845611,0.358351893845611,0.8239592165010823,2.461392187650023,0.0,1.5350567286626973,0.354151668007027,0.0,0.6543197731480977,0.0,0.3243183581758855,0.27465307216702745,1.1882523095313346,0.6089044875446846,1.2435862814405005,1.5350567286626973,0.8047189562170501,1.9183162182386966,0.9729550745276566,0.716703787691222,0.358351893845611,0.6412373393653842,1.1090354888959124,0.0,0.41452876048016685,0.8059714533629062,0.9591581091193483,0.891189232148501,1.2591286416445535,0.0,0.0,0.8239592165010823,0.7193685818395111,0.8047189562170501,0.0,0.5802964716647593,0.18483924814931874,0.0,1.9135024711265767,0.7359624888948371,0.36967849629863747,0.716703787691222,0.0,0.1934321572215864,0.8873406946934732,0.0
AH,1.3862943611198906,0.6931471805599453,0.0,0.0,1.0986122886681098,2.4572701292270467,0.0,0.9241962407465937,0.0,0.9241962407465937,0.0,0.0,0.8047189562170501,0.0,0.0,0.0,1.0986122886681098,2.359515346849548,0.8047189562170501,0.0,0.9241962407465937,0.20913812126408315,2.0763613580565377,0.0,2.4072786084294826,0.0,2.21741889107847,0.0,0.0,0.0,0.0,4.142454811636189,2.5917146190251588,0.0,0.0,0.0,2.8862535685598347,0.0,0.5493061443340549,3.3394443210270595,0.0,0.3243183581758855,0.0,2.235441717387512,1.0750556815368328,0.0,2.1210093740750584,0.5802964716647593,0.0,0.8047189562170501,1.0750556815368328,0.0,0.0,0.0,3.1780538303479458,0.0,0.29706307738283366,3.8865627458690857,0.27465307216702745,0.0,0.0,3.0847559988320254,3.3127881243686397,3.7188176174884022
AI,0.0,0.0,0.0,0.9671607861079322,0.0,1.9659128163621629,0.0,0.29706307738283366,0.0,0.0,0.34004373622307815,0.0,0.716703787691222,2.030044099704045,0.5493061443340549,0.4518012090523637,0.0,1.4210308697928313,0.358351893845611,0.0,0.0,3.370278167821408,0.1425224643604159,0.0,0.10685940983685338,1.6479184330021646,0.26823965207235,0.0,0.5941261547656673,0.2558427881104495,0.40235947810852507,1.1531237053768186,0.24682996371668176,0.29706307738283366,0.358351893845611,0.891189232148501,1.2938747370452313,2.1277537294374507,0.0,2.0794415416798357,2.1277537294374507,1.6479184330021646,2.9311579240451637,0.1934321572215864,0.27465307216702745,0.9729550745276566,0.0,0.6931471805599453,1.1989476363991853,2.7635250698677787,0.0,1.297273432703542,0.358351893845611,1.4387371636790223,1.065582853203198,0.40235947810852507,0.648636716351771,1.6094379124341003,0.8239592165010823,0.648636716351771,0.0,0.3271598865740489,2.215505645854608,2.70805020110221
AK,0.0,0.46209812037329684,1.433407575382444,0.716703787691222,0.0,0.2558427881104495,0.5941261547656673,2.436052919644854,0.29706307738283366,1.6215917908794277,1.218026459822427,1.1989476363991853,1.433407575382444,1.0986122886681098,0.3243183581758855,1.1989476363991853,0.5493061443340549,1.530196813003852,0.7675283643313486,0.0,1.6479184330021646,0.0,0.29706307738283366,0.40235947810852507,0.891189232148501,0.0,0.6777018135785455,0.0,0.3243183581758855,2.033105440735637,0.5493061443340549,1.297273432703542,0.8239592165010823,0.23978952727983707,0.8551347861624953,0.9729550745276566,1.3601749448923126,0.891189232148501,0.0,0.40235947810852507,1.354025100551105,0.29706307738283366,1.87024054922693,1.1729147536877336,0.0,0.5493061443340549,1.218026459822427,1.709966238307691,0.716703787691222,0.9729550745276566,1.4853153869141684,1.2070784343255752,0.358351893845611,1.433407575382444,1.3862943611198906,0.0,1.355403627157091,1.4210308697928313,0.812017639881618,0.9729550745276566,1.6215917908794277,0.5493061443340549,1.700218681115391,0.0
AL,1.354025100551105,0.5802964716647593,1.8944223406764356,1.030347484452772,0.9729550745276566,1.9430787752918444,0.0,1.297273432703542,1.5357938307669041,1.0150220498520226,1.9459101490553132,1.354025100551105,1.354025100551105,1.5936825060316215,0.9976572505229112,1.87024054922693,0.648636716351771,2.513467275863113,1.0201312086692347,0.5941261547656673,0.716703787691222,0.9926218252791961,1.4614902435570225,2.1556045131951005,0.10238625538446028,0.23978952727983707,2.1556045131951005,1.4962204585192298,0.9036024181047274,0.7675283643313486,0.47957905455967414,2.6916001072368694,1.1009111771628113,0.6777018135785455,1.3310213199979837,1.530196813003852,2.2795469532892176,0.6777018135785455,0.406008819940809,2.1556045131951005,1.1728266833317778,0.17002186811153908,2.8056472104212338,0.5624189577800993,0.6090132299112135,1.7343713162681,0.6386976335392891,1.5246746883313111,1.416606672028108,1.624035279763236,0.6777018135785455,2.137457797884614,1.5350567286626973,1.218026459822427,2.2083111109989297,0.358351893845611,1.5350567286626973,2.556830871686703,1.3111903355499301,0.9036024181047274,2.072643802400834,2.459252969409291,2.2994320360953786,2.8852040655950413
AM,0.0,0.0,0.0,0.0,0.46209812037329684,0.0,0.5493061443340549,1.4853153869141684,0.0,0.9241962407465937,0.0,1.1882523095313346,0.6931471805599453,0.0,0.0,0.6931471805599453,0.0,1.0986122886681098,0.40235947810852507,0.6931471805599453,0.5493061443340549,0.0,0.0,0.0,0.0,0.0,0.8047189562170501,0.0,0.0,0.5493061443340549,0.5941261547656673,1.3862943611198906,0.0,0.0,0.716703787691222,0.358351893845611,0.40235947810852507,0.0,0.46209812037329684,0.5493061443340549,0.0,0.0,0.0,0.46209812037329684,0.0,0.46209812037329684,0.0,1.6094379124341003,0.0,1.3862943611198906,1.3862943611198906,0.0,1.0986122886681098,0.6931471805599453,0.0,0.6931471805599453,1.2070784343255752,0.5493061443340549,0.0,0.0,1.6094379124341003,0.6931471805599453,0.9241962407465937,0.0
AN,0.0,0.0,0.7675283643313486,0.0,1.297273432703542,1.740889414994278,0.9133567313170269,1.0750556815368328,1.2792139405522478,0.0,0.7737286288863456,0.716703787691222,0.891189232148501,0.0,0.358351893845611,1.2070784343255752,0.0,3.063696955031054,1.0986122886681098,0.358351893845611,1.1882523095313346,0.0,0.8549831191538455,1.0986122886681098,0.49073982986107334,0.511685576220899,0.7359624888948371,1.3732653608351373,0.6931471805599453,1.3862943611198906,1.6215917908794277,2.559656384611507,0.4518012090523637,1.4387371636790223,0.5941261547656673,0.9036024181047274,2.9761222438871267,0.891189232148501,0.40235947810852507,0.8047189562170501,1.068728898942307,0.716703787691222,0.6543197731480977,0.5463293064791376,0.6931471805599453,0.891189232148501,0.6143175323067617,0.7393569925972749,0.5493061443340549,1.9459101490553132,0.9241962407465937,0.9241962407465937,1.709966238307691,1.1882523095313346,0.8501093405576955,0.6931471805599453,0.5802964716647593,2.8375995800876432,0.49073982986107334,1.218026459822427,1.6094379124341003,0.16357994328702444,2.8084917098343967,3.006514133916495
AP,1.023371152441798,0.716703787691222,1.0750556815368328,0.0,0.0,0.812017639881618,0.47957905455967414,0.5493061443340549,0.2558427881104495,0.6931471805599453,0.8047189562170501,0.7393569925972749,0.0,0.0,0.0,1.4387371636790223,0.0,0.0,0.21374577978846138,0.0,0.0,0.648636716351771,0.8239592165010823,0.8239592165010823,0.5493061443340549,0.0,0.8239592165010823,1.6094379124341003,0.5493061443340549,0.358351893845611,0.891189232148501,0.6931471805599453,0.9241962407465937,0.9729550745276566,0.358351893845611,1.7908995167731467,0.0,0.6777018135785455,0.648636716351771,0.8047189562170501,1.8270396897336403,0.5941261547656673,0.5493061443340549,1.068728898942307,0.8047189562170501,0.5493061443340549,1.6635532333438687,1.1882523095313346,0.0,0.27465307216702745,1.1882523095313346,0.0,0.46209812037329684,1.2070784343255752,0.46209812037329684,0.5493061443340549,1.0750556815368328,0.7393569925972749,1.5474572577726913,1.6215917908794277,0.0,1.3862943611198906,1.8270396897336403,0.0
AQ,1.0750556815368328,0.358351893845611,0.0,0.9729550745276566,0.46209812037329684,2.7644288953804277,0.3243183581758855,0.5493061443340549,1.6635532333438687,0.716703787691222,0.17002186811153908,0.9241962407465937,0.0,0.891189232148501,1.6094379124341003,0.0,0.46209812037329684,3.1687099775789975,1.4962204585192298,0.0,0.3243183581758855,0.0,3.0493493766626223,0.47957905455967414,0.0,0.8047189562170501,0.8853791700175675,0.9729550745276566,0.0,0.6931471805599453,0.46209812037329684,1.4753180863979252,0.8178997164351224,0.9241962407465937,1.5350567286626973,0.9241962407465937,3.098922885268748,0.46209812037329684,0.7675283643313486,2.3978952727983707,0.46209812037329684,1.4853153869141684,0.47957905455967414,0.34004373622307815,0.0,1.433407575382444,0.5493061443340549,1.297273432703542,0.358351893845611,0.0,0.0,0.8047189562170501,1.023371152441798,0.5493061443340549,0.6412373393653842,0.0,0.0,1.2070784343255752,0.9729550745276566,0.9729550745276566,1.1882523095313346,0.22590060452618185,0.0,2.3978952727983707
AR,3.1354942159291497,2.2803594297666545,2.778344655758188,1.6215917908794277,2.5503280216730864,2.6357113265755854,2.030044099704045,1.023371152441798,2.3978952727983707,0.7737286288863456,2.9493941835619344,0.7675283643313486,1.2070784343255752,1.9237120180961527,1.782378464297002,1.433407575382444,0.648636716351771,2.7644288953804277,0.47957905455967414,0.0,0.29706307738283366,3.9112367574752156,2.9501782549873425,2.906746241057835,3.5121813081422615,0.4518012090523637,3.2470352646298144,1.3732653608351373,1.2792139405522478,0.9241962407465937,1.2938747370452313,2.7958759930989405,3.4883177168011756,2.772588722239781,2.453699149305367,2.1277537294374507,1.6581150419206674,0.9729550745276566,0.5941261547656673,0.5493061443340549,2.3019858420456756,0.7193685818395111,2.79430214673439,3.3134381971586144,1.740889414994278,0.9241962407465937,2.244047606573921,1.5474572577726913,1.2824746787307684,1.1295030226309093,1.0750556815368328,1.6215917908794277,0.5493061443340549,1.0986122886681098,2.866815150764888,1.9459101490553132,1.7993793761572692,0.3153402393214727,2.3650517949110452,1.1989476363991853,0.716703787691222,3.0905884840366316,1.5638863382503114,1.2824746787307684
AS,2.8862535685598347,2.0402624173384694,0.9388387822532253,0.0,2.02820730215651,0.5070518255391275,0.5545177444479562,0.354151668007027,1.416606672028108,0.8549831191538455,0.5802964716647593,1.2435862814405005,1.0150220498520226,0.5941261547656673,0.511685576220899,1.8270396897336403,1.2070784343255752,1.4228806354145866,0.7819431691251557,1.2792139405522478,0.7819431691251557,4.355490981147102,0.45667836565851344,2.768481810742051,1.6043947641584313,0.16357994328702444,0.8639048730083861,1.0750556815368328,0.8047189562170501,1.6479184330021646,0.42756739308124764,2.9087949851856254,2.2238814317981506,1.2395308380245946,0.9241962407465937,1.624035279763236,0.5463293064791376,0.9976572505229112,1.4809797823000905,0.6090132299112135,1.4753180863979252,1.354025100551105,4.3200813736289705,1.1710114009411343,0.8549831191538455,0.7359624888948371,1.7434556195400481,0.8741268903666201,0.358351893845611,0.812017639881618,1.1989476363991853,0.5941261547656673,0.3243183581758855,1.3575648004417495,0.2850449287208318,0.716703787691222,1.4753180863979252,1.9898463014708487,0.75263849935175,1.416606672028108,0.46209812037329684,1.0750556815368328,1.6048524056196551,0.5493061443340549
AT,0.0,0.0,0.0,0.46209812037329684,0.0,2.2800370426149756,0.0,1.709966238307691,0.22590060452618185,0.7675283643313486,0.2030044099704045,0.6777018135785455,1.4853153869141684,0.9241962407465937,0.0,1.5350567286626973,0.0,1.065582853203198,0.7193685818395111,0.358351893845611,0.21374577978846138,0.801897043817716,1.8575196420290676,0.8853791700175675,2.2078874666845114,0.0,0.35184800499953334,0.29706307738283366,0.40235947810852507,0.5493061443340549,0.5493061443340549,0.1770758340035135,0.0,0.358351893845611,0.27465307216702745,1.2824746787307684,1.355403627157091,0.648636716351771,0.23978952727983707,0.2558427881104495,1.218026459822427,0.0,0.0,0.7036960099990667,0.3243183581758855,1.023371152441798,0.5212954460834371,1.4210308697928313,0.0,0.8047189562170501,1.297273432703542,1.3862943611198906,0.511685576220899,1.0750556815368328,0.22590060452618185,0.0,0.716703787691222,0.4915656972603224,1.4962204585192298,1.0986122886681098,1.1882523095313346,0.0,1.065582853203198,0.8549831191538455
AV,1.9478341740386487,1.8527920366854067,0.0,0.0,2.1249100080421623,0.708303336014054,0.0,1.023371152441798,0.29706307738283366,1.1295030226309093,0.406008819940809,1.218026459822427,1.0750556815368328,0.0,0.9241962407465937,0.9729550745276566,0.8047189562170501,1.425224643604159,1.7993793761572692,0.0,1.433407575382444,3.592345653391376,0.7675283643313486,2.8852040655950413,1.7343713162681,0.2558427881104495,0.15767011966073635,0.46209812037329684,0.716703787691222,0.27465307216702745,1.0150220498520226,2.3069753330782543,0.1934321572215864,0.46209812037329684,0.47957905455967414,0.8239592165010823,0.0,0.7737286288863456,2.218070977791825,0.3271598865740489,0.2030044099704045,0.0,0.0,0.9640951700341174,0.9729550745276566,0.8239592165010823,1.1401797148833273,1.624035279763236,0.8239592165010823,1.433407575382444,0.0,1.2070784343255752,0.6931471805599453,0.23978952727983707,0.47957905455967414,0.29706307738283366,1.0986122886681098,0.9831313945206448,1.3700350969755404,0.648636716351771,1.1882523095313346,0.0,0.8639048730083861,0.5545177444479562
AW,2.2330485096744495,2.436052919644854,0.46209812037329684,0.0,2.436052919644854,1.1882523095313346,0.0,0.511685576220899,0.5493061443340549,0.0,0.0,0.9591581091193483,0.0,1.0986122886681098,0.0,0.6931471805599453,0.46209812037329684,1.218026459822427,0.648636716351771,0.0,0.46209812037329684,0.0,0.5802964716647593,0.0,0.0,0.0,0.0,0.0,0.8047189562170501,0.0,0.0,2.7644288953804277,0.0,0.6931471805599453,0.0,1.0986122886681098,0.0,0.0,0.0,3.0423109532347654,0.8047189562170501,0.0,0.0,0.2558427881104495,0.0,0.6931471805599453,0.0,0.8239592165010823,0.6931471805599453,0.0,1.3862943611198906,0.6931471805599453,1.3862943611198906,0.40235947810852507,0.0,0.6931471805599453,0.0,2.1249100080421623,0.0,0.0,0.891189232148501,0.648636716351771,2.8862535685598347,3.0853745464585223
AY,0.0,0.6931471805599453,0.0,0.0,1.0986122886681098,2.4790616760491893,0.0,0.6931471805599453,0.716703787691222,0.6931471805599453,0.511685576220899,0.47957905455967414,1.297273432703542,2.1972245773362196,0.0,0.648636716351771,0.6931471805599453,0.8239592165010823,0.1934321572215864,0.0,0.40235947810852507,3.673710055459387,0.0,0.18483924814931874,0.0,0.9729550745276566,0.40235947810852507,0.0,0.0,0.46209812037329684,0.5493061443340549,0.0,0.0,0.46209812037329684,0.8047189562170501,0.716703787691222,0.0,1.5813042316832728,0.0,0.0,1.297273432703542,1.0750556815368328,3.2768487453532504,0.0,0.0,0.46209812037329684,0.0,0.5493061443340549,0.0,2.4849066497880004,0.46209812037329684,1.3862943611198906,1.433407575382444,1.1882523095313346,1.433407575382444,0.6931471805599453,0.6931471805599453,0.891189232148501,0.0,0.0,0.6931471805599453,0.6412373393653842,0.0,0.0
CA,2.4849066497880004,2.4849066497880004,0.9241962407465937,0.0,2.5649493574615367,0.8047189562170501,0.0,0.648636716351771,0.6931471805599453,0.0,0.0,1.1295030226309093,0.46209812037329684,0.0,0.0,0.0,0.0,0.47957905455967414,0.0,0.0,0.648636716351771,0.40235947810852507,0.0,0.8047189562170501,0.6931471805599453,0.0,0.0,0.0,0.6931471805599453,1.3862943611198906,0.648636716351771,0.0,1.4387371636790223,1.6215917908794277,0.0,0.0,0.2558427881104495,0.0,0.0,0.0,0.0,0.5493061443340549,0.5941261547656673,0.708303336014054,0.0,0.6931471805599453,0.708303336014054,0.5100656043346173,0.0,0.3243183581758855,0.9241962407465937,0.6931471805599453,0.40235947810852507,0.8239592165010823,0.0,0.0,1.9459101490553132,0.0,0.2558427881104495,0.0,0.5493061443340549,0.0,0.29706307738283366,0.0
CC,0.0,0.0,0.648636716351771,0.0,0.0,0.0,1.4387371636790223,0.0,1.791759469228055,0.0,1.0986122886681098,0.0,0.0,0.0,1.6094379124341003,0.0,0.0,0.0,0.0,0.0,0.0,0.0,0.0,0.0,1.782378464297002,0.3243183581758855,0.0,0.0,0.0,0.0,0.0,0.0,0.0,1.922571505169192,1.782378464297002,1.3862943611198906,0.0,0.0,0.0,0.0,1.6094379124341003,0.0,1.9459101490553132,0.648636716351771,0.0,0.0,0.0,1.9459101490553132,0.0,0.0,0.0,0.0,0.0,0.0,0.0,0.0,1.0986122886681098,0.0,1.023371152441798,1.6094379124341003,0.0,0.0,2.0794415416798357,0.0
CD,0.6931471805599453,0.5493061443340549,0.0,0.0,0.0,0.5493061443340549,0.6931471805599453,0.46209812037329684,0.0,0.0,0.0,0.0,0.0,0.0,0.0,0.0,0.0,0.0,0.0,0.0,0.6931471805599453,0.0,0.6931471805599453,0.0,0.0,0.0,0.6931471805599453,0.5493061443340549,0.0,0.6931471805599453,0.0,0.9241962407465937,0.9241962407465937,0.8047189562170501,0.0,0.0,0.0,0.0,0.6931471805599453,0.0,1.0986122886681098,0.6931471805599453,0.358351893845611,0.2850449287208318,0.0,0.6931471805599453,0.2558427881104495,0.511685576220899,0.0,0.0,0.0,0.0,0.0,0.0,0.0,0.6931471805599453,0.40235947810852507,0.0,0.6412373393653842,0.46209812037329684,0.0,0.0,0.812017639881618,0.0
CE,0.40235947810852507,0.40235947810852507,0.358351893845611,0.0,0.0,0.0,0.46209812037329684,1.3732653608351373,0.7193685818395111,0.0,0.648636716351771,1.5350567286626973,0.0,0.0,0.6931471805599453,0.0,0.0,0.5941261547656673,0.0,0.0,0.0,0.0,0.0,0.0,0.0,0.0,0.0,0.5493061443340549,0.0,0.0,0.40235947810852507,1.0986122886681098,0.5493061443340549,0.40235947810852507,1.4853153869141684,0.40235947810852507,0.0,0.0,0.40235947810852507,0.0,0.0,0.40235947810852507,0.0,0.13032386152085929,0.358351893845611,0.0,0.42749155957692275,0.7126123218020795,0.6931471805599453,0.9241962407465937,0.716703787691222,0.0,0.8047189562170501,0.0,0.0,0.0,0.511685576220899,0.0,0.13817625349338894,0.40235947810852507,1.1882523095313346,1.0986122886681098,0.3271598865740489,0.0
CF,0.0,0.358351893845611,0.0,0.8047189562170501,0.0,0.5493061443340549,1.3862943611198906,0.0,0.0,0.5493061443340549,0.0,0.0,0.0,0.0,0.0,0.6931471805599453,0.0,0.6931471805599453,0.46209812037329684,0.0,1.0986122886681098,0.0,0.0,0.0,0.0,0.0,0.5493061443340549,0.9241962407465937,0.6931471805599453,0.6931471805599453,0.0,0.0,0.5493061443340549,0.6931471805599453,0.0,0.6931471805599453,0.0,0.6931471805599453,0.0,0.0,0.9241962407465937,0.0,0.0,0.46209812037329684,0.6931471805599453,0.5493061443340549,0.0,0.8047189562170501,0.716703787691222,0.0,0.5493061443340549,0.0,0.0,0.6931471805599453,0.0,0.6931471805599453,0.0,0.0,0.9241962407465937,0.0,1.3862943611198906,0.0,0.46209812037329684,0.0
CG,0.0,0.0,0.0,0.0,0.0,0.0,0.0,0.0,0.0,1.1882523095313346,0.3243183581758855,0.0,0.0,0.0,0.6931471805599453,0.0,0.0,0.0,0.8239592165010823,0.0,1.0750556815368328,0.46209812037329684,0.46209812037329684,0.0,1.0986122886681098,0.0,0.6931471805599453,0.0,0.0,0.0,0.0,0.0,0.46209812037329684,0.0,0.716703787691222,0.46209812037329684,0.358351893845611,0.46209812037329684,0.0,0.5493061443340549,0.5493061443340549,0.6931471805599453,0.27465307216702745,0.23456533666635554,0.0,0.358351893845611,0.354151668007027,0.0,0.0,0.0,0.0,0.0,0.0,0.0,0.6931471805599453,0.0,0.648636716351771,0.40235947810852507,0.24682996371668176,0.0,0.0,0.0,0.0,0.0
CH,0.0,0.0,1.0986122886681098,0.0,0.0,0.0,1.0986122886681098,0.0,0.3243183581758855,0.0,1.0750556815368328,0.0,0.0,0.0,0.0,0.0,0.0,0.0,0.3243183581758855,0.0,0.0,0.0,0.0,0.0,0.0,0.0,1.3862943611198906,0.0,0.0,0.0,0.0,0.0,0.8047189562170501,0.716703787691222,0.0,0.0,0.9241962407465937,0.0,0.0,0.0,1.2070784343255752,1.0986122886681098,1.6785266909588594,0.0,0.0,0.0,0.0,0.0,0.0,0.0,0.0,0.0,0.0,0.0,0.6931471805599453,0.0,0.0,0.0,0.0,0.0,0.0,0.0,0.0,0.0
CI,0.0,0.0,0.6931471805599453,0.5493061443340549,0.0,0.5493061443340549,1.0986122886681098,0.0,0.46209812037329684,0.6931471805599453,0.6931471805599453,0.0,0.0,0.0,0.9241962407465937,0.5493061443340549,0.6931471805599453,0.6931471805599453,0.0,0.0,1.3862943611198906,0.0,0.0,0.0,1.0986122886681098,0.8047189562170501,0.0,0.0,0.0,0.0,0.0,0.0,0.0,0.6931471805599453,0.9241962407465937,1.0986122886681098,0.6931471805599453,0.9241962407465937,0.0,0.0,0.6931471805599453,0.5493061443340549,0.46209812037329684,0.0,0.0,0.0,0.0,0.0,0.0,0.0,0.0,0.0,0.0,0.6931471805599453,0.0,0.0,0.716703787691222,0.5493061443340549,0.5493061443340549,0.0,0.0,0.6931471805599453,0.0,0.0
CK,1.0986122886681098,0.0,1.6479184330021646,0.5493061443340549,1.0986122886681098,0.46209812037329684,0.5493061443340549,1.6094379124341003,0.3243183581758855,0.9729550745276566,0.3243183581758855,0.5493061443340549,0.9241962407465937,0.0,0.0,0.40235947810852507,1.3862943611198906,0.6931471805599453,0.0,0.0,0.46209812037329684,0.0,0.0,0.0,0.0,0.0,0.46209812037329684,0.6931471805599453,0.0,0.0,0.9241962407465937,0.9729550745276566,0.716703787691222,1.1882523095313346,0.0,0.0,1.297273432703542,0.40235947810852507,0.0,1.0986122886681098,0.0,1.6094379124341003,0.6090132299112135,1.0750556815368328,1.2070784343255752,0.0,0.7675283643313486,0.0,1.0986122886681098,1.1989476363991853,0.0,0.0,0.0,0.46209812037329684,0.0,0.0,1.791759469228055,0.0,0.0,0.0,0.0,0.5493061443340549,0.0,0.0
CL,1.0986122886681098,0.0,0.29706307738283366,0.8047189562170501,1.3862943611198906,0.27465307216702745,0.46209812037329684,0.891189232148501,0.0,1.0986122886681098,0.0,0.0,1.1882523095313346,0.0,0.0,0.46209812037329684,1.3862943611198906,0.5493061443340549,0.891189232148501,0.6931471805599453,1.6479184330021646,1.0986122886681098,0.0,0.5493061443340549,0.0,0.0,0.0,0.0,0.6931471805599453,0.46209812037329684,0.0,0.648636716351771,0.0,0.40235947810852507,0.0,0.0,0.0,0.9241962407465937,1.0986122886681098,0.0,0.29706307738283366,0.0,0.0,0.4641965083380385,0.0,0.0,0.42749155957692275,0.47301035898220906,0.0,1.433407575382444,0.0,0.46209812037329684,0.0,0.716703787691222,0.0,0.0,0.648636716351771,0.6931471805599453,0.10456906063204158,0.0,0.0,0.5493061443340549,0.35184800499953334,0.0
CM,0.0,0.0,0.0,0.0,0.0,0.0,1.0986122886681098,0.0,0.0,0.0,0.0,0.0,0.6931471805599453,0.0,0.0,0.0,0.0,0.0,0.0,0.0,0.0,0.0,0.0,0.0,0.0,0.0,0.6931471805599453,0.0,0.0,0.0,0.0,0.0,0.0,0.0,0.0,0.0,0.0,0.0,0.0,0.0,0.0,0.0,0.0,0.0,0.0,0.0,0.0,0.0,0.0,1.0986122886681098,0.0,0.0,0.0,0.0,0.0,0.0,0.0,0.0,0.0,0.0,0.0,0.0,0.0,0.0
CN,0.0,1.6094379124341003,0.5493061443340549,0.0,0.0,0.9729550745276566,1.0750556815368328,0.5493061443340549,0.0,0.0,0.0,0.0,0.6931471805599453,0.0,0.0,0.0,0.6931471805599453,0.8047189562170501,0.0,0.0,0.9241962407465937,0.0,0.40235947810852507,0.0,0.0,0.358351893845611,0.8047189562170501,0.716703787691222,0.0,0.0,0.0,0.6931471805599453,0.0,0.0,0.0,0.0,0.0,0.0,0.5493061443340549,0.0,0.716703787691222,0.0,0.0,1.2070784343255752,0.6931471805599453,0.0,0.0,1.0750556815368328,0.46209812037329684,0.648636716351771,0.0,0.46209812037329684,0.0,0.0,0.0,0.0,0.0,0.0,1.0750556815368328,0.0,0.716703787691222,0.0,1.0986122886681098,0.0
CP,0.0,0.0,0.0,0.0,0.0,0.0,0.9241962407465937,0.0,0.9241962407465937,1.0986122886681098,0.0,0.0,0.46209812037329684,0.0,0.0,0.0,0.0,0.0,0.0,0.0,0.0,0.0,0.0,0.0,0.0,0.0,0.46209812037329684,0.0,0.0,0.0,0.0,0.0,0.0,0.40235947810852507,0.8047189562170501,0.0,0.0,0.0,0.0,0.0,0.0,0.0,0.0,0.0,0.0,0.0,0.0,0.0,0.0,0.6931471805599453,0.0,0.0,0.0,0.0,0.0,0.0,0.0,0.0,0.0,0.0,0.0,0.0,0.0,0.0
CQ,2.4849066497880004,2.4849066497880004,0.0,0.0,2.5649493574615367,0.5493061443340549,0.0,0.46209812037329684,1.0750556815368328,0.511685576220899,0.0,0.6931471805599453,0.0,0.0,0.0,0.0,0.0,0.5493061443340549,0.0,0.0,0.358351893845611,0.0,0.0,0.0,0.0,0.0,0.0,0.0,0.6931471805599453,0.0,0.0,0.0,0.0,0.9241962407465937,0.9241962407465937,0.0,0.0,0.0,0.0,0.0,0.6931471805599453,0.0,0.0,0.46209812037329684,0.0,0.6931471805599453,0.6931471805599453,0.46209812037329684,0.0,0.0,0.6931471805599453,0.0,0.0,0.5493061443340549,0.0,0.0,0.0,0.0,0.8047189562170501,0.0,0.0,0.0,0.0,0.0
CR,0.8047189562170501,0.0,1.4853153869141684,0.0,0.0,0.0,0.40235947810852507,1.9459101490553132,1.9629593194442934,0.8047189562170501,0.5941261547656673,1.5350567286626973,0.6931471805599453,0.0,0.0,0.0,0.0,0.716703787691222,0.9729550745276566,0.0,0.0,0.0,0.5493061443340549,0.0,0.0,0.0,0.0,1.0986122886681098,0.0,0.0,0.648636716351771,1.433407575382444,1.3732653608351373,0.8047189562170501,2.1277537294374507,0.0,0.9241962407465937,0.0,0.9241962407465937,0.0,0.891189232148501,0.8047189562170501,1.0150220498520226,0.0,0.0,0.0,1.1882523095313346,0.9814796597221467,0.0,1.3862943611198906,0.5941261547656673,0.0,0.9241962407465937,0.0,0.0,0.0,0.0,0.0,0.406008819940809,1.0986122886681098,1.297273432703542,1.0986122886681098,0.5887699911158697,0.0
CS,1.0986122886681098,0.6931471805599453,0.716703787691222,0.0,0.6931471805599453,0.9241962407465937,0.0,0.6931471805599453,0.6543197731480977,0.9241962407465937,0.5493061443340549,0.0,0.0,1.0986122886681098,0.6931471805599453,0.0,0.0,0.891189232148501,0.2558427881104495,0.0,1.0986122886681098,0.0,0.358351893845611,0.0,0.0,0.0,0.716703787691222,0.0,0.0,0.0,0.5493061443340549,0.0,0.716703787691222,0.0,0.4518012090523637,0.358351893845611,0.3243183581758855,0.0,0.8047189562170501,0.0,0.0,1.0986122886681098,0.3243183581758855,0.0,0.0,0.358351893845611,0.0,0.0,0.0,0.0,0.0,0.0,1.0750556815368328,0.0,0.0,0.0,0.5493061443340549,0.0,0.0,0.0,0.0,0.0,0.46209812037329684,0.0
CT,1.3862943611198906,0.0,0.8047189562170501,0.0,0.0,0.22590060452618185,0.7675283643313486,0.6931471805599453,0.8047189562170501,0.0,0.0,0.0,0.0,0.0,0.8047189562170501,0.0,0.6931471805599453,0.0,0.358351893845611,0.0,1.3862943611198906,0.1673977218134808,0.0,0.0,0.648636716351771,0.0,0.5493061443340549,0.6931471805599453,0.0,0.0,0.0,0.6931471805599453,0.0,0.8239592165010823,0.5493061443340549,0.5493061443340549,0.0,0.40235947810852507,0.0,0.0,0.0,0.5493061443340549,0.2006065507024569,0.29706307738283366,0.5493061443340549,0.0,0.358351893845611,0.358351893845611,0.0,0.0,0.0,0.46209812037329684,0.0,0.0,0.0,0.0,0.648636716351771,0.0,0.0,0.5493061443340549,0.0,0.0,0.9241962407465937,0.0
CV,0.0,0.0,0.0,0.0,0.0,0.0,0.0,0.5493061443340549,0.0,0.0,0.0,0.0,0.0,0.0,0.0,0.0,0.0,0.0,0.0,0.0,0.0,0.0,0.9241962407465937,0.0,0.0,0.0,0.0,1.791759469228055,0.0,0.0,0.0,0.6931471805599453,0.0,0.0,0.0,0.0,0.0,0.0,0.0,0.0,0.0,0.0,0.0,0.0,0.0,0.0,0.5493061443340549,1.6215917908794277,0.0,1.0986122886681098,0.0,1.0986122886681098,0.0,0.0,0.0,0.0,0.0,0.0,0.0,1.0986122886681098,0.8047189562170501,0.0,1.433407575382444,0.0
CW,0.0,0.0,0.0,0.0,0.0,0.0,0.0,0.0,0.0,0.0,0.0,0.0,0.0,0.0,0.0,0.0,0.0,0.0,0.0,0.0,0.0,0.0,0.0,0.0,0.0,0.0,0.0,0.0,0.0,0.0,0.0,0.0,0.0,0.0,0.0,0.0,0.0,0.0,0.0,0.0,0.0,0.0,0.0,0.0,0.0,0.0,0.0,0.0,0.0,0.0,0.0,0.0,0.0,0.0,0.0,0.0,0.0,0.0,0.0,0.0,0.0,0.0,0.0,0.0
CY,0.0,1.6094379124341003,0.8047189562170501,0.0,0.0,0.9241962407465937,1.4210308697928313,0.0,0.9729550745276566,0.0,0.891189232148501,0.0,0.0,0.0,1.0986122886681098,0.0,0.9241962407465937,0.5941261547656673,0.0,0.0,1.0986122886681098,0.0,0.0,0.0,1.791759469228055,0.0,1.297273432703542,0.0,0.0,0.0,0.0,0.0,1.433407575382444,1.7908995167731467,1.9183162182386966,1.0986122886681098,0.5493061443340549,0.0,0.0,0.0,1.5350567286626973,0.0,1.1605929433295186,0.9729550745276566,0.0,0.0,0.3243183581758855,1.6094379124341003,0.0,0.0,0.0,0.0,0.0,0.0,0.0,0.0,1.2070784343255752,0.0,0.8047189562170501,1.0986122886681098,0.0,0.0,1.6094379124341003,0.0
DA,0.7675283643313486,0.0,0.0,0.0,0.6931471805599453,2.030044099704045,1.297273432703542,0.511685576220899,0.9591581091193483,0.0,0.3044522437723423,0.0,0.9729550745276566,1.3862943611198906,0.9729550745276566,1.297273432703542,0.0,0.5493061443340549,0.4518012090523637,0.0,0.46209812037329684,1.7576760790415482,0.0,0.3243183581758855,0.46209812037329684,0.9729550745276566,0.0,0.0,0.0,0.40235947810852507,0.358351893845611,0.9729550745276566,1.023371152441798,0.27465307216702745,0.9671607861079322,0.9729550745276566,0.0,1.355403627157091,0.0,0.0,1.3732653608351373,0.6090132299112135,1.7146600349422438,1.5329546907302523,0.716703787691222,0.0,0.915729921196039,1.6720837917313247,0.0,2.2901192060183426,0.0,1.433407575382444,0.0,0.358351893845611,1.2070784343255752,0.9241962407465937,0.358351893845611,0.9729550745276566,1.1060519589857385,0.9591581091193483,1.9459101490553132,1.3862943611198906,1.702559748052586,1.0986122886681098
DC,1.3862943611198906,0.0,0.6931471805599453,0.0,0.0,0.0,0.5493061443340549,0.0,0.0,0.0,0.0,0.0,0.5493061443340549,0.0,0.6931471805599453,0.0,0.0,0.0,0.0,0.0,0.0,0.0,0.0,0.0,0.0,0.0,0.0,0.0,0.0,0.0,0.0,0.0,0.0,0.0,0.0,0.46209812037329684,0.0,0.0,0.0,0.0,0.0,0.0,0.0,0.0,0.0,0.0,0.0,0.0,0.0,0.46209812037329684,0.0,0.0,0.0,0.0,0.0,0.0,0.0,0.0,0.0,0.0,0.0,0.0,0.0,0.0
DD,0.0,0.46209812037329684,0.8239592165010823,0.0,0.0,2.0402624173384694,0.0,0.6931471805599453,0.5493061443340549,0.0,0.23978952727983707,1.297273432703542,0.8047189562170501,0.8047189562170501,0.0,1.5350567286626973,0.0,0.0,0.0,0.9241962407465937,0.8047189562170501,3.3309921862145906,0.0,0.0,0.2558427881104495,0.891189232148501,1.4853153869141684,0.6931471805599453,0.0,0.0,0.46209812037329684,0.2558427881104495,0.7737286288863456,0.358351893845611,1.297273432703542,1.2070784343255752,0.0,2.0794415416798357,0.9241962407465937,0.716703787691222,1.4387371636790223,1.023371152441798,3.600786073378712,0.3868643144431728,0.648636716351771,0.0,0.9036024181047274,0.0,0.0,2.137457797884614,0.716703787691222,1.0986122886681098,0.0,1.2070784343255752,1.0986122886681098,0.0,1.023371152441798,1.355403627157091,0.7393569925972749,0.7193685818395111,0.0,0.6931471805599453,0.9133567313170269,1.0986122886681098
DE,1.9183162182386966,1.0986122886681098,1.2938747370452313,0.0,0.0,0.2030044099704045,1.0750556815368328,0.0,1.023371152441798,0.648636716351771,0.22590060452618185,0.0,0.46209812037329684,1.0986122886681098,0.0,0.0,0.3243183581758855,0.8047189562170501,0.5493061443340549,0.0,1.0750556815368328,0.0,0.0,1.6479184330021646,1.297273432703542,0.9241962407465937,0.8549831191538455,0.0,1.6215917908794277,0.0,0.0,0.5493061443340549,1.2824746787307684,0.0,0.0,0.40235947810852507,0.9241962407465937,1.433407575382444,0.46209812037329684,0.0,0.42749155957692275,0.0,0.25352591276956377,0.716703787691222,0.23978952727983707,0.0,0.0,0.0,1.6094379124341003,0.5493061443340549,0.358351893845611,0.0,0.0,0.511685576220899,0.5493061443340549,0.0,0.9241962407465937,0.0,0.0,0.0,0.0,0.5493061443340549,0.0,0.0
DF,1.5350567286626973,0.40235947810852507,0.7819431691251557,0.891189232148501,0.0,2.2609806252953213,0.29706307738283366,0.0,0.358351893845611,1.297273432703542,0.9620845228532783,0.3243183581758855,1.433407575382444,1.7908995167731467,0.0,1.0750556815368328,0.0,0.0,1.1605929433295186,0.0,1.9459101490553132,3.4202485680197583,0.33539379704513483,0.134119826036175,0.08955238370698958,2.033231729642506,0.12341498185834088,0.29706307738283366,0.0,1.0750556815368328,0.5941261547656673,0.0,0.8024262028098276,0.0,0.3243183581758855,0.46209812037329684,0.29706307738283366,2.7635250698677787,0.0,0.25352591276956377,1.0750556815368328,0.5493061443340549,0.26648223394926096,0.12341498185834088,0.0,0.46209812037329684,0.29438499555793485,0.716703787691222,0.7675283643313486,2.507466743795708,0.0,1.6094379124341003,0.0,2.137457797884614,1.1446624014950486,1.297273432703542,0.5493061443340549,1.2019244742541026,0.27465307216702745,0.716703787691222,0.0,0.8290575209603337,0.5941261547656673,0.46209812037329684
DG,0.0,1.1882523095313346,0.7359624888948371,0.0,1.297273432703542,0.22590060452618185,1.4853153869141684,0.358351893845611,1.2824746787307684,1.433407575382444,1.3817625349338893,1.4853153869141684,0.0,0.5941261547656673,0.716703787691222,1.5350567286626973,0.0,1.966785503324895,1.0150220498520226,1.3862943611198906,0.46209812037329684,0.0,0.27465307216702745,0.648636716351771,0.6908812674669447,0.0,0.6338147819239095,1.1295030226309093,0.0,1.0750556815368328,0.3243183581758855,2.9320667083294443,0.6543197731480977,1.2613609572858908,2.1581057455185335,1.5350567286626973,2.1110880299972,1.023371152441798,0.716703787691222,2.62534881637439,1.2824746787307684,0.3243183581758855,0.37104936900300656,1.4533731205289175,1.023371152441798,0.9036024181047274,1.0555440149986,1.6785266909588594,1.0986122886681098,0.0,0.648636716351771,1.433407575382444,0.358351893845611,0.8239592165010823,0.7883505983036818,0.0,1.1882523095313346,2.6401323027336705,1.2395308380245946,0.891189232148501,1.6785266909588594,0.0,3.244333601918128,3.1267746992731547
DH,0.0,1.0986122886681098,0.9241962407465937,0.0,0.5493061443340549,0.9241962407465937,0.6931471805599453,0.0,0.5493061443340549,0.5493061443340549,0.0,0.0,0.0,0.0,0.0,0.0,0.0,0.5493061443340549,1.0986122886681098,0.0,1.0986122886681098,0.6931471805599453,0.0,0.0,1.0986122886681098,0.0,0.40235947810852507,0.3243183581758855,0.0,0.0,0.0,0.0,1.6094379124341003,0.6931471805599453,0.6931471805599453,0.0,0.0,0.0,0.0,0.0,0.40235947810852507,0.0,0.0,0.0,0.0,1.0750556815368328,0.0,0.0,0.0,0.0,0.0,0.0,0.0,0.6931471805599453,0.8047189562170501,0.0,0.6931471805599453,0.0,0.0,0.0,0.0,0.0,0.0,0.0
DI,1.974639709733454,1.9953145010458224,2.8409123936915153,0.5493061443340549,2.5146180438806236,0.7293013889333402,0.22590060452618185,2.210284285450008,2.3509070164107744,1.4722194895832201,2.509657455168998,2.4084961713108557,1.0750556815368328,0.0,0.8239592165010823,0.21374577978846138,1.0986122886681098,1.2026056535665979,2.0913812126408318,0.6090132299112135,1.0624550040210812,2.2792762697363074,1.1502596669524574,2.778344655758188,0.17002186811153908,0.6412373393653842,0.41452876048016685,0.46209812037329684,0.40235947810852507,2.137457797884614,0.891189232148501,2.778344655758188,0.6412373393653842,1.5474572577726913,0.9241962407465937,0.5493061443340549,1.5133864427134096,0.6777018135785455,1.0986122886681098,1.4387371636790223,0.21374577978846138,0.5312275020105406,4.001605937425264,1.0027894097833427,0.8853791700175675,1.1295030226309093,1.1054100279471115,1.065582853203198,0.46209812037329684,0.5100656043346173,1.770758340035135,0.0,1.791759469228055,1.5222612188617115,1.355403627157091,0.0,0.7193685818395111,1.9014443457717283,0.891189232148501,0.0,1.1989476363991853,3.0423109532347654,0.8873406946934732,0.891189232148501
DK,1.4387371636790223,1.2070784343255752,0.5364793041447,0.46209812037329684,0.5493061443340549,2.8828092634420464,1.782378464297002,0.9591581091193483,2.049711555589573,0.3243183581758855,0.34004373622307815,1.709966238307691,1.4853153869141684,0.358351893845611,0.46209812037329684,2.436052919644854,0.0,2.8409123936915153,2.2078874666845114,1.433407575382444,1.4853153869141684,0.1384536155052378,2.955228662330656,0.5802964716647593,0.3243183581758855,0.4518012090523637,0.3271598865740489,2.1581057455185335,1.297273432703542,0.3243183581758855,1.0750556815368328,1.6479184330021646,0.39097158456257786,1.9343215722158644,1.791759469228055,1.1882523095313346,2.8549968673277397,0.21374577978846138,1.2070784343255752,0.511685576220899,1.5350567286626973,1.068728898942307,0.5994738181995927,1.401564206463655,1.5813042316832728,2.046742304883596,0.8204640625500077,1.8765226933308443,1.6479184330021646,1.700218681115391,1.0986122886681098,1.0986122886681098,1.4853153869141684,0.3868643144431728,0.7393569925972749,0.5493061443340549,0.9729550745276566,1.6479184330021646,0.716703787691222,0.7675283643313486,2.2590060452618186,0.8047189562170501,2.246785643899243,2.402910225941144
DL,0.40235947810852507,0.46209812037329684,0.36967849629863747,0.0,0.40235947810852507,1.3674401042500128,0.812017639881618,0.40235947810852507,0.6543197731480977,0.0,0.4471917293935131,0.9591581091193483,1.6785266909588594,0.7193685818395111,0.6931471805599453,2.1277537294374507,0.0,0.5941261547656673,0.29438499555793485,1.2938747370452313,1.2792139405522478,1.4642611278920685,0.17002186811153908,0.11446624014950488,0.0,1.2070784343255752,1.5936825060316215,0.21374577978846138,0.46209812037329684,0.0,1.2824746787307684,0.15222612188617116,0.37024494557502263,0.22590060452618185,1.0986122886681098,1.8483924814931874,0.27465307216702745,1.218026459822427,1.0986122886681098,1.2824746787307684,1.9344675489074454,1.6635532333438687,2.2173640837716655,1.4586027778666804,0.8239592165010823,0.6777018135785455,0.8012636810465341,1.530196813003852,0.0,1.2792139405522478,0.9591581091193483,0.0,0.9729550745276566,0.9241962407465937,0.6800874724461563,0.46209812037329684,1.2824746787307684,1.068728898942307,0.8873406946934732,0.9671607861079322,0.0,0.1934321572215864,1.9057622316733407,0.40235947810852507
DM,0.5493061443340549,0.0,0.0,0.0,0.0,0.5493061443340549,0.0,0.0,0.0,0.5493061443340549,0.6931471805599453,0.0,0.0,0.6931471805599453,0.6931471805599453,0.0,0.0,0.0,0.5493061443340549,0.0,0.9241962407465937,0.0,0.6931471805599453,0.0,0.6931471805599453,0.0,0.0,0.0,0.0,0.46209812037329684,0.0,0.6931471805599453,0.46209812037329684,0.5493061443340549,0.46209812037329684,0.5493061443340549,0.0,0.6931471805599453,0.0,0.6931471805599453,0.9241962407465937,0.0,1.433407575382444,0.0,0.0,0.0,0.0,0.0,0.0,0.0,0.0,0.5493061443340549,0.5493061443340549,0.46209812037329684,0.0,0.6931471805599453,0.0,0.5493061443340549,0.0,0.0,0.0,0.6931471805599453,0.0,0.0
DN,0.8047189562170501,0.9241962407465937,1.6479184330021646,0.5493061443340549,0.8047189562170501,0.648636716351771,0.0,1.0750556815368328,0.0,1.1882523095313346,1.4853153869141684,0.9729550745276566,0.0,0.7675283643313486,0.6931471805599453,0.0,1.3862943611198906,0.358351893845611,1.0150220498520226,0.6931471805599453,1.023371152441798,1.791759469228055,1.3862943611198906,0.0,0.0,0.40235947810852507,0.6931471805599453,1.2070784343255752,0.0,0.46209812037329684,1.0750556815368328,1.6094379124341003,1.4853153869141684,0.8239592165010823,0.0,0.9729550745276566,0.5493061443340549,0.9241962407465937,0.46209812037329684,1.6215917908794277,0.358351893845611,0.716703787691222,2.2330485096744495,1.4787139851945499,2.1972245773362196,1.297273432703542,1.6785266909588594,1.2070784343255752,0.0,1.6215917908794277,1.3862943611198906,0.9241962407465937,0.8239592165010823,1.4853153869141684,0.40235947810852507,0.9241962407465937,1.922571505169192,1.3862943611198906,1.2824746787307684,0.46209812037329684,1.0986122886681098,0.5493061443340549,1.4387371636790223,0.5493061443340549
DP,0.0,0.0,0.9241962407465937,0.46209812037329684,0.0,1.1090354888959124,0.18483924814931874,0.46209812037329684,1.3086395462961955,0.9241962407465937,1.023371152441798,0.0,0.0,1.0986122886681098,1.0986122886681098,1.1989476363991853,0.0,0.0,1.709966238307691,1.4853153869141684,0.716703787691222,0.15495073406201676,1.355403627157091,0.2558427881104495,0.5493061443340549,0.2558427881104495,0.0,1.297273432703542,0.0,0.9241962407465937,0.0,0.27465307216702745,0.9036024181047274,1.5813042316832728,1.355403627157091,0.9241962407465937,0.23978952727983707,0.358351893845611,0.6931471805599453,0.358351893845611,1.3732653608351373,0.0,0.31454605061794605,0.0,0.0,0.358351893845611,0.0,0.40235947810852507,0.0,1.4387371636790223,0.0,0.5493061443340549,1.023371152441798,0.716703787691222,0.0,0.358351893845611,0.8047189562170501,0.29706307738283366,0.0,0.0,1.6215917908794277,0.5493061443340549,0.0,0.5493061443340549
DQ,0.648636716351771,0.9241962407465937,0.5493061443340549,0.0,1.0986122886681098,0.0,0.0,0.6931471805599453,0.0,0.0,1.2070784343255752,0.0,0.0,0.0,0.0,0.0,1.0986122886681098,0.6931471805599453,1.0750556815368328,0.0,0.0,0.0,0.0,0.6931471805599453,0.6931471805599453,0.0,0.0,0.8047189562170501,0.0,0.6931471805599453,0.40235947810852507,0.0,0.8239592165010823,0.0,0.0,0.0,0.0,0.0,0.0,0.0,0.9241962407465937,0.0,0.358351893845611,1.023371152441798,0.0,0.46209812037329684,1.297273432703542,0.891189232148501,0.0,0.0,0.0,0.0,0.0,0.0,0.46209812037329684,0.0,0.0,0.0,1.1882523095313346,0.8047189562170501,0.0,0.0,0.9729550745276566,0.0
DR,1.7908995167731467,1.4853153869141684,1.2395308380245946,1.433407575382444,0.9591581091193483,1.4853153869141684,1.3862943611198906,1.6479184330021646,0.22590060452618185,1.068728898942307,1.2824746787307684,0.8549831191538455,0.358351893845611,1.2070784343255752,0.0,0.3243183581758855,1.433407575382444,0.358351893845611,0.4518012090523637,0.0,1.791759469228055,1.709966238307691,1.7908995167731467,0.358351893845611,0.648636716351771,1.6215917908794277,0.46209812037329684,0.7675283643313486,1.0750556815368328,1.0750556815368328,1.0986122886681098,1.4853153869141684,1.740889414994278,1.8072048362094548,0.47957905455967414,0.648636716351771,0.2558427881104495,1.1989476363991853,0.36967849629863747,0.9036024181047274,0.9036024181047274,0.9729550745276566,1.9344675489074454,1.1140716200112923,1.2395308380245946,0.0,1.1729147536877336,0.42756739308124764,0.9729550745276566,1.740889414994278,0.6412373393653842,0.46209812037329684,0.0,1.3732653608351373,0.46209812037329684,1.6215917908794277,1.4962204585192298,0.23978952727983707,1.0381806790282688,0.0,0.648636716351771,0.46209812037329684,0.8831549866738045,0.0
DS,0.9036024181047274,0.5941261547656673,0.8047189562170501,0.0,0.0,1.3111903355499301,0.9591581091193483,2.1249100080421623,0.812017639881618,0.7675283643313486,0.36967849629863747,0.648636716351771,0.5493061443340549,0.891189232148501,0.0,0.0,0.0,1.8317808230648231,0.358351893845611,0.0,0.5941261547656673,0.12453254425286057,0.6516193076042964,0.11179793234837827,0.21374577978846138,0.812017639881618,0.0,0.8549831191538455,0.7675283643313486,2.046742304883596,1.1882523095313346,1.2780708128768383,0.6555951677749651,1.2395308380245946,0.7675283643313486,0.0,1.6731049701126652,0.511685576220899,0.8549831191538455,1.4533731205289175,1.0150220498520226,0.8239592165010823,1.8297053139705226,0.2006065507024569,0.0,0.27465307216702745,0.7605777383086914,0.8501093405576955,0.0,0.354151668007027,0.0,1.0750556815368328,0.3243183581758855,2.1581057455185335,0.2030044099704045,0.9241962407465937,1.8072048362094548,2.2238814317981506,0.33539379704513483,0.8549831191538455,0.0,0.2850449287208318,1.709750557389654,1.4753180863979252
DT,2.030044099704045,0.0,0.0,0.0,0.0,0.5941261547656673,0.0,0.3243183581758855,0.716703787691222,0.891189232148501,0.0,0.812017639881618,0.8047189562170501,0.0,0.0,1.1295030226309093,0.0,1.1295030226309093,0.7193685818395111,0.29706307738283366,0.8047189562170501,0.0,1.0986122886681098,0.716703787691222,2.321185886659037,0.0,0.5493061443340549,1.3862943611198906,0.6931471805599453,0.46209812037329684,0.5941261547656673,0.891189232148501,1.5767011966073636,0.40235947810852507,0.648636716351771,1.6479184330021646,1.068728898942307,0.7193685818395111,0.0,0.3243183581758855,1.1295030226309093,0.9241962407465937,0.0,0.4518012090523637,0.46209812037329684,0.8239592165010823,0.406008819940809,1.0750556815368328,0.0,0.358351893845611,0.648636716351771,0.0,0.0,1.297273432703542,0.8047189562170501,0.9241962407465937,0.648636716351771,0.5545177444479562,1.1882523095313346,0.0,0.5493061443340549,1.297273432703542,1.2824746787307684,1.3862943611198906
DV,0.0,0.8047189562170501,0.5802964716647593,0.0,0.0,0.5493061443340549,0.5493061443340549,0.0,0.46209812037329684,0.0,0.1425224643604159,1.2792139405522478,0.5941261547656673,0.0,0.0,1.2824746787307684,0.0,0.0,0.0,0.5493061443340549,0.46209812037329684,0.12891245360081308,0.716703787691222,0.5700898574416636,0.5941261547656673,0.9729550745276566,0.47301035898220906,0.0,0.5493061443340549,0.3243183581758855,0.23978952727983707,0.1425224643604159,0.49073982986107334,0.8047189562170501,0.3243183581758855,1.0624550040210812,0.0,1.3732653608351373,0.6931471805599453,0.354151668007027,1.425224643604159,1.0986122886681098,1.8584763350169993,0.8549831191538455,0.46209812037329684,0.716703787691222,0.6306804786429454,0.8239592165010823,0.0,0.40235947810852507,0.716703787691222,0.6931471805599453,0.0,0.8239592165010823,0.5887699911158697,0.0,0.3243183581758855,0.4274376393474135,1.2792139405522478,0.648636716351771,0.9241962407465937,0.1934321572215864,0.9672337744537227,0.1770758340035135
DW,0.0,0.0,0.6931471805599453,0.0,0.0,0.0,0.0,0.0,0.0,0.0,0.5493061443340549,0.0,0.0,0.0,0.0,0.0,0.0,0.0,0.358351893845611,0.0,0.0,0.5493061443340549,0.5493061443340549,0.0,0.0,0.5493061443340549,0.0,0.0,0.0,0.0,0.0,0.0,0.6931471805599453,0.0,0.0,0.0,1.0986122886681098,0.0,0.0,0.0,0.40235947810852507,0.716703787691222,1.6479184330021646,0.8047189562170501,0.6931471805599453,0.0,0.6931471805599453,0.0,0.0,0.0,0.0,0.0,0.0,0.0,0.0,0.0,0.0,0.6931471805599453,0.0,0.0,0.0,0.0,0.0,0.0
DY,2.5877494740904625,2.4790616760491893,0.0,0.0,2.321185886659037,1.1989476363991853,1.355403627157091,0.0,2.046742304883596,0.0,1.433407575382444,1.3732653608351373,0.0,0.0,0.0,0.0,0.9241962407465937,0.7193685818395111,1.9183162182386966,0.0,1.0986122886681098,0.0,0.46209812037329684,0.0,2.402910225941144,0.6090132299112135,0.0,0.8047189562170501,0.0,0.0,0.0,0.0,2.218070977791825,1.0750556815368328,0.8047189562170501,0.0,0.8239592165010823,0.0,0.0,0.0,0.9241962407465937,0.0,1.9237120180961527,3.2779235781159994,0.9241962407465937,1.6215917908794277,2.131165706406396,2.62534881637439,0.0,0.8047189562170501,0.9241962407465937,0.0,1.791759469228055,0.0,0.6931471805599453,0.0,0.0,0.0,3.181514061112588,0.8239592165010823,0.0,0.5493061443340549,2.850449287208318,0.6931471805599453
EA,0.0,0.46209812037329684,0.8501093405576955,0.8047189562170501,0.358351893845611,2.123185841671136,0.358351893845611,0.5493061443340549,0.47957905455967414,0.0,0.17002186811153908,0.0,0.40235947810852507,0.0,0.6931471805599453,0.716703787691222,0.0,2.382265757815437,0.0,0.0,0.0,3.1876290190161374,2.417914360088719,3.588533075710572,2.382265757815437,0.0,0.12676295638478188,0.5493061443340549,0.40235947810852507,0.29706307738283366,0.40235947810852507,3.1686728254168925,1.6479184330021646,0.5493061443340549,0.2558427881104495,0.7675283643313486,2.270079664070115,0.0,0.0,0.22590060452618185,0.0,0.0,0.0,0.11728266833317777,0.5493061443340549,0.0,0.1934321572215864,0.0,0.8239592165010823,0.0,0.0,0.46209812037329684,0.0,0.5802964716647593,0.0,0.5493061443340549,0.5941261547656673,0.08800441009112235,0.0,0.0,0.0,3.1303421057545915,0.25352591276956377,0.0
EC,0.0,0.0,0.648636716351771,0.0,0.6931471805599453,0.0,0.3243183581758855,0.0,0.9729550745276566,1.0986122886681098,0.7675283643313486,0.0,0.0,0.0,0.0,0.0,0.0,0.46209812037329684,0.0,0.0,0.6931471805599453,0.0,0.0,0.0,0.0,0.0,0.9241962407465937,0.0,0.0,0.46209812037329684,0.0,0.0,0.648636716351771,0.40235947810852507,0.5941261547656673,0.0,0.0,0.0,0.0,0.0,1.2792139405522478,0.0,1.4787139851945499,0.358351893845611,0.0,0.46209812037329684,0.0,1.0986122886681098,0.0,0.0,0.0,0.0,0.0,0.6931471805599453,0.46209812037329684,0.0,0.0,0.0,1.0750556815368328,1.0986122886681098,0.0,0.0,1.2070784343255752,0.0
ED,0.7193685818395111,0.3243183581758855,0.7193685818395111,0.0,0.0,0.812017639881618,0.648636716351771,0.8047189562170501,0.6090132299112135,0.5493061443340549,0.21374577978846138,0.0,0.40235947810852507,0.5941261547656673,0.3243183581758855,0.716703787691222,0.6931471805599453,0.46209812037329684,1.0201312086692347,0.8047189562170501,0.9729550745276566,0.10685940983685338,0.5941261547656673,0.6931471805599453,0.23978952727983707,1.0750556815368328,0.46209812037329684,0.29706307738283366,0.0,0.0,0.716703787691222,0.40235947810852507,0.354151668007027,0.5941261547656673,0.0,1.3862943611198906,1.0986122886681098,0.40235947810852507,0.648636716351771,0.46209812037329684,0.5493061443340549,0.358351893845611,0.1425224643604159,0.47301035898220906,0.0,0.5941261547656673,0.27465307216702745,0.36967849629863747,0.0,0.16357994328702444,0.0,0.0,0.716703787691222,1.0750556815368328,0.0,0.6931471805599453,0.716703787691222,0.8047189562170501,0.0,0.2558427881104495,0.0,0.358351893845611,0.5493061443340549,0.9241962407465937
EE,0.0,0.0,0.7359624888948371,1.6785266909588594,0.0,0.12026056535665978,1.1775399822317394,0.9729550745276566,0.812017639881618,0.9729550745276566,1.0814445339727092,0.46209812037329684,1.2070784343255752,1.0986122886681098,1.433407575382444,0.0,0.0,0.18483924814931874,0.49073982986107334,0.0,1.0986122886681098,0.0,0.0,0.5941261547656673,1.1605929433295186,0.22590060452618185,0.0,0.0,1.0986122886681098,0.8047189562170501,1.2070784343255752,0.6777018135785455,0.8831549866738045,1.5813042316832728,1.3601749448923126,1.0986122886681098,0.0,0.22590060452618185,0.0,0.0,1.4387371636790223,0.0,0.2625106250954466,0.8418239574966185,1.0750556815368328,0.5941261547656673,0.5802964716647593,1.1901530767807735,0.6412373393653842,1.9629593194442934,0.0,0.9729550745276566,0.0,0.40235947810852507,0.8549831191538455,1.297273432703542,1.4387371636790223,0.36967849629863747,1.030347484452772,0.5941261547656673,0.716703787691222,0.8047189562170501,1.416606672028108,1.2070784343255752
EF,1.3862943611198906,0.46209812037329684,1.297273432703542,0.5493061443340549,0.0,2.508936640984983,1.2070784343255752,0.9241962407465937,0.27465307216702745,1.6215917908794277,0.47957905455967414,0.0,0.0,1.0986122886681098,0.0,0.648636716351771,1.0986122886681098,2.5075818837807113,1.1989476363991853,0.0,1.9459101490553132,0.28878937627389645,2.3138284080818816,0.2030044099704045,2.861656003737622,0.46209812037329684,2.8862535685598347,0.8239592165010823,0.5493061443340549,0.3243183581758855,0.6931471805599453,2.2388095926747393,3.2470352646298144,0.648636716351771,0.40235947810852507,0.0,3.1690739096195473,1.3862943611198906,0.8047189562170501,3.0853745464585223,0.46209812037329684,0.46209812037329684,0.7611306094308558,3.0185441734062133,0.511685576220899,0.3243183581758855,2.906746241057835,0.891189232148501,1.1882523095313346,0.40235947810852507,0.5493061443340549,0.8047189562170501,0.6931471805599453,0.5493061443340549,0.40235947810852507,0.46209812037329684,0.0,3.0423109532347654,0.4518012090523637,0.6931471805599453,0.9729550745276566,0.2558427881104495,0.716703787691222,2.9974488149797636
EG,1.355403627157091,1.5813042316832728,0.8178997164351224,0.0,0.8047189562170501,0.8239592165010823,0.716703787691222,0.812017639881618,1.5222612188617115,0.648636716351771,0.22590060452618185,0.0,0.0,0.5941261547656673,2.2590060452618186,0.9036024181047274,0.891189232148501,1.6094379124341003,1.2938747370452313,0.0,1.2792139405522478,0.0,0.0,0.46209812037329684,0.358351893845611,0.0,0.8549831191538455,0.29706307738283366,0.0,0.46209812037329684,0.9591581091193483,0.0,2.1277537294374507,0.5802964716647593,0.812017639881618,1.355403627157091,1.023371152441798,0.40235947810852507,0.6090132299112135,0.23978952727983707,1.1295030226309093,0.4518012090523637,0.0,0.4408440886004888,0.406008819940809,0.648636716351771,0.28375995800876436,0.626866685948927,0.3243183581758855,0.2030044099704045,0.29706307738283366,1.0986122886681098,0.648636716351771,0.23978952727983707,0.648636716351771,0.29706307738283366,1.416606672028108,0.5941261547656673,0.31853731965083076,1.1090354888959124,1.4853153869141684,0.648636716351771,0.5268469495462249,0.0
EH,0.0,0.0,0.0,0.0,0.0,0.0,0.6931471805599453,0.0,0.0,0.0,0.0,0.0,0.5493061443340549,0.0,0.0,0.0,0.0,0.0,0.0,0.0,0.5493061443340549,0.0,0.0,0.0,0.0,0.0,0.0,0.0,0.0,0.0,0.0,0.0,0.0,0.0,0.0,0.0,0.0,0.6931471805599453,0.0,0.0,0.0,0.0,0.0,0.0,0.0,0.0,0.0,0.0,0.0,0.5493061443340549,0.0,0.0,0.0,0.0,0.0,0.0,0.0,0.0,0.0,0.0,0.0,0.0,0.0,0.0
EI,0.0,1.1882523095313346,0.6143175323067617,0.0,0.648636716351771,0.47301035898220906,0.9036024181047274,0.6931471805599453,1.2070784343255752,0.7193685818395111,0.6621065686871168,1.355403627157091,1.6785266909588594,0.5493061443340549,1.0986122886681098,1.0986122886681098,0.0,0.47301035898220906,0.40235947810852507,0.8047189562170501,1.0750556815368328,0.1557874925112064,0.42749155957692275,1.2070784343255752,0.1770758340035135,0.0,0.6707875940902697,1.433407575382444,0.46209812037329684,0.5941261547656673,0.8047189562170501,2.2388095926747393,0.37024494557502263,0.358351893845611,1.354025100551105,2.0794415416798357,0.0,0.47957905455967414,0.0,2.288114662369181,1.6094379124341003,0.0,0.261996109969831,2.6078851591319396,1.3732653608351373,0.891189232148501,2.7144649425419787,3.127772676500623,0.0,1.7908995167731467,1.5350567286626973,1.9459101490553132,1.3862943611198906,0.8047189562170501,0.14719249777896742,0.5493061443340549,1.023371152441798,2.643717534883358,3.2330749570352357,0.716703787691222,1.9459101490553132,0.11446624014950488,2.866815150764888,2.564625836084481
EK,1.9183162182386966,0.8549831191538455,0.4691306733327111,1.1882523095313346,0.0,1.2354896843323058,0.2558427881104495,0.9729550745276566,1.4787139851945499,0.47957905455967414,1.6028911475528007,1.068728898942307,0.6777018135785455,1.1989476363991853,0.8047189562170501,1.2395308380245946,0.0,0.4182762425281663,1.065582853203198,0.40235947810852507,0.648636716351771,0.0,0.5675199160175287,0.9672337744537227,0.7404898911500453,1.4722194895832201,0.8831549866738045,0.0,1.1882523095313346,0.648636716351771,1.6215917908794277,0.10685940983685338,0.7480158688579737,0.2558427881104495,2.033231729642506,1.7908995167731467,1.4073920199981333,0.6543197731480977,0.9591581091193483,0.42756739308124764,1.9548579228128893,1.023371152441798,2.671536726415884,3.383379994518127,1.5936825060316215,1.1989476363991853,0.928393016676077,2.523135709220445,1.624035279763236,1.4073920199981333,0.358351893845611,0.5493061443340549,0.8239592165010823,0.406008819940809,0.49073982986107334,0.0,0.8047189562170501,1.0746286044838749,3.1624483514021895,0.7675283643313486,0.0,0.0,2.2994320360953786,0.2850449287208318
EL,1.0624550040210812,1.0150220498520226,1.0842252132716759,1.068728898942307,0.3243183581758855,2.7281474140262616,1.1295030226309093,1.4853153869141684,1.1729147536877336,0.358351893845611,0.22262962140180395,0.9460207179644181,1.2792139405522478,1.5222612188617115,1.297273432703542,0.812017639881618,0.40235947810852507,3.3731451079563253,1.2026056535665979,0.0,0.7393569925972749,1.8550114998931795,0.7040352807289788,1.6306200273029832,1.2314478962461912,1.4719249777896741,0.29683949520240527,0.0,1.4387371636790223,0.648636716351771,1.4853153869141684,2.3537114635890424,1.2835775472675517,0.5312275020105406,0.7611306094308558,1.0986122886681098,3.3949629059900697,1.416606672028108,0.29706307738283366,2.699466476095529,1.2824746787307684,1.6635532333438687,1.7572832701323862,1.360098533106251,0.27465307216702745,0.47957905455967414,0.5021931654404423,2.154970258541292,1.023371152441798,1.7592400249976667,0.5802964716647593,1.4853153869141684,1.1901530767807735,0.9671607861079322,0.2552427597659397,1.3862943611198906,0.0,2.996799238966263,1.8806000578467812,0.3243183581758855,1.355403627157091,1.9184078032808787,3.3664772772991047,2.6714852459213345
EM,1.2070784343255752,0.0,1.1882523095313346,0.3243183581758855,0.0,1.5350567286626973,1.0986122886681098,0.8047189562170501,1.4962204585192298,0.0,0.9671607861079322,1.6479184330021646,0.9241962407465937,0.6931471805599453,0.29706307738283366,0.358351893845611,0.6931471805599453,0.6931471805599453,1.624035279763236,0.0,0.5493061443340549,0.0,0.40235947810852507,0.46209812037329684,0.0,1.782378464297002,0.0,0.9241962407465937,1.0986122886681098,1.3862943611198906,1.1882523095313346,1.3862943611198906,0.9591581091193483,0.5493061443340549,1.2395308380245946,0.648636716351771,1.782378464297002,1.433407575382444,0.46209812037329684,0.0,1.4387371636790223,0.648636716351771,0.4477619185349479,1.0986122886681098,0.0,1.6479184330021646,0.46209812037329684,0.0,0.5493061443340549,1.5350567286626973,0.0,0.358351893845611,1.791759469228055,0.8047189562170501,0.9241962407465937,1.791759469228055,1.6215917908794277,0.9729550745276566,0.0,0.0,0.0,1.1882523095313346,0.648636716351771,0.0
EN,0.8047189562170501,0.0,0.5100656043346173,0.0,0.6931471805599453,0.4936599274333635,0.0,0.0,0.0,0.648636716351771,0.8549831191538455,0.0,0.0,0.0,0.0,0.3243183581758855,0.9241962407465937,0.0,0.0,0.0,0.0,3.329776932184737,0.26823965207235,2.5131148098040326,0.0,0.8239592165010823,0.0,0.358351893845611,0.6931471805599453,0.0,0.9241962407465937,2.6457324378465152,0.0,1.0750556815368328,0.9241962407465937,0.5493061443340549,0.0,1.0750556815368328,0.0,0.891189232148501,0.3243183581758855,0.358351893845611,0.6621065686871168,0.8107958954397139,0.8239592165010823,0.0,0.4518012090523637,1.068728898942307,0.40235947810852507,0.0,1.2070784343255752,0.0,0.0,0.40235947810852507,0.0,0.6931471805599453,0.9241962407465937,0.0,0.9672337744537227,0.0,0.0,0.40235947810852507,0.7611306094308558,0.0
EP,0.0,0.6931471805599453,0.46209812037329684,1.2070784343255752,1.3862943611198906,0.45667836565851344,0.0,0.5493061443340549,0.0,0.46209812037329684,0.5312275020105406,0.891189232148501,0.0,0.9729550745276566,0.6931471805599453,1.9459101490553132,0.0,0.4518012090523637,0.9671607861079322,1.9459101490553132,1.0986122886681098,0.0,0.7393569925972749,0.36078169606997934,0.0,0.0,0.5493061443340549,1.4853153869141684,1.3862943611198906,1.433407575382444,0.9241962407465937,1.832442421639441,0.8239592165010823,1.2070784343255752,0.3243183581758855,0.6931471805599453,0.3271598865740489,0.6090132299112135,0.9729550745276566,2.6620426399959674,0.40235947810852507,0.2558427881104495,0.035965355366110986,1.068728898942307,0.9241962407465937,0.358351893845611,3.0477073230139986,0.716703787691222,1.0986122886681098,0.8501093405576955,0.9241962407465937,0.0,0.0,0.9036024181047274,0.0,1.0750556815368328,1.6094379124341003,2.238117666122698,0.9241962407465937,0.0,2.0794415416798357,0.2558427881104495,2.288114662369181,2.3138284080818816
EQ,1.782378464297002,0.46209812037329684,1.0750556815368328,0.8047189562170501,0.0,0.2558427881104495,0.0,0.6931471805599453,2.2330485096744495,1.3862943611198906,0.716703787691222,1.0986122886681098,0.0,0.0,1.297273432703542,1.0986122886681098,0.0,0.18483924814931874,1.6215917908794277,0.0,1.3862943611198906,0.0,0.0,0.29706307738283366,0.0,0.648636716351771,0.406008819940809,0.0,0.0,0.0,0.5493061443340549,0.13032386152085929,1.2613609572858908,0.0,1.5813042316832728,0.0,0.5802964716647593,1.0986122886681098,1.297273432703542,0.15767011966073635,0.9591581091193483,1.1882523095313346,1.2070784343255752,0.7605777383086914,1.2070784343255752,0.9241962407465937,0.25352591276956377,2.4849066497880004,1.0986122886681098,0.0,0.0,1.791759469228055,0.0,0.0,0.6412373393653842,0.0,0.5493061443340549,0.0945866526695881,1.4787139851945499,1.782378464297002,2.0794415416798357,0.22590060452618185,0.9122670306460151,0.5545177444479562
ER,1.9459101490553132,0.9729550745276566,1.297273432703542,0.9036024181047274,1.0986122886681098,0.511685576220899,1.4962204585192298,1.0150220498520226,1.1882523095313346,1.218026459822427,1.87024054922693,1.3862943611198906,0.8047189562170501,0.8549831191538455,1.1882523095313346,1.709966238307691,0.648636716351771,0.46209812037329684,1.2824746787307684,0.648636716351771,0.648636716351771,1.3732653608351373,1.1989476363991853,0.46209812037329684,1.6215917908794277,0.5493061443340549,0.648636716351771,1.355403627157091,1.1989476363991853,0.8047189562170501,2.1277537294374507,1.1989476363991853,1.5350567286626973,1.4787139851945499,1.5474572577726913,1.4210308697928313,0.8239592165010823,0.8239592165010823,0.358351893845611,2.2330485096744495,1.6744873407478829,1.8072048362094548,2.697501371663089,3.60868760521348,1.4210308697928313,1.0986122886681098,3.444816116403108,2.953976555119212,1.4387371636790223,0.8549831191538455,1.624035279763236,0.8047189562170501,1.0986122886681098,1.433407575382444,1.0750556815368328,1.1605929433295186,2.1277537294374507,0.46209812037329684,3.573992951955768,2.42288189412707,1.6479184330021646,1.0750556815368328,2.8600262975366495,1.0750556815368328
ES,0.9671607861079322,0.0,0.8831549866738045,0.891189232148501,0.0,2.1270229980494975,0.0,0.40235947810852507,0.5493061443340549,0.648636716351771,0.8501093405576955,0.27465307216702745,0.0,0.5493061443340549,0.46209812037329684,0.5941261547656673,0.40235947810852507,2.0269897385992848,0.9591581091193483,0.5493061443340549,0.5941261547656673,4.23497426311545,2.506661145025408,3.7188176174884022,2.2598692444819912,0.5493061443340549,2.3209825416901926,0.0,1.2792139405522478,0.0,0.0,3.886155299740135,2.4224215843992942,0.42749155957692275,0.22590060452618185,0.7675283643313486,2.699466476095529,0.5493061443340549,0.3243183581758855,2.4084961713108557,0.22590060452618185,1.433407575382444,3.0390350263150765,2.0937229779857494,0.9241962407465937,0.0,1.641957356664489,0.7737286288863456,1.1989476363991853,0.27465307216702745,0.358351893845611,0.6931471805599453,0.0,0.40235947810852507,2.6620426399959674,0.716703787691222,1.2824746787307684,2.6831503763610787,0.7737286288863456,0.0,0.358351893845611,2.7316465323956876,2.5995004466930154,2.1748585628405928
ET,1.0750556815368328,0.3243183581758855,3.377005137174969,0.27465307216702745,0.9241962407465937,2.146555467245009,1.0750556815368328,1.023371152441798,0.5493061443340549,0.358351893845611,1.065582853203198,0.716703787691222,1.2070784343255752,0.22590060452618185,1.1882523095313346,0.2558427881104495,0.8047189562170501,2.4356858665839884,1.1989476363991853,0.29706307738283366,1.2070784343255752,3.801849651016711,2.830070198271235,2.1270229980494975,3.093898886419514,1.3732653608351373,0.1934321572215864,0.9591581091193483,0.0,1.791759469228055,0.7675283643313486,1.3895183217346159,2.800928110555783,1.3732653608351373,0.812017639881618,1.355403627157091,1.7591064591995471,1.2938747370452313,0.3243183581758855,0.2006065507024569,0.8239592165010823,0.3243183581758855,0.7204909816401712,0.7318821255882091,0.42749155957692275,0.9729550745276566,0.4471917293935131,0.7611306094308558,0.47957905455967414,0.7883505983036818,0.0,0.0,0.46209812037329684,0.27465307216702745,0.6412373393653842,1.1882523095313346,2.049711555589573,1.0960245052664355,0.33539379704513483,0.22590060452618185,0.7193685818395111,0.6143175323067617,1.5627607027573334,1.7575592430628102
EV,1.9135024711265767,0.511685576220899,0.5941261547656673,1.1882523095313346,0.708303336014054,1.2773952670785782,0.5700898574416636,1.782378464297002,1.87024054922693,1.1605929433295186,2.5131148098040326,1.0986122886681098,1.2395308380245946,1.9183162182386966,1.355403627157091,0.358351893845611,0.5493061443340549,0.648636716351771,1.7435577384702752,0.9729550745276566,2.1249100080421623,3.472927712349265,0.20477251076892056,1.3735948817940586,1.98681215200879,1.0425908921668743,0.8012636810465341,0.5100656043346173,0.46209812037329684,0.7675283643313486,0.716703787691222,1.9568600983145499,2.0117973905426254,0.46209812037329684,1.416606672028108,1.6357994328702448,0.7480158688579737,1.140866607463037,0.9814796597221467,0.3153402393214727,1.3086395462961955,1.2938747370452313,4.159058390559811,0.6381387153166727,0.9241962407465937,0.27465307216702745,0.6498751116732538,1.6357994328702448,0.9036024181047274,2.124160714619187,0.27465307216702745,1.9343215722158644,1.1882523095313346,1.5222612188617115,2.553839622078879,0.8047189562170501,0.9036024181047274,0.4767177156831545,0.406008819940809,0.8047189562170501,1.1090354888959124,2.5970191275026977,0.39097158456257786,0.6412373393653842
EW,2.4849066497880004,2.436052919644854,0.0,0.0,2.436052919644854,2.4641234825514258,0.0,0.46209812037329684,1.0986122886681098,0.0,0.27465307216702745,0.648636716351771,0.5493061443340549,0.9241962407465937,0.0,0.0,0.0,1.4190310769466272,0.3243183581758855,0.6931471805599453,0.7675283643313486,0.07219734406847411,2.6831503763610787,0.0,2.3138284080818816,0.0,0.358351893845611,0.0,0.0,0.0,0.5941261547656673,0.3868643144431728,2.457828486301612,0.9241962407465937,0.0,0.0,0.0,0.0,0.27465307216702745,2.4141568686511503,0.0,0.716703787691222,0.14719249777896742,1.4853153869141684,0.6931471805599453,0.358351893845611,2.8671249534589043,1.0986122886681098,0.0,0.0,1.0986122886681098,0.0,1.3862943611198906,0.0,0.0,0.0,0.40235947810852507,2.5654043584874864,1.5350567286626973,0.648636716351771,0.6931471805599453,0.0,0.891189232148501,0.0
EY,1.0986122886681098,0.0,0.4518012090523637,0.6931471805599453,0.6931471805599453,2.8409123936915153,0.0,0.0,1.4853153869141684,1.3862943611198906,0.4518012090523637,0.0,0.6931471805599453,0.46209812037329684,1.0986122886681098,0.0,0.5493061443340549,2.8409123936915153,0.358351893845611,1.0986122886681098,1.297273432703542,0.06851456440288853,2.9761222438871267,0.0,2.7471897635881173,0.9241962407465937,0.0,0.29706307738283366,0.6931471805599453,0.5493061443340549,0.46209812037329684,1.6043947641584313,0.0,0.0,0.9729550745276566,0.40235947810852507,2.794948308709457,1.0986122886681098,0.358351893845611,2.4356179501787385,0.9241962407465937,0.46209812037329684,0.0,0.6090132299112135,1.2070784343255752,0.0,0.36967849629863747,0.0,0.358351893845611,0.5493061443340549,0.0,1.3862943611198906,0.0,0.5493061443340549,0.21374577978846138,0.0,0.0,1.0986122886681098,0.0,0.0,0.0,0.0,0.0,2.402910225941144
FA,0.0,0.2558427881104495,0.27465307216702745,1.3862943611198906,1.3862943611198906,1.974639709733454,0.29706307738283366,1.297273432703542,0.0,0.5493061443340549,0.812017639881618,0.5493061443340549,1.791759469228055,1.6215917908794277,0.0,1.2070784343255752,0.0,1.0624550040210812,1.0986122886681098,1.0986122886681098,0.9729550745276566,1.5832810971867743,0.0,0.0,0.0,1.2070784343255752,0.0,0.6931471805599453,0.0,0.0,0.5493061443340549,0.18483924814931874,0.0,0.0,0.0,0.0,0.0,1.782378464297002,0.40235947810852507,0.0,0.8239592165010823,1.0750556815368328,0.7532897481606636,0.716703787691222,0.5493061443340549,0.8047189562170501,0.0,1.0986122886681098,1.6094379124341003,2.70805020110221,0.0,1.0986122886681098,2.046742304883596,1.791759469228055,0.6090132299112135,0.0,0.6931471805599453,0.891189232148501,1.2070784343255752,0.6931471805599453,0.0,0.9036024181047274,1.3862943611198906,0.0
FC,1.0986122886681098,0.0,1.1882523095313346,0.0,1.0986122886681098,0.9241962407465937,0.0,1.433407575382444,0.0,1.2070784343255752,0.5941261547656673,1.0986122886681098,1.2070784343255752,0.0,0.0,0.5493061443340549,1.2070784343255752,0.5493061443340549,0.9729550745276566,0.0,1.0986122886681098,0.0,0.0,0.6931471805599453,0.0,0.5493061443340549,0.0,0.0,0.5493061443340549,0.5493061443340549,1.2070784343255752,0.0,1.3862943611198906,1.297273432703542,0.0,0.358351893845611,0.9241962407465937,0.358351893845611,0.0,0.8047189562170501,0.716703787691222,0.9241962407465937,1.2824746787307684,0.5802964716647593,0.716703787691222,0.5493061443340549,0.891189232148501,0.0,0.0,1.0750556815368328,0.0,0.5493061443340549,0.46209812037329684,0.6931471805599453,0.6931471805599453,0.6931471805599453,1.9459101490553132,0.0,0.0,0.0,0.0,0.0,0.0,0.0
FD,2.833213344056216,2.5649493574615367,1.4853153869141684,0.46209812037329684,2.436052919644854,1.9343215722158644,1.0150220498520226,0.9729550745276566,1.9344675489074454,0.716703787691222,0.3243183581758855,1.9478341740386487,0.8239592165010823,0.46209812037329684,0.0,1.5936825060316215,0.0,0.3243183581758855,1.5677471079645748,0.40235947810852507,1.5813042316832728,1.700218681115391,1.2792139405522478,0.891189232148501,2.6561375100527025,0.7193685818395111,0.511685576220899,0.46209812037329684,1.0750556815368328,1.0750556815368328,0.5493061443340549,0.648636716351771,2.4141568686511503,1.4190310769466272,1.6785266909588594,1.4387371636790223,0.5941261547656673,1.355403627157091,0.0,1.0986122886681098,1.4962204585192298,0.0,0.511685576220899,0.8239592165010823,1.0986122886681098,1.297273432703542,1.2792139405522478,1.0986122886681098,0.8047189562170501,1.6635532333438687,1.0750556815368328,0.9241962407465937,0.0,0.5493061443340549,0.46209812037329684,1.433407575382444,0.5493061443340549,1.1882523095313346,0.7675283643313486,0.511685576220899,1.5350567286626973,0.46209812037329684,1.068728898942307,0.716703787691222
FE,0.9591581091193483,0.27465307216702745,1.023371152441798,1.4853153869141684,0.0,0.0,0.716703787691222,0.0,2.1277537294374507,1.023371152441798,1.425224643604159,1.3732653608351373,0.0,1.0750556815368328,0.6931471805599453,0.6777018135785455,0.0,0.0,1.6744873407478829,0.0,0.648636716351771,0.0,0.40235947810852507,1.0986122886681098,0.29706307738283366,1.3732653608351373,0.0,0.511685576220899,1.0750556815368328,0.716703787691222,0.358351893845611,0.9241962407465937,1.2792139405522478,0.3243183581758855,1.8270396897336403,1.1882523095313346,1.1605929433295186,1.297273432703542,0.3243183581758855,0.0,1.4722194895832201,0.2558427881104495,0.9976572505229112,2.9087949851856254,1.0986122886681098,1.5350567286626973,0.9460207179644181,2.697501371663089,0.9036024181047274,0.5493061443340549,0.3243183581758855,1.3862943611198906,1.3732653608351373,0.5941261547656673,0.27465307216702745,1.791759469228055,1.1882523095313346,0.0,0.708303336014054,0.8239592165010823,0.5493061443340549,1.297273432703542,2.778344655758188,1.6094379124341003
FF,1.3862943611198906,1.0986122886681098,0.0,0.0,0.0,0.648636716351771,0.716703787691222,0.6931471805599453,2.3978952727983707,0.46209812037329684,0.46209812037329684,1.6215917908794277,0.0,0.0,0.0,0.0,0.0,0.0,2.351203577673075,0.0,1.0986122886681098,0.0,0.9241962407465937,0.0,0.5493061443340549,0.0,0.46209812037329684,0.5493061443340549,0.0,0.9729550745276566,0.0,0.0,0.9729550745276566,1.7908995167731467,1.6479184330021646,0.0,1.6094379124341003,0.6931471805599453,0.0,0.6931471805599453,0.9241962407465937,0.0,1.3732653608351373,1.4853153869141684,0.0,1.7908995167731467,1.6215917908794277,1.6094379124341003,0.0,0.0,0.0,0.0,1.9459101490553132,1.0750556815368328,0.0,0.5493061443340549,0.0,0.9241962407465937,1.6215917908794277,1.0750556815368328,0.6931471805599453,0.0,1.6215917908794277,1.0986122886681098
FG,1.9478341740386487,2.6390573296152584,0.0,0.0,2.5146180438806236,1.0750556815368328,0.3243183581758855,1.0986122886681098,0.5493061443340549,0.0,0.9729550745276566,0.9036024181047274,0.9241962407465937,0.0,0.46209812037329684,0.0,1.0986122886681098,0.4518012090523637,0.40235947810852507,0.5493061443340549,0.40235947810852507,0.0,0.40235947810852507,0.358351893845611,0.0,0.40235947810852507,0.358351893845611,0.9241962407465937,0.40235947810852507,0.648636716351771,0.0,0.9241962407465937,0.0,0.9241962407465937,0.0,0.40235947810852507,0.0,0.0,0.0,0.0,0.0,0.0,0.5493061443340549,0.8549831191538455,0.0,0.46209812037329684,0.7737286288863456,1.5813042316832728,0.0,1.433407575382444,1.0986122886681098,0.6931471805599453,1.0750556815368328,0.23978952727983707,0.8047189562170501,0.0,0.0,0.0,0.9591581091193483,0.716703787691222,1.433407575382444,0.0,0.6090132299112135,0.0
FH,0.0,0.6931471805599453,0.5493061443340549,0.5493061443340549,0.6931471805599453,0.358351893845611,0.0,1.3862943611198906,0.5493061443340549,0.5493061443340549,0.648636716351771,0.0,0.6931471805599453,0.0,0.0,0.0,0.0,0.5493061443340549,0.40235947810852507,0.0,0.9729550745276566,0.0,0.46209812037329684,0.6931471805599453,0.0,0.0,0.5493061443340549,0.6931471805599453,0.0,0.9241962407465937,0.0,1.0986122886681098,1.2070784343255752,0.9241962407465937,0.29706307738283366,0.0,0.5493061443340549,0.5493061443340549,0.0,0.6931471805599453,1.297273432703542,0.6931471805599453,0.8239592165010823,0.5493061443340549,0.0,0.0,1.0986122886681098,0.6931471805599453,0.0,0.46209812037329684,0.5493061443340549,0.0,0.0,0.8047189562170501,0.0,0.0,0.0,0.0,1.2070784343255752,0.6931471805599453,0.0,0.0,1.0750556815368328,1.0986122886681098
FI,0.0,0.0,0.9241962407465937,0.0,0.0,0.0,1.0986122886681098,0.6931471805599453,0.0,1.3732653608351373,0.8047189562170501,0.0,0.9241962407465937,0.5493061443340549,0.5493061443340549,0.0,0.6931471805599453,0.5493061443340549,0.5493061443340549,1.0986122886681098,1.0750556815368328,0.716703787691222,0.8047189562170501,0.0,0.0,0.9241962407465937,0.5493061443340549,0.46209812037329684,0.0,0.8047189562170501,0.0,0.46209812037329684,0.0,0.0,0.358351893845611,0.0,0.6931471805599453,0.9729550745276566,0.46209812037329684,0.9729550745276566,0.0,0.0,1.5350567286626973,0.891189232148501,0.891189232148501,0.0,0.0,0.9241962407465937,0.6931471805599453,0.8047189562170501,0.9241962407465937,0.5493061443340549,0.0,0.0,0.46209812037329684,0.0,0.40235947810852507,0.0,0.0,0.0,0.6931471805599453,0.0,0.0,0.6931471805599453
FK,0.7193685818395111,0.0,0.2030044099704045,1.0986122886681098,0.9241962407465937,1.2026056535665979,2.2590060452618186,1.8072048362094548,2.218070977791825,1.5350567286626973,0.22590060452618185,1.791759469228055,1.4853153869141684,0.0,0.0,0.648636716351771,0.0,1.3247324800107068,2.1265392627313178,0.40235947810852507,0.9729550745276566,0.04312367308066437,1.3032386152085929,0.0,0.8853791700175675,1.3732653608351373,0.21374577978846138,1.9478341740386487,0.0,1.5350567286626973,0.6931471805599453,2.7716693377832518,0.47957905455967414,1.5350567286626973,1.5350567286626973,0.29706307738283366,1.1179793234837827,0.0,1.297273432703542,3.7745526074153526,0.3243183581758855,0.0,0.08382652121052205,2.4224215843992942,0.8047189562170501,1.5350567286626973,3.1687099775789975,1.8270396897336403,1.5350567286626973,1.8267134626340538,1.2070784343255752,1.433407575382444,2.0794415416798357,0.29706307738283366,0.0,0.0,0.716703787691222,3.513034202823403,0.0,0.0,2.137457797884614,0.0,2.8656762786236665,3.912023005428146
FL,0.0,0.46209812037329684,0.0,0.648636716351771,0.9241962407465937,0.648636716351771,1.2792139405522478,0.3243183581758855,0.0,0.0,0.3868643144431728,0.0,1.0750556815368328,0.0,0.8047189562170501,1.433407575382444,0.0,0.0,0.8047189562170501,0.0,0.0,0.4471917293935131,0.9729550745276566,0.0,0.0,1.0750556815368328,0.5493061443340549,1.8072048362094548,0.5493061443340549,1.297273432703542,0.0,0.2558427881104495,0.3243183581758855,0.5493061443340549,0.0,0.0,0.0,0.5493061443340549,0.0,1.2070784343255752,0.9729550745276566,0.891189232148501,3.950306318420266,1.5474572577726913,1.297273432703542,0.0,1.1295030226309093,2.1581057455185335,1.023371152441798,0.9671607861079322,1.0986122886681098,1.6785266909588594,0.0,0.0,0.0,0.9241962407465937,0.0,0.9729550745276566,1.1295030226309093,0.40235947810852507,2.3978952727983707,0.46209812037329684,1.3862943611198906,0.8047189562170501
FM,0.0,0.0,0.0,0.0,0.0,0.6931471805599453,0.0,0.0,1.0986122886681098,0.9241962407465937,0.46209812037329684,0.0,0.0,0.0,0.0,0.0,0.0,0.0,0.0,0.0,0.0,0.0,0.6931471805599453,0.0,0.0,0.40235947810852507,0.5493061443340549,0.40235947810852507,0.0,0.0,0.0,0.0,0.0,0.0,1.3732653608351373,0.0,0.46209812037329684,0.0,0.0,0.0,1.0986122886681098,0.0,0.6931471805599453,0.6931471805599453,0.0,0.40235947810852507,1.0986122886681098,0.0,0.0,0.0,0.0,0.0,0.0,0.0,0.0,0.0,0.0,0.0,0.6931471805599453,0.6931471805599453,0.0,0.0,0.0,0.0
FN,0.0,1.433407575382444,0.0,0.0,0.0,0.9241962407465937,1.4210308697928313,1.433407575382444,2.137457797884614,0.0,0.5493061443340549,1.9183162182386966,0.0,0.0,1.3862943611198906,0.40235947810852507,0.8047189562170501,0.9241962407465937,1.9459101490553132,0.0,0.9241962407465937,0.0,0.0,0.0,1.6094379124341003,0.0,1.297273432703542,0.0,0.0,0.0,0.6931471805599453,1.0750556815368328,0.648636716351771,2.321185886659037,2.2330485096744495,1.433407575382444,0.716703787691222,0.0,0.0,0.0,1.7908995167731467,0.0,1.0986122886681098,0.406008819940809,0.46209812037329684,1.4853153869141684,0.0,0.5545177444479562,0.0,1.433407575382444,0.9241962407465937,0.0,1.6215917908794277,0.0,0.0,0.0,1.3732653608351373,0.0,0.6412373393653842,0.0,1.0986122886681098,0.0,0.5312275020105406,0.46209812037329684
FP,2.2901192060183426,2.355079964463479,0.40235947810852507,1.6094379124341003,1.87024054922693,0.7393569925972749,2.2833918282925674,0.716703787691222,0.358351893845611,1.2070784343255752,0.0,1.5350567286626973,0.0,0.9241962407465937,0.0,0.9241962407465937,0.0,2.210284285450008,1.4787139851945499,0.5493061443340549,1.1989476363991853,0.5493061443340549,0.22590060452618185,0.358351893845611,0.0,0.0,0.5941261547656673,0.0,0.8239592165010823,0.0,0.6931471805599453,0.5493061443340549,2.3019858420456756,0.27465307216702745,0.358351893845611,0.0,0.0,1.3862943611198906,0.0,0.0,0.0,0.0,0.0,0.0,0.0,0.0,1.782378464297002,0.0,1.1882523095313346,0.40235947810852507,0.9241962407465937,0.0,0.0,0.0,0.0,0.9241962407465937,0.0,0.9241962407465937,0.0,0.0,0.6931471805599453,0.0,0.358351893845611,0.6931471805599453
FQ,1.3862943611198906,0.358351893845611,0.23978952727983707,1.8072048362094548,0.8047189562170501,1.974639709733454,1.6215917908794277,0.0,0.358351893845611,1.3862943611198906,0.18483924814931874,0.716703787691222,0.0,2.4849066497880004,0.6931471805599453,1.9459101490553132,0.46209812037329684,1.6094379124341003,1.023371152441798,1.3862943611198906,1.922571505169192,4.3368738456215,0.0,0.812017639881618,0.0,1.6215917908794277,0.358351893845611,1.2070784343255752,1.9459101490553132,1.3862943611198906,0.40235947810852507,0.21374577978846138,0.21374577978846138,0.9241962407465937,0.46209812037329684,1.2070784343255752,1.297273432703542,2.1277537294374507,0.0,0.6931471805599453,0.891189232148501,1.0750556815368328,3.6114437833329567,0.5941261547656673,0.716703787691222,0.358351893845611,0.9241962407465937,1.0750556815368328,2.033105440735637,2.3978952727983707,1.0986122886681098,1.0750556815368328,1.6094379124341003,2.0794415416798357,0.9591581091193483,2.0794415416798357,1.2070784343255752,1.6215917908794277,0.6931471805599453,0.0,1.9459101490553132,0.812017639881618,0.8047189562170501,0.0
FR,2.0794415416798357,1.782378464297002,2.200110252278059,1.0750556815368328,0.8047189562170501,2.2388095926747393,2.033105440735637,1.6215917908794277,1.7962912954140562,1.297273432703542,1.9863197060613502,1.709966238307691,1.1882523095313346,1.4853153869141684,0.5493061443340549,1.023371152441798,1.433407575382444,1.0986122886681098,1.87024054922693,0.0,0.9241962407465937,1.8375743756681262,0.9214762984601425,0.1770758340035135,0.5364793041447,2.2330485096744495,0.3153402393214727,1.2792139405522478,0.0,0.5493061443340549,2.046742304883596,0.5312275020105406,1.2341498185834088,1.6635532333438687,1.4787139851945499,1.2070784343255752,1.624035279763236,2.1277537294374507,1.2070784343255752,1.0150220498520226,0.8549831191538455,1.1295030226309093,2.068232170686649,2.4932544801600818,1.1882523095313346,1.7908995167731467,1.4707559619567143,2.4141568686511503,1.3732653608351373,2.7887850404652017,0.0,0.716703787691222,1.2792139405522478,2.1581057455185335,1.2395308380245946,0.5493061443340549,2.302585092994046,0.8551347861624953,2.200110252278059,1.218026459822427,0.716703787691222,0.7737286288863456,2.3456533666635555,0.3243183581758855
FS,1.1450596030091713,0.2558427881104495,1.1036908376251544,0.0,0.5493061443340549,1.7746813893869464,0.5941261547656673,0.5941261547656673,0.9241962407465937,0.648636716351771,0.5545177444479562,0.8239592165010823,0.716703787691222,1.782378464297002,0.0,1.9459101490553132,0.40235947810852507,1.0986122886681098,0.4518012090523637,1.3732653608351373,0.9036024181047274,1.255482913601106,0.7193685818395111,0.2558427881104495,0.23978952727983707,1.433407575382444,0.4518012090523637,0.716703787691222,1.433407575382444,0.40235947810852507,1.2070784343255752,0.46209812037329684,0.9241962407465937,1.068728898942307,0.358351893845611,0.0,0.0,1.8270396897336403,0.5493061443340549,0.46209812037329684,1.1989476363991853,1.1295030226309093,1.6443495456693247,2.3435681053887314,0.358351893845611,0.40235947810852507,1.1729147536877336,2.4072786084294826,0.5941261547656673,2.215505645854608,0.40235947810852507,1.433407575382444,0.0,0.6412373393653842,1.297273432703542,0.9729550745276566,0.2558427881104495,1.1295030226309093,2.4102379250852937,0.7675283643313486,1.782378464297002,1.0750556815368328,2.4050883945369566,0.0
FT,0.0,0.46209812037329684,0.49073982986107334,0.0,0.40235947810852507,1.6744873407478829,0.42749155957692275,0.9591581091193483,0.511685576220899,0.9036024181047274,0.9241962407465937,1.9237120180961527,1.5350567286626973,0.5493061443340549,0.0,1.7908995167731467,0.0,1.1989476363991853,0.9671607861079322,0.6931471805599453,1.1605929433295186,3.394413398618554,0.9036024181047274,1.5350567286626973,0.406008819940809,0.4518012090523637,1.4962204585192298,0.0,0.9241962407465937,1.1882523095313346,0.812017639881618,0.0,0.5527050139735558,0.8239592165010823,0.7737286288863456,1.8072048362094548,0.0,2.2330485096744495,0.2558427881104495,1.1882523095313346,1.770758340035135,0.9241962407465937,0.1750333019001207,0.9620845228532783,0.5493061443340549,1.4853153869141684,1.4335624767294521,0.9133567313170269,0.0,2.033231729642506,1.782378464297002,0.716703787691222,1.6094379124341003,1.1295030226309093,0.5941261547656673,0.0,0.8239592165010823,1.6635532333438687,0.6381387153166727,1.1605929433295186,0.8047189562170501,0.3243183581758855,1.1107348367250678,0.0
FV,0.0,0.0,0.5941261547656673,0.46209812037329684,1.0750556815368328,2.3761190724603036,0.47957905455967414,1.5350567286626973,0.2558427881104495,0.46209812037329684,0.5100656043346173,0.8047189562170501,0.0,0.6931471805599453,0.5493061443340549,0.0,0.0,2.8377856340389984,0.6777018135785455,0.40235947810852507,0.5941261547656673,0.0,2.5970191275026977,0.8853791700175675,2.4072786084294826,0.0,2.6327235234386124,0.6777018135785455,0.3243183581758855,2.046742304883596,0.0,2.270079664070115,2.718795576433081,0.648636716351771,0.0,0.0,3.310008086590539,1.2395308380245946,0.23978952727983707,2.8147840399962667,0.47957905455967414,0.5941261547656673,0.7427144133408616,2.1239514964895445,0.0,0.5941261547656673,3.1681587632804047,0.7883505983036818,0.3243183581758855,0.0,0.46209812037329684,0.0,0.7675283643313486,1.6785266909588594,0.0,0.46209812037329684,0.9729550745276566,3.464181597433366,0.24682996371668176,0.9729550745276566,0.9241962407465937,0.0,1.1054100279471115,3.2470352646298144
FW,0.0,0.0,2.4356179501787385,0.0,0.0,1.8527920366854067,0.0,0.0,0.0,0.0,0.40235947810852507,0.0,0.0,1.0986122886681098,0.0,0.0,0.0,0.0,0.0,0.0,0.0,4.396736886067746,0.0,0.0,2.617279092592391,1.2070784343255752,0.0,0.0,0.0,0.0,0.0,0.0,2.355079964463479,0.0,0.8047189562170501,0.0,0.0,1.9459101490553132,0.0,0.0,0.46209812037329684,0.0,0.15767011966073635,0.0,0.0,0.0,0.0,0.0,0.0,2.351203577673075,0.0,1.0986122886681098,0.0,1.791759469228055,0.8239592165010823,0.0,0.0,0.42756739308124764,0.0,0.0,0.0,0.47957905455967414,0.0,0.0
FY,2.453699149305367,2.833213344056216,0.7675283643313486,0.0,1.2070784343255752,0.5100656043346173,0.6777018135785455,0.3243183581758855,1.2395308380245946,0.9591581091193483,0.8239592165010823,0.891189232148501,0.0,0.46209812037329684,0.5941261547656673,1.922571505169192,1.0986122886681098,0.14719249777896742,0.9036024181047274,0.0,1.2070784343255752,1.297273432703542,0.6412373393653842,0.0,2.42288189412707,0.47301035898220906,1.433407575382444,0.0,0.0,0.5941261547656673,0.47957905455967414,0.0,2.137836965406238,1.3732653608351373,1.700218681115391,1.0986122886681098,0.8639048730083861,0.511685576220899,1.1882523095313346,0.21374577978846138,1.2824746787307684,0.0,0.2558427881104495,0.731983424424291,0.3243183581758855,0.0,0.5700898574416636,0.0,0.8047189562170501,0.3243183581758855,0.0,0.0,0.0,0.891189232148501,0.40235947810852507,0.0,1.6785266909588594,0.6411564590211203,0.0,0.5941261547656673,0.0,0.0,0.7825855264386479,0.0
GA,0.2558427881104495,0.0,2.462936034996733,0.0,0.40235947810852507,2.200110252278059,0.9729550745276566,0.0,0.6306804786429454,0.0,1.1295030226309093,0.0,0.0,0.0,1.023371152441798,0.0,0.0,3.247581155445318,0.0,0.0,0.8047189562170501,0.8848182550685804,2.4102379250852937,3.0423109532347654,2.5970191275026977,0.0,2.5075818837807113,0.0,0.0,0.0,0.0,3.8799576068457937,2.6714852459213345,1.355403627157091,1.4962204585192298,0.891189232148501,3.130790452421728,0.0,0.0,3.054070702732402,1.1295030226309093,0.0,0.31454605061794605,1.6872568733402977,0.0,0.0,1.894417515976202,0.0,0.5493061443340549,0.5493061443340549,0.0,0.0,0.0,0.0,2.270079664070115,0.0,0.9036024181047274,3.7368334448076137,0.35184800499953334,0.0,0.0,2.7471897635881173,2.8668358768574764,3.3745137466805954
GC,0.0,0.0,0.0,0.0,0.0,0.0,1.0750556815368328,1.0750556815368328,0.6777018135785455,0.0,0.0,1.4387371636790223,0.6931471805599453,0.0,0.0,0.0,0.0,0.8047189562170501,0.29706307738283366,0.0,0.0,0.0,0.0,0.0,0.0,0.0,1.0750556815368328,0.8047189562170501,0.0,0.0,0.0,1.3862943611198906,0.0,0.716703787691222,1.1882523095313346,0.0,0.5493061443340549,0.0,0.0,0.0,0.0,0.648636716351771,0.0,0.0,0.0,0.0,0.6090132299112135,0.9460207179644181,0.0,1.3862943611198906,0.8047189562170501,0.0,0.8047189562170501,0.0,0.0,0.0,0.0,0.0,0.0,0.6931471805599453,1.9459101490553132,1.0986122886681098,0.1934321572215864,0.0
GD,0.0,0.5941261547656673,0.0,0.0,0.9241962407465937,0.7675283643313486,0.891189232148501,0.0,0.5941261547656673,0.0,0.0,0.0,0.891189232148501,1.0750556815368328,0.0,0.40235947810852507,0.0,0.716703787691222,0.5941261547656673,1.3862943611198906,1.1295030226309093,0.0,0.3243183581758855,0.40235947810852507,0.0,1.2070784343255752,1.6215917908794277,0.5941261547656673,0.0,0.6931471805599453,0.0,0.0,0.716703787691222,0.23978952727983707,1.297273432703542,0.46209812037329684,0.9241962407465937,1.433407575382444,0.358351893845611,0.0,1.4387371636790223,0.7675283643313486,1.403319826681003,0.2395116125772334,0.0,0.40235947810852507,0.37024494557502263,0.34339872044851466,0.0,0.5941261547656673,0.0,0.5493061443340549,0.0,0.358351893845611,1.2070784343255752,0.5493061443340549,0.0,1.0750556815368328,0.0,0.7193685818395111,0.6931471805599453,0.0,0.19662627890412895,1.0986122886681098
GE,1.0750556815368328,0.0,0.46209812037329684,0.0,0.0,1.0750556815368328,0.3243183581758855,0.9729550745276566,1.023371152441798,0.716703787691222,0.648636716351771,0.716703787691222,1.3862943611198906,1.0986122886681098,0.46209812037329684,0.6931471805599453,0.0,0.46209812037329684,0.6412373393653842,0.9241962407465937,0.9729550745276566,0.0,0.0,1.0750556815368328,0.9241962407465937,0.46209812037329684,0.8047189562170501,0.716703787691222,0.0,1.0750556815368328,0.8239592165010823,0.891189232148501,0.3243183581758855,0.5941261547656673,0.9241962407465937,1.1882523095313346,0.358351893845611,0.0,1.297273432703542,0.0,0.9241962407465937,0.0,0.4518012090523637,0.5100656043346173,0.358351893845611,0.40235947810852507,0.7193685818395111,0.7393569925972749,0.0,0.8047189562170501,0.46209812037329684,0.46209812037329684,0.358351893845611,1.0986122886681098,0.9241962407465937,0.358351893845611,0.9036024181047274,0.716703787691222,0.3868643144431728,0.358351893845611,0.716703787691222,0.891189232148501,1.0624550040210812,0.5493061443340549
GF,2.7887850404652017,3.1739739169182686,1.355403627157091,0.0,2.0402624173384694,1.770758340035135,1.3086395462961955,0.6090132299112135,1.023371152441798,1.0150220498520226,0.5493061443340549,1.218026459822427,1.355403627157091,0.40235947810852507,0.46209812037329684,2.033105440735637,1.0986122886681098,0.8853791700175675,0.7359624888948371,0.648636716351771,2.0402624173384694,0.0,0.47957905455967414,0.812017639881618,2.718795576433081,0.5212954460834371,1.5474572577726913,0.0,0.358351893845611,1.0750556815368328,1.4962204585192298,0.0,3.1213595380964074,1.4787139851945499,1.1295030226309093,1.5936825060316215,0.6800874724461563,0.891189232148501,2.1249100080421623,1.2792139405522478,1.8776775645064505,1.2938747370452313,0.5802964716647593,0.8012636810465341,0.5941261547656673,0.4518012090523637,1.7102695723249906,0.1934321572215864,0.5941261547656673,1.355403627157091,0.9729550745276566,0.648636716351771,0.0,0.708303336014054,0.716703787691222,0.0,1.5222612188617115,2.0980546915917953,0.7675283643313486,0.891189232148501,0.0,0.46209812037329684,1.3415751881805393,0.0
GG,0.134119826036175,0.134119826036175,0.2558427881104495,0.0,0.5887699911158697,0.24682996371668176,0.9591581091193483,0.3243183581758855,0.0,0.0,0.7675283643313486,0.6800874724461563,1.3732653608351373,1.1882523095313346,0.0,1.8483924814931874,0.0,0.4274376393474135,0.891189232148501,1.6479184330021646,1.4210308697928313,0.0,0.27465307216702745,1.1882523095313346,0.3243183581758855,0.7675283643313486,0.6777018135785455,0.8047189562170501,0.358351893845611,0.511685576220899,0.27465307216702745,0.1934321572215864,0.0,0.6412373393653842,0.8549831191538455,1.709966238307691,0.22590060452618185,0.0,0.23978952727983707,0.0,1.2178089750893693,0.0,0.5545177444479562,0.5123174879117462,0.6412373393653842,0.891189232148501,0.5469760417000051,0.5119312769223013,0.46209812037329684,0.511685576220899,0.7675283643313486,0.5493061443340549,0.5941261547656673,1.1090354888959124,0.891189232148501,0.0,0.891189232148501,0.0,0.6089214666459971,0.6412373393653842,0.0,0.5493061443340549,0.9297044043721006,0.0
GH,0.0,0.6931471805599453,0.0,0.0,0.0,0.40235947810852507,1.2070784343255752,0.0,1.5350567286626973,0.0,0.0,0.6931471805599453,1.0986122886681098,0.0,0.0,1.0986122886681098,0.0,0.0,1.922571505169192,0.5493061443340549,1.0750556815368328,0.0,0.0,0.0,0.0,0.0,0.46209812037329684,0.0,0.0,0.46209812037329684,0.0,0.0,0.40235947810852507,0.3243183581758855,0.40235947810852507,0.9241962407465937,0.0,0.46209812037329684,0.0,0.0,0.40235947810852507,0.0,0.46209812037329684,1.3862943611198906,0.6931471805599453,1.782378464297002,0.0,0.46209812037329684,0.0,0.5493061443340549,0.46209812037329684,0.0,1.791759469228055,0.0,0.0,0.6931471805599453,0.5493061443340549,0.0,1.2070784343255752,0.0,0.0,0.0,1.0986122886681098,0.0
GI,1.4210308697928313,0.7193685818395111,0.8418239574966185,0.6800874724461563,1.0986122886681098,2.2328097871457415,0.40235947810852507,1.1989476363991853,1.4787139851945499,0.3868643144431728,0.5589896617418914,1.023371152441798,0.511685576220899,1.1036908376251544,1.433407575382444,1.3732653608351373,1.0986122886681098,1.603794087635432,0.6090132299112135,0.358351893845611,0.47957905455967414,4.747789561803756,1.5926865982541536,2.93511604914537,0.14719249777896742,1.355403627157091,0.0,1.0986122886681098,1.1295030226309093,0.716703787691222,0.29706307738283366,2.979485723019716,0.8355537150084693,0.42749155957692275,1.2938747370452313,1.068728898942307,1.8297053139705226,1.7592400249976667,0.23978952727983707,2.417914360088719,1.1901530767807735,1.0624550040210812,4.450884062098391,0.7536602084317737,1.3732653608351373,0.5941261547656673,1.9493282898488011,1.3032386152085929,1.4722194895832201,0.708303336014054,0.648636716351771,1.8072048362094548,0.4518012090523637,1.2435862814405005,0.5190903395141344,0.511685576220899,1.5474572577726913,2.802191604944184,0.9382613466654222,1.5813042316832728,2.321185886659037,0.13032386152085929,2.5547905341571564,2.9320667083294443
GK,0.5802964716647593,0.9591581091193483,2.3702295140333556,0.9729550745276566,0.42749155957692275,0.40008734148652353,1.6785266909588594,0.3243183581758855,1.2070784343255752,1.4387371636790223,3.2774342953216875,1.7908995167731467,0.9591581091193483,1.0150220498520226,1.2792139405522478,1.8072048362094548,0.5493061443340549,1.2216282810929606,1.6479184330021646,1.1882523095313346,1.9343215722158644,4.343877324134763,0.4163740232768238,3.5858708591375383,0.2595451697570672,0.47957905455967414,0.7077286138903786,1.2792139405522478,1.6094379124341003,1.355403627157091,1.4210308697928313,2.911322564970491,0.716703787691222,0.8549831191538455,1.6215917908794277,2.1972245773362196,1.5497654514833479,1.1090354888959124,0.648636716351771,0.6748666190238822,1.9548579228128893,1.5474572577726913,4.337403801209145,2.6256818284190038,1.9237120180961527,1.4387371636790223,1.9055226697259857,2.4883992269999107,0.3243183581758855,0.5545177444479562,1.5813042316832728,0.40235947810852507,0.6931471805599453,1.3601749448923126,0.6867974408970293,1.5350567286626973,1.1450596030091713,1.2971155075409828,3.621513434670249,1.5199387884272784,0.46209812037329684,2.9149220594018144,2.8871555601908874,0.45667836565851344
GL,0.5493061443340549,0.0,0.42756739308124764,0.0,1.1295030226309093,0.8848182550685804,0.406008819940809,0.29706307738283366,2.5970191275026977,1.354025100551105,0.708303336014054,1.4210308697928313,0.3243183581758855,0.354151668007027,1.4210308697928313,0.7393569925972749,0.0,0.6516193076042964,2.270079664070115,0.23978952727983707,0.22590060452618185,0.0,0.26064772304171857,0.8501093405576955,0.41452876048016685,1.218026459822427,0.7737286288863456,0.0,0.40235947810852507,0.5941261547656673,0.6090132299112135,0.0,0.44157749333690227,1.9343215722158644,2.2078874666845114,0.8853791700175675,1.4431267842799174,0.3868643144431728,0.5527050139735558,0.0,1.218026459822427,0.2558427881104495,0.45158309961105,0.5723312007475243,0.46209812037329684,1.1036908376251544,0.5700898574416636,1.1090354888959124,0.8047189562170501,0.15767011966073635,0.0,1.2824746787307684,0.406008819940809,0.7393569925972749,0.6090132299112135,0.5493061443340549,1.2792139405522478,0.39097158456257786,0.13817625349338894,1.1295030226309093,0.9591581091193483,0.5802964716647593,0.26823965207235,0.0
GM,0.0,0.6931471805599453,0.17002186811153908,0.0,0.0,0.6090132299112135,0.716703787691222,0.0,2.046742304883596,0.0,0.45667836565851344,1.4962204585192298,1.433407575382444,0.0,0.0,1.9459101490553132,0.0,0.0,2.0794415416798357,1.0986122886681098,0.8047189562170501,0.0,0.0,0.891189232148501,0.0,0.0,0.0,0.0,0.8047189562170501,0.0,0.46209812037329684,0.0,0.1934321572215864,0.716703787691222,0.716703787691222,1.782378464297002,0.0,0.0,0.0,0.5941261547656673,1.1882523095313346,0.0,0.4857696938229611,2.3761190724603036,1.433407575382444,1.9459101490553132,1.3432857556048436,2.344884655308477,0.0,0.7675283643313486,1.5350567286626973,1.0986122886681098,1.4853153869141684,0.9241962407465937,0.0,0.0,0.716703787691222,0.9814796597221467,2.9440639471783188,1.355403627157091,0.5493061443340549,0.0,2.9761222438871267,0.0
GN,1.5350567286626973,0.46209812037329684,0.0,0.0,0.0,0.34004373622307815,0.47957905455967414,0.716703787691222,0.21374577978846138,0.46209812037329684,0.0,0.0,0.0,0.0,1.0986122886681098,0.8047189562170501,0.0,0.6412373393653842,0.6412373393653842,0.0,0.891189232148501,0.0,0.16357994328702444,0.0,0.0,1.3862943611198906,0.5493061443340549,0.0,0.0,0.0,0.46209812037329684,2.3978952727983707,0.9241962407465937,0.29706307738283366,0.0,1.0750556815368328,0.36967849629863747,0.0,0.5493061443340549,0.0,0.358351893845611,0.0,0.0,0.12341498185834088,0.0,0.29706307738283366,0.0,0.0,0.0,0.40235947810852507,0.0,0.0,0.0,0.0,0.0,0.0,0.716703787691222,0.3153402393214727,0.0,0.0,0.0,0.0,1.766309973347609,2.4849066497880004
GP,0.5493061443340549,1.6094379124341003,0.5887699911158697,0.0,0.46209812037329684,1.8245340612920302,0.716703787691222,0.40235947810852507,0.9729550745276566,1.0986122886681098,0.13032386152085929,0.0,0.0,0.7193685818395111,1.2070784343255752,1.068728898942307,1.0986122886681098,0.47957905455967414,0.0,0.0,0.46209812037329684,2.399862668757455,0.0,0.891189232148501,0.9671607861079322,1.1295030226309093,0.0,0.358351893845611,0.0,0.9729550745276566,0.358351893845611,0.0,0.8178997164351224,0.3243183581758855,1.297273432703542,1.6479184330021646,0.0,1.9183162182386966,0.0,0.0,0.0,0.29706307738283366,0.0,0.0945866526695881,0.3243183581758855,0.0,0.6543197731480977,0.1770758340035135,0.2558427881104495,0.5941261547656673,0.5493061443340549,0.46209812037329684,1.0986122886681098,1.2792139405522478,0.27465307216702745,0.0,1.0986122886681098,0.4518012090523637,0.134119826036175,0.9241962407465937,0.46209812037329684,0.648636716351771,0.5527050139735558,0.0
GQ,1.1295030226309093,1.1882523095313346,0.26823965207235,0.0,0.0,0.5700898574416636,0.0,1.782378464297002,1.0150220498520226,1.3732653608351373,1.641957356664489,0.0,0.0,0.0,0.5493061443340549,1.1295030226309093,0.9241962407465937,0.8047189562170501,0.40235947810852507,0.6931471805599453,0.3243183581758855,3.564092096557751,1.1090354888959124,3.6362838162294646,0.12341498185834088,0.7193685818395111,0.854875278694827,0.46209812037329684,0.0,2.1972245773362196,0.9241962407465937,2.9515019694617846,0.30715876615338084,0.0,2.344884655308477,1.3732653608351373,0.7293013889333402,0.0,0.7675283643313486,0.24052113071331957,2.765993003203175,0.0,0.05288870543440853,1.3905760386175972,0.2558427881104495,0.40235947810852507,0.9580464503089337,1.1882523095313346,1.0750556815368328,0.0,0.27465307216702745,0.0,0.0,1.7908995167731467,0.9241962407465937,0.0,0.8047189562170501,0.5504555885814056,1.267629563847819,0.648636716351771,0.0,3.8321858012357346,1.0238625538446027,0.0
GR,2.060694968905544,2.1459172165788,0.46209812037329684,1.5474572577726913,2.210820055894223,1.1605929433295186,1.9629593194442934,1.4962204585192298,1.023371152441798,1.7962912954140562,1.218026459822427,1.6744873407478829,0.8047189562170501,1.4210308697928313,1.297273432703542,1.5813042316832728,1.1882523095313346,1.7169936022425731,1.7993793761572692,0.9729550745276566,1.8527920366854067,0.40235947810852507,1.1882523095313346,1.1882523095313346,1.9135024711265767,1.8267134626340538,1.3732653608351373,0.7193685818395111,1.740889414994278,1.4387371636790223,1.2824746787307684,1.2178089750893693,2.060694968905544,1.1295030226309093,1.2824746787307684,1.5813042316832728,1.4722194895832201,1.782378464297002,2.02820730215651,0.4936599274333635,1.354025100551105,0.46209812037329684,0.5802964716647593,1.179757673424774,0.8239592165010823,0.5493061443340549,1.8822430913767483,0.9133567313170269,1.8483924814931874,1.3732653608351373,1.624035279763236,0.0,1.3732653608351373,1.4387371636790223,0.9729550745276566,1.7908995167731467,1.8483924814931874,1.5246746883313111,0.4578649605980195,0.4518012090523637,1.9183162182386966,1.6215917908794277,0.7865051156165158,0.708303336014054
GS,2.1110880299972,2.215505645854608,0.9976572505229112,0.0,2.0117973905426254,2.006065507024569,2.345829507375467,0.8047189562170501,0.8190900430756822,0.29706307738283366,0.4936599274333635,1.5199387884272784,1.6479184330021646,1.1295030226309093,0.0,2.4849066497880004,1.0986122886681098,1.966785503324895,1.0823450882099381,1.6094379124341003,1.0201312086692347,2.6454762802678897,0.7883505983036818,0.5864133416658889,1.6043947641584313,1.993805361664022,1.1090354888959124,0.42749155957692275,0.3243183581758855,0.648636716351771,0.7737286288863456,0.0,1.394556606558151,0.8831549866738045,0.7126123218020795,2.030044099704045,0.6090132299112135,1.5767011966073636,1.267629563847819,0.5545177444479562,1.8039084803498968,0.8549831191538455,1.8141579520559148,1.2112107921996471,0.8239592165010823,1.3700350969755404,1.4002216422432798,0.7883505983036818,0.0,1.8245340612920302,1.1295030226309093,0.9729550745276566,1.2824746787307684,1.3411982603617503,0.5545177444479562,0.358351893845611,1.0150220498520226,1.5638863382503114,0.7863651265448652,0.812017639881618,0.40235947810852507,0.9591581091193483,1.0425908921668743,0.0
GT,0.3868643144431728,0.47957905455967414,2.6142265158010396,0.0,0.42749155957692275,0.47957905455967414,0.5493061443340549,0.716703787691222,0.6090132299112135,0.8047189562170501,3.2087895283168626,0.0,0.46209812037329684,0.0,0.511685576220899,0.9591581091193483,0.0,0.10685940983685338,0.36967849629863747,0.3243183581758855,1.2792139405522478,1.9959301048102787,0.3243183581758855,3.127772676500623,0.8853791700175675,0.0,2.559656384611507,0.0,0.0,0.716703787691222,0.648636716351771,2.4050883945369566,1.9453388523047452,0.8047189562170501,0.7359624888948371,1.1989476363991853,0.0,0.27465307216702745,0.3243183581758855,0.21374577978846138,1.0201312086692347,0.0,3.715685889632691,2.0117973905426254,0.40235947810852507,0.3243183581758855,0.6543197731480977,0.7393569925972749,0.0,0.406008819940809,0.0,0.0,0.29706307738283366,0.40235947810852507,2.7081884344831684,0.0,0.716703787691222,0.0,1.2178089750893693,1.1882523095313346,0.0,2.8385445827418403,0.8012636810465341,0.0
GV,0.47957905455967414,1.068728898942307,0.8853791700175675,1.0986122886681098,0.3243183581758855,1.0201312086692347,0.9241962407465937,0.8047189562170501,1.2395308380245946,1.791759469228055,0.5100656043346173,1.3732653608351373,0.891189232148501,1.2792139405522478,1.5350567286626973,1.4787139851945499,0.46209812037329684,1.5222612188617115,1.4210308697928313,0.40235947810852507,1.8270396897336403,0.0,0.0,0.6090132299112135,0.23978952727983707,1.068728898942307,1.0201312086692347,0.3243183581758855,0.6931471805599453,0.0,1.2070784343255752,0.0,0.5545177444479562,0.0,0.812017639881618,1.3601749448923126,1.218026459822427,0.716703787691222,1.1989476363991853,0.5493061443340549,0.9241962407465937,1.1295030226309093,0.24323876863191415,0.812017639881618,0.23978952727983707,1.355403627157091,0.8047189562170501,0.8047189562170501,0.46209812037329684,0.8047189562170501,0.648636716351771,1.1882523095313346,1.782378464297002,0.7193685818395111,0.8549831191538455,0.5493061443340549,0.716703787691222,0.3868643144431728,1.624035279763236,1.3862943611198906,1.0986122886681098,0.9729550745276566,1.2824746787307684,0.0
GW,0.0,0.0,0.0,1.2070784343255752,0.6931471805599453,2.62534881637439,0.0,0.0,2.3978952727983707,0.6931471805599453,0.0,1.9459101490553132,1.6094379124341003,1.791759469228055,0.5493061443340549,2.1972245773362196,0.0,0.6931471805599453,2.2590060452618186,1.3862943611198906,0.0,3.0545779192989335,1.0624550040210812,0.0,0.0,1.6094379124341003,0.0,1.0986122886681098,0.0,0.0,1.3862943611198906,0.0,0.0,1.5350567286626973,1.791759469228055,0.0,0.8047189562170501,1.6479184330021646,0.0,0.0,0.9241962407465937,1.3862943611198906,2.8969754393746405,3.0325027583292057,0.9729550745276566,0.0,1.3601749448923126,2.707926822847902,0.0,2.6494649600214135,0.5493061443340549,1.0986122886681098,1.0986122886681098,1.791759469228055,0.7675283643313486,0.0,0.0,0.9729550745276566,1.8483924814931874,0.9241962407465937,1.9459101490553132,0.6412373393653842,2.9929717515687337,0.0
GY,2.380306153561547,1.87024054922693,0.5700898574416636,0.0,2.1249100080421623,0.4691306733327111,1.6785266909588594,0.0,0.358351893845611,0.7675283643313486,0.18483924814931874,1.3732653608351373,1.2070784343255752,0.0,0.46209812037329684,1.2070784343255752,0.0,2.487172562881001,0.6412373393653842,0.5493061443340549,1.2938747370452313,4.6981214000079445,0.0,1.6785266909588594,1.8527920366854067,1.922571505169192,1.1295030226309093,0.716703787691222,0.0,0.8047189562170501,1.2792139405522478,0.5100656043346173,2.0117973905426254,1.2792139405522478,0.8047189562170501,1.433407575382444,1.6635532333438687,1.4853153869141684,2.5877494740904625,0.18483924814931874,0.8549831191538455,1.922571505169192,4.364245798223855,1.5677471079645748,0.8239592165010823,0.2558427881104495,1.6942101997711707,0.8549831191538455,0.0,1.3732653608351373,0.46209812037329684,0.6931471805599453,0.0,1.023371152441798,0.5545177444479562,0.9241962407465937,2.218070977791825,1.425224643604159,0.9591581091193483,0.0,0.3243183581758855,0.7193685818395111,0.6089044875446846,0.0
HA,0.358351893845611,0.9241962407465937,0.0,0.0,1.0986122886681098,0.29706307738283366,0.0,0.0,0.9729550745276566,0.0,0.0,0.9241962407465937,0.9241962407465937,0.0,0.0,0.0,0.0,0.5493061443340549,0.0,1.0986122886681098,0.648636716351771,0.0,0.0,0.4518012090523637,0.0,0.0,0.0,0.5493061443340549,0.0,1.0750556815368328,0.0,0.0,0.891189232148501,1.0750556815368328,0.0,0.0,0.0,0.7675283643313486,0.0,0.0,0.5493061443340549,0.0,0.46209812037329684,0.511685576220899,0.29706307738283366,0.0,1.4853153869141684,0.0,0.0,0.0,0.9729550745276566,0.0,0.0,0.3243183581758855,0.358351893845611,0.0,0.9241962407465937,0.511685576220899,0.0,0.6931471805599453,0.0,0.0,0.358351893845611,0.0
HC,0.0,0.0,0.0,0.0,0.0,0.0,0.0,0.648636716351771,0.8047189562170501,1.297273432703542,0.0,0.0,0.9241962407465937,0.0,0.0,0.0,0.0,0.0,0.9241962407465937,0.0,1.2070784343255752,0.0,0.0,0.0,0.0,0.0,0.0,0.0,0.0,0.0,0.0,0.0,0.0,0.0,0.511685576220899,0.0,0.0,0.46209812037329684,0.716703787691222,0.46209812037329684,0.0,0.0,0.0,0.45667836565851344,0.9729550745276566,0.0,0.0,0.0,0.0,0.9241962407465937,1.3862943611198906,0.0,0.0,0.0,0.0,0.0,0.0,0.0,0.0,0.0,0.0,0.0,0.0,0.0
HD,0.0,0.0,0.6931471805599453,0.5493061443340549,0.9241962407465937,0.0,0.0,0.6931471805599453,0.5493061443340549,0.0,0.46209812037329684,1.0986122886681098,0.0,0.0,0.6931471805599453,0.0,0.0,0.46209812037329684,1.0750556815368328,0.6931471805599453,0.0,0.0,0.0,0.0,0.0,0.0,0.9241962407465937,0.0,0.6931471805599453,0.0,0.0,0.0,0.46209812037329684,1.0986122886681098,0.0,0.0,1.3862943611198906,0.8047189562170501,0.9241962407465937,0.6931471805599453,0.5493061443340549,0.8047189562170501,1.297273432703542,1.0986122886681098,0.0,0.0,1.433407575382444,0.0,0.0,0.0,0.0,0.5493061443340549,0.0,0.0,0.0,0.0,0.0,1.433407575382444,0.0,0.0,0.0,0.0,0.0,0.0
HE,0.0,0.6931471805599453,0.0,0.9241962407465937,0.0,0.40235947810852507,0.0,0.40235947810852507,0.0,0.0,0.6931471805599453,0.0,0.8047189562170501,0.0,0.0,0.0,0.0,0.0,0.358351893845611,0.0,1.0986122886681098,0.0,0.0,0.0,0.0,0.0,0.0,0.0,0.0,1.0986122886681098,0.0,0.0,0.0,0.0,0.40235947810852507,0.0,0.0,0.0,0.0,0.5493061443340549,0.0,0.0,0.0,0.6931471805599453,0.0,0.0,0.5493061443340549,0.0,1.0986122886681098,0.9241962407465937,0.0,0.0,0.0,0.8047189562170501,0.0,0.0,0.0,0.5493061443340549,0.0,0.0,0.0,0.0,0.0,0.0
HF,0.0,0.0,0.6931471805599453,0.0,0.0,0.0,0.0,0.0,0.0,0.0,0.46209812037329684,0.0,0.0,0.0,0.0,0.0,0.0,0.0,0.0,0.0,0.0,0.0,0.0,0.0,0.0,0.0,0.0,0.0,0.0,0.0,0.0,0.0,0.46209812037329684,0.0,0.0,0.0,0.0,0.0,0.0,0.0,0.40235947810852507,0.0,0.0,0.0,0.0,0.0,0.0,0.0,0.0,0.0,0.0,0.0,0.0,0.0,0.0,0.0,0.0,0.0,0.0,0.0,0.0,0.0,0.0,0.0
HG,0.6931471805599453,1.2070784343255752,0.5493061443340549,0.0,0.0,0.7393569925972749,1.0986122886681098,1.2070784343255752,0.0,0.0,0.6090132299112135,1.023371152441798,0.716703787691222,0.6931471805599453,0.0,1.0986122886681098,0.0,0.0,0.648636716351771,0.8047189562170501,1.0750556815368328,0.0,0.5493061443340549,0.0,0.6931471805599453,0.0,1.0986122886681098,0.0,0.0,0.0,0.6931471805599453,0.2030044099704045,0.9729550745276566,0.358351893845611,0.648636716351771,1.3862943611198906,0.0,0.0,0.0,0.0,1.0986122886681098,0.46209812037329684,0.30715876615338084,1.0986122886681098,1.0986122886681098,0.0,0.29706307738283366,1.6094379124341003,0.6931471805599453,1.2070784343255752,1.0750556815368328,0.0,0.0,0.0,0.9241962407465937,0.0,0.8047189562170501,0.0,0.46209812037329684,0.5493061443340549,1.3862943611198906,0.0,0.5493061443340549,0.0
HH,0.0,0.0,0.0,0.6931471805599453,0.0,0.0,0.6931471805599453,0.0,0.0,0.0,0.0,0.0,0.0,0.0,0.5493061443340549,0.0,0.0,0.0,0.0,0.0,0.6931471805599453,0.0,0.0,0.0,0.0,0.0,0.6931471805599453,0.0,0.0,0.0,0.0,0.0,0.0,0.5493061443340549,0.0,0.0,0.0,0.6931471805599453,0.0,0.6931471805599453,0.0,0.0,0.0,0.0,0.0,0.0,0.0,0.0,0.0,0.0,0.0,0.0,0.0,0.0,0.0,0.0,0.0,0.5493061443340549,0.0,0.0,0.0,0.0,0.0,0.0
HI,0.0,0.0,0.6931471805599453,0.0,0.0,0.0,0.0,0.0,0.40235947810852507,0.0,0.0,0.5493061443340549,0.46209812037329684,0.0,0.0,1.0986122886681098,0.6931471805599453,0.0,0.0,0.5493061443340549,1.3862943611198906,0.0,0.0,0.0,0.6931471805599453,0.0,0.0,0.6931471805599453,0.0,0.5493061443340549,0.0,0.6931471805599453,0.46209812037329684,0.0,1.0986122886681098,0.648636716351771,0.0,0.6931471805599453,0.0,0.0,0.0,0.0,0.0,0.9241962407465937,0.5493061443340549,0.46209812037329684,0.8047189562170501,0.0,0.0,0.0,0.46209812037329684,0.0,0.0,0.0,0.40235947810852507,0.9241962407465937,0.46209812037329684,0.0,1.3862943611198906,0.46209812037329684,0.0,0.46209812037329684,0.8047189562170501,0.0
HK,0.0,0.6931471805599453,0.0,0.0,0.5493061443340549,0.2558427881104495,0.0,0.6931471805599453,0.0,0.0,0.6931471805599453,0.0,0.0,0.0,0.0,0.0,0.0,0.2030044099704045,0.40235947810852507,0.0,1.0986122886681098,0.0,0.0,0.5493061443340549,0.0,0.0,0.0,0.0,0.6931471805599453,1.0986122886681098,0.0,3.1780538303479458,0.6931471805599453,0.6931471805599453,0.40235947810852507,0.0,0.0,0.0,0.0,1.3862943611198906,1.0750556815368328,0.0,0.0,0.27465307216702745,0.0,0.6931471805599453,0.7193685818395111,0.0,0.0,0.0,0.0,0.0,0.0,0.9241962407465937,0.0,0.6931471805599453,0.0,2.66202208408042,1.0750556815368328,0.6931471805599453,0.0,0.0,3.0847559988320254,3.1780538303479458
HL,0.0,0.648636716351771,0.3243183581758855,0.6931471805599453,0.0,0.42749155957692275,1.8267134626340538,0.8047189562170501,1.7102695723249906,1.0986122886681098,0.3243183581758855,0.0,0.8047189562170501,0.0,0.40235947810852507,0.0,0.0,1.0986122886681098,1.9789395845202251,0.0,0.5493061443340549,0.10685940983685338,0.0,0.0,0.0,1.5350567286626973,1.0750556815368328,0.812017639881618,0.0,0.0,0.0,0.46209812037329684,1.023371152441798,0.21374577978846138,0.6090132299112135,0.46209812037329684,1.5813042316832728,0.0,0.0,0.0,1.6094379124341003,0.40235947810852507,0.33539379704513483,0.5802964716647593,0.0,1.355403627157091,0.5493061443340549,0.47957905455967414,0.9241962407465937,0.4518012090523637,0.0,0.0,1.3732653608351373,0.40235947810852507,0.40235947810852507,0.0,0.358351893845611,0.0,0.7675283643313486,0.46209812037329684,0.716703787691222,0.0,0.891189232148501,0.716703787691222
HM,0.0,0.0,0.0,0.0,0.0,0.0,0.0,0.0,0.0,0.6931471805599453,0.0,0.0,0.0,0.0,0.0,0.0,0.0,0.0,0.6931471805599453,0.0,0.0,0.0,0.0,0.0,0.0,0.0,0.0,0.0,0.0,0.0,0.0,0.0,0.0,0.0,0.0,0.0,0.6931471805599453,0.0,0.0,0.0,0.0,0.0,0.0,0.0,0.0,0.0,0.0,0.0,0.0,0.0,0.0,0.0,0.0,0.0,0.0,0.0,0.0,0.0,0.0,0.0,0.0,0.0,0.0,0.0
HN,1.791759469228055,0.0,1.2070784343255752,0.6931471805599453,0.5493061443340549,0.0,0.0,1.6094379124341003,1.5350567286626973,1.782378464297002,0.0,0.0,0.716703787691222,0.0,0.6931471805599453,0.0,0.0,0.5493061443340549,1.0750556815368328,0.0,1.0986122886681098,2.1972245773362196,1.2070784343255752,0.0,1.3862943611198906,1.3862943611198906,0.0,0.0,0.6931471805599453,1.0750556815368328,0.0,0.9241962407465937,0.46209812037329684,0.40235947810852507,1.4853153869141684,0.0,0.9241962407465937,1.6094379124341003,1.297273432703542,1.0750556815368328,0.8047189562170501,0.716703787691222,0.0,0.0,0.0,0.0,0.0,0.0,0.0,0.9241962407465937,0.0,0.6931471805599453,0.0,0.40235947810852507,0.0,0.0,0.0,0.46209812037329684,0.9241962407465937,0.0,0.0,0.0,1.0986122886681098,0.0
HP,1.297273432703542,0.9241962407465937,0.7393569925972749,1.0986122886681098,1.2070784343255752,0.9460207179644181,0.0,1.297273432703542,1.6215917908794277,1.0750556815368328,1.0555440149986,0.40235947810852507,0.46209812037329684,1.0986122886681098,0.0,1.5813042316832728,0.9241962407465937,0.6931471805599453,1.8270396897336403,1.6215917908794277,0.0,3.6388038675261396,1.5222612188617115,1.4719249777896741,0.511685576220899,0.46209812037329684,0.0,2.1581057455185335,1.1882523095313346,0.0,0.8047189562170501,0.25352591276956377,0.6089044875446846,1.9183162182386966,0.40235947810852507,1.2070784343255752,0.0,0.9591581091193483,0.5493061443340549,0.0,1.1882523095313346,1.782378464297002,3.9136961974928925,1.463966848848582,1.3732653608351373,0.3243183581758855,0.9460207179644181,1.2395308380245946,1.0750556815368328,1.1401797148833273,1.0750556815368328,0.6931471805599453,0.6931471805599453,0.8239592165010823,0.0,1.6094379124341003,0.9729550745276566,0.0,1.065582853203198,0.7675283643313486,1.6215917908794277,0.5802964716647593,1.5474572577726913,0.0
HQ,0.0,0.0,0.0,0.0,0.0,0.0,0.6931471805599453,0.0,0.29706307738283366,0.0,0.0,0.0,0.0,0.0,0.0,0.0,0.0,0.0,0.0,0.0,0.6931471805599453,0.0,0.0,0.0,0.0,0.0,0.6931471805599453,0.0,0.0,0.0,0.0,0.0,0.0,0.46209812037329684,0.0,0.0,0.0,0.40235947810852507,0.0,0.0,0.8047189562170501,1.6094379124341003,2.5615874395587315,0.0,0.0,0.0,0.0,0.0,0.0,0.0,0.0,0.0,0.0,0.0,0.0,0.0,0.0,0.0,0.0,0.0,0.0,0.0,0.0,0.0
HR,0.46209812037329684,0.0,0.0,0.0,0.0,0.0,0.6931471805599453,0.5493061443340549,0.0,0.8047189562170501,0.0,0.0,1.0986122886681098,0.0,0.0,1.0986122886681098,0.0,0.0,0.0,1.0986122886681098,0.6931471805599453,0.11728266833317777,0.0,0.5493061443340549,0.0,0.0,0.5493061443340549,0.46209812037329684,0.0,0.6931471805599453,0.0,0.6931471805599453,0.5493061443340549,0.0,0.0,0.0,0.0,0.9241962407465937,0.46209812037329684,0.0,0.0,0.5493061443340549,0.12676295638478188,0.358351893845611,0.0,0.0,0.5493061443340549,0.716703787691222,0.0,1.3862943611198906,1.0986122886681098,0.0,0.0,0.40235947810852507,0.5493061443340549,0.0,0.46209812037329684,0.0,0.8047189562170501,0.46209812037329684,0.9241962407465937,0.0,1.433407575382444,0.6931471805599453
HS,0.716703787691222,1.0986122886681098,0.9241962407465937,0.6931471805599453,0.0,0.0,1.297273432703542,0.0,1.0750556815368328,0.0,1.5813042316832728,0.0,0.0,0.6931471805599453,1.2070784343255752,0.0,0.0,0.0,0.0,0.0,0.6931471805599453,0.0,0.0,0.0,1.0986122886681098,0.29706307738283366,1.0986122886681098,0.0,0.0,0.5493061443340549,1.0986122886681098,0.6931471805599453,1.1989476363991853,0.8239592165010823,1.297273432703542,0.9729550745276566,0.0,0.0,0.9241962407465937,1.0750556815368328,1.1989476363991853,1.1882523095313346,3.091042453358316,3.76279898018256,0.716703787691222,0.0,2.3477565793159436,3.6635616461296463,0.0,0.0,0.0,0.0,0.0,0.0,0.5493061443340549,1.0986122886681098,1.1882523095313346,0.0,3.873331439925631,1.4853153869141684,0.0,0.6931471805599453,3.435054161701485,0.0
HT,0.0,0.0,0.0,0.0,0.0,2.6223806710998603,0.0,1.791759469228055,0.0,0.6931471805599453,0.0,0.0,0.0,0.0,0.0,0.0,0.0,3.0325027583292057,0.0,0.0,0.0,0.0,3.1690739096195473,0.0,2.961959564600181,0.0,0.0,0.6931471805599453,0.0,1.791759469228055,0.0,2.7471897635881173,0.0,0.0,0.0,0.0,3.2421400381029697,0.3243183581758855,0.0,3.2188758248682006,0.0,0.0,0.0,0.0,0.0,0.0,2.5654043584874864,0.8047189562170501,0.0,0.0,0.0,0.0,0.0,0.0,0.0,0.0,0.0,3.810740708566655,0.0,0.40235947810852507,0.5493061443340549,0.0,3.258096538021482,2.794948308709457
HV,1.023371152441798,1.297273432703542,1.4387371636790223,0.0,1.0986122886681098,0.46209812037329684,1.0986122886681098,1.1882523095313346,1.5350567286626973,0.891189232148501,0.5493061443340549,0.9241962407465937,0.9241962407465937,0.0,0.8047189562170501,0.0,0.9241962407465937,0.0,0.0,0.0,0.5493061443340549,0.0,0.9241962407465937,0.40235947810852507,0.0,0.0,0.46209812037329684,1.433407575382444,0.0,0.5493061443340549,0.9241962407465937,0.8239592165010823,1.8483924814931874,1.2070784343255752,1.1882523095313346,0.0,0.0,0.0,0.358351893845611,0.9241962407465937,1.1882523095313346,1.0750556815368328,1.624035279763236,0.6306804786429454,1.3862943611198906,0.46209812037329684,1.1882523095313346,1.1605929433295186,0.0,1.0986122886681098,0.6931471805599453,1.3862943611198906,0.0,0.9241962407465937,0.40235947810852507,0.6931471805599453,1.5350567286626973,0.0,1.6785266909588594,0.0,1.0986122886681098,0.0,0.9671607861079322,0.0
HW,2.4849066497880004,2.4849066497880004,0.0,0.0,2.2330485096744495,0.40235947810852507,0.6931471805599453,0.40235947810852507,0.6931471805599453,0.0,0.0,0.358351893845611,0.0,0.0,0.0,0.6931471805599453,0.0,2.033231729642506,0.0,0.0,0.0,0.5493061443340549,0.0,0.0,1.3862943611198906,0.0,0.5493061443340549,0.0,0.0,0.0,0.3243183581758855,0.40235947810852507,2.4849066497880004,0.5493061443340549,0.6931471805599453,0.6931471805599453,0.0,0.0,0.5493061443340549,0.0,0.0,0.0,0.0,0.46209812037329684,0.6931471805599453,0.0,0.46209812037329684,0.716703787691222,0.0,0.46209812037329684,0.5493061443340549,0.0,0.0,0.0,0.0,0.6931471805599453,0.5493061443340549,0.0,0.9241962407465937,0.40235947810852507,0.6931471805599453,0.5493061443340549,1.2070784343255752,0.0
HY,0.0,0.0,1.0986122886681098,0.0,0.0,0.0,0.9241962407465937,0.0,0.0,0.0,0.9241962407465937,0.6931471805599453,0.6931471805599453,0.0,0.0,0.0,0.0,0.0,0.0,0.6931471805599453,0.6931471805599453,0.0,0.0,0.0,0.0,0.46209812037329684,1.0986122886681098,0.6931471805599453,0.0,0.0,0.0,0.0,1.0986122886681098,0.0,0.0,0.0,0.0,0.0,0.6931471805599453,0.0,1.2070784343255752,0.0,2.0794415416798357,1.6094379124341003,0.6931471805599453,0.0,0.5493061443340549,1.6094379124341003,0.0,0.8047189562170501,0.6931471805599453,0.0,0.0,0.0,0.6931471805599453,0.0,0.0,0.0,0.9241962407465937,0.0,0.46209812037329684,0.6931471805599453,0.5493061443340549,0.0
IA,0.5941261547656673,0.8549831191538455,0.29438499555793485,1.1882523095313346,0.9729550745276566,0.18483924814931874,0.7193685818395111,1.2792139405522478,0.40235947810852507,1.1989476363991853,0.35184800499953334,0.0,1.297273432703542,1.433407575382444,1.1882523095313346,0.358351893845611,1.297273432703542,0.7359624888948371,1.0150220498520226,0.0,1.0986122886681098,1.6389879194374126,0.2763525069867779,0.5802964716647593,0.0,0.9036024181047274,0.1770758340035135,0.0,0.7675283643313486,0.716703787691222,0.0,2.3209825416901926,0.0,0.40235947810852507,0.47957905455967414,0.9591581091193483,0.5312275020105406,0.0,0.5941261547656673,2.8510810441098697,0.9036024181047274,0.0,0.5306381621758566,1.0030327535122845,1.4853153869141684,0.46209812037329684,2.270079664070115,0.49073982986107334,0.5493061443340549,0.9241962407465937,1.5350567286626973,0.8047189562170501,1.1882523095313346,0.0,0.22590060452618185,0.648636716351771,0.47957905455967414,2.382265757815437,0.8853791700175675,0.0,0.9241962407465937,0.0,0.6908812674669447,0.5493061443340549
IC,0.0,0.0,0.716703787691222,0.0,0.0,0.0,0.0,0.0,0.0,0.0,0.0,0.6931471805599453,0.0,0.0,0.0,0.0,0.0,0.6931471805599453,0.0,0.0,0.0,0.08955238370698958,0.0,0.5493061443340549,0.0,0.0,0.0,0.0,0.0,0.5493061443340549,0.0,0.0,0.40235947810852507,0.0,0.0,0.0,0.0,0.0,0.0,0.0,1.0986122886681098,0.0,0.0,0.0,0.0,0.5493061443340549,0.46209812037329684,0.0,0.0,0.0,0.0,0.0,0.6931471805599453,0.3243183581758855,0.0,0.0,0.46209812037329684,0.0,0.0,0.0,0.0,0.0,0.0,0.0
ID,0.9241962407465937,1.3862943611198906,0.7737286288863456,0.0,0.8047189562170501,2.030044099704045,0.716703787691222,0.358351893845611,1.8483924814931874,1.1605929433295186,1.068728898942307,2.0794415416798357,0.46209812037329684,0.0,0.0,0.9241962407465937,1.2070784343255752,0.0,1.619117475568642,0.0,0.9241962407465937,2.210284285450008,1.87024054922693,0.0,1.2070784343255752,0.9036024181047274,0.5493061443340549,1.218026459822427,0.5493061443340549,0.0,0.8047189562170501,0.3243183581758855,1.023371152441798,1.4787139851945499,1.068728898942307,0.46209812037329684,0.511685576220899,1.4853153869141684,1.0750556815368328,0.0,0.648636716351771,0.0,2.030044099704045,0.915729921196039,1.0750556815368328,0.22590060452618185,1.2938747370452313,1.5677471079645748,1.6215917908794277,1.023371152441798,0.0,1.6094379124341003,0.648636716351771,0.0,0.40235947810852507,0.648636716351771,1.023371152441798,1.2070784343255752,1.1989476363991853,0.9729550745276566,1.782378464297002,0.358351893845611,1.3086395462961955,1.2070784343255752
IE,1.355403627157091,0.0,1.5677471079645748,0.0,0.8047189562170501,2.2493914712279164,0.9241962407465937,1.0986122886681098,1.4809797823000905,1.433407575382444,1.7696365101371607,1.5474572577726913,0.6777018135785455,0.5941261547656673,2.033231729642506,0.5941261547656673,0.5493061443340549,3.0185441734062133,1.1901530767807735,0.9241962407465937,0.9729550745276566,0.09770526413483879,0.8549831191538455,0.6089044875446846,0.9241962407465937,0.23978952727983707,0.47957905455967414,1.023371152441798,0.46209812037329684,0.7193685818395111,1.1882523095313346,0.3271598865740489,1.5638863382503114,1.1295030226309093,2.154970258541292,1.1989476363991853,3.0090982605368537,0.9671607861079322,0.5493061443340549,1.1989476363991853,2.3650517949110452,1.5474572577726913,1.4880087346763622,3.6644044064654717,1.0750556815368328,1.0986122886681098,2.3062474107536373,3.5733986367231556,0.5493061443340549,0.7737286288863456,1.6479184330021646,1.355403627157091,0.0,0.7675283643313486,0.3271598865740489,0.5941261547656673,0.8239592165010823,0.9133567313170269,3.809262230355865,1.416606672028108,2.046742304883596,0.0,2.6715554568216473,0.5941261547656673
IF,0.0,0.358351893845611,0.3271598865740489,0.6931471805599453,1.433407575382444,1.9014443457717283,0.7193685818395111,1.7908995167731467,1.7343713162681,1.0986122886681098,0.3868643144431728,1.5936825060316215,0.891189232148501,1.0986122886681098,0.5493061443340549,0.0,0.46209812037329684,2.321185886659037,1.6744873407478829,0.0,0.0,3.3864817146770254,0.44157749333690227,0.0,0.0,1.6785266909588594,0.0,1.0986122886681098,0.5493061443340549,1.355403627157091,0.0,0.27465307216702745,0.354151668007027,0.9241962407465937,1.4387371636790223,0.511685576220899,1.9478341740386487,1.2395308380245946,0.648636716351771,0.0,0.6800874724461563,1.0986122886681098,2.6151834293100724,0.0,0.23978952727983707,1.4210308697928313,0.9036024181047274,1.791759469228055,0.648636716351771,2.2901192060183426,0.5941261547656673,1.6215917908794277,2.033105440735637,1.2395308380245946,1.3862943611198906,0.0,0.5493061443340549,1.7343713162681,0.46209812037329684,0.5493061443340549,1.6094379124341003,0.40235947810852507,0.716703787691222,0.0
IG,0.3243183581758855,0.0,0.6777018135785455,0.47957905455967414,0.0,0.0,2.0794415416798357,0.0,1.0750556815368328,0.9729550745276566,1.218026459822427,1.5474572577726913,1.023371152441798,0.7193685818395111,1.2792139405522478,1.425224643604159,0.716703787691222,0.6090132299112135,0.358351893845611,0.9729550745276566,1.1295030226309093,0.0,0.15767011966073635,0.9133567313170269,1.2938747370452313,0.891189232148501,0.511685576220899,0.0,0.5941261547656673,0.648636716351771,0.8239592165010823,0.358351893845611,0.3868643144431728,1.0986122886681098,1.2613609572858908,2.1265392627313178,0.5312275020105406,0.812017639881618,0.3243183581758855,0.9241962407465937,1.3817625349338893,0.9591581091193483,1.1103307287381967,3.490654558670963,1.624035279763236,1.023371152441798,1.5073204168635475,3.5151184861256204,0.891189232148501,0.3243183581758855,1.0150220498520226,0.5493061443340549,0.0,0.8549831191538455,0.9241962407465937,0.0,1.1605929433295186,0.6867974408970293,3.741414782072355,1.1901530767807735,0.0,0.0,3.6743187783095683,0.0
IH,2.4790616760491893,2.70805020110221,1.1882523095313346,0.0,2.3019858420456756,0.9729550745276566,0.0,0.5493061443340549,0.5493061443340549,0.5941261547656673,1.9183162182386966,0.0,0.0,0.0,0.6931471805599453,1.0986122886681098,0.8047189562170501,2.402910225941144,0.0,0.0,0.0,0.46209812037329684,1.0750556815368328,0.0,2.321185886659037,0.0,0.0,1.433407575382444,0.0,0.0,1.068728898942307,0.5941261547656673,2.4356179501787385,0.3243183581758855,0.46209812037329684,1.0986122886681098,0.5941261547656673,0.0,0.0,1.0750556815368328,0.9591581091193483,0.8239592165010823,1.8512247278751133,2.268834589323448,1.2792139405522478,0.0,1.4335624767294521,2.5917146190251588,0.0,0.648636716351771,1.3862943611198906,0.0,0.0,0.0,0.0,0.6931471805599453,0.358351893845611,0.0,2.866815150764888,0.7193685818395111,0.0,0.46209812037329684,2.4577664262476278,1.0986122886681098
II,0.40235947810852507,0.0,0.14719249777896742,0.0,0.46209812037329684,3.1686728254168925,0.27465307216702745,0.9036024181047274,0.0,0.8047189562170501,0.49073982986107334,0.3243183581758855,0.5493061443340549,0.0,0.9729550745276566,0.5941261547656673,0.5493061443340549,3.8589134376312684,0.0,0.358351893845611,0.40235947810852507,0.0,2.927933697697164,0.0,0.511685576220899,0.648636716351771,0.36078169606997934,0.0,0.0,1.297273432703542,0.40235947810852507,2.0087726617617694,0.40235947810852507,0.2030044099704045,0.6306804786429454,1.0986122886681098,3.732598840499866,0.0,0.46209812037329684,2.906746241057835,1.2395308380245946,0.0,0.5212954460834371,0.47301035898220906,0.358351893845611,0.0,2.4102379250852937,0.0,0.0,0.8047189562170501,0.0,0.8047189562170501,0.0,0.8047189562170501,0.0,0.0,1.433407575382444,3.5753828676236594,1.4210308697928313,0.0,0.0,0.0,3.1687099775789975,3.0423109532347654
IK,1.709966238307691,1.1295030226309093,0.7021229274585992,2.046742304883596,0.5493061443340549,1.337856742533489,0.0,1.2070784343255752,1.218026459822427,1.4787139851945499,1.1107348367250678,0.648636716351771,1.5350567286626973,2.1277537294374507,1.3862943611198906,1.2824746787307684,0.5493061443340549,0.6867974408970293,1.7908995167731467,1.0750556815368328,2.033105440735637,2.6907270723489636,1.0926586129582752,2.3242610109302517,0.5784571020204704,1.355403627157091,0.9620845228532783,0.46209812037329684,1.782378464297002,0.9729550745276566,0.716703787691222,1.9804205158855577,0.6018196521073707,0.0,1.5767011966073636,1.8483924814931874,0.716703787691222,1.8039084803498968,1.0150220498520226,0.49073982986107334,1.7962912954140562,1.6785266909588594,2.8296168469033014,0.9976572505229112,1.0750556815368328,0.716703787691222,0.26064772304171857,0.716703787691222,2.1972245773362196,2.044429611063216,1.1882523095313346,0.891189232148501,1.6215917908794277,0.6090132299112135,1.4533731205289175,0.716703787691222,1.0750556815368328,1.088085191787625,0.8239592165010823,0.46209812037329684,0.5493061443340549,2.508936640984983,1.2435862814405005,0.2030044099704045
IL,0.21374577978846138,0.5312275020105406,0.5100656043346173,0.0,0.46209812037329684,1.2297772558321611,2.2590060452618186,2.3019858420456756,2.1210093740750584,0.9591581091193483,0.7883505983036818,2.1249100080421623,0.5941261547656673,0.2030044099704045,1.0750556815368328,1.6785266909588594,0.0,2.351203577673075,2.6223806710998603,1.3732653608351373,0.8239592165010823,0.07863651265448651,2.1265392627313178,0.0,0.3868643144431728,2.030044099704045,0.354151668007027,2.218070977791825,0.0,2.137457797884614,0.8047189562170501,0.0,0.5312275020105406,2.0402624173384694,1.641957356664489,0.7675283643313486,2.42288189412707,0.0,0.9729550745276566,0.406008819940809,0.7675283643313486,0.6543197731480977,3.622351218943689,1.0624550040210812,0.8239592165010823,1.4210308697928313,0.23978952727983707,1.709966238307691,1.218026459822427,1.3700350969755404,0.358351893845611,0.716703787691222,1.4853153869141684,1.6479184330021646,0.41452876048016685,0.0,1.1882523095313346,0.8551347861624953,0.5493061443340549,0.5493061443340549,2.5146180438806236,0.0,1.3411982603617503,0.5941261547656673
IM,0.0,0.0,1.0986122886681098,0.0,0.0,0.6931471805599453,0.0,0.0,0.3243183581758855,0.0,0.0,1.3862943611198906,0.5493061443340549,0.0,0.0,1.297273432703542,0.0,0.0,0.0,0.6931471805599453,0.6931471805599453,0.0,0.0,0.6931471805599453,0.0,0.0,0.5493061443340549,0.0,0.0,0.0,1.2070784343255752,0.0,0.0,0.0,0.5493061443340549,1.6094379124341003,0.0,0.0,0.0,1.6094379124341003,0.9241962407465937,0.9241962407465937,0.0,0.6931471805599453,0.6931471805599453,0.5493061443340549,0.8047189562170501,0.0,0.0,0.0,0.9241962407465937,0.0,0.0,0.0,0.0,0.0,0.5493061443340549,1.0986122886681098,1.1882523095313346,0.0,0.0,0.0,1.0986122886681098,0.0
IN,0.2558427881104495,0.0,0.0,0.0,0.0,0.17002186811153908,0.6931471805599453,1.8072048362094548,0.42749155957692275,1.3862943611198906,0.4518012090523637,0.27465307216702745,0.3243183581758855,0.0,0.0,1.3732653608351373,0.0,1.4387371636790223,0.511685576220899,0.6931471805599453,0.5493061443340549,4.3851815122961595,0.29706307738283366,0.0,0.40235947810852507,0.27465307216702745,0.0,0.0,0.46209812037329684,0.40235947810852507,0.5493061443340549,0.0,0.2558427881104495,0.891189232148501,0.5941261547656673,1.297273432703542,1.7908995167731467,0.6412373393653842,0.0,0.0,0.891189232148501,0.8239592165010823,2.5877494740904625,0.42749155957692275,0.3243183581758855,0.9241962407465937,0.8047189562170501,0.27465307216702745,0.0,0.47957905455967414,0.40235947810852507,0.5493061443340549,0.8239592165010823,0.511685576220899,0.0,0.0,0.5493061443340549,1.791759469228055,0.8047189562170501,0.5493061443340549,0.40235947810852507,0.0,1.3732653608351373,0.0
IP,0.0,0.0,0.42756739308124764,1.4853153869141684,0.0,0.9784300491572749,0.358351893845611,0.8047189562170501,0.716703787691222,0.0,0.33539379704513483,0.0,0.3243183581758855,1.4210308697928313,0.0,0.9241962407465937,0.0,0.0,0.3243183581758855,0.0,0.3243183581758855,3.597882368296621,0.1425224643604159,2.741792419177984,0.0,0.891189232148501,0.4012131014049138,0.6931471805599453,0.6931471805599453,0.0,0.3243183581758855,1.5052769987035,0.4471917293935131,0.3243183581758855,0.3243183581758855,0.40235947810852507,0.0,1.5199387884272784,0.0,0.16357994328702444,1.354025100551105,0.8239592165010823,2.832270172742108,0.0,0.6931471805599453,0.0,0.0,0.0,0.648636716351771,0.9241962407465937,0.0,0.46209812037329684,0.0,1.0150220498520226,2.4072786084294826,1.2070784343255752,0.5493061443340549,0.5765618526884093,0.0,0.0,0.9241962407465937,1.8232534723333504,0.27465307216702745,0.34004373622307815
IQ,2.1265392627313178,2.402910225941144,1.9568600983145499,1.297273432703542,2.3019858420456756,2.6157834113653298,0.0,1.6215917908794277,0.6931471805599453,0.891189232148501,2.35130809677517,1.6479184330021646,0.0,1.433407575382444,0.5493061443340549,1.922571505169192,1.0986122886681098,2.7275730019235054,1.1295030226309093,0.5493061443340549,1.2070784343255752,2.7167634142077666,2.5153961202372748,2.3283619763817294,2.0591494738871763,0.0,0.12341498185834088,0.9241962407465937,0.9729550745276566,0.6931471805599453,0.648636716351771,3.0772989334245757,2.5279829608596995,0.46209812037329684,0.6931471805599453,0.9241962407465937,2.601368805185672,0.5941261547656673,0.0,2.7774165494286573,0.8047189562170501,0.9729550745276566,3.5586029411445073,0.9031661992221,0.6777018135785455,0.29706307738283366,1.5246746883313111,0.9460207179644181,0.9591581091193483,0.0,0.716703787691222,0.648636716351771,0.0,0.0,1.9568600983145499,1.0986122886681098,0.5493061443340549,2.2246250055565353,1.782378464297002,0.8047189562170501,0.9241962407465937,1.7565171014117016,1.3593977882165404,3.267288302135586
IR,0.716703787691222,0.891189232148501,1.354025100551105,0.0,1.782378464297002,1.966785503324895,1.8267134626340538,0.9036024181047274,3.0185441734062133,1.6785266909588594,0.5527050139735558,2.617279092592391,0.0,0.8047189562170501,1.297273432703542,2.1581057455185335,1.3862943611198906,1.2792139405522478,2.5917146190251588,1.6785266909588594,1.2792139405522478,3.011736703532433,2.2833918282925674,0.5802964716647593,0.6306804786429454,1.8776775645064505,1.297273432703542,2.680392034232518,0.0,0.716703787691222,0.8239592165010823,1.1989476363991853,0.5802964716647593,2.487172562881001,2.2803594297666545,1.2824746787307684,2.02820730215651,1.770758340035135,1.0750556815368328,1.2070784343255752,1.4787139851945499,0.3868643144431728,0.7412938105993834,1.3415751881805393,1.2824746787307684,2.033105440735637,1.5199387884272784,1.8483924814931874,1.297273432703542,1.1901530767807735,1.791759469228055,0.8239592165010823,1.5813042316832728,1.5350567286626973,0.891189232148501,0.40235947810852507,1.4719249777896741,1.0750556815368328,1.5767011966073636,0.40235947810852507,2.70805020110221,0.7193685818395111,1.530196813003852,1.6215917908794277
IS,3.2431835817588555,3.374333095119411,1.4210308697928313,0.0,2.9921499430981595,1.065582853203198,2.8375995800876432,0.511685576220899,1.068728898942307,0.5100656043346173,0.9976572505229112,0.6306804786429454,0.648636716351771,0.9036024181047274,0.2558427881104495,1.0750556815368328,0.5493061443340549,2.681966754156362,0.3044522437723423,0.46209812037329684,0.8831549866738045,0.19112239179049845,0.9729550745276566,0.6090132299112135,2.5561416257536766,2.3702295140333556,0.5941261547656673,0.6777018135785455,0.648636716351771,0.3243183581758855,0.5312275020105406,1.2070784343255752,2.5066474420887053,1.0201312086692347,0.34004373622307815,0.9729550745276566,0.0,0.22590060452618185,2.1121058421869363,0.6412373393653842,0.8853791700175675,0.42749155957692275,0.3148886347146348,1.804268348589861,1.0986122886681098,0.8178997164351224,1.5246746883313111,1.6731049701126652,1.3732653608351373,0.7737286288863456,0.511685576220899,1.4387371636790223,1.5350567286626973,0.5545177444479562,0.648636716351771,0.46209812037329684,0.7393569925972749,0.406008819940809,1.5393098703077388,0.3868643144431728,1.6479184330021646,0.8047189562170501,1.463966848848582,0.5493061443340549
IT,0.5493061443340549,0.46209812037329684,0.708303336014054,0.0,0.648636716351771,0.0,0.0,1.6785266909588594,0.15222612188617116,0.648636716351771,0.3868643144431728,0.8549831191538455,0.0,0.0,0.0,0.0,0.9241962407465937,0.15222612188617116,0.22590060452618185,0.0,0.0,3.490654558670963,0.8501093405576955,3.0398775768545567,0.0,0.716703787691222,0.1934321572215864,0.9591581091193483,0.0,1.0986122886681098,0.7675283643313486,0.7883505983036818,0.6090132299112135,0.8239592165010823,0.42749155957692275,0.0,0.0,0.0,0.0,0.5700898574416636,0.7675283643313486,0.0,0.5344623729781702,0.8873406946934732,1.3732653608351373,0.511685576220899,0.8290575209603337,0.5941261547656673,0.0,1.0986122886681098,1.4853153869141684,0.0,0.40235947810852507,1.0986122886681098,0.22590060452618185,0.46209812037329684,1.4853153869141684,0.0,1.1090354888959124,0.0,1.023371152441798,0.22590060452618185,0.812017639881618,0.3868643144431728
IV,0.5941261547656673,0.5493061443340549,0.7825855264386479,0.40235947810852507,1.1882523095313346,0.1701618398439598,0.6777018135785455,0.2030044099704045,1.0986122886681098,0.511685576220899,0.16357994328702444,1.7993793761572692,1.2613609572858908,0.0,0.46209812037329684,1.4722194895832201,0.716703787691222,0.0,0.27465307216702745,1.297273432703542,1.1989476363991853,3.391133088281253,0.22905530270493013,2.288114662369181,0.0,0.0,0.8551347861624953,0.9241962407465937,0.648636716351771,0.0,0.6338147819239095,0.0,0.5675199160175287,0.8853791700175675,0.9036024181047274,0.708303336014054,0.0,1.1036908376251544,0.5493061443340549,0.4274376393474135,1.8245340612920302,0.9036024181047274,3.595319717091474,0.832030373672256,1.1036908376251544,1.354025100551105,0.9023871752056917,0.7036960099990667,0.40235947810852507,0.7036960099990667,1.3943925202326009,0.891189232148501,0.0,0.9241962407465937,0.12676295638478188,0.0,2.072643802400834,0.4171280012227602,0.801897043817716,0.6543197731480977,1.0986122886681098,0.0,0.9472111703382178,0.0
IW,0.0,0.8047189562170501,0.0,2.046742304883596,0.46209812037329684,0.0,0.0,0.0,0.0,1.2070784343255752,0.0,0.0,0.0,1.355403627157091,0.5493061443340549,1.2070784343255752,0.9241962407465937,0.27465307216702745,0.0,0.46209812037329684,0.6931471805599453,4.537699772704896,0.0,3.1780538303479458,0.0,0.0,0.0,0.5493061443340549,1.791759469228055,0.6931471805599453,0.5493061443340549,0.1934321572215864,0.0,0.6931471805599453,0.0,0.8047189562170501,0.0,1.0986122886681098,0.5493061443340549,0.358351893845611,0.0,0.6931471805599453,0.891189232148501,0.358351893845611,0.5493061443340549,0.0,0.0,0.5493061443340549,2.1972245773362196,0.0,1.2070784343255752,0.0,0.8047189562170501,0.46209812037329684,0.0,2.0794415416798357,1.3862943611198906,0.0,0.0,0.0,1.3862943611198906,0.354151668007027,0.3243183581758855,0.0
IY,2.715129600883499,2.5878440720649096,0.40539794771985693,0.46209812037329684,2.210284285450008,0.619802936248067,0.6777018135785455,1.9343215722158644,0.511685576220899,0.9591581091193483,0.5463293064791376,0.358351893845611,0.9591581091193483,0.0,0.6931471805599453,1.3732653608351373,1.433407575382444,1.030196161345544,0.9591581091193483,0.358351893845611,1.709966238307691,3.698282899123182,0.10238625538446028,2.483707047860775,0.8782585507058508,0.6412373393653842,0.34339872044851466,0.0,1.4210308697928313,1.7908995167731467,0.8549831191538455,2.4725158851046243,1.11314810700902,0.812017639881618,0.511685576220899,1.297273432703542,1.2435862814405005,0.6090132299112135,2.402910225941144,3.085104544109176,1.355403627157091,1.1901530767807735,3.3501425312601993,0.9060257685103575,0.891189232148501,0.0,2.238117666122698,1.2827021792437432,0.716703787691222,0.8290575209603337,0.8239592165010823,0.9729550745276566,0.0,0.648636716351771,0.0,0.9241962407465937,0.511685576220899,2.3835885784157727,1.2070784343255752,0.0,0.6931471805599453,0.22893248029900976,2.270079664070115,3.4339872044851463
KA,0.40235947810852507,1.1882523095313346,2.6223806710998603,0.0,0.0,0.6411564590211203,0.0,0.8239592165010823,1.2395308380245946,1.9183162182386966,2.7348802085000257,1.87024054922693,1.9237120180961527,1.0986122886681098,1.2070784343255752,1.9343215722158644,0.0,0.1934321572215864,0.29706307738283366,0.648636716351771,1.1882523095313346,0.782697613105432,0.8943834587870262,2.654454765205741,0.8178997164351224,0.0,2.699466476095529,1.1295030226309093,1.0750556815368328,0.6777018135785455,1.218026459822427,2.5995004466930154,1.267629563847819,1.1882523095313346,1.740889414994278,2.137836965406238,0.5545177444479562,1.8270396897336403,0.6412373393653842,0.8047189562170501,1.7435577384702752,0.8501093405576955,2.758223986804515,1.8512247278751133,1.297273432703542,1.6479184330021646,1.80863979105319,1.5350567286626973,0.0,0.8047189562170501,2.4790616760491893,1.3732653608351373,0.358351893845611,1.2395308380245946,2.3702295140333556,0.716703787691222,2.2330485096744495,1.11314810700902,1.766309973347609,2.030044099704045,1.0750556815368328,2.9320667083294443,1.7776740307447068,0.6543197731480977
KC,0.0,0.6931471805599453,0.716703787691222,0.0,0.0,0.5493061443340549,2.1581057455185335,0.5493061443340549,1.023371152441798,0.0,1.433407575382444,0.0,0.6931471805599453,0.0,1.0986122886681098,0.0,0.0,0.0,0.5493061443340549,0.5493061443340549,1.3862943611198906,0.0,0.5493061443340549,0.0,1.6094379124341003,1.2070784343255752,1.0750556815368328,0.6931471805599453,0.0,0.40235947810852507,0.46209812037329684,0.6931471805599453,0.891189232148501,1.6785266909588594,1.1882523095313346,1.0986122886681098,0.9241962407465937,0.6931471805599453,0.0,0.0,1.0986122886681098,1.3862943611198906,1.5813042316832728,1.6215917908794277,0.0,0.358351893845611,0.5493061443340549,1.6215917908794277,0.0,0.6931471805599453,0.0,0.0,0.0,0.6931471805599453,0.0,0.6931471805599453,1.1882523095313346,0.0,1.6215917908794277,1.3862943611198906,0.0,0.0,1.7908995167731467,0.0
KD,2.137457797884614,0.9591581091193483,1.2297772558321611,1.0986122886681098,1.5350567286626973,1.6025273620930682,0.0,2.046742304883596,1.0624550040210812,0.648636716351771,0.5364793041447,0.5493061443340549,0.5941261547656673,1.7993793761572692,0.716703787691222,0.812017639881618,0.511685576220899,1.2938747370452313,0.1934321572215864,0.8239592165010823,0.0,0.4027465687636318,1.0201312086692347,0.5589896617418914,0.8047189562170501,0.8239592165010823,0.987319854866727,0.0,1.922571505169192,1.5350567286626973,0.9729550745276566,0.4325752829284454,1.1728266833317778,1.1989476363991853,0.7193685818395111,1.2792139405522478,1.218026459822427,1.3601749448923126,0.22590060452618185,1.1882523095313346,0.9672337744537227,1.2824746787307684,3.694748479200547,1.2613609572858908,0.8239592165010823,0.22590060452618185,0.8549831191538455,0.40235947810852507,1.7908995167731467,1.6942101997711707,0.3243183581758855,0.648636716351771,0.2558427881104495,1.4190310769466272,0.7819431691251557,0.8239592165010823,1.9237120180961527,1.0986122886681098,0.23978952727983707,0.0,0.0,0.0,0.9036024181047274,0.0
KE,0.0,0.0,2.467346677737417,1.3862943611198906,0.0,1.6189230752871875,0.3868643144431728,0.9241962407465937,0.22590060452618185,1.4853153869141684,0.6516193076042964,0.716703787691222,1.0986122886681098,0.648636716351771,1.1989476363991853,0.8239592165010823,0.0,1.7348917636534322,1.2395308380245946,0.0,1.433407575382444,1.9324258325506074,1.6189230752871875,1.9959301048102787,1.908794189207751,0.2558427881104495,2.2800370426149756,1.218026459822427,0.358351893845611,0.8047189562170501,0.9591581091193483,0.6851456440288852,2.6484262747484673,0.21374577978846138,0.23978952727983707,1.355403627157091,0.1928190340068235,0.3868643144431728,1.0986122886681098,0.589878836712387,0.5802964716647593,0.21374577978846138,0.4343840631693651,1.8594088087442011,0.511685576220899,0.9591581091193483,1.626982707651176,0.7404898911500453,1.5813042316832728,0.5100656043346173,0.891189232148501,1.0986122886681098,0.9729550745276566,0.1934321572215864,1.0201312086692347,0.3243183581758855,1.416606672028108,0.6773746494165749,0.3932525578082579,0.0,1.6785266909588594,1.2395308380245946,0.40539794771985693,0.24682996371668176
KF,0.9729550745276566,0.0,0.18483924814931874,0.5493061443340549,0.716703787691222,0.511685576220899,0.5493061443340549,1.2070784343255752,0.5941261547656673,0.46209812037329684,0.0,0.648636716351771,1.0986122886681098,0.0,0.6931471805599453,1.6215917908794277,0.0,0.406008819940809,0.7193685818395111,1.6215917908794277,1.2070784343255752,0.0,0.6412373393653842,0.5493061443340549,0.47957905455967414,0.5493061443340549,0.0,0.5941261547656673,1.2070784343255752,0.6931471805599453,0.46209812037329684,2.559656384611507,0.3271598865740489,0.9241962407465937,0.0,0.0,0.0,0.9729550745276566,0.46209812037329684,3.2188758248682006,0.40235947810852507,0.0,0.0,2.9974488149797636,0.6931471805599453,0.0,2.961959564600181,0.6931471805599453,0.0,1.9237120180961527,1.0986122886681098,0.9241962407465937,0.0,0.46209812037329684,0.0,0.46209812037329684,0.0,2.8409123936915153,0.40235947810852507,0.0,2.0794415416798357,0.0,0.0,1.0986122886681098
KG,0.0,0.7193685818395111,1.1295030226309093,0.5493061443340549,0.5493061443340549,1.5730102312330316,0.0,0.6777018135785455,0.0,0.358351893845611,1.6215917908794277,0.29706307738283366,1.6215917908794277,1.709966238307691,1.2070784343255752,1.433407575382444,0.0,0.5864133416658889,0.42749155957692275,0.40235947810852507,0.5493061443340549,3.395731551284148,0.6143175323067617,1.2395308380245946,0.5364793041447,0.7193685818395111,1.2435862814405005,0.9241962407465937,0.6931471805599453,1.9237120180961527,0.46209812037329684,1.0823450882099381,0.9620845228532783,0.5493061443340549,1.1989476363991853,1.791759469228055,0.44157749333690227,1.354025100551105,0.2030044099704045,0.9814796597221467,2.033231729642506,1.0986122886681098,2.9554749509908587,1.253733371897854,0.648636716351771,0.358351893845611,0.945866526695881,0.406008819940809,0.0,2.0402624173384694,0.46209812037329684,1.3862943611198906,0.5493061443340549,1.9135024711265767,1.530196813003852,0.716703787691222,2.033105440735637,0.7412938105993834,0.7819431691251557,0.358351893845611,0.358351893845611,1.2938747370452313,0.5527050139735558,1.0986122886681098
KH,1.3862943611198906,0.0,1.6215917908794277,0.716703787691222,0.0,0.46209812037329684,0.9241962407465937,1.6215917908794277,0.6931471805599453,0.9241962407465937,1.6785266909588594,0.6931471805599453,0.8047189562170501,0.5493061443340549,1.3862943611198906,0.0,0.0,0.0,0.716703787691222,0.0,1.0986122886681098,0.6695908872539232,1.2070784343255752,0.40235947810852507,2.0794415416798357,0.5493061443340549,0.0,0.0,0.9241962407465937,1.0986122886681098,1.6094379124341003,1.6094379124341003,0.46209812037329684,1.1882523095313346,1.0986122886681098,1.2070784343255752,0.0,1.1882523095313346,0.8047189562170501,1.791759469228055,1.6215917908794277,1.8072048362094548,2.9198960085593217,3.69978647775598,1.2070784343255752,0.5493061443340549,2.1265392627313178,3.4811326830716496,0.8047189562170501,0.9729550745276566,0.0,0.9241962407465937,0.0,0.0,0.0,1.0986122886681098,0.891189232148501,0.0,3.8948270145749304,1.6785266909588594,0.0,0.46209812037329684,3.3730189238166983,0.0
KI,2.049711555589573,1.5474572577726913,1.2762137988296982,1.1882523095313346,1.433407575382444,1.6085920557663616,1.5246746883313111,0.7675283643313486,2.345829507375467,0.9591581091193483,1.3925895250141154,1.7962912954140562,1.1775399822317394,1.4787139851945499,0.5941261547656673,1.8245340612920302,1.3862943611198906,1.014103651078255,2.210820055894223,0.9729550745276566,1.1295030226309093,2.0825718849749273,2.124160714619187,2.7761238949166773,1.4204561968457576,0.8178997164351224,0.987319854866727,1.2792139405522478,1.6785266909588594,0.7193685818395111,1.4387371636790223,1.9659128163621629,1.5902783572280677,1.770758340035135,1.5677471079645748,1.9629593194442934,1.709750557389654,0.7393569925972749,1.1295030226309093,0.9672337744537227,2.012362782270809,1.4753180863979252,1.50831915670993,2.6354341305619498,1.354025100551105,1.2938747370452313,1.082527051815106,2.8878937627389645,1.9237120180961527,1.65580469857385,1.1989476363991853,1.2792139405522478,1.9183162182386966,0.13817625349338894,0.5364793041447,0.8047189562170501,1.0201312086692347,1.0846551384341174,3.225096144432555,0.708303336014054,2.1581057455185335,1.619117475568642,2.7449095483446673,0.406008819940809
KK,1.8245340612920302,1.4722194895832201,1.4461427550511763,1.6785266909588594,2.1581057455185335,1.7453272793354815,1.5936825060316215,2.5022724622424466,1.87024054922693,1.068728898942307,1.542552272054588,1.416606672028108,1.8072048362094548,2.210284285450008,1.3732653608351373,0.6090132299112135,0.648636716351771,2.044429611063216,1.0201312086692347,0.0,0.358351893845611,0.6870340239092544,0.6881919761644514,0.9339940818964543,1.3817625349338893,1.709966238307691,1.1775399822317394,1.1605929433295186,2.137457797884614,1.8920414359288362,1.2792139405522478,0.945866526695881,1.2762774306333453,2.049711555589573,1.1450596030091713,1.4387371636790223,1.3032386152085929,2.3509070164107744,0.6089044875446846,0.6543197731480977,2.2214696734501356,2.049711555589573,2.2791472763536573,2.5445290443497046,1.5474572577726913,0.4518012090523637,1.4328381393118332,2.6720680117126525,2.060694968905544,3.2779758388748252,1.2613609572858908,2.5649493574615367,1.0986122886681098,1.709750557389654,1.683647914993237,0.6931471805599453,2.210284285450008,1.2320617412757129,1.8262944305793412,0.9671607861079322,1.8270396897336403,0.7359624888948371,2.7116378460852935,0.47957905455967414
KL,2.4761533688963264,1.7343713162681,2.285739280706108,1.416606672028108,2.4849066497880004,1.6092409219435448,0.6412373393653842,0.0,1.9953145010458224,0.8549831191538455,3.0571043011938905,0.0,1.1605929433295186,1.2395308380245946,1.355403627157091,0.8239592165010823,0.0,2.0122538132879972,0.7883505983036818,0.5493061443340549,1.023371152441798,3.389207437109247,1.0939558941879017,3.0177547635787936,1.1814723657229338,0.9460207179644181,0.1701618398439598,0.23978952727983707,0.0,0.9241962407465937,0.716703787691222,3.2205599922892696,1.0480817167655312,0.8239592165010823,2.0402624173384694,0.891189232148501,1.626337819907514,1.1401797148833273,1.1882523095313346,1.9585418876730014,1.4787139851945499,1.7962912954140562,4.367621513949816,1.4420229875316248,0.716703787691222,0.3243183581758855,1.3056945917820009,1.2827021792437432,1.0750556815368328,1.7746813893869464,0.5941261547656673,1.2792139405522478,0.0,0.9036024181047274,1.633644151067793,0.8239592165010823,1.0750556815368328,1.9149448841913335,0.21853172259165501,1.1882523095313346,1.1882523095313346,2.3710852041835406,1.7440379584853134,3.042850090771914
KM,0.358351893845611,0.6931471805599453,0.0,0.0,0.9241962407465937,1.1882523095313346,0.6931471805599453,1.6479184330021646,0.40235947810852507,0.40235947810852507,0.0,0.0,0.648636716351771,1.0986122886681098,0.0,1.6785266909588594,0.0,1.922571505169192,0.0,1.433407575382444,0.9729550745276566,0.0,1.2824746787307684,0.0,0.0,0.0,1.4210308697928313,1.6215917908794277,0.40235947810852507,2.0794415416798357,0.0,0.0,0.0,0.6931471805599453,0.0,1.5350567286626973,1.6479184330021646,0.6931471805599453,0.0,0.0,1.355403627157091,0.0,0.0,0.8853791700175675,1.3732653608351373,0.358351893845611,1.1882523095313346,0.716703787691222,0.40235947810852507,0.9241962407465937,0.0,0.0,0.46209812037329684,1.7908995167731467,0.9591581091193483,0.0,0.0,1.6215917908794277,0.3243183581758855,1.0750556815368328,0.8047189562170501,0.0,1.2792139405522478,0.0
KN,2.62534881637439,0.40235947810852507,0.511685576220899,1.0750556815368328,0.0,0.5545177444479562,0.5493061443340549,0.648636716351771,2.4141568686511503,0.47957905455967414,0.9133567313170269,1.530196813003852,1.0750556815368328,0.0,1.6094379124341003,1.355403627157091,0.0,0.0,1.9237120180961527,0.46209812037329684,0.648636716351771,0.15727302530897302,1.1882523095313346,0.406008819940809,2.348996309387612,1.218026459822427,1.433407575382444,0.716703787691222,1.2070784343255752,1.2070784343255752,0.3243183581758855,0.0,2.154970258541292,0.7675283643313486,2.3650517949110452,1.355403627157091,1.1901530767807735,0.3868643144431728,0.27465307216702745,0.8239592165010823,0.8549831191538455,0.8239592165010823,0.07526384993517499,1.140866607463037,1.8072048362094548,1.4962204585192298,0.6908812674669447,1.1450596030091713,1.0986122886681098,0.7675283643313486,1.6479184330021646,1.433407575382444,1.0750556815368328,0.4518012090523637,1.6094379124341003,0.0,0.5493061443340549,0.7737286288863456,0.5527050139735558,1.9237120180961527,1.433407575382444,0.0,0.6705991301808751,0.0
KP,0.0,0.648636716351771,1.1450596030091713,0.0,0.5941261547656673,1.683647914993237,1.6785266909588594,0.0,0.2558427881104495,0.716703787691222,2.9172055557333607,0.716703787691222,0.891189232148501,1.297273432703542,1.0986122886681098,1.4210308697928313,0.0,0.406008819940809,1.1989476363991853,0.5941261547656673,0.891189232148501,2.181512444500744,0.13817625349338894,0.0,0.23978952727983707,0.9729550745276566,0.6705991301808751,1.0986122886681098,0.0,0.27465307216702745,1.2792139405522478,0.0,1.3086395462961955,1.023371152441798,2.9155479968499836,1.624035279763236,1.2824746787307684,1.2824746787307684,0.8047189562170501,0.354151668007027,3.162103992214884,0.7675283643313486,0.6089214666459971,0.8107958954397139,0.0,0.5493061443340549,0.39097158456257786,1.3817625349338893,0.0,2.0402624173384694,0.648636716351771,1.433407575382444,1.0750556815368328,1.354025100551105,0.6543197731480977,0.8047189562170501,1.7908995167731467,1.1036908376251544,0.21371881967370676,0.0,1.433407575382444,0.7675283643313486,1.1754535082053872,0.5941261547656673
KQ,0.40235947810852507,0.5493061443340549,2.244476584670299,1.297273432703542,0.5493061443340549,2.9755661323020512,0.0,0.0,0.3243183581758855,1.297273432703542,2.165054103630212,1.3862943611198906,1.0986122886681098,2.2590060452618186,0.9241962407465937,1.4853153869141684,0.358351893845611,2.288114662369181,1.4853153869141684,1.3862943611198906,0.9729550745276566,3.761752932238649,3.4505549776606506,3.6972251059336334,3.011736703532433,1.6479184330021646,0.385638068013647,1.9343215722158644,0.5493061443340549,1.9183162182386966,1.2070784343255752,3.305095170455824,2.246785643899243,1.0750556815368328,1.023371152441798,1.1882523095313346,2.0614977243443713,1.641957356664489,0.648636716351771,1.7746813893869464,1.740889414994278,0.1934321572215864,0.5801671165686809,1.2581842024717842,1.782378464297002,1.6215917908794277,1.2780708128768383,1.709966238307691,2.3978952727983707,2.2330485096744495,0.9241962407465937,1.6215917908794277,0.9241962407465937,2.3019858420456756,1.0425908921668743,1.0750556815368328,0.9729550745276566,0.8522290373410922,1.8270396897336403,0.40235947810852507,1.4853153869141684,3.0853745464585223,0.5364793041447,1.6389879194374126
KR,0.716703787691222,0.716703787691222,3.402990580865604,1.7908995167731467,0.5493061443340549,1.709750557389654,0.891189232148501,1.6479184330021646,2.1249100080421623,1.3732653608351373,3.0423109532347654,1.1882523095313346,2.3978952727983707,1.9478341740386487,1.922571505169192,2.033105440735637,1.2070784343255752,0.7193685818395111,1.770758340035135,0.40235947810852507,1.1989476363991853,2.305779776884169,0.8551347861624953,0.23978952727983707,2.736801091938045,1.5350567286626973,0.15222612188617116,0.9241962407465937,0.46209812037329684,0.5941261547656673,0.8239592165010823,0.24682996371668176,3.3462099402253305,0.5941261547656673,2.5503280216730864,1.6479184330021646,0.27465307216702745,1.5936825060316215,1.6215917908794277,0.0,1.8072048362094548,0.42749155957692275,1.3075917146550362,0.6705991301808751,0.23978952727983707,0.716703787691222,0.9814796597221467,1.4962204585192298,1.0986122886681098,2.62534881637439,0.5941261547656673,2.2590060452618186,1.6479184330021646,1.2938747370452313,0.7819431691251557,1.023371152441798,1.4387371636790223,0.5723312007475243,1.1295030226309093,1.6479184330021646,2.033105440735637,1.2178089750893693,0.47957905455967414,0.0
KS,0.354151668007027,0.8239592165010823,0.5802964716647593,0.0,0.6931471805599453,2.8457612708291733,0.648636716351771,1.297273432703542,0.6306804786429454,0.891189232148501,0.7126123218020795,0.47957905455967414,0.0,0.5493061443340549,0.5493061443340549,1.2938747370452313,0.9729550745276566,3.2470352646298144,0.6090132299112135,1.3732653608351373,1.433407575382444,0.15270353513662008,3.098922885268748,0.29706307738283366,0.40235947810852507,0.0,0.7393569925972749,1.3732653608351373,0.358351893845611,0.3243183581758855,1.2824746787307684,1.5813042316832728,0.15222612188617116,1.4722194895832201,0.8501093405576955,1.1882523095313346,2.9501782549873425,0.47957905455967414,1.023371152441798,1.791759469228055,0.6800874724461563,0.8549831191538455,0.21761576529700016,2.255429753258425,0.9591581091193483,0.2558427881104495,1.3763839523289028,2.268834589323448,0.5493061443340549,1.782378464297002,0.7675283643313486,0.0,0.5493061443340549,0.358351893845611,0.0,1.0750556815368328,1.2824746787307684,2.9501782549873425,2.274216354704166,0.42756739308124764,1.1989476363991853,0.9729550745276566,2.3902805705654218,1.2070784343255752
KT,1.1882523095313346,0.40235947810852507,0.8848182550685804,1.6094379124341003,0.0,1.79003644731835,2.2590060452618186,2.2590060452618186,2.044429611063216,2.046742304883596,1.1246957356139582,0.716703787691222,1.0750556815368328,0.358351893845611,0.8047189562170501,1.3732653608351373,0.6931471805599453,2.0818701163841187,1.700218681115391,0.0,0.5493061443340549,3.7187339785912457,0.7427144133408616,2.17617038357525,0.4400220504556117,1.8267134626340538,0.6705991301808751,1.5813042316832728,0.716703787691222,1.416606672028108,0.40235947810852507,2.395116125772334,1.1440573311845905,1.3086395462961955,2.403791043139602,0.5493061443340549,2.81997520442285,0.5941261547656673,1.4210308697928313,2.5561416257536766,2.2214696734501356,0.511685576220899,2.517574875627769,1.253733371897854,0.8239592165010823,0.9729550745276566,0.6306804786429454,2.137457797884614,0.9729550745276566,1.3086395462961955,0.0,0.46209812037329684,0.0,1.5936825060316215,0.36078169606997934,0.891189232148501,1.1882523095313346,2.932186232757231,0.0,0.0,0.9241962407465937,0.32779758388748254,2.8941850782234515,2.7316465323956876
KV,1.5936825060316215,1.2824746787307684,2.5524275976593964,1.6785266909588594,1.3732653608351373,1.179726399284334,1.1989476363991853,2.453699149305367,0.8549831191538455,1.5350567286626973,2.762062409922433,1.4962204585192298,1.2824746787307684,2.218070977791825,0.5493061443340549,1.297273432703542,1.6215917908794277,1.211009318934897,2.049711555589573,0.8047189562170501,2.5649493574615367,4.357700171350351,2.364666316739703,2.6142265158010396,1.9659128163621629,1.3732653608351373,0.3153402393214727,1.6785266909588594,1.2792139405522478,0.0,0.8549831191538455,1.7434556195400481,2.35130809677517,1.023371152441798,0.9671607861079322,2.046742304883596,0.26401323027336704,2.1581057455185335,1.1882523095313346,0.2552427597659397,1.3601749448923126,1.0150220498520226,3.1306399157228015,1.3111903355499301,1.2792139405522478,0.9591581091193483,0.5469760417000051,2.2901192060183426,0.891189232148501,2.4084961713108557,0.648636716351771,1.6785266909588594,2.1277537294374507,1.1295030226309093,0.7193685818395111,0.40235947810852507,0.7193685818395111,0.34645866722290647,1.8267134626340538,0.716703787691222,1.709966238307691,2.654454765205741,0.9640951700341174,0.1673977218134808
KW,1.0986122886681098,1.0986122886681098,0.7404898911500453,1.6094379124341003,1.0986122886681098,2.049711555589573,0.6931471805599453,0.9241962407465937,0.9241962407465937,1.6094379124341003,1.425224643604159,0.9241962407465937,0.40235947810852507,1.5350567286626973,0.0,0.0,0.9241962407465937,1.0986122886681098,1.922571505169192,0.0,1.0986122886681098,1.4060473944502483,0.648636716351771,0.40235947810852507,0.0,1.433407575382444,0.6931471805599453,0.6931471805599453,0.0,1.0986122886681098,1.0986122886681098,0.4518012090523637,0.9814796597221467,0.0,0.9241962407465937,0.0,1.3862943611198906,1.5350567286626973,1.3862943611198906,0.511685576220899,1.709966238307691,1.922571505169192,3.506657074393566,1.6635532333438687,1.6215917908794277,0.6931471805599453,1.023371152441798,0.9729550745276566,0.648636716351771,1.9789395845202251,1.3862943611198906,1.0986122886681098,0.6931471805599453,0.40235947810852507,1.1882523095313346,0.8047189562170501,1.6094379124341003,1.0986122886681098,1.2070784343255752,0.0,1.0986122886681098,0.0,0.891189232148501,0.0
KY,1.6479184330021646,0.6931471805599453,1.3700350969755404,0.0,0.9729550745276566,2.552127892642548,1.354025100551105,1.297273432703542,1.4387371636790223,0.5941261547656673,2.81997520442285,1.4853153869141684,0.5941261547656673,0.5493061443340549,0.891189232148501,0.0,0.46209812037329684,2.7316465323956876,1.355403627157091,0.5493061443340549,1.7908995167731467,3.145665914196729,2.6142265158010396,3.0594441162831703,2.4641234825514258,0.6777018135785455,1.3601749448923126,0.0,0.891189232148501,0.648636716351771,0.9241962407465937,2.3138284080818816,2.3209825416901926,1.218026459822427,2.1249100080421623,1.433407575382444,0.7193685818395111,0.7193685818395111,0.8239592165010823,0.0,2.281733214926074,0.716703787691222,3.351529877984602,1.1179793234837827,0.29706307738283366,0.358351893845611,0.7021229274585992,1.782378464297002,0.9241962407465937,0.812017639881618,0.40235947810852507,0.9241962407465937,1.0750556815368328,0.5493061443340549,0.0,0.5493061443340549,1.0986122886681098,0.26401323027336704,0.708303336014054,0.9241962407465937,0.6931471805599453,2.8862535685598347,1.218026459822427,0.0
LA,0.21374577978846138,0.0,0.36967849629863747,0.5802964716647593,0.0,0.4691306733327111,1.2070784343255752,1.6215917908794277,1.8527920366854067,0.9729550745276566,0.21374577978846138,1.740889414994278,1.6094379124341003,0.7193685818395111,1.782378464297002,1.7908995167731467,0.0,1.1882523095313346,0.708303336014054,1.2070784343255752,0.8239592165010823,0.34339872044851466,0.34339872044851466,1.3732653608351373,0.41452876048016685,0.716703787691222,0.5589896617418914,0.27465307216702745,1.2792139405522478,1.1882523095313346,1.297273432703542,0.812017639881618,1.2435862814405005,0.27465307216702745,2.1265392627313178,1.922571505169192,0.6800874724461563,0.812017639881618,0.8239592165010823,0.9133567313170269,1.2824746787307684,1.3732653608351373,0.3868643144431728,0.8639048730083861,0.9729550745276566,1.1989476363991853,1.0061813911354045,1.9183162182386966,0.3243183581758855,1.5350567286626973,1.1989476363991853,1.6215917908794277,1.0986122886681098,1.4387371636790223,0.3271598865740489,1.0986122886681098,1.0750556815368328,0.7920396908201012,1.700218681115391,1.922571505169192,1.8072048362094548,0.716703787691222,0.9122670306460151,0.0
LC,0.0,0.0,0.0,0.0,0.0,0.0,0.716703787691222,0.0,0.40235947810852507,0.0,0.0,0.0,0.0,0.0,0.5493061443340549,0.0,0.0,0.0,0.0,0.0,0.9241962407465937,0.9241962407465937,0.0,0.0,0.8047189562170501,0.5493061443340549,0.0,0.0,0.0,0.0,0.0,0.0,0.0,0.40235947810852507,0.9241962407465937,0.5493061443340549,1.0986122886681098,0.0,0.6931471805599453,0.0,0.3243183581758855,1.2070784343255752,0.9241962407465937,0.45667836565851344,0.29706307738283366,0.0,0.14719249777896742,0.406008819940809,0.0,0.0,0.0,0.46209812037329684,0.0,0.0,0.0,0.0,0.358351893845611,0.0,0.40235947810852507,0.27465307216702745,0.0,0.0,0.354151668007027,0.0
LD,0.36967849629863747,1.218026459822427,1.1036908376251544,0.358351893845611,0.9241962407465937,0.3044522437723423,1.8072048362094548,1.922571505169192,0.7359624888948371,0.9729550745276566,0.4578649605980195,1.3086395462961955,1.1295030226309093,0.0,0.648636716351771,1.297273432703542,1.0986122886681098,1.922571505169192,0.21374577978846138,0.9241962407465937,1.1882523095313346,0.14439468813694822,0.8501093405576955,0.42756739308124764,0.0,0.7675283643313486,0.34004373622307815,1.9183162182386966,0.46209812037329684,1.709966238307691,0.5493061443340549,0.5493061443340549,0.8741268903666201,0.511685576220899,0.6777018135785455,0.7193685818395111,1.0150220498520226,1.0150220498520226,0.0,1.2070784343255752,1.1775399822317394,0.6412373393653842,2.192049010532871,1.7278097460167723,1.354025100551105,1.5813042316832728,1.4335624767294521,1.770758340035135,0.9036024181047274,1.355403627157091,1.2792139405522478,1.4387371636790223,0.40235947810852507,2.402910225941144,1.2792139405522478,0.716703787691222,1.2070784343255752,0.5100656043346173,2.2803594297666545,0.9729550745276566,1.9237120180961527,0.46209812037329684,1.3601749448923126,1.6094379124341003
LE,0.6412373393653842,0.0,0.8047189562170501,0.0,0.0,0.6018196521073707,0.23978952727983707,0.0,0.7648610290707926,0.5312275020105406,0.708303336014054,0.406008819940809,0.42749155957692275,0.29706307738283366,0.0,0.6090132299112135,1.0750556815368328,0.24052113071331957,0.5364793041447,0.0,1.0624550040210812,2.164376341347436,0.5675199160175287,3.006514133916495,0.11179793234837827,0.6800874724461563,0.24682996371668176,0.3271598865740489,0.0,0.2558427881104495,0.5493061443340549,2.2281432400225847,0.7819431691251557,0.7675283643313486,1.0201312086692347,1.2070784343255752,0.4400220504556117,1.6479184330021646,0.0,0.42749155957692275,1.0624550040210812,0.812017639881618,0.2669166746291153,1.018451414031333,0.9036024181047274,0.21374577978846138,0.37104936900300656,1.4533731205289175,0.0,0.1934321572215864,0.648636716351771,1.023371152441798,0.0,0.511685576220899,0.44157749333690227,0.0,1.1295030226309093,0.15727302530897302,0.20913812126408315,0.1934321572215864,0.0,3.006514133916495,1.1531237053768186,0.0
LF,1.6215917908794277,0.8047189562170501,1.297273432703542,0.5493061443340549,0.716703787691222,1.8483924814931874,1.3732653608351373,0.716703787691222,2.778344655758188,0.3243183581758855,1.1295030226309093,2.3650517949110452,0.8047189562170501,0.5493061443340549,0.9241962407465937,0.648636716351771,0.9241962407465937,1.0750556815368328,2.5713524440127005,0.716703787691222,1.433407575382444,0.0,0.7675283643313486,1.2070784343255752,0.46209812037329684,1.8072048362094548,0.648636716351771,0.0,1.4853153869141684,0.40235947810852507,1.297273432703542,0.0,0.9729550745276566,2.4356179501787385,1.8920414359288362,0.46209812037329684,1.9135024711265767,1.0750556815368328,0.0,1.0750556815368328,0.5493061443340549,0.6412373393653842,1.87024054922693,2.979485723019716,0.46209812037329684,1.7343713162681,1.7482537807332401,3.0090982605368537,1.3862943611198906,0.3243183581758855,0.8047189562170501,0.6931471805599453,2.351203577673075,0.0,0.0,0.891189232148501,0.716703787691222,0.5493061443340549,3.118128005006158,0.9591581091193483,0.0,0.716703787691222,3.2097048112393103,0.0
LG,0.5545177444479562,0.358351893845611,0.8549831191538455,0.0,0.5493061443340549,2.548298557206646,0.8047189562170501,0.0,0.16357994328702444,0.6931471805599453,0.2763525069867779,0.511685576220899,0.3243183581758855,0.47957905455967414,0.4518012090523637,0.511685576220899,0.0,3.2831260054373312,0.13817625349338894,0.29706307738283366,1.0750556815368328,4.209750742689697,2.0445493290166494,0.6090132299112135,0.42749155957692275,1.4853153869141684,0.34606022634275635,0.716703787691222,0.0,0.511685576220899,0.716703787691222,2.09247152266851,0.48104226142663914,0.716703787691222,0.22590060452618185,0.511685576220899,3.609867203423706,1.4962204585192298,0.29706307738283366,2.4072786084294826,0.7393569925972749,0.9591581091193483,4.148387987582585,0.0928393016676077,0.46209812037329684,0.0,0.36078169606997934,0.7675283643313486,0.40235947810852507,0.891189232148501,0.47957905455967414,0.0,0.0,1.782378464297002,0.4274376393474135,0.5493061443340549,0.9729550745276566,3.4380568267691913,0.29706307738283366,0.47957905455967414,1.4853153869141684,0.11179793234837827,3.513034202823403,3.8066624897703196
LH,1.433407575382444,1.2070784343255752,0.4518012090523637,0.0,0.6931471805599453,0.1934321572215864,0.716703787691222,0.716703787691222,1.1775399822317394,0.8047189562170501,0.0,0.5493061443340549,0.9729550745276566,0.0,0.0,0.0,0.0,0.46209812037329684,0.22590060452618185,1.0750556815368328,1.4853153869141684,0.0,0.0,0.21374577978846138,0.0,0.29706307738283366,0.6090132299112135,0.9241962407465937,0.0,0.716703787691222,0.5493061443340549,0.21374577978846138,0.812017639881618,0.8239592165010823,1.0201312086692347,0.0,1.5813042316832728,0.0,1.297273432703542,0.0,1.355403627157091,1.023371152441798,3.0659093814605045,0.5545177444479562,0.7193685818395111,0.0,0.2558427881104495,1.0750556815368328,0.0,0.29706307738283366,0.9729550745276566,0.0,0.0,0.5941261547656673,0.3243183581758855,0.0,0.7675283643313486,1.6215917908794277,1.1882523095313346,0.6931471805599453,0.0,0.0,2.033231729642506,0.0
LI,0.0,0.0,0.1934321572215864,0.0,0.0,0.13817625349338894,0.47957905455967414,1.0750556815368328,0.0,0.8549831191538455,0.5100656043346173,0.0,0.511685576220899,0.0,0.6931471805599453,0.5941261547656673,0.0,0.12676295638478188,0.6543197731480977,0.0,0.5493061443340549,0.0,0.2850449287208318,0.41452876048016685,0.20477251076892056,0.22590060452618185,0.44157749333690227,0.7393569925972749,0.46209812037329684,0.8047189562170501,0.0,2.0419420781275175,0.0,0.5941261547656673,0.511685576220899,0.29706307738283366,0.18483924814931874,0.406008819940809,0.0,2.4072786084294826,0.27465307216702745,0.0,0.07123584229028805,0.8848182550685804,0.511685576220899,0.42749155957692275,1.7591064591995471,1.416606672028108,0.46209812037329684,0.9591581091193483,0.0,1.1882523095313346,0.0,0.648636716351771,0.13817625349338894,0.0,0.29706307738283366,2.169310276868235,0.0,0.29706307738283366,1.5350567286626973,0.0,0.43706344518331003,0.49073982986107334
LK,1.7435577384702752,1.619117475568642,0.8918754849836852,0.7675283643313486,1.3732653608351373,1.2595829700171708,0.36967849629863747,2.5878440720649096,2.3069753330782543,1.700218681115391,0.8118952888613294,1.4073920199981333,0.7393569925972749,0.5545177444479562,1.3732653608351373,1.4960317377159473,0.9241962407465937,1.2286350646135233,1.6025273620930682,0.6090132299112135,0.47957905455967414,3.5424203835865393,1.197558062886167,2.264409149494984,0.4095450215378411,1.5222612188617115,0.6386976335392891,1.3247324800107068,1.87024054922693,2.215505645854608,1.1295030226309093,0.558860429346878,1.1440573311845905,1.530196813003852,1.867949649589225,1.065582853203198,1.463966848848582,1.5246746883313111,1.3817625349338893,0.6867974408970293,1.1446624014950486,1.0201312086692347,3.829567783255701,1.2982291042600536,1.7962912954140562,0.3868643144431728,1.0023165285543958,0.9672337744537227,2.218070977791825,1.7866993183615778,1.1054100279471115,0.5941261547656673,0.2030044099704045,2.403791043139602,0.6498751116732538,0.5941261547656673,1.530196813003852,1.4777374754954293,0.6586939130293881,0.0,1.1989476363991853,0.4915656972603224,1.61014067629406,0.0
LL,1.7962912954140562,1.6094379124341003,2.552127892642548,0.27465307216702745,2.2901192060183426,1.1551575050955858,0.9388387822532253,1.2824746787307684,3.2332980057048277,0.9671607861079322,2.165920322054223,2.6375085175813764,1.4787139851945499,0.18483924814931874,1.3601749448923126,2.1371881967370676,0.8047189562170501,0.13817625349338894,2.5025813009155016,1.218026459822427,0.7737286288863456,2.2374809375757323,1.2296264847046454,2.8549968673277397,0.3868643144431728,1.2019244742541026,2.507466743795708,1.3415751881805393,0.9729550745276566,1.1295030226309093,1.5211554766173827,2.1628764146422275,3.248880483081335,1.9281903400682348,2.5644903224503697,1.9953145010458224,1.415457227780757,0.3271598865740489,0.3868643144431728,1.3612947187516784,1.7639467316845463,0.8873406946934732,3.283018837102687,1.8678514716282701,1.014103651078255,2.012362782270809,1.2971155075409828,1.8070420221194599,0.0,1.433407575382444,1.140866607463037,1.4787139851945499,1.8765226933308443,1.2613609572858908,2.7316465323956876,0.29706307738283366,1.5211554766173827,1.1246957356139582,1.940565288629897,1.0030327535122845,1.6581150419206674,2.5561416257536766,1.9875993745270508,0.15767011966073635
LM,0.716703787691222,1.0986122886681098,0.0,0.0,1.2070784343255752,2.2330485096744495,1.782378464297002,0.0,2.8671249534589043,0.0,0.0,1.8483924814931874,0.5493061443340549,0.0,0.9241962407465937,1.4853153869141684,1.0986122886681098,0.46209812037329684,2.5713524440127005,0.0,0.0,0.0,1.9478341740386487,0.8047189562170501,0.0,1.4387371636790223,0.46209812037329684,1.4853153869141684,0.0,0.8047189562170501,0.0,0.0,0.0,2.049711555589573,1.9237120180961527,0.8047189562170501,1.4962204585192298,0.8047189562170501,0.0,0.0,0.46209812037329684,0.46209812037329684,0.358351893845611,0.42756739308124764,0.0,2.2590060452618186,0.4518012090523637,0.7675283643313486,0.0,1.4387371636790223,0.0,0.0,2.137457797884614,0.8047189562170501,0.0,0.0,0.716703787691222,0.8047189562170501,0.47301035898220906,0.0,1.6215917908794277,0.0,0.5545177444479562,0.0
LN,0.9036024181047274,1.3732653608351373,2.5995004466930154,0.8239592165010823,0.9241962407465937,1.8063323984442,0.0,0.9241962407465937,0.9729550745276566,0.8047189562170501,3.026772885426819,1.782378464297002,1.782378464297002,1.5813042316832728,0.5493061443340549,2.4790616760491893,1.3862943611198906,1.6025273620930682,1.1882523095313346,1.3862943611198906,1.6635532333438687,4.2774180401814075,0.5015163767561422,2.1415154528426634,0.5100656043346173,1.1882523095313346,0.8943834587870262,0.8047189562170501,1.4853153869141684,0.716703787691222,1.433407575382444,2.7847624476014743,0.9036024181047274,0.648636716351771,1.5813042316832728,2.0402624173384694,1.1775399822317394,1.8270396897336403,0.891189232148501,1.1450596030091713,2.2078874666845114,1.4962204585192298,4.641897496341972,0.7021229274585992,0.7193685818395111,1.6094379124341003,0.9833927516624476,0.5493061443340549,0.9036024181047274,2.1459172165788,0.9729550745276566,0.9729550745276566,1.1882523095313346,1.7908995167731467,0.8551347861624953,0.9241962407465937,1.6215917908794277,0.9729550745276566,1.3732653608351373,0.8239592165010823,0.0,2.643717534883358,2.8147840399962667,2.060694968905544
LP,0.716703787691222,0.0,0.5119312769223013,0.7193685818395111,1.297273432703542,2.7116378460852935,0.0,1.0986122886681098,0.0,0.358351893845611,0.11179793234837827,1.7908995167731467,1.0750556815368328,1.6635532333438687,0.5493061443340549,1.1989476363991853,0.648636716351771,2.457828486301612,0.0,0.40235947810852507,0.29706307738283366,1.252079347355872,2.0087726617617694,0.134119826036175,2.1492572089677497,0.9729550745276566,0.1934321572215864,0.0,0.0,0.7675283643313486,0.0,1.5561326369842148,0.5463293064791376,0.5493061443340549,0.358351893845611,0.6931471805599453,0.0,1.0624550040210812,0.3243183581758855,2.3069753330782543,0.648636716351771,1.355403627157091,3.325172224288344,0.771276136027294,1.0986122886681098,0.2558427881104495,1.5199387884272784,0.3044522437723423,0.22590060452618185,1.7102695723249906,0.648636716351771,0.9729550745276566,0.40235947810852507,1.218026459822427,0.2949394183561935,1.2792139405522478,2.033231729642506,2.603056959092117,0.2006065507024569,0.23978952727983707,0.46209812037329684,0.48104226142663914,0.33539379704513483,1.7993793761572692
LQ,1.0986122886681098,1.218026459822427,0.9133567313170269,0.0,0.6777018135785455,2.8409123936915153,1.030347484452772,1.1882523095313346,1.766309973347609,1.2070784343255752,0.47301035898220906,1.030347484452772,0.40235947810852507,1.0986122886681098,0.0,1.1989476363991853,0.9241962407465937,2.553839622078879,1.3086395462961955,0.0,0.8047189562170501,0.0,0.6090132299112135,0.22590060452618185,0.0,0.47957905455967414,1.416606672028108,0.4518012090523637,0.0,0.0,1.3862943611198906,2.0591494738871763,0.34004373622307815,0.9591581091193483,0.42749155957692275,1.6215917908794277,2.5066474420887053,0.0,0.5493061443340549,2.603056959092117,0.6777018135785455,0.0,2.072643802400834,2.4648167372890892,1.8267134626340538,1.2938747370452313,0.9580464503089337,2.5066474420887053,1.0986122886681098,0.5941261547656673,0.29706307738283366,1.8072048362094548,1.3732653608351373,0.46209812037329684,0.3153402393214727,0.0,1.5813042316832728,2.0445493290166494,0.3153402393214727,1.4210308697928313,0.7393569925972749,0.21374577978846138,3.0390754374801103,2.461392187650023
LR,0.9671607861079322,0.6908812674669447,2.7081884344831684,1.2395308380245946,0.6800874724461563,1.8806000578467812,1.6479184330021646,1.5350567286626973,2.5713524440127005,1.700218681115391,2.8549968673277397,0.8853791700175675,1.2824746787307684,0.9672337744537227,1.297273432703542,2.487172562881001,0.0,1.6025273620930682,2.5075818837807113,1.355403627157091,1.5474572577726913,1.8838505336227855,2.518257283289107,2.906746241057835,1.6744873407478829,0.987319854866727,2.988695027105764,2.2359586469675654,1.218026459822427,0.648636716351771,1.1882523095313346,2.4138218433578,3.0325027583292057,2.2800370426149756,1.9014443457717283,1.9629593194442934,1.3575648004417495,0.812017639881618,1.1605929433295186,0.5312275020105406,1.4190310769466272,0.5493061443340549,3.408783591469874,1.3178556632877927,1.2938747370452313,0.2030044099704045,0.43706344518331003,1.7887669175740524,2.4141568686511503,1.2341498185834088,0.5493061443340549,1.5474572577726913,1.5813042316832728,0.6777018135785455,2.794948308709457,1.7908995167731467,1.3817625349338893,0.8355537150084693,0.9411215456883741,0.7737286288863456,2.2283706983303775,2.9692014061493484,1.2069109216789,0.6800874724461563
LS,0.23978952727983707,0.36967849629863747,2.8862535685598347,0.0,0.29706307738283366,0.15222612188617116,0.6800874724461563,0.891189232148501,0.0,0.648636716351771,2.861656003737622,0.3243183581758855,0.716703787691222,0.648636716351771,0.0,0.5493061443340549,0.0,0.22590060452618185,0.27465307216702745,0.9241962407465937,0.0,3.225096144432555,0.29706307738283366,3.2087895283168626,0.0,0.2558427881104495,1.2792139405522478,0.2558427881104495,0.0,0.0,0.40235947810852507,2.3702295140333556,0.5493061443340549,0.0,0.708303336014054,0.648636716351771,0.0,0.9591581091193483,0.812017639881618,0.1770758340035135,1.1295030226309093,0.5941261547656673,4.4305156961676095,0.7648610290707926,0.5493061443340549,0.3243183581758855,1.2036393042147413,1.1295030226309093,0.0,0.9671607861079322,0.0,0.0,0.46209812037329684,0.29706307738283366,3.1690739096195473,0.0,0.46209812037329684,0.6143175323067617,0.5545177444479562,1.5474572577726913,0.716703787691222,3.0423109532347654,1.140866607463037,0.34004373622307815
LT,1.355403627157091,0.5941261547656673,1.7565171014117016,1.8270396897336403,0.8239592165010823,1.1009111771628113,0.511685576220899,0.8047189562170501,2.049711555589573,1.355403627157091,1.8047743504113833,0.5493061443340549,1.023371152441798,1.1605929433295186,1.8483924814931874,1.6215917908794277,1.0986122886681098,1.8679881637929086,1.619117475568642,0.0,1.3732653608351373,0.911680195926082,0.5765618526884093,2.7434990746020165,0.5589896617418914,1.4853153869141684,0.7786355092712018,0.7675283643313486,0.0,0.708303336014054,0.9591581091193483,2.0873633484694083,0.8955238370698958,0.0,1.5199387884272784,1.5350567286626973,1.668512004891041,0.7611306094308558,1.068728898942307,0.0,1.065582853203198,0.6412373393653842,2.528099948561793,0.4943755299006494,0.47957905455967414,0.511685576220899,0.22262962140180395,1.3575648004417495,1.709966238307691,1.4753180863979252,0.5493061443340549,1.740889414994278,1.0750556815368328,0.6090132299112135,1.986922367683767,0.648636716351771,0.6777018135785455,1.4420229875316248,0.7021229274585992,1.5813042316832728,1.4962204585192298,2.288919894684649,1.8672767561901085,0.6516193076042964
LV,0.8209786783322445,0.8178997164351224,1.804268348589861,1.709966238307691,0.5802964716647593,2.1862929165802054,0.3044522437723423,1.7908995167731467,0.8853791700175675,0.812017639881618,1.4976546726100606,1.4190310769466272,2.2330485096744495,2.210284285450008,0.648636716351771,1.4722194895832201,0.0,1.9775021196025977,1.2938747370452313,0.3243183581758855,0.7193685818395111,2.3561278066027955,1.8511046902042987,1.8672767561901085,0.1760088201822447,0.5527050139735558,0.5344623729781702,1.2824746787307684,1.5813042316832728,1.2395308380245946,1.1295030226309093,2.7824389525037208,0.22905530270493013,0.21374577978846138,1.1107348367250678,2.351203577673075,2.3680279258455443,1.2613609572858908,0.3271598865740489,3.051047334195084,1.4719249777896741,1.4722194895832201,2.945866647960803,1.2865910386431627,0.7393569925972749,1.8072048362094548,0.601422782863287,2.012362782270809,1.6357994328702448,2.2281432400225847,1.1450596030091713,1.4210308697928313,1.4210308697928313,1.641957356664489,0.7983720419241115,0.891189232148501,0.9591581091193483,2.6169468282157604,1.864830559511342,0.4518012090523637,1.068728898942307,1.8475164539748183,3.517389508854196,3.321077827149809
LW,0.0,0.0,0.0,0.0,0.0,0.0,0.0,0.0,0.0,0.0,0.0,0.0,0.0,0.0,0.0,0.0,0.0,0.0,0.0,0.0,0.0,3.564579949109666,0.0,0.0,0.0,0.0,0.0,0.0,0.0,0.0,0.0,0.928393016676077,0.0,0.0,0.0,0.0,0.0,0.0,0.0,1.8483924814931874,1.0986122886681098,1.3862943611198906,4.033336479200328,0.0,0.0,0.0,0.0,0.0,0.0,0.0,0.0,0.0,0.0,0.6931471805599453,0.0,0.0,0.0,0.0,0.0,0.0,0.0,0.0,0.0,1.6357994328702448
LY,2.380306153561547,2.033105440735637,0.3243183581758855,1.2792139405522478,0.0,0.7193685818395111,0.5545177444479562,0.5493061443340549,1.5813042316832728,1.023371152441798,0.7883505983036818,0.0,1.0750556815368328,0.5493061443340549,1.0986122886681098,0.0,0.0,0.5941261547656673,1.354025100551105,0.0,2.046742304883596,0.5864133416658889,0.0,0.0,0.0,0.47957905455967414,1.297273432703542,0.358351893845611,0.0,0.8047189562170501,0.3243183581758855,0.6090132299112135,2.137836965406238,0.3243183581758855,1.355403627157091,0.0,0.716703787691222,0.648636716351771,0.9729550745276566,0.0,1.3086395462961955,1.5813042316832728,2.934628806943487,1.3032386152085929,1.0986122886681098,0.29706307738283366,0.47957905455967414,1.4722194895832201,0.0,0.5312275020105406,1.6094379124341003,0.648636716351771,0.40235947810852507,0.0,0.46209812037329684,0.716703787691222,0.0,0.3243183581758855,0.7737286288863456,1.1882523095313346,0.9241962407465937,0.358351893845611,1.1605929433295186,0.46209812037329684
MA,0.0,0.0,0.0,0.0,0.0,0.46209812037329684,0.0,0.0,0.0,0.6931471805599453,0.6931471805599453,0.42749155957692275,0.5493061443340549,0.0,0.0,1.218026459822427,0.6931471805599453,0.46209812037329684,0.46209812037329684,0.358351893845611,1.0750556815368328,0.358351893845611,0.29706307738283366,1.433407575382444,0.0,0.6931471805599453,0.5941261547656673,1.023371152441798,0.0,1.0750556815368328,0.3243183581758855,0.0,0.0,0.358351893845611,0.6931471805599453,1.354025100551105,0.46209812037329684,0.9591581091193483,0.0,0.0,1.0750556815368328,0.5493061443340549,1.1882523095313346,0.891189232148501,0.29706307738283366,0.40235947810852507,0.7737286288863456,1.3862943611198906,0.0,0.0,1.0986122886681098,0.0,0.0,1.2070784343255752,0.9729550745276566,0.5493061443340549,0.9729550745276566,0.5493061443340549,0.5493061443340549,0.648636716351771,1.0986122886681098,1.0986122886681098,0.812017639881618,0.0
MC,0.0,0.0,0.0,0.0,0.0,0.0,0.0,0.0,0.0,0.0,0.0,0.0,0.0,0.0,0.0,0.0,0.0,0.0,0.0,0.0,0.0,0.0,0.0,0.0,0.0,0.0,0.0,0.0,0.0,0.0,0.0,0.0,0.0,0.0,0.0,0.0,0.0,0.0,0.0,0.0,0.0,0.0,0.0,0.0,0.0,0.0,0.0,0.0,0.0,0.0,0.0,0.0,0.0,0.0,0.0,0.0,0.0,0.0,0.0,0.0,0.0,0.0,0.0,0.0
MD,0.5493061443340549,0.0,0.0,0.0,0.0,1.3411982603617503,0.9241962407465937,0.46209812037329684,2.046742304883596,0.6931471805599453,0.0,0.9241962407465937,0.46209812037329684,1.791759469228055,0.0,1.0750556815368328,0.0,0.29706307738283366,2.046742304883596,0.0,0.0,3.2219725501090544,0.0,0.0,0.0,1.0750556815368328,0.0,1.0750556815368328,0.0,0.0,0.6931471805599453,0.3868643144431728,0.12026056535665978,0.6931471805599453,0.0,0.6931471805599453,1.1882523095313346,1.9459101490553132,0.46209812037329684,0.358351893845611,1.0986122886681098,1.1882523095313346,2.6101331718534992,0.42749155957692275,0.0,2.0794415416798357,0.3044522437723423,0.8047189562170501,0.0,1.9237120180961527,0.6931471805599453,0.9241962407465937,1.6215917908794277,1.6479184330021646,0.39097158456257786,0.0,1.0986122886681098,0.6777018135785455,1.2070784343255752,0.5493061443340549,0.5493061443340549,0.49073982986107334,1.0750556815368328,0.40235947810852507
ME,0.0,1.0986122886681098,0.0,0.0,0.5493061443340549,1.709966238307691,0.9241962407465937,0.46209812037329684,0.0,0.0,0.716703787691222,0.5493061443340549,0.5493061443340549,1.0986122886681098,0.6931471805599453,0.0,0.6931471805599453,1.4853153869141684,1.433407575382444,0.0,1.297273432703542,0.0,0.6931471805599453,0.5493061443340549,0.0,0.0,1.0986122886681098,0.6931471805599453,0.0,0.5493061443340549,0.5493061443340549,0.0,0.5493061443340549,0.0,0.46209812037329684,1.0750556815368328,0.0,1.1882523095313346,0.5493061443340549,0.0,1.9459101490553132,0.46209812037329684,0.21371881967370676,0.0,0.0,0.46209812037329684,0.6931471805599453,0.0,0.0,1.4853153869141684,0.0,0.0,1.2070784343255752,0.40235947810852507,0.5493061443340549,0.0,0.46209812037329684,1.2070784343255752,0.6931471805599453,0.0,0.0,0.5493061443340549,0.0,0.0
MF,1.0986122886681098,0.0,1.6094379124341003,0.6931471805599453,0.9241962407465937,1.782378464297002,1.791759469228055,0.9241962407465937,2.030044099704045,0.8047189562170501,0.0,2.302585092994046,0.6931471805599453,0.0,0.6931471805599453,1.433407575382444,1.0986122886681098,0.0,2.2590060452618186,0.0,0.5493061443340549,0.0,1.922571505169192,1.0986122886681098,0.0,2.0794415416798357,0.0,1.4853153869141684,0.6931471805599453,0.6931471805599453,1.0750556815368328,0.0,0.9241962407465937,2.302585092994046,1.4853153869141684,1.433407575382444,1.791759469228055,0.0,0.0,1.922571505169192,0.9729550745276566,0.0,1.6479184330021646,1.0624550040210812,1.6215917908794277,1.791759469228055,1.3732653608351373,0.0,0.0,1.4387371636790223,1.3862943611198906,0.5493061443340549,1.791759469228055,1.0986122886681098,0.0,0.0,1.782378464297002,1.3862943611198906,1.4853153869141684,0.0,0.0,0.0,0.511685576220899,0.0
MG,0.5493061443340549,0.0,0.3868643144431728,1.0750556815368328,0.6931471805599453,2.402910225941144,0.0,0.6931471805599453,0.0,0.5493061443340549,0.2558427881104495,1.0986122886681098,0.6931471805599453,1.433407575382444,0.5493061443340549,1.0986122886681098,0.6931471805599453,0.0,0.46209812037329684,0.0,0.0,4.707029696684868,0.0,0.0,0.0,1.9459101490553132,0.0,0.0,0.0,0.0,0.40235947810852507,0.0,0.47957905455967414,1.0986122886681098,0.40235947810852507,0.9241962407465937,0.5493061443340549,2.302585092994046,0.0,0.0,1.2070784343255752,1.6479184330021646,4.378426880571123,0.7393569925972749,1.0986122886681098,0.0,0.8239592165010823,0.0,0.0,1.2070784343255752,0.0,0.0,0.0,1.791759469228055,0.9814796597221467,0.6931471805599453,1.791759469228055,0.0,0.0,0.0,0.0,0.6412373393653842,0.0,0.0
MH,0.0,0.6931471805599453,0.0,0.0,0.0,0.0,0.0,0.6931471805599453,0.0,0.0,0.0,0.0,0.0,0.0,0.0,0.0,0.0,0.0,0.0,0.0,0.0,0.0,0.0,0.0,0.0,0.0,0.0,0.5493061443340549,0.0,1.0986122886681098,0.0,0.0,0.0,0.0,0.0,0.0,0.0,0.0,0.0,0.6931471805599453,0.0,0.0,0.0,0.0,0.0,0.0,1.3862943611198906,0.0,0.0,0.0,0.0,0.0,0.0,0.5493061443340549,0.6931471805599453,0.0,0.0,0.6931471805599453,0.0,0.6931471805599453,0.0,0.0,0.0,0.0
MI,0.0,0.0,0.0,0.6931471805599453,0.0,0.0,0.0,0.0,0.40235947810852507,0.0,0.0,1.6635532333438687,1.6215917908794277,0.0,0.0,2.1972245773362196,0.0,0.0,0.0,1.3862943611198906,0.9241962407465937,0.0,0.0,1.0750556815368328,0.0,0.0,0.0,0.0,0.9241962407465937,0.40235947810852507,0.46209812037329684,0.46209812037329684,0.46209812037329684,0.0,0.9729550745276566,1.782378464297002,0.0,0.0,0.0,0.716703787691222,1.5350567286626973,0.0,0.0,0.716703787691222,0.9241962407465937,1.3862943611198906,2.030044099704045,0.0,0.0,0.9241962407465937,1.922571505169192,1.0986122886681098,0.0,1.2070784343255752,0.0,0.9241962407465937,1.6094379124341003,1.9183162182386966,1.6479184330021646,1.297273432703542,0.0,0.6931471805599453,2.030044099704045,0.0
MK,1.4387371636790223,0.0,1.5813042316832728,0.0,1.0750556815368328,1.6785266909588594,0.46209812037329684,1.1882523095313346,0.3243183581758855,0.716703787691222,1.1882523095313346,1.7908995167731467,1.023371152441798,1.0986122886681098,0.46209812037329684,0.716703787691222,0.0,1.791759469228055,0.716703787691222,1.6094379124341003,1.6479184330021646,1.770758340035135,2.1581057455185335,1.297273432703542,1.9237120180961527,0.46209812037329684,1.5350567286626973,0.0,1.433407575382444,0.5493061443340549,0.5493061443340549,1.8072048362094548,1.354025100551105,1.1295030226309093,1.1989476363991853,1.0750556815368328,0.891189232148501,0.5941261547656673,0.9241962407465937,0.7675283643313486,0.648636716351771,0.5493061443340549,0.0,0.8107958954397139,0.46209812037329684,1.0750556815368328,0.47301035898220906,0.7611306094308558,0.8047189562170501,1.4387371636790223,0.716703787691222,0.8047189562170501,0.6931471805599453,0.648636716351771,1.4853153869141684,1.0750556815368328,1.6479184330021646,0.0,0.0850809199219799,0.0,1.433407575382444,1.791759469228055,0.3802888691543457,1.3862943611198906
ML,0.0,0.0,0.0,0.0,0.0,1.782378464297002,0.9241962407465937,0.0,1.2792139405522478,0.0,0.0,0.0,0.6931471805599453,0.46209812037329684,0.9729550745276566,0.0,0.0,0.0,0.0,0.0,0.0,0.0,0.5493061443340549,0.0,0.0,0.6931471805599453,0.6931471805599453,0.40235947810852507,0.0,0.5493061443340549,1.782378464297002,0.0,0.0,1.6479184330021646,0.0,1.2070784343255752,0.0,0.0,0.0,2.0794415416798357,1.3862943611198906,1.5350567286626973,0.7883505983036818,3.0863880628960385,0.0,0.0,1.0027894097833427,3.193488167696446,0.0,0.9241962407465937,0.0,0.5493061443340549,0.46209812037329684,0.0,0.6931471805599453,0.0,0.0,0.6931471805599453,1.4506835837978906,0.42749155957692275,0.0,0.0,2.9275285023528363,0.0
MM,0.0,0.0,0.0,0.0,0.0,0.0,0.0,0.0,0.0,0.0,0.0,0.0,0.0,0.0,0.0,0.0,0.0,0.0,0.0,0.0,0.0,0.0,0.0,0.0,0.0,0.0,0.0,0.0,0.0,0.0,0.0,0.0,0.0,0.0,0.0,0.0,0.0,0.0,0.0,0.0,0.0,0.0,0.0,0.0,0.0,0.0,0.0,0.0,0.0,0.0,0.0,0.0,0.0,0.0,0.0,0.0,0.0,0.0,0.0,0.0,0.0,0.0,0.0,0.0
MN,0.0,0.0,0.0,0.0,0.358351893845611,0.0,0.5493061443340549,0.0,0.0,0.0,1.3862943611198906,0.358351893845611,0.6931471805599453,0.0,0.0,0.0,0.0,0.0,0.0,0.0,0.0,0.0,0.0,0.0,0.0,0.0,1.3862943611198906,0.0,0.0,0.0,0.0,0.0,0.0,0.8047189562170501,0.0,0.0,0.5493061443340549,0.0,0.0,0.0,0.6931471805599453,1.0986122886681098,1.0986122886681098,0.716703787691222,0.5493061443340549,0.0,0.0,0.3243183581758855,0.0,0.8047189562170501,0.46209812037329684,0.0,0.0,0.0,0.0,0.0,0.0,0.0,0.40235947810852507,0.0,0.5493061443340549,0.0,0.0,0.0
MP,0.9241962407465937,0.0,0.9241962407465937,0.0,0.0,0.9729550745276566,1.0986122886681098,0.0,1.3862943611198906,0.0,0.0,1.9459101490553132,0.9241962407465937,0.0,0.0,2.1972245773362196,0.0,0.0,0.0,0.6931471805599453,0.40235947810852507,0.8047189562170501,1.0750556815368328,1.3862943611198906,0.358351893845611,0.9241962407465937,1.4853153869141684,0.0,1.0986122886681098,0.5493061443340549,0.9241962407465937,0.0,0.5493061443340549,1.0986122886681098,0.6931471805599453,1.922571505169192,0.0,1.2070784343255752,0.46209812037329684,1.2070784343255752,1.6094379124341003,0.40235947810852507,0.0,1.0986122886681098,1.433407575382444,1.0986122886681098,1.7908995167731467,0.0,0.0,1.3862943611198906,1.6094379124341003,0.46209812037329684,0.0,1.0986122886681098,0.0,0.46209812037329684,1.2070784343255752,1.6094379124341003,0.9241962407465937,1.433407575382444,0.0,0.5493061443340549,1.6094379124341003,0.0
MQ,0.0,0.40235947810852507,0.0,0.0,0.0,0.5493061443340549,0.0,0.0,0.0,0.0,0.0,0.0,0.0,0.0,0.0,1.9459101490553132,0.0,1.6215917908794277,0.0,0.0,0.40235947810852507,0.0,0.0,0.0,0.0,0.0,0.0,0.0,0.0,0.0,0.0,0.0,0.6931471805599453,0.0,0.0,0.3243183581758855,1.791759469228055,0.0,0.0,0.0,0.0,0.0,0.0,0.0,0.0,0.0,0.0,0.0,0.0,0.0,0.0,0.0,0.0,0.0,0.0,0.0,0.6931471805599453,1.6479184330021646,0.0,0.0,0.0,0.0,1.6479184330021646,0.0
MR,0.9591581091193483,0.9591581091193483,2.9017013233611677,0.0,0.6931471805599453,2.6346277383495678,0.0,1.791759469228055,2.5146180438806236,0.716703787691222,3.0398775768545567,1.3732653608351373,0.0,0.0,0.6931471805599453,2.137457797884614,0.0,3.3462099402253305,2.5649493574615367,0.716703787691222,1.1882523095313346,3.4569144578823243,2.9172055557333607,2.778344655758188,2.736801091938045,0.46209812037329684,3.0594441162831703,0.0,1.297273432703542,1.2824746787307684,0.0,3.3787464276871892,2.403791043139602,2.0794415416798357,1.9183162182386966,1.791759469228055,3.3787464276871892,0.5941261547656673,0.0,2.436052919644854,1.5350567286626973,0.6931471805599453,0.5527050139735558,2.9501782549873425,1.6479184330021646,1.6215917908794277,2.1277537294374507,0.8047189562170501,1.297273432703542,0.648636716351771,1.3732653608351373,0.0,1.791759469228055,1.2824746787307684,2.8165163467596757,0.0,0.6931471805599453,2.402910225941144,1.2070784343255752,0.0,0.0,2.9506361727958503,1.9789395845202251,2.436052919644854
MS,0.0,0.0,0.0,0.0,0.9241962407465937,0.5493061443340549,0.40235947810852507,0.6931471805599453,0.6931471805599453,1.3862943611198906,1.3862943611198906,0.8047189562170501,0.6931471805599453,0.0,0.6931471805599453,0.9241962407465937,0.46209812037329684,0.9241962407465937,1.4853153869141684,0.6931471805599453,1.2070784343255752,1.0986122886681098,1.433407575382444,1.2070784343255752,0.0,0.0,1.0750556815368328,1.6479184330021646,0.5493061443340549,0.9241962407465937,0.6931471805599453,0.6931471805599453,0.0,0.648636716351771,0.0,0.0,1.2070784343255752,1.433407575382444,1.3862943611198906,0.5493061443340549,0.5493061443340549,0.0,0.7675283643313486,2.3242610109302517,1.0750556815368328,1.0986122886681098,1.7278097460167723,2.7635250698677787,0.6931471805599453,0.6931471805599453,0.46209812037329684,1.3862943611198906,0.0,1.0986122886681098,0.46209812037329684,0.0,0.5941261547656673,2.302585092994046,0.9133567313170269,0.7675283643313486,1.0986122886681098,0.0,2.6327235234386124,1.0986122886681098
MT,2.3978952727983707,2.3978952727983707,0.0,0.0,2.137457797884614,2.0794415416798357,0.0,0.0,0.5493061443340549,0.0,0.0,0.0,0.40235947810852507,0.716703787691222,0.0,0.0,0.0,0.0,0.0,0.0,0.0,1.729685558065228,0.0,0.21374577978846138,0.0,0.9729550745276566,0.0,0.0,0.0,0.0,0.0,0.5493061443340549,0.0,0.6931471805599453,0.0,0.5493061443340549,0.0,1.782378464297002,0.0,0.0,0.9729550745276566,1.3862943611198906,1.1795476898172976,0.9591581091193483,0.0,0.0,0.6931471805599453,1.0750556815368328,0.0,0.0,0.0,0.46209812037329684,0.5493061443340549,0.40235947810852507,0.0,0.0,0.0,0.0,1.1882523095313346,0.40235947810852507,0.0,0.0,1.0750556815368328,0.0
MV,0.0,0.0,0.0,0.0,0.0,0.0,1.6215917908794277,0.0,1.3732653608351373,0.0,0.0,0.891189232148501,0.46209812037329684,0.0,0.5493061443340549,0.9241962407465937,0.0,0.0,1.3732653608351373,0.46209812037329684,0.6931471805599453,0.0,0.0,0.0,0.6931471805599453,1.791759469228055,0.0,0.0,0.0,0.0,0.5493061443340549,0.0,0.0,0.0,0.46209812037329684,0.358351893845611,1.791759469228055,0.0,0.0,0.0,0.40235947810852507,0.0,0.0,0.358351893845611,0.5493061443340549,0.0,0.648636716351771,0.0,0.0,0.0,0.40235947810852507,0.0,0.0,0.0,0.0,0.6931471805599453,0.9241962407465937,0.648636716351771,0.648636716351771,0.0,0.0,0.5493061443340549,0.5941261547656673,0.0
MY,1.2070784343255752,0.0,0.5493061443340549,0.0,0.0,0.0,0.5493061443340549,0.6931471805599453,0.9241962407465937,1.3862943611198906,0.0,0.0,0.6931471805599453,0.0,0.0,0.0,0.0,0.0,0.6931471805599453,0.0,0.8047189562170501,1.0986122886681098,0.0,0.0,0.0,0.0,0.0,0.0,0.0,0.0,0.0,0.6931471805599453,0.0,0.0,0.9241962407465937,0.0,0.0,0.5493061443340549,0.0,0.0,0.0,0.0,0.0,0.0,0.0,0.0,0.0,0.0,0.0,0.8047189562170501,0.0,0.0,0.0,0.0,0.0,0.0,0.0,0.0,0.0,0.0,0.0,0.0,0.6931471805599453,1.0986122886681098
NC,0.0,1.6094379124341003,0.0,0.0,0.0,0.716703787691222,1.433407575382444,0.0,0.0,0.0,0.0,0.0,0.0,0.0,0.0,0.0,1.0986122886681098,1.0986122886681098,0.0,0.0,1.0986122886681098,0.0,0.0,0.0,0.0,0.0,1.433407575382444,0.0,0.0,0.0,0.0,0.0,0.9241962407465937,0.8047189562170501,0.0,0.0,1.0750556815368328,0.0,0.0,0.0,0.716703787691222,0.46209812037329684,0.9729550745276566,0.0,0.0,0.0,0.0,0.0,0.0,0.0,0.0,0.0,0.0,0.0,0.0,0.0,0.0,0.0,0.0,0.0,0.0,0.0,0.0,0.0
ND,1.3862943611198906,0.0,2.4572701292270467,0.0,0.0,2.4072786084294826,0.0,0.46209812037329684,0.0,0.716703787691222,2.4102379250852937,0.0,0.0,0.0,0.5493061443340549,1.6479184330021646,0.0,2.270079664070115,0.5941261547656673,1.791759469228055,0.0,1.6152921808944407,2.270079664070115,2.7966574578003813,0.2030044099704045,0.0,0.15767011966073635,1.2070784343255752,0.0,0.0,1.0986122886681098,2.2214696734501356,0.0,0.5493061443340549,0.0,1.0986122886681098,2.3548838738425864,0.0,1.0986122886681098,0.42749155957692275,0.46209812037329684,1.0986122886681098,3.5455981230598,0.3873768351550419,0.0,0.6931471805599453,0.08800441009112235,0.511685576220899,0.0,0.6931471805599453,0.0,0.0,0.6931471805599453,0.0,0.0,0.0,1.0986122886681098,0.1425224643604159,0.14719249777896742,0.0,1.9459101490553132,1.709966238307691,0.5364793041447,0.0
NE,0.9591581091193483,1.0986122886681098,0.0,0.9591581091193483,0.0,1.7405663415358248,0.27465307216702745,0.9241962407465937,0.9241962407465937,1.1882523095313346,0.2558427881104495,0.0,1.297273432703542,1.2070784343255752,0.648636716351771,1.4722194895832201,0.0,0.6412373393653842,1.2938747370452313,1.2070784343255752,1.791759469228055,4.324205003023143,0.8047189562170501,0.0,0.0,1.4787139851945499,1.355403627157091,0.23978952727983707,1.922571505169192,0.40235947810852507,0.9241962407465937,1.5936825060316215,0.0,0.0,0.4518012090523637,2.046742304883596,1.4753180863979252,1.6785266909588594,0.29706307738283366,0.6931471805599453,1.5350567286626973,1.023371152441798,3.6753614508311983,0.6555951677749651,1.6785266909588594,0.0,0.0,0.0,1.5936825060316215,1.624035279763236,0.891189232148501,0.5493061443340549,0.0,0.891189232148501,0.0,1.433407575382444,1.0750556815368328,1.1605929433295186,0.0,0.0,0.648636716351771,0.648636716351771,2.131165706406396,2.1581057455185335
NF,0.0,0.0,1.0986122886681098,0.0,1.433407575382444,1.7908995167731467,0.7737286288863456,1.0986122886681098,1.0986122886681098,0.3243183581758855,1.8270396897336403,1.4853153869141684,1.0986122886681098,0.46209812037329684,1.3862943611198906,0.0,0.40235947810852507,1.3817625349338893,0.8549831191538455,0.6931471805599453,0.8239592165010823,0.5493061443340549,1.0986122886681098,1.782378464297002,0.9241962407465937,0.0,0.9591581091193483,1.4387371636790223,0.6931471805599453,1.3862943611198906,0.46209812037329684,1.0986122886681098,0.0,1.3732653608351373,1.5350567286626973,0.46209812037329684,0.5941261547656673,1.4962204585192298,0.8239592165010823,0.0,0.9591581091193483,0.716703787691222,0.42749155957692275,1.0238625538446027,1.1882523095313346,0.46209812037329684,0.9388387822532253,1.2178089750893693,0.9241962407465937,1.6479184330021646,2.0794415416798357,1.3862943611198906,1.8270396897336403,1.2070784343255752,0.3243183581758855,0.0,1.0750556815368328,1.8072048362094548,0.0,0.3243183581758855,2.1972245773362196,0.0,0.3271598865740489,0.0
NG,0.0,0.0,0.0,0.0,0.716703787691222,1.3732653608351373,0.6090132299112135,1.297273432703542,0.0,0.9241962407465937,0.9591581091193483,0.0,0.5493061443340549,0.0,0.0,0.0,0.0,2.033231729642506,0.8549831191538455,0.0,1.5350567286626973,0.0,0.0,0.0,0.0,0.648636716351771,0.3243183581758855,0.0,0.0,0.358351893845611,1.2070784343255752,0.40235947810852507,0.0,0.0,0.3243183581758855,0.0,0.891189232148501,0.358351893845611,0.0,0.8047189562170501,0.0,0.9241962407465937,0.3243183581758855,0.8047189562170501,0.0,0.40235947810852507,1.0986122886681098,0.0,0.0,0.40235947810852507,0.0,0.0,1.8483924814931874,0.5493061443340549,0.0,0.9241962407465937,0.5493061443340549,0.5493061443340549,0.5493061443340549,0.9241962407465937,0.0,0.5493061443340549,0.0,0.0
NH,0.0,0.0,0.0,0.6931471805599453,0.5493061443340549,1.6479184330021646,0.0,2.0794415416798357,1.4853153869141684,0.6931471805599453,0.0,0.0,0.6931471805599453,0.0,0.6931471805599453,1.6785266909588594,0.0,1.6479184330021646,0.8239592165010823,1.6215917908794277,0.0,0.0,1.6479184330021646,0.0,0.6931471805599453,0.46209812037329684,0.0,1.782378464297002,0.46209812037329684,1.6215917908794277,0.6931471805599453,0.6931471805599453,0.0,1.8072048362094548,0.0,0.46209812037329684,1.2792139405522478,0.0,0.6931471805599453,0.6931471805599453,0.3243183581758855,0.0,0.0,0.0,0.0,0.0,1.2070784343255752,0.0,0.0,1.922571505169192,0.0,0.6931471805599453,0.0,0.46209812037329684,0.6931471805599453,0.6931471805599453,0.6931471805599453,2.0794415416798357,0.6931471805599453,1.0986122886681098,1.791759469228055,1.0986122886681098,0.0,0.6931471805599453
NI,0.0,0.0,0.0,0.5493061443340549,0.0,0.6089044875446846,0.6931471805599453,0.46209812037329684,0.42749155957692275,0.9241962407465937,1.791759469228055,0.0,1.2070784343255752,0.0,0.9241962407465937,0.0,0.0,0.0,0.0,0.5493061443340549,0.46209812037329684,0.0,0.5312275020105406,0.3243183581758855,0.0,1.0750556815368328,0.46209812037329684,0.891189232148501,0.6931471805599453,0.5493061443340549,1.297273432703542,0.0,0.0,0.0,1.2792139405522478,0.46209812037329684,0.23978952727983707,0.46209812037329684,0.8047189562170501,0.812017639881618,0.9241962407465937,1.0750556815368328,2.5878440720649096,4.143134726391533,1.433407575382444,0.0,3.1145420370848074,3.1460204624660633,0.6931471805599453,0.891189232148501,1.4853153869141684,1.0986122886681098,0.0,0.46209812037329684,0.6931471805599453,0.0,0.0,0.3153402393214727,4.043937667711398,1.433407575382444,0.0,0.0,3.181514061112588,0.0
NK,2.4849066497880004,0.0,2.580218703329911,1.3732653608351373,0.46209812037329684,1.2997502233465077,0.9671607861079322,0.6931471805599453,2.2803594297666545,0.46209812037329684,2.6865715112096873,0.9729550745276566,1.2792139405522478,1.782378464297002,1.6479184330021646,1.4210308697928313,0.0,0.45667836565851344,0.9671607861079322,0.716703787691222,1.0986122886681098,3.5799695001211718,0.47301035898220906,0.2030044099704045,0.5493061443340549,0.6777018135785455,0.3868643144431728,0.9241962407465937,1.2070784343255752,1.0986122886681098,0.9729550745276566,0.0,1.7343713162681,1.2395308380245946,2.736801091938045,1.0624550040210812,0.3271598865740489,1.1605929433295186,0.8047189562170501,0.1934321572215864,2.3509070164107744,1.023371152441798,2.8642485178157933,0.6306804786429454,0.8047189562170501,0.358351893845611,0.39097158456257786,1.355403627157091,1.0750556815368328,2.210284285450008,0.3243183581758855,1.6785266909588594,0.358351893845611,1.624035279763236,0.45667836565851344,0.648636716351771,1.0986122886681098,0.6867974408970293,1.0150220498520226,0.9591581091193483,1.6215917908794277,0.8831549866738045,0.3153402393214727,0.0
NL,0.8239592165010823,0.8239592165010823,0.4471917293935131,0.46209812037329684,0.716703787691222,1.5199387884272784,0.6412373393653842,0.511685576220899,0.8418239574966185,1.0750556815368328,0.7215633921399587,0.3868643144431728,0.8047189562170501,0.6931471805599453,0.0,1.7343713162681,1.6215917908794277,1.2938747370452313,0.9814796597221467,0.9241962407465937,1.068728898942307,0.6800874724461563,1.5211554766173827,0.9814796597221467,0.0,1.1295030226309093,0.7611306094308558,1.8483924814931874,0.716703787691222,1.0750556815368328,0.7675283643313486,0.17002186811153908,0.4691306733327111,1.3700350969755404,0.6090132299112135,1.4787139851945499,1.7435577384702752,1.218026459822427,0.358351893845611,0.5941261547656673,1.4335624767294521,0.5802964716647593,0.9436381518538381,1.0467307118092626,1.1090354888959124,0.406008819940809,0.9580464503089337,0.4936599274333635,0.511685576220899,0.511685576220899,0.8501093405576955,0.648636716351771,0.5941261547656673,1.023371152441798,0.5941261547656673,0.46209812037329684,1.2938747370452313,1.766309973347609,0.9842331761151738,0.8501093405576955,0.0,0.22590060452618185,1.297273432703542,0.0
NM,1.0986122886681098,1.3862943611198906,1.433407575382444,0.5493061443340549,1.2070784343255752,1.6215917908794277,0.0,1.791759469228055,1.1882523095313346,1.1882523095313346,1.9459101490553132,2.046742304883596,1.2070784343255752,0.716703787691222,0.6931471805599453,1.9459101490553132,1.3862943611198906,1.791759469228055,0.648636716351771,0.6931471805599453,1.4853153869141684,1.782378464297002,2.046742304883596,1.2070784343255752,1.0986122886681098,1.0986122886681098,1.791759469228055,1.2070784343255752,1.3862943611198906,1.6094379124341003,1.4853153869141684,1.0986122886681098,1.6215917908794277,1.791759469228055,1.6785266909588594,1.9183162182386966,0.0,1.297273432703542,0.5493061443340549,1.922571505169192,2.046742304883596,0.3243183581758855,1.8072048362094548,2.1581057455185335,2.1972245773362196,1.2070784343255752,2.6390573296152584,1.3862943611198906,0.0,1.433407575382444,1.922571505169192,0.9241962407465937,1.3862943611198906,1.782378464297002,1.0986122886681098,0.0,2.0794415416798357,1.9459101490553132,2.1581057455185335,1.6094379124341003,1.0986122886681098,0.0,1.6785266909588594,0.0
NN,0.0,0.0,0.7675283643313486,0.46209812037329684,0.5493061443340549,2.1110880299972,1.0750556815368328,1.6479184330021646,2.487172562881001,0.0,0.0,1.0986122886681098,1.0750556815368328,0.9241962407465937,0.6931471805599453,2.1249100080421623,0.0,1.0150220498520226,2.210820055894223,1.0750556815368328,0.5493061443340549,4.44937935439536,1.4210308697928313,0.5941261547656673,0.27465307216702745,2.5146180438806236,1.068728898942307,1.782378464297002,0.716703787691222,0.9241962407465937,0.8047189562170501,0.0,0.5545177444479562,1.4787139851945499,0.5493061443340549,2.4849066497880004,2.833213344056216,1.4962204585192298,0.5493061443340549,1.297273432703542,1.87024054922693,1.0750556815368328,3.7150967423748615,0.15222612188617116,0.29706307738283366,1.3732653608351373,0.9036024181047274,0.0,0.40235947810852507,1.068728898942307,0.716703787691222,0.716703787691222,1.3732653608351373,1.2792139405522478,0.9591581091193483,0.9241962407465937,0.46209812037329684,2.030044099704045,0.47301035898220906,1.4853153869141684,0.0,0.0,1.8267134626340538,0.0
NP,0.0,0.0,1.297273432703542,0.0,0.3243183581758855,1.2591286416445535,0.0,0.358351893845611,0.5493061443340549,0.5941261547656673,0.0,1.433407575382444,0.40235947810852507,0.0,0.0,1.6785266909588594,0.5493061443340549,0.0,0.4518012090523637,0.716703787691222,1.1989476363991853,2.4872800178838084,0.0,0.5493061443340549,0.5493061443340549,0.9591581091193483,0.6412373393653842,0.0,0.6931471805599453,0.0,1.4853153869141684,0.0,0.40235947810852507,0.716703787691222,0.9729550745276566,1.6215917908794277,0.0,1.5474572577726913,0.0,1.433407575382444,1.770758340035135,0.4518012090523637,0.0,0.2030044099704045,0.648636716351771,0.891189232148501,0.8047189562170501,0.0,0.0,0.354151668007027,0.9729550745276566,0.0,0.0,0.8047189562170501,0.6412373393653842,0.5493061443340549,0.5493061443340549,0.4518012090523637,1.5350567286626973,1.0986122886681098,0.40235947810852507,0.0,1.6479184330021646,0.0
NQ,1.0986122886681098,0.6931471805599453,0.34004373622307815,0.0,0.0,3.6485815294787125,0.0,0.5493061443340549,1.023371152441798,1.0986122886681098,0.0,0.358351893845611,0.0,0.0,0.0,0.0,0.0,3.828641396489095,0.0,0.0,0.0,0.0,0.716703787691222,0.0,0.0,0.0,0.29706307738283366,0.3243183581758855,0.0,0.6931471805599453,0.0,2.270079664070115,0.1770758340035135,0.0,1.6215917908794277,0.0,3.6485815294787125,0.0,1.2070784343255752,3.127772676500623,0.9241962407465937,0.0,0.45667836565851344,0.9460207179644181,0.0,0.358351893845611,2.643717534883358,0.5493061443340549,0.0,0.0,0.0,0.0,0.0,0.0,0.2030044099704045,0.0,0.0,3.5617921145144025,0.9241962407465937,1.3862943611198906,0.0,0.0,3.1690739096195473,3.1690739096195473
NR,0.9241962407465937,1.1295030226309093,0.23456533666635554,1.1882523095313346,1.782378464297002,0.8047189562170501,0.46209812037329684,1.740889414994278,1.0986122886681098,1.8483924814931874,1.023371152441798,0.648636716351771,0.716703787691222,1.6785266909588594,0.6931471805599453,0.40235947810852507,1.0750556815368328,2.8161411229159152,2.030044099704045,0.0,0.9591581091193483,2.911322564970491,0.6705991301808751,2.7316465323956876,0.2850449287208318,1.0750556815368328,0.5463293064791376,0.9729550745276566,1.2070784343255752,1.9459101490553132,1.6215917908794277,3.196015253513847,0.36078169606997934,1.4853153869141684,1.3732653608351373,0.891189232148501,3.0853745464585223,1.9183162182386966,0.9591581091193483,2.778344655758188,1.8270396897336403,1.297273432703542,0.9591581091193483,0.5228453031602079,0.8239592165010823,0.716703787691222,2.2803594297666545,0.3868643144431728,0.5941261547656673,0.9671607861079322,0.46209812037329684,0.6931471805599453,2.1581057455185335,0.9729550745276566,0.5070518255391275,1.4853153869141684,1.4853153869141684,3.3868732470828746,1.0729586082894,0.6931471805599453,0.27465307216702745,0.0,2.6401323027336705,2.794948308709457
NS,0.0,0.42749155957692275,0.46209812037329684,0.6931471805599453,0.648636716351771,1.8512247278751133,0.22590060452618185,0.46209812037329684,0.47957905455967414,0.5493061443340549,1.0750556815368328,0.9729550745276566,0.6931471805599453,0.46209812037329684,0.0,0.8047189562170501,0.0,1.8765226933308443,0.47957905455967414,0.0,0.5941261547656673,0.716703787691222,0.6090132299112135,0.9241962407465937,0.23978952727983707,0.40235947810852507,0.354151668007027,0.0,0.0,0.9241962407465937,0.648636716351771,2.2803594297666545,0.5802964716647593,0.891189232148501,0.2558427881104495,0.9241962407465937,2.5227219145717816,0.8239592165010823,0.46209812037329684,2.5227219145717816,0.812017639881618,0.716703787691222,0.4518012090523637,0.4518012090523637,0.9241962407465937,0.29706307738283366,1.4962204585192298,0.4518012090523637,0.6931471805599453,0.46209812037329684,0.0,0.5493061443340549,0.29706307738283366,1.0986122886681098,0.648636716351771,0.5493061443340549,0.9241962407465937,3.3539379704513483,0.406008819940809,0.7675283643313486,0.5493061443340549,0.358351893845611,2.2214696734501356,2.9444389791664403
NT,2.4790616760491893,0.9729550745276566,0.26823965207235,1.2070784343255752,0.812017639881618,2.7079638646763735,0.0,0.5493061443340549,0.29706307738283366,0.9241962407465937,0.12341498185834088,0.891189232148501,0.8047189562170501,1.782378464297002,0.46209812037329684,0.891189232148501,0.6931471805599453,2.9755661323020512,0.2558427881104495,0.40235947810852507,0.891189232148501,2.924189930092771,2.0419420781275175,0.12341498185834088,2.4725158851046243,0.9036024181047274,1.4809797823000905,0.5493061443340549,0.0,0.0,0.0,2.333777358668276,1.9453388523047452,0.716703787691222,0.29706307738283366,0.891189232148501,3.641342250457394,2.137457797884614,0.23978952727983707,2.559656384611507,0.7675283643313486,0.5493061443340549,0.048045770436503536,1.6711074300169386,0.9729550745276566,1.0750556815368328,2.2702285072311987,1.355403627157091,0.0,2.1265392627313178,1.0986122886681098,1.2070784343255752,0.46209812037329684,1.782378464297002,1.2341498185834088,0.0,0.716703787691222,3.621513434670249,1.068728898942307,0.9591581091193483,1.2070784343255752,0.14719249777896742,3.4905562722241146,3.7664487408033183
NV,0.0,0.6931471805599453,0.0,0.0,0.6931471805599453,0.3243183581758855,0.0,0.0,0.29706307738283366,0.0,0.2558427881104495,0.0,0.0,0.0,0.5493061443340549,0.0,0.0,0.5493061443340549,0.40235947810852507,0.0,0.0,0.17303011317137817,0.0,0.0,0.5493061443340549,0.0,0.6931471805599453,0.6931471805599453,0.0,0.0,0.0,0.0,0.2558427881104495,0.5493061443340549,0.40235947810852507,0.46209812037329684,0.8047189562170501,1.2070784343255752,0.0,0.0,1.0750556815368328,0.0,0.0,0.29706307738283366,0.0,0.29706307738283366,0.0,0.46209812037329684,0.0,0.27465307216702745,0.0,0.0,0.0,0.46209812037329684,0.6931471805599453,0.0,0.46209812037329684,1.0750556815368328,0.0,0.0,0.0,0.46209812037329684,0.4518012090523637,1.0986122886681098
NW,1.791759469228055,1.0986122886681098,3.2470352646298144,0.6931471805599453,1.0986122886681098,0.2558427881104495,0.6931471805599453,0.5493061443340549,0.46209812037329684,1.2070784343255752,3.332204510175204,0.648636716351771,0.0,0.0,1.0986122886681098,0.5493061443340549,1.0986122886681098,0.22590060452618185,0.6931471805599453,0.0,0.0,4.721120711221913,0.36967849629863747,3.2188758248682006,0.40235947810852507,0.0,0.17002186811153908,1.2070784343255752,0.6931471805599453,0.0,0.5493061443340549,3.562073942428863,0.5941261547656673,0.46209812037329684,0.0,0.5493061443340549,0.22590060452618185,1.3862943611198906,0.9241962407465937,3.2470352646298144,0.8047189562170501,1.3862943611198906,4.737415375795532,0.6908812674669447,1.433407575382444,0.6931471805599453,0.708303336014054,1.7908995167731467,0.46209812037329684,0.40235947810852507,1.6215917908794277,0.0,0.0,0.9241962407465937,0.0,0.6931471805599453,0.6931471805599453,2.0269897385992848,1.782378464297002,0.6931471805599453,0.5493061443340549,3.0423109532347654,3.332204510175204,3.0853745464585223
NY,1.433407575382444,0.7675283643313486,0.9241962407465937,0.6931471805599453,0.0,1.0750556815368328,2.2330485096744495,0.46209812037329684,0.5493061443340549,0.0,0.716703787691222,1.7908995167731467,0.0,0.0,0.6931471805599453,0.0,0.0,1.5350567286626973,1.5350567286626973,0.0,1.6479184330021646,0.0,0.5493061443340549,0.0,0.46209812037329684,0.0,0.511685576220899,0.716703787691222,1.0986122886681098,0.46209812037329684,0.0,0.0,0.716703787691222,0.5941261547656673,1.5350567286626973,0.0,0.0,0.0,0.0,1.0986122886681098,0.7193685818395111,0.0,0.40235947810852507,1.2070784343255752,0.6931471805599453,1.6479184330021646,0.40235947810852507,1.6215917908794277,0.0,1.1882523095313346,1.0986122886681098,0.6931471805599453,1.782378464297002,0.5493061443340549,0.6931471805599453,0.0,0.0,0.5493061443340549,0.8047189562170501,0.0,0.8047189562170501,0.9241962407465937,0.46209812037329684,0.0
PA,0.0,0.0,0.5527050139735558,0.5493061443340549,0.5493061443340549,1.3497332380477645,1.0986122886681098,0.0,0.8047189562170501,0.0,0.44157749333690227,1.0750556815368328,1.433407575382444,1.709966238307691,0.5493061443340549,1.6479184330021646,0.0,0.0,0.5493061443340549,1.2070784343255752,0.6931471805599453,4.888008776843848,0.12026056535665978,0.1934321572215864,0.29438499555793485,1.0750556815368328,0.7393569925972749,0.5493061443340549,0.5493061443340549,0.8047189562170501,0.8047189562170501,2.1121058421869363,0.8047189562170501,0.358351893845611,1.3862943611198906,1.7908995167731467,0.40235947810852507,1.355403627157091,0.0,3.0398775768545567,2.1459172165788,1.4387371636790223,4.278361835294722,0.1770758340035135,0.0,1.433407575382444,0.1934321572215864,0.46209812037329684,0.0,1.9789395845202251,0.6931471805599453,0.9729550745276566,0.6931471805599453,1.9237120180961527,1.0150220498520226,1.0986122886681098,0.716703787691222,1.700218681115391,0.9241962407465937,0.9241962407465937,0.0,0.49073982986107334,3.283914713328978,3.127772676500623
PC,0.0,1.6094379124341003,0.0,0.0,0.0,1.0986122886681098,0.648636716351771,0.5493061443340549,0.0,0.0,0.0,0.0,0.0,0.0,0.0,0.0,0.6931471805599453,0.716703787691222,0.0,0.0,1.0986122886681098,0.0,0.0,0.0,0.0,0.0,1.0986122886681098,1.6094379124341003,0.0,0.0,0.0,0.0,0.0,0.0,0.0,0.0,0.0,0.0,0.0,0.0,0.8047189562170501,0.0,0.0,0.0,0.0,0.0,0.0,1.1882523095313346,0.0,1.791759469228055,0.0,1.0986122886681098,0.0,0.0,0.0,0.0,0.0,0.0,0.0,0.0,1.6215917908794277,0.0,0.0,0.0
PD,1.0750556815368328,0.5493061443340549,0.7675283643313486,0.0,0.716703787691222,2.3702295140333556,0.6931471805599453,0.8047189562170501,0.0,0.0,0.0,0.9729550745276566,0.0,0.0,0.0,0.3243183581758855,0.8047189562170501,3.0423109532347654,0.29706307738283366,0.0,0.46209812037329684,0.03575705748645429,2.9761222438871267,0.0,0.40235947810852507,0.0,0.1934321572215864,0.3243183581758855,0.46209812037329684,0.0,0.0,0.0,1.0986122886681098,0.6777018135785455,0.0,0.46209812037329684,2.8862535685598347,0.29706307738283366,0.0,0.0,1.1295030226309093,1.2070784343255752,0.7304726558945495,0.35184800499953334,0.8047189562170501,0.0,0.5887699911158697,0.21374577978846138,0.0,0.7675283643313486,0.0,0.0,0.0,0.29706307738283366,0.0,0.0,1.6094379124341003,1.1036908376251544,0.0,0.358351893845611,0.0,0.2030044099704045,0.1934321572215864,0.0
PE,0.9729550745276566,0.648636716351771,0.31370718189612473,1.297273432703542,0.47957905455967414,1.1440573311845905,1.782378464297002,0.648636716351771,0.812017639881618,1.1882523095313346,0.29438499555793485,0.0,0.0,1.354025100551105,0.5493061443340549,1.4962204585192298,0.9241962407465937,0.1770758340035135,1.5767011966073636,0.0,0.891189232148501,1.5721451237057908,0.0,0.2763525069867779,0.23456533666635554,1.4722194895832201,0.3868643144431728,0.29706307738283366,1.2792139405522478,0.648636716351771,1.297273432703542,0.0,0.22893248029900976,1.218026459822427,0.0,1.782378464297002,0.8551347861624953,1.1775399822317394,0.0,0.8047189562170501,1.1882523095313346,1.0986122886681098,3.4947740843833146,0.47957905455967414,0.9729550745276566,0.6412373393653842,1.1605929433295186,0.358351893845611,1.2824746787307684,0.7359624888948371,0.9241962407465937,0.5493061443340549,0.8549831191538455,1.0150220498520226,0.22893248029900976,1.6479184330021646,1.4853153869141684,0.8501093405576955,0.5941261547656673,0.0,1.3732653608351373,0.2850449287208318,0.9814796597221467,0.0
PF,0.0,0.40235947810852507,0.22590060452618185,0.0,0.0,0.23978952727983707,0.46209812037329684,0.0,0.0,0.3243183581758855,0.3044522437723423,0.5493061443340549,0.40235947810852507,0.0,0.0,1.4853153869141684,0.0,0.0,0.5493061443340549,0.0,0.716703787691222,0.09303374113107257,0.0,0.0,0.0,0.0,0.0,0.0,0.0,0.0,0.358351893845611,2.0419420781275175,0.511685576220899,0.0,0.0,0.0,1.068728898942307,0.23978952727983707,0.0,2.961959564600181,0.6777018135785455,0.6777018135785455,1.9173455078594899,0.418494304533702,0.8047189562170501,0.0,2.7081884344831684,0.15767011966073635,0.0,0.42749155957692275,0.0,0.0,0.0,0.0,0.0,0.5493061443340549,1.0750556815368328,3.1687099775789975,0.0,0.0,0.0,0.5493061443340549,2.0937229779857494,3.2188758248682006
PG,0.47301035898220906,0.7737286288863456,0.3044522437723423,0.511685576220899,0.21374577978846138,1.4208167555073266,0.6090132299112135,0.0,2.5146180438806236,1.4853153869141684,0.43706344518331003,1.6479184330021646,0.0,1.2824746787307684,0.46209812037329684,1.4787139851945499,0.9241962407465937,0.22590060452618185,1.9629593194442934,1.6215917908794277,1.1882523095313346,3.0085446465560706,0.8365524850563326,2.5503280216730864,0.0,1.023371152441798,0.5100656043346173,0.8239592165010823,0.5941261547656673,0.9241962407465937,0.0,1.8039084803498968,0.2785179050028231,2.1972245773362196,1.4853153869141684,1.6094379124341003,0.2558427881104495,1.624035279763236,0.3243183581758855,0.0,0.8549831191538455,1.023371152441798,1.3770355827609493,0.6908812674669447,0.46209812037329684,0.40235947810852507,0.44157749333690227,0.8239592165010823,1.1295030226309093,0.9460207179644181,1.0986122886681098,0.40235947810852507,1.2792139405522478,1.023371152441798,0.0,1.0986122886681098,0.9729550745276566,0.17002186811153908,1.433407575382444,0.6931471805599453,1.9183162182386966,0.3868643144431728,0.47957905455967414,0.8047189562170501
PH,0.0,0.0,0.358351893845611,0.3243183581758855,0.0,1.5677471079645748,0.5493061443340549,0.0,0.0,0.0,0.2558427881104495,1.0986122886681098,0.9241962407465937,0.9241962407465937,0.6931471805599453,0.0,0.0,0.0,0.46209812037329684,0.46209812037329684,0.648636716351771,4.689134459944884,0.0,2.351203577673075,0.0,1.433407575382444,0.6931471805599453,0.358351893845611,0.0,0.5941261547656673,0.0,0.0,0.22590060452618185,0.0,0.0,0.0,0.0,2.046742304883596,0.46209812037329684,0.5493061443340549,0.7675283643313486,1.2070784343255752,4.4191027037259465,1.6479184330021646,0.716703787691222,0.0,1.0986122886681098,1.2070784343255752,0.0,0.716703787691222,1.2070784343255752,0.5493061443340549,0.0,1.2070784343255752,0.15767011966073635,0.0,0.0,0.891189232148501,0.8047189562170501,0.0,0.6931471805599453,0.21374577978846138,0.46209812037329684,0.0
PI,0.0,0.46209812037329684,0.24052113071331957,0.0,1.2070784343255752,1.6374209005161013,0.716703787691222,0.8047189562170501,0.40235947810852507,1.791759469228055,0.6800874724461563,0.891189232148501,0.891189232148501,0.6412373393653842,1.0986122886681098,0.648636716351771,0.40235947810852507,2.0937229779857494,0.891189232148501,0.0,0.0,0.0,2.1080693281432556,0.0,2.212103917971477,0.0,0.47957905455967414,1.4853153869141684,0.0,0.0,0.8047189562170501,0.9580464503089337,2.3359065278136053,1.0750556815368328,1.0750556815368328,1.4387371636790223,0.3271598865740489,0.2558427881104495,1.2070784343255752,1.3735948817940586,1.1295030226309093,0.8239592165010823,3.2480576213913785,0.7883505983036818,1.2070784343255752,0.5493061443340549,0.8549831191538455,0.9241962407465937,0.0,0.6089044875446846,1.433407575382444,1.2070784343255752,1.297273432703542,0.0,0.12026056535665978,0.0,1.7908995167731467,0.3646506944666701,0.29706307738283366,0.40235947810852507,1.6094379124341003,0.0,0.6516193076042964,0.8418239574966185
PK,0.0,0.8047189562170501,2.3005060878186407,1.6094379124341003,1.0750556815368328,0.9122670306460151,1.4210308697928313,0.46209812037329684,0.708303336014054,0.40235947810852507,1.4506835837978906,0.406008819940809,0.46209812037329684,1.2792139405522478,0.8047189562170501,1.4962204585192298,1.0986122886681098,0.5212954460834371,0.406008819940809,1.4853153869141684,0.0,3.2687369954391294,2.459252969409291,0.27465307216702745,2.2579154980552496,0.7193685818395111,1.1605929433295186,1.2792139405522478,0.0,1.297273432703542,1.1882523095313346,1.9568611582055373,2.382512354259646,2.137457797884614,2.2800370426149756,1.0986122886681098,0.2558427881104495,0.9036024181047274,0.7193685818395111,2.7316465323956876,2.0760513646207226,0.891189232148501,0.6311061449668744,2.5946646881089523,0.9729550745276566,0.406008819940809,2.457828486301612,1.7908995167731467,0.358351893845611,2.218070977791825,0.0,0.0,0.9729550745276566,1.068728898942307,0.1934321572215864,0.9729550745276566,1.5350567286626973,2.718795576433081,0.6800874724461563,0.5941261547656673,1.791759469228055,0.3271598865740489,0.9388387822532253,0.5493061443340549
PL,0.9241962407465937,0.5493061443340549,0.5700898574416636,1.0986122886681098,0.0,2.049269951646985,0.8501093405576955,0.6931471805599453,1.770758340035135,0.9241962407465937,0.7164190696559166,1.1295030226309093,1.2792139405522478,1.9459101490553132,1.0986122886681098,1.922571505169192,0.0,2.4489258354198435,2.4849066497880004,0.6931471805599453,1.4853153869141684,2.6453646596250904,1.2762137988296982,0.5802964716647593,0.4790232251544668,1.2824746787307684,0.22359586469675655,2.046742304883596,0.648636716351771,0.716703787691222,0.40235947810852507,1.7575592430628102,0.4274376393474135,1.740889414994278,0.7393569925972749,1.4387371636790223,2.3199782008429097,1.6479184330021646,0.9241962407465937,2.288114662369181,1.1775399822317394,0.7675283643313486,0.18088165168485754,2.0554369320866557,1.2070784343255752,1.6785266909588594,1.4825876211987667,2.715129600883499,1.6215917908794277,1.9344675489074454,0.6931471805599453,1.4853153869141684,2.046742304883596,0.27465307216702745,0.6143175323067617,0.891189232148501,1.2792139405522478,2.911322564970491,2.849433691611522,1.4853153869141684,1.0986122886681098,0.15222612188617116,3.653528799875983,2.9920634754318947
PM,0.0,0.0,0.0,1.3862943611198906,0.0,0.0,0.0,0.0,0.0,0.6931471805599453,0.0,0.0,0.0,1.3862943611198906,0.0,1.9459101490553132,0.0,1.6094379124341003,0.6931471805599453,0.0,1.0986122886681098,1.1882523095313346,0.0,0.0,0.0,1.3862943611198906,0.0,0.0,0.0,0.0,0.0,0.0,0.0,0.0,0.0,0.6931471805599453,1.791759469228055,1.297273432703542,0.0,0.0,0.0,1.3862943611198906,0.46209812037329684,0.0,0.0,0.0,0.0,0.0,0.0,0.0,0.0,0.0,0.0,0.0,1.3862943611198906,0.0,0.0,1.782378464297002,0.0,0.0,0.0,0.0,1.782378464297002,0.0
PN,1.297273432703542,1.6094379124341003,0.0,0.0,1.3862943611198906,0.5941261547656673,0.0,1.8072048362094548,0.0,0.5493061443340549,0.0,0.0,0.0,0.0,0.0,0.9591581091193483,0.5493061443340549,2.046742304883596,0.3243183581758855,0.0,1.1882523095313346,0.9241962407465937,0.29706307738283366,0.40235947810852507,0.0,0.27465307216702745,0.0,0.716703787691222,0.0,1.782378464297002,1.433407575382444,0.8047189562170501,0.46209812037329684,0.40235947810852507,0.0,0.8239592165010823,1.3732653608351373,0.8047189562170501,0.6931471805599453,0.6931471805599453,0.8239592165010823,0.8047189562170501,0.0,0.0,0.0,0.0,1.6094379124341003,0.0,0.0,0.716703787691222,0.0,0.0,0.0,0.9241962407465937,0.648636716351771,1.0986122886681098,1.2070784343255752,1.6215917908794277,1.297273432703542,1.0986122886681098,0.0,1.4853153869141684,1.0750556815368328,1.0986122886681098
PP,0.29706307738283366,0.716703787691222,0.0,0.0,0.46209812037329684,2.5163684049435684,0.3243183581758855,0.511685576220899,1.2792139405522478,0.29706307738283366,0.49073982986107334,0.0,0.0,0.716703787691222,0.0,0.46209812037329684,0.9241962407465937,2.6831503763610787,0.4518012090523637,0.0,0.46209812037329684,0.060234734070648666,2.7761238949166773,0.0,1.4190310769466272,0.2558427881104495,0.0,1.2792139405522478,0.0,0.3243183581758855,1.433407575382444,2.3138284080818816,0.1934321572215864,1.2938747370452313,0.0,0.6931471805599453,2.1121058421869363,0.358351893845611,0.0,3.0905884840366316,1.7908995167731467,1.433407575382444,1.2703484464839905,1.1989476363991853,0.891189232148501,0.0,2.402910225941144,1.1989476363991853,0.0,0.6800874724461563,1.6094379124341003,0.8047189562170501,0.9241962407465937,0.29706307738283366,0.0,0.0,0.40235947810852507,3.5553480614894135,1.782378464297002,0.0,1.3732653608351373,0.16357994328702444,2.9974488149797636,3.2188758248682006
PQ,1.0986122886681098,0.5493061443340549,0.36967849629863747,0.0,1.0986122886681098,2.2901192060183426,0.0,1.433407575382444,0.0,0.5493061443340549,0.7393569925972749,1.9459101490553132,1.791759469228055,0.9241962407465937,0.9241962407465937,2.046742304883596,0.0,0.46209812037329684,1.2070784343255752,0.6931471805599453,0.6931471805599453,2.413317640408415,1.218026459822427,1.6785266909588594,0.0,0.0,1.4853153869141684,1.433407575382444,1.0986122886681098,1.3862943611198906,1.6479184330021646,0.5493061443340549,0.23978952727983707,1.3862943611198906,0.46209812037329684,1.9237120180961527,0.9241962407465937,1.4210308697928313,1.0750556815368328,1.6479184330021646,1.355403627157091,0.8239592165010823,2.8823971586230086,2.513467275863113,0.46209812037329684,1.4853153869141684,1.974639709733454,1.7102695723249906,0.6931471805599453,2.321185886659037,0.0,1.6094379124341003,0.0,2.1581057455185335,0.0,0.46209812037329684,1.433407575382444,2.380306153561547,2.5970191275026977,1.023371152441798,0.0,1.0750556815368328,2.2214696734501356,0.0
PR,1.791759469228055,1.0750556815368328,0.9591581091193483,1.0986122886681098,1.2070784343255752,1.297273432703542,1.6094379124341003,1.2070784343255752,0.3243183581758855,1.297273432703542,1.8072048362094548,0.40235947810852507,0.0,1.1882523095313346,0.46209812037329684,1.5474572577726913,0.716703787691222,0.46209812037329684,1.297273432703542,0.9241962407465937,0.46209812037329684,0.0,1.7908995167731467,0.9241962407465937,1.1882523095313346,0.716703787691222,1.5813042316832728,1.6094379124341003,1.433407575382444,1.2070784343255752,0.6931471805599453,0.5493061443340549,1.6215917908794277,0.9241962407465937,0.891189232148501,1.8270396897336403,0.891189232148501,1.3862943611198906,0.40235947810852507,1.791759469228055,1.530196813003852,1.6094379124341003,2.4849066497880004,2.207381675250309,2.137457797884614,1.297273432703542,2.033105440735637,0.9729550745276566,1.0986122886681098,2.1972245773362196,1.4853153869141684,0.0,0.0,2.302585092994046,0.7675283643313486,0.891189232148501,0.891189232148501,0.8047189562170501,1.922571505169192,1.6094379124341003,1.6094379124341003,1.0986122886681098,1.9183162182386966,0.0
PS,1.7592400249976667,2.033231729642506,0.5312275020105406,1.6094379124341003,1.4190310769466272,0.6338147819239095,0.47957905455967414,0.8239592165010823,0.6800874724461563,0.5941261547656673,2.1459172165788,0.0,0.5493061443340549,0.716703787691222,0.716703787691222,0.358351893845611,0.0,1.5677471079645748,0.5802964716647593,0.0,0.3243183581758855,2.8676947149970875,0.0,0.18483924814931874,0.1770758340035135,0.0,0.6412373393653842,0.46209812037329684,0.46209812037329684,1.433407575382444,1.2792139405522478,0.23978952727983707,0.6306804786429454,0.8549831191538455,2.218070977791825,0.891189232148501,0.0,0.891189232148501,0.0,1.0986122886681098,1.9789395845202251,0.0,0.7734747216048785,3.1910245734258567,1.3732653608351373,0.22590060452618185,2.289324802990097,3.310008086590539,1.0750556815368328,0.8549831191538455,0.5493061443340549,0.5493061443340549,0.8239592165010823,0.5941261547656673,0.5493061443340549,1.0750556815368328,0.27465307216702745,1.0150220498520226,3.6879286468235746,1.1295030226309093,0.0,0.27465307216702745,3.1343334297446352,0.0
PT,0.9241962407465937,0.40235947810852507,0.6931471805599453,0.8047189562170501,0.0,0.5493061443340549,0.9241962407465937,0.0,1.2824746787307684,0.5493061443340549,0.0,0.6931471805599453,0.5493061443340549,0.0,1.1882523095313346,0.0,0.0,1.0986122886681098,0.8047189562170501,0.5493061443340549,1.2070784343255752,0.0,0.0,1.0986122886681098,0.0,1.297273432703542,0.8047189562170501,0.5493061443340549,0.0,0.6931471805599453,0.0,0.0,1.4387371636790223,0.0,1.297273432703542,0.0,1.6094379124341003,0.5493061443340549,1.0750556815368328,0.0,0.8047189562170501,1.0986122886681098,0.46209812037329684,0.42749155957692275,0.46209812037329684,0.0,0.5493061443340549,0.5941261547656673,0.0,0.0,0.5493061443340549,0.8047189562170501,0.0,0.5493061443340549,0.6931471805599453,0.0,0.0,0.0,0.9729550745276566,0.8047189562170501,1.0750556815368328,0.0,0.40235947810852507,0.0
PV,0.648636716351771,0.3243183581758855,0.7427144133408616,0.9729550745276566,0.358351893845611,1.2901093516649556,0.0,0.9241962407465937,0.9591581091193483,1.2824746787307684,0.20477251076892056,1.2792139405522478,0.7675283643313486,1.922571505169192,0.6931471805599453,1.4853153869141684,0.5493061443340549,0.8549831191538455,0.7675283643313486,0.0,0.891189232148501,0.6311061449668744,0.0,0.24682996371668176,0.0,0.9729550745276566,0.5493061443340549,0.0,0.0,0.40235947810852507,1.4962204585192298,0.2850449287208318,0.7480158688579737,0.891189232148501,0.648636716351771,1.5350567286626973,0.0,1.530196813003852,0.7675283643313486,1.2938747370452313,0.7193685818395111,0.6412373393653842,0.1330829277045371,0.4864775372638283,0.47957905455967414,0.3243183581758855,0.5373143022419374,0.36967849629863747,1.2070784343255752,1.5199387884272784,0.0,1.0986122886681098,1.2070784343255752,0.7393569925972749,0.7193685818395111,0.0,1.5936825060316215,1.2070784343255752,0.0,0.0,0.0,0.36967849629863747,0.7126123218020795,0.4518012090523637
PW,0.0,0.0,0.0,0.0,0.0,0.0,0.0,0.0,0.0,0.46209812037329684,0.891189232148501,0.40235947810852507,0.0,0.0,0.0,0.46209812037329684,0.0,0.0,0.0,0.0,0.0,0.46209812037329684,0.0,0.0,0.0,0.0,0.0,0.0,0.0,0.0,0.0,0.0,0.0,0.0,0.0,0.0,0.0,0.6931471805599453,0.0,0.0,0.0,0.0,0.354151668007027,1.6914485184611032,1.433407575382444,0.0,0.4936599274333635,2.1748585628405928,0.0,0.0,1.3732653608351373,0.0,0.0,0.0,0.0,0.0,0.0,0.0,0.11179793234837827,0.716703787691222,0.9241962407465937,0.0,2.060392322691088,0.0
PY,1.9478341740386487,2.402910225941144,0.0,0.40235947810852507,2.5146180438806236,1.5246746883313111,2.207381675250309,0.0,0.5545177444479562,1.4962204585192298,0.0,0.708303336014054,0.9729550745276566,0.716703787691222,0.6931471805599453,2.030044099704045,0.9241962407465937,2.4790616760491893,0.0,2.0794415416798357,0.6412373393653842,3.1114411199279606,0.9591581091193483,0.5941261547656673,1.9629593194442934,2.2803594297666545,0.0,0.6931471805599453,1.0986122886681098,0.0,0.29706307738283366,0.0,1.766309973347609,1.068728898942307,0.8501093405576955,1.3732653608351373,2.030044099704045,1.9343215722158644,2.3019858420456756,0.2558427881104495,1.023371152441798,0.3243183581758855,0.0,0.0,0.6931471805599453,0.5941261547656673,0.9133567313170269,0.3243183581758855,0.5493061443340549,1.4853153869141684,1.6215917908794277,0.46209812037329684,0.648636716351771,0.9591581091193483,0.0,0.0,1.023371152441798,2.380306153561547,1.2792139405522478,0.9591581091193483,1.5350567286626973,0.40235947810852507,1.624035279763236,0.0
QA,1.0624550040210812,1.0150220498520226,0.731983424424291,0.8047189562170501,1.1605929433295186,3.9255087646909255,1.0150220498520226,2.62534881637439,1.065582853203198,2.030044099704045,0.4936599274333635,1.740889414994278,0.8047189562170501,0.891189232148501,1.3862943611198906,1.7908995167731467,1.3732653608351373,3.9228524393150708,1.5813042316832728,0.5493061443340549,1.6785266909588594,0.0,3.1924409057443794,0.32779758388748254,2.3886133897091244,0.0,1.2019244742541026,0.9591581091193483,0.5493061443340549,2.1581057455185335,1.709966238307691,2.6157834113653298,0.7021229274585992,2.030044099704045,1.2341498185834088,2.436052919644854,4.206262297802573,1.1882523095313346,0.648636716351771,3.4600065567974068,2.3650517949110452,0.511685576220899,0.7427144133408616,1.596100422561158,1.530196813003852,1.068728898942307,1.3497332380477645,1.7278097460167723,0.8239592165010823,1.6635532333438687,0.7675283643313486,1.2070784343255752,0.9729550745276566,1.5813042316832728,0.6381387153166727,0.46209812037329684,1.9478341740386487,2.9840138334839033,1.6389879194374126,1.4853153869141684,1.740889414994278,0.0,2.9275285023528363,3.912023005428146
QC,0.0,0.0,0.0,0.0,0.0,0.0,0.0,0.0,0.0,0.0,0.0,0.0,0.0,0.0,0.0,0.0,0.0,0.0,0.0,0.0,0.0,0.0,0.0,0.0,0.0,0.0,0.0,0.0,0.0,0.0,0.0,0.0,0.0,0.0,0.0,0.0,0.0,0.0,0.0,0.0,0.0,0.0,0.0,0.0,0.0,0.0,0.0,0.0,0.0,0.0,0.0,0.0,0.0,0.0,0.0,0.0,0.0,0.0,0.0,0.0,0.0,0.0,0.0,0.0
QD,0.0,0.0,1.4210308697928313,0.46209812037329684,0.0,1.5685359094806235,0.40235947810852507,0.0,0.511685576220899,1.3732653608351373,1.5813042316832728,0.0,0.0,1.6215917908794277,0.0,0.0,0.5493061443340549,0.1425224643604159,0.511685576220899,0.0,1.297273432703542,3.49798439145523,0.0,0.27465307216702745,0.358351893845611,0.9591581091193483,0.1934321572215864,0.358351893845611,0.0,0.46209812037329684,0.6931471805599453,0.0,1.2824746787307684,0.0,0.406008819940809,0.0,0.0,2.1972245773362196,0.9241962407465937,0.13032386152085929,0.0,0.29706307738283366,0.3783466106783524,0.4691306733327111,1.6215917908794277,0.8047189562170501,0.0,0.0,0.3243183581758855,2.6390573296152584,0.6931471805599453,1.297273432703542,0.0,1.5350567286626973,0.8853791700175675,0.5493061443340549,0.0,0.48104226142663914,0.0,0.0,0.0,0.511685576220899,0.0,0.0
QE,0.716703787691222,0.0,0.9729550745276566,0.0,1.0986122886681098,0.5493061443340549,0.3243183581758855,1.3862943611198906,0.6090132299112135,0.40235947810852507,0.9729550745276566,1.6094379124341003,0.0,0.0,0.8047189562170501,0.6931471805599453,0.0,1.023371152441798,1.355403627157091,0.6931471805599453,0.0,0.0,1.0750556815368328,0.5545177444479562,0.0,0.46209812037329684,1.1882523095313346,1.6215917908794277,0.9241962407465937,1.433407575382444,1.6215917908794277,2.6223806710998603,0.0,1.0986122886681098,0.0,0.9241962407465937,1.2792139405522478,0.716703787691222,0.891189232148501,3.2087895283168626,0.716703787691222,1.6215917908794277,0.6021107994813999,2.7180773055310725,0.0,0.9241962407465937,1.7278097460167723,1.9344675489074454,0.6931471805599453,0.0,0.0,0.6931471805599453,0.46209812037329684,0.9729550745276566,0.511685576220899,1.2070784343255752,0.46209812037329684,3.0325027583292057,2.5524275976593964,0.47957905455967414,0.0,1.0986122886681098,2.0851817843337486,1.0986122886681098
QF,0.0,0.8047189562170501,0.891189232148501,0.0,1.2070784343255752,0.9241962407465937,0.0,1.0750556815368328,0.0,0.0,2.4849066497880004,0.0,0.9241962407465937,0.0,0.0,1.433407575382444,0.9241962407465937,0.9729550745276566,1.5350567286626973,1.0986122886681098,0.0,0.0,0.0,0.0,0.0,0.0,0.0,1.297273432703542,0.0,0.0,0.358351893845611,0.46209812037329684,1.433407575382444,0.0,0.9241962407465937,0.6931471805599453,0.0,0.0,0.9241962407465937,0.0,1.023371152441798,0.648636716351771,1.4387371636790223,1.4722194895832201,0.8047189562170501,0.8047189562170501,1.6479184330021646,1.4210308697928313,0.0,0.716703787691222,0.0,0.9241962407465937,1.3862943611198906,0.5493061443340549,0.5493061443340549,0.5493061443340549,0.9241962407465937,0.0,2.033231729642506,1.0986122886681098,1.0986122886681098,1.0986122886681098,1.5474572577726913,0.8047189562170501
QG,1.7435577384702752,1.6581150419206674,0.4558133680833376,0.0,1.9344675489074454,1.5902783572280677,2.1265392627313178,0.27465307216702745,1.2792139405522478,0.5493061443340549,0.0,0.7193685818395111,1.6479184330021646,1.023371152441798,0.648636716351771,2.321185886659037,0.0,1.5065794963213273,1.1450596030091713,0.891189232148501,0.7193685818395111,3.7174997564117245,0.4012131014049138,3.5267527088039103,1.0043863308808847,0.6931471805599453,0.3646506944666701,0.9241962407465937,0.648636716351771,1.4853153869141684,0.6412373393653842,2.9198960085593217,1.0246349758234925,1.8072048362094548,0.511685576220899,1.0150220498520226,0.915729921196039,1.4962204585192298,1.5211554766173827,0.14719249777896742,1.2178089750893693,0.40235947810852507,1.4315394444576375,0.3009098260536853,0.27465307216702745,0.6777018135785455,0.9162212108197205,0.5941261547656673,0.46209812037329684,2.380306153561547,0.0,0.9729550745276566,0.46209812037329684,1.619117475568642,0.15767011966073635,0.5493061443340549,0.29706307738283366,1.4005948167421465,1.2824746787307684,0.5941261547656673,0.0,3.1213595380964074,0.9831313945206448,0.1770758340035135
QH,0.0,0.0,0.0,0.0,0.0,0.27465307216702745,0.5493061443340549,0.0,0.0,0.46209812037329684,0.0,0.0,0.0,0.27465307216702745,0.0,1.3862943611198906,0.0,0.0,0.0,0.6931471805599453,0.5493061443340549,0.0693956705461373,0.6931471805599453,0.0,0.0,0.0,1.3862943611198906,0.6931471805599453,0.46209812037329684,0.0,0.0,0.0,0.0,0.0,0.0,0.9241962407465937,0.0,0.29706307738283366,0.5493061443340549,0.6931471805599453,0.716703787691222,0.0,0.0836988609067404,0.6931471805599453,0.6931471805599453,0.0,0.0,0.0,0.8047189562170501,0.358351893845611,0.6931471805599453,0.0,0.0,0.0,0.46209812037329684,0.0,0.0,0.0,0.0,0.0,0.6931471805599453,0.0,0.0,0.0
QI,0.2558427881104495,1.2070784343255752,0.28375995800876436,2.033105440735637,1.2070784343255752,1.6114056700101635,1.0750556815368328,1.355403627157091,2.321185886659037,1.791759469228055,0.9671607861079322,2.1972245773362196,0.0,1.8483924814931874,0.0,1.355403627157091,1.6094379124341003,2.1784625674741136,2.3650517949110452,1.433407575382444,1.4853153869141684,4.23478072590551,0.1928190340068235,3.032288450875913,0.0,0.511685576220899,0.31370718189612473,1.6785266909588594,1.9237120180961527,0.648636716351771,0.5493061443340549,3.4505549776606506,0.1856786033352154,1.0750556815368328,0.3243183581758855,0.8047189562170501,3.0447810460376457,1.068728898942307,0.46209812037329684,3.3539379704513483,0.9591581091193483,0.9591581091193483,3.7102624919456666,1.030196161345544,1.2792139405522478,1.922571505169192,1.2435862814405005,1.2792139405522478,2.2901192060183426,0.18483924814931874,1.297273432703542,1.0750556815368328,1.9183162182386966,1.0150220498520226,0.20477251076892056,1.6215917908794277,0.9241962407465937,2.8386027394359665,1.791759469228055,0.0,2.046742304883596,0.15767011966073635,2.654454765205741,3.4011973816621555
QK,1.3732653608351373,0.5493061443340549,2.8053977310825875,0.648636716351771,0.9241962407465937,2.683677392566555,0.47957905455967414,1.4853153869141684,1.9183162182386966,0.9241962407465937,2.3104906018664844,0.22590060452618185,0.29706307738283366,0.0,1.4387371636790223,0.27465307216702745,0.9241962407465937,2.640227506339364,1.6785266909588594,0.46209812037329684,0.0,3.3493930797240767,2.6291022792940875,2.85776672490374,2.4857691554172012,0.42749155957692275,1.4707559619567143,1.1882523095313346,0.0,0.8047189562170501,1.2070784343255752,3.351529877984602,3.22427371644968,0.0,1.5813042316832728,0.40235947810852507,2.194858630116444,0.23978952727983707,1.4387371636790223,2.907412194031045,1.1090354888959124,1.770758340035135,3.8974468805792384,1.626337819907514,0.8047189562170501,0.648636716351771,2.496091121016768,1.9478341740386487,0.0,0.7737286288863456,0.40235947810852507,0.5941261547656673,0.6931471805599453,0.4518012090523637,1.877130945780327,0.6931471805599453,0.9036024181047274,1.9669955223862738,1.5474572577726913,1.6094379124341003,1.297273432703542,2.2828680382241764,2.204220443002444,2.758973604528069
QL,0.46209812037329684,0.358351893845611,1.5651710528772957,1.2070784343255752,0.5493061443340549,2.4725158851046243,0.0,0.0,0.0,0.5493061443340549,2.0597048252607606,0.358351893845611,0.3243183581758855,1.5350567286626973,0.0,0.8047189562170501,0.0,1.9659128163621629,0.0,0.5493061443340549,0.9241962407465937,4.325070787231363,1.9459101490553132,3.2612400546059663,1.4586027778666804,0.8239592165010823,0.21370752687086414,0.2558427881104495,1.0986122886681098,0.0,0.0,2.1927313188242175,0.134119826036175,0.0,0.0,0.891189232148501,0.11728266833317777,1.354025100551105,0.0,0.09640951700341174,1.3732653608351373,0.891189232148501,4.063547138172337,0.4921165880575869,0.46209812037329684,0.5941261547656673,0.29683949520240527,0.9591581091193483,1.0750556815368328,1.8483924814931874,1.0986122886681098,0.5493061443340549,0.0,1.218026459822427,2.0937229779857494,0.46209812037329684,0.0,0.20223863686877594,0.7675283643313486,0.9729550745276566,0.716703787691222,2.82941244898707,0.20554369320866558,0.10030327535122845
QM,1.87024054922693,1.8483924814931874,0.648636716351771,0.0,1.9478341740386487,0.46209812037329684,0.0,0.5493061443340549,0.6931471805599453,0.0,0.7675283643313486,0.8047189562170501,0.0,0.0,0.0,0.6931471805599453,0.6931471805599453,0.0,0.0,0.0,0.0,0.0,0.0,0.46209812037329684,0.0,0.0,0.5493061443340549,0.5941261547656673,0.0,0.6931471805599453,0.0,0.0,0.406008819940809,1.3862943611198906,0.0,0.0,0.0,0.0,0.0,0.0,0.0,0.0,1.2070784343255752,0.7566932213567048,1.6215917908794277,0.0,0.8501093405576955,0.45667836565851344,0.40235947810852507,0.358351893845611,0.0,1.2070784343255752,0.0,0.0,0.40235947810852507,0.0,1.0750556815368328,0.0,0.32057822951056014,0.358351893845611,0.716703787691222,0.0,0.49073982986107334,1.0986122886681098
QN,0.0,1.2070784343255752,0.0,2.046742304883596,1.2070784343255752,1.740889414994278,0.40235947810852507,0.5493061443340549,0.9671607861079322,1.6094379124341003,0.29706307738283366,0.358351893845611,0.0,2.030044099704045,0.0,1.8270396897336403,1.2070784343255752,1.1882523095313346,0.8178997164351224,1.6785266909588594,0.8047189562170501,0.5463293064791376,1.8270396897336403,0.6931471805599453,0.46209812037329684,0.8239592165010823,0.8047189562170501,1.6635532333438687,1.791759469228055,1.3862943611198906,0.0,0.0,0.0,1.6785266909588594,0.0,1.297273432703542,0.40235947810852507,0.648636716351771,0.9241962407465937,1.3862943611198906,0.5493061443340549,0.358351893845611,0.44157749333690227,1.2824746787307684,1.297273432703542,0.716703787691222,1.6215917908794277,0.8047189562170501,1.709966238307691,1.4853153869141684,1.3862943611198906,1.2070784343255752,2.3978952727983707,0.46209812037329684,0.716703787691222,1.6094379124341003,1.3862943611198906,0.0,0.8239592165010823,0.9241962407465937,1.8270396897336403,0.6931471805599453,0.8047189562170501,0.5493061443340549
QP,1.9459101490553132,0.5941261547656673,0.15767011966073635,0.9241962407465937,0.0,2.559656384611507,1.023371152441798,0.40235947810852507,2.137457797884614,1.2070784343255752,0.3802888691543457,1.0986122886681098,0.0,0.0,1.782378464297002,1.2070784343255752,0.0,3.283914713328978,2.0794415416798357,0.0,1.9459101490553132,0.13032386152085929,3.127772676500623,0.13817625349338894,0.0,1.9459101490553132,0.6306804786429454,0.891189232148501,0.0,1.3862943611198906,1.0750556815368328,0.12026056535665978,1.0061813911354045,0.0,1.6785266909588594,1.0986122886681098,3.276360172302729,0.8047189562170501,1.297273432703542,0.716703787691222,1.4387371636790223,1.9183162182386966,3.9973066641602744,2.7434990746020165,1.6215917908794277,1.0986122886681098,1.816816188299471,3.1687099775789975,0.0,0.0,0.5493061443340549,1.297273432703542,0.0,0.716703787691222,0.7193685818395111,0.0,0.40235947810852507,1.1446624014950486,2.9320667083294443,1.9183162182386966,1.6215917908794277,0.0,2.8161411229159152,0.8047189562170501
QQ,2.2330485096744495,2.1277537294374507,0.0,0.0,2.033231729642506,0.46209812037329684,0.0,0.0,0.6931471805599453,0.8047189562170501,0.0,2.0794415416798357,0.0,0.0,0.0,0.0,0.0,0.0,0.511685576220899,0.0,0.9241962407465937,0.0,0.0,0.8047189562170501,0.0,0.0,0.0,0.5493061443340549,0.0,0.5493061443340549,0.9241962407465937,0.0,0.0,0.46209812037329684,0.0,0.0,0.0,0.0,0.0,0.0,0.0,0.0,0.0,0.0,0.0,0.0,1.4962204585192298,0.40235947810852507,0.0,0.0,0.5493061443340549,0.0,0.0,0.0,0.6931471805599453,0.0,0.0,1.8072048362094548,0.0,0.0,0.0,0.0,0.0,0.0
QR,2.046742304883596,0.9241962407465937,0.891189232148501,0.0,1.433407575382444,0.46209812037329684,1.1882523095313346,0.7675283643313486,0.648636716351771,0.46209812037329684,0.9241962407465937,1.6094379124341003,0.0,0.6931471805599453,1.0986122886681098,0.0,0.5493061443340549,1.6215917908794277,1.3862943611198906,0.6931471805599453,0.6931471805599453,0.6931471805599453,1.9459101490553132,1.433407575382444,0.6931471805599453,0.5493061443340549,1.1882523095313346,1.4210308697928313,0.0,1.297273432703542,1.6479184330021646,0.40235947810852507,1.3862943611198906,1.0986122886681098,1.2070784343255752,1.2070784343255752,1.2070784343255752,1.0986122886681098,0.9729550745276566,1.0750556815368328,1.6094379124341003,1.2070784343255752,0.9241962407465937,1.5474572577726913,0.8239592165010823,1.297273432703542,2.5878440720649096,0.891189232148501,0.0,0.5802964716647593,0.0,0.0,1.3862943611198906,1.297273432703542,0.46209812037329684,0.6931471805599453,1.6094379124341003,2.2590060452618186,1.5350567286626973,1.433407575382444,0.0,0.0,1.0986122886681098,0.0
QS,2.6457324378465152,2.9087949851856254,0.406008819940809,0.648636716351771,2.794948308709457,2.8862535685598347,1.2824746787307684,0.8047189562170501,0.716703787691222,1.624035279763236,0.406008819940809,1.9789395845202251,0.0,1.6479184330021646,0.0,0.648636716351771,0.40235947810852507,2.535259127695638,2.345829507375467,0.0,1.6635532333438687,4.206262297802573,0.3243183581758855,1.0150220498520226,0.0,1.3732653608351373,1.6479184330021646,1.433407575382444,0.46209812037329684,0.46209812037329684,1.740889414994278,0.0,1.6744873407478829,0.716703787691222,0.891189232148501,0.5941261547656673,0.2558427881104495,2.033105440735637,2.380306153561547,1.6215917908794277,0.9729550745276566,1.791759469228055,3.6313254440194704,0.0,0.3243183581758855,0.40235947810852507,2.1249100080421623,0.511685576220899,1.218026459822427,2.137457797884614,0.0,1.2070784343255752,1.6479184330021646,1.0986122886681098,0.9036024181047274,0.0,0.0,2.9506361727958503,0.3243183581758855,0.0,1.297273432703542,0.0,0.0,0.0
QT,1.3862943611198906,1.433407575382444,0.8047189562170501,0.0,1.0986122886681098,0.40235947810852507,0.8047189562170501,0.0,1.2792139405522478,1.0750556815368328,1.0986122886681098,0.6931471805599453,0.6931471805599453,0.5941261547656673,0.6931471805599453,0.40235947810852507,1.2070784343255752,0.9241962407465937,0.0,0.0,0.0,0.0,0.5493061443340549,0.5493061443340549,0.5493061443340549,0.9729550745276566,0.40235947810852507,0.40235947810852507,0.0,0.0,0.0,0.5493061443340549,1.297273432703542,0.0,1.4387371636790223,1.297273432703542,1.0986122886681098,0.0,1.433407575382444,0.0,1.0750556815368328,1.0750556815368328,0.7193685818395111,1.3862943611198906,0.0,0.40235947810852507,0.9241962407465937,0.6931471805599453,0.0,0.0,0.0,0.6931471805599453,0.716703787691222,0.5493061443340549,0.6931471805599453,0.0,1.6094379124341003,0.40235947810852507,0.8047189562170501,0.0,0.0,0.5493061443340549,0.9241962407465937,0.0
QV,0.0,1.0986122886681098,0.0,0.0,0.358351893845611,0.0,0.0,1.2070784343255752,0.648636716351771,1.1882523095313346,0.0,0.0,0.0,0.0,0.46209812037329684,0.8047189562170501,0.0,0.4518012090523637,0.3243183581758855,0.6931471805599453,0.0,0.0,0.0,0.8047189562170501,0.0,0.0,1.0750556815368328,0.5941261547656673,0.0,1.6094379124341003,1.0750556815368328,0.0,0.3243183581758855,0.0,1.023371152441798,1.0986122886681098,0.2558427881104495,0.8047189562170501,1.1882523095313346,0.2558427881104495,0.0,0.0,0.7393569925972749,2.9146181629377663,0.3243183581758855,0.5493061443340549,1.1621305054651259,2.826042882116693,0.0,0.8047189562170501,0.3243183581758855,0.648636716351771,0.0,0.6931471805599453,0.0,0.5493061443340549,0.5941261547656673,0.5212954460834371,0.10926586129582751,0.8501093405576955,0.8047189562170501,0.6931471805599453,2.826042882116693,0.0
QW,0.0,0.0,0.35184800499953334,1.3862943611198906,0.0,1.9953145010458224,0.0,0.0,0.0,0.0,1.4809797823000905,0.0,1.0986122886681098,1.791759469228055,0.0,1.3862943611198906,0.0,0.0,0.0,0.0,0.0,4.364984226236312,1.7908995167731467,2.559656384611507,1.1901530767807735,0.8047189562170501,0.1425224643604159,0.0,0.0,0.0,0.0,2.0763613580565377,0.8873406946934732,0.0,2.5649493574615367,0.0,0.0,2.1972245773362196,0.6931471805599453,0.0,2.617279092592391,0.0,0.056580634112851844,0.3271598865740489,0.0,0.0,0.3271598865740489,0.0,1.0750556815368328,2.030044099704045,0.0,0.9241962407465937,0.0,1.3732653608351373,0.49073982986107334,0.0,0.0,0.4471917293935131,0.0,0.6931471805599453,0.0,2.7644288953804277,0.18483924814931874,0.2030044099704045
QY,0.0,0.0,0.0,0.0,0.0,3.207588175270864,0.648636716351771,1.4853153869141684,0.358351893845611,0.5493061443340549,0.0,1.0986122886681098,0.9241962407465937,1.922571505169192,0.0,2.1581057455185335,0.0,3.098922885268748,0.358351893845611,0.0,0.9241962407465937,3.54643738116734,2.459252969409291,0.0,0.0,1.355403627157091,0.354151668007027,0.3243183581758855,0.0,1.791759469228055,0.5493061443340549,1.9459101490553132,0.0,0.2558427881104495,0.5493061443340549,1.0986122886681098,3.1687099775789975,2.3019858420456756,0.6931471805599453,2.794948308709457,1.4853153869141684,1.433407575382444,3.2994912805793124,0.5100656043346173,0.3243183581758855,0.0,3.0185441734062133,1.1882523095313346,0.0,2.736801091938045,0.891189232148501,1.3732653608351373,0.0,1.922571505169192,1.1090354888959124,0.5493061443340549,0.5493061443340549,3.867373608024393,0.0,0.8047189562170501,0.5941261547656673,0.6306804786429454,3.4011973816621555,3.0853745464585223
RA,1.068728898942307,0.2030044099704045,0.29706307738283366,1.5350567286626973,0.27465307216702745,0.5941261547656673,0.5941261547656673,0.648636716351771,1.2824746787307684,1.1295030226309093,1.023371152441798,0.716703787691222,0.5493061443340549,1.624035279763236,1.4387371636790223,2.218070977791825,0.648636716351771,0.5545177444479562,1.068728898942307,0.5493061443340549,1.068728898942307,0.0,0.8047189562170501,1.2070784343255752,0.5493061443340549,0.22590060452618185,1.3732653608351373,1.1882523095313346,1.6479184330021646,1.6094379124341003,1.023371152441798,1.297273432703542,1.068728898942307,0.3243183581758855,1.530196813003852,2.1581057455185335,0.21374577978846138,1.0986122886681098,1.355403627157091,1.297273432703542,1.4962204585192298,0.0,1.0150220498520226,1.3086395462961955,1.1295030226309093,0.40235947810852507,1.1090354888959124,1.8920414359288362,1.700218681115391,0.46209812037329684,0.9729550745276566,2.046742304883596,0.891189232148501,1.4853153869141684,0.8239592165010823,1.709966238307691,1.2938747370452313,1.5350567286626973,1.3601749448923126,2.033105440735637,2.1249100080421623,1.2070784343255752,1.9135024711265767,1.1882523095313346
RC,0.0,0.0,0.0,0.0,0.0,0.0,0.0,1.6094379124341003,0.5493061443340549,0.0,0.0,1.782378464297002,0.0,0.0,0.6931471805599453,0.0,0.0,1.0986122886681098,0.0,0.0,0.0,0.0,0.0,0.0,0.0,0.0,0.0,0.0,0.0,0.0,0.0,1.0986122886681098,0.0,0.0,1.1882523095313346,0.6931471805599453,0.0,0.0,0.0,0.0,0.0,0.0,0.0,0.0,0.0,0.0,0.9241962407465937,1.0986122886681098,0.0,0.5493061443340549,1.0986122886681098,0.0,0.716703787691222,0.0,0.0,0.0,0.5493061443340549,0.0,0.0,0.0,1.023371152441798,1.0986122886681098,0.6931471805599453,0.0
RD,1.023371152441798,0.716703787691222,1.2792139405522478,0.0,1.0750556815368328,1.0624550040210812,0.40235947810852507,1.297273432703542,0.6412373393653842,0.9591581091193483,2.2330485096744495,1.023371152441798,0.8047189562170501,0.5493061443340549,0.5493061443340549,0.9591581091193483,0.8047189562170501,0.9729550745276566,0.2558427881104495,0.3243183581758855,1.297273432703542,1.2792139405522478,1.5936825060316215,0.5941261547656673,1.0986122886681098,0.891189232148501,1.6479184330021646,1.297273432703542,0.46209812037329684,0.5941261547656673,0.8549831191538455,1.0750556815368328,1.6479184330021646,1.1295030226309093,1.2938747370452313,1.2792139405522478,0.8047189562170501,0.9241962407465937,1.2070784343255752,1.2792139405522478,1.4387371636790223,0.27465307216702745,1.6942101997711707,1.3391817745078465,1.6785266909588594,0.8047189562170501,1.5211554766173827,1.014103651078255,0.0,1.4387371636790223,1.3732653608351373,0.9729550745276566,0.0,1.6479184330021646,0.9729550745276566,0.891189232148501,1.2938747370452313,0.7193685818395111,1.3086395462961955,1.3862943611198906,1.023371152441798,1.2070784343255752,1.0030327535122845,0.5493061443340549
RE,1.9459101490553132,1.2824746787307684,3.134377060772674,1.354025100551105,1.1882523095313346,1.4042458549171983,0.0,1.6785266909588594,1.2070784343255752,1.4962204585192298,2.09247152266851,1.2070784343255752,1.782378464297002,1.700218681115391,0.0,2.030044099704045,1.2824746787307684,2.906746241057835,0.8239592165010823,0.46209812037329684,1.297273432703542,1.844183466631485,1.0823450882099381,0.13032386152085929,1.8317808230648231,0.9729550745276566,0.22893248029900976,1.0750556815368328,1.0986122886681098,1.2070784343255752,1.9183162182386966,1.8692305772117899,2.1891489176872274,1.3732653608351373,1.1882523095313346,1.4853153869141684,2.5066474420887053,1.9343215722158644,0.40235947810852507,2.654454765205741,1.709966238307691,1.433407575382444,2.742188396435224,0.9850762207768854,1.624035279763236,0.0,2.3138284080818816,0.5941261547656673,1.740889414994278,1.993805361664022,1.6785266909588594,0.9729550745276566,0.27465307216702745,2.030044099704045,0.5021931654404423,1.3732653608351373,1.9183162182386966,3.2744129289223403,1.9344675489074454,0.8239592165010823,0.891189232148501,0.6921204526855127,2.5995004466930154,2.778344655758188
RF,0.29706307738283366,0.16357994328702444,0.5493061443340549,1.9459101490553132,0.0,0.0,0.0,1.3732653608351373,0.8047189562170501,1.9343215722158644,1.1295030226309093,0.0,1.6094379124341003,0.8047189562170501,0.9241962407465937,0.5941261547656673,0.0,0.0,0.8853791700175675,0.716703787691222,1.1090354888959124,1.8072048362094548,1.0750556815368328,0.648636716351771,0.0,0.511685576220899,0.8047189562170501,1.0750556815368328,0.8047189562170501,0.8549831191538455,0.29706307738283366,1.2070784343255752,0.27465307216702745,0.9241962407465937,1.023371152441798,0.5941261547656673,0.0,1.4210308697928313,1.0150220498520226,0.9729550745276566,0.716703787691222,1.297273432703542,1.0986122886681098,1.7343713162681,0.5941261547656673,0.3243183581758855,0.8549831191538455,1.624035279763236,1.5813042316832728,1.433407575382444,1.1882523095313346,0.5493061443340549,0.46209812037329684,0.648636716351771,0.716703787691222,1.433407575382444,0.8047189562170501,0.22590060452618185,1.218026459822427,0.9729550745276566,0.716703787691222,0.6931471805599453,1.4787139851945499,0.9241962407465937
RG,2.6064772304171857,2.487172562881001,3.4398459902645824,0.5941261547656673,2.380306153561547,2.653190810879283,2.42288189412707,1.9478341740386487,2.006065507024569,1.6094379124341003,3.405342760846798,1.842952596920285,0.9241962407465937,0.812017639881618,0.648636716351771,1.7993793761572692,0.716703787691222,3.5675019399347407,2.506661145025408,1.1882523095313346,2.049711555589573,3.617633033697151,3.377005137174969,3.710493690030066,3.294639158219482,2.5482766946873254,3.4333798420269743,0.7675283643313486,1.2824746787307684,1.1090354888959124,1.1989476363991853,3.807986791277414,3.4942427845473145,1.4809797823000905,1.8054589563221122,1.624035279763236,3.224097018833947,1.068728898942307,2.072643802400834,2.0597048252607606,1.8920414359288362,0.6777018135785455,2.2892216408770065,2.4883992269999107,1.2824746787307684,1.7993793761572692,2.235441717387512,1.4753180863979252,1.0624550040210812,1.1036908376251544,1.6635532333438687,0.0,2.207381675250309,1.2938747370452313,3.435829540573952,0.891189232148501,0.5100656043346173,2.606165392407577,0.8290575209603337,0.8549831191538455,1.2824746787307684,3.6126647968884,1.3783530222475135,2.4572701292270467
RH,0.0,1.0986122886681098,0.0,0.9241962407465937,0.6931471805599453,0.6931471805599453,0.0,1.433407575382444,0.0,0.358351893845611,0.9241962407465937,1.297273432703542,0.0,1.433407575382444,0.5493061443340549,0.6931471805599453,1.0986122886681098,1.2070784343255752,0.46209812037329684,0.0,0.0,0.0,0.5493061443340549,0.0,0.5493061443340549,0.0,0.0,0.0,0.9241962407465937,0.0,0.0,0.6931471805599453,0.0,0.0,0.7675283643313486,0.8047189562170501,0.46209812037329684,0.0,0.0,0.5493061443340549,0.0,0.0,0.0,0.9241962407465937,0.0,0.6931471805599453,0.0,1.2070784343255752,0.8047189562170501,1.0986122886681098,1.2070784343255752,0.0,1.6094379124341003,0.0,0.6931471805599453,0.8047189562170501,1.0986122886681098,0.0,0.0,0.0,1.4853153869141684,0.0,1.0986122886681098,0.0
RI,1.3732653608351373,1.0750556815368328,1.8072048362094548,1.3732653608351373,1.2792139405522478,1.4210308697928313,1.0986122886681098,0.891189232148501,0.8239592165010823,1.3732653608351373,1.1036908376251544,1.4962204585192298,1.1882523095313346,1.9237120180961527,1.297273432703542,2.436052919644854,1.3732653608351373,1.4962204585192298,1.5222612188617115,1.4387371636790223,1.791759469228055,0.0,1.2938747370452313,0.29706307738283366,0.0,0.40235947810852507,1.2792139405522478,1.740889414994278,0.9729550745276566,0.5493061443340549,1.7908995167731467,0.5941261547656673,1.1090354888959124,2.137457797884614,1.2938747370452313,1.9237120180961527,1.4787139851945499,0.7675283643313486,0.5493061443340549,1.3732653608351373,1.3601749448923126,1.2824746787307684,2.0980546915917953,3.6955591170443363,1.7102695723249906,1.2938747370452313,2.0760513646207226,3.464181597433366,1.8072048362094548,0.9591581091193483,1.4962204585192298,1.0986122886681098,1.740889414994278,0.8853791700175675,1.0986122886681098,1.2792139405522478,1.700218681115391,1.3601749448923126,3.715685889632691,1.3732653608351373,1.782378464297002,0.5941261547656673,3.38137004414292,1.6215917908794277
RK,2.3019858420456756,1.7908995167731467,1.030196161345544,2.0794415416798357,1.7908995167731467,2.1501113630736657,2.4141568686511503,0.9241962407465937,2.5227219145717816,1.782378464297002,0.6411564590211203,1.0986122886681098,1.7908995167731467,1.8483924814931874,1.922571505169192,0.648636716351771,1.4387371636790223,1.9629593194442934,1.8483924814931874,0.0,1.5813042316832728,1.3987722424657163,1.4387371636790223,0.812017639881618,0.5364793041447,0.9976572505229112,2.033105440735637,1.5474572577726913,0.9241962407465937,1.1882523095313346,1.782378464297002,0.6412373393653842,1.389172327879094,1.782378464297002,1.8920414359288362,1.3862943611198906,1.8270396897336403,2.2330485096744495,1.5936825060316215,1.2792139405522478,2.033231729642506,2.5877494740904625,1.798421454598778,1.6513667657442168,0.8239592165010823,0.9241962407465937,0.8209786783322445,2.417914360088719,1.1882523095313346,2.7887850404652017,1.2792139405522478,2.2590060452618186,2.046742304883596,0.9591581091193483,1.2792139405522478,1.791759469228055,1.1882523095313346,1.1882523095313346,2.1270229980494975,0.812017639881618,2.772588722239781,1.0750556815368328,1.7482537807332401,1.0750556815368328
RL,0.4518012090523637,0.812017639881618,1.709966238307691,0.7675283643313486,0.4518012090523637,1.354025100551105,1.1901530767807735,1.8270396897336403,1.7102695723249906,1.770758340035135,1.4210308697928313,2.207381675250309,0.648636716351771,0.648636716351771,0.9241962407465937,0.8549831191538455,1.355403627157091,1.1901530767807735,2.2800370426149756,0.46209812037329684,2.1277537294374507,1.1989476363991853,1.1450596030091713,1.354025100551105,0.7737286288863456,0.812017639881618,1.0150220498520226,1.2395308380245946,0.891189232148501,1.6479184330021646,1.6635532333438687,1.355403627157091,1.1901530767807735,1.218026459822427,1.5767011966073636,1.2824746787307684,1.1295030226309093,1.3700350969755404,0.6089044875446846,0.8239592165010823,0.511685576220899,0.511685576220899,1.9478341740386487,1.5633873496365773,1.4787139851945499,1.9343215722158644,1.9548579228128893,1.2395308380245946,0.812017639881618,1.770758340035135,1.355403627157091,0.9241962407465937,1.9629593194442934,1.8072048362094548,1.0986122886681098,1.355403627157091,2.210284285450008,1.2827021792437432,0.8178997164351224,0.27465307216702745,1.624035279763236,1.1989476363991853,1.2938747370452313,0.5493061443340549
RM,0.0,0.0,3.127772676500623,0.0,1.0986122886681098,2.4102379250852937,0.0,0.0,0.6931471805599453,0.0,3.0853745464585223,1.0986122886681098,0.0,0.0,0.6931471805599453,0.5493061443340549,0.0,3.0185441734062133,1.2070784343255752,0.6931471805599453,0.5493061443340549,4.019541613015049,3.283914713328978,3.2470352646298144,2.8862535685598347,0.0,3.2087895283168626,1.6094379124341003,0.5493061443340549,1.0986122886681098,0.0,2.961959564600181,2.8862535685598347,0.9241962407465937,0.0,0.5493061443340549,3.2087895283168626,0.716703787691222,0.716703787691222,0.0,0.46209812037329684,0.27465307216702745,2.7281367128247926,3.0905884840366316,0.0,1.2070784343255752,2.62534881637439,0.5493061443340549,0.6931471805599453,0.0,0.0,0.0,0.9241962407465937,0.47957905455967414,3.0423109532347654,0.0,0.0,1.5936825060316215,0.358351893845611,0.6931471805599453,0.0,2.8862535685598347,0.406008819940809,0.0
RN,1.0986122886681098,1.0986122886681098,1.0986122886681098,0.0,1.4853153869141684,1.782378464297002,1.2070784343255752,1.1989476363991853,2.3650517949110452,1.0750556815368328,2.046742304883596,1.709966238307691,0.0,0.29706307738283366,0.716703787691222,1.6479184330021646,0.0,1.0750556815368328,2.680392034232518,0.3243183581758855,0.46209812037329684,0.46209812037329684,2.1581057455185335,1.782378464297002,0.5493061443340549,1.297273432703542,1.355403627157091,2.5146180438806236,1.0750556815368328,1.6215917908794277,2.2590060452618186,0.358351893845611,1.0750556815368328,2.4849066497880004,1.624035279763236,1.922571505169192,2.1581057455185335,1.8270396897336403,0.5493061443340549,1.7908995167731467,2.3019858420456756,1.9183162182386966,2.7400701939510808,4.077277691530633,1.9459101490553132,2.2590060452618186,3.817588378415502,3.156536256698662,0.46209812037329684,0.5941261547656673,1.782378464297002,0.0,1.4853153869141684,1.3862943611198906,1.6479184330021646,0.891189232148501,0.9241962407465937,2.1581057455185335,4.18692284723705,2.6494649600214135,0.3243183581758855,0.716703787691222,3.5278934633690926,0.0
RP,1.2792139405522478,0.0,1.4853153869141684,0.358351893845611,0.648636716351771,0.0,1.709966238307691,2.2590060452618186,0.6090132299112135,1.0986122886681098,0.6777018135785455,0.9729550745276566,0.0,0.0,0.40235947810852507,0.648636716351771,0.648636716351771,1.6479184330021646,1.4962204585192298,0.358351893845611,0.6931471805599453,0.6931471805599453,1.1882523095313346,0.0,1.0986122886681098,1.355403627157091,1.0986122886681098,0.7675283643313486,0.0,0.358351893845611,1.4853153869141684,1.1882523095313346,1.0986122886681098,1.1989476363991853,0.22590060452618185,0.5941261547656673,2.033231729642506,1.0986122886681098,0.5493061443340549,0.891189232148501,0.8239592165010823,0.40235947810852507,1.87024054922693,2.7761238949166773,1.6479184330021646,1.433407575382444,1.740889414994278,2.2214696734501356,0.3243183581758855,1.355403627157091,0.3243183581758855,0.0,0.8047189562170501,0.7193685818395111,0.0,0.8047189562170501,1.9237120180961527,1.922571505169192,1.1295030226309093,0.511685576220899,0.3243183581758855,0.0,2.6457324378465152,0.9241962407465937
RQ,2.5878440720649096,2.2283706983303775,1.023371152441798,1.782378464297002,2.850449287208318,0.7021229274585992,2.281733214926074,1.6094379124341003,2.1249100080421623,1.7343713162681,2.348996309387612,1.0150220498520226,0.9729550745276566,1.6744873407478829,0.9729550745276566,1.9237120180961527,0.648636716351771,2.1628764146422275,1.7887669175740524,1.6094379124341003,1.9343215722158644,2.4851158373176867,0.891189232148501,2.9501782549873425,2.060694968905544,0.6306804786429454,1.709966238307691,1.6357994328702448,1.6094379124341003,0.7193685818395111,2.42288189412707,2.1520863402174384,2.3456533666635555,1.355403627157091,2.210284285450008,1.354025100551105,0.8741268903666201,1.297273432703542,2.060694968905544,0.8365524850563326,2.5878440720649096,1.87024054922693,1.8521318995474894,1.6119429067258124,1.6581150419206674,1.6785266909588594,1.8054589563221122,1.530196813003852,2.033105440735637,1.1901530767807735,1.6094379124341003,1.4387371636790223,1.740889414994278,0.6777018135785455,2.8549968673277397,1.709966238307691,1.1036908376251544,0.9116267361666752,2.4595545116643223,1.4387371636790223,1.9343215722158644,3.0905884840366316,1.3310213199979837,0.3153402393214727
RR,3.0715876615338082,3.1343334297446352,0.511685576220899,2.284950741776536,3.1805567144561353,1.3247324800107068,3.0280269804991176,2.8385445827418403,2.0117973905426254,2.7081884344831684,0.511685576220899,2.154970258541292,1.433407575382444,2.6223806710998603,1.5350567286626973,2.1265392627313178,1.1090354888959124,2.718795576433081,2.7958759930989405,1.2824746787307684,1.6942101997711707,1.4962204585192298,1.4210308697928313,2.5649493574615367,2.8084917098343967,3.2330749570352357,1.5633873496365773,1.7962912954140562,2.436052919644854,1.8267134626340538,2.6401323027336705,1.9135024711265767,3.3426467413701926,2.2283706983303775,1.7592400249976667,2.380306153561547,2.866815150764888,3.044522437723423,3.1304224703007115,2.66202208408042,3.0715876615338082,2.7400701939510808,0.9591581091193483,1.3039425795659698,2.66202208408042,1.5199387884272784,2.6327235234386124,1.2827021792437432,2.4141568686511503,2.403791043139602,2.1249100080421623,1.791759469228055,1.5199387884272784,1.1901530767807735,1.641957356664489,2.5917146190251588,1.8527920366854067,2.961959564600181,2.8375995800876432,1.530196813003852,2.210284285450008,0.812017639881618,2.403791043139602,0.0
RS,2.462936034996733,2.348996309387612,1.9183162182386966,1.297273432703542,2.5227219145717816,2.4682996371668176,0.9671607861079322,1.6357994328702448,1.700218681115391,1.766309973347609,1.624035279763236,1.416606672028108,0.8047189562170501,2.046742304883596,0.0,1.9789395845202251,0.716703787691222,1.9953145010458224,2.012362782270809,1.3732653608351373,2.2901192060183426,2.1581057455185335,2.137836965406238,1.9343215722158644,2.850449287208318,1.4210308697928313,1.709966238307691,1.7908995167731467,2.3978952727983707,1.5474572577726913,1.4722194895832201,1.297273432703542,2.62534881637439,2.137457797884614,1.3247324800107068,2.218070977791825,1.3700350969755404,2.5503280216730864,2.7281367128247926,1.023371152441798,1.9183162182386966,1.4387371636790223,0.5941261547656673,1.7102695723249906,1.709966238307691,0.7393569925972749,2.344884655308477,0.9036024181047274,2.046742304883596,1.6479184330021646,1.6785266909588594,0.46209812037329684,1.8072048362094548,1.1775399822317394,1.0750556815368328,0.648636716351771,1.023371152441798,3.295836866004329,1.3700350969755404,0.7675283643313486,2.0794415416798357,0.0,1.87024054922693,0.0
RT,1.791759469228055,0.9729550745276566,2.715129600883499,0.8047189562170501,0.8047189562170501,1.9662627890412896,2.2590060452618186,0.0,2.5503280216730864,0.7737286288863456,1.354025100551105,1.2070784343255752,0.7193685818395111,1.7908995167731467,1.0986122886681098,1.354025100551105,1.0986122886681098,0.648636716351771,2.321185886659037,1.3732653608351373,0.0,2.1847239262335107,1.5767011966073636,0.0,2.0913812126408318,1.8270396897336403,0.406008819940809,1.1090354888959124,0.0,0.0,0.7675283643313486,0.0,3.006514133916495,1.6785266909588594,1.9237120180961527,0.8047189562170501,1.5350567286626973,1.5350567286626973,0.47957905455967414,0.9729550745276566,0.7193685818395111,0.891189232148501,0.6671453510317433,3.2633369250524065,0.8047189562170501,1.0986122886681098,2.1371881967370676,3.156536256698662,0.46209812037329684,2.0303287869002142,0.23978952727983707,0.716703787691222,1.2070784343255752,1.0986122886681098,0.7393569925972749,0.0,0.40235947810852507,0.47301035898220906,4.042359299770423,1.2070784343255752,1.1605929433295186,0.42749155957692275,3.1213595380964074,0.0
RV,0.7675283643313486,0.0,0.9036024181047274,1.3862943611198906,0.3243183581758855,0.891189232148501,2.5878440720649096,0.29706307738283366,2.9444389791664403,0.9241962407465937,1.5677471079645748,1.3732653608351373,0.716703787691222,1.3732653608351373,1.5474572577726913,1.0750556815368328,0.0,1.023371152441798,2.218070977791825,0.5493061443340549,0.716703787691222,0.0,1.0750556815368328,0.5493061443340549,2.0402624173384694,1.5936825060316215,0.0,0.7675283643313486,1.6094379124341003,1.023371152441798,0.0,0.716703787691222,0.8239592165010823,2.5878440720649096,2.5654043584874864,1.8483924814931874,1.9183162182386966,0.0,0.0,0.29706307738283366,1.87024054922693,0.0,0.7883505983036818,1.0555440149986,0.358351893845611,1.7908995167731467,1.0823450882099381,0.15222612188617116,0.9241962407465937,0.716703787691222,0.716703787691222,0.716703787691222,1.709966238307691,0.7193685818395111,0.40235947810852507,1.6215917908794277,1.8483924814931874,0.511685576220899,0.7404898911500453,0.6412373393653842,0.9241962407465937,0.5493061443340549,0.40235947810852507,0.0
RW,0.8047189562170501,1.2070784343255752,0.0,0.0,1.1882523095313346,1.416606672028108,1.791759469228055,0.9036024181047274,2.321185886659037,1.2070784343255752,0.0,1.5350567286626973,0.5493061443340549,0.9241962407465937,0.0,1.922571505169192,0.0,0.9241962407465937,2.3019858420456756,1.782378464297002,0.0,0.0,1.922571505169192,0.0,0.0,1.4853153869141684,1.0986122886681098,1.2792139405522478,0.0,0.0,1.1989476363991853,0.5941261547656673,0.6777018135785455,1.9183162182386966,2.1972245773362196,1.0750556815368328,0.0,0.8047189562170501,0.5493061443340549,1.0750556815368328,1.740889414994278,0.47957905455967414,0.0,0.225791549805525,0.0,0.648636716351771,0.2030044099704045,0.42756739308124764,0.0,1.065582853203198,0.0,0.0,0.0,0.358351893845611,0.648636716351771,0.5493061443340549,0.648636716351771,0.5493061443340549,0.4729332633479405,0.8047189562170501,1.6215917908794277,0.0,0.6707875940902697,1.0986122886681098
RY,2.1581057455185335,1.791759469228055,1.355403627157091,0.46209812037329684,1.6215917908794277,1.6635532333438687,0.9241962407465937,1.791759469228055,0.5493061443340549,1.2070784343255752,2.210284285450008,1.297273432703542,0.5493061443340549,0.0,1.3862943611198906,0.9241962407465937,1.0986122886681098,0.8047189562170501,1.782378464297002,0.6931471805599453,0.46209812037329684,2.8890299940685527,1.5813042316832728,1.1295030226309093,0.358351893845611,1.1882523095313346,0.0,2.321185886659037,1.6094379124341003,1.0750556815368328,1.3732653608351373,0.5941261547656673,1.023371152441798,1.433407575382444,0.5493061443340549,0.5493061443340549,1.9459101490553132,2.1277537294374507,0.9241962407465937,1.782378464297002,1.4853153869141684,1.709966238307691,1.626337819907514,4.1543331336321705,2.5649493574615367,1.6094379124341003,3.788844681352871,3.7523485970433237,2.0794415416798357,1.6479184330021646,2.1972245773362196,0.9729550745276566,0.0,1.922571505169192,0.648636716351771,0.0,0.6931471805599453,1.6785266909588594,4.324050128991668,2.9438499555793483,1.9459101490553132,0.21374577978846138,3.61727958210638,1.6094379124341003
SA,2.5131148098040326,2.961959564600181,0.8047189562170501,0.0,3.127772676500623,1.416606672028108,0.7675283643313486,1.5474572577726913,0.5493061443340549,1.0624550040210812,0.358351893845611,1.9014443457717283,0.46209812037329684,0.648636716351771,0.40235947810852507,0.5493061443340549,0.46209812037329684,2.6064772304171857,1.3925895250141154,0.0,1.065582853203198,0.9241962407465937,0.8239592165010823,1.068728898942307,3.0398775768545567,0.2558427881104495,1.1295030226309093,1.2070784343255752,1.2070784343255752,0.0,1.4722194895832201,0.27465307216702745,2.2330485096744495,1.5350567286626973,0.2030044099704045,0.5941261547656673,1.1775399822317394,0.5941261547656673,2.364666316739703,0.6090132299112135,0.5941261547656673,0.648636716351771,0.9241962407465937,0.47957905455967414,0.5493061443340549,0.9591581091193483,2.02820730215651,0.8549831191538455,1.297273432703542,0.40235947810852507,0.0,1.1882523095313346,1.0986122886681098,0.8239592165010823,0.8047189562170501,0.716703787691222,0.0,2.4595545116643223,1.1882523095313346,0.648636716351771,1.6215917908794277,0.9241962407465937,0.36967849629863747,1.0986122886681098
SC,1.0986122886681098,0.0,1.3862943611198906,0.0,0.6931471805599453,0.29706307738283366,0.0,0.0,1.0986122886681098,0.8047189562170501,0.5493061443340549,0.5493061443340549,0.0,0.0,0.0,0.5493061443340549,0.6931471805599453,0.5941261547656673,0.0,0.0,0.5493061443340549,0.0,0.716703787691222,0.0,0.0,0.3243183581758855,0.0,0.0,0.0,0.0,0.0,0.0,0.648636716351771,0.0,0.5493061443340549,0.6931471805599453,0.29706307738283366,0.5493061443340549,0.0,0.0,0.0,0.46209812037329684,0.0,0.3243183581758855,0.0,0.0,0.0,0.9241962407465937,0.0,0.0,0.6931471805599453,0.0,0.0,0.8047189562170501,0.5493061443340549,0.0,0.6931471805599453,0.0,0.46209812037329684,0.0,0.0,0.5493061443340549,0.6931471805599453,0.0
SD,0.5941261547656673,1.1989476363991853,0.0,0.0,0.9241962407465937,0.6090132299112135,0.47957905455967414,1.6635532333438687,0.511685576220899,0.0,0.42749155957692275,0.406008819940809,0.5493061443340549,0.0,0.0,0.0,0.0,1.0150220498520226,0.3271598865740489,0.46209812037329684,1.0986122886681098,0.08236597895548704,0.511685576220899,0.0,0.0,0.0,0.7675283643313486,0.27465307216702745,0.0,2.033105440735637,0.27465307216702745,1.0986122886681098,0.47957905455967414,0.47957905455967414,0.0,0.0,1.2792139405522478,0.0,0.358351893845611,0.8047189562170501,0.47957905455967414,0.2558427881104495,0.7318821255882091,2.5251057315720082,0.5312275020105406,0.3243183581758855,1.4002216422432798,2.5393406387561006,0.0,0.891189232148501,0.40235947810852507,0.0,0.27465307216702745,1.8072048362094548,0.0,0.0,0.2558427881104495,2.0794415416798357,1.7633763544019552,1.1090354888959124,0.5493061443340549,0.46209812037329684,2.3680279258455443,0.0
SE,0.5493061443340549,0.3243183581758855,0.49073982986107334,0.9729550745276566,0.648636716351771,3.9318256327243257,0.0,0.5493061443340549,1.0750556815368328,0.46209812037329684,0.9133567313170269,0.8047189562170501,0.0,0.40235947810852507,0.5493061443340549,0.9729550745276566,0.0,3.9318256327243257,1.5813042316832728,0.40235947810852507,0.5493061443340549,1.0435968174739092,3.9318256327243257,3.295836866004329,3.258096538021482,0.0,2.718795576433081,1.1989476363991853,0.716703787691222,0.9729550745276566,0.648636716351771,3.7523485970433237,2.7081884344831684,0.9241962407465937,0.40235947810852507,0.46209812037329684,3.8384563466939245,0.648636716351771,1.2070784343255752,2.961959564600181,0.5493061443340549,0.29706307738283366,0.06445622680040654,3.281856250200031,1.922571505169192,0.0,2.9017013233611677,1.6215917908794277,1.218026459822427,0.0,0.0,1.4853153869141684,0.0,0.9241962407465937,3.127772676500623,0.46209812037329684,1.2070784343255752,3.8986565796976023,1.4962204585192298,0.0,0.8047189562170501,3.127772676500623,3.5278934633690926,3.332204510175204
SF,2.7400701939510808,2.218070977791825,2.046742304883596,0.0,2.321185886659037,1.7908995167731467,2.62534881637439,1.6215917908794277,1.966785503324895,1.5936825060316215,1.2824746787307684,2.033231729642506,0.8047189562170501,0.0,0.5493061443340549,1.9459101490553132,0.0,2.218070977791825,2.1459172165788,0.6931471805599453,1.3732653608351373,0.46209812037329684,0.358351893845611,1.0750556815368328,0.0,0.0,0.0,0.716703787691222,1.3862943611198906,1.0750556815368328,1.2824746787307684,0.9729550745276566,2.487172562881001,1.5474572577726913,1.6581150419206674,0.716703787691222,0.6412373393653842,0.9241962407465937,1.6785266909588594,1.2070784343255752,1.5350567286626973,0.716703787691222,1.218026459822427,1.1882523095313346,0.8047189562170501,0.0,2.033105440735637,0.8239592165010823,1.3862943611198906,1.9183162182386966,0.0,1.2070784343255752,0.0,1.3862943611198906,0.358351893845611,1.0986122886681098,0.8239592165010823,2.2590060452618186,0.0,0.716703787691222,2.0794415416798357,1.0986122886681098,1.0750556815368328,0.46209812037329684
SG,2.9352901474718243,2.7316465323956876,0.354151668007027,0.3243183581758855,2.096741493183353,1.030196161345544,1.5730102312330316,0.5802964716647593,1.1090354888959124,0.8501093405576955,0.358351893845611,1.4431267842799174,1.1295030226309093,0.5493061443340549,0.0,1.7908995167731467,0.0,1.1397734766446088,0.8873406946934732,1.0750556815368328,1.140866607463037,0.511685576220899,0.3271598865740489,1.065582853203198,2.909550968216001,1.9057622316733407,1.068728898942307,1.297273432703542,0.358351893845611,1.6094379124341003,1.014103651078255,0.3044522437723423,2.745765330622249,0.9671607861079322,0.8178997164351224,1.2938747370452313,1.297725848785336,0.7193685818395111,2.4709793686646115,0.4578649605980195,1.2938747370452313,1.0624550040210812,0.0,0.5936789904048105,0.648636716351771,0.8549831191538455,1.2979800486612707,0.5463293064791376,0.0,1.218026459822427,1.023371152441798,0.29706307738283366,0.0,0.8549831191538455,0.9036024181047274,0.9729550745276566,0.6306804786429454,1.6028911475528007,0.5936789904048105,0.8831549866738045,0.358351893845611,0.891189232148501,0.6290921012358921,0.0
SH,1.433407575382444,0.5493061443340549,0.648636716351771,0.0,1.0986122886681098,0.0,0.6931471805599453,0.9241962407465937,0.29706307738283366,0.6931471805599453,0.9241962407465937,0.5493061443340549,0.0,0.0,0.0,0.0,0.0,1.0986122886681098,0.8047189562170501,0.6931471805599453,0.0,0.0,0.0,0.0,0.6931471805599453,0.0,0.358351893845611,0.0,0.0,0.0,0.6931471805599453,0.0,0.5941261547656673,0.5493061443340549,0.0,0.0,1.3862943611198906,0.0,0.46209812037329684,0.0,0.0,0.9729550745276566,0.5941261547656673,0.5941261547656673,0.6931471805599453,0.0,0.0,1.3862943611198906,0.5493061443340549,0.40235947810852507,0.5493061443340549,0.0,0.0,0.0,0.0,0.0,0.0,0.0,0.9241962407465937,0.29706307738283366,0.46209812037329684,0.0,0.9241962407465937,0.0
SI,2.906746241057835,2.9974488149797636,0.3271598865740489,0.0,3.0398775768545567,0.4400220504556117,3.0423109532347654,0.511685576220899,1.1882523095313346,0.0,0.3153402393214727,0.716703787691222,0.3243183581758855,0.0,0.46209812037329684,0.9241962407465937,0.0,2.3283619763817294,0.1934321572215864,0.0,1.0624550040210812,4.862294378272437,0.25352591276956377,2.6142265158010396,2.2493914712279164,2.0402624173384694,0.0,0.0,1.0750556815368328,0.0,0.7675283643313486,0.29438499555793485,2.0445493290166494,1.1882523095313346,0.7193685818395111,1.1882523095313346,0.40235947810852507,0.0,2.351203577673075,0.0,0.27465307216702745,0.2558427881104495,0.0,0.29438499555793485,0.0,0.2558427881104495,0.5545177444479562,0.27465307216702745,0.46209812037329684,0.23978952727983707,0.9241962407465937,0.6931471805599453,0.0,0.0,0.0,0.6931471805599453,1.3732653608351373,0.9591581091193483,0.9591581091193483,0.0,0.0,0.17002186811153908,0.8549831191538455,0.0
SK,1.6479184330021646,0.5941261547656673,2.8510810441098697,0.0,0.3243183581758855,0.0,0.5493061443340549,0.716703787691222,0.7675283643313486,0.40235947810852507,3.5675019399347407,1.297273432703542,0.8239592165010823,1.1090354888959124,0.716703787691222,0.0,0.0,0.49073982986107334,1.709966238307691,0.46209812037329684,1.433407575382444,1.9222032543724044,0.0,2.459252969409291,0.47957905455967414,0.42749155957692275,0.6090132299112135,0.358351893845611,0.40235947810852507,0.648636716351771,0.46209812037329684,2.603056959092117,1.1605929433295186,0.9241962407465937,2.2901192060183426,1.6479184330021646,0.41452876048016685,0.406008819940809,0.22590060452618185,0.5312275020105406,1.966785503324895,0.9036024181047274,3.0727447741941014,0.47301035898220906,0.6931471805599453,0.0,0.9814796597221467,0.5941261547656673,0.358351893845611,0.0,0.0,0.8239592165010823,1.6215917908794277,0.6543197731480977,2.6142265158010396,0.0,0.9729550745276566,0.4325752829284454,0.9241962407465937,0.716703787691222,0.0,2.7316465323956876,0.26823965207235,0.17002186811153908
SL,0.731983424424291,0.6707875940902697,1.0150220498520226,0.0,0.5802964716647593,0.9672337744537227,0.5545177444479562,1.4787139851945499,0.22590060452618185,1.1295030226309093,0.6908812674669447,1.0150220498520226,0.358351893845611,0.6931471805599453,0.46209812037329684,1.5813042316832728,1.3862943611198906,0.7605777383086914,0.6090132299112135,0.6931471805599453,1.0201312086692347,0.46209812037329684,1.2938747370452313,0.9241962407465937,1.619117475568642,0.648636716351771,1.4190310769466272,0.6090132299112135,1.6785266909588594,1.2395308380245946,0.7193685818395111,1.2070784343255752,0.5545177444479562,0.5802964716647593,0.6306804786429454,1.068728898942307,1.4753180863979252,1.4387371636790223,2.3650517949110452,0.27465307216702745,1.1989476363991853,0.5493061443340549,1.0729586082894,1.3625062317951906,1.3228662189232576,0.0,1.1531237053768186,1.3612947187516784,1.8072048362094548,1.9237120180961527,1.2613609572858908,0.9729550745276566,0.0,1.3086395462961955,0.27465307216702745,1.4853153869141684,1.2792139405522478,2.4761533688963264,0.16215917908794275,0.6777018135785455,1.8270396897336403,0.8549831191538455,1.5649536001542537,0.8047189562170501
SM,0.891189232148501,0.716703787691222,0.7193685818395111,0.0,0.0,2.030044099704045,0.6931471805599453,0.7675283643313486,0.0,1.0750556815368328,0.0,0.6931471805599453,0.46209812037329684,0.0,1.3862943611198906,0.0,0.0,1.0986122886681098,1.0986122886681098,0.0,1.297273432703542,2.2795469532892176,0.7675283643313486,0.21374577978846138,0.8239592165010823,1.791759469228055,0.0,0.5493061443340549,0.9241962407465937,0.29706307738283366,0.9241962407465937,0.716703787691222,1.1989476363991853,0.5493061443340549,0.0,0.891189232148501,0.0,2.1581057455185335,1.0986122886681098,0.6931471805599453,0.9591581091193483,1.6479184330021646,1.2762137988296982,1.7962912954140562,0.0,0.9241962407465937,0.406008819940809,2.0402624173384694,0.358351893845611,0.716703787691222,0.0,0.6931471805599453,0.6931471805599453,0.29706307738283366,0.0,0.40235947810852507,1.6094379124341003,0.0,0.17002186811153908,0.0,0.0,0.5493061443340549,1.9789395845202251,0.8047189562170501
SN,0.0,1.1295030226309093,0.0,0.0,0.8047189562170501,1.8920414359288362,1.1989476363991853,0.9241962407465937,0.0,0.40235947810852507,1.3732653608351373,1.1090354888959124,0.5941261547656673,0.0,0.0,1.1295030226309093,0.9241962407465937,1.354025100551105,0.6090132299112135,1.297273432703542,1.0150220498520226,0.716703787691222,1.6785266909588594,0.40235947810852507,0.5493061443340549,0.8047189562170501,0.29706307738283366,0.9729550745276566,0.0,0.0,1.0986122886681098,1.3862943611198906,0.716703787691222,1.530196813003852,0.5545177444479562,0.511685576220899,0.648636716351771,0.648636716351771,0.5941261547656673,0.9729550745276566,1.1401797148833273,1.1882523095313346,0.27465307216702745,1.4962204585192298,0.5493061443340549,0.891189232148501,1.2613609572858908,1.297273432703542,0.0,0.0,1.1882523095313346,0.5493061443340549,1.355403627157091,0.40235947810852507,0.0,0.0,0.8047189562170501,0.8549831191538455,1.4962204585192298,0.5493061443340549,1.6215917908794277,0.0,1.0624550040210812,0.6931471805599453
SP,2.348996309387612,2.033231729642506,0.26064772304171857,0.0,2.2330485096744495,2.1646901764198763,2.436052919644854,0.29706307738283366,1.023371152441798,1.1295030226309093,0.22590060452618185,1.023371152441798,1.5813042316832728,1.5350567286626973,0.40235947810852507,2.2590060452618186,0.0,2.2330485096744495,0.358351893845611,1.6094379124341003,0.5941261547656673,3.832749771136084,0.7393569925972749,0.6543197731480977,1.5638863382503114,2.3650517949110452,0.9671607861079322,0.0,0.9241962407465937,0.0,1.023371152441798,0.0,1.3735948817940586,0.8853791700175675,0.6777018135785455,1.4210308697928313,2.137457797884614,2.1277537294374507,1.8267134626340538,0.9671607861079322,1.740889414994278,1.2938747370452313,2.47056383965935,1.9803221939498143,0.9729550745276566,0.5493061443340549,1.297273432703542,2.2018223543256226,0.5493061443340549,1.8920414359288362,1.1989476363991853,0.9729550745276566,0.0,1.354025100551105,0.5527050139735558,0.0,0.4518012090523637,2.5878440720649096,1.409987602211425,0.8831549866738045,0.0,0.3271598865740489,2.2828680382241764,0.0
SQ,1.782378464297002,1.7908995167731467,0.0,0.511685576220899,1.770758340035135,2.7116378460852935,1.1295030226309093,0.9241962407465937,1.1295030226309093,1.1295030226309093,0.27465307216702745,1.1295030226309093,0.0,0.8549831191538455,0.6931471805599453,1.1605929433295186,0.40235947810852507,2.4883992269999107,2.0402624173384694,1.6479184330021646,0.9729550745276566,4.408329089115005,2.3886133897091244,2.643717534883358,0.24052113071331957,0.8239592165010823,0.8024262028098276,2.046742304883596,0.511685576220899,1.6094379124341003,1.0750556815368328,4.073805656125332,0.0,1.8270396897336403,0.8047189562170501,1.0986122886681098,2.5995004466930154,1.1450596030091713,1.624035279763236,3.9318256327243257,0.8239592165010823,1.023371152441798,4.565450120162195,0.9831313945206448,0.5493061443340549,1.297273432703542,2.6078851591319396,0.8047189562170501,0.511685576220899,1.624035279763236,0.358351893845611,0.0,1.354025100551105,1.0986122886681098,0.0,0.0,1.297273432703542,4.173958686506807,0.8239592165010823,1.0986122886681098,1.2792139405522478,0.0,3.76319249675875,3.912023005428146
SR,1.4719249777896741,1.065582853203198,1.6635532333438687,1.740889414994278,0.8853791700175675,1.6043947641584313,0.9036024181047274,1.8483924814931874,1.2395308380245946,1.7993793761572692,1.6744873407478829,1.530196813003852,1.3862943611198906,1.6635532333438687,1.791759469228055,1.530196813003852,0.9591581091193483,1.4431267842799174,2.1063687823757977,1.1882523095313346,1.7993793761572692,1.1989476363991853,1.3032386152085929,1.7435577384702752,0.9036024181047274,0.9241962407465937,1.6581150419206674,1.416606672028108,2.0402624173384694,1.9343215722158644,1.766309973347609,0.9729550745276566,1.1450596030091713,1.355403627157091,0.5887699911158697,1.8483924814931874,1.2591286416445535,2.4682996371668176,2.044429611063216,1.416606672028108,1.1775399822317394,1.4210308697928313,2.2359586469675654,3.660933644157926,2.0402624173384694,1.770758340035135,2.7064311512993546,3.5201764036448937,2.2833918282925674,1.9183162182386966,1.8920414359288362,1.6094379124341003,1.8483924814931874,1.3700350969755404,0.5941261547656673,1.6785266909588594,1.2792139405522478,2.6401323027336705,3.5753828676236594,1.4962204585192298,1.7908995167731467,0.716703787691222,3.3116093971477,0.5493061443340549
SS,2.603056959092117,2.697501371663089,0.9133567313170269,0.46209812037329684,2.7471897635881173,2.62534881637439,2.1459172165788,1.355403627157091,1.1605929433295186,1.619117475568642,1.3943925202326009,1.8483924814931874,0.0,1.4853153869141684,0.5941261547656673,0.9036024181047274,0.6931471805599453,2.5995004466930154,1.7910476741397916,0.0,1.2178089750893693,2.9149220594018144,0.5100656043346173,0.8551347861624953,2.955228662330656,1.8527920366854067,1.4787139851945499,0.6800874724461563,0.46209812037329684,0.23978952727983707,1.2178089750893693,0.9036024181047274,2.4084961713108557,1.068728898942307,1.6479184330021646,0.8239592165010823,0.47301035898220906,1.7962912954140562,2.909550968216001,1.0750556815368328,1.709966238307691,0.8239592165010823,1.297273432703542,2.1110880299972,1.922571505169192,0.5802964716647593,1.98681215200879,1.7962912954140562,1.5350567286626973,1.355403627157091,1.0986122886681098,1.6215917908794277,1.7908995167731467,0.6800874724461563,0.4518012090523637,0.5941261547656673,1.6479184330021646,3.127772676500623,0.7883505983036818,0.4518012090523637,2.033105440735637,0.358351893845611,1.3032386152085929,1.3862943611198906
ST,2.697501371663089,2.66202208408042,1.4387371636790223,0.0,2.9017013233611677,1.023371152441798,2.355079964463479,0.5941261547656673,2.207381675250309,1.0986122886681098,0.406008819940809,1.0150220498520226,0.9729550745276566,1.3862943611198906,0.40235947810852507,0.9241962407465937,1.0986122886681098,2.5022724622424466,1.068728898942307,0.40235947810852507,1.2792139405522478,0.08955238370698958,0.2558427881104495,0.7737286288863456,0.7675283643313486,2.131165706406396,0.8549831191538455,0.9036024181047274,0.5493061443340549,1.2070784343255752,0.4518012090523637,0.46209812037329684,2.8165163467596757,1.5474572577726913,0.9241962407465937,0.5941261547656673,1.0150220498520226,0.648636716351771,1.218026459822427,0.3243183581758855,1.5350567286626973,0.0,0.3932525578082579,1.8483924814931874,1.297273432703542,0.0,1.619117475568642,0.812017639881618,0.0,0.47957905455967414,0.9241962407465937,1.6215917908794277,1.0986122886681098,1.023371152441798,0.0,0.0,1.297273432703542,1.6479184330021646,1.2824746787307684,0.0,0.9729550745276566,0.0,0.7675283643313486,1.0986122886681098
SV,2.218070977791825,2.218070977791825,1.0986122886681098,0.0,2.436052919644854,1.0238625538446027,1.4335624767294521,1.4387371636790223,0.8012636810465341,1.0624550040210812,1.9629593194442934,1.3601749448923126,0.8047189562170501,0.8047189562170501,1.5350567286626973,0.0,0.5493061443340549,1.4719249777896741,1.2019244742541026,0.40235947810852507,1.8483924814931874,0.060234734070648666,1.1090354888959124,0.6412373393653842,1.068728898942307,0.5100656043346173,0.812017639881618,1.2792139405522478,1.0986122886681098,0.716703787691222,1.700218681115391,1.2792139405522478,1.2395308380245946,1.740889414994278,1.0926586129582752,1.6215917908794277,0.36967849629863747,1.068728898942307,1.6744873407478829,1.3732653608351373,1.6785266909588594,0.9729550745276566,1.2701684337529042,3.234686842613078,0.648636716351771,0.2030044099704045,2.7116378460852935,3.2067742378690216,0.5493061443340549,0.6090132299112135,0.0,0.46209812037329684,1.068728898942307,0.22590060452618185,0.3243183581758855,0.5493061443340549,1.8270396897336403,1.5222612188617115,3.5965475436363614,2.033231729642506,0.5493061443340549,0.46209812037329684,3.729661119022684,0.716703787691222
SW,1.297273432703542,0.0,0.708303336014054,0.0,0.0,0.18483924814931874,0.40235947810852507,0.0,1.1605929433295186,0.716703787691222,0.0,0.0,0.0,0.0,0.0,0.716703787691222,0.0,0.0,0.0,0.0,0.0,0.0,0.23978952727983707,0.0,0.36967849629863747,0.0,0.3868643144431728,0.46209812037329684,0.6931471805599453,0.0,0.0,0.0,1.0201312086692347,0.5941261547656673,0.5941261547656673,0.8047189562170501,0.0,0.0,0.0,0.0,0.9729550745276566,0.0,4.465619574291483,0.1425224643604159,0.0,0.648636716351771,0.23978952727983707,0.17002186811153908,0.0,0.29706307738283366,0.0,0.0,0.0,0.29706307738283366,0.3243183581758855,0.0,0.6931471805599453,0.0,0.0,0.9241962407465937,0.0,0.46209812037329684,0.5493061443340549,0.0
SY,2.580218703329911,3.0847559988320254,1.0750556815368328,0.0,3.0423109532347654,2.207381675250309,2.6831503763610787,0.8047189562170501,1.4962204585192298,1.354025100551105,0.891189232148501,2.030044099704045,0.46209812037329684,0.9241962407465937,0.40235947810852507,2.0794415416798357,0.40235947810852507,3.0715876615338082,1.6942101997711707,1.6215917908794277,2.3650517949110452,1.3732653608351373,1.4962204585192298,0.8239592165010823,2.218070977791825,3.091042453358316,0.0,1.4853153869141684,0.0,0.0,1.0201312086692347,0.5493061443340549,2.8862535685598347,1.3086395462961955,0.7675283643313486,0.9591581091193483,0.8239592165010823,0.9729550745276566,3.127772676500623,0.511685576220899,0.8549831191538455,0.716703787691222,0.27465307216702745,0.511685576220899,0.5493061443340549,0.6777018135785455,1.5222612188617115,0.0,0.6931471805599453,2.033105440735637,0.0,0.0,0.9729550745276566,0.23978952727983707,0.0,0.0,1.2792139405522478,2.0402624173384694,1.0986122886681098,0.8047189562170501,1.6215917908794277,0.0,0.6090132299112135,0.6931471805599453
TA,0.8239592165010823,0.5493061443340549,0.7126123218020795,0.0,0.9591581091193483,1.1036908376251544,0.0,1.1989476363991853,0.42749155957692275,0.7737286288863456,0.0,1.4722194895832201,1.297273432703542,0.6412373393653842,0.648636716351771,2.210284285450008,1.6094379124341003,0.0,0.812017639881618,0.27465307216702745,0.7193685818395111,0.7657282792978191,1.2178089750893693,0.9591581091193483,0.6800874724461563,0.7193685818395111,1.8483924814931874,1.023371152441798,0.511685576220899,1.1882523095313346,0.23978952727983707,0.3243183581758855,0.4578649605980195,0.7193685818395111,1.1882523095313346,2.5227219145717816,0.0,0.812017639881618,0.0,0.7737286288863456,1.6043947641584313,0.0,0.3087818492743591,0.9031661992221,0.6777018135785455,1.9237120180961527,0.8012636810465341,1.1502596669524574,0.0,1.8483924814931874,0.8549831191538455,0.0,0.8047189562170501,1.4962204585192298,1.2824746787307684,0.0,1.619117475568642,0.5802964716647593,0.27348802085000257,1.0986122886681098,0.9591581091193483,1.0750556815368328,1.5572710185424037,0.0
TC,0.9241962407465937,0.716703787691222,1.0986122886681098,0.0,0.3243183581758855,1.2792139405522478,0.6090132299112135,0.716703787691222,1.4853153869141684,0.8047189562170501,0.5493061443340549,0.3243183581758855,0.5493061443340549,1.0986122886681098,0.40235947810852507,0.0,0.6931471805599453,0.9036024181047274,0.5493061443340549,0.0,1.4853153869141684,0.0,0.5493061443340549,0.5493061443340549,0.40235947810852507,0.40235947810852507,0.46209812037329684,0.40235947810852507,0.6931471805599453,0.716703787691222,0.358351893845611,0.0,1.1295030226309093,1.2070784343255752,1.0150220498520226,1.3862943611198906,0.0,0.5493061443340549,0.5493061443340549,0.0,1.433407575382444,0.5493061443340549,0.0,0.2558427881104495,0.0,0.9241962407465937,0.511685576220899,0.3243183581758855,0.40235947810852507,0.6931471805599453,0.0,0.5493061443340549,1.2070784343255752,0.40235947810852507,0.0,0.6931471805599453,0.358351893845611,0.46209812037329684,0.5941261547656673,0.5493061443340549,0.46209812037329684,0.0,0.0,0.0
TD,0.716703787691222,0.8047189562170501,1.433407575382444,0.0,0.9729550745276566,0.0,1.355403627157091,1.624035279763236,0.5941261547656673,0.891189232148501,0.648636716351771,0.7675283643313486,0.6931471805599453,1.3862943611198906,0.9241962407465937,1.2792139405522478,1.0986122886681098,1.530196813003852,1.624035279763236,0.40235947810852507,0.0,0.0,0.7393569925972749,0.29706307738283366,0.0,0.0,0.0,1.023371152441798,0.0,1.6215917908794277,0.648636716351771,2.210284285450008,0.9729550745276566,1.433407575382444,0.716703787691222,0.358351893845611,1.1775399822317394,0.40235947810852507,0.716703787691222,2.3019858420456756,0.716703787691222,0.5941261547656673,2.046742304883596,1.2178089750893693,1.2792139405522478,1.7908995167731467,1.1090354888959124,1.1882523095313346,0.0,1.8270396897336403,1.433407575382444,1.0986122886681098,1.2824746787307684,2.033105440735637,0.0,0.0,1.5350567286626973,2.453699149305367,1.922571505169192,0.27465307216702745,1.709966238307691,0.0,2.487172562881001,2.436052919644854
TE,0.6777018135785455,0.358351893845611,0.7865051156165158,1.5350567286626973,0.0,2.2316700241433196,0.891189232148501,0.358351893845611,0.5493061443340549,0.0,1.6706188412869083,0.0,0.7393569925972749,0.6777018135785455,0.5493061443340549,0.0,0.0,2.4844992181588137,0.0,0.0,0.8047189562170501,2.8301782610346478,1.804933601711853,3.288073515799306,1.4860386969499446,0.0,0.3873768351550419,0.27465307216702745,0.0,0.29706307738283366,0.0,3.286397632696695,0.7007821032318275,0.47957905455967414,0.27465307216702745,0.46209812037329684,2.164376341347436,0.0,0.0,1.7565171014117016,0.406008819940809,0.0,2.526550476876704,0.2747508601951052,0.0,0.46209812037329684,0.12179085362975187,0.6338147819239095,1.2792139405522478,1.3228662189232576,0.0,0.891189232148501,0.6931471805599453,0.18483924814931874,1.712864110072213,0.5493061443340549,0.46209812037329684,1.4386142146444394,0.20913812126408315,0.358351893845611,0.0,2.4696240968965952,1.7240270547446677,1.7096602149669131
TF,2.4849066497880004,2.436052919644854,0.6931471805599453,0.5493061443340549,2.4849066497880004,0.3868643144431728,0.8239592165010823,0.891189232148501,0.8047189562170501,0.46209812037329684,1.2070784343255752,0.7675283643313486,0.5493061443340549,0.0,0.0,0.0,0.0,0.0,0.6090132299112135,0.0,0.358351893845611,0.0,0.23978952727983707,0.0,0.0,0.0,0.0,0.9241962407465937,0.0,0.0,0.46209812037329684,0.511685576220899,0.5941261547656673,0.7675283643313486,0.3243183581758855,0.5493061443340549,0.1934321572215864,0.6931471805599453,0.0,0.0,1.0986122886681098,0.0,0.9241962407465937,1.6479184330021646,0.6931471805599453,0.8047189562170501,0.5802964716647593,2.0794415416798357,0.0,0.8047189562170501,1.6094379124341003,0.0,0.5493061443340549,0.0,0.6931471805599453,0.0,0.46209812037329684,0.0,1.023371152441798,0.0,1.0986122886681098,0.6931471805599453,0.44157749333690227,0.812017639881618
TG,0.9241962407465937,1.0986122886681098,0.7611306094308558,0.22590060452618185,0.648636716351771,0.15767011966073635,0.648636716351771,0.358351893845611,1.3732653608351373,0.29706307738283366,0.16357994328702444,0.358351893845611,1.0986122886681098,0.3271598865740489,0.7675283643313486,1.1989476363991853,0.8047189562170501,0.41452876048016685,0.7193685818395111,0.0,0.0,4.086060920555335,0.18483924814931874,3.006514133916495,0.3271598865740489,0.7675283643313486,0.36967849629863747,0.0,0.0,0.0,0.40235947810852507,3.006514133916495,0.6170749092917044,0.358351893845611,0.511685576220899,1.4787139851945499,0.5100656043346173,0.0,0.46209812037329684,0.0,0.3271598865740489,0.0,0.5700898574416636,0.5955664394538592,0.3243183581758855,0.7193685818395111,0.36078169606997934,0.34004373622307815,0.0,0.42749155957692275,0.358351893845611,0.716703787691222,0.511685576220899,0.5493061443340549,0.16357994328702444,0.0,1.218026459822427,0.354151668007027,0.08955238370698958,0.406008819940809,0.40235947810852507,0.5493061443340549,0.7404898911500453,0.0
TH,1.0986122886681098,0.9241962407465937,1.1882523095313346,0.6931471805599453,0.9241962407465937,0.46209812037329684,1.2070784343255752,0.891189232148501,0.0,1.433407575382444,0.40235947810852507,0.8047189562170501,0.5493061443340549,0.6931471805599453,0.0,0.0,1.0986122886681098,0.0,0.0,0.5493061443340549,0.9241962407465937,0.0,1.3862943611198906,0.0,0.0,0.0,0.6931471805599453,1.4853153869141684,0.0,0.46209812037329684,1.0986122886681098,0.716703787691222,1.2070784343255752,1.6094379124341003,0.46209812037329684,0.0,0.0,0.9241962407465937,0.0,1.0986122886681098,0.358351893845611,0.0,1.624035279763236,0.812017639881618,0.716703787691222,0.0,1.2792139405522478,0.7737286288863456,0.8047189562170501,1.0750556815368328,0.0,0.0,0.0,0.8047189562170501,0.0,0.6931471805599453,1.782378464297002,0.0,1.1882523095313346,0.5493061443340549,0.648636716351771,0.0,0.7393569925972749,0.0
TI,1.619117475568642,1.766309973347609,0.812017639881618,0.0,1.766309973347609,1.030347484452772,1.4210308697928313,1.5813042316832728,1.1295030226309093,0.6777018135785455,1.1446624014950486,0.406008819940809,0.8047189562170501,0.9729550745276566,0.9241962407465937,0.46209812037329684,0.9241962407465937,1.7278097460167723,0.49073982986107334,0.0,1.0201312086692347,3.1324733126060256,0.7193685818395111,0.23978952727983707,0.5212954460834371,0.9976572505229112,0.9133567313170269,0.46209812037329684,0.40235947810852507,1.4387371636790223,0.5493061443340549,0.0,0.16357994328702444,1.6635532333438687,1.9478341740386487,1.023371152441798,1.4722194895832201,1.354025100551105,0.34004373622307815,0.358351893845611,2.033231729642506,1.1882523095313346,0.5855057004705672,0.354151668007027,0.46209812037329684,0.6412373393653842,0.5312275020105406,0.46209812037329684,0.0,0.7737286288863456,0.0,0.9241962407465937,1.0986122886681098,0.5493061443340549,0.5493061443340549,0.0,0.6412373393653842,1.770758340035135,0.812017639881618,0.9241962407465937,0.0,0.21374577978846138,1.6785266909588594,0.6931471805599453
TK,1.4962204585192298,1.2792139405522478,2.22629621401804,1.1989476363991853,0.40235947810852507,1.7303011317137815,0.46209812037329684,1.6785266909588594,1.9629593194442934,1.2792139405522478,2.2702285072311987,1.0150220498520226,1.6785266909588594,1.7908995167731467,0.8239592165010823,1.297273432703542,0.6931471805599453,2.6223806710998603,1.2070784343255752,0.716703787691222,2.046742304883596,1.9795039561512675,1.1446624014950486,2.1891489176872274,0.731983424424291,2.2330485096744495,2.3702295140333556,1.0986122886681098,0.9729550745276566,1.5350567286626973,1.4387371636790223,2.466524318503987,2.0055788195666855,1.7908995167731467,1.1090354888959124,2.0794415416798357,2.4072786084294826,1.9241690457065566,1.218026459822427,0.8209786783322445,1.5677471079645748,0.7737286288863456,2.1272308326124554,1.8166099672265075,1.922571505169192,0.8047189562170501,1.4190310769466272,0.812017639881618,0.3243183581758855,1.5677471079645748,1.2792139405522478,2.033105440735637,0.0,1.1295030226309093,2.459252969409291,0.9729550745276566,1.6785266909588594,2.152418436039938,1.4787139851945499,1.6215917908794277,0.0,2.765993003203175,2.748663632459161,2.457828486301612
TL,0.5802964716647593,0.6090132299112135,1.6785266909588594,1.0986122886681098,0.4518012090523637,1.1605929433295186,0.358351893845611,0.3243183581758855,1.8039084803498968,1.6635532333438687,0.511685576220899,0.9036024181047274,0.716703787691222,0.46209812037329684,1.2792139405522478,0.4518012090523637,0.6931471805599453,0.1934321572215864,0.7611306094308558,0.8047189562170501,1.6785266909588594,1.2792139405522478,0.0,1.5350567286626973,0.0,0.0,0.9036024181047274,0.23978952727983707,0.5493061443340549,0.2558427881104495,0.2558427881104495,0.8047189562170501,1.5297220581415851,0.29706307738283366,1.6635532333438687,0.511685576220899,0.5493061443340549,1.2792139405522478,1.1295030226309093,0.47957905455967414,1.0624550040210812,1.0986122886681098,1.700218681115391,0.5100656043346173,1.0750556815368328,0.22590060452618185,0.6090132299112135,0.511685576220899,0.40235947810852507,0.5493061443340549,0.891189232148501,0.891189232148501,0.0,0.5493061443340549,0.648636716351771,0.358351893845611,0.27465307216702745,0.42749155957692275,0.7883505983036818,0.0,0.511685576220899,0.9241962407465937,0.3243183581758855,0.8047189562170501
TM,0.0,0.0,0.0,0.0,0.0,0.0,0.5493061443340549,0.5493061443340549,0.0,0.5493061443340549,0.0,0.0,0.0,0.0,0.0,0.6931471805599453,0.0,0.6931471805599453,0.0,0.0,0.0,0.0,0.0,0.6931471805599453,0.0,0.0,0.46209812037329684,0.0,0.0,0.6931471805599453,1.0986122886681098,0.0,0.0,0.5493061443340549,0.0,0.9241962407465937,0.5493061443340549,0.0,0.0,0.0,0.0,0.6931471805599453,0.0,1.6479184330021646,0.0,0.0,0.5941261547656673,1.6479184330021646,0.0,0.0,0.5493061443340549,0.0,0.0,0.6931471805599453,0.0,0.6931471805599453,1.3862943611198906,0.0,1.4853153869141684,0.46209812037329684,0.6931471805599453,1.0986122886681098,1.791759469228055,0.5493061443340549
TN,0.0,0.0,0.6867974408970293,0.5493061443340549,0.0,2.9149220594018144,1.355403627157091,0.358351893845611,0.891189232148501,0.7675283643313486,0.9297044043721006,1.6215917908794277,0.9241962407465937,0.6931471805599453,0.6931471805599453,0.8549831191538455,0.5493061443340549,3.7745351290929356,0.8239592165010823,0.29706307738283366,1.3732653608351373,0.07123584229028805,2.1415154528426634,0.3153402393214727,1.985145956776061,1.0750556815368328,0.36078169606997934,0.7675283643313486,1.0986122886681098,0.8047189562170501,0.5941261547656673,2.314026218965285,0.30715876615338084,0.0,2.5146180438806236,0.648636716351771,3.8436001146592598,1.0750556815368328,0.7675283643313486,2.9206695339018105,2.344884655308477,0.40235947810852507,0.0,0.4790232251544668,1.1882523095313346,0.9729550745276566,0.43706344518331003,1.1882523095313346,0.9729550745276566,1.433407575382444,1.2070784343255752,0.648636716351771,0.358351893845611,0.716703787691222,0.32057822951056014,0.46209812037329684,0.9729550745276566,3.6126836746741597,1.218026459822427,0.0,0.511685576220899,0.17002186811153908,3.2578429769288357,3.3394443210270595
TP,0.0,1.0986122886681098,0.10456906063204158,1.1989476363991853,0.6931471805599453,2.385119249432461,0.648636716351771,0.0,0.3243183581758855,1.297273432703542,0.0,0.0,0.8239592165010823,1.740889414994278,0.0,0.5493061443340549,1.0986122886681098,2.123185841671136,0.9729550745276566,0.0,1.297273432703542,2.2340265031807442,1.7810369712144316,0.10685940983685338,1.9368841757752095,1.2824746787307684,1.5222612188617115,0.5493061443340549,0.40235947810852507,0.46209812037329684,0.0,1.6654960931072953,0.11728266833317777,0.40235947810852507,0.0,0.0,2.718795576433081,2.1265392627313178,0.5493061443340549,2.7316465323956876,1.355403627157091,1.355403627157091,1.198910221529599,1.3411982603617503,0.5493061443340549,0.8047189562170501,2.8862535685598347,0.0,1.2792139405522478,1.3943925202326009,0.0,0.716703787691222,0.0,1.4210308697928313,0.8047189562170501,0.0,0.40235947810852507,3.162103992214884,0.0,0.0,0.0,0.25352591276956377,2.1754930114005266,2.6831503763610787
TQ,0.0,0.5493061443340549,0.0,0.0,0.46209812037329684,1.5246746883313111,0.0,0.648636716351771,0.0,0.5493061443340549,0.0,0.27465307216702745,0.9241962407465937,1.6479184330021646,0.0,0.648636716351771,0.5493061443340549,0.0,0.22590060452618185,0.0,0.29706307738283366,3.107480993378274,0.5100656043346173,0.21374577978846138,0.0,1.1989476363991853,0.354151668007027,0.358351893845611,0.0,1.6094379124341003,0.0,0.0,0.0,0.0,0.0,0.9241962407465937,0.0,1.6785266909588594,0.0,0.5941261547656673,0.5493061443340549,0.0,0.1928190340068235,0.5545177444479562,0.0,0.40235947810852507,0.354151668007027,0.9729550745276566,0.0,2.6390573296152584,0.0,0.9241962407465937,0.3243183581758855,1.4853153869141684,0.9814796597221467,0.0,0.0,0.49073982986107334,0.3243183581758855,0.5941261547656673,0.9241962407465937,0.3868643144431728,0.8239592165010823,0.0
TR,2.321185886659037,1.791759469228055,0.9591581091193483,0.8047189562170501,1.3732653608351373,1.7908995167731467,2.2590060452618186,1.9183162182386966,2.6620426399959674,1.355403627157091,1.2938747370452313,0.27465307216702745,0.0,1.023371152441798,1.9343215722158644,1.218026459822427,0.9241962407465937,1.0750556815368328,2.1110880299972,0.648636716351771,0.46209812037329684,0.0,1.6785266909588594,1.2070784343255752,0.9729550745276566,1.6357994328702448,1.416606672028108,1.740889414994278,1.0986122886681098,1.5350567286626973,2.033105440735637,1.4853153869141684,1.8267134626340538,2.033105440735637,2.072643802400834,2.137457797884614,1.530196813003852,0.8047189562170501,1.354025100551105,1.6479184330021646,2.1249100080421623,1.3601749448923126,2.4084961713108557,4.073805656125332,2.302585092994046,2.0402624173384694,3.641342250457394,3.224097018833947,0.0,1.354025100551105,1.782378464297002,1.1882523095313346,1.9343215722158644,1.0986122886681098,1.9237120180961527,1.6215917908794277,1.1989476363991853,1.2070784343255752,4.243547558463888,3.283914713328978,1.0150220498520226,1.0750556815368328,3.7064690529969173,0.0
TS,2.1277537294374507,0.0,0.358351893845611,0.0,1.6094379124341003,1.2395308380245946,1.4787139851945499,0.3243183581758855,2.210284285450008,0.0,1.9459101490553132,1.8920414359288362,0.9241962407465937,0.9241962407465937,0.9241962407465937,2.033105440735637,0.0,1.4387371636790223,2.0117973905426254,1.0750556815368328,0.5493061443340549,0.0,0.891189232148501,1.023371152441798,2.5146180438806236,0.7675283643313486,1.1989476363991853,1.023371152441798,0.46209812037329684,0.9241962407465937,0.27465307216702745,0.29706307738283366,2.218070977791825,1.9237120180961527,1.7908995167731467,1.1989476363991853,1.6635532333438687,0.716703787691222,0.2558427881104495,0.0,1.0150220498520226,0.29706307738283366,1.0750556815368328,1.770758340035135,0.9729550745276566,0.8239592165010823,1.766309973347609,1.2824746787307684,0.40235947810852507,1.2792139405522478,0.716703787691222,1.0750556815368328,1.433407575382444,1.0986122886681098,0.0,0.0,1.0750556815368328,1.1450596030091713,1.4210308697928313,0.5941261547656673,2.1972245773362196,0.46209812037329684,1.0986122886681098,1.2070784343255752
TT,1.6094379124341003,0.0,0.0,0.9241962407465937,0.0,2.2281432400225847,0.0,0.0,2.137457797884614,0.0,0.0,0.0,0.0,0.0,1.7908995167731467,0.0,0.0,2.4572701292270467,1.297273432703542,0.0,0.0,3.229458057639061,0.648636716351771,2.300519333904915,0.0,0.46209812037329684,0.0,0.5941261547656673,0.0,0.40235947810852507,0.0,2.09247152266851,1.0201312086692347,0.0,1.2824746787307684,0.0,2.3283619763817294,0.7675283643313486,0.40235947810852507,2.5131148098040326,0.511685576220899,1.7908995167731467,0.8687217974691923,0.40235947810852507,0.0,0.0,0.3044522437723423,1.5936825060316215,0.0,0.0,0.0,0.9036024181047274,0.0,0.3243183581758855,0.0,1.0986122886681098,0.0,2.2493914712279164,0.9241962407465937,1.355403627157091,0.8549831191538455,0.14719249777896742,2.743012927418055,2.457828486301612
TV,0.5941261547656673,0.0,2.1073877981848996,0.0,0.0,0.22893248029900976,0.0,0.0,1.354025100551105,0.511685576220899,1.9946035841280654,0.47957905455967414,0.0,0.0,0.9241962407465937,0.18483924814931874,0.0,0.17002186811153908,0.1934321572215864,0.0,0.29706307738283366,1.5740807124839735,0.1770758340035135,2.4572701292270467,0.12341498185834088,0.42749155957692275,0.0,0.0,0.0,0.0,0.29706307738283366,2.3209825416901926,1.030347484452772,0.0,0.8549831191538455,1.0750556815368328,0.2850449287208318,0.2030044099704045,0.0,0.0,1.2938747370452313,1.4210308697928313,4.491233934933821,0.12676295638478188,0.46209812037329684,0.29706307738283366,0.13817625349338894,0.7675283643313486,0.0,0.0,0.358351893845611,0.5941261547656673,0.2558427881104495,0.0,2.359515346849548,0.40235947810852507,1.2070784343255752,0.0,0.2030044099704045,0.0,0.8239592165010823,2.3209825416901926,0.3243183581758855,0.0
TW,0.0,0.0,0.0,0.0,0.0,3.0739386679679113,0.0,0.0,0.0,0.0,0.0,0.0,0.0,0.0,0.0,0.0,0.0,2.748663632459161,0.0,0.0,0.0,0.8070821950222156,3.3412376825738166,0.0,2.681966754156362,0.0,0.0,0.0,0.0,0.0,0.0,0.0,1.986922367683767,0.0,0.0,0.0,0.0,0.0,0.0,0.0,0.0,0.0,0.0,0.3403236796879196,0.0,0.0,0.1701618398439598,0.7675283643313486,0.0,0.0,0.0,0.0,0.0,0.0,0.0,0.0,0.0,0.053383334925823055,0.45667836565851344,0.5493061443340549,0.0,0.0,0.27348802085000257,0.0
TY,1.619117475568642,1.9478341740386487,0.0,0.0,2.1277537294374507,0.17002186811153908,2.351203577673075,1.0986122886681098,0.23978952727983707,0.47957905455967414,0.0,0.511685576220899,1.3862943611198906,0.0,0.0,0.0,0.0,1.4809797823000905,0.511685576220899,0.5493061443340549,0.9729550745276566,4.316659351782504,0.5100656043346173,3.127772676500623,0.0,2.2901192060183426,0.0,0.0,0.6931471805599453,1.0986122886681098,0.511685576220899,3.006514133916495,1.4753180863979252,0.29706307738283366,0.2030044099704045,0.0,0.0,0.0,0.0,0.511685576220899,0.0,0.0,0.0,0.8501093405576955,0.891189232148501,0.46209812037329684,0.34004373622307815,0.5493061443340549,0.0,0.7675283643313486,1.6094379124341003,0.5493061443340549,0.0,0.0,0.0,0.9241962407465937,0.0,0.0,0.891189232148501,0.0,1.0986122886681098,0.511685576220899,0.0,0.0
VA,2.518257283289107,3.1690739096195473,0.648636716351771,0.0,3.006514133916495,0.6908812674669447,0.7883505983036818,0.27465307216702745,0.6306804786429454,1.0986122886681098,0.9671607861079322,1.6942101997711707,1.0750556815368328,1.5350567286626973,1.2824746787307684,0.5941261547656673,0.40235947810852507,1.140866607463037,0.7819431691251557,0.8047189562170501,0.9460207179644181,0.0,0.0,1.2938747370452313,1.354025100551105,0.47957905455967414,0.5312275020105406,0.0,0.40235947810852507,0.648636716351771,1.0624550040210812,0.0,0.7737286288863456,0.9591581091193483,0.6306804786429454,2.3019858420456756,0.4518012090523637,0.406008819940809,1.6581150419206674,0.891189232148501,1.1401797148833273,1.0986122886681098,0.16357994328702444,0.9620845228532783,0.5493061443340549,1.1989476363991853,1.0560529210934682,0.7737286288863456,0.0,0.0,0.8239592165010823,0.40235947810852507,1.4787139851945499,1.2792139405522478,0.40235947810852507,0.0,1.1605929433295186,1.4753180863979252,0.626866685948927,0.18483924814931874,0.0,0.5493061443340549,0.9460207179644181,0.0
VC,0.6931471805599453,0.40235947810852507,0.9729550745276566,0.0,0.0,0.0,1.0986122886681098,1.4853153869141684,0.4518012090523637,0.648636716351771,0.21374577978846138,1.0986122886681098,0.46209812037329684,0.0,0.0,0.0,0.0,0.0,0.0,0.0,0.0,0.0,0.29706307738283366,0.0,0.0,0.0,0.8047189562170501,0.891189232148501,0.0,0.0,1.2070784343255752,1.2070784343255752,0.891189232148501,0.8549831191538455,0.5493061443340549,0.0,0.0,0.0,0.6931471805599453,0.716703787691222,0.0,0.716703787691222,0.21374577978846138,0.385638068013647,0.40235947810852507,0.0,1.4853153869141684,0.5212954460834371,0.0,0.716703787691222,0.648636716351771,0.0,0.0,0.0,0.0,0.0,1.6479184330021646,0.0,0.24052113071331957,1.3862943611198906,1.0750556815368328,0.0,0.7126123218020795,0.0
VD,1.3862943611198906,0.8047189562170501,0.358351893845611,1.1882523095313346,0.0,1.7866993183615778,0.0,0.716703787691222,1.8483924814931874,0.6931471805599453,0.0,1.1989476363991853,1.6215917908794277,1.5350567286626973,0.0,0.891189232148501,0.0,0.0,1.3732653608351373,0.0,0.891189232148501,2.2286851606140003,0.24682996371668176,0.26823965207235,0.0,1.3732653608351373,0.134119826036175,0.8047189562170501,0.9241962407465937,1.2792139405522478,0.23978952727983707,2.5196083297542313,0.3868643144431728,1.5474572577726913,1.6215917908794277,0.0,0.2030044099704045,1.624035279763236,0.0,1.619117475568642,1.1882523095313346,0.0,0.9850762207768854,0.0,0.0,0.0,0.37024494557502263,0.0,1.3862943611198906,2.049711555589573,0.0,0.9729550745276566,0.0,1.922571505169192,0.9133567313170269,0.8047189562170501,0.0,0.5864133416658889,0.5941261547656673,1.0986122886681098,0.0,0.8178997164351224,3.312641704942455,3.276360172302729
VE,0.5493061443340549,1.0201312086692347,1.2824746787307684,1.433407575382444,0.511685576220899,0.9241962407465937,0.42749155957692275,1.068728898942307,1.2938747370452313,0.9036024181047274,0.4518012090523637,0.8239592165010823,0.5941261547656673,0.8047189562170501,1.5813042316832728,0.3243183581758855,0.40235947810852507,1.1036908376251544,1.1090354888959124,0.40235947810852507,1.1901530767807735,0.0,0.0,0.27465307216702745,0.6777018135785455,0.406008819940809,0.5802964716647593,0.0,0.0,0.0,0.891189232148501,1.297273432703542,1.3700350969755404,0.8239592165010823,1.0150220498520226,1.068728898942307,1.1882523095313346,0.27465307216702745,0.9460207179644181,1.0750556815368328,0.8178997164351224,0.8853791700175675,0.225791549805525,0.5373143022419374,0.5493061443340549,0.46209812037329684,0.6338147819239095,0.29438499555793485,0.5941261547656673,0.4518012090523637,0.0,1.0986122886681098,1.0750556815368328,0.0,0.40235947810852507,0.0,1.624035279763236,0.22590060452618185,0.5887699911158697,0.7193685818395111,0.9241962407465937,0.40235947810852507,0.45667836565851344,0.0
VF,1.4387371636790223,1.0750556815368328,0.6908812674669447,1.3862943611198906,1.0750556815368328,1.8267134626340538,0.3243183581758855,1.9183162182386966,0.40235947810852507,0.29706307738283366,0.0,1.782378464297002,0.8239592165010823,1.6215917908794277,0.0,1.2070784343255752,1.0986122886681098,0.7193685818395111,0.0,0.0,0.358351893845611,1.877130945780327,0.358351893845611,0.0,0.358351893845611,0.9729550745276566,0.27465307216702745,0.40235947810852507,0.0,0.40235947810852507,0.0,0.8551347861624953,0.8290575209603337,1.297273432703542,0.0,0.0,0.0,1.2792139405522478,0.2558427881104495,0.46209812037329684,0.9729550745276566,0.3243183581758855,1.239605872496134,0.6338147819239095,0.9729550745276566,0.0,0.6543197731480977,1.700218681115391,1.2070784343255752,2.2078874666845114,0.8239592165010823,0.9241962407465937,0.8047189562170501,1.6479184330021646,0.5545177444479562,0.0,1.433407575382444,0.6777018135785455,1.4387371636790223,0.0,1.2792139405522478,0.6412373393653842,1.1605929433295186,0.9241962407465937
VG,0.46209812037329684,0.27465307216702745,2.861656003737622,0.0,0.6931471805599453,0.3802888691543457,1.1989476363991853,0.0,1.5638863382503114,0.511685576220899,2.7081884344831684,1.4387371636790223,0.5941261547656673,0.0,1.0750556815368328,1.1989476363991853,0.0,0.8831549866738045,0.47957905455967414,0.8047189562170501,1.5936825060316215,2.976194646719258,0.44157749333690227,2.235441717387512,0.40235947810852507,1.023371152441798,0.1934321572215864,0.40235947810852507,0.358351893845611,0.0,1.0750556815368328,2.7316465323956876,0.4518012090523637,0.0,1.700218681115391,1.8072048362094548,0.5887699911158697,0.9671607861079322,0.0,0.648636716351771,1.2070784343255752,1.624035279763236,3.8557566359232633,0.5469760417000051,0.716703787691222,1.0750556815368328,0.5463293064791376,1.4787139851945499,0.29706307738283366,0.2030044099704045,1.0750556815368328,1.1882523095313346,0.5493061443340549,1.0986122886681098,0.358351893845611,0.5493061443340549,0.9729550745276566,0.5364793041447,0.7883505983036818,1.0750556815368328,1.6479184330021646,2.794948308709457,0.9133567313170269,0.6777018135785455
VH,0.0,0.0,0.0,0.0,0.0,0.0,1.4853153869141684,0.0,1.068728898942307,0.0,0.0,0.0,0.6931471805599453,0.0,0.0,0.0,0.0,0.0,1.2792139405522478,0.46209812037329684,0.0,0.0,0.0,0.2030044099704045,0.0,1.4853153869141684,0.0,0.358351893845611,0.0,0.6931471805599453,0.0,0.0,0.0,0.0,0.0,0.0,1.2792139405522478,0.0,0.40235947810852507,0.0,0.0,0.3243183581758855,0.0,0.3243183581758855,0.0,0.0,0.40235947810852507,0.6931471805599453,0.0,0.46209812037329684,0.0,0.0,0.0,0.0,0.46209812037329684,0.0,0.0,0.0,0.46209812037329684,0.5493061443340549,0.0,0.0,0.5493061443340549,0.0
VI,0.8853791700175675,0.5493061443340549,1.1901530767807735,0.648636716351771,0.9241962407465937,0.0,0.6777018135785455,1.6785266909588594,0.134119826036175,0.5493061443340549,1.1179793234837827,1.2395308380245946,0.7675283643313486,0.0,0.0,0.9036024181047274,0.716703787691222,0.9122670306460151,1.1401797148833273,0.6931471805599453,1.1989476363991853,3.5939272700806595,0.40235947810852507,2.8776117049213177,0.2763525069867779,0.4518012090523637,0.12676295638478188,0.358351893845611,0.4518012090523637,1.1605929433295186,0.891189232148501,2.024599857071647,0.7480158688579737,0.42749155957692275,1.2178089750893693,0.47957905455967414,0.6143175323067617,0.7883505983036818,0.4518012090523637,0.0,1.2613609572858908,0.5545177444479562,0.8751665095006035,0.5570358100056462,0.29706307738283366,1.709966238307691,0.6555951677749651,0.47301035898220906,1.1882523095313346,0.26064772304171857,0.358351893845611,0.0,1.355403627157091,0.8551347861624953,2.2359586469675654,0.8239592165010823,0.891189232148501,0.8012636810465341,2.1581057455185335,0.891189232148501,0.0,2.1210093740750584,0.9672337744537227,0.0
VK,0.5941261547656673,1.0986122886681098,1.7855994495569771,1.3732653608351373,0.40235947810852507,3.1216657325781414,0.0,0.891189232148501,1.5222612188617115,1.0150220498520226,1.559064002503079,0.9036024181047274,1.4853153869141684,1.6479184330021646,1.5474572577726913,1.3601749448923126,0.0,1.985145956776061,0.708303336014054,0.3243183581758855,0.406008819940809,2.566003680190543,3.0786197406154776,1.463966848848582,2.594471603571191,0.9241962407465937,0.6056053960998236,0.511685576220899,1.433407575382444,1.3862943611198906,0.648636716351771,2.498244139660943,2.026050291653407,0.511685576220899,1.5211554766173827,2.137457797884614,1.7575592430628102,1.9789395845202251,0.5493061443340549,2.7064311512993546,1.6479184330021646,0.7193685818395111,0.3583768779338381,0.8508091992197988,1.0750556815368328,1.1605929433295186,0.8508091992197988,1.6479184330021646,0.891189232148501,2.1277537294374507,1.6479184330021646,2.0794415416798357,0.3243183581758855,1.6635532333438687,0.6621065686871168,0.5493061443340549,1.9183162182386966,1.3357450247277358,1.1901530767807735,1.6479184330021646,1.1882523095313346,0.40235947810852507,1.6048524056196551,2.56763981020708
VL,1.4853153869141684,0.511685576220899,0.41452876048016685,0.511685576220899,1.023371152441798,1.0926586129582752,0.0,1.5813042316832728,0.17002186811153908,0.9241962407465937,0.5723312007475243,1.1450596030091713,0.8853791700175675,1.355403627157091,0.23978952727983707,1.624035279763236,0.9241962407465937,0.7675283643313486,1.4722194895832201,0.7675283643313486,1.218026459822427,1.5088773817893968,0.6543197731480977,0.4936599274333635,0.29438499555793485,0.891189232148501,0.39097158456257786,1.0624550040210812,0.8047189562170501,1.355403627157091,1.218026459822427,0.716703787691222,0.4471917293935131,0.27465307216702745,0.1934321572215864,1.065582853203198,0.8047189562170501,1.7343713162681,1.023371152441798,0.7675283643313486,1.5638863382503114,1.5936825060316215,4.072832137360829,2.4057917368089865,1.2824746787307684,0.5802964716647593,2.032123948249725,2.4432565621859212,0.716703787691222,1.4809797823000905,1.023371152441798,1.023371152441798,0.0,1.4787139851945499,0.708303336014054,0.5941261547656673,0.708303336014054,1.5651710528772957,2.7129479354215986,1.1090354888959124,0.8239592165010823,0.36967849629863747,2.647612976929311,0.716703787691222
VM,0.0,0.0,0.358351893845611,0.0,0.0,0.0,0.0,0.0,0.0,0.716703787691222,0.0,1.8483924814931874,1.6094379124341003,0.8047189562170501,0.9241962407465937,2.218070977791825,0.5493061443340549,0.0,1.0986122886681098,1.0986122886681098,1.2792139405522478,0.5493061443340549,0.0,1.297273432703542,0.0,0.0,0.0,0.0,0.46209812037329684,0.0,0.7675283643313486,0.5493061443340549,0.0,0.0,0.9729550745276566,1.5474572577726913,0.0,0.7675283643313486,0.0,1.023371152441798,1.530196813003852,0.891189232148501,1.1036908376251544,2.462992034398998,0.7193685818395111,1.2070784343255752,1.6713233706850963,2.5970191275026977,0.0,0.0,1.068728898942307,0.46209812037329684,0.6931471805599453,1.297273432703542,0.0,0.0,1.3732653608351373,1.1882523095313346,1.985145956776061,0.47957905455967414,0.5493061443340549,0.0,2.599104386465068,0.6931471805599453
VN,1.2070784343255752,0.0,2.235441717387512,0.6931471805599453,0.0,2.6328724239224357,0.7675283643313486,0.0,1.5767011966073636,1.1882523095313346,2.1415154528426634,0.8239592165010823,1.0986122886681098,0.0,1.0750556815368328,0.8047189562170501,0.0,2.801982245689363,0.0,0.46209812037329684,0.0,1.7364638561746324,2.4925998801793026,2.1556045131951005,2.1556045131951005,0.0,1.5222612188617115,0.9241962407465937,0.5493061443340549,0.0,0.8239592165010823,3.235818189900415,2.461392187650023,1.4210308697928313,1.9135024711265767,1.297273432703542,2.571990052413365,0.5493061443340549,1.433407575382444,2.9092914517530972,1.5813042316832728,0.9729550745276566,3.6971973367837823,1.5058683517662166,0.716703787691222,0.716703787691222,1.8047743504113833,0.15767011966073635,0.5493061443340549,0.5493061443340549,0.9729550745276566,0.5493061443340549,0.0,0.8047189562170501,2.866815150764888,0.0,1.2792139405522478,3.2180802350539537,0.4471917293935131,0.648636716351771,0.0,2.1270229980494975,2.4829537817641634,2.9275285023528363
VP,0.0,0.648636716351771,0.406008819940809,0.0,0.40235947810852507,0.6170749092917044,1.9237120180961527,1.0986122886681098,0.7675283643313486,0.0,1.2792139405522478,0.648636716351771,0.8047189562170501,1.1989476363991853,1.0750556815368328,0.8047189562170501,1.0986122886681098,0.47301035898220906,0.7393569925972749,0.5493061443340549,1.0750556815368328,0.11548622240763551,0.14719249777896742,1.297273432703542,0.6170749092917044,1.297273432703542,0.4518012090523637,0.5493061443340549,0.0,0.0,0.3243183581758855,2.9087949851856254,0.21374577978846138,1.6215917908794277,1.2792139405522478,1.709966238307691,0.0,0.46209812037329684,0.2558427881104495,2.3456533666635555,1.4962204585192298,0.0,0.3653725608892556,0.708303336014054,0.46209812037329684,1.0750556815368328,0.24682996371668176,2.0794415416798357,0.0,0.648636716351771,0.5493061443340549,0.9241962407465937,1.0986122886681098,0.7675283643313486,1.068728898942307,0.46209812037329684,0.716703787691222,0.15767011966073635,1.2792139405522478,1.3862943611198906,0.5493061443340549,1.782378464297002,2.9708576533634465,2.718795576433081
VQ,1.974639709733454,0.22590060452618185,0.5342970491842669,1.1882523095313346,0.5545177444479562,2.1942382257450745,0.5545177444479562,0.40235947810852507,1.4387371636790223,1.023371152441798,0.0,1.068728898942307,0.29706307738283366,1.4387371636790223,0.9241962407465937,1.4853153869141684,0.9241962407465937,1.3575648004417495,0.354151668007027,1.0750556815368328,0.8047189562170501,4.880016864775548,2.0419420781275175,2.9493941835619344,2.597345583021046,0.708303336014054,0.12026056535665978,1.1036908376251544,1.297273432703542,1.433407575382444,0.27465307216702745,0.11179793234837827,2.2598692444819912,0.8047189562170501,0.9729550745276566,0.358351893845611,0.26823965207235,1.770758340035135,0.4518012090523637,0.13817625349338894,1.068728898942307,1.416606672028108,4.151418506434358,0.8365524850563326,1.0750556815368328,1.2070784343255752,0.4790232251544668,1.6094379124341003,1.5813042316832728,1.7278097460167723,0.891189232148501,1.1295030226309093,0.891189232148501,1.9237120180961527,0.4182762425281663,0.891189232148501,0.648636716351771,0.6806473593758392,0.8549831191538455,0.29706307738283366,1.6357994328702448,0.41452876048016685,0.6555951677749651,0.5312275020105406
VR,2.1265392627313178,2.1277537294374507,1.5813042316832728,0.46209812037329684,2.7966574578003813,0.8831549866738045,0.8853791700175675,0.716703787691222,1.782378464297002,1.2824746787307684,2.9708576533634465,1.9237120180961527,1.6215917908794277,0.358351893845611,0.8047189562170501,0.9241962407465937,0.0,1.4753180863979252,1.6744873407478829,0.6931471805599453,1.4962204585192298,3.640295463637967,1.0986122886681098,3.2057822951056014,0.0,0.354151668007027,1.1882523095313346,1.6479184330021646,0.6931471805599453,1.3732653608351373,1.6785266909588594,2.4102379250852937,0.29706307738283366,0.9729550745276566,1.6635532333438687,1.3862943611198906,0.6800874724461563,1.355403627157091,0.7737286288863456,0.5100656043346173,1.1901530767807735,1.5813042316832728,4.417743014768121,3.35172379362114,0.716703787691222,1.5350567286626973,1.6389617890579997,3.5278934633690926,0.46209812037329684,1.8270396897336403,1.791759469228055,1.433407575382444,2.351203577673075,1.1882523095313346,2.7471897635881173,0.9729550745276566,0.8047189562170501,0.6381387153166727,3.4654725152867574,1.4853153869141684,2.1972245773362196,2.906746241057835,2.5547905341571564,0.15767011966073635
VS,2.2833918282925674,1.9241690457065566,0.0,0.358351893845611,1.7993793761572692,1.1401797148833273,0.358351893845611,2.321185886659037,0.47957905455967414,2.1972245773362196,0.708303336014054,1.354025100551105,1.433407575382444,0.9241962407465937,0.9729550745276566,1.1295030226309093,0.0,2.5917146190251588,2.321185886659037,0.5493061443340549,1.4210308697928313,0.23978952727983707,1.2070784343255752,1.4962204585192298,1.740889414994278,0.0,0.9814796597221467,0.29706307738283366,2.033105440735637,1.068728898942307,1.2824746787307684,1.5813042316832728,0.9241962407465937,0.8239592165010823,0.44157749333690227,2.0794415416798357,1.8483924814931874,1.709966238307691,1.8527920366854067,1.1090354888959124,1.1090354888959124,0.3243183581758855,0.45667836565851344,0.6586939130293881,0.358351893845611,0.46209812037329684,1.1502596669524574,0.3271598865740489,1.782378464297002,1.0986122886681098,0.29706307738283366,1.3862943611198906,0.40235947810852507,1.0201312086692347,0.0,0.6931471805599453,1.4387371636790223,2.300519333904915,0.5070518255391275,0.47957905455967414,0.358351893845611,0.3243183581758855,1.5045491302684268,1.782378464297002
VT,0.40235947810852507,0.9241962407465937,1.218026459822427,0.40235947810852507,0.6090132299112135,0.5675199160175287,1.5350567286626973,0.5941261547656673,0.6705991301808751,0.2030044099704045,0.8501093405576955,1.6635532333438687,0.5312275020105406,0.8239592165010823,1.297273432703542,1.4190310769466272,1.1882523095313346,0.7819431691251557,0.4936599274333635,0.5941261547656673,1.354025100551105,0.43318406441084467,0.7393569925972749,0.406008819940809,0.7126123218020795,1.740889414994278,0.49073982986107334,0.21374577978846138,0.648636716351771,0.0,0.47301035898220906,2.206672057727026,0.34004373622307815,1.354025100551105,0.9976572505229112,2.4790616760491893,1.1295030226309093,0.1934321572215864,0.47957905455967414,2.3283619763817294,1.766309973347609,1.1989476363991853,1.088085191787625,0.8508091992197988,0.708303336014054,1.6785266909588594,0.5570358100056462,0.42756739308124764,0.29706307738283366,0.15767011966073635,0.7393569925972749,1.1882523095313346,0.9036024181047274,0.8239592165010823,0.406008819940809,0.5941261547656673,1.2395308380245946,0.6338147819239095,0.6160308706378564,0.27465307216702745,0.4518012090523637,0.40235947810852507,2.244476584670299,2.244047606573921
VV,0.9591581091193483,0.0,0.9591581091193483,0.716703787691222,0.5493061443340549,0.9382613466654222,0.0,1.0750556815368328,2.3019858420456756,0.648636716351771,0.29706307738283366,2.218070977791825,1.7908995167731467,0.5941261547656673,1.297273432703542,2.0402624173384694,0.0,0.358351893845611,1.3732653608351373,0.8047189562170501,1.0986122886681098,1.3086395462961955,0.6516193076042964,1.4787139851945499,1.5813042316832728,0.40235947810852507,0.511685576220899,0.0,0.812017639881618,0.0,0.22590060452618185,1.4962204585192298,1.2824746787307684,1.6785266909588594,1.8483924814931874,2.4790616760491893,0.7193685818395111,0.812017639881618,0.716703787691222,0.42749155957692275,1.1775399822317394,0.9591581091193483,0.2763525069867779,0.8047189562170501,1.023371152441798,1.0750556815368328,0.8107958954397139,0.0,0.8239592165010823,0.812017639881618,1.355403627157091,0.648636716351771,0.40235947810852507,1.3732653608351373,0.891189232148501,0.0,1.8072048362094548,0.8012636810465341,0.945866526695881,1.1090354888959124,0.0,1.2070784343255752,1.5045491302684268,0.0
VW,0.0,0.0,0.0,0.8047189562170501,0.0,0.0,0.8047189562170501,0.0,0.0,0.9241962407465937,0.6931471805599453,0.6931471805599453,1.0986122886681098,0.716703787691222,0.5493061443340549,0.0,0.0,0.0,0.0,0.6931471805599453,0.0,0.0,0.5493061443340549,0.6931471805599453,0.0,0.0,0.6931471805599453,2.0794415416798357,0.6931471805599453,0.46209812037329684,0.0,0.5493061443340549,0.0,0.0,0.6931471805599453,0.0,0.0,0.5493061443340549,1.3862943611198906,0.5493061443340549,0.0,0.0,0.9241962407465937,0.9241962407465937,0.5493061443340549,0.0,0.0,1.8072048362094548,0.8047189562170501,1.6094379124341003,1.6215917908794277,1.0986122886681098,0.0,0.5493061443340549,0.6931471805599453,1.0986122886681098,0.46209812037329684,0.0,0.716703787691222,0.6931471805599453,1.9459101490553132,0.5493061443340549,1.2070784343255752,0.5493061443340549
VY,0.0,0.358351893845611,0.0,0.0,0.0,0.8551347861624953,1.7993793761572692,0.5493061443340549,1.0150220498520226,0.0,0.2030044099704045,0.6931471805599453,0.9729550745276566,0.8047189562170501,0.0,0.0,0.0,0.3271598865740489,1.4962204585192298,0.8047189562170501,1.297273432703542,0.0,1.1090354888959124,0.27465307216702745,0.18483924814931874,1.2792139405522478,1.0750556815368328,1.782378464297002,0.0,0.6931471805599453,0.0,0.12676295638478188,0.47957905455967414,0.5493061443340549,0.0,1.0986122886681098,0.6908812674669447,0.0,0.0,0.0,1.0750556815368328,0.0,0.0,0.49073982986107334,0.0,0.0,0.5545177444479562,1.3862943611198906,0.0,1.2792139405522478,0.0,0.6931471805599453,0.5493061443340549,0.8239592165010823,0.0,0.0,0.6931471805599453,0.0,0.8549831191538455,0.5493061443340549,0.0,0.5493061443340549,0.3044522437723423,0.0
WA,0.0,0.0,0.0,0.0,0.0,0.0,0.0,0.0,0.0,0.0,3.2188758248682006,0.0,0.0,0.0,0.0,0.0,0.0,0.0,0.0,0.0,0.0,4.689134459944884,0.0,3.258096538021482,0.0,0.0,0.0,0.6931471805599453,0.0,0.5493061443340549,0.0,3.912023005428146,0.0,0.0,0.0,0.0,0.0,1.2070784343255752,0.0,3.0423109532347654,0.9241962407465937,1.3862943611198906,4.7535901911063645,0.0,0.0,0.0,0.0,0.6931471805599453,0.0,0.0,0.0,0.0,0.0,1.3862943611198906,0.1770758340035135,0.0,0.0,2.9155479968499836,0.0,0.6931471805599453,0.0,0.46209812037329684,3.091042453358316,3.258096538021482
WC,0.0,0.0,0.0,0.0,0.0,0.0,0.0,0.0,0.0,0.6931471805599453,0.0,0.0,0.0,0.0,0.0,0.0,0.0,0.0,0.0,0.0,0.6931471805599453,0.0,0.0,0.0,0.0,0.0,0.0,0.0,0.0,0.0,0.0,0.0,0.0,0.0,0.0,0.0,0.0,0.6931471805599453,0.0,0.0,0.0,0.0,0.0,0.0,0.0,0.0,0.0,0.0,0.0,0.0,0.0,0.0,0.0,0.0,0.0,0.0,0.0,0.0,0.0,0.0,0.0,0.0,0.0,0.0
WD,0.0,0.0,0.0,0.0,0.0,0.0,0.0,0.0,0.0,0.0,0.0,0.0,0.0,0.0,0.0,0.0,0.0,0.0,0.0,0.0,0.0,0.0,0.0,0.0,0.0,0.0,0.0,0.0,0.0,0.0,0.0,0.0,0.0,0.0,0.0,0.0,0.0,0.0,0.0,0.0,0.0,0.0,0.0,0.42749155957692275,0.9241962407465937,0.0,0.0,0.0,0.0,0.0,1.0986122886681098,0.0,0.0,0.0,0.0,0.0,0.0,0.0,0.0,0.0,0.0,0.0,0.0,0.0
WE,0.0,0.0,2.7079638646763735,0.0,0.6931471805599453,3.068051272178675,0.0,0.0,1.3732653608351373,0.5493061443340549,0.36967849629863747,0.0,0.0,0.9241962407465937,0.0,1.791759469228055,0.0,2.6729901460590533,0.46209812037329684,1.791759469228055,0.0,3.288831738993356,3.0863880628960385,0.0,3.4273248352465413,1.1882523095313346,1.030196161345544,0.0,0.0,0.0,0.0,1.4777374754954293,3.25164746247951,1.6215917908794277,0.8047189562170501,0.0,0.39097158456257786,1.6479184330021646,0.0,2.1492572089677497,1.3862943611198906,1.2070784343255752,2.8620850602991688,2.1492572089677497,0.0,0.0,1.8872763037076763,0.0,0.0,2.780859035879416,0.0,1.0986122886681098,0.0,1.3732653608351373,0.44157749333690227,0.0,0.0,1.8267643999379914,0.0,0.0,1.791759469228055,0.3009098260536853,0.0,2.2945830872123776
WF,0.0,0.0,0.5493061443340549,1.782378464297002,0.0,0.0,0.0,0.0,0.5493061443340549,0.6931471805599453,0.0,0.0,0.0,1.782378464297002,0.0,1.791759469228055,0.0,0.0,0.0,0.6931471805599453,0.6931471805599453,0.0,0.5493061443340549,0.0,0.6931471805599453,0.0,0.8047189562170501,0.5493061443340549,1.6215917908794277,0.5493061443340549,0.0,0.6931471805599453,0.6931471805599453,0.0,0.0,1.6094379124341003,0.0,0.6931471805599453,0.5493061443340549,0.5493061443340549,0.716703787691222,0.0,0.0,0.46209812037329684,0.5493061443340549,1.0986122886681098,0.0,0.5493061443340549,1.6094379124341003,0.0,0.9241962407465937,0.0,0.716703787691222,0.6931471805599453,0.9241962407465937,1.6215917908794277,0.5493061443340549,0.0,0.0,0.9241962407465937,1.3862943611198906,0.6931471805599453,1.0750556815368328,0.0
WG,2.4849066497880004,2.1277537294374507,0.42749155957692275,0.0,2.351203577673075,0.15767011966073635,0.0,1.0750556815368328,0.6931471805599453,0.358351893845611,0.17002186811153908,0.648636716351771,0.0,0.0,0.5493061443340549,0.0,0.0,0.3153402393214727,0.29706307738283366,0.0,0.6931471805599453,1.2273548491640598,0.0,0.716703787691222,0.0,0.0,0.46209812037329684,0.0,0.9241962407465937,0.0,1.1882523095313346,0.3868643144431728,0.1934321572215864,1.0750556815368328,0.0,0.0,0.8239592165010823,0.0,0.2558427881104495,0.0,1.023371152441798,0.5941261547656673,0.5493061443340549,2.523135709220445,0.716703787691222,0.5493061443340549,0.9850762207768854,2.1628890679454185,0.6931471805599453,0.0,0.6931471805599453,0.5493061443340549,0.0,0.40235947810852507,0.0,0.6931471805599453,0.716703787691222,0.23978952727983707,1.7278097460167723,0.7193685818395111,0.0,0.23978952727983707,2.364666316739703,0.358351893845611
WH,0.0,0.6931471805599453,0.0,0.0,0.0,0.5493061443340549,0.6931471805599453,0.0,1.297273432703542,0.0,0.0,0.0,0.0,0.0,0.8047189562170501,0.0,0.0,0.0,0.0,0.0,0.6931471805599453,0.0,0.0,0.0,0.0,0.0,0.5493061443340549,0.0,0.0,0.0,0.0,0.0,1.6215917908794277,0.0,1.297273432703542,0.0,0.0,0.0,0.0,0.0,1.3862943611198906,1.0986122886681098,0.0,0.6931471805599453,0.0,0.6931471805599453,0.0,0.0,0.0,0.0,0.0,0.8047189562170501,0.0,0.0,0.0,0.6931471805599453,0.0,0.0,1.3862943611198906,0.0,0.9241962407465937,0.0,0.0,0.0
WI,0.9241962407465937,1.2070784343255752,0.354151668007027,0.6931471805599453,1.2070784343255752,0.4518012090523637,0.0,1.1882523095313346,0.0,1.0986122886681098,0.9976572505229112,1.2070784343255752,0.0,0.9241962407465937,0.5493061443340549,0.0,1.0986122886681098,0.5545177444479562,1.5350567286626973,0.0,1.0986122886681098,0.6021107994813999,0.5941261547656673,0.0,0.0,0.8047189562170501,0.0,0.0,0.0,0.0,0.46209812037329684,0.2763525069867779,0.3868643144431728,0.0,0.0,0.0,0.0,0.8047189562170501,0.648636716351771,0.42756739308124764,0.8047189562170501,0.9241962407465937,0.5190903395141344,0.945866526695881,1.9459101490553132,0.46209812037329684,0.354151668007027,1.3601749448923126,0.6931471805599453,1.791759469228055,1.9459101490553132,0.0,1.3862943611198906,0.0,0.0,0.5493061443340549,0.0,0.14719249777896742,1.433407575382444,0.0,1.791759469228055,0.5312275020105406,0.5312275020105406,0.0
WK,0.0,0.0,0.716703787691222,1.0986122886681098,0.0,1.9135024711265767,0.0,0.0,0.0,0.0,0.891189232148501,0.0,1.6094379124341003,1.6215917908794277,0.0,1.3862943611198906,0.0,0.0,0.0,0.0,0.0,3.141561530194056,0.0,0.0,0.0,1.3862943611198906,0.23978952727983707,0.0,0.0,0.0,0.0,0.0,0.648636716351771,0.0,0.0,0.0,0.5493061443340549,1.782378464297002,0.0,0.0,1.433407575382444,1.6094379124341003,3.233909007235571,0.0,0.0,0.0,0.0,0.0,0.0,2.5649493574615367,0.0,1.0986122886681098,0.0,1.791759469228055,0.9591581091193483,0.0,0.0,0.49073982986107334,0.0,0.0,0.0,0.7675283643313486,0.0,0.0
WL,0.0,0.0,0.0,0.0,0.5493061443340549,1.9459101490553132,0.0,0.0,2.351203577673075,0.0,0.6931471805599453,1.791759469228055,0.0,0.0,0.0,1.6215917908794277,0.0,0.6931471805599453,2.321185886659037,0.0,0.0,0.0,1.6479184330021646,0.0,0.0,0.6931471805599453,0.0,0.0,0.0,0.0,0.0,0.0,0.0,1.9459101490553132,1.9459101490553132,0.0,1.0986122886681098,0.0,0.6931471805599453,0.0,0.0,0.6931471805599453,0.0,0.358351893845611,0.0,1.791759469228055,1.2070784343255752,0.6931471805599453,0.0,1.791759469228055,0.0,0.0,1.791759469228055,0.0,0.0,0.0,0.0,1.0986122886681098,0.0,0.9241962407465937,1.6215917908794277,0.0,0.6931471805599453,0.46209812037329684
WM,0.0,0.0,0.0,0.0,0.0,2.3019858420456756,0.0,0.0,0.0,0.0,0.0,0.0,0.6931471805599453,0.6931471805599453,0.0,0.6931471805599453,0.0,0.0,0.0,0.0,0.0,4.718498871295094,0.0,0.0,0.0,1.3862943611198906,0.0,0.0,0.0,0.0,0.0,0.0,0.0,0.0,0.0,0.0,0.0,1.9459101490553132,0.0,0.0,1.0986122886681098,1.3862943611198906,4.543294782270004,0.0,0.0,0.0,0.0,0.0,0.0,1.0986122886681098,0.0,0.0,0.0,1.6215917908794277,0.7675283643313486,0.0,0.0,0.0,0.0,0.0,0.0,0.47957905455967414,0.0,0.0
WN,0.9729550745276566,0.0,0.6931471805599453,0.0,0.0,1.0750556815368328,0.46209812037329684,0.5493061443340549,1.0986122886681098,0.0,2.5649493574615367,0.5493061443340549,0.6931471805599453,0.0,0.0,0.0,0.0,0.0,0.0,0.6931471805599453,0.5493061443340549,0.6931471805599453,0.5493061443340549,0.0,0.5493061443340549,0.0,0.46209812037329684,0.8047189562170501,0.5493061443340549,0.0,0.0,0.5493061443340549,1.0986122886681098,0.8047189562170501,2.436052919644854,0.0,0.0,0.0,0.6931471805599453,0.0,2.720349889784625,0.6931471805599453,0.358351893845611,0.5493061443340549,0.5493061443340549,0.0,0.9241962407465937,1.0986122886681098,0.0,0.5493061443340549,0.5493061443340549,0.0,0.0,0.0,0.0,0.6931471805599453,0.5493061443340549,0.0,0.5493061443340549,0.5493061443340549,0.0,1.0986122886681098,0.8047189562170501,0.0
WP,0.0,0.0,0.7193685818395111,1.3862943611198906,0.0,2.4790616760491893,0.0,0.0,0.0,0.6931471805599453,0.0,0.0,1.297273432703542,1.6215917908794277,0.0,1.433407575382444,0.0,0.0,0.0,0.0,0.0,4.11271746769478,2.0794415416798357,0.9729550745276566,1.2938747370452313,0.9241962407465937,0.0,1.6094379124341003,0.0,0.0,0.0,0.0,1.2395308380245946,0.0,0.0,0.0,0.0,2.1581057455185335,0.8047189562170501,0.0,0.0,0.0,0.0,0.0,0.0,0.0,0.0,1.6094379124341003,1.2070784343255752,2.4790616760491893,1.2070784343255752,1.6094379124341003,0.0,1.297273432703542,0.6777018135785455,0.0,0.0,0.891189232148501,0.0,0.0,1.6215917908794277,0.5545177444479562,0.0,0.0
WQ,0.0,0.0,0.0,0.0,0.0,2.961959564600181,0.0,0.0,0.0,0.0,0.0,0.0,0.0,0.0,0.0,0.0,0.0,3.0423109532347654,0.0,0.0,0.0,0.0,2.8862535685598347,0.0,2.6831503763610787,0.0,0.0,0.0,0.0,0.0,0.0,2.4577664262476278,0.3243183581758855,0.0,0.0,0.0,3.0423109532347654,0.0,0.0,2.9974488149797636,0.0,0.0,0.24682996371668176,2.024599857071647,0.0,0.0,0.9814796597221467,2.42288189412707,0.0,0.0,0.0,0.0,0.0,0.0,0.0,0.0,0.0,2.6823965207235005,0.0,0.5941261547656673,0.0,0.0,2.348996309387612,2.697501371663089
WR,1.791759469228055,1.3862943611198906,0.3868643144431728,1.6094379124341003,0.9241962407465937,2.210284285450008,0.46209812037329684,0.8239592165010823,0.716703787691222,1.3862943611198906,1.1989476363991853,0.648636716351771,0.6931471805599453,2.302585092994046,0.6931471805599453,0.0,0.6931471805599453,0.9729550745276566,1.2070784343255752,0.5493061443340549,0.6931471805599453,2.0554369320866557,0.511685576220899,0.0,0.22590060452618185,1.3862943611198906,0.3243183581758855,1.3862943611198906,0.0,0.0,1.782378464297002,0.22590060452618185,1.023371152441798,0.8047189562170501,0.891189232148501,1.3862943611198906,0.0,2.1972245773362196,0.0,1.3862943611198906,1.9343215722158644,1.791759469228055,2.7180773055310725,1.023371152441798,1.1882523095313346,0.46209812037329684,1.297273432703542,1.0986122886681098,1.2070784343255752,2.321185886659037,1.6094379124341003,1.0986122886681098,1.0750556815368328,1.3862943611198906,1.6215917908794277,0.9241962407465937,1.0750556815368328,1.6094379124341003,2.046742304883596,0.0,0.5493061443340549,0.3243183581758855,0.5493061443340549,0.6931471805599453
WS,1.0986122886681098,0.0,0.9241962407465937,0.0,0.0,0.6931471805599453,0.0,0.0,1.1295030226309093,0.8047189562170501,0.0,0.0,0.0,0.0,0.0,0.0,0.0,0.0,0.46209812037329684,0.0,0.6931471805599453,0.0,0.0,0.0,0.0,0.0,0.0,0.0,0.0,0.0,0.0,0.0,1.6094379124341003,0.0,0.716703787691222,0.0,0.0,0.0,0.8047189562170501,0.0,0.0,0.0,0.0,0.0,0.0,0.0,0.0,0.0,0.0,0.0,0.0,0.0,0.0,0.0,0.0,0.0,0.0,0.0,0.0,0.0,0.0,0.0,0.0,0.0
WT,0.0,0.0,0.13817625349338894,0.8047189562170501,0.0,0.0928393016676077,0.0,0.0,0.2558427881104495,0.5493061443340549,2.0087726617617694,0.29706307738283366,0.0,0.648636716351771,0.0,0.0,0.0,0.0,0.0,0.0,0.0,2.397303667624053,0.0,2.1121058421869363,0.0,0.0,0.0,0.29706307738283366,0.6931471805599453,0.0,0.0,1.4614902435570225,0.0,0.3243183581758855,0.0,0.0,0.0,0.0,0.6931471805599453,0.12026056535665978,0.9241962407465937,1.2070784343255752,4.084736879539979,0.0,0.9241962407465937,0.0,0.0,0.29706307738283366,0.716703787691222,0.0,1.0986122886681098,0.0,0.0,0.0,0.0,1.0986122886681098,0.0,0.0,0.0,0.0,0.9241962407465937,0.0,0.0,0.0
WV,3.1354942159291497,3.0398775768545567,0.716703787691222,0.0,3.0847559988320254,0.6777018135785455,0.22590060452618185,0.716703787691222,0.9241962407465937,0.648636716351771,0.29706307738283366,0.9241962407465937,0.0,0.0,0.716703787691222,0.0,0.0,1.4722194895832201,0.0,0.6931471805599453,0.0,0.5493061443340549,0.16357994328702444,0.46209812037329684,0.0,0.0,0.0,0.648636716351771,0.0,1.0986122886681098,0.4518012090523637,3.0493493766626223,0.40235947810852507,0.891189232148501,0.46209812037329684,0.6931471805599453,0.0,0.716703787691222,0.29706307738283366,2.961959564600181,0.0,0.0,0.42749155957692275,0.619802936248067,0.0,0.40235947810852507,0.6705991301808751,1.4753180863979252,0.0,0.3243183581758855,1.4853153869141684,0.0,0.46209812037329684,0.40235947810852507,0.0,1.0986122886681098,1.6094379124341003,1.8527920366854067,0.589878836712387,0.648636716351771,1.3732653608351373,0.358351893845611,2.6375085175813764,3.1690739096195473
WW,0.0,0.0,0.0,0.0,0.0,2.9506361727958503,0.0,0.6931471805599453,0.0,0.0,0.0,0.0,0.0,0.0,0.0,0.0,0.0,2.9506361727958503,0.0,0.0,0.0,0.0,3.1354942159291497,0.0,0.0,0.0,0.0,0.0,0.0,0.0,0.0,0.134119826036175,0.0,0.0,0.0,0.0,0.0,0.0,0.0,0.0,0.0,0.0,0.0,0.0,0.0,0.0,0.0,0.0,0.0,0.6931471805599453,0.0,0.0,0.0,0.0,0.0,0.0,0.0,0.0,0.0,0.0,0.0,0.0,0.0,0.5493061443340549
WY,2.2330485096744495,2.351203577673075,0.0,0.0,2.321185886659037,0.5941261547656673,0.358351893845611,0.0,0.6931471805599453,0.0,0.0,0.8047189562170501,0.0,0.6931471805599453,0.0,1.0986122886681098,0.0,0.0,0.0,0.6931471805599453,0.0,0.0,0.27465307216702745,0.0,0.0,0.0,0.41452876048016685,0.0,0.0,0.0,0.0,0.9976572505229112,0.0,0.5493061443340549,0.0,0.9241962407465937,0.0,0.0,0.6931471805599453,1.030347484452772,0.8047189562170501,0.0,0.0,0.589878836712387,0.5493061443340549,0.648636716351771,0.45667836565851344,1.0201312086692347,0.0,0.46209812037329684,0.8047189562170501,0.0,0.0,0.46209812037329684,0.2558427881104495,0.0,0.0,0.0,0.5364793041447,1.3862943611198906,0.5493061443340549,0.0,0.8290575209603337,1.2395308380245946
YA,2.9155479968499836,2.033231729642506,0.8501093405576955,0.0,2.4849066497880004,2.979485723019716,0.7675283643313486,1.354025100551105,0.812017639881618,0.648636716351771,0.8501093405576955,1.354025100551105,1.433407575382444,0.9729550745276566,0.0,0.0,0.0,3.4806362472219536,1.1401797148833273,0.358351893845611,0.0,3.317011922948661,3.408062436225293,2.288114662369181,2.459252969409291,0.23978952727983707,1.023371152441798,0.29706307738283366,0.5941261547656673,1.6215917908794277,0.8047189562170501,3.0447713407437966,1.702671380423399,0.8549831191538455,1.6785266909588594,1.3732653608351373,2.7281367128247926,0.0,0.22590060452618185,2.3209825416901926,1.1090354888959124,0.9591581091193483,1.1179793234837827,0.5070518255391275,0.0,0.9241962407465937,2.297184837893457,1.023371152441798,0.358351893845611,0.812017639881618,0.9241962407465937,0.9241962407465937,1.4387371636790223,0.46209812037329684,2.5713524440127005,0.40235947810852507,1.2070784343255752,2.9378128315095022,1.1882523095313346,0.46209812037329684,0.0,2.553839622078879,2.7281367128247926,2.564625836084481
YC,1.3862943611198906,1.3862943611198906,0.0,0.0,1.3862943611198906,0.0,0.0,0.5493061443340549,0.0,0.0,0.0,0.29706307738283366,0.0,0.0,0.0,0.0,0.0,0.0,0.0,0.0,0.0,0.0,0.0,0.0,0.0,0.0,0.0,0.0,0.0,0.0,0.0,0.5493061443340549,0.0,0.0,0.0,0.0,0.0,0.0,0.0,0.0,0.0,0.0,0.0,1.0750556815368328,0.0,0.0,0.9729550745276566,0.9729550745276566,0.0,0.0,0.6931471805599453,0.0,0.0,0.0,0.0,0.0,0.0,0.0,0.7675283643313486,1.3862943611198906,0.0,0.0,1.1882523095313346,0.0
YD,1.355403627157091,1.3862943611198906,0.9591581091193483,0.0,0.0,0.406008819940809,1.6785266909588594,1.3732653608351373,0.9460207179644181,1.782378464297002,1.5350567286626973,1.0750556815368328,1.2070784343255752,0.0,1.0986122886681098,1.5813042316832728,0.0,0.9729550745276566,0.9729550745276566,0.6931471805599453,1.770758340035135,0.5551653643690984,0.8239592165010823,0.22590060452618185,1.5350567286626973,0.716703787691222,0.0,0.0,0.46209812037329684,0.648636716351771,0.5941261547656673,0.354151668007027,1.0986122886681098,1.2792139405522478,1.4722194895832201,1.1882523095313346,1.6094379124341003,0.47957905455967414,0.358351893845611,0.716703787691222,0.812017639881618,0.511685576220899,0.4864775372638283,1.4190310769466272,0.9729550745276566,0.5493061443340549,0.8239592165010823,1.791759469228055,1.0750556815368328,1.0750556815368328,0.648636716351771,0.0,0.0,0.0,0.0,1.2070784343255752,1.3732653608351373,1.4962204585192298,1.1989476363991853,0.9241962407465937,0.0,0.40235947810852507,2.1265392627313178,0.8047189562170501
YE,0.0,0.0,0.1934321572215864,0.0,0.0,0.22590060452618185,0.8047189562170501,0.0,0.5941261547656673,0.6931471805599453,1.1036908376251544,0.0,0.0,0.46209812037329684,1.3862943611198906,0.0,0.6931471805599453,0.0,0.46209812037329684,0.0,1.3862943611198906,4.770684624465665,0.0,1.6215917908794277,0.4518012090523637,0.0,0.6931471805599453,0.0,0.0,0.0,1.297273432703542,0.0,0.2030044099704045,0.9241962407465937,1.4387371636790223,1.3862943611198906,0.0,1.0750556815368328,0.0,1.3862943611198906,1.6479184330021646,1.9459101490553132,4.635930860743517,4.030574524347326,1.0750556815368328,0.0,3.6081808137360163,3.2493755583662693,0.0,0.0,1.791759469228055,0.46209812037329684,0.0,0.9241962407465937,0.0,0.6931471805599453,0.9729550745276566,0.0,3.978712866619279,2.033105440735637,0.0,0.0,3.2493755583662693,0.6931471805599453
YF,1.3862943611198906,1.6094379124341003,0.0,0.0,0.6931471805599453,2.833213344056216,2.302585092994046,0.5493061443340549,0.6931471805599453,0.6931471805599453,0.23978952727983707,0.8047189562170501,1.2070784343255752,1.9459101490553132,0.0,1.6215917908794277,0.9241962407465937,1.433407575382444,0.0,0.6931471805599453,1.3862943611198906,3.5157931531632647,0.42749155957692275,0.0,0.0,1.3862943611198906,2.1972245773362196,1.0986122886681098,0.0,0.5493061443340549,0.5493061443340549,0.22590060452618185,0.406008819940809,0.9241962407465937,1.433407575382444,1.2070784343255752,1.6094379124341003,2.046742304883596,0.9241962407465937,0.6931471805599453,2.033105440735637,1.6094379124341003,3.2612400546059663,1.0750556815368328,0.0,0.9241962407465937,0.0,2.0794415416798357,0.0,2.70805020110221,1.2070784343255752,1.0986122886681098,0.0,1.9459101490553132,1.433407575382444,0.9241962407465937,0.40235947810852507,1.3862943611198906,0.8047189562170501,1.0986122886681098,1.3862943611198906,0.9036024181047274,1.3732653608351373,0.6931471805599453
YG,1.2070784343255752,0.358351893845611,1.2070784343255752,0.0,0.40235947810852507,1.782378464297002,2.137457797884614,0.0,1.2938747370452313,0.46209812037329684,0.46209812037329684,1.023371152441798,1.0986122886681098,0.0,0.0,0.0,0.0,1.3862943611198906,1.2792139405522478,0.3243183581758855,1.433407575382444,0.0,1.218026459822427,0.5493061443340549,0.40235947810852507,1.709966238307691,1.0750556815368328,1.4962204585192298,0.0,0.9241962407465937,0.0,0.0,1.1882523095313346,0.40235947810852507,0.891189232148501,0.0,1.7908995167731467,0.0,0.9241962407465937,0.0,0.2558427881104495,0.0,0.0,2.033231729642506,0.9729550745276566,0.6931471805599453,1.4853153869141684,1.2824746787307684,0.0,1.5813042316832728,0.9729550745276566,0.6931471805599453,0.0,0.5941261547656673,0.5493061443340549,0.6931471805599453,1.297273432703542,0.0,1.297273432703542,0.0,0.5941261547656673,0.5493061443340549,0.5493061443340549,0.0
YH,0.9729550745276566,0.0,0.0,0.0,0.6931471805599453,0.0,0.5493061443340549,0.0,0.0,0.0,0.5493061443340549,0.0,0.6931471805599453,0.0,0.0,0.0,0.0,0.6931471805599453,0.0,1.0986122886681098,0.0,0.0,0.0,0.0,0.0,0.0,0.5493061443340549,0.0,0.0,0.0,0.0,0.0,0.0,0.0,0.5493061443340549,0.0,0.0,0.8047189562170501,0.0,0.0,0.5493061443340549,0.0,0.6931471805599453,0.5493061443340549,0.0,0.0,0.9241962407465937,0.0,0.0,0.5493061443340549,0.0,0.0,0.0,0.0,0.0,0.0,0.0,0.8047189562170501,0.0,0.0,0.0,0.0,0.0,0.0
YI,1.7962912954140562,2.3019858420456756,1.355403627157091,0.0,2.772588722239781,1.5767011966073636,2.6390573296152584,1.4853153869141684,1.218026459822427,1.023371152441798,1.9343215722158644,0.47957905455967414,0.5493061443340549,0.5493061443340549,1.0750556815368328,2.218070977791825,1.0986122886681098,2.4141568686511503,0.6090132299112135,1.5813042316832728,0.716703787691222,2.7400701939510808,1.782378464297002,0.0,2.453699149305367,1.922571505169192,0.0,2.033105440735637,0.0,1.9459101490553132,0.511685576220899,0.3243183581758855,1.9789395845202251,1.5350567286626973,0.9729550745276566,1.354025100551105,1.0150220498520226,0.648636716351771,1.023371152441798,0.9036024181047274,0.891189232148501,0.406008819940809,2.9974488149797636,3.0739386679679113,1.8270396897336403,0.7675283643313486,1.8765226933308443,2.457828486301612,1.1882523095313346,1.4210308697928313,1.4387371636790223,1.0986122886681098,0.0,0.358351893845611,1.2070784343255752,0.0,0.6777018135785455,1.0624550040210812,3.073904927470478,0.4518012090523637,2.033105440735637,0.0,2.5946646881089523,1.3862943611198906
YK,0.0,0.40235947810852507,1.5813042316832728,0.0,0.40235947810852507,1.2070784343255752,0.7193685818395111,0.5493061443340549,1.3862943611198906,0.0,1.709966238307691,1.782378464297002,0.0,1.0986122886681098,1.0986122886681098,0.9241962407465937,0.5493061443340549,0.9729550745276566,1.0750556815368328,0.0,0.9729550745276566,0.0,0.5493061443340549,0.0,1.297273432703542,0.29706307738283366,0.8047189562170501,0.0,0.0,0.46209812037329684,1.6094379124341003,0.0,2.033105440735637,1.297273432703542,1.3732653608351373,1.9459101490553132,0.29706307738283366,0.0,0.0,0.5493061443340549,2.453699149305367,0.40235947810852507,1.416606672028108,0.8848182550685804,0.9241962407465937,0.46209812037329684,1.2613609572858908,0.5887699911158697,0.0,0.3243183581758855,0.0,0.0,0.9729550745276566,0.29706307738283366,0.0,0.6931471805599453,2.2330485096744495,0.6931471805599453,0.47957905455967414,0.716703787691222,0.0,1.0986122886681098,0.5527050139735558,0.0
YL,0.0,0.648636716351771,0.358351893845611,0.0,0.5493061443340549,0.5941261547656673,0.7359624888948371,0.5493061443340549,1.2178089750893693,0.0,0.511685576220899,1.1450596030091713,0.0,1.0986122886681098,0.0,0.8047189562170501,0.6931471805599453,1.0201312086692347,1.140866607463037,0.0,1.5350567286626973,0.0,0.0,0.21374577978846138,0.1770758340035135,0.0,0.0,0.0,0.0,0.9241962407465937,0.27465307216702745,0.22590060452618185,0.511685576220899,0.5802964716647593,0.0,1.297273432703542,0.23978952727983707,0.46209812037329684,0.0,0.0,0.6777018135785455,0.40235947810852507,0.46209812037329684,0.48104226142663914,0.8047189562170501,1.2824746787307684,0.11728266833317777,0.5941261547656673,0.0,0.3243183581758855,0.5493061443340549,0.8047189562170501,1.709966238307691,0.46209812037329684,0.16357994328702444,0.5493061443340549,0.46209812037329684,0.0,0.6543197731480977,0.0,0.40235947810852507,0.23978952727983707,0.7393569925972749,0.0
YM,0.0,0.0,0.0,0.0,0.0,1.3411982603617503,0.6931471805599453,0.6931471805599453,0.0,0.0,0.0,0.0,1.0986122886681098,1.791759469228055,0.0,1.3862943611198906,0.0,0.46209812037329684,0.0,0.6931471805599453,0.5493061443340549,4.213525412742841,0.0,0.0,0.0,1.3862943611198906,0.46209812037329684,0.0,0.0,0.0,0.6931471805599453,0.0,0.0,0.0,0.0,0.0,0.6931471805599453,1.782378464297002,0.0,0.0,0.9241962407465937,1.3862943611198906,4.339518540239034,0.358351893845611,0.0,0.0,0.0,0.6931471805599453,0.0,2.3978952727983707,0.0,1.0986122886681098,0.0,1.6215917908794277,0.891189232148501,0.0,0.0,0.7193685818395111,0.0,0.0,0.0,0.891189232148501,0.0,0.0
YN,0.9241962407465937,1.6479184330021646,0.36967849629863747,0.6931471805599453,0.648636716351771,2.215505645854608,1.5936825060316215,0.8047189562170501,0.40235947810852507,0.716703787691222,0.8012636810465341,0.6931471805599453,1.1882523095313346,1.4853153869141684,0.9241962407465937,0.9241962407465937,1.433407575382444,1.5350567286626973,0.0,0.0,1.922571505169192,3.0938150809184934,0.7193685818395111,0.511685576220899,0.0,1.9183162182386966,0.23978952727983707,0.8047189562170501,0.9241962407465937,0.8047189562170501,0.46209812037329684,0.0,0.0,0.8239592165010823,0.9241962407465937,0.0,0.8549831191538455,2.137457797884614,0.5493061443340549,1.1882523095313346,1.1295030226309093,0.0,0.4688897806259786,1.355403627157091,1.2070784343255752,0.0,1.218026459822427,1.6215917908794277,0.40235947810852507,2.5503280216730864,1.3862943611198906,1.433407575382444,0.0,1.6479184330021646,1.023371152441798,0.0,0.358351893845611,1.700218681115391,1.5813042316832728,0.9241962407465937,0.0,0.8239592165010823,1.0986122886681098,0.5493061443340549
YP,1.2792139405522478,1.6094379124341003,0.5100656043346173,0.6931471805599453,0.0,0.1934321572215864,0.5493061443340549,0.40235947810852507,1.4387371636790223,1.5350567286626973,0.7883505983036818,0.6931471805599453,0.0,0.9241962407465937,0.0,0.5493061443340549,1.0986122886681098,0.0,0.358351893845611,0.0,1.0986122886681098,0.4518012090523637,0.29706307738283366,0.6931471805599453,0.0,0.0,0.40235947810852507,0.358351893845611,0.0,1.0986122886681098,0.0,0.0,0.47957905455967414,0.0,1.6215917908794277,0.6931471805599453,0.0,0.8047189562170501,0.40235947810852507,0.23978952727983707,0.358351893845611,0.0,3.828812997378745,1.065582853203198,1.6215917908794277,0.0,0.648636716351771,0.8239592165010823,0.9241962407465937,0.2558427881104495,1.6215917908794277,0.0,1.0986122886681098,0.9241962407465937,0.0,0.0,0.5493061443340549,0.27465307216702745,0.812017639881618,0.6931471805599453,0.9241962407465937,0.0,0.2558427881104495,0.0
YQ,2.4849066497880004,2.402910225941144,0.0,0.716703787691222,2.2330485096744495,1.2320617412757129,0.9591581091193483,0.716703787691222,0.23978952727983707,0.648636716351771,0.0,0.40235947810852507,0.9241962407465937,0.358351893845611,0.0,0.0,1.0986122886681098,0.5527050139735558,0.47957905455967414,0.0,1.6479184330021646,3.4547882720956515,0.0,1.8063323984442,0.0,1.4962204585192298,0.4578649605980195,0.0,0.0,0.0,0.648636716351771,2.594471603571191,0.0,0.27465307216702745,0.0,0.0,0.5212954460834371,1.355403627157091,0.0,2.5970191275026977,1.354025100551105,1.433407575382444,1.6131416831259335,0.385638068013647,0.0,0.0,1.8267643999379914,0.354151668007027,0.0,0.3868643144431728,0.5493061443340549,0.0,0.0,0.3243183581758855,0.10926586129582751,0.0,1.0750556815368328,1.908794189207751,0.13817625349338894,0.0,0.0,0.0,0.4578649605980195,2.206672057727026
YR,2.351203577673075,2.4849066497880004,0.0,0.0,2.2330485096744495,1.1882523095313346,2.5503280216730864,1.6479184330021646,0.46209812037329684,1.9237120180961527,1.2070784343255752,1.4962204585192298,0.9241962407465937,0.6931471805599453,0.46209812037329684,1.0986122886681098,0.0,2.707926822847902,2.351203577673075,0.5493061443340549,2.3978952727983707,1.6215917908794277,0.46209812037329684,1.6215917908794277,2.436052919644854,2.8903717578961645,0.648636716351771,0.0,0.0,0.0,1.0986122886681098,0.8239592165010823,2.321185886659037,0.7193685818395111,0.47957905455967414,0.9241962407465937,2.218070977791825,1.9183162182386966,2.4356179501787385,0.8047189562170501,1.1295030226309093,0.9241962407465937,0.9591581091193483,1.218026459822427,0.0,0.7193685818395111,2.5649493574615367,0.7193685818395111,0.0,1.0986122886681098,0.0,0.0,0.648636716351771,0.716703787691222,0.0,0.0,0.716703787691222,2.436052919644854,1.354025100551105,1.297273432703542,0.0,0.0,2.1972245773362196,0.0
YS,3.802917381223986,3.952163478176329,1.297273432703542,0.0,3.6827498798965776,1.9343215722158644,2.8852040655950413,0.708303336014054,1.1295030226309093,1.6479184330021646,0.891189232148501,1.683647914993237,1.1882523095313346,0.0,0.40235947810852507,0.0,0.0,3.0083682293500282,1.9234693770633606,0.8047189562170501,2.060694968905544,0.9729550745276566,0.716703787691222,1.2824746787307684,3.3730189238166983,2.509657455168998,0.648636716351771,0.8047189562170501,0.7675283643313486,0.3243183581758855,1.530196813003852,0.7193685818395111,3.7683010421588685,1.709966238307691,0.8551347861624953,0.0,2.154970258541292,1.4387371636790223,3.754261891560654,0.5941261547656673,0.4518012090523637,1.3732653608351373,1.8267134626340538,0.5100656043346173,0.0,0.511685576220899,2.2833918282925674,0.6090132299112135,0.6931471805599453,1.7908995167731467,0.5493061443340549,0.716703787691222,0.0,0.0,0.9241962407465937,0.8047189562170501,0.3868643144431728,3.2416408795932887,0.812017639881618,0.6090132299112135,0.6931471805599453,1.2070784343255752,0.21374577978846138,1.0986122886681098
YT,1.9459101490553132,1.3862943611198906,1.1775399822317394,0.8047189562170501,1.4853153869141684,1.3700350969755404,1.0750556815368328,1.297273432703542,0.9241962407465937,0.46209812037329684,0.4936599274333635,1.922571505169192,0.9241962407465937,0.8047189562170501,1.0986122886681098,0.40235947810852507,1.6094379124341003,2.1581057455185335,1.2792139405522478,0.6931471805599453,1.297273432703542,0.36594106279410454,0.47957905455967414,0.0,0.0,0.891189232148501,0.7737286288863456,0.358351893845611,1.297273432703542,0.5493061443340549,0.358351893845611,0.0,0.6089044875446846,1.2070784343255752,0.3243183581758855,0.9241962407465937,0.8239592165010823,0.9729550745276566,0.358351893845611,0.0,0.8178997164351224,0.7675283643313486,0.5603964491378726,1.0729586082894,1.0750556815368328,0.29706307738283366,1.1901530767807735,0.9036024181047274,0.648636716351771,1.740889414994278,1.0986122886681098,1.0986122886681098,1.2070784343255752,0.716703787691222,0.511685576220899,0.0,1.3862943611198906,0.8853791700175675,1.2395308380245946,0.0,0.9241962407465937,0.648636716351771,0.708303336014054,0.0
YV,1.297273432703542,0.5493061443340549,0.9591581091193483,0.46209812037329684,1.0986122886681098,0.21371881967370676,1.0986122886681098,1.0986122886681098,0.9671607861079322,1.0750556815368328,0.1770758340035135,1.2824746787307684,1.433407575382444,0.0,1.0986122886681098,1.433407575382444,0.0,0.18483924814931874,0.36967849629863747,1.0750556815368328,0.648636716351771,0.0,0.12676295638478188,1.1036908376251544,0.40235947810852507,0.0,0.358351893845611,1.297273432703542,1.297273432703542,0.648636716351771,0.716703787691222,1.2613609572858908,0.47957905455967414,1.0986122886681098,0.7737286288863456,1.0986122886681098,0.3271598865740489,0.9591581091193483,0.40235947810852507,0.16357994328702444,1.5813042316832728,1.433407575382444,3.093898886419514,0.27465307216702745,0.5493061443340549,0.9241962407465937,1.0685940983685338,0.9241962407465937,1.0986122886681098,0.358351893845611,1.3862943611198906,0.9241962407465937,0.0,1.2792139405522478,0.0,0.6931471805599453,0.716703787691222,0.8204640625500077,1.3732653608351373,1.782378464297002,0.0,0.716703787691222,1.993805361664022,1.354025100551105
YW,2.5146180438806236,2.321185886659037,0.0,1.0986122886681098,2.5649493574615367,2.6078851591319396,0.40235947810852507,0.0,1.5813042316832728,0.0,0.0,0.0,0.0,0.0,1.297273432703542,0.0,0.0,2.6142265158010396,0.23978952727983707,0.0,0.3243183581758855,0.0,2.7471897635881173,0.0,3.2493755583662693,0.0,0.3868643144431728,0.0,0.0,0.0,0.0,2.135303938354977,1.7278097460167723,0.6931471805599453,1.6215917908794277,0.0,2.6223806710998603,0.0,0.0,2.9155479968499836,1.0986122886681098,0.9241962407465937,0.0,0.49073982986107334,0.0,0.0,0.891189232148501,1.9459101490553132,0.0,0.6931471805599453,0.0,1.0986122886681098,0.0,0.0,0.0,0.0,0.0,2.4682996371668176,1.1989476363991853,1.2070784343255752,1.0986122886681098,0.0,0.716703787691222,2.765993003203175
YY,2.033231729642506,2.351203577673075,0.358351893845611,0.0,2.218070977791825,0.23978952727983707,2.131165706406396,0.0,0.4518012090523637,0.0,0.7193685818395111,0.4518012090523637,0.0,0.0,0.0,1.1882523095313346,0.0,1.6479184330021646,0.0,0.0,0.511685576220899,0.08800441009112235,0.358351893845611,0.0,0.1934321572215864,1.641957356664489,1.1882523095313346,0.6931471805599453,0.0,0.0,0.0,0.0,1.5638863382503114,0.8239592165010823,0.891189232148501,1.0986122886681098,0.0,0.0,0.1934321572215864,0.0,1.354025100551105,0.29706307738283366,0.12026056535665978,1.0624550040210812,0.29706307738283366,0.0,0.36967849629863747,1.355403627157091,0.0,0.2558427881104495,1.0986122886681098,0.0,0.0,0.46209812037329684,0.3243183581758855,0.0,0.358351893845611,0.0,1.1989476363991853,1.0750556815368328,0.5493061443340549,0.46209812037329684,1.1036908376251544,0.0
